titre,auteur,prix,image_url,description,stock,note,nombre_avis,format,isbn,editeur,date_publication,pages,rang_vente,categorie,url,date_scraping
Tant mieux,Amélie Nothomb,"19,90€",https://m.media-amazon.com/images/I/81GxKHa6ICL._SY466_.jpg,« Tant mieux : la version joyeuse du sang-froid » Amélie Nothomb,En stock,"4,4 sur 5 étoiles",186 évaluations,"12,99 €",‏,,‏,‏,Non disponible,Romans et Littérature Française,https://www.amazon.fr/Tant-mieux-Am%C3%A9lie-Nothomb/dp/2226504397,2025-09-03T17:43:59.311026
Kolkhoze,Emmanuel Carrère,Prix non disponible,https://m.media-amazon.com/images/I/71E-nf8ZSdL._SY466_.jpg,"Cette nuit-là, rassemblés tous les trois autour de notre mère, nous avons pour la dernière fois fait kolkhoze.",Habituellement expédié sous 2 à 4 semaines,"5,0 sur 5 étoiles",2 évaluations,"16,99 €",‏,‏,‏,‏,Non disponible,Romans et Littérature Française,https://www.amazon.fr/Kolkhoze-Emmanuel-Carr%C3%A8re/dp/2818061989,2025-09-03T17:44:07.386234
La bonne mère,Mathilda Di Matteo,"20,90€",https://m.media-amazon.com/images/I/71z9hmYmD6L._SY425_.jpg,""" Certains disent qu'elle est vulgaire. Moi, je dirais qu'elle est solaire. Un soleil de canicule, du genre incendiaire. "" Huit cents kilomètres séparent Clara de sa mère, Véro, depuis qu'elle a quitté Marseille. Ce week-end, elle lui présente Raphaël. Un girafon, pense Véro en le voyant. Il l'agace avec son pedigree bourgeois, ses mots compliqués et sa bouche fermée comme une huître. Elle n'aurai...",En stock,"4,1 sur 5 étoiles",10 évaluations,"15,99 €",‏,‏,‏,‏,Non disponible,Romans et Littérature Française,https://www.amazon.fr/bonne-m%C3%A8re-Mathilda-Matteo/dp/2378805071,2025-09-03T17:44:16.203873
La Maison vide,Laurent Mauvignier,Prix non disponible,https://m.media-amazon.com/images/I/61L44WIYLZL._SY425_.jpg,"En 1976, mon père a rouvert la maison qu’il avait reçue de sa mère, restée fermée pendant vingt ans. À l’intérieur : un piano, une commode au marbre ébréché, une Légion d’honneur, des photographies sur lesquelles un visage a été découpé aux ciseaux. Une maison peuplée de récits, où se croisent deux guerres mondiales, la vie rurale de la première moitié du vingtième siècle, mais aussi Marguerite, m...",Habituellement expédié sous 1 à 4 semaines,"4,0 sur 5 étoiles",1 évaluation,"17,99 €",‏,‏,‏,‏,Non disponible,Romans et Littérature Française,https://www.amazon.fr/Maison-vide-Laurent-Mauvignier/dp/2707356743,2025-09-03T17:44:23.116785
Finistère,Anne Berest,"23,90€",https://m.media-amazon.com/images/I/71ijcIgL97L._SY466_.jpg,"Anne Berest, une fois encore, nous livre une magnifique reflexion sur la famille.",En stock,"3,7 sur 5 étoiles",15 évaluations,"12,99 €",‏,,‏,‏,Non disponible,Romans et Littérature Française,https://www.amazon.fr/Finist%C3%A8re-Anne-Berest/dp/2226487182,2025-09-03T17:44:34.219660
Bla Bla Coeur,Ena L,Prix non disponible,https://m.media-amazon.com/images/I/91mWbQRPZRL._SY522_.jpg,"Roxane, 25 ans, célibataire désespérée, mais pas suicidaire, a monté une opération secrète : détourner un BlaBlaCar pour y réunir 4 beaux gosses soigneusement sélectionnés sur photo. Direction : la Corse.Objectif : rencontrer l’amour avant les vacances.Casting : digne (des clichés) d’une romance. Un sportif, un biker, un businessman et un intello.Spoiler : elle n’était pas prête.",Format Kindle,"4,8 sur 5 étoiles",577 évaluations,"24,00 €",Non disponible,,‏,‏,Non disponible,Romans et Littérature Française,https://www.amazon.fr/Bla-Coeur-Ena-L-ebook/dp/B0FKB8Z6CT,2025-09-03T17:44:43.413107
J'ai perdu un bédouin dans Paris,Arthur Essebag,Prix non disponible,https://m.media-amazon.com/images/I/71u9ujCK1QL._SY466_.jpg,"Je m’appelle Arthur Essebag.Depuis toujours, je vous divertis à la télévision. Je ne vous ai jamais parlé d’autre chose, car j’ai toujours considéré que ce n’était pas mon rôle.Jusqu’à ce matin où l’impensable a surgi. Des milliers de terroristes. Des villages anéantis.En quelques heures : 1 200 vies sauvagement brisées. D’autres traînées dans des tunnels, en otages. Si le monde allait bien, il au...",Cet article paraîtra le 1 octobre 2025.,Diapositive précédente des détails du produit,0 avis,"15,99 €",‏,‏,‏,‏,Non disponible,Romans et Littérature Française,https://www.amazon.fr/Jai-perdu-b%C3%A9douin-dans-Paris/dp/2246844789,2025-09-03T17:44:49.993354
Le boyfriend,Freida McFadden,Prix non disponible,https://m.media-amazon.com/images/I/71HhV5PusPL._SY466_.jpg,"Comme beaucoup de femmes célibataires de New York, Sydney a beaucoup de mal à faire des rencontres. Elle a tout vu : des hommes qui mentent sur eux-mêmes, d'autres qui lui font payer l'addition du dîner et, pire encore, des hommes qui n'arrêtent pas de parler de leur mère ! Mais elle vient de décrocher le jackpot. Son nouveau petit ami est tout simplement parfait. Il est charmant, beau et travaill...",Cet article paraîtra le 8 octobre 2025.,Diapositive précédente des détails du produit,0 avis,"11,99 €",‏,‏,‏,‏,Non disponible,Romans et Littérature Française,https://www.amazon.fr/boyfriend-Freida-McFadden/dp/2824627158,2025-09-03T17:44:58.282505
Guide de survie en milieu scolaire - par Élodie POUX,Elodie Poux,Prix non disponible,https://m.media-amazon.com/images/I/71J3lfNqFNL._SY466_.jpg,""" Un enfant, c'est un mélange entre un chat, une alarme incendie et un tube de colle. """,En stock,Diapositive précédente des détails du produit,0 avis,"Broché – Illustré, 28 août 2025",‏,,‏,‏,Non disponible,Romans et Littérature Française,https://www.amazon.fr/Guide-survie-milieu-scolaire-%C3%89lodie/dp/2321020970,2025-09-03T17:45:07.045520
Le secret des secrets,Dan Brown,Prix non disponible,https://m.media-amazon.com/images/I/71YtCnXuTVL._SY466_.jpg,"L’éminent professeur de symbologie Robert Langdon se rend à Prague pour une conférence sur la noétique donnée par son amie de longue date, Katherine Solomon. La scientifique est sur le point de publier un ouvrage révolutionnaire sur la nature de la conscience humaine.Un meurtre sauvage va soudain précipiter leur séjour dans le chaos. Katherine disparaît, et son manuscrit est piraté sur le serveur ...",Cet article paraîtra le 9 septembre 2025.,Diapositive précédente des détails du produit,0 avis,"16,99 €",‏,,‏,‏,Non disponible,Romans et Littérature Française,https://www.amazon.fr/secret-secrets-Dan-Brown/dp/2709668386,2025-09-03T17:45:15.362371
La nuit au coeur,Nathacha Appanah,Prix non disponible,https://m.media-amazon.com/images/I/81yoSjdEGJL._SY466_.jpg,"""De ces nuits et de ces vies, de ces femmes qui courent, de ces coeurs qui luttent, de ces instants qui sont si accablants qu'ils ne rentrent pas dans la mesure du temps, il a fallu faire quelque chose. Il y a l'impossibilité de la vérité entière à chaque page mais la quête désespérée d'une justesse au plus près de la vie, de la nuit, du coeur, du corps, de l'esprit. De ces trois femmes, il a fall...",En stock,"4,3 sur 5 étoiles",15 évaluations,"14,99 €",‏,,‏,‏,Non disponible,Romans et Littérature Française,https://www.amazon.fr/nuit-au-coeur-Nathacha-Appanah/dp/2073080022,2025-09-03T17:45:24.717947
"La philosophie, c'est pour vous aussi !: Par Le Précepteur",Charles Robin,Prix non disponible,https://m.media-amazon.com/images/I/81TfgQll4CL._SY466_.jpg,"Comprendre la philosophie de Rousseau grâce à Netflix, le stoïcisme grâce à la crise Covid, ou le concept freudien de sublimation grâce à Rocco Siffredi... Ça vous paraît impossible ? Détrompez-vous !",En stock,"4,7 sur 5 étoiles",19 évaluations,"Broché – Grand livre, 27 août 2025",‏,,‏,‏,Non disponible,Romans et Littérature Française,https://www.amazon.fr/philosophie-cest-pour-vous-aussi/dp/2036070329,2025-09-03T17:45:32.763548
Les Fleurs du Mal,Charles Baudelaire,Prix non disponible,https://m.media-amazon.com/images/I/81iYflm45mL._SY522_.jpg,Pas de description,En stock,"4,4 sur 5 étoiles",4 984 évaluations,"0,00 €",‏,‏,‏,‏,Non disponible,Romans et Littérature Française,https://www.amazon.fr/Fleurs-du-Mal-Charles-Baudelaire/dp/2253007102,2025-09-03T17:45:40.648119
Les Liaisons dangereuses,Choderlos de Laclos,Prix non disponible,https://m.media-amazon.com/images/I/813VQxW4iEL._SY522_.jpg,"""J'espère qu'on me comptera pour quelque chose l'aventure de la petite Volanges, dont vous paraissez faire si peu de cas : comme si ce n'était rien, que d'enlever, en une soirée, une jeune fille à son Amant aimé, d'en user ensuite tant qu'on le veut et absolument comme de son bien, et sans plus d'embarras ; d'en obtenir ce qu'on n'ose pas même exiger de toutes les filles dont c'est le métier ; et ...",En stock,"4,5 sur 5 étoiles",2 870 évaluations,"0,00 €",‏,‏,‏,‏,Non disponible,Romans et Littérature Française,https://www.amazon.fr/Liaisons-dangereuses-Choderlos-Laclos/dp/2070338967,2025-09-03T17:45:46.898210
Le dernier jour d'un condamné,Victor Hugo,Prix non disponible,https://m.media-amazon.com/images/I/61R7ZfzR9EL._SY522_.jpg,LES GRANDS TEXTES DU XIXe SIÈCLE,En stock,"4,5 sur 5 étoiles",3 252 évaluations,"0,00 €",‏,‏,‏,‏,Non disponible,Romans et Littérature Française,https://www.amazon.fr/dernier-jour-dun-condamn%C3%A9/dp/2266296051,2025-09-03T17:45:55.524719
Alcools suivis de Calligrammes,Guillaume Apollinaire,Prix non disponible,https://m.media-amazon.com/images/I/617lF0O2G4L._SY522_.jpg,LES GRANDS TEXTES DU XXe SIÈCLE,En stock,"4,5 sur 5 étoiles",746 évaluations,"0,90 €",‏,‏,‏,‏,Non disponible,Romans et Littérature Française,https://www.amazon.fr/Alcools-suivis-Calligrammes-Guillaume-APOLLINAIRE/dp/2266289918,2025-09-03T17:46:02.838220
Orgueil et Préjugés,Jane Austen,Prix non disponible,https://m.media-amazon.com/images/I/8176FPe6UES._SY425_.jpg,"""Orgueil et Préjugés"" est un roman de la femme de lettres anglaise Jane Austen écrit en 1796 et publié anonymement en 1813. Il est considéré comme l'une de ses œuvres les plus significatives et est aussi la plus connue du grand public.""Orgueil et Préjugés"", c’est l’histoire de vice, de changement et d’amour, surtout d’amour. L’histoire se déroule pendant les guerres napoléoniennes, dans la campagn...",Format Kindle,"4,5 sur 5 étoiles",7 348 évaluations,"16,00 €",‏,,‏,‏,Non disponible,Romans et Littérature Française,https://www.amazon.fr/Orgueil-Pr%C3%A9jug%C3%A9s-Jane-Austen-ebook/dp/B07FMZGM87,2025-09-03T17:46:10.537018
Le Pumpkin Spice Café : Le livre cosy de votre hiver ! Dream Harbor #1,Laurie Gilmore,Prix non disponible,https://m.media-amazon.com/images/I/810a0wCF0BL._SY466_.jpg,N’attendez plus : le phénomène TikTok planétaire arrive enfin en France !,Format Kindle,"4,2 sur 5 étoiles",405 évaluations,"19,50 €",‏,lisez avec notre  appli gratuite,‏,‏,Non disponible,Romans et Littérature Française,https://www.amazon.fr/Pumpkin-Spice-Caf%C3%A9-livre-Harbor-ebook/dp/B0DM62L7N3,2025-09-03T17:46:18.797600
Une vie,Guy de Maupassant,Prix non disponible,https://m.media-amazon.com/images/I/81+YnWq16fL._SY522_.jpg,"Jeanne, fille unique très choyée du baron et de la baronne Le Perthuis des Vauds, avait tout pour être heureuse. Son mariage avec Julien de Lamare, rustre et avare, se révélera une catastrophe. Sa vie sera une suite d'épreuves et de désillusions.Ce roman, le premier de Guy de Maupassant, est une peinture remarquable des moeurs provinciales de la Normandie du xixe siècle : hobereaux, domestiques, p...",En stock,"4,4 sur 5 étoiles",3 480 évaluations,"0,00 €",‏,‏,‏,‏,Non disponible,Romans et Littérature Française,https://www.amazon.fr/Une-vie-Guy-Maupassant/dp/2253004243,2025-09-03T17:46:28.574213
Les Fourberies de Scapin,Molière,Prix non disponible,https://m.media-amazon.com/images/I/619aHkMrETL._SY522_.jpg,"Une galère, un sac, un fourbe : tous les ingrédients sont réunis pour une comédie qui, presque 400 ans plus tard, n'a pas pris une ride. Au-delà du comique farcesque que nous connaissons si bien se cachent les mécaniques d'un genre aujourd'hui méconnu, la petite comédie, qui nous permet d'entrevoir la place que les Fourberies ont pu prendre sur les planches parisiennes du temps de Molière. À l'aut...",Il ne reste plus que 1 exemplaire(s) en stock (d'autres exemplaires sont en cours d'acheminement).,"4,6 sur 5 étoiles",635 évaluations,"0,99 €",‏,‏,‏,‏,Non disponible,Romans et Littérature Française,https://www.amazon.fr/Fourberies-Scapin-Moli%C3%A8re/dp/208026219X,2025-09-03T17:46:35.426848
Les Trois mousquetaires,Alexandre Dumas,"6,90€",https://m.media-amazon.com/images/I/81oTzmQqrPL._SY522_.jpg,"Dumas séduit, fascine, intéresse, amuse, enseigne.Victor Hugo.Tout le monde connaît la verve prodigieuse de M. Dumas, son entrain facile, son bonheur de mise en scène, son dialogue spirituel et toujours en mouvement, ce récit léger qui court sans cesse et qui sait enlever l’obstacle et l’espace sans jamais faiblir. Il couvre d’immenses toiles sans jamais fatiguer ni son pinceau, ni son lecteur.Sai...",En stock,"4,5 sur 5 étoiles",1 304 évaluations,"0,89 €",‏,‏,‏,‏,Non disponible,Romans et Littérature Française,https://www.amazon.fr/Trois-mousquetaires-Alexandre-Dumas/dp/2253008885,2025-09-03T17:46:44.905762
Le Horla,Guy de Maupassant,Prix non disponible,https://m.media-amazon.com/images/I/71z6AtJb0vL._SY425_.jpg,Dossier pédagogique de C. Schippers. Un homme raconte dans son journal intime les phénomènes étranges qui se déroulent sous son toit. Cet homme sombre-t-il dans la folie ou est-il vraiment tourmenté par une créature invisible ? Une nouvelle fantastique fascinante. Groupements de textes : 1. Aux confins de la folie 2. Écrire la peur,En stock,"4,4 sur 5 étoiles",4 697 évaluations,"0,00 €",‏,‏,‏,‏,Non disponible,Romans et Littérature Française,https://www.amazon.fr/Horla-Guy-Maupassant/dp/2701156424,2025-09-03T17:46:53.126453
Lettres persanes,Delphine Descaves,Prix non disponible,https://m.media-amazon.com/images/I/613YWe8+8JL._SY425_.jpg,"Dossier pédagogique de Delphine Descaves, revu pour les Nouveaux programmes par Amandine Delbart.  De Paris à Venise, en passant par Smyrne, voici la correspondance fictive de deux voyageurs persans et de leurs amis demeurés en Perse. 161 lettres qui proposent un tableau critique de la France de l'Ancien Régime. Dans le volume, de nombreuses activités d'appropriation et d'étude de la langue, ainsi...",En stock,"4,5 sur 5 étoiles",1 564 évaluations,"0,00 €",‏,‏,‏,‏,Non disponible,Romans et Littérature Française,https://www.amazon.fr/Lettres-persanes-Montesquieu/dp/B07MWYQDCV,2025-09-03T17:47:01.841588
Walking After Midnight: A Novel,Karen Robards,Prix non disponible,https://m.media-amazon.com/images/I/71DgwkSOlQL._SY522_.jpg,"The nude male body lay on the embalming table, battered beyond recognition. Gingerly, Summer McAfee, chairman, CEO, and sole employee of Daisy Fresh cleaning service, reached out to touch an arm to reassure herself that she hadn't just seen the corpse move.  Suddenly, shockingly, her hand was in the viselike grip of a man very much alive and desperate enough to take her captive on a no-holds-barre...",Habituellement expédié sous 9 à 10 jours,"4,4 sur 5 étoiles",637 évaluations,"4,86 €",‏,‏,‏,‏,Non disponible,Romans et Littérature Française,https://www.amazon.fr/Walking-After-Midnight-Karen-Robards/dp/0440215900,2025-09-03T17:47:11.719628
Les secrets de la femme de ménage,Freida McFadden,"8,60€",https://m.media-amazon.com/images/I/71RMELKuocL._SY522_.jpg,"Avec ce nouvel emploi, Millie semble avoir une chance en or. Chez les Garrick, un couple fortuné qui possède un somptueux appartement avec vue sur Manhattan, elle fait le ménage et prépare les repas dans la magnifique cuisine. Mais elle ne tarde pas à déceler quelques ombres au tableau... Son patron, Douglas Garrick, est d'humeur de plus en plus changeante. Et pourquoi sa femme Wendy reste-t-elle ...",En stock,"4,5 sur 5 étoiles",16 108 évaluations,"8,49 €",‏,,‏,,Non disponible,Romans et Littérature Française,https://www.amazon.fr/secrets-femme-m%C3%A9nage-Freida-McFadden/dp/2290391190,2025-09-03T17:47:20.370798
La femme de ménage,Freida McFadden,Prix non disponible,https://m.media-amazon.com/images/I/613H6840ArL._SY522_.jpg,"Chaque jour, Millie fait le ménage dans la belle maison des Winchester, une riche famille new-yorkaise. Elle récupère aussi leur fille à l'école et prépare les repas avant d'aller se coucher dans sa chambre, au grenier. Pour la jeune femme, ce nouveau travail est une chance inespérée. L'occasion de repartir de zéro. Mais, sous des dehors respectables, sa patronne se montre de plus en plus instable...",En stock,"4,5 sur 5 étoiles",29 366 évaluations,"8,49 €",‏,,‏,‏,Non disponible,Romans et Littérature Française,https://www.amazon.fr/femme-m%C3%A9nage-Freida-McFadden/dp/2290391174,2025-09-03T17:47:25.589916
La psy,Freida McFadden,"8,60€",https://m.media-amazon.com/images/I/71cE6QbXHSL._SY522_.jpg,"Jeunes mariés, Tricia et Ethan recherchent la maison de leurs rêves. Alors qu'ils visitent le manoir isolé de la docteure Adrienne Hale, une psychiatre disparue trois ans plus tôt, ils se retrouvent piégés par une violente tempête de neige. Au grand effroi de Tricia, qui est persuadée que quelque chose de terrible s'est produit dans cette demeure. Et puis, il y a ces empreintes de pas récentes sur...",En stock,"4,4 sur 5 étoiles",8 822 évaluations,"8,49 €",‏,,‏,,Non disponible,Romans et Littérature Française,https://www.amazon.fr/psy-Freida-McFadden/dp/2290415626,2025-09-03T17:47:32.875679
"EASTPAK Padded PAK'R Sac à Dos, 24 L - Sunday Grey (Gris)",Auteur inconnu,"32,99€",https://m.media-amazon.com/images/I/912FNXgEz3L._AC_SX679_.jpg,"MATERIALES SOSTENIBLES, COLORES REFINADOS, CIERRES DE CREMALLERA SEGUROS, Y FABRICACION DE GRAN CALIDAD",,"4,7 sur 5 étoiles",74 678 évaluations,Expédié et vendu par Amazon.,Non disponible,Non disponible,Non disponible,Non disponible,Non disponible,Romans et Littérature Française,https://www.amazon.fr/EASTPAK-Padded-PAKR-Sac-Dos/dp/B003OJ8RAE,2025-09-03T17:47:41.920557
La femme de ménage voit tout,Freida McFadden,Prix non disponible,https://m.media-amazon.com/images/I/81tDiTTeXYL._SY466_.jpg,"Après avoir été au service des autres en tant que femme de ménage, Millie s’est enfin construit une vie à elle. Elle vient même d’emménager dans une belle maison, dans une petite impasse chic et tranquille, avec son mari et ses deux enfants.Mais son rêve d’une vie paisible est rapidement terni par la rencontre de ses voisins. Il y a Suzette, bien trop snob et aguicheuse, son insipide mari, mais su...",Format Kindle,"4,5 sur 5 étoiles",11 768 évaluations,"22,00 €",‏,,‏,‏,Non disponible,Romans et Littérature Française,https://www.amazon.fr/femme-m%C3%A9nage-voit-tout-ebook/dp/B0CW194QGL,2025-09-03T17:47:49.337313
La prof,Freida McFadden,Prix non disponible,https://m.media-amazon.com/images/I/71LPmlL7IaL._SY466_.jpg,"Chaque matin, Eve se lève et embrasse tendrement son mari, Nate. Ils partent  au travail ensemble, au lycée où elle enseigne les mathématiques et où Nate est professeur d’anglais. Une vie parfaite, réglée comme du papier à musique. Tranquille.Pourtant, l’année dernière, l’école a été secouée par un scandale. Un professeur a été licencié parce qu’il aurait eu une liaison avec Addie, une élève. Et c...",Format Kindle,"4,4 sur 5 étoiles",5 398 évaluations,"22,00 €",‏,,‏,‏,Non disponible,Romans et Littérature Française,https://www.amazon.fr/prof-Freida-McFadden-ebook/dp/B0DZ2K4HKC,2025-09-03T17:47:57.022925
Jamais 203,Kentin Jarno,"18,90€",https://m.media-amazon.com/images/I/814kAkj4WoL._SY425_.jpg,Une nouvelle romance pleine de suspense et d'émotions.,En stock,"4,4 sur 5 étoiles",211 évaluations,"9,99 €",‏,‏,‏,‏,Non disponible,Romans et Littérature Française,https://www.amazon.fr/Jamais-203-Kentin-Jarno/dp/2226493840,2025-09-03T17:48:06.151163
Mémoires d'un expert psychiatre,Angélina Delcroix,Prix non disponible,https://m.media-amazon.com/images/I/81XkI37YmRL._SY522_.jpg,PRIX COGNAC 2024 DU MEILLEUR ROMAN FRANCOPHONE,En stock,"4,5 sur 5 étoiles",2 117 évaluations,"7,99 €",‏,,‏,,Non disponible,Romans et Littérature Française,https://www.amazon.fr/M%C3%A9moires-expert-psychiatre-Ang%C3%A9lina-Delcroix/dp/2755678623,2025-09-03T17:48:13.023261
Plus grand que le ciel,Virginie Grimaldi,"8,90€",https://m.media-amazon.com/images/I/71gTwGi7ntL._SY522_.jpg,"Elsa et Vincent se croisent chaque mercredi dans la salle d’attente de leur psychiatre. Elle est écorchée et mordante. Il est rêveur et intranquille. Elle est conseillère funéraire. Il est romancier. Elle vient de perdre son père. Il cache sa plus grande blessure. Elle est en retard. Il est en avance. Ils ont pourtant rendez-vous.Quand, entre deux éclats de rire, l’empreinte des souvenirs se mêle ...",En stock,"4,4 sur 5 étoiles",6 053 évaluations,"8,49 €",‏,‏,‏,‏,Non disponible,Romans et Littérature Française,https://www.amazon.fr/Plus-grand-ciel-Virginie-Grimaldi/dp/2253251674,2025-09-03T17:48:20.819353
Les Ombres du monde : Rentrée littéraire 2025,Michel Bussi,Prix non disponible,https://m.media-amazon.com/images/I/814pVa3mavL._SY522_.jpg,""" Seul celui qui a traversé la nuit peut la raconter. ""Le roman événement de Michel Bussi.Une œuvre magistrale entre suspense et Histoire.",Format Kindle,"4,7 sur 5 étoiles",162 évaluations,"23,90 €",‏,,‏,‏,Non disponible,Romans et Littérature Française,https://www.amazon.fr/Ombres-monde-Rentr%C3%A9e-litt%C3%A9raire-2025-ebook/dp/B0F6Y9CF48,2025-09-03T17:48:27.662971
Tenir debout,Mélissa Da Costa,Prix non disponible,https://m.media-amazon.com/images/I/71-jQreuHLL._SY522_.jpg,"« Se pourrait-il que ce soit ça,Cette bête noire qui remue dans ma poitrinePiétine, déchire, ronge tout autour d’elle,Avec la férocité d’une hyène,Ne me laissant qu’un trou béant dans le cœurEt une sécheresse dans la gorge ?La culpabilité...Se pourrait-il que ce soit ça,Aimer malgré soi ?Aimer malAimer sans savoir pourquoiAimer... » Mélissa Da Costa nous plonge au cœur de l’intimité d’un couple en...",En stock,"4,6 sur 5 étoiles",4 761 évaluations,"9,99 €",‏,‏,‏,‏,Non disponible,Romans et Littérature Française,https://www.amazon.fr/Tenir-debout-M%C3%A9lissa-Costa/dp/2253251712,2025-09-03T17:48:36.552588
Les heures fragiles,Virginie Grimaldi,Prix non disponible,https://m.media-amazon.com/images/I/A1nRvnZ19BL._SY466_.jpg,"Diane a toujours eu des rêves simples. Un mari, deux enfants, un métier qui lui plaît, c'est plus que ce qu'elle osait espérer. Le jour où Seb la quitte, son monde vacille. Absorbée par sa peine, elle ne voit pas que le drame se joue ailleurs. Tout près d'elle, dans cette chambre qui fait face à la sienne, les rires de sa fille s'épuisent. Lou a seize ans, le mal de grandir, et son premier chagrin...",Format Kindle,"4,4 sur 5 étoiles",4 619 évaluations,"20,90 €",‏,,‏,‏,Non disponible,Romans et Littérature Française,https://www.amazon.fr/heures-fragiles-Virginie-Grimaldi-ebook/dp/B0F1V4MY7K,2025-09-03T17:48:45.653763
Le Roi des Démons,Elizabeth Briggs,"15,81€",https://m.media-amazon.com/images/I/61C+366TF+L._SY466_.jpg,"J'ai fait un pacte avec le diable. Maintenant, il prétend que je suis sa compagne de destin.",En stock,"4,5 sur 5 étoiles",1 346 évaluations,Broché – 21 septembre 2021,‏,‏,‏,‏,Non disponible,Romans et Littérature Française,https://www.amazon.fr/dp/1948456249/ref=sspa_dk_browse_0/,2025-09-03T17:48:53.469162
"Sinon tu peux choisir de vivre: Deep Impact 1 (une série humaine d'aventure et d'espionnage) (Deep Impact (suspense, aventure et espionnage))",Pierre Schreiber,Prix non disponible,https://m.media-amazon.com/images/I/81Dm27BPJ1L._SY466_.jpg,"Plus qu’un thriller, DEEP IMPACT est une saga humaine, d’aventure et d’espionnage comme vous n’en avez jamais lue.",Format Kindle,"4,2 sur 5 étoiles",1 396 évaluations,"19,90 €",Non disponible,,‏,‏,Non disponible,Romans et Littérature Française,https://www.amazon.fr/dp/B08NW4MLZN/ref=sspa_dk_browse_1/,2025-09-03T17:49:01.143428
Orgueil et Préjugés,Jane Austen,"12,99€",https://m.media-amazon.com/images/I/61XtQLgDvhL._SY466_.jpg,"Le roman le plus populaire de Jane Austen, l’histoire inoubliable d’Elizabeth Bennet et de M. Darcy.",En stock,"4,5 sur 5 étoiles",295 évaluations,"19,99 €",‏,‏,‏,,Non disponible,Romans et Littérature Française,https://www.amazon.fr/dp/2383040320/ref=sspa_dk_browse_2/,2025-09-03T17:49:08.109069
"Deviens ce que tu es: Deep Impact — Série de suspense et d'espionnage, tome 2",Pierre Schreiber,Prix non disponible,https://m.media-amazon.com/images/I/71b5Ers7QhL._SY466_.jpg,"Enquête, aventure, espionnage, plongez dans une saga à suspense au souffle unique, et voyagez de Paris à Bangkok en passant par l’océan Indien.",En stock,"4,3 sur 5 étoiles",1 086 évaluations,Broché – 22 juin 2021,‏,,‏,‏,Non disponible,Romans et Littérature Française,https://www.amazon.fr/dp/2957539322/ref=sspa_dk_browse_3/,2025-09-03T17:49:15.419964
7 jours pour tout se dire (Collection Tranches de vie),Florence Clerfeuille,Prix non disponible,https://m.media-amazon.com/images/I/A1cgv1TkvSL._SY466_.jpg,Comment faire le deuil de sa propre existence en une semaine ?,Format Kindle,"4,5 sur 5 étoiles",1 116 évaluations,"15,00 €",‏,,‏,‏,Non disponible,Romans et Littérature Française,https://www.amazon.fr/dp/B07TDC5Q75/ref=sspa_dk_browse_4/,2025-09-03T17:49:23.802570
Dans la peau (Collection Tranches de vie),Florence Clerfeuille,Prix non disponible,https://m.media-amazon.com/images/I/91KeUr3WQML._SY466_.jpg,"Prix Kindle : 17,97 €TVA incluse",Format Kindle,"4,4 sur 5 étoiles",267 évaluations,"15,00 €",‏,,‏,‏,Non disponible,Romans et Littérature Française,https://www.amazon.fr/dp/B08XM8DYDC/ref=sspa_dk_browse_5/,2025-09-03T17:49:31.194387
La vie enfuie de Martha K. (Hors collection),Angélique Barbérat,Prix non disponible,https://m.media-amazon.com/images/I/91QG+HiKdjL._SY466_.jpg,Pas de description,Format Kindle,"4,3 sur 5 étoiles",574 évaluations,"7,99 €",‏,lisez avec notre  appli gratuite,‏,‏,Non disponible,Romans et Littérature Française,https://www.amazon.fr/vie-enfuie-Martha-K-ebook/dp/B01MU9Z9ZH,2025-09-03T17:49:36.702050
"Shogun: Book One of the Asian Saga - The book that inspired the Emmy, Bafta and Golden Globe Award-winning TV show (English Edition)",James Clavell,Prix non disponible,https://m.media-amazon.com/images/I/91lMe9cT0qL._SY466_.jpg,"NOW A MAJOR GOLDEN GLOBE, BAFTA AND EMMY-WINNING TV SERIES","01 Édition, Format Kindle","4,7 sur 5 étoiles",26 630 évaluations,"11,76 €",‏,‏,‏,‏,Non disponible,Romans et Littérature Française,https://www.amazon.fr/Shogun-First-Novel-Asian-saga-ebook/dp/B00D3J2QKC,2025-09-03T17:49:45.257216
The Light Behind The Window: A breathtaking story of love and war from the bestselling author of The Seven Sisters series (English Edition),Lucinda Riley,Prix non disponible,https://m.media-amazon.com/images/I/81BxzFnRtRL._SY466_.jpg,"Unlocking the past is the key to the future . . .From Lucinda Riley, number one bestselling author of the Seven Sisters series,",Format Kindle,"4,6 sur 5 étoiles",23 326 évaluations,"10,77 €",‏,‏,‏,‏,Non disponible,Romans et Littérature Française,https://www.amazon.fr/Light-Behind-Window-English-ebook/dp/B008RWXPOQ,2025-09-03T17:49:51.322349
Legends & Lattes: A heart-warming cosy fantasy and TikTok sensation (English Edition),Travis Baldree,Prix non disponible,https://m.media-amazon.com/images/I/81TDEw5Ae9L._SY466_.jpg,"Prix Kindle : 7,13 €TVA incluse",Format Kindle,"4,5 sur 5 étoiles",27 280 évaluations,"20,75 €",‏,‏,‏,‏,Non disponible,Romans et Littérature Française,https://www.amazon.fr/Legends-Lattes-English-Travis-Baldree-ebook/dp/B0B426VJL7,2025-09-03T17:49:58.100587
Lux,Maxime Chattam,Prix non disponible,https://m.media-amazon.com/images/I/61Ik2rWl6LL._SY425_.jpg,Les scientifiques comme les religieux ne peuvent expliquer ce qu’elle est ni d’où elle vient.,Format Kindle,"4,1 sur 5 étoiles",1 508 évaluations,"22,90 €",‏,lisez avec notre  appli gratuite,‏,‏,Non disponible,Romans et Littérature Française,https://www.amazon.fr/Lux-Maxime-Chattam-ebook/dp/B0CKMBDJPF,2025-09-03T17:50:05.972817
The Secret Keeper: A Compelling Story of Enduring Love and Betrayal from the Number One Bestselling Author (English Edition),Kate Morton,Prix non disponible,https://m.media-amazon.com/images/I/81mowRaZ9BL._SY466_.jpg,"Utterly spellbinding and profoundly moving,",Format Kindle,"4,4 sur 5 étoiles",25 016 évaluations,"18,98 €",‏,‏,‏,‏,Non disponible,Romans et Littérature Française,https://www.amazon.fr/Secret-Keeper-Allport-limited-English-ebook/dp/B008PQ8XZK,2025-09-03T17:50:13.294254
Heartstone: A Spellbinding Epic of War and Intrigue from the Bestselling Historical Series (The Shardlake Series Book 5) (English Edition),C. J. Sansom,Prix non disponible,https://m.media-amazon.com/images/I/81-DPE2C7tL._SY466_.jpg,'C. J. Sansom’s books are arguably the best Tudor novels going' –,Format Kindle,"4,6 sur 5 étoiles",11 650 évaluations,"7,05 €",‏,‏,‏,‏,Non disponible,Romans et Littérature Française,https://www.amazon.fr/Heartstone-C-J-Sansom-ebook/dp/B003XREHV0,2025-09-03T17:50:19.717486
Brothersong: A heart-rending werewolf shifter tale filled with love and loss (Green Creek Book 4) (English Edition),TJ Klune,Prix non disponible,https://m.media-amazon.com/images/I/81dOcTWmdDL._SY466_.jpg,"Set in the dreamy backwoods of Oregon,",Format Kindle,"4,7 sur 5 étoiles",3 651 évaluations,"26,83 €",‏,‏,‏,‏,Non disponible,Romans et Littérature Française,https://www.amazon.fr/Brothersong-Green-Creek-Book-English-ebook/dp/B0BBGTBQVJ,2025-09-03T17:50:26.762873
The Trees: From the Booker Prize-shortlisted author of James (English Edition),Percival Everett,Prix non disponible,https://m.media-amazon.com/images/I/71DF1jrbZNL._SY466_.jpg,"Shortlisted for the Booker Prize, Percival Everett's",Format Kindle,"4,2 sur 5 étoiles",8 968 évaluations,"12,19 €",‏,‏,‏,‏,Non disponible,Romans et Littérature Française,https://www.amazon.fr/Trees-English-Percival-Everett-ebook/dp/B0CGP65TB9,2025-09-03T17:50:34.812791
The Return: The 'captivating and deeply moving' Number One bestseller (English Edition),Victoria Hislop,Prix non disponible,https://m.media-amazon.com/images/I/81lW3IEiIeL._SY466_.jpg,"'A beautiful book, story, piece of history. From the haunting tones of the flamenco to a country ravaged by fanaticism. Hardly a day goes past since finishing this book that I don't think about some aspect of it. One of the best books I have read in a long time' Real Reader Review, ⭐ ⭐ ⭐ ⭐ ⭐",Format Kindle,"4,3 sur 5 étoiles",6 905 évaluations,"100,72 €",‏,‏,‏,‏,Non disponible,Romans et Littérature Française,https://www.amazon.fr/Return-English-Victoria-Hislop-ebook/dp/B002S0KBTK,2025-09-03T17:50:41.796620
"Frank and Red: The 'warm-hearted, weepy, riotously funny, feel-good' story of an unlikely friendship. (English Edition)",Matt Coyne,Prix non disponible,https://m.media-amazon.com/images/I/81k7vmhMEgL._SY466_.jpg,Pas de description,Format Kindle,"4,6 sur 5 étoiles",9 237 évaluations,"22,65 €",‏,‏,‏,‏,Non disponible,Romans et Littérature Française,https://www.amazon.fr/Frank-Red-heart-warming-unlikely-friendship-ebook/dp/B0C8N3YPSF,2025-09-03T17:50:50.002623
Welcome to The Phare Ouest: Romance Contemporaine déjantée au cœur du Far West Breton,Karyn Adler,Prix non disponible,https://m.media-amazon.com/images/I/91bIJpeEDKL._SY466_.jpg,"Qui n’a jamais rêvé de vivre dans les plaines de l’Ouest, un Stetson vissé sur la tête et des santiags aux pieds ? Colombe.À vrai dire, Colombe n’a jamais rêvé de rien. Sa mère dit d’elle qu’elle est née aigrie, et la jeune femme n’a jamais cherché à lui donner tort.Pourtant, lorsqu’elle se retrouve sans emploi et qu’une voix, à la radio, annonce un concours pour gagner un job au Far West, Colombe...",Format Kindle,"4,5 sur 5 étoiles",38 évaluations,"16,90 €",‏,lisez avec notre  appli gratuite,‏,Non disponible,Non disponible,Romans et Littérature Française,https://www.amazon.fr/Welcome-Phare-Ouest-Contemporaine-d%C3%A9jant%C3%A9e-ebook/dp/B0F18WKNJL,2025-09-03T17:50:56.472847
La femme de ménage se marie,Freida McFadden,Prix non disponible,https://m.media-amazon.com/images/I/81FGULEBXNL._SY522_.jpg,"Aujourd’hui est censé être le plus beau jour de la vie de Millie. La femme de ménage se marie avec Enzo, l’homme de ses rêves, et rien ne peut gâcher son bonheur. D’autant que ses parents, avec lesquels elle est brouillée depuis quinze ans, ont promis d’assister à la cérémonie.Mais alors qu’elle devrait se préoccuper uniquement de sa robe et de sa coiffure, Millie est confrontée à un sérieux probl...",En stock,"3,7 sur 5 étoiles",5 960 évaluations,"2,99 €",‏,‏,‏,‏,Non disponible,Romans et Littérature Française,https://www.amazon.fr/femme-m%C3%A9nage-se-marie/dp/2824629428,2025-09-03T17:51:04.165790
Manon Lescaut,Abbé Prévost,Prix non disponible,https://m.media-amazon.com/images/I/61dcIlwc3wL._SY425_.jpg,"BAC 2023 Dossier pédagogique de Marc Stéphan.   Dès que le chevalier Des Grieux aperçoit Manon Lescaut, il tombe irrémédiablement amoureux de la séduisante jeune femme et s'enfuit avec elle. Mais, très vite, la mystérieuse Manon trompe le sage chevalier et l'entraîne dans une lente descente aux enfers... Passion, trahisons, jeux, prostitution et emprisonnements jalonnent l'histoire devenue légenda...",En stock,"4,6 sur 5 étoiles",1 550 évaluations,"1,99 €",‏,‏,‏,‏,Non disponible,Romans et Littérature Française,https://www.amazon.fr/Manon-Lescaut-Abb%C3%A9-Pr%C3%A9vost/dp/B09TQYNX71,2025-09-03T17:51:10.059184
L'Inconnue du portrait (Littérature),Camille de Peretti,Prix non disponible,https://m.media-amazon.com/images/I/91pUmzuK7hL._SY466_.jpg,«  La toile vibrait de beauté. Elle en avait le souffle coupé et se noyait dans l’œil bleu ciel piqueté de vert. Est-ce qu’elle était réellement le sosie de cette inconnue ?  »,Format Kindle,"4,4 sur 5 étoiles",2 288 évaluations,"21,50 €",‏,,‏,‏,Non disponible,Romans et Littérature Française,https://www.amazon.fr/LInconnue-portrait-Litt%C3%A9rature-Camille-Peretti-ebook/dp/B0CQ8P8C8X,2025-09-03T17:51:15.045859
The Housemaid: An absolutely addictive psychological thriller with a jaw-dropping twist (English Edition),Freida McFadden,Prix non disponible,https://m.media-amazon.com/images/I/8105fcMAVyL._SY466_.jpg,"“Welcome to the family,” Nina Winchester says as I shake her elegant, manicured hand. I smile politely, gazing around the marble hallway. Working here is my last chance to start fresh. I can pretend to be whoever I like. But I’ll soon learn that the Winchesters’ secrets are far more dangerous than my own…",Format Kindle,"4,3 sur 5 étoiles",533 104 évaluations,"24,41 €",‏,,‏,‏,Non disponible,Romans et Littérature Française,https://www.amazon.fr/Housemaid-absolutely-addictive-psychological-jaw-dropping-ebook/dp/B09TWSRMCB,2025-09-03T17:51:23.575063
Au Bord De La Folie: Thriller Post-Apocalyptique (Série Edge of Collapse t. 2),Kyla Stone,Prix non disponible,https://m.media-amazon.com/images/I/81K0m9bYCQL._SY466_.jpg,"Dans un monde sans électricité, un homme peut-il protéger son fils ?",Format Kindle,"4,5 sur 5 étoiles",1 660 évaluations,"15,81 €",‏,,‏,‏,Non disponible,Romans et Littérature Française,https://www.amazon.fr/Au-Bord-Folie-Thriller-Post-Apocalyptique-ebook/dp/B0D71DP34S,2025-09-03T17:51:32.182093
Le Joueur d'échecs,Stefan Zweig,Prix non disponible,https://m.media-amazon.com/images/I/716RajLiAiL._SY522_.jpg,"Qui est cet inconnu capable d'en remontrer au grand Czentovic, le champion mondial des échecs, véritable prodige aussi fruste qu'antipathique ? Peut-on croire, comme il l'affirme, qu'il n'a pas joué depuis plus de vingt ans ? Voilà un mystère que les passagers oisifs de ce paquebot de luxe aimeraient bien percer.Le narrateur y parviendra. Les circonstances dans lesquelles l'inconnu a acquis cette ...",En stock,"4,5 sur 5 étoiles",3 085 évaluations,"2,99 €",‏,‏,‏,‏,Non disponible,Romans et Littérature Française,https://www.amazon.fr/Joueur-d%C3%A9checs-Stefan-Zweig/dp/2253174076,2025-09-03T17:51:40.757189
Résister,Salomé Saqué,Prix non disponible,https://m.media-amazon.com/images/I/31JtrAY2YtL._SY466_.jpg,"L’extrême droite est aux portes du pouvoir. Dans les urnes comme dans les esprits, ses thèmes, son narratif et son vocabulaire s’imposent. Il est encore temps d’inverser cette tendance, à condition de comprendre les rouages de cette progression et de réagir rapidement.",En stock,"4,7 sur 5 étoiles",482 évaluations,"3,99 €",‏,‏,‏,‏,Non disponible,Romans et Littérature Française,https://www.amazon.fr/R%C3%A9sister-Salom%C3%A9-Saqu%C3%A9/dp/2228937592,2025-09-03T17:51:49.746793
Lettre d'une inconnue,Stefan Zweig,Prix non disponible,https://m.media-amazon.com/images/I/71Q3cEt921L._SY522_.jpg,"Une jeune femme dans une situation tragique écrit à l'homme qu'elle a aimé passionnément, depuis l'enfance, pour lui rappeler son histoire : de leurs trois nuits d'amour est né un enfant qu'elle a élevé seule. Elle cherche à renouer le fil de leur relation. Mais son ancien amant est un brillant séducteur, un écrivain qui jouit égoïstement des plaisirs de la vie. Pour lui, elle n'est qu'une femme p...",En stock,"4,5 sur 5 étoiles",743 évaluations,"1,99 €",‏,‏,‏,‏,Non disponible,Romans et Littérature Française,https://www.amazon.fr/Lettre-dune-inconnue-Stefan-Zweig/dp/2070469824,2025-09-03T17:51:59.497906
Dom Juan,Molière,Prix non disponible,https://m.media-amazon.com/images/I/61sK-zj7HhL._SY425_.jpg,"Dossier pédagogique de Justine Francioli mis à jour par Julie Champion. Qui est Dom Juan ? À en croire son valet, Sganarelle, il est « le plus grand scélérat que la terre ait porté ». Devenu une figure mythique, le personnage peint par Molière est un séducteur, un provocateur, un libertin sans scrupule qui refuse les bornes imposées à son désir. Il multiplie les conquêtes féminines, offense son pè...",En stock,"4,6 sur 5 étoiles",931 évaluations,"Broché – Illustré, 18 août 2021",‏,‏,‏,‏,Non disponible,Romans et Littérature Française,https://www.amazon.fr/Dom-Juan-Julie-Cuvillier/dp/B093B6J7N3,2025-09-03T17:52:07.115263
L'homme qui plantait des arbres,Jean Giono,Prix non disponible,https://m.media-amazon.com/images/I/71yLMerbmWL._SY425_.jpg,Pas de description,En stock,"4,5 sur 5 étoiles",1 475 évaluations,"6,49 €",‏,‏,‏,‏,Non disponible,Romans et Littérature Française,https://www.amazon.fr/Lhomme-plantait-arbres-Jean-Giono/dp/2070794024,2025-09-03T17:52:15.863311
Candide - Classiques et Patrimoine,Voltaire,Prix non disponible,https://m.media-amazon.com/images/I/71S9Act0pmL._SY425_.jpg,Pas de description,En stock,"4,6 sur 5 étoiles",2 736 évaluations,"1,99 €",‏,,‏,‏,Non disponible,Romans et Littérature Française,https://www.amazon.fr/Candide-Voltaire/dp/2210760852,2025-09-03T17:52:25.725950
"Bibliocollège - Le Médecin malgré lui, Molière",Jean-Baptiste Molière (Poquelin dit),Prix non disponible,https://m.media-amazon.com/images/I/71wNY1nm6yL._SY425_.jpg,"Martine a décidé de se venger de Sganarelle, son vaurien de mari ! Les circonstances vont lui offrir une occasion bien tentante : le faire passer pour un médecin – malgré lui !La vengeance de Martine s’accomplira-t-elle ? Comment Sganarelle réussira-t-il à se tirer de cette situation ?",En stock,"4,7 sur 5 étoiles",561 évaluations,"2,99 €",‏,,‏,‏,Non disponible,Romans et Littérature Française,https://www.amazon.fr/Bibliocoll%C3%A8ge-M%C3%A9decin-malgr%C3%A9-lui-Moli%C3%A8re/dp/2017167142,2025-09-03T17:52:32.721449
Benigna Machiavelli,Charlotte Perkins Gilman,"20,50€",https://m.media-amazon.com/images/I/61uoOd6lL1L._SY522_.jpg,Pas de description,Il ne reste plus que 1 exemplaire(s) en stock (d'autres exemplaires sont en cours d'acheminement).,"4,0 sur 5 étoiles",15 évaluations,"0,99 €",‏,‏,‏,,Non disponible,Romans et Littérature Française,https://www.amazon.fr/Benigna-Machiavelli-Charlotte-Perkins-Gilman/dp/287858127X,2025-09-03T17:52:40.835421
Eleven Minutes: A Novel,Paulo Coelho,"12,60€",https://m.media-amazon.com/images/I/81MdU4OCK+L._SY466_.jpg,Pas de description,Habituellement expédié sous 2 à 3 semaines,"4,4 sur 5 étoiles",5 715 évaluations,"6,99 €",‏,‏,‏,,Non disponible,Romans et Littérature Française,https://www.amazon.fr/Eleven-Minutes-Novel-Paulo-Coelho/dp/0060589280,2025-09-03T17:52:50.594963
Le symbole perdu décrypté,Simon Cox,"12,43€",https://m.media-amazon.com/images/I/81n1CRLGrVL._SY522_.jpg,"Depuis cinq ans, on attendait le nouveau Dan Brown : Le Symbole perdu sortira le 15 septembre 2009. On soupçonne que Robert Langdon y sera confronté à deux sociétés secrètes : les Francs-Maçons et l'ordre de la Rose-Croix, et qu'il suivra leur piste de Washington à Salt Lake City, en passant par Jérusalem. Organisé de A à Z pour une lecture simple, illustré, Le Symbole perdu décrypté répond à tout...",Habituellement expédié sous 3 à 4 jours,"4,2 sur 5 étoiles",6 évaluations,"3,61 €",‏,‏,‏,‏,Non disponible,Romans et Littérature Française,https://www.amazon.fr/symbole-perdu-d%C3%A9crypt%C3%A9-Simon-Cox/dp/2749911214,2025-09-03T17:52:57.843892
Le Destin des Steenfort (Hors Collection),Jean Van Hamme,Prix non disponible,https://m.media-amazon.com/images/I/81l1AwdCUyL._SY466_.jpg,"En 1934, à Bourg-d'Artois, Adrien Steenfort se bat pour conserver le monopole de la production de la bière. Veuf inconsolé de la belle Joanna, il prospecte le marché européen avec une nouvelle bière, la Joanne, en fondant tous ses espoirs sur son fils, Charles. Mais c'est sans compter sur l'ambition du nouveau directeur commercial de la brasserie, Léopold Garcin, prêt aux pires noirceurs pour arri...",Format Kindle,"4,2 sur 5 étoiles",12 évaluations,"3,99 €",‏,lisez avec notre  appli gratuite,‏,‏,Non disponible,Romans et Littérature Française,https://www.amazon.fr/Destin-Steenfort-Hors-Collection-ebook/dp/B019EDXH2Q,2025-09-03T17:53:03.930548
The Cream of Tank Girl: The Art and Craft of a Comics Icon,Alan C. Martin,"27,13€",https://m.media-amazon.com/images/I/71q1345iffL._SY385_.jpg,"Spewing filth and fury since 1988, celebrate the 20th anniversary of Alan Martin and Jamie Hewlett's foul-mouthed, anarchic creation with",En stock,"4,7 sur 5 étoiles",132 évaluations,"Relié – Illustré, 24 octobre 2008",‏,‏,‏,‏,Non disponible,Romans et Littérature Française,https://www.amazon.fr/Cream-Tank-Girl-Alan-Martin/dp/1845769422,2025-09-03T17:53:10.597753
Le Dernier Berlinois,Y. Kaniuk,"20,30€",https://m.media-amazon.com/images/I/41qLJ7XELUL._SY466_.jpg,"Après avoir refusé pendant de nombreuses années d?entrer sur le territoire allemand, l?Israélien Yoram Kaniuk s?est un jour décidé à partir sur les traces de son père, grand admirateur de l?Allemagne qu?il avait été contraint de quitter au début des années trente.A la recherche de cette vie intellectuelle d?avant-guerre que son père n?a cessé de pleurer, plein de nostalgie, à Tel-Aviv, Yoram Kaniu...",Habituellement expédié sous 6 à 7 jours,"4,0 sur 5 étoiles",1 évaluation,"Broché – Grand livre, 1 octobre 2003",‏,‏,‏,‏,Non disponible,Romans et Littérature Française,https://www.amazon.fr/Dernier-Berlinois-Y-Kaniuk/dp/2213616566,2025-09-03T17:53:19.085067
Vie de chiens,Dorine Geneux,"15,90€",https://m.media-amazon.com/images/I/51iO4NEWJcL._SY425_.jpg,"« Je vécus les plus belles années de mon enfance en compagnie de Bill. Dès la sortie de l école, et quel que soit le temps, nous partions courir jusqu à la tombée de la nuit. Grand-mère avait tenu sa promesse. Elle ne s occupait que de le nourrir. Pourtant, malgré elle, elle s était prise d affection pour Bill. Comme il était parfaitement dressé, il restait sur sa couverture jusqu à ce qu on l aut...",Il ne reste plus que 1 exemplaire(s) en stock.,Diapositive précédente des détails du produit,0 avis,Broché – 14 mars 2008,‏,‏,‏,‏,Non disponible,Romans et Littérature Française,https://www.amazon.fr/Vie-chiens-Dorine-Geneux/dp/2916497625,2025-09-03T17:53:26.437350
The Cider House Rules: A Novel,John Irving,"19,24€",https://m.media-amazon.com/images/I/81j33gSxSAL._SY466_.jpg,Pas de description,Habituellement expédié sous 7 à 8 jours,"4,5 sur 5 étoiles",3 425 évaluations,"8,89 €",‏,‏,‏,‏,Non disponible,Romans et Littérature Française,https://www.amazon.fr/Cider-House-Rules-Novel/dp/0345417941,2025-09-03T17:53:32.458162
The Glass Bead Game,Hermann Hesse,"23,20€",https://m.media-amazon.com/images/I/715K6tS9e8L._SY425_.jpg,"The final novel of Hermann Hesse, for which he won the Nobel Prize for Literature in 1946,",En stock,"4,5 sur 5 étoiles",1 264 évaluations,"1,80 €",‏,‏,‏,‏,Non disponible,Romans et Littérature Française,https://www.amazon.fr/Glass-Bead-Game-Magister-Ludi/dp/0312278497,2025-09-03T17:53:40.675156
Djibouti: A Novel,Elmore Leonard,Prix non disponible,https://m.media-amazon.com/images/I/61HLG0b7HFL._SY466_.jpg,“Elmore Leonard is in a class of one….The greatest crime writer who ever lived.”—Dennis Lehane,Habituellement expédié sous 6 à 7 mois,"3,9 sur 5 étoiles",407 évaluations,"3,89 €",‏,‏,‏,‏,Non disponible,Romans et Littérature Française,https://www.amazon.fr/Djibouti-Novel-Elmore-Leonard/dp/0062008315,2025-09-03T17:53:47.593636
"Sharpe’s Triumph: The Battle of Assaye, September 1803",Bernard Cornwell,"5,05€",https://m.media-amazon.com/images/I/71rKuevSaGL._SY522_.jpg,"The latest of Cornwell’s perennially popular Sharpe adventures, returning, like Sharpe’s Tiger, to India, and culminating with the battle at Assaye which Wellington considered his greatest victory. Repackaged in the fantastic new Sharpe look.",Il ne reste plus que 1 exemplaire(s) en stock.,"4,5 sur 5 étoiles",4 767 évaluations,"6,99 €",‏,‏,‏,,Non disponible,Romans et Littérature Française,https://www.amazon.fr/Sharpes-Triumph-Bernard-Cornwell/dp/0006510302,2025-09-03T17:53:55.559706
Counter-Clock World,Philip K. Dick,"13,41€",https://m.media-amazon.com/images/I/51ImSkSr7cL._SY466_.jpg,"Beano Fiction Beano Dennis et Gnasher Attack Of The Evil Veg, 9780755503599 - Ce livre est en anglais.",Il ne reste plus que 7 exemplaire(s) en stock (d'autres exemplaires sont en cours d'acheminement).,"4,2 sur 5 étoiles",201 évaluations,"6,49 €",‏,‏,‏,‏,Non disponible,Romans et Littérature Française,https://www.amazon.fr/Counter-Clock-World-Philip-K-Dick/dp/0007127707,2025-09-03T17:54:04.745532
Sido suivi de Les Vrilles de la vigne (Edition pédagogique) BAC,Colette,"6,20€",https://m.media-amazon.com/images/I/81sm08ArfLL._SY522_.jpg,Pas de description,En stock,"4,6 sur 5 étoiles",1 162 évaluations,"2,95 €",‏,‏,‏,‏,Non disponible,Romans et Littérature Française,https://www.amazon.fr/Sido-suivi-Vrilles-vigne-p%C3%A9dagogique/dp/225310440X,2025-09-03T17:54:12.088494
Antigone,Jean Anouilh,"6,50€",https://m.media-amazon.com/images/I/71EoBhWCc4L._SY522_.jpg,"""L'Antigone de Sophocle, lue et relue et que je connaissais par coeur depuis toujours, a été un choc soudain pour moi pendant la guerre, le jour des petites affiches rouges. Je l'ai réécrite à ma façon, avec la résonance de la tragédie que nous étions alors en train de vivre."" Jean Anouilh.",En stock,"4,6 sur 5 étoiles",6 115 évaluations,Poche – 8 juin 2016,‏,‏,‏,‏,Non disponible,Romans et Littérature Française,https://www.amazon.fr/Antigone-Jean-Anouilh/dp/2710381419,2025-09-03T17:54:18.079266
"Mes forêts: Suivi de Le paysage, l'intime, la poésie",Hélène Dorion,"5,90€",https://m.media-amazon.com/images/I/51Tk3NjQZ5L._SY425_.jpg,"Hélène Dorion, première Québécoise vivante au programme du Baccalauréat, vit environnée de lacs et de forêts, de fleuves et de rivages, de brumes de mémoire et de vastes estuaires où la pensée s’évase. À travers cette expérience immersive dans la forêt des mots, elle nous invite à traverser les paysages pour aller vers « ce que l’on nomme humanité ». En supplément, un dossier consacré à la poésie,...",En stock,"4,6 sur 5 étoiles",449 évaluations,"4,99 €",‏,‏,‏,,Non disponible,Romans et Littérature Française,https://www.amazon.fr/Mes-for%C3%AAts-paysage-lintime-po%C3%A9sie/dp/2362294390,2025-09-03T17:54:26.398947
La prof,Freida McFadden,"22,00€",https://m.media-amazon.com/images/I/71LPmlL7IaL._SY466_.jpg,"Chaque matin, Eve se lève et embrasse tendrement son mari, Nate. Ils partent au travail ensemble, au lycée où elle enseigne les mathématiques et où Nate est professeur d’anglais. Une vie parfaite, réglée comme du papier à musique. Tranquille.Pourtant, l’année dernière, l’école a été secouée par un scandale. Un professeur a été licencié parce qu’il aurait eu une liaison avec Addie, une élève. Et ce...",En stock,"4,4 sur 5 étoiles",5 398 évaluations,"12,99 €",‏,‏,‏,‏,Non disponible,Romans et Littérature Française,https://www.amazon.fr/prof-Freida-McFadden/dp/2824629096,2025-09-03T17:54:35.199468
La sage-femme d'Auschwitz,Anna Stuart,Prix non disponible,https://m.media-amazon.com/images/I/71ubMzTUUfL._SY522_.jpg,"Lorsqu'elle arrive à Auschwitz, sous un ciel bas et gris, Ana est persuadée qu'elle ne survivra pas à l'enfer du camp. Mais elle possède une compétence que les nazis recherchent : elle est sage-femme. Son travail sera de donner naissance aux enfants des autres prisonnières. Une mission terrible car, dès qu'ils ont poussé leur premier cri, les nouveau-nés sont emmenés et donnés à des familles allem...",En stock,"4,7 sur 5 étoiles",8 659 évaluations,"20,00 €",‏,,‏,‏,Non disponible,Romans et Littérature Française,https://www.amazon.fr/sage-femme-dAuschwitz-Anna-Stuart/dp/2290396397,2025-09-03T17:54:42.860287
Toutes ses fautes,Andrea Mara,"9,90€",https://m.media-amazon.com/images/I/71IVwqHzc-L._SY522_.jpg,"Une disparition, quatre suspectes :les portes fermées ne dissimulent pas tout…",En stock,"4,3 sur 5 étoiles",4 057 évaluations,"19,90 €",‏,,‏,‏,Non disponible,Romans et Littérature Française,https://www.amazon.fr/Toutes-ses-fautes-Andrea-Mara/dp/B0DPK5QD8K,2025-09-03T17:54:50.350870
SANS TOI: UN VOYAGE POUR SURMONTER LA PERTE D'UN ÊTRE CHER,Sofia Conti,Prix non disponible,https://m.media-amazon.com/images/I/51tZy2DlDJL._SY466_.jpg,Pas de description,En stock,"4,6 sur 5 étoiles",44 évaluations,Broché – 16 février 2025,‏,,‏,‏,Non disponible,Romans et Littérature Française,https://www.amazon.fr/SANS-TOI-VOYAGE-SURMONTER-PERTE/dp/B0DXDS7ZWQ,2025-09-03T17:54:56.948557
L'heure des prédateurs,Giuliano da Empoli,"19,00€",https://m.media-amazon.com/images/I/81qNNL65TwL._SY466_.jpg,"""Aujourd'hui, l'heure des prédateurs a sonné et partout les choses évoluent d'une telle façon que tout ce qui doit être réglé le sera par le feu et par l'épée. Ce petit livre est le récit de cette conquête, écrit du point de vue d'un scribe aztèque et à sa manière, par images, plutôt que par concepts, dans le but de saisir le souffle d'un monde, au moment où il sombre dans l'abîme, et l'emprise gl...",En stock,"4,2 sur 5 étoiles",1 260 évaluations,"13,99 €",‏,,‏,‏,Non disponible,Romans et Littérature Française,https://www.amazon.fr/Lheure-pr%C3%A9dateurs-Giuliano-Empoli/dp/2073113206,2025-09-03T17:55:06.617493
"La Soeur de la tempête (Les sept Soeurs, Tome 2)",Lucinda Riley,"10,90€",https://m.media-amazon.com/images/I/81cKArJWVCL._SY522_.jpg,"À la mort de leur père, énigmatique milliardaire qui les a ramenées des quatre coins du monde et adoptées lorsqu’elles étaient bébés, Ally d’Aplièse et ses sœurs se retrouvent dans la maison de leur enfance, Atlantis, un magnifique château sur les bords du lac de Genève.Ally, la deuxième sœur au tempérament tempétueux, est navigatrice et musicienne. Lorsqu’une nouvelle tragédie la touche, la jeune...",En stock,"4,6 sur 5 étoiles",7 832 évaluations,"7,99 €",‏,‏,‏,‏,Non disponible,Romans et Littérature Française,https://www.amazon.fr/Soeur-temp%C3%AAte-sept-Soeurs/dp/2253262331,2025-09-03T17:55:14.070407
"Le Pumpkin Spice Café: La série TikTok à succès, pour les fans de romance cosy en 2025 !",Laurie Gilmore,Prix non disponible,https://m.media-amazon.com/images/I/71cnAkU1sNL._SY342_.jpg,"N’attendez plus : le phénomène TikTok planétaire arrive enfin en France ! Lorsque la tante de Jeanie lui confie le Pumpkin Spice Café, lieu de rencontre bien-aimé de la petite ville de Dream Harbor, la jeune femme saute sur l’occasion pour prendre un nouveau départ, loin de son travail de bureau déprimant. Logan, un agriculteur local, a beau se tenir à l’écart de la communauté et de ses ragots, l’...",Cet article paraîtra le 24 septembre 2025.,"4,2 sur 5 étoiles",405 évaluations,"Broché – Grand livre, 24 septembre 2025",‏,,‏,‏,Non disponible,Romans et Littérature Française,https://www.amazon.fr/Pumpkin-Spice-Caf%C3%A9-TikTok-romance/dp/B0F7B5JL7M,2025-09-03T17:55:22.176951
"La Soeur de l'ombre (Les sept Soeurs, Tome 3)",Lucinda Riley,"10,90€",https://m.media-amazon.com/images/I/81Vs+h+zwUL._SY522_.jpg,"À la mort de leur père, énigmatique milliardaire qui les a ramenées des quatre coins du monde et adoptées lorsqu’elles étaient bébés, Star d’Aplièse et ses sœurs se retrouvent dans la maison de leur enfance, Atlantis, un magnifique château sur les bords du lac de Genève. Pour héritage, elles reçoivent chacune un indice qui leur permettra peut-être de percer le mystère de leurs origines.Mais Star, ...",En stock,"4,6 sur 5 étoiles",14 415 évaluations,"7,99 €",‏,‏,‏,,Non disponible,Romans et Littérature Française,https://www.amazon.fr/Soeur-lombre-sept-Soeurs/dp/225326234X,2025-09-03T17:55:29.391068
Les gens qui m'appellent Liam ne me connaissent pas,Julie Madar,Prix non disponible,https://m.media-amazon.com/images/I/71yJ96F0P9L._SY466_.jpg,"Suivie par 900 000 personnes, Liam joue le jeu en postant régulièrement des moments intimes et heureux de sa vie. Mais derrière le filtre, la réalité et le quotidien de Léa reprennent. Mariée à un homme condamné à douze ans de prison et maman de quatre enfants dont une petite fille lourdement handicapée, son existence romancée ressemble davantage à une comédie dramatique qu’à la mélodie du bonheur...",Cet article paraîtra le 2 octobre 2025.,Diapositive précédente des détails du produit,0 avis,"12,99 €",‏,,‏,‏,Non disponible,Romans et Littérature Française,https://www.amazon.fr/gens-qui-mappellent-Liam-connaissent/dp/B0FBWB74G7,2025-09-03T17:55:35.477146
"Atlas (Les sept Soeurs, Tome 8): L'Histoire de Pa Salt",Lucinda Riley,"11,90€",https://m.media-amazon.com/images/I/81orea8a7iL._SY522_.jpg,"Les sept sœurs d’Aplièse, réunies à bord du",En stock,"4,7 sur 5 étoiles",12 287 évaluations,"7,99 €",‏,‏,‏,,Non disponible,Romans et Littérature Française,https://www.amazon.fr/sept-Soeurs-8-Lucinda-Riley/dp/2253262390,2025-09-03T17:55:42.879955
"La Soeur à la perle (Les sept Soeurs, Tome 4)",Lucinda Riley,"10,90€",https://m.media-amazon.com/images/I/818tWlYZY1L._SY522_.jpg,"À la mort de leur père, énigmatique milliardaire qui les a ramenées des quatre coins du monde et adoptées lorsqu’elles étaient bébés, Célaéno d’Aplièse et ses sœurs reçoivent chacune pour héritage un indice qui leur permettra de percer le mystère de leurs origines. Le sien conduira CeCe jusque dans la chaleur et la poussière rouge de l’Australie. Elle y croisera le destin de Kitty McBride qui, cen...",En stock,"4,7 sur 5 étoiles",11 021 évaluations,"7,99 €",‏,‏,‏,,Non disponible,Romans et Littérature Française,https://www.amazon.fr/Soeur-%C3%A0-perle-sept-Soeurs/dp/2253262358,2025-09-03T17:55:51.874555
"La Soeur de la lune (Les sept Soeurs, Tome 5)",Lucinda Riley,"10,90€",https://m.media-amazon.com/images/I/81P4mlu0foL._SY522_.jpg,"À la mort de son père, l’énigmatique milliardaire Pa Salt – surnommé ainsi par ses filles, adoptées aux quatre coins du monde –, Tiggy se réfugie dans les Highlands écossais où elle se consacre à sa passion : s’occuper des animaux du domaine de Kinnaird, dirigé par le mystérieux Charlie. Là, au cœur de la nature, elle retrouve une sorte de paix intérieure. Mais sur le domaine vit aussi Chilly, un ...",En stock,"4,6 sur 5 étoiles",12 429 évaluations,"7,99 €",‏,‏,‏,,Non disponible,Romans et Littérature Française,https://www.amazon.fr/Soeur-lune-sept-Soeurs/dp/2253262366,2025-09-03T17:56:01.763255
Les Guerriers de l'hiver,Olivier Norek,Prix non disponible,https://m.media-amazon.com/images/I/61sm2AQh8cL._SY522_.jpg,Le nouveau roman événement d'Olivier Norek,En stock,"4,6 sur 5 étoiles",3 398 évaluations,"9,99 €",‏,‏,‏,‏,Non disponible,Romans et Littérature Française,https://www.amazon.fr/Guerriers-lhiver-Olivier-Norek/dp/2266335227,2025-09-03T17:56:07.922734
Les secrets de la femme de ménage,Freida McFadden,"8,60€",https://m.media-amazon.com/images/I/71RMELKuocL._SY522_.jpg,"Avec ce nouvel emploi, Millie semble avoir une chance en or. Chez les Garrick, un couple fortuné qui possède un somptueux appartement avec vue sur Manhattan, elle fait le ménage et prépare les repas dans la magnifique cuisine. Mais elle ne tarde pas à déceler quelques ombres au tableau... Son patron, Douglas Garrick, est d'humeur de plus en plus changeante. Et pourquoi sa femme Wendy reste-t-elle ...",En stock,"4,5 sur 5 étoiles",16 108 évaluations,"8,49 €",‏,,‏,,Non disponible,Romans et Littérature Française,https://www.amazon.fr/secrets-femme-m%C3%A9nage-Freida-McFadden/dp/2290391190/ref=lp_301132_1_1,2025-09-03T17:56:17.791633
La femme de ménage,Freida McFadden,Prix non disponible,https://m.media-amazon.com/images/I/613H6840ArL._SY522_.jpg,"Chaque jour, Millie fait le ménage dans la belle maison des Winchester, une riche famille new-yorkaise. Elle récupère aussi leur fille à l'école et prépare les repas avant d'aller se coucher dans sa chambre, au grenier. Pour la jeune femme, ce nouveau travail est une chance inespérée. L'occasion de repartir de zéro. Mais, sous des dehors respectables, sa patronne se montre de plus en plus instable...",En stock,"4,5 sur 5 étoiles",29 366 évaluations,"8,49 €",‏,,‏,‏,Non disponible,Romans et Littérature Française,https://www.amazon.fr/femme-m%C3%A9nage-Freida-McFadden/dp/2290391174/ref=lp_301132_1_2,2025-09-03T17:56:24.327401
La psy,Freida McFadden,"8,60€",https://m.media-amazon.com/images/I/71cE6QbXHSL._SY522_.jpg,"Jeunes mariés, Tricia et Ethan recherchent la maison de leurs rêves. Alors qu'ils visitent le manoir isolé de la docteure Adrienne Hale, une psychiatre disparue trois ans plus tôt, ils se retrouvent piégés par une violente tempête de neige. Au grand effroi de Tricia, qui est persuadée que quelque chose de terrible s'est produit dans cette demeure. Et puis, il y a ces empreintes de pas récentes sur...",En stock,"4,4 sur 5 étoiles",8 822 évaluations,"8,49 €",‏,,‏,,Non disponible,Romans et Littérature Française,https://www.amazon.fr/psy-Freida-McFadden/dp/2290415626/ref=lp_301132_1_3,2025-09-03T17:56:31.695532
La femme de ménage se marie,Freida McFadden,Prix non disponible,https://m.media-amazon.com/images/I/81FGULEBXNL._SY522_.jpg,"Aujourd’hui est censé être le plus beau jour de la vie de Millie. La femme de ménage se marie avec Enzo, l’homme de ses rêves, et rien ne peut gâcher son bonheur. D’autant que ses parents, avec lesquels elle est brouillée depuis quinze ans, ont promis d’assister à la cérémonie.Mais alors qu’elle devrait se préoccuper uniquement de sa robe et de sa coiffure, Millie est confrontée à un sérieux probl...",En stock,"3,7 sur 5 étoiles",5 960 évaluations,"2,99 €",‏,‏,‏,‏,Non disponible,Romans et Littérature Française,https://www.amazon.fr/femme-m%C3%A9nage-se-marie/dp/2824629428/ref=lp_301132_1_4,2025-09-03T17:56:39.352435
"EASTPAK Padded PAK'R Sac à Dos, 24 L - Sunday Grey (Gris)",Auteur inconnu,"32,99€",https://m.media-amazon.com/images/I/912FNXgEz3L._AC_SX679_.jpg,"MATERIALES SOSTENIBLES, COLORES REFINADOS, CIERRES DE CREMALLERA SEGUROS, Y FABRICACION DE GRAN CALIDAD",,"4,7 sur 5 étoiles",74 678 évaluations,Expédié et vendu par Amazon.,Non disponible,Non disponible,Non disponible,Non disponible,Non disponible,Romans et Littérature Française,https://www.amazon.fr/EASTPAK-Padded-PAKR-Sac-Dos/dp/B003OJ8RAE/ref=lp_301132_1_5,2025-09-03T17:56:44.406792
"EASTPAK Padded PAK'R Sac à Dos, 24 L - Sunday Grey (Gris)",Auteur inconnu,"32,99€",https://m.media-amazon.com/images/I/912FNXgEz3L._AC_SX679_.jpg,"MATERIALES SOSTENIBLES, COLORES REFINADOS, CIERRES DE CREMALLERA SEGUROS, Y FABRICACION DE GRAN CALIDAD",,"4,7 sur 5 étoiles",74 678 évaluations,Expédié et vendu par Amazon.,Non disponible,Non disponible,Non disponible,Non disponible,Non disponible,Romans et Littérature Française,https://www.amazon.fr/EASTPAK-Padded-PAKR-Sac-Dos/dp/B003OJ8RAE/ref=is_sr_dp_1,2025-09-03T17:56:53.019916
"EASTPAK PAK'R Sac à dos rembourré 24 l Noir Glitsplash, 001|noir, 40 x 30 x 18, PAK'R REMBOURRÉ",Auteur inconnu,"53,13€",https://m.media-amazon.com/images/I/711kYfkFNXL._AC_SX679_.jpg,"Eastpak PADDED PAK'R Sac à dos, 24 L - GlitsplashBlack (Noir)",,"4,7 sur 5 étoiles",74 678 évaluations,74 678 évaluations globales,Non disponible,Non disponible,Non disponible,Non disponible,Non disponible,Romans et Littérature Française,https://www.amazon.fr/EASTPAK-Padded-PAKR-Sac-Dos/dp/B0DGL7M199/ref=is_sr_dp_2,2025-09-03T17:57:00.318139
"Eastpak PADDED PAK'R Sac à Dos, 24 L - Army Olive (Vert)",Auteur inconnu,"34,99€",https://m.media-amazon.com/images/I/81eANdZVigL._AC_SX679_.jpg,AUTHENTIC PADDED PAK'R - Color: Army Olive,En stock,"4,7 sur 5 étoiles",74 678 évaluations,Expédié et vendu par Amazon.,Non disponible,Non disponible,Non disponible,Non disponible,Non disponible,Romans et Littérature Française,https://www.amazon.fr/EASTPAK-Padded-PAKR-Sac-Dos/dp/B0965FRSXN/ref=is_sr_s_dp_3,2025-09-03T17:57:07.037572
"Eastpak PADDED PAK'R Sac à Dos, 24 L - Beet Burgundy (Rouge)",Auteur inconnu,"79,95 €",https://m.media-amazon.com/images/I/81kohm0j1PL._AC_SX679_.jpg,EASTPAK PADDED PAK'R Beet Sac à dos Bordeaux,,"4,7 sur 5 étoiles",74 678 évaluations,74 678 évaluations globales,Non disponible,Non disponible,Non disponible,Non disponible,Non disponible,Romans et Littérature Française,https://www.amazon.fr/EASTPAK-Padded-PAKR-Sac-Dos/dp/B0CP5NF682/ref=is_sr_s_dp_4,2025-09-03T17:57:15.404268
"EASTPAK Padded PAK'R Sac à Dos, 24 L - Black Denim (Gris)",Auteur inconnu,"34,99€",https://m.media-amazon.com/images/I/81xmBYRNzhL._AC_SX679_.jpg,"MATERIALES SOSTENIBLES, COLORES REFINADOS, CIERRES DE CREMALLERA SEGUROS, Y FABRICACION DE GRAN CALIDAD",En stock,"4,7 sur 5 étoiles",74 678 évaluations,Expédié et vendu par Amazon.,Non disponible,Non disponible,Non disponible,Non disponible,Non disponible,Romans et Littérature Française,https://www.amazon.fr/EASTPAK-Padded-PAKR-Sac-Dos/dp/B00MGON1SG/ref=is_sr_dp_5,2025-09-03T17:57:23.751348
"Eastpak Padded Pak'r Sac à Dos, 40 cm, 24 L, Broad Blue",Auteur inconnu,"62,15 €",https://m.media-amazon.com/images/I/61M4plW3DML._AC_SX679_.jpg,"Notre sac à dos emblématique pour le travail, les jeux et partout où la journée vous mène. Ajustez les bretelles rembourrées en fonction de votre style et rangez les essentiels à portée de main dans la poche avant.",,"4,7 sur 5 étoiles",74 678 évaluations,74 678 évaluations globales,Non disponible,Non disponible,Non disponible,Non disponible,Non disponible,Romans et Littérature Française,https://www.amazon.fr/EASTPAK-Padded-PAKR-Sac-Dos/dp/B0BSNXJJD8/ref=is_sr_s_dp_6,2025-09-03T17:57:31.533935
"EASTPAK Padded PAK'R Sac à Dos, 24 L - Sunday Grey (Gris)",Auteur inconnu,"32,99€",https://m.media-amazon.com/images/I/912FNXgEz3L._AC_SX679_.jpg,"MATERIALES SOSTENIBLES, COLORES REFINADOS, CIERRES DE CREMALLERA SEGUROS, Y FABRICACION DE GRAN CALIDAD",,"4,7 sur 5 étoiles",74 678 évaluations,Expédié et vendu par Amazon.,Non disponible,Non disponible,Non disponible,Non disponible,Non disponible,Romans et Littérature Française,https://www.amazon.fr/EASTPAK-Padded-PAKR-Sac-Dos/dp/B003OJ8RAE/ref=is_sr_dp_n,2025-09-03T17:57:38.540053
La prof,Freida McFadden,Prix non disponible,https://m.media-amazon.com/images/I/71LPmlL7IaL._SY466_.jpg,"Chaque matin, Eve se lève et embrasse tendrement son mari, Nate. Ils partent  au travail ensemble, au lycée où elle enseigne les mathématiques et où Nate est professeur d’anglais. Une vie parfaite, réglée comme du papier à musique. Tranquille.Pourtant, l’année dernière, l’école a été secouée par un scandale. Un professeur a été licencié parce qu’il aurait eu une liaison avec Addie, une élève. Et c...",Format Kindle,"4,4 sur 5 étoiles",5 398 évaluations,"22,00 €",‏,,‏,‏,Non disponible,Romans et Littérature Française,https://www.amazon.fr/prof-Freida-McFadden-ebook/dp/B0DZ2K4HKC/ref=lp_301132_1_7,2025-09-03T17:57:52.496219
Tant mieux,Amélie Nothomb,"19,90€",https://m.media-amazon.com/images/I/81GxKHa6ICL._SY466_.jpg,« Tant mieux : la version joyeuse du sang-froid » Amélie Nothomb,En stock,"4,4 sur 5 étoiles",186 évaluations,"12,99 €",‏,,‏,‏,Non disponible,Romans et Littérature Française,https://www.amazon.fr/Tant-mieux-Am%C3%A9lie-Nothomb/dp/2226504397/ref=lp_301132_1_8,2025-09-03T17:58:01.551800
Jamais 203,Kentin Jarno,"18,90€",https://m.media-amazon.com/images/I/814kAkj4WoL._SY425_.jpg,Une nouvelle romance pleine de suspense et d'émotions.,En stock,"4,4 sur 5 étoiles",211 évaluations,"9,99 €",‏,‏,‏,‏,Non disponible,Romans et Littérature Française,https://www.amazon.fr/Jamais-203-Kentin-Jarno/dp/2226493840/ref=lp_301132_1_9,2025-09-03T17:58:09.772643
Manon Lescaut,Abbé Prévost,Prix non disponible,https://m.media-amazon.com/images/I/61dcIlwc3wL._SY425_.jpg,"BAC 2023 Dossier pédagogique de Marc Stéphan.   Dès que le chevalier Des Grieux aperçoit Manon Lescaut, il tombe irrémédiablement amoureux de la séduisante jeune femme et s'enfuit avec elle. Mais, très vite, la mystérieuse Manon trompe le sage chevalier et l'entraîne dans une lente descente aux enfers... Passion, trahisons, jeux, prostitution et emprisonnements jalonnent l'histoire devenue légenda...",En stock,"4,6 sur 5 étoiles",1 550 évaluations,"1,99 €",‏,‏,‏,‏,Non disponible,Romans et Littérature Française,https://www.amazon.fr/Manon-Lescaut-Abb%C3%A9-Pr%C3%A9vost/dp/B09TQYNX71/ref=lp_301132_1_11,2025-09-03T17:58:21.522709
À retardement : Nouveauté Franck Thilliez 2025 - L'auteur de thriller préféré des français - Une enquête de Sharko et de son équipe,Franck Thilliez,Prix non disponible,https://m.media-amazon.com/images/I/81AgQ1oWrTL._SY466_.jpg,"Quand on bascule dans la folie, il est souvent trop tard !",Format Kindle,"4,6 sur 5 étoiles",3 193 évaluations,"22,90 €",‏,,‏,‏,Non disponible,Romans et Littérature Française,https://www.amazon.fr/retardement-Nouveaut%C3%A9-Thilliez-thriller-fran%C3%A7ais-ebook/dp/B0DZFTBQ8K/ref=sr_1_52,2025-09-03T18:00:32.431886
À retardement,Franck Thilliez,"0,00€",https://m.media-amazon.com/images/I/81Q2akwnkKL._SX342_.jpg,"Quand on bascule dans la folie, il est souvent trop tard !","Livres audio Audible 

                        – Version intégrale","4,6 sur 5 étoiles",3 193 évaluations,"16,99 €",Non disponible,,,Non disponible,Non disponible,Romans et Littérature Française,https://www.amazon.fr/Audible-%C3%80-retardement/dp/B0F1G9ZTVQ/ref=sr_1_52,2025-09-03T18:00:42.187086
À retardement,Franck Thilliez,Prix non disponible,https://m.media-amazon.com/images/I/61LwGXVIyeL._SY385_.jpg,"Quand on bascule dans la folie, il est souvent trop tard !",En stock,"4,6 sur 5 étoiles",3 193 évaluations,"16,99 €",‏,‏,‏,Non disponible,Non disponible,Romans et Littérature Française,https://www.amazon.fr/%C3%80-retardement-Franck-Thilliez/dp/B0F59LJNHD/ref=sr_1_52,2025-09-03T18:00:49.901451
Lakestone - tome 2,Sarah Rivens,Prix non disponible,https://m.media-amazon.com/images/I/819DUv4HFfL._SY466_.jpg,"Huit mois se sont écoulés depuis la chute de Kai du haut de la falaise. Son corps reste introuvable, et l’ombre du mercenaire hante toujours Iris. Tout semble la ramener à Kai, à son souvenir, aussi vif que troublant. Tandis que les autres avancent, elle reste prisonnière de ce qu’il a laissé derrière lui.À Ewing, le calme n’est qu’une illusion : une vague de morts mystérieuses secoue la ville, et...",En stock,"4,8 sur 5 étoiles",2 864 évaluations,"9,99 €",‏,,‏,‏,Non disponible,Romans et Littérature Française,https://www.amazon.fr/Lakestone-2-Sarah-Rivens/dp/2017286214/ref=sr_1_53,2025-09-03T18:00:57.162873
"Lakestone: Lakestone, tome 2",Sarah Rivens,"0,00€",https://m.media-amazon.com/images/I/81LrO6eJy8L._SX342_.jpg,"Huit mois se sont écoulés depuis la chute de Kai du haut de la falaise. Son corps reste introuvable, et l'ombre du mercenaire hante toujours Iris. Tout semble la ramener à Kai, à son souvenir, aussi vif que troublant. Tandis que les autres avancent, elle reste prisonnière de ce qu'il a laissé derrière lui.","Livres audio Audible 

                        – Version intégrale","4,8 sur 5 étoiles",2 864 évaluations,"9,99 €",Non disponible,,,en lire plus,Non disponible,Romans et Littérature Française,https://www.amazon.fr/Audible-Lakestone-tome-2/dp/B0F48W29RQ/ref=sr_1_53,2025-09-03T18:01:08.007915
La Très Catastrophique Visite du Zoo,Joël Dicker,"19,00€",https://m.media-amazon.com/images/I/61XTKdou8OL._SY425_.jpg,LE livre à mettre entre toutes les mains,En stock,"4,2 sur 5 étoiles",4 109 évaluations,"14,99 €",‏,‏,‏,‏,Non disponible,Romans et Littérature Française,https://www.amazon.fr/Tr%C3%A8s-Catastrophique-Visite-Zoo/dp/2889730743/ref=sr_1_54,2025-09-03T18:01:16.679447
La Très Catastrophique Visite du Zoo,Joël Dicker,Prix non disponible,https://m.media-amazon.com/images/I/81DwS3TbI9L._SY425_.jpg,"LE livre à mettre entre toutes les mains""Pendant des années, dans la petite ville où j'ai grandi, les esprits restèrent marqués par les évènements qui se produisirent au zoo local un vendredi de décembre, à quelques jours de Noël. Et pendant toutes ces années, personne ne sut la vérité sur ce qui s'était réellement passé là-bas. Jusqu'à ce livre."" À la veille de Noël, une visite scolaire dans un z...",Format Kindle,"4,2 sur 5 étoiles",4 109 évaluations,"19,00 €",‏,,‏,‏,Non disponible,Romans et Littérature Française,https://www.amazon.fr/Tr%C3%A8s-Catastrophique-Visite-Zoo-ebook/dp/B0DS3VJDQR/ref=sr_1_54,2025-09-03T18:01:25.419985
"Valerie Perrin Changer L'eau Des Fleurs Poche Livres, 24 avril 2019",Valérie Perrin,"10,40€",https://m.media-amazon.com/images/I/61JCU-RfIqL._SY522_.jpg,"Violette Toussaint est garde-cimetière dans une petite ville de Bourgogne. Les gens de passage et les habitués viennent se confier et se réchauffer dans sa loge. Avec la petite équipe de fossoyeurs et le jeune curé, elle forme une famille décalée. Mais quels événements ont mené Violette dans cet univers où le tragique et le cocasse s’entremêlent ?Après le succès des",En stock,"4,6 sur 5 étoiles",25 497 évaluations,"9,99 €",‏,,‏,,Non disponible,Romans et Littérature Française,https://www.amazon.fr/Changer-leau-fleurs-Val%C3%A9rie-Perrin/dp/2253238023/ref=sr_1_55,2025-09-03T18:01:40.203632
Changer l'eau des fleurs,Valérie Perrin,Prix non disponible,https://m.media-amazon.com/images/I/81YBqL+o6lL._SY466_.jpg,"Violette Toussaint est garde-cimetière dans une petite ville de Bourgogne. Les gens de passage et les habitués viennent se réchauffer dans sa loge où rires et larmes se mélangent au café qu’elle leur offre. Son quotidien est rythmé par leurs confidences. Un jour, parce qu’un homme et une femme ont décidé de reposer ensemble dans son carré de terre, tout bascule. Des liens qui unissent vivants et m...",Format Kindle,"4,6 sur 5 étoiles",25 497 évaluations,"22,50 €",‏,,‏,‏,Non disponible,Romans et Littérature Française,https://www.amazon.fr/Changer-leau-fleurs-Val%C3%A9rie-Perrin-ebook/dp/B0799PSX5K/ref=sr_1_55,2025-09-03T18:01:47.317102
Changer l'eau des fleurs,Valérie Perrin,"0,00€",https://m.media-amazon.com/images/I/91H3WVxC5nL._SX342_.jpg,"Violette Toussaint est garde-cimetière dans une petite ville de Bourgogne. Les gens de passage et les habitués viennent se réchauffer dans sa loge où rires et larmes se mélangent au café qu'elle leur offre. Son quotidien est rythmé par leurs confidences. Un jour, parce qu'un homme et une femme ont décidé de reposer ensemble dans son carré de terre, tout bascule. Des liens qui unissent vivants et m...","Livres audio Audible 

                        – Version intégrale","4,6 sur 5 étoiles",25 497 évaluations,"9,99 €",Non disponible,,,en lire plus,Non disponible,Romans et Littérature Française,https://www.amazon.fr/Audible-Changer-leau-des-fleurs/dp/B09LZ4Y6MN/ref=sr_1_55,2025-09-03T18:01:55.054022
Changer l'eau des fleurs,Valérie Perrin,"22,50€",https://m.media-amazon.com/images/I/71m1nkcF2EL._SY466_.jpg,"Violette Toussaint est garde-cimetière dans une petite ville de Bourgogne. Les gens de passage et les habitués viennent se réchauffer dans sa loge où rires et larmes se mélangent au café qu'elle leur offre. Son quotidien est rythmé par leurs confidences. Un jour, parce qu'un homme et une femme ont décidé de reposer ensemble dans son carré de terre, tout bascule. Des liens qui unissent vivants et m...",En stock,"4,6 sur 5 étoiles",25 497 évaluations,"9,99 €",‏,,‏,,Non disponible,Romans et Littérature Française,https://www.amazon.fr/Changer-leau-fleurs-Val%C3%A9rie-Perrin/dp/2226403043/ref=sr_1_55,2025-09-03T18:02:03.798958
Changer l'eau des fleurs: Livre audio 2 CD MP3,Valérie Perrin,"28,90€",https://m.media-amazon.com/images/I/81T02NZIAJL._SY425_.jpg,"Violette Toussaint est garde-cimetière dans une petite ville de Bourgogne. Les gens de passage et les habitués viennent se réchauffer dans sa loge où rires et larmes se mélangent au café qu’elle leur offre. Son quotidien est rythmé par leurs confidences. Un jour, parce qu’un homme et une femme ont décidé de reposer ensemble dans son carré de terre, tout bascule. Des liens qui unissent vivants et m...",Il ne reste plus que 4 exemplaire(s) en stock (d'autres exemplaires sont en cours d'acheminement).,"4,6 sur 5 étoiles",25 497 évaluations,"9,99 €",‏,‏,‏,en lire plus,Non disponible,Romans et Littérature Française,https://www.amazon.fr/Changer-leau-fleurs-Livre-audio/dp/B0948JTDB7/ref=sr_1_55,2025-09-03T18:02:12.786354
Là où chantent les écrevisses,Delia Owens,Prix non disponible,https://m.media-amazon.com/images/I/81A4nzP1dOL._SY522_.jpg,« Un superbe hymne à la nature. »,En stock,"4,6 sur 5 étoiles",9 837 évaluations,"8,49 €",‏,,‏,‏,Non disponible,Romans et Littérature Française,https://www.amazon.fr/L%C3%A0-chantent-%C3%A9crevisses-Delia-Owens/dp/2757889974/ref=sr_1_56,2025-09-03T18:02:19.497522
Là où chantent les écrevisses,Delia Owens,Prix non disponible,https://m.media-amazon.com/images/I/81Vn+X6Y3bL._SY466_.jpg,Traduit de l’anglais (Etats-Unis) par Marc Amfreville,Format Kindle,"4,6 sur 5 étoiles",9 837 évaluations,"22,50 €",‏,,‏,‏,Non disponible,Romans et Littérature Française,https://www.amazon.fr/L%C3%A0-chantent-%C3%A9crevisses-Delia-Owens-ebook/dp/B081S34QPP/ref=sr_1_56,2025-09-03T18:02:24.727369
Là où chantent les écrevisses,Delia Owens,"0,00€",https://m.media-amazon.com/images/I/81NuQYb9AHL._SX342_.jpg,"Pendant des années, les rumeurs les plus folles ont couru sur ""la Fille des marais"" de Barkley Cove, une petite ville de Caroline du Nord. Pourtant, Kya n'est pas cette fille sauvage et analphabète que tous imaginent et craignent.","Livres audio Audible 

                        – Version intégrale","4,6 sur 5 étoiles",9 837 évaluations,"8,49 €",Non disponible,,,Non disponible,Non disponible,Romans et Littérature Française,https://www.amazon.fr/L%C3%A0-o%C3%B9-chantent-les-%C3%A9crevisses/dp/B08FXMYDWL/ref=sr_1_56,2025-09-03T18:02:31.755085
Là où chantent les écrevisses,Delia Owens,"22,50€",https://m.media-amazon.com/images/I/61kzn3dLLDL._SY466_.jpg,Traduit de l’anglais (Etats-Unis) par Marc Amfreville,Il ne reste plus que 1 exemplaire(s) en stock (d'autres exemplaires sont en cours d'acheminement).,"4,6 sur 5 étoiles",9 837 évaluations,"8,49 €",‏,‏,‏,‏,Non disponible,Romans et Littérature Française,https://www.amazon.fr/L%C3%A0-chantent-%C3%A9crevisses-Delia-Owens/dp/2021412865/ref=sr_1_56,2025-09-03T18:02:39.695425
Là où chantent les écrevisses: Livre audio 2 CD MP3,Delia Owens,Prix non disponible,https://m.media-amazon.com/images/I/71O74RXpr3L._SY425_.jpg,"Pendant des années, les rumeurs les plus folles ont couru sur « la Fille des marais » de Barkley Cove, une petite ville de Caroline du Nord. Pourtant, Kya n’est pas cette fille sauvage et analphabète que tous imaginent et craignent.À l’âge de dix ans, abandonnée par sa famille, elle doit apprendre à survivre seule dans le marais, devenu pour elle un refuge naturel et une protection. Sa rencontre a...",Il ne reste plus que 3 exemplaire(s) en stock (d'autres exemplaires sont en cours d'acheminement).,"4,6 sur 5 étoiles",9 837 évaluations,"8,49 €",‏,‏,‏,Non disponible,Non disponible,Romans et Littérature Française,https://www.amazon.fr/L%C3%A0-o%C3%B9-chantent-%C3%A9crevisses-Livre/dp/B0898WJ6MY/ref=sr_1_56,2025-09-03T18:02:47.316324
L'Homme sans nom,Jack Beaumont,Prix non disponible,https://m.media-amazon.com/images/I/81-5V911lwL._SY522_.jpg,"Espion aux multiples légendes, Alec de Payns travaille à la DGSE, les services secrets extérieurs français. Quand une mission en Sicile tourne mal, il comprend qu’une taupe a infiltré son équipe. Alors qu’une enquête s’ouvre en interne, de Payns est envoyé au Pakistan dans une usine de produits agricoles soupçonnée de fabriquer des armes chimiques. Quel lien unit ces deux missions pourtant si diff...",Disponible pour expédition d'ici 1 à 2 jours,"4,5 sur 5 étoiles",199 évaluations,"13,99 €",‏,‏,‏,‏,Non disponible,Romans et Littérature Française,https://www.amazon.fr/LHomme-sans-nom-Jack-Beaumont/dp/2253242829/ref=sr_1_57,2025-09-03T18:02:56.101538
L'Homme sans nom,Jack Beaumont,Prix non disponible,https://m.media-amazon.com/images/I/81dbqo2Nk3L._SY522_.jpg,Le premier thriller puissant et réaliste d'un ancien agent de la DGSE,Format Kindle,"4,5 sur 5 étoiles",199 évaluations,"9,90 €",‏,lisez avec notre  appli gratuite,‏,‏,Non disponible,Romans et Littérature Française,https://www.amazon.fr/LHomme-sans-nom-Jack-Beaumont-ebook/dp/B0BXZKD41R/ref=sr_1_57,2025-09-03T18:03:03.965917
L'homme sans nom,Jack Beaumont,"15,82 €",https://m.media-amazon.com/images/I/61uEA5ehCHL._SY522_.jpg,Le premier thriller puissant et réaliste d'un ancien agent de la DGSE,"Broché – Grand livre, 6 avril 2023","4,5 sur 5 étoiles",199 évaluations,"13,99 €",‏,‏,‏,‏,Non disponible,Romans et Littérature Française,https://www.amazon.fr/Lhomme-sans-nom-Jack-Beaumont/dp/274994841X/ref=sr_1_57,2025-09-03T18:03:10.091100
Un automne pour te pardonner - poche: Seasons Tome 1,Morgane Moncomble,"8,90€",https://m.media-amazon.com/images/I/81iiOMEmlGL._SY522_.jpg,La série phénomène de Morgane Moncomble enfin en poche !,En stock,"4,6 sur 5 étoiles",2 994 évaluations,"9,99 €",‏,‏,‏,,Non disponible,Romans et Littérature Française,https://www.amazon.fr/automne-pour-pardonner-poche-Seasons/dp/275567119X/ref=sr_1_58,2025-09-03T18:03:18.290581
Un automne pour te pardonner : Seasons Tome 1,Morgane Moncomble,Prix non disponible,https://m.media-amazon.com/images/I/81MbgaKUS-L._SY466_.jpg,"Avocate en devenir, Camélia est passionnée de crimes non résolus.",Format Kindle,"4,6 sur 5 étoiles",2 994 évaluations,"17,00 €",‏,,‏,en lire plus,Non disponible,Romans et Littérature Française,https://www.amazon.fr/automne-pour-pardonner-Seasons-ebook/dp/B0C24B27TG/ref=sr_1_58,2025-09-03T18:03:26.424354
Un automne pour te pardonner: Seasons 1,Morgane Moncomble,"0,00€",https://m.media-amazon.com/images/I/81ardtX+arL._SX342_.jpg,"Avocate en devenir, Camélia est passionnée de crimes non résolus. Ca tombe bien, Rory Cavendish, son ancien bourreau, vient de mourir mystérieusement. Le présumé coupable du meurtre, c'est lui. Lou McAllister.","Livres audio Audible 

                        – Version intégrale","4,6 sur 5 étoiles",2 994 évaluations,"9,99 €",Non disponible,,,en lire plus,Non disponible,Romans et Littérature Française,https://www.amazon.fr/automne-pour-pardonner-Seasons/dp/B0CTRY3M2Y/ref=sr_1_58,2025-09-03T18:03:33.430999
Un automne pour te pardonner: Seasons Tome 1,Morgane Moncomble,"17,00€",https://m.media-amazon.com/images/I/81Upbm40BZL._SY466_.jpg,"Avocate en devenir, Camélia est passionnée de crimes non résolus.",En stock,"4,6 sur 5 étoiles",2 994 évaluations,"9,99 €",‏,‏,‏,,Non disponible,Romans et Littérature Française,https://www.amazon.fr/automne-pour-pardonner-Seasons/dp/275566939X/ref=sr_1_58,2025-09-03T18:03:41.615137
La sage-femme de Berlin,Anna Stuart,"8,90€",https://m.media-amazon.com/images/I/71FPJDTtexL._SY522_.jpg,"Grâce au courage d'Ester et d'autres de ses codétenues à Auschwitz, plusieurs bébés, nés dans le camp, ont réussi à survivre. Chacun a été tatoué du numéro de déportée de sa mère. Ester a elle-même donné la vie à une petite Pippa, qui lui a été retirée au profit d'une famille allemande. À la libération du camp, Ester fait partie des rares rescapés. Dès lors, elle n'aura de cesse de retrouver son e...",En stock,"4,6 sur 5 étoiles",1 769 évaluations,"11,99 €",‏,,‏,,Non disponible,Romans et Littérature Française,https://www.amazon.fr/sage-femme-Berlin-Anna-Stuart/dp/2290411426/ref=sr_1_59,2025-09-03T18:03:49.245128
La sage-femme de Berlin : Le roman Best-Seller inspiré d'une incroyable histoire vraie.,Anna Stuart,Prix non disponible,https://m.media-amazon.com/images/I/81AV-56xyXL._SY466_.jpg,"Dans l'enfer d'Auschwitz, Ester caresse doucement les cheveux de Pippa, son bébé. C'est un miracle que sa petite fille soit blonde, car grâce à ce détail l'enfant pourra rester en vie. Bientôt, les nazis viendront prendre son bébé pour le donner à une famille allemande. Mais Ester veut croire qu'un jour, après la guerre, elle retrouvera sa Pippa... Secrètement, la jeune femme a tatoué son numéro d...",Format Kindle,"4,6 sur 5 étoiles",1 769 évaluations,"22,00 €",‏,,‏,‏,Non disponible,Romans et Littérature Française,https://www.amazon.fr/sage-femme-Berlin-Anna-Stuart-ebook/dp/B0CTJ6D9M3/ref=sr_1_59,2025-09-03T18:03:57.355026
La sage-femme de Berlin - Femmes de guerre: Women of War - Tome 2,Anna Stuart,"0,00€",https://m.media-amazon.com/images/I/91EEPVZ7YLL._SX342_.jpg,""" Que vaut-il mieux ? Que votre enfant meure avec vous, ou qu'il reste en vie loin de vous ? ""","Livres audio Audible 

                        – Version intégrale","4,6 sur 5 étoiles",1 769 évaluations,"11,99 €",Non disponible,,,Non disponible,Non disponible,Romans et Littérature Française,https://www.amazon.fr/sage-femme-Berlin-Femmes-guerre-Women/dp/B0DQLZQRCG/ref=sr_1_59,2025-09-03T18:04:04.272454
La sage-femme de Berlin: Le roman Best-Seller inspiré d'une incroyable histoire vraie.,Anna Stuart,"22,00€",https://m.media-amazon.com/images/I/81AV-56xyXL._SY466_.jpg,"Dans l'enfer d'Auschwitz, Ester caresse doucement les cheveux de Pippa, son bébé. C'est un miracle que sa petite fille soit blonde, car grâce à ce détail l'enfant pourra rester en vie. Bientôt, les nazis viendront prendre son bébé pour le donner à une famille allemande. Mais Ester veut croire qu'un jour, après la guerre, elle retrouvera sa Pippa... Secrètement, la jeune femme a tatoué son numéro d...",En stock,"4,6 sur 5 étoiles",1 769 évaluations,"11,99 €",‏,‏,‏,,Non disponible,Romans et Littérature Française,https://www.amazon.fr/sage-femme-Berlin-Anna-Stuart/dp/2824623322/ref=sr_1_59,2025-09-03T18:04:11.975194
La Dernière allumette,Marie Vareille,Prix non disponible,https://m.media-amazon.com/images/I/81uofyYLuUL._SY466_.jpg,"Depuis plus de vingt ans, Abigaëlle vit recluse dans un couvent en Bourgogne. Sa vie d’avant ? Elle l’a en grande partie oubliée. Elle est même incapable de se rappeler l’événement qui a fait basculer sa destinée et l’a poussée à se retirer du monde. De loin, elle observe la vie parisienne de Gabriel, son grand frère dont la brillante carrière d’artiste et l’imaginaire rempli de poésie sont encens...",Format Kindle,"4,6 sur 5 étoiles",3 756 évaluations,"20,90 €",‏,,‏,‏,Non disponible,Romans et Littérature Française,https://www.amazon.fr/Derni%C3%A8re-allumette-Marie-Vareille-ebook/dp/B0CPRVZ9GW/ref=sr_1_60,2025-09-03T18:04:21.171658
La Dernière Allumette: Suivi d'un entretien avec l'autrice,Marie Vareille,"0,00€",https://m.media-amazon.com/images/I/81HQJXTAz2L._SX342_.jpg,"Depuis plus de vingt ans, Abigaëlle vit recluse dans un couvent en Bourgogne. Sa vie d’avant ? Elle l’a en grande partie oubliée. Elle est même incapable de se rappeler l’événement qui a fait basculer sa destinée et l’a poussée à se retirer du monde.","Livres audio Audible 

                        – Version intégrale","4,6 sur 5 étoiles",3 756 évaluations,"6,99 €",Non disponible,,,en lire plus,Non disponible,Romans et Littérature Française,https://www.amazon.fr/Derni%C3%A8re-Allumette-Suivi-entretien-lautrice/dp/B0CVQRJM79/ref=sr_1_60,2025-09-03T18:04:28.586178
La dernière allumette - Finaliste du Prix Maison de la Presse,Marie Vareille,"20,90€",https://m.media-amazon.com/images/I/61sTARIJnLL._SY466_.jpg,"Depuis plus de vingt ans, Abigaëlle vit recluse dans un couvent en Bourgogne. Sa vie d’avant ? Elle l’a en grande partie oubliée. Elle est même incapable de se rappeler l’événement qui a fait basculer sa destinée et l’a poussée à se retirer du monde.",En stock,"4,6 sur 5 étoiles",3 756 évaluations,"6,99 €",‏,,‏,,Non disponible,Romans et Littérature Française,https://www.amazon.fr/derni%C3%A8re-allumette-Marie-Vareille/dp/2368129537/ref=sr_1_60,2025-09-03T18:04:37.063948
La Dernière Allumette,Marie Vareille,"8,90€",https://m.media-amazon.com/images/I/715xVsipdlL._SY522_.jpg,"Depuis plus de vingt ans, Abigaëlle vit recluse dans un couvent en Bourgogne. Sa vie d’avant ? Elle l’a en grande partie oubliée. Elle est même incapable de se rappeler l’événement qui a fait basculer sa destinée et l’a poussée à se retirer du monde. De loin, elle observe la vie parisienne de Gabriel, son grand frère, dont la brillante carrière d’artiste et l’imaginaire rempli de poésie sont encen...",En stock,"4,6 sur 5 étoiles",3 756 évaluations,"6,99 €",‏,‏,‏,,Non disponible,Romans et Littérature Française,https://www.amazon.fr/Derni%C3%A8re-Allumette-Marie-Vareille/dp/2253251038/ref=sr_1_60,2025-09-03T18:04:46.428926
La Dernière Allumette: Livre audio 1 CD MP3 - Suivi d'un entretien avec l'autrice,Marie Vareille,"24,50€",https://m.media-amazon.com/images/I/71Bjl76KuML._SY425_.jpg,"Depuis plus de vingt ans, Abigaëlle vit recluse dans un couvent en Bourgogne. Sa vie d’avant ? Elle l’a en grande partie oubliée. Elle est même incapable de se rappeler l’événement qui a fait basculer sa destinée et l’a poussée à se retirer du monde.De loin, elle observe la vie parisienne de Gabriel, son grand frère, dont la brillante carrière d’artiste et l’imaginaire rempli de poésie sont encens...",Il ne reste plus que 2 exemplaire(s) en stock (d'autres exemplaires sont en cours d'acheminement).,"4,6 sur 5 étoiles",3 756 évaluations,"6,99 €",‏,‏,‏,en lire plus,Non disponible,Romans et Littérature Française,https://www.amazon.fr/Derni%C3%A8re-Allumette-Livre-entretien-lautrice/dp/B0CPHNBDR2/ref=sr_1_60,2025-09-03T18:04:53.352439
Plus jamais sans moi,Maud Ankaoua,"8,40€",https://m.media-amazon.com/images/I/51wDT92Z4eL._SY522_.jpg,"Avez-vous déjà vécu l'amour vrai ? Constance, brillante avocate, a obtenu le poste dont elle rêvait dans un cabinet d'élite. Pourtant, à l'approche de la quarantaine, elle se sent fragile, peu sûre d'elle... Très amoureuse de Lucas, elle attend depuis des mois que celui-ci quitte sa femme. Son contrat tout juste signé, Constance découvre qu'elle doit effectuer une période d'essai d'un genre... peu...",En stock,"4,6 sur 5 étoiles",3 513 évaluations,"12,99 €",‏,,,,Non disponible,Romans et Littérature Française,https://www.amazon.fr/Plus-jamais-sans-Maud-Ankaoua/dp/2290412317/ref=sr_1_61,2025-09-03T18:05:01.210820
Plus jamais sans moi (Romans de développement personnel),Maud Ankaoua,Prix non disponible,https://m.media-amazon.com/images/I/71sxXpUl+NL._SY466_.jpg,"Et s'il était temps pour vous de rencontrer enfin le grand amour ? Constance, avocate brillante, a obtenu le poste qu'elle convoitait dans un cabinet d'élite. Pourtant, à l'approche de la quarantaine, elle se sent fragile et peu sûre d'elle. Très amoureuse de Lucas, elle attend que celui-ci quitte sa femme comme il le lui a promis. Alors qu'elle vient de signer son contrat, Constance découvre qu'e...",Format Kindle,"4,6 sur 5 étoiles",3 513 évaluations,"18,90 €",‏,,‏,‏,Non disponible,Romans et Littérature Française,https://www.amazon.fr/Plus-jamais-Romans-d%C3%A9veloppement-personnel-ebook/dp/B0BNPFB88H/ref=sr_1_61,2025-09-03T18:05:09.348369
Plus jamais sans moi,Maud Ankaoua,"0,00€",https://m.media-amazon.com/images/I/81o0v6Uq0uL._SX342_.jpg,Et s'il était temps pour vous de rencontrer enfin le grand amour ?,"Livres audio Audible 

                        – Version intégrale","4,6 sur 5 étoiles",3 513 évaluations,"12,99 €",Non disponible,,,en lire plus,Non disponible,Romans et Littérature Française,https://www.amazon.fr/Audible-Plus-jamais-sans-moi/dp/B0BQRGKPKZ/ref=sr_1_61,2025-09-03T18:05:15.459394
Plus jamais sans moi,Maud Ankaoua,"18,90€",https://m.media-amazon.com/images/I/61GjhbslspL._SY466_.jpg,Et s'il était temps pour vous de rencontrer enfin le grand amour ?,En stock,"4,6 sur 5 étoiles",3 513 évaluations,"12,99 €",‏,,‏,‏,Non disponible,Romans et Littérature Française,https://www.amazon.fr/Plus-jamais-sans-Maud-Ankaoua/dp/2416008382/ref=sr_1_61,2025-09-03T18:05:23.328029
La chirurgienne,Leslie Wolfe,Prix non disponible,https://m.media-amazon.com/images/I/71xKvLKuUmL._SY522_.jpg,"Anne Wiley a tout pour elle : un mariage heureux, une belle maison et surtout une brillante carrière de chirurgienne cardiaque qui a fait la renommée de l'hôpital où elle exerce. En dix ans, elle n'a jamais perdu personne sur sa table d'opération. Jusqu'au jour où le coeur de son patient refuse de redémarrer. Et lorsque Anne reconnaît le visage de l'homme allongé devant elle, sa main se fige. Quel...",En stock,"4,3 sur 5 étoiles",38 évaluations,Poche – 9 avril 2025,‏,‏,‏,‏,Non disponible,Romans et Littérature Française,https://www.amazon.fr/chirurgienne-Leslie-Wolfe/dp/2290422886/ref=sr_1_62,2025-09-03T18:05:32.683229
Sur tes traces,Harlan Coben,"9,30€",https://m.media-amazon.com/images/I/61BSSzU4nOL._SY522_.jpg,"Il y a cinq ans, David prenait perpétuité pour le meurtre de son enfant.  Aujourd'hui, David apprend que son fils est vivant...",En stock,"4,4 sur 5 étoiles",2 126 évaluations,"15,99 €",‏,,‏,‏,Non disponible,Romans et Littérature Française,https://www.amazon.fr/Sur-tes-traces-Harlan-Coben/dp/2266341685/ref=sr_1_63,2025-09-03T18:05:40.466493
Sur tes traces,Harlan Coben,Prix non disponible,https://m.media-amazon.com/images/I/71ypc9P1GKL._SY522_.jpg,"Il y a cinq ans, David prenait perpétuité pour le meurtre de son enfant.Aujourd'hui, David apprend que son fils est vivant...Il y a cinq ans, David avait tout : un mariage heureux, un petit garçon, Matthew.Aujourd'hui, David est en prison à vie pour le meurtre de son fils.Délire alcoolique ? Crise psychotique ? Que s'est-il passé cette nuit-là ?David n'a plus aucun souvenir.Un jour, son ex-belle-s...",Format Kindle,"4,4 sur 5 étoiles",2 126 évaluations,"22,90 €",‏,,‏,‏,Non disponible,Romans et Littérature Française,https://www.amazon.fr/Sur-tes-traces-Harlan-Coben-ebook/dp/B0CCQ119W1/ref=sr_1_63,2025-09-03T18:05:48.277187
Sur tes traces,Harlan Coben,"0,00€",https://m.media-amazon.com/images/I/71YNEIuZfTL._SX342_.jpg,​Où trouver la force de se battre quand on a tout perdu ?,"Livres audio Audible 

                        – Version intégrale","4,4 sur 5 étoiles",2 126 évaluations,"15,99 €",Non disponible,,,Non disponible,Non disponible,Romans et Littérature Française,https://www.amazon.fr/Audible-Sur-tes-traces/dp/B0CJCD381Q/ref=sr_1_63,2025-09-03T18:05:56.183144
Sur tes traces,Harlan Coben,"22,90€",https://m.media-amazon.com/images/I/615hZf2TcqL._SY522_.jpg,"Il y a cinq ans, David prenait perpétuité pour le meurtre de son enfant.  Aujourd'hui, David apprend que son fils est vivant...",En stock,"4,4 sur 5 étoiles",2 126 évaluations,"15,99 €",‏,,‏,‏,Non disponible,Romans et Littérature Française,https://www.amazon.fr/Sur-tes-traces-Harlan-Coben/dp/2714495109/ref=sr_1_63,2025-09-03T18:06:03.260811
Sur tes traces,Harlan Coben,"22,90€",https://m.media-amazon.com/images/I/51L+DmkKWQL._SY342_.jpg,​Où trouver la force de se battre quand on a tout perdu ?,Il ne reste plus que 4 exemplaire(s) en stock (d'autres exemplaires sont en cours d'acheminement).,"4,4 sur 5 étoiles",2 126 évaluations,"15,99 €",‏,‏,‏,Non disponible,Non disponible,Romans et Littérature Française,https://www.amazon.fr/Sur-tes-traces-Harlan-Coben/dp/B0C7Z84WRJ/ref=sr_1_63,2025-09-03T18:06:08.311146
Leonid Petrov T2: L'âme d'une Reine,Nanou Ad,Prix non disponible,https://m.media-amazon.com/images/I/81O1soFms+L._SY385_.jpg,"Après avoir été capturée par Leonid Petrov, « le prince des enfers », Anna voit sa vie basculer. Au milieu du chaos, de la mort et de la violence, ils ont appris à s’aimer. Mais pour la garder, il va devoir affronter ceux qui veulent les séparer. Car les ennemis rôdent et l’alliance entre les trois grandes familles de la mafia russe n’a jamais été aussi fragile. Les Petrov se dressent, plus unis q...",Cet article paraîtra le 10 septembre 2025.,Diapositive précédente des détails du produit,0 avis,"9,99 €",‏,‏,‏,‏,Non disponible,Romans et Littérature Française,https://www.amazon.fr/Leonid-Petrov-T2-L%C3%A2me-Reine/dp/2824628898/ref=sr_1_64,2025-09-03T18:06:14.359253
Leonid Petrov T2 : L'âme d'une Reine,Nanou Ad,Prix non disponible,https://m.media-amazon.com/images/I/81C-0LkGOIL._SY466_.jpg,"Après avoir été capturée par Leonid Petrov, « le prince des enfers », Anna voit sa vie basculer. Au milieu du chaos, de la mort et de la violence, ils ont appris à s’aimer.  Mais pour la garder, il va devoir affronter ceux qui veulent les séparer.  Car les ennemis rôdent et l’alliance entre les trois grandes familles de la mafia russe n’a jamais été aussi fragile. Les Petrov se dressent, plus unis...",Format Kindle,Diapositive précédente des détails du produit,0 avis,"20,90 €",‏,lisez avec notre  appli gratuite,‏,Non disponible,Non disponible,Romans et Littérature Française,https://www.amazon.fr/Leonid-Petrov-T2-L%C3%A2me-Reine-ebook/dp/B0FHKNVL91/ref=sr_1_64,2025-09-03T18:06:20.929187
"Onyx Storm (French Edition): The Empyrean, Book 3",Rebecca Yarros,"0,00€",https://m.media-amazon.com/images/I/91rYgYmPdXL._SX342_.jpg,"La guerre prend un tournant massif mais le plus grand risque vient désormais de l'intérieur. Plus amoureuse que jamais, Violet est bien décidée à affronter les ténèbres.","Livres audio Audible 

                        – Version intégrale","4,6 sur 5 étoiles",1 064 évaluations,"12,99 €",Non disponible,,,Non disponible,Non disponible,Romans et Littérature Française,https://www.amazon.fr/Onyx-Storm-French-Empyrean-Book/dp/B0DSY9N4HL/ref=sr_1_65,2025-09-03T18:06:46.343683
Onyx Storm - Version française : The Empyrean Tome 3 (Fourth wing),Rebecca Yarros,Prix non disponible,https://m.media-amazon.com/images/I/81zf9RTRmYL._SY466_.jpg,"Prix Kindle : 38,97 €TVA incluse",Format Kindle,"4,6 sur 5 étoiles",1 064 évaluations,"29,95 €",‏,,‏,‏,Non disponible,Romans et Littérature Française,https://www.amazon.fr/Onyx-Storm-Version-fran%C3%A7aise-Empyrean-ebook/dp/B0DSJFF1QN/ref=sr_1_65,2025-09-03T18:06:55.065658
Onyx Storm - Version française - Broché: The Empyrean Tome 3,Rebecca Yarros,Prix non disponible,https://m.media-amazon.com/images/I/91tvP0j+r3L._SY466_.jpg,Pas de description,En stock,"4,6 sur 5 étoiles",1 064 évaluations,"12,99 €",‏,,‏,‏,Non disponible,Romans et Littérature Française,https://www.amazon.fr/Onyx-Storm-Version-fran%C3%A7aise-Empyrean/dp/275567315X/ref=sr_1_65,2025-09-03T18:07:01.642152
Onyx Storm - Version française - Cartonné: The Empyrean Tome 3,Rebecca Yarros,"29,95€",https://m.media-amazon.com/images/I/716pu27G0UL._SY342_.jpg,Pas de description,En stock,"4,6 sur 5 étoiles",1 064 évaluations,"12,99 €",‏,,‏,‏,Non disponible,Romans et Littérature Française,https://www.amazon.fr/Onyx-Storm-fran%C3%A7aise-Cartonn%C3%A9-Empyrean/dp/2755671491/ref=sr_1_65,2025-09-03T18:07:07.669139
"Lakestone - tome 1: Après Captive, le nouveau roman phénomène de Sarah Rivens",Sarah Rivens,"20,00€",https://m.media-amazon.com/images/I/81dm40luYyL._SY466_.jpg,"Dans la tranquillité trompeuse de la ville d'Ewing aux États-Unis, Iris, confinée à la bibliothèque, est plongée dans ses révisions. À des kilomètres de là, un mercenaire affronte le froid tranchant de la nuit, aussi glaciale que le cadavre qu'il vient d’enterrer.Ils n’ont rien en commun, pourtant tous deux ont le même objectif : amasser assez d'argent. Iris, pour payer ses frais de scolarité à l'...",En stock,"4,7 sur 5 étoiles",3 211 évaluations,"9,99 €",‏,,‏,,Non disponible,Romans et Littérature Française,https://www.amazon.fr/Lakestone-Captive-nouveau-ph%C3%A9nom%C3%A8ne-Rivens/dp/2017207039/ref=sr_1_66,2025-09-03T18:07:17.041476
Lakestone: Lakestone 1,Sarah Rivens,"0,00€",https://m.media-amazon.com/images/I/91gyj-nAFxL._SX342_.jpg,"Dans la tranquillité trompeuse de la ville d'Ewing aux États-Unis, Iris, confinée à la bibliothèque, est plongée dans ses révisions. À des kilomètres de là, un mercenaire affronte le froid tranchant de la nuit, aussi glaciale que le cadavre qu'il vient d’enterrer. Ils n’ont rien en commun, pourtant tous deux ont le même objectif : amasser assez d'argent. Iris, pour payer ses frais de scolarité à l...","Livres audio Audible 

                        – Version intégrale","4,7 sur 5 étoiles",3 211 évaluations,"9,99 €",Non disponible,,,Non disponible,Non disponible,Romans et Littérature Française,https://www.amazon.fr/Audible-Lakestone-1/dp/B0CQ4YQLW8/ref=sr_1_66,2025-09-03T18:07:24.475673
Lakestone - tome 1 (Romantic Suspense),Sarah Rivens,Prix non disponible,https://m.media-amazon.com/images/I/81dm40luYyL._SY466_.jpg,"Dans la tranquillité trompeuse de la ville d'Ewing aux États-Unis, Iris, confinée à la bibliothèque, est plongée dans ses révisions. À des kilomètres de là, un mercenaire affronte le froid tranchant de la nuit, aussi glaciale que le cadavre qu'il vient d’enterrer.Ils n’ont rien en commun, pourtant tous deux ont le même objectif  : amasser assez d'argent. Iris, pour payer ses frais de scolarité à l...",Format Kindle,"4,7 sur 5 étoiles",3 211 évaluations,"20,00 €",‏,,‏,‏,Non disponible,Romans et Littérature Française,https://www.amazon.fr/Lakestone-1-Sarah-Rivens-ebook/dp/B0CGM3KN1C/ref=sr_1_66,2025-09-03T18:07:32.112135
L'Alchimiste,Paulo Coelho,Prix non disponible,https://m.media-amazon.com/images/I/61QD6IeAA7L._SY522_.jpg,"Santiago, un jeune berger andalou, part à la recherche d'un trésor enfoui au pied des Pyramides. Lorsqu'il rencontre l'Alchimiste dans le désert, celui-ci lui apprend à écouter son coeur, à lire les signes du destin et, par-dessus tout, à aller au bout de ses rêves. Merveilleux conte philosophique destiné à l'enfant qui sommeille en chaque être, ce livre a déjà marqué une génération de lecteurs.",En stock,"4,6 sur 5 étoiles",10 414 évaluations,"5,49 €",‏,,‏,‏,Non disponible,Romans et Littérature Française,https://www.amazon.fr/LAlchimiste-Paulo-Coelho/dp/2290258067/ref=sr_1_67,2025-09-03T18:07:40.350526
L'Alchimiste,Paulo Coelho,"0,00€",https://m.media-amazon.com/images/I/91YWjVXcDZL._SX342_.jpg,"Santiago, un jeune berger andalou, part à la recherche d'un trésor enfoui au pied des Pyramides. Lorsqu'il rencontre l'Alchimiste dans le désert, celui-ci lui apprend à écouter son coeur, à lire les signes du destin et, par-dessus tout, à aller au bout de son rêve.","Livres audio Audible 

                        – Version intégrale","4,6 sur 5 étoiles",10 414 évaluations,"5,49 €",Non disponible,,,Non disponible,Non disponible,Romans et Littérature Française,https://www.amazon.fr/LAlchimiste/dp/B08QB51D48/ref=sr_1_67,2025-09-03T18:07:48.016250
L'Alchimiste,Paulo Coelho,Prix non disponible,https://m.media-amazon.com/images/I/81Yl44WhIXL._SY466_.jpg,"«Mon cœur craint de souffrir, dit le jeune homme à l’alchimiste, une nuit qu’ils regardaient le ciel sans lune. Dis-lui que la crainte de la souffrance est pire que la souffrance elle-même. Et qu’aucun cœur n’a jamais souffert alors qu’il était à la poursuite de ses rêves». Santiago, un jeune berger andalou, part à la recherche d’un trésor enfoui au pied des Pyramides. Lorsqu’il rencontre l’Alchim...",Format Kindle,"4,6 sur 5 étoiles",10 414 évaluations,"2,53 €",Non disponible,,‏,‏,Non disponible,Romans et Littérature Française,https://www.amazon.fr/LAlchimiste-Paulo-Coelho-ebook/dp/B00K858H0M/ref=sr_1_67,2025-09-03T18:07:53.102790
L'Alchimiste,Paulo Coelho,Prix non disponible,https://m.media-amazon.com/images/I/61QTHD3+nSL._SY466_.jpg,"""Accomplir sa légende personnelle est la seule et unique obligation de l´homme."" ""Mon coeur craint de souffrir, dit le jeune homme à l'Alchimiste, une nuit qu'ils regardaient le ciel sans lune. - Dis-lui que la crainte de la souffrance est pire que la souffrance elle-même. Et qu'aucun coeur n'a jamais souffert alors qu'il était à la poursuite de ses rêves."" Santiago, un jeune berger andalou, part ...",En stock,"4,6 sur 5 étoiles",10 414 évaluations,"5,49 €",‏,‏,‏,‏,Non disponible,Romans et Littérature Française,https://www.amazon.fr/LAlchimiste-Nouvelle-%C3%89dition-Illustr%C3%A9e-Coelho/dp/2081394707/ref=sr_1_67,2025-09-03T18:08:00.888642
L'Alchimiste,Paulo Coelho,"21,90€",https://m.media-amazon.com/images/I/41VbfCI-ZyL._SY425_.jpg,Pas de description,Habituellement expédié sous 1 à 3 mois,"4,6 sur 5 étoiles",10 414 évaluations,"5,49 €",‏,‏,‏,Non disponible,Non disponible,Romans et Littérature Française,https://www.amazon.fr/LAlchimiste-Paulo-Coelho/dp/2072915600/ref=sr_1_67,2025-09-03T18:08:09.444646
L'Alchimiste,Paulo Coelho,Prix non disponible,https://m.media-amazon.com/images/I/71a9Y788v8L._SY425_.jpg,Pas de description,Il ne reste plus que 3 exemplaire(s) en stock.,"4,6 sur 5 étoiles",10 414 évaluations,"5,49 €",‏,‏,‏,‏,Non disponible,Romans et Littérature Française,https://www.amazon.fr/LAlchimiste-Paulo-Coelho/dp/2910188132/ref=sr_1_67,2025-09-03T18:08:14.918714
L'Alchimiste (coffret 2 CD),Collectif,Prix non disponible,https://m.media-amazon.com/images/I/411RI37ZvrL._SY342_.jpg,Pas de description,Il ne reste plus que 1 exemplaire(s) en stock.,"4,6 sur 5 étoiles",10 414 évaluations,"5,49 €",‏,‏,‏,Non disponible,Non disponible,Romans et Littérature Française,https://www.amazon.fr/LAlchimiste-coffret-2-CD-Collectif/dp/2921997339/ref=sr_1_67,2025-09-03T18:08:21.075299
La Maison vide,Laurent Mauvignier,Prix non disponible,https://m.media-amazon.com/images/I/61L44WIYLZL._SY425_.jpg,"En 1976, mon père a rouvert la maison qu’il avait reçue de sa mère, restée fermée pendant vingt ans. À l’intérieur : un piano, une commode au marbre ébréché, une Légion d’honneur, des photographies sur lesquelles un visage a été découpé aux ciseaux. Une maison peuplée de récits, où se croisent deux guerres mondiales, la vie rurale de la première moitié du vingtième siècle, mais aussi Marguerite, m...",Habituellement expédié sous 1 à 4 semaines,"4,0 sur 5 étoiles",1 évaluation,"17,99 €",‏,‏,‏,‏,Non disponible,Romans et Littérature Française,https://www.amazon.fr/Maison-vide-Laurent-Mauvignier/dp/2707356743/ref=sr_1_68,2025-09-03T18:08:30.653352
La maison vide,Laurent Mauvignier,Prix non disponible,https://m.media-amazon.com/images/I/61o2m+8cRKL._SY425_.jpg,"En 1976, mon père a rouvert la maison qu’il avait reçue de sa mère, restée fermée pendant vingt ans. À l’intérieur : un piano, une commode au marbre ébréché, une Légion d’honneur, des photographies sur lesquelles un visage a été découpé aux ciseaux. Une maison peuplée de récits, où se croisent deux guerres mondiales, la vie rurale de la première moitié du vingtième siècle, mais aussi Marguerite, m...",Format Kindle,"4,0 sur 5 étoiles",1 évaluation,"25,00 €",‏,,‏,‏,Non disponible,Romans et Littérature Française,https://www.amazon.fr/maison-vide-Laurent-Mauvignier-ebook/dp/B0FFBJFDRF/ref=sr_1_68,2025-09-03T18:08:35.191682
Respire !: Le Plan est toujours parfait,Maud Ankaoua,"7,90€",https://m.media-amazon.com/images/I/51ZB7SUuqDL._SY522_.jpg,"""Tu ne le sais pas encore mais tu es exactement là où tu dois être."" Malo, 30 ans, virtuose de la finance à qui tout réussit, est appelé à Bangkok pour aider une entreprise en difficulté. Quelques semaines après son arrivée, il surprend une conversation qui l'anéantit : il ne lui resterait plus que quelques mois à vivre... Au moment où il perd tout espoir, une vieille dame lui propose un pacte étr...",En stock,"4,6 sur 5 étoiles",6 717 évaluations,"7,99 €",‏,,‏,,Non disponible,Romans et Littérature Française,https://www.amazon.fr/Respire-Plan-est-toujours-parfait/dp/2290380342/ref=sr_1_69,2025-09-03T18:08:43.971904
Respire !: Le plan est toujours parfait (Roman Eyrolles),Maud Ankaoua,Prix non disponible,https://m.media-amazon.com/images/I/81OTAmauR0L._SY466_.jpg,"Malo, 30 ans, virtuose de la stratégie, est appelé à Bangkok pour redresser une entreprise en diffi culté. Quelques semaines après son arrivée, il surprend une conversation qui l’anéantit : il ne lui resterait que peu de temps à vivre… Au moment où il perd tout espoir, une vieille dame lui propose un pacte étrange : en échange de 30 jours de la vie du jeune homme, elle le met au défi . Sera-t-il p...",Format Kindle,"4,6 sur 5 étoiles",6 717 évaluations,"16,00 €",‏,,‏,‏,Non disponible,Romans et Littérature Française,https://www.amazon.fr/Respire-toujours-parfait-Roman-Eyrolles-ebook/dp/B0832C2L5V/ref=sr_1_69,2025-09-03T18:08:52.171614
Respire !: Le plan est toujours parfait,Maud Ankaoua,"0,00€",https://m.media-amazon.com/images/I/81esIxqnsCL._SX342_.jpg,Pas de description,"Livres audio Audible 

                        – Version intégrale","4,6 sur 5 étoiles",6 717 évaluations,"7,99 €",Non disponible,,,Non disponible,Non disponible,Romans et Littérature Française,https://www.amazon.fr/Respire-plan-est-toujours-parfait/dp/B095Z2YG9P/ref=sr_1_69,2025-09-03T18:09:00.439822
Respire ! Le plan est toujours parfait,Maud Ankaoua,"16,00€",https://m.media-amazon.com/images/I/61+A9TZe-aL._SY466_.jpg,Et s'il existait un Plan ? Si tout ce que nous vivions avait été placé sur notre chemin pour nous permettre de nous accomplir ?,En stock,"4,6 sur 5 étoiles",6 717 évaluations,"7,99 €",‏,,‏,,Non disponible,Romans et Littérature Française,https://www.amazon.fr/Respire-plan-est-toujours-parfait/dp/2212572387/ref=sr_1_69,2025-09-03T18:09:08.180906
La nuit au coeur,Nathacha Appanah,Prix non disponible,https://m.media-amazon.com/images/I/81yoSjdEGJL._SY466_.jpg,"""De ces nuits et de ces vies, de ces femmes qui courent, de ces coeurs qui luttent, de ces instants qui sont si accablants qu'ils ne rentrent pas dans la mesure du temps, il a fallu faire quelque chose. Il y a l'impossibilité de la vérité entière à chaque page mais la quête désespérée d'une justesse au plus près de la vie, de la nuit, du coeur, du corps, de l'esprit. De ces trois femmes, il a fall...",En stock,"4,3 sur 5 étoiles",15 évaluations,"14,99 €",‏,,‏,‏,Non disponible,Romans et Littérature Française,https://www.amazon.fr/nuit-au-coeur-Nathacha-Appanah/dp/2073080022/ref=sr_1_70,2025-09-03T18:09:14.787792
La nuit au cœur,Nathacha Appanah,Prix non disponible,https://m.media-amazon.com/images/I/81kwwE8deyL._SY466_.jpg,"""De ces nuits et de ces vies, de ces femmes qui courent, de ces cœurs qui luttent, de ces instants qui sont si accablants qu’ils ne rentrent pas dans la mesure du temps, il a fallu faire quelque chose. Il y a l’impossibilité de la vérité entière à chaque page mais la quête désespérée d’une justesse au plus près de la vie, de la nuit, du cœur, du corps, de l’esprit.De ces trois femmes, il a fallu c...",Format Kindle,"4,3 sur 5 étoiles",15 évaluations,"21,00 €",‏,,‏,‏,Non disponible,Romans et Littérature Française,https://www.amazon.fr/nuit-au-c%C5%93ur-Nathacha-Appanah-ebook/dp/B0FCCZZK51/ref=sr_1_70,2025-09-03T18:09:22.166891
La nuit au coeur,Nathacha Appanah,"0,00€",https://m.media-amazon.com/images/I/91d6d2dE1GL._SX342_.jpg,"« De ces nuits et de ces vies, de ces femmes qui courent, de ces cœurs qui luttent, de ces instants qui sont si accablants qu’ils ne rentrent pas dans la mesure du temps, il a fallu faire quelque chose. Il y a l’impossibilité de la vérité entière à chaque page mais la quête désespérée d’une justesse au plus près de la vie, de la nuit, du cœur, du corps, de l’esprit.","Livres audio Audible 

                        – Version intégrale","4,3 sur 5 étoiles",15 évaluations,"14,99 €",Non disponible,,,Non disponible,Non disponible,Romans et Littérature Française,https://www.amazon.fr/Audible-La-nuit-au-coeur/dp/B0FH29R9QJ/ref=sr_1_70,2025-09-03T18:09:28.298895
Post mortem: Prix du Quai des Orfèvres 2025,Olivier Tournut,"9,90€",https://m.media-amazon.com/images/I/71UrEuWRKiL._SY522_.jpg,"""Une œuvre pas belle à voir"" : telle est la façon dont la scène de crime a été décrite à la capitaine Isabelle Le Peletier avant son arrivée sur les lieux. Mais rien n'aurait pu la préparer à une telle horreur. Dans un grand appartement parisien, vide de tout meuble, le corps d'un homme l'attend assis sur une chaise, nu et atrocement mutilé. Sur son avant-bras, un étrange tatouage. Le clou du spec...",En stock,"4,2 sur 5 étoiles",1 717 évaluations,"7,99 €",‏,‏,‏,,Non disponible,Romans et Littérature Française,https://www.amazon.fr/Post-mortem-Prix-Quai-Orf%C3%A8vres/dp/2213727813/ref=sr_1_71,2025-09-03T18:09:36.908053
Post mortem : Prix du Quai des Orfèvres 2025,Olivier Tournut,Prix non disponible,https://m.media-amazon.com/images/I/71sExJ3vojL._SY522_.jpg,"""Une œuvre pas belle à voir"" : telle est la façon dont la scène de crime a été décrite à la capitaine Isabelle Le Peletier avant son arrivée sur les lieux. Mais rien n'aurait pu la préparer à une telle horreur. Dans un grand appartement parisien, vide de tout meuble, le corps d'un homme l'attend assis sur une chaise, nu et atrocement mutilé. Sur son avant-bras, un étrange tatouage. Le clou du spec...",Format Kindle,"4,2 sur 5 étoiles",1 717 évaluations,"9,90 €",‏,lisez avec notre  appli gratuite,‏,‏,Non disponible,Romans et Littérature Française,https://www.amazon.fr/Post-mortem-Prix-Quai-Orf%C3%A8vres-ebook/dp/B0DHGSJXRL/ref=sr_1_71,2025-09-03T18:09:44.986052
Post mortem,Olivier Tournut,"0,00€",https://m.media-amazon.com/images/I/810-F+9w4HL._SX342_.jpg,"""Une œuvre pas belle à voir"" : telle est la façon dont la scène de crime a été décrite à la capitaine Isabelle Le Peletier avant son arrivée sur les lieux. Mais rien n’aurait pu la préparer à une telle horreur. Dans un grand appartement parisien, vide de tout meuble, le corps d’un homme l’attend assis sur une chaise, nu et atrocement mutilé. Sur son avant-bras, un étrange tatouage. Le clou du spec...","Livres audio Audible 

                        – Version intégrale","4,2 sur 5 étoiles",1 717 évaluations,"7,99 €",Non disponible,,,avis laissé en france le 7 février 2025achat vérifié,Non disponible,Romans et Littérature Française,https://www.amazon.fr/Audible-Studios-on-Brilliance-mortem/dp/B0DK7BCQNM/ref=sr_1_71,2025-09-03T18:09:51.577899
Post mortem,Olivier Tournut,"14,95 €",https://m.media-amazon.com/images/I/41ltQnLXUrL._SY466_.jpg,Pas de description,"Broché – Grands caractères, 15 mai 2025","4,2 sur 5 étoiles",1 717 évaluations,"7,99 €",‏,‏,‏,‏,Non disponible,Romans et Littérature Française,https://www.amazon.fr/Post-mortem-Olivier-Tournut/dp/2363608801/ref=sr_1_71,2025-09-03T18:10:00.178029
La bonne mère,Mathilda Di Matteo,"20,90€",https://m.media-amazon.com/images/I/71z9hmYmD6L._SY425_.jpg,""" Certains disent qu'elle est vulgaire. Moi, je dirais qu'elle est solaire. Un soleil de canicule, du genre incendiaire. "" Huit cents kilomètres séparent Clara de sa mère, Véro, depuis qu'elle a quitté Marseille. Ce week-end, elle lui présente Raphaël. Un girafon, pense Véro en le voyant. Il l'agace avec son pedigree bourgeois, ses mots compliqués et sa bouche fermée comme une huître. Elle n'aurai...",En stock,"4,1 sur 5 étoiles",10 évaluations,"15,99 €",‏,‏,‏,‏,Non disponible,Romans et Littérature Française,https://www.amazon.fr/bonne-m%C3%A8re-Mathilda-Matteo/dp/2378805071/ref=sr_1_72,2025-09-03T18:10:07.705182
La bonne mère,Mathilda Di Matteo,Prix non disponible,https://m.media-amazon.com/images/I/81MbLjkNZSL._SY425_.jpg,""" Certains disent qu'elle est vulgaire. Moi, je dirais qu'elle est solaire. Un soleil de canicule, du genre incendiaire. ""Huit cents kilomètres séparent Clara de sa mère, Véro, depuis qu'elle a quitté Marseille. Ce week-end, elle lui présente Raphaël. Un girafon, pense Véro en le voyant. Il l'agace avec son pedigree bourgeois, ses mots compliqués et sa bouche fermée comme une huître. Elle n'aurait...",Format Kindle,"4,1 sur 5 étoiles",10 évaluations,"20,90 €",‏,,‏,‏,Non disponible,Romans et Littérature Française,https://www.amazon.fr/bonne-m%C3%A8re-Mathilda-Matteo-ebook/dp/B0FFDJHQ41/ref=sr_1_72,2025-09-03T18:10:14.554757
La Bonne Mère,Mathilda di Matteo,"0,00€",https://m.media-amazon.com/images/I/915BjdC-MTL._SX342_.jpg,"800 km : c’est la distance qui sépare Clara de Véro, sa mère, depuis qu’elle a quitté Marseille pour faire des études brillantes à Paris.  Ce week-end, pour la première fois, Clara rend visite à ses parents accompagnée. Raphaël est avec elle. Raphaël et ses gestes feutrés, son élégance naturelle, son pedigree bourgeois. À ses côtés, Clara gomme les rondeurs de son accent, lisse ses émotions, cache...","Livres audio Audible 

                        – Version intégrale","4,1 sur 5 étoiles",10 évaluations,"15,99 €",Non disponible,,,Non disponible,Non disponible,Romans et Littérature Française,https://www.amazon.fr/Audible-La-Bonne-M%C3%A8re/dp/B0FKTMMS73/ref=sr_1_72,2025-09-03T18:10:22.212141
Un hiver pour te résister - poche: Seasons Tome 2,Morgane Moncomble,"8,90€",https://m.media-amazon.com/images/I/81l3L5wUgcL._SY522_.jpg,La série phénomène de Morgane Moncomble enfin en poche !,En stock,"4,6 sur 5 étoiles",1 856 évaluations,"9,99 €",‏,‏,‏,‏,Non disponible,Romans et Littérature Française,https://www.amazon.fr/hiver-pour-r%C3%A9sister-poche-Seasons/dp/2755679549/ref=sr_1_73,2025-09-03T18:10:29.930135
Un hiver pour te résister : Seasons Tome 2,Morgane Moncomble,Prix non disponible,https://m.media-amazon.com/images/I/810Nq4opNHL._SY522_.jpg,"Star montante du patinage artistique, Lily n’a qu’un seul objectif : remporter la médaille d’or au Championnat Mondial. Lorsqu’elle rencontre son nouveau partenaire, elle est aux anges.",Format Kindle,"4,6 sur 5 étoiles",1 856 évaluations,"17,00 €",‏,,‏,‏,Non disponible,Romans et Littérature Française,https://www.amazon.fr/hiver-pour-r%C3%A9sister-Seasons-ebook/dp/B0CQ8PXFR5/ref=sr_1_73,2025-09-03T18:10:36.555225
Un hiver pour te résister: Seasons 2,Morgane Moncomble,"0,00€",https://m.media-amazon.com/images/I/81SCbK6cHBL._SX342_.jpg,"Star montante du patinage artistique, Lily n'a qu'un seul objectif : remporter la médaille d'or au Championnat Mondial. Lorsqu'elle rencontre son nouveau partenaire, elle est aux anges.  Son modèle de toujours, c'est lui : Orion Williams.  L'homme qu'elle se surprend à mépriser dès leur première rencontre…  Champion maudit, Orion ne rêve que d'une chose : arrêter le patinage artistique. Quand son ...","Livres audio Audible 

                        – Version intégrale","4,6 sur 5 étoiles",1 856 évaluations,"9,99 €",Non disponible,,,Non disponible,Non disponible,Romans et Littérature Française,https://www.amazon.fr/hiver-pour-r%C3%A9sister-Seasons/dp/B0CTBBNNZQ/ref=sr_1_73,2025-09-03T18:10:44.577448
Un hiver pour te résister: Seasons Tome 2,Morgane Moncomble,"17,00€",https://m.media-amazon.com/images/I/81wO39C92uL._SY522_.jpg,"Star montante du patinage artistique, Lily n’a qu’un seul objectif : remporter la médaille d’or au Championnat Mondial. Lorsqu’elle rencontre son nouveau partenaire, elle est aux anges.",En stock,"4,6 sur 5 étoiles",1 856 évaluations,"9,99 €",‏,‏,‏,,Non disponible,Romans et Littérature Française,https://www.amazon.fr/hiver-pour-r%C3%A9sister-Seasons/dp/2755670398/ref=sr_1_73,2025-09-03T18:10:52.904200
Finistère,Anne Berest,"23,90€",https://m.media-amazon.com/images/I/71ijcIgL97L._SY466_.jpg,"Anne Berest, une fois encore, nous livre une magnifique reflexion sur la famille.",En stock,"3,7 sur 5 étoiles",15 évaluations,"12,99 €",‏,,‏,‏,Non disponible,Romans et Littérature Française,https://www.amazon.fr/Finist%C3%A8re-Anne-Berest/dp/2226487182/ref=sr_1_74,2025-09-03T18:10:58.898119
Finistère,Anne Berest,Prix non disponible,https://m.media-amazon.com/images/I/71TuAPywO3L._SY466_.jpg,"Anne Berest, une fois encore, nous livre une magnifique reflexion sur la famille.",Format Kindle,"3,7 sur 5 étoiles",15 évaluations,"23,90 €",‏,,‏,‏,Non disponible,Romans et Littérature Française,https://www.amazon.fr/Finist%C3%A8re-Anne-Berest-ebook/dp/B0F6QWHZSD/ref=sr_1_74,2025-09-03T18:11:06.172255
Finistère,Anne Berest,"0,00€",https://m.media-amazon.com/images/I/81iZkdB7x3L._SX342_.jpg,"« En 2021, juste après la publication de","Livres audio Audible 

                        – Version intégrale","3,7 sur 5 étoiles",15 évaluations,"12,99 €",Non disponible,,,Non disponible,Non disponible,Romans et Littérature Française,https://www.amazon.fr/Audible-Finist%C3%A8re/dp/B0FHHT8261/ref=sr_1_74,2025-09-03T18:11:12.475801
Finistère: Livre audio 1 CD MP3,Anne Berest,Prix non disponible,https://m.media-amazon.com/images/I/01PkLIhTX3L.gif,"À partir de ses souvenirs d'enfance en Bretagne, la région d'origine de sa famille paternelle, l'autrice explore les liens entre la vie de ses ancêtres et l'histoire régionale, des premières coopératives paysannes à mai 1968, en passant par l'occupation allemande d'un village du Léon et la destruction de Brest.",Cet article paraîtra le 15 octobre 2025.,"3,7 sur 5 étoiles",15 évaluations,"12,99 €",‏,‏,‏,Non disponible,Non disponible,Romans et Littérature Française,https://www.amazon.fr/Finist%C3%A8re-Livre-audio-CD-MP3/dp/B0FDFNB4GB/ref=sr_1_74,2025-09-03T18:11:20.929426
Les Assassins de l'aube,Michel Bussi,Prix non disponible,https://m.media-amazon.com/images/I/71KYwOYRSbL._SY522_.jpg,"Un thriller tropical et une invitation au voyage dans une Guadeloupe à l'histoire mouvementée, loin des clichés touristiques mais au plus près de sa réalité actuelle et passée",En stock,"4,4 sur 5 étoiles",2 240 évaluations,"15,99 €",‏,,‏,‏,Non disponible,Romans et Littérature Française,https://www.amazon.fr/Assassins-laube-Michel-Bussi/dp/2266353268/ref=sr_1_75,2025-09-03T18:11:29.212331
Les Assassins de l'aube,Michel Bussi,Prix non disponible,https://m.media-amazon.com/images/I/81MQF0c7NEL._SY522_.jpg,"La Guadeloupe, une île paradisiaque... terre de tous les dangers",Format Kindle,"4,4 sur 5 étoiles",2 240 évaluations,"22,90 €",‏,,‏,‏,Non disponible,Romans et Littérature Française,https://www.amazon.fr/Assassins-laube-Michel-Bussi-ebook/dp/B0DFHX1NQ8/ref=sr_1_75,2025-09-03T18:11:35.685415
Les Assassins de l'aube,Michel Bussi,"0,00€",https://m.media-amazon.com/images/I/91B-Vw9JhEL._SX342_.jpg,"La Guadeloupe, une île paradisiaque... terre de tous les dangers","Livres audio Audible 

                        – Version intégrale","4,4 sur 5 étoiles",2 240 évaluations,"15,99 €",Non disponible,,,en lire plus,Non disponible,Romans et Littérature Française,https://www.amazon.fr/Audible-Les-Assassins-de-laube/dp/B0DH4QVRC7/ref=sr_1_75,2025-09-03T18:11:42.757200
Les Assassins de l'aube,Michel Bussi,"22,90€",https://m.media-amazon.com/images/I/71f7fzbi8pL._SY522_.jpg,"La Guadeloupe, une île paradisiaque... terre de tous les dangers",En stock,"4,4 sur 5 étoiles",2 240 évaluations,"15,99 €",‏,‏,‏,,Non disponible,Romans et Littérature Française,https://www.amazon.fr/Assassins-laube-Nouveaut%C3%A9-Michel-thriller/dp/2258210607/ref=sr_1_75,2025-09-03T18:11:51.909578
Les Assassins de l'aube,Michel Bussi,Prix non disponible,https://m.media-amazon.com/images/I/615Xl+q5VWL._SY385_.jpg,"La Guadeloupe, une île paradisiaque... terre de tous les dangers",,"4,4 sur 5 étoiles",2 240 évaluations,"15,99 €",‏,‏,‏,en lire plus,Non disponible,Romans et Littérature Française,https://www.amazon.fr/Assassins-laube-Michel-Bussi/dp/B0DJSBFDW2/ref=sr_1_75,2025-09-03T18:12:01.387431
Toutes les vies,Rebeka Warrior,"20,90€",https://m.media-amazon.com/images/I/61+kCrJHdaL._SY466_.jpg,"« Une nuit, dans notre bicoque sur la plage, j’ai fait un drôle de cauchemar.La mort contournait la moustiquaire et tentait perfidement de s’introduire dans notre lit.Elle attendait tapie dans l’ombre que je m’endorme pour s’infiltrer et prendre Pauline.C’était elle qu’elle voulait.Elle s’en fichait de moi.Je lui mettais des bâtons dans les roues.Ça ne lui plaisait pas.Je passais la nuit à monter ...",En stock,"4,2 sur 5 étoiles",24 évaluations,"14,99 €",‏,‏,‏,‏,Non disponible,Romans et Littérature Française,https://www.amazon.fr/Toutes-vies-Rebeka-Warrior/dp/2234097711/ref=sr_1_76,2025-09-03T18:12:10.154104
Toutes les vies (La Bleue),Rebeka Warrior,Prix non disponible,https://m.media-amazon.com/images/I/61pf4ZLy32L._SY466_.jpg,"« Une nuit, dans notre bicoque sur la plage, j’ai fait un drôle de cauchemar.La mort contournait la moustiquaire et tentait perfidement de s’introduire dans notre lit.Elle attendait tapie dans l’ombre que je m’endorme pour s’infiltrer et prendre Pauline.C’était elle qu’elle voulait.Elle s’en fichait de moi.Je lui mettais des bâtons dans les roues.Ça ne lui plaisait pas.Je passais la nuit à monter ...",Format Kindle,"4,2 sur 5 étoiles",24 évaluations,"20,90 €",‏,,‏,‏,Non disponible,Romans et Littérature Française,https://www.amazon.fr/Toutes-vies-Bleue-Rebeka-Warrior-ebook/dp/B0FFKSSQYV/ref=sr_1_76,2025-09-03T18:12:15.043574
Toutes les vies,Rebeka Warrior,"0,00€",https://m.media-amazon.com/images/I/71gFN3O9bkL._SX342_.jpg,"« Une nuit, dans notre bicoque sur la plage, j'ai fait un drôle de cauchemar. La mort contournait la moustiquaire et tentait perfidement de s'introduire dans notre lit. Elle attendait tapie dans l'ombre que je m'endorme pour s'infiltrer et prendre Pauline. C'était elle qu'elle voulait. Elle s'en fichait de moi. Je lui mettais des bâtons dans les roues. Ça ne lui plaisait pas. Je passais la nuit à ...",Précommander,"4,2 sur 5 étoiles",24 évaluations,"14,99 €",Non disponible,,,Non disponible,Non disponible,Romans et Littérature Française,https://www.amazon.fr/Audible-Toutes-les-vies/dp/B0FJY8SNW5/ref=sr_1_76,2025-09-03T18:12:21.717593
Désenchantées,Marie Vareille,"9,20€",https://m.media-amazon.com/images/I/71aRseP30lL._SY522_.jpg,"La disparition de Sarah Leroy, quinze ans, a bouleversé la petite bourgade de Bouville-sur-Mer et ému la France entière. Dans chaque foyer, chaque bistrot, on élaborait des hypothèses, mais ce qui est vraiment arrivé, personne ne l’a jamais su. Vingt ans plus tard, Fanny revient sur les lieux de ce drame qui a marqué sa jeunesse. Et c’est tout un passé qui resurgit... Car l’histoire de Sarah Leroy...",En stock,"4,6 sur 5 étoiles",5 620 évaluations,"5,99 €",‏,‏,‏,‏,Non disponible,Romans et Littérature Française,https://www.amazon.fr/D%C3%A9senchant%C3%A9es-Marie-Vareille/dp/2253244430/ref=sr_1_77,2025-09-03T18:12:31.577325
Désenchantées,Marie Vareille,Prix non disponible,https://m.media-amazon.com/images/I/81v+2o7I6TL._SY466_.jpg,"La disparition de Sarah Leroy, quinze ans, a bouleversé la petite bourgade de Bouville-sur-Mer et ému la France entière. Dans chaque foyer, chaque bistrot, on élaborait des hypothèses, mais ce qui est vraiment arrivé, personne ne l’a jamais su.Vingt ans plus tard, Fanny revient sur les lieux de ce drame qui a marqué sa jeunesse. Et c’est tout un passé qu’elle avait préféré oublier qui resurgit... ...",Format Kindle,"4,6 sur 5 étoiles",5 620 évaluations,"17,90 €",‏,,‏,‏,Non disponible,Romans et Littérature Française,https://www.amazon.fr/D%C3%A9senchant%C3%A9es-Marie-Vareille-ebook/dp/B0BTPQ722B/ref=sr_1_77,2025-09-03T18:12:39.820131
Désenchantées,Marie Vareille,"0,00€",https://m.media-amazon.com/images/I/81kYbclLveL._SX342_.jpg,"""Nous étions quatre. Angélique, qui, Dieu sait, n'avait rien d'un ange, Morgane, qu'on qualifierait aujourd'hui de ""haut potentiel"", Jasmine, charitablement renommée ""la fille de la femme de ménage"" dans les journaux et le rapport de police, et Sarah Leroy. À moins que vous n'ayez passé les vingt dernières années à hiberner dans un igloo au Groenland, il est de toute évidence inutile de présenter ...","Livres audio Audible 

                        – Version intégrale","4,6 sur 5 étoiles",5 620 évaluations,"5,99 €",Non disponible,,,Non disponible,Non disponible,Romans et Littérature Française,https://www.amazon.fr/Audible-D%C3%A9senchant%C3%A9es/dp/B09YV5W43H/ref=sr_1_77,2025-09-03T18:12:48.843739
Désenchantées,Marie Vareille,"17,90€",https://m.media-amazon.com/images/I/81giBt1ZuaL._SY466_.jpg,"La disparition de Sarah Leroy, quinze ans, a bouleversé la petite bourgade de Bouville-sur-Mer et ému la France entière. Dans chaque foyer, chaque bistrot, on élaborait des hypothèses, mais ce qui est vraiment arrivé, personne ne l’a jamais su.",Il ne reste plus que 2 exemplaire(s) en stock.,"4,6 sur 5 étoiles",5 620 évaluations,"5,99 €",‏,,‏,,Non disponible,Romans et Littérature Française,https://www.amazon.fr/D%C3%A9senchant%C3%A9es-Marie-Vareille/dp/2368128034/ref=sr_1_77,2025-09-03T18:12:54.688066
Son odeur après la pluie,Cédric Sapin-Defour,"8,90€",https://m.media-amazon.com/images/I/71CTc3jrUrL._SY522_.jpg,"C’est une histoire d’amour, de vie et de mort entre un homme et son bouvier bernois, Ubac, qui, en même temps qu’il grandit, prend une place toujours plus centrale dans le quotidien du narrateur. Certaines pages, Ubac pue le chien, les suivantes, on oublie qu’il en est un, et l’on observe ces deux êtres s’aimant, tout simplement. Un lien mystérieux qui, se passant de mots, nous tient en haleine. U...",En stock,"4,4 sur 5 étoiles",3 218 évaluations,"8,99 €",‏,‏,‏,‏,Non disponible,Romans et Littérature Française,https://www.amazon.fr/odeur-apr%C3%A8s-pluie-C%C3%A9dric-Sapin-Defour/dp/2253248576/ref=sr_1_78,2025-09-03T18:13:04.275072
Son odeur après la pluie (La Bleue),Cédric Sapin-Defour,Prix non disponible,https://m.media-amazon.com/images/I/71Ufhs9WpHL._SY466_.jpg,"C’est une histoire d’amour, de vie et de mort. Sur quel autre trépied la littérature  danse-t-elle depuis des siècles  ? Dans",Format Kindle,"4,4 sur 5 étoiles",3 218 évaluations,"20,90 €",‏,,‏,‏,Non disponible,Romans et Littérature Française,https://www.amazon.fr/Son-odeur-apr%C3%A8s-pluie-Bleue-ebook/dp/B0BXBF5996/ref=sr_1_78,2025-09-03T18:13:12.430597
Son odeur après la pluie: Préface de Jean-Paul Dubois,Cédric Sapin-Defour,"0,00€",https://m.media-amazon.com/images/I/81HvTvxWOtL._SX342_.jpg,"C’est une histoire d’amour, de vie et de mort entre un homme et son chien. Un bouvier bernois, Ubac, qui, en même temps qu’il grandit, prend une place toujours plus centrale dans les jours du narrateur. Certaines pages, Ubac pue le chien, les suivantes, on oublie qu’il en est un, et l’on observe ces deux êtres s’aimant tout simplement. Un amour mystérieux qui, se passant de mots, nous tient en hal...","Livres audio Audible 

                        – Version intégrale","4,4 sur 5 étoiles",3 218 évaluations,"8,99 €",Non disponible,,,,Non disponible,Romans et Littérature Française,https://www.amazon.fr/Son-odeur-apr%C3%A8s-pluie-Jean-Paul/dp/B0CQ4V8V7D/ref=sr_1_78,2025-09-03T18:13:20.097394
Son odeur après la pluie,Cédric Sapin-Defour,"20,90€",https://m.media-amazon.com/images/I/71YbP9Wj1TL._SY466_.jpg,"C’est une histoire d’amour, de vie et de mort. Sur quel autre trépied la littérature danse-t-elle depuis des siècles ? Dans",En stock,"4,4 sur 5 étoiles",3 218 évaluations,"8,99 €",‏,‏,‏,‏,Non disponible,Romans et Littérature Française,https://www.amazon.fr/odeur-apr%C3%A8s-pluie-C%C3%A9dric-Sapin-Defour/dp/2234093961/ref=sr_1_78,2025-09-03T18:13:28.430600
Son odeur après la pluie: Livre audio 1 CD MP3 - Suivi d'un entretien avec l'auteur,Cédric Sapin-Defour,"24,50€",https://m.media-amazon.com/images/I/71sk4GpGdKL._SY425_.jpg,"C’est une histoire d’amour, de vie et de mort entre un homme et son chien. Un bouvier bernois, Ubac, qui, en même temps qu’il grandit, prend une place toujours plus centrale dans les jours du narrateur. Certaines pages, Ubac pue le chien, les suivantes, on oublie qu’il en est un, et l’on observe ces deux êtres s’aimant tout simplement. Un amour mystérieux qui, se passant de mots, nous tient en hal...",Il ne reste plus que 7 exemplaire(s) en stock (d'autres exemplaires sont en cours d'acheminement).,"4,4 sur 5 étoiles",3 218 évaluations,"8,99 €",‏,‏,‏,,Non disponible,Romans et Littérature Française,https://www.amazon.fr/Son-odeur-apr%C3%A8s-pluie-entretien/dp/B0D1TTBCTX/ref=sr_1_78,2025-09-03T18:13:36.408509
Une invitée particulière - Recommandé par l'autrice de La femme de ménage,Nelle Lamarr,"8,60€",https://m.media-amazon.com/images/I/71gWuWyyzZL._SY522_.jpg,"Avenante, polie et serviable, Tanya est l'invitée que tout le monde rêve d'accueillir chez soi. Dans le cadre d'un programme d'échange, cette étudiante britannique vient d'emménager pour un an dans la luxueuse maison de la famille Merritt, à Los Angeles. Pour Natalie, inconsolable depuis la mort tragique d'Anabel, sa fille aînée, cette nouvelle arrivée sera peut-être l'occasion de faire enfin son ...",En stock,"4,2 sur 5 étoiles",771 évaluations,"12,99 €",‏,,‏,‏,Non disponible,Romans et Littérature Française,https://www.amazon.fr/Une-invit%C3%A9e-particuli%C3%A8re-Recommand%C3%A9-lautrice/dp/2290401374/ref=sr_1_79,2025-09-03T18:13:45.189256
"Une invitée particulière : Elle vit chez vous, dans votre maison. Mais savez-vous vraiment pourquoi ?",Nelle Lamarr,Prix non disponible,https://m.media-amazon.com/images/I/81rW8yn7UCL._SY466_.jpg,"Avec ses longs cheveux blonds et sa silhouette élancée, Tanya est l'invitée parfaite. Dans le cadre d'un programme d'échange, cette étudiante britannique vient d'emménager pour un an dans la luxueuse maison de la famille Merritt à Los Angeles. Pour Natalie, qui pleure toujours la mort d'Anabel, sa fille aînée, la présence de la jeune étudiante est une distraction qui semble bienvenue. Mais au fil ...",Format Kindle,"4,2 sur 5 étoiles",771 évaluations,"8,60 €",‏,lisez avec notre  appli gratuite,‏,‏,Non disponible,Romans et Littérature Française,https://www.amazon.fr/Une-invit%C3%A9e-particuli%C3%A8re-savez-vous-vraiment-ebook/dp/B0CQ8QW465/ref=sr_1_79,2025-09-03T18:13:51.483117
"Une invitée particulière: Elle vit chez vous, dans votre maison. Mais savez-vous vraiment pourquoi ?",Nelle Lamarr,"22,50 €",https://m.media-amazon.com/images/I/81rW8yn7UCL._SY466_.jpg,"Avec ses longs cheveux blonds et sa silhouette élancée, Tanya est l'invitée parfaite. Dans le cadre d'un programme d'échange, cette étudiante britannique vient d'emménager pour un an dans la luxueuse maison de la famille Merritt à Los Angeles. Pour Natalie, qui pleure toujours la mort d'Anabel, sa fille aînée, la présence de la jeune étudiante est une distraction qui semble bienvenue. Mais au fil ...","Broché – Grand livre, 10 janvier 2024","4,2 sur 5 étoiles",771 évaluations,"12,99 €",‏,‏,‏,‏,Non disponible,Romans et Littérature Française,https://www.amazon.fr/Une-invit%C3%A9e-particuli%C3%A8re-savez-vous-vraiment/dp/2824623160/ref=sr_1_79,2025-09-03T18:13:58.309528
Où les étoiles tombent,Cédric Sapin-Defour,"22,50€",https://m.media-amazon.com/images/I/71VFVAmbRjL._SY466_.jpg,"Le vendredi 12 août 2022, au bout d’une vallée étincelante dans la province de Bolzano, un couple affranchi de toute contrainte s’envole l’un à la suite de l’autre, en parapente. Cédric et Mathilde, deux passionnés de montagne, ont mille fois fait le geste de se jeter dans l’air pur.Cédric se tourne, il ne voit plus Mathilde. Dans le halètement des minutes incertaines le menant jusqu’au lieu de la...",En stock,"4,2 sur 5 étoiles",45 évaluations,"15,99 €",‏,‏,‏,‏,Non disponible,Romans et Littérature Française,https://www.amazon.fr/O%C3%B9-%C3%A9toiles-tombent-C%C3%A9dric-Sapin-Defour/dp/2234097002/ref=sr_1_80,2025-09-03T18:14:07.426217
Où les étoiles tombent (La Bleue),Cédric Sapin-Defour,Prix non disponible,https://m.media-amazon.com/images/I/71uedhWgdUL._SY466_.jpg,"Le vendredi 12 août 2022, au bout d’une vallée étincelante dans la province de Bolzano, un couple affranchi de toute contrainte s’envole l’un à la suite de l’autre, en parapente. Cédric et Mathilde, deux passionnés de montagne, ont mille fois fait le geste de se jeter dans l’air pur.Cédric se tourne, il ne voit plus Mathilde. Dans le halètement des minutes incertaines le menant jusqu’au lieu de la...",Format Kindle,"4,2 sur 5 étoiles",45 évaluations,"22,50 €",‏,,‏,‏,Non disponible,Romans et Littérature Française,https://www.amazon.fr/%C3%A9toiles-tombent-Bleue-C%C3%A9dric-Sapin-Defour-ebook/dp/B0FFG3F4WR/ref=sr_1_80,2025-09-03T18:14:14.640853
Où les étoiles tombent,Cédric Sapin-Defour,"0,00€",https://m.media-amazon.com/images/I/81qsBUR7nSL._SX342_.jpg,"Le vendredi 12 août 2022, au bout d’une vallée étincelante dans la province de Bolzano, un couple affranchi de toute contrainte s’envole l’un à la suite de l’autre, en parapente. Cédric et Mathilde, deux passionnés de montagne, ont mille fois fait le geste de se jeter dans l’air pur. Cédric se tourne, il ne voit plus Mathilde. Dans le halètement des minutes incertaines le menant jusqu’au lieu de l...","Livres audio Audible 

                        – Version intégrale","4,2 sur 5 étoiles",45 évaluations,"15,99 €",Non disponible,,,Non disponible,Non disponible,Romans et Littérature Française,https://www.amazon.fr/Audible-O%C3%B9-les-%C3%A9toiles-tombent/dp/B0FCYQ5H8C/ref=sr_1_80,2025-09-03T18:14:19.936179
Où les étoiles tombent: Livre audio 1 CD MP3,Cédric Sapin-Defour,Prix non disponible,https://m.media-amazon.com/images/I/71Yhw0JopTL._SY425_.jpg,"Le vendredi 12 août 2022, au bout d’une vallée étincelante dans la province de Bolzano, un couple affranchi de toute contrainte s’envole l’un à la suite de l’autre, en parapente. Cédric et Mathilde, deux passionnés de montagne, ont mille fois fait le geste de se jeter dans l’air pur. Cédric se tourne, il ne voit plus Mathilde. Dans le halètement des minutes incertaines le menant jusqu’au lieu de l...",Cet article paraîtra le 17 septembre 2025.,"4,2 sur 5 étoiles",45 évaluations,"15,99 €",‏,‏,‏,Non disponible,Non disponible,Romans et Littérature Française,https://www.amazon.fr/O%C3%B9-%C3%A9toiles-tombent-Livre-audio/dp/B0F6ZHWT4M/ref=sr_1_80,2025-09-03T18:14:28.888104
Une jeunesse au temps de la Shoah: Extraits d'Une vie,Simone Veil,"5,90€",https://m.media-amazon.com/images/I/81YpBGslFHL._SY522_.jpg,L’idée d’extraire de ma biographie les quelques passages qui peuvent être regardés comme d’utile pédagogie vis-à-vis de la jeunesse d’aujourd’hui m’a paru séduisante. Simone Veil. Cette édition pédagogique regroupe les quatre premiers chapitres d’Une vie et couvre la période 1927-1954. Ce que Simone Veil a vécu durant ces années – où elle passa d’une enfance protégée à l’horreur des camps de conce...,En stock,"4,7 sur 5 étoiles",2 350 évaluations,Poche – 1 septembre 2010,‏,‏,‏,,Non disponible,Romans et Littérature Française,https://www.amazon.fr/Une-vie-jeunesse-temps-Shoah/dp/2253127620/ref=sr_1_81,2025-09-03T18:14:57.198697
The Hallmarked Man: Cormoran Strike Book 8,Robert Galbraith,Prix non disponible,https://m.media-amazon.com/images/I/819s6imvivL._SY466_.jpg,Pas de description,En stock,Diapositive précédente des détails du produit,0 avis,"19,99 €",‏,‏,‏,‏,Non disponible,Romans et Littérature Française,https://www.amazon.fr/Hallmarked-Man-Cormoran-Strike-Book/dp/1408723794/ref=sr_1_82,2025-09-03T18:15:05.791616
The Hallmarked Man: Cormoran Strike Book 8 (English Edition),Robert Galbraith,Prix non disponible,https://m.media-amazon.com/images/I/819s6imvivL._SY466_.jpg,"Prix Kindle : 19,97 €TVA incluse",Format Kindle,Diapositive précédente des détails du produit,0 avis,"38,56 €",‏,,‏,‏,Non disponible,Romans et Littérature Française,https://www.amazon.fr/Hallmarked-Man-Cormoran-Strike-English-ebook/dp/B0DS571XMN/ref=sr_1_82,2025-09-03T18:15:12.944318
"The Hallmarked Man: Cormoran Strike, Book 8",Robert Galbraith,"0,00€",https://m.media-amazon.com/images/I/91jfoEt9SEL._SX342_.jpg,FIND OUT WHAT IS NEXT FOR STRIKE AND ROBIN,"Livres audio Audible 

                        – Version intégrale",Diapositive précédente des détails du produit,0 avis,"19,99 €",Non disponible,,,,Non disponible,Romans et Littérature Française,https://www.amazon.fr/Hallmarked-Man-Cormoran-Strike-Book/dp/B0DSJMQLRC/ref=sr_1_82,2025-09-03T18:15:19.976051
The Hallmarked Man: Cormoran Strike Book 8,Robert Galbraith,Prix non disponible,https://m.media-amazon.com/images/I/819s6imvivL._SY466_.jpg,Pas de description,Habituellement expédié sous 2 à 3 jours,Diapositive précédente des détails du produit,0 avis,"19,99 €",‏,‏,‏,‏,Non disponible,Romans et Littérature Française,https://www.amazon.fr/Hallmarked-Man-Cormoran-Strike-Book/dp/1408723786/ref=sr_1_82,2025-09-03T18:15:28.061461
"Norferville : Roman nouveauté 2024 de Franck Thilliez, Par l'auteur de thrillers préféré des français, Roman policier ambitieux par l'auteur du best seller ""La Faille""",Franck Thilliez,"9,60€",https://m.media-amazon.com/images/I/61vuKtfy1HL._SY522_.jpg,"Dans l'univers hostile du Grand Nord, personne ne vous entend crier.",En stock,"4,5 sur 5 étoiles",4 477 évaluations,"16,99 €",‏,,‏,‏,Non disponible,Romans et Littérature Française,https://www.amazon.fr/Norferville-nouveaut%C3%A9-Thilliez-thrillers-ambitieux/dp/2266349023/ref=sr_1_83,2025-09-03T18:15:36.229536
Norferville,Franck Thilliez,Prix non disponible,https://m.media-amazon.com/images/I/817Uo4t44QL._SY466_.jpg,"Dans l'univers hostile du Grand Nord, personne ne vous entend crier.",Format Kindle,"4,5 sur 5 étoiles",4 477 évaluations,"22,90 €",‏,,‏,‏,Non disponible,Romans et Littérature Française,https://www.amazon.fr/Norferville-Nouveaut%C3%A9-Thilliez-thriller-fran%C3%A7ais-ebook/dp/B0CVZ2Q5QQ/ref=sr_1_83,2025-09-03T18:15:42.140475
Norferville,Franck Thilliez,"0,00€",https://m.media-amazon.com/images/I/81pIT2ZBPML._SX342_.jpg,"Dans l'univers hostile du Grand Nord, personne ne vous entend crier.","Livres audio Audible 

                        – Version intégrale","4,5 sur 5 étoiles",4 477 évaluations,"16,99 €",Non disponible,,,en lire plus,Non disponible,Romans et Littérature Française,https://www.amazon.fr/Audible-Norferville/dp/B0CYLSC5LT/ref=sr_1_83,2025-09-03T18:15:50.141028
Norferville,Franck Thilliez,"22,90€",https://m.media-amazon.com/images/I/41-nZBgEQ8L._SY445_SX342_.jpg,"Dans l'univers hostile du Grand Nord, personne ne vous entend crier.",En stock,"4,5 sur 5 étoiles",4 477 évaluations,"16,99 €",‏,,‏,‏,Non disponible,Romans et Littérature Française,https://www.amazon.fr/Norferville-Nouveaut%C3%A9-Thilliez-thriller-fran%C3%A7ais/dp/2265157791/ref=sr_1_83,2025-09-03T18:15:55.106360
Norferville,Franck Thilliez,"23,90€",https://m.media-amazon.com/images/I/51TS31Zx+1L._SY385_.jpg,"Dans l'univers hostile du Grand Nord, personne ne vous entend crier.",Il ne reste plus que 10 exemplaire(s) en stock (d'autres exemplaires sont en cours d'acheminement).,"4,5 sur 5 étoiles",4 477 évaluations,"16,99 €",‏,‏,‏,,Non disponible,Romans et Littérature Française,https://www.amazon.fr/Norferville-Franck-Thilliez/dp/B0CW5YCFR4/ref=sr_1_83,2025-09-03T18:16:02.996596
Un printemps pour te succomber - poche: Seasons Tome 3,Morgane Moncomble,"8,90€",https://m.media-amazon.com/images/I/81tX2Fbj7kL._SY522_.jpg,La série phénomène de Morgane Moncomble enfin en poche !,En stock,"4,7 sur 5 étoiles",1 574 évaluations,"9,99 €",‏,‏,‏,‏,Non disponible,Romans et Littérature Française,https://www.amazon.fr/printemps-pour-succomber-poche-Seasons/dp/2755681187/ref=sr_1_84,2025-09-03T18:16:11.741619
Un printemps pour te succomber : Seasons Tome 3,Morgane Moncomble,Prix non disponible,https://m.media-amazon.com/images/I/81aHGvb3XWL._SY522_.jpg,"Fleuriste fauchée, Nolia se tourne vers son ultime espoir pour s’en sortir : sa famille. Elle ne pensait cependant pas que le prix à payer pour son aide serait de se marier. Avec son ex. Face à l’adversité, incapable de retourner vers son passé toxique, elle décide de s’allier à un inconnu dans le plus grand mensonge de sa vie.",Format Kindle,"4,7 sur 5 étoiles",1 574 évaluations,"17,00 €",‏,,‏,‏,Non disponible,Romans et Littérature Française,https://www.amazon.fr/printemps-pour-succomber-Seasons-t-ebook/dp/B0CQ8M4V7J/ref=sr_1_84,2025-09-03T18:16:20.550351
"Un printemps pour te succomber: Seasons, Tome 3",Morgane Moncomble,"0,00€",https://m.media-amazon.com/images/I/81Ae6atTUJL._SX342_.jpg,"Fleuriste fauchée, Nolia se tourne vers son ultime espoir pour s'en sortir : sa famille. Elle ne pensait cependant pas que le prix à payer pour son aide serait de se marier. Avec son ex. Face à l'adversité, incapable de retourner vers son passé toxique, elle décide de s'allier à un inconnu dans le plus grand mensonge de sa vie.  L'heureux élu, c'est lui : Camille Levesque.  Fondateur d'une applica...","Livres audio Audible 

                        – Version intégrale","4,7 sur 5 étoiles",1 574 évaluations,"9,99 €",Non disponible,,,en lire plus,Non disponible,Romans et Littérature Française,https://www.amazon.fr/printemps-pour-succomber-Seasons/dp/B0CZ4N85TW/ref=sr_1_84,2025-09-03T18:16:28.741155
Un printemps pour te succomber: Seasons Tome 3,Morgane Moncomble,"17,00€",https://m.media-amazon.com/images/I/81C5XgruNvL._SY522_.jpg,"Fleuriste fauchée, Nolia se tourne vers son ultime espoir pour s’en sortir : sa famille. Elle ne pensait cependant pas que le prix à payer pour son aide serait de se marier. Avec son ex. Face à l’adversité, incapable de retourner vers son passé toxique, elle décide de s’allier à un inconnu dans le plus grand mensonge de sa vie.",En stock,"4,7 sur 5 étoiles",1 574 évaluations,"9,99 €",‏,‏,‏,,Non disponible,Romans et Littérature Française,https://www.amazon.fr/printemps-pour-succomber-Seasons/dp/2755670401/ref=sr_1_84,2025-09-03T18:16:36.718246
Un secret - Prix Goncourt des Lycéens 2004 & Grand prix des Lectrices de Elle 2005,Philippe Grimbert,"6,90€",https://m.media-amazon.com/images/I/81pzfKob4zL._SY522_.jpg,"Souvent les enfants s’inventent une famille, une autre origine, d’autres parents.Le narrateur de ce livre, lui, s’est inventé un frère. Un frère aîné, plus beau, plus fort, qu’il évoque devant les copains de vacances, les étrangers, ceux qui ne vérifieront pas… Et puis un jour, il découvre la vérité, impressionnante, terrifiante presque. Et c’est alors toute une histoire familiale, lourde, complex...",En stock,"4,5 sur 5 étoiles",4 250 évaluations,"5,49 €",‏,‏,‏,‏,Non disponible,Romans et Littérature Française,https://www.amazon.fr/secret-Grand-prix-Lectrices-Elle/dp/2253117188/ref=sr_1_85,2025-09-03T18:16:46.428714
Un secret Le film (Littérature Française),Philippe Grimbert,Prix non disponible,https://m.media-amazon.com/images/I/816GunqzwYL._SY425_.jpg,"Philippe Grimbert est psychanalyste. Il a précédemment publié trois essais, Psychanalyse de la chanson (Les Belles Lettres 1996), Pas de fumée sans Freud (Armand Colin 1999, Hachette Littérature 2001) et Chantons sous la psy (Hachette Littérature 2002). La petite robe de Paul, paru chez Grasset en septembre 2001, était son premier roman. Un secret est son deuxième roman. Le Livre: Au commencement ...",Format Kindle,"4,5 sur 5 étoiles",4 250 évaluations,"8,10 €",‏,,‏,‏,Non disponible,Romans et Littérature Française,https://www.amazon.fr/secret-film-Litt%C3%A9rature-Fran%C3%A7aise-ebook/dp/B005OOXR7U/ref=sr_1_85,2025-09-03T18:16:54.764207
Un secret,Philippe Grimbert,"0,00€",https://m.media-amazon.com/images/I/911o07DtcDL._SX342_.jpg,"Souvent les enfants s'inventent une famille, une autre origine, d'autres parents. Le narrateur de ce livre, lui, s'est inventé un frère. Un frère aîné, plus beau, plus fort, qu'il évoque devant les copains de vacances, les étrangers, ceux qui ne vérifieront pas... Et puis un jour, il découvre la vérité, impressionnante, terrifiante presque. Et c'est alors toute une histoire familiale, lourde, comp...","Livres audio Audible 

                        – Version intégrale","4,5 sur 5 étoiles",4 250 évaluations,"5,49 €",Non disponible,,,Non disponible,Non disponible,Romans et Littérature Française,https://www.amazon.fr/Un-secret/dp/B01CUXXLYG/ref=sr_1_85,2025-09-03T18:17:01.970960
Un secret,Philippe Grimbert,Prix non disponible,https://m.media-amazon.com/images/I/81IPmL8PP4L._SY466_.jpg,"R240036241. UN SECRET.. 2005. In-8. Relié. Bon état, Couv. convenable, Dos satisfaisant, Intérieur frais. 151 pages.. Avec Jaquette. . . Classification Dewey : 840-Littératures des langues romanes. Littérature française",Il ne reste plus que 12 exemplaire(s) en stock.,"4,5 sur 5 étoiles",4 250 évaluations,"5,49 €",‏,‏,‏,‏,Non disponible,Romans et Littérature Française,https://www.amazon.fr/secret-Philippe-Grimbert/dp/2744178659/ref=sr_1_85,2025-09-03T18:17:10.152671
Un secret - Prix Goncourt des Lycéens 2004 et Prix des Lectrices de Elle 2005,Philippe Grimbert,Prix non disponible,https://m.media-amazon.com/images/I/91MPiXmqMoL._SY425_.jpg,"""Aussi longtemps que possible, j'avais retardé le moment de savoir : je m'écorchais aux barbelés d'un enclos de silence"", Ph. G. Après La Petite robe de Paul, Philippe Grimbert explore de nouveau le territoire du secret, livrant, cette fois, une part intime de sa propre histoire.",Il ne reste plus que 1 exemplaire(s) en stock.,"4,5 sur 5 étoiles",4 250 évaluations,"5,49 €",‏,‏,‏,‏,Non disponible,Romans et Littérature Française,https://www.amazon.fr/secret-Prix-Goncourt-Lyc%C3%A9ens-Lectrices/dp/224667011X/ref=sr_1_85,2025-09-03T18:17:17.569247
Un secret - Grand prix des Lectrices de Elle 2005,Philippe Grimbert,"15,80€",https://m.media-amazon.com/images/I/91w-MgdCoeL._SY342_.jpg,"Philippe Grimbert est psychanalyste. Il a précédemment publié trois essais, Psychanalyse de la chanson (Les Belles Lettres 1996), Pas de fumée sans Freud (Armand Colin 1999, Hachette Littérature 2001) et Chantons sous la psy (Hachette Littérature 2002). La petite robe de Paul, paru chez Grasset en septembre 2001, était son premier roman. Un secret est son deuxième roman. Le Livre: Au commencement ...",Il ne reste plus que 14 exemplaire(s) en stock (d'autres exemplaires sont en cours d'acheminement).,"4,5 sur 5 étoiles",4 250 évaluations,"5,49 €",‏,‏,‏,‏,Non disponible,Romans et Littérature Française,https://www.amazon.fr/secret-Grand-prix-Lectrices-Elle/dp/2246670128/ref=sr_1_85,2025-09-03T18:17:25.567378
Un secret,Philippe Grimbert,"16,80€",https://m.media-amazon.com/images/I/71C3dksff-L._SY425_.jpg,"Les enfants s'inventent souvent une famille... Le narrateur, lui, s'est inventé un frère. Un frère aîné, beau, fort, qu'il évoque devant les copains de vacances, ceux qui ne pourront vérifier. Puis, un jour, il découvre le « secret » familial. Il lui faut alors reconstituer toute une histoire, complexe, tragique, qui le ramène aux temps de l'Holocauste, et aux millions de disparus sur qui s'est ab...",Il ne reste plus que 2 exemplaire(s) en stock (d'autres exemplaires sont en cours d'acheminement).,"4,5 sur 5 étoiles",4 250 évaluations,"5,49 €",‏,‏,‏,,Non disponible,Romans et Littérature Française,https://www.amazon.fr/secret-Philippe-Grimbert/dp/2356410031/ref=sr_1_85,2025-09-03T18:17:33.508277
"Meurtres sur le glacier (Laura Badía, criminologue)",Cristian Perfumo,Prix non disponible,https://m.media-amazon.com/images/I/81vWVgHVoeL._SY466_.jpg,"Le corps congelé d'un touriste apparaît dans le glacier le plus grand de Patagonie. Il est mort sur la glace, d'une balle dans le ventre, il y a trente ans.",Format Kindle,"4,4 sur 5 étoiles",4 544 évaluations,"17,99 €",Non disponible,,‏,‏,Non disponible,Romans et Littérature Française,https://www.amazon.fr/Meurtres-glacier-Laura-Bad%C3%ADa-criminologue-ebook/dp/B0CW1JHD4K/ref=sr_1_86,2025-09-03T18:17:42.154167
Meurtres sur le glacier,Cristian Perfumo,Prix non disponible,https://m.media-amazon.com/images/I/71+1N-XE0+L._SY466_.jpg,"Le corps congelé d'un touriste apparaît dans le glacier le plus grand de Patagonie. Il est mort sur la glace, d'une balle dans le ventre, il y a trente ans.",En stock,"4,4 sur 5 étoiles",4 544 évaluations,"3,99 €",‏,‏,‏,‏,Non disponible,Romans et Littérature Française,https://www.amazon.fr/Meurtres-sur-glacier-Cristian-Perfumo/dp/B0CX8FGK8X/ref=sr_1_86,2025-09-03T18:17:49.481964
"Meurtres sur le glacier: Laura Badia, criminologue",Cristian Perfumo,"0,00€",https://m.media-amazon.com/images/I/81cjfrVHiwL._SX342_.jpg,"Le corps congelé d'un touriste apparaît dans le glacier le plus grand de Patagonie. Il est mort sur la glace, d'une balle dans le ventre, il y a trente ans.  Mais toi, qui te nommes Julían et vis à Barcelone, tu ignores que cela changera ta vie.  Pour le comprendre, d'abord tu devras savoir que ton père avait un frère dont il ne t'a jamais parlé. Ensuite, que ce frère vient de mourir. Et pour fini...","Livres audio Audible 

                        – Version intégrale","4,4 sur 5 étoiles",4 544 évaluations,"3,99 €",Non disponible,,,Non disponible,Non disponible,Romans et Littérature Française,https://www.amazon.fr/Meurtres-sur-glacier-Laura-criminologue/dp/B0DRPS7F92/ref=sr_1_86,2025-09-03T18:17:58.200882
The Devil's Sons - Tome 5,Chloé Wallerand,Prix non disponible,https://m.media-amazon.com/images/I/818yixrT56L._SY425_.jpg,"La fuite n’est plus une option. Pour vivre en paix, les Devil’s Sons n’ont pas d’autre choix que de prendre les armes. Le temps est venu pour eux d’affronter leurs plus grands ennemis.",Format Kindle,"4,8 sur 5 étoiles",1 490 évaluations,"19,90 €",‏,,‏,‏,Non disponible,Romans et Littérature Française,https://www.amazon.fr/Devils-Sons-5-Chlo%C3%A9-Wallerand-ebook/dp/B0F2R39WRR/ref=sr_1_87,2025-09-03T18:18:04.852014
THE DEVIL´S SONS : TOME 5,Chloé Wallerand,Prix non disponible,https://m.media-amazon.com/images/I/81OhcBthmTL._SY425_.jpg,"La fuite n’est plus une option. Pour vivre en paix, les Devil’s Sons n’ont pas d’autres choix que de prendre les armes. Le temps est venu pour eux d’affronter leurs plus grands ennemis.",En stock,"4,8 sur 5 étoiles",1 490 évaluations,"5,99 €",‏,‏,‏,‏,Non disponible,Romans et Littérature Française,https://www.amazon.fr/DEVIL%C2%B4S-SONS-5-Chlo%C3%A9-Wallerand/dp/2381512292/ref=sr_1_87,2025-09-03T18:18:12.561889
"The Devil's Sons: The Devil's Sons, Tome 5",Chloé Wallerand,"0,00€",https://m.media-amazon.com/images/I/91XrMlO-7mL._SX342_.jpg,"La fuite n'est plus une option. Pour vivre en paix, les Devil's Sons n'ont pas d'autres choix que de prendre les armes. Le temps est venu pour eux d'affronter leurs plus grands ennemis. ""Je n'ai pas su me soumettre au destin effroyable que me réservait Tarek. Ma soif de liberté, indomptable, m'a poussée à demander de l'aide aux membres de ma famille. Désormais, les Devil's Sons, les Reapers of Dea...","Livres audio Audible 

                        – Version intégrale","4,8 sur 5 étoiles",1 489 évaluations,"5,99 €",Non disponible,,,Non disponible,Non disponible,Romans et Littérature Française,https://www.amazon.fr/Devils-Sons/dp/B0FBGF778G/ref=sr_1_87,2025-09-03T18:18:21.027574
Breathe,Eva Sorn,Prix non disponible,https://m.media-amazon.com/images/I/61nX4SFiauL._SY466_.jpg,« Je te promets de t’aimer pour cette vie et pour toutes les autres »,En stock,"4,5 sur 5 étoiles",787 évaluations,"7,99 €",‏,,‏,‏,Non disponible,Romans et Littérature Française,https://www.amazon.fr/Breathe-Eva-Sorn/dp/248717840X/ref=sr_1_88,2025-09-03T18:18:29.655263
Breathe,Eva Sorn,Prix non disponible,https://m.media-amazon.com/images/I/7184BmzsxJL._SY466_.jpg,"Romy ne rêve plus que d’une chose : Hawaï. Les paysages paradisiaques, l’eau chaude, les couchers de soleil, le sable à perte de vue…",Format Kindle,"4,5 sur 5 étoiles",787 évaluations,"17,90 €",‏,,‏,‏,Non disponible,Romans et Littérature Française,https://www.amazon.fr/Breathe-Eva-Sorn-ebook/dp/B0DN4S8FF5/ref=sr_1_88,2025-09-03T18:18:35.582063
Breathe,Eva Sorn,"0,00€",https://m.media-amazon.com/images/I/91eLnAqq-PL._SX342_.jpg,Romy ne rêve plus que d'une chose : Hawaï.,Précommander,"4,5 sur 5 étoiles",787 évaluations,"7,99 €",Non disponible,,,Non disponible,Non disponible,Romans et Littérature Française,https://www.amazon.fr/Audible-Breathe/dp/B0FN4MVB97/ref=sr_1_88,2025-09-03T18:18:42.877679
ET SI JE N'ETAIS PAS DIEU ?: Chroniques d'un chat,Stefania Gander,Prix non disponible,https://m.media-amazon.com/images/I/61ceygZBn7L._SY425_.jpg,"La vie quotidienne d'un chat domestique, depuis le moment où il est adopté, racontée par le chat lui-même. Un long monologue, une comédie des malentendus où le point de vue félin et celui des humains ne coïncident pas toujours, mais donnent lieu à une histoire irrésistible d'amour et d'amitié, à la fois amusante et émouvante. Un livre qui a déjà vendu des milliers d'exemplaires en Italie, avec une...",En stock,"4,4 sur 5 étoiles",722 évaluations,"6,99 €",‏,,‏,‏,Non disponible,Romans et Littérature Française,https://www.amazon.fr/SI-NETAIS-PAS-DIEU-Chroniques/dp/B0DJLFQ2ZL/ref=sr_1_89,2025-09-03T18:18:51.945340
ET SI JE N'ETAIS PAS DIEU ?: Chroniques d'un chat,Stefania Gander,Prix non disponible,https://m.media-amazon.com/images/I/71p8-xYWjPL._SY425_.jpg,"La vie quotidienne d'un chat domestique, depuis le moment où il est adopté, racontée par le chat lui-même. Un long monologue, une comédie des malentendus où le point de vue félin et celui des humains ne coïncident pas toujours, mais donnent lieu à une histoire irrésistible, à la fois amusante et émouvante d'amour et d'amitié.Un livre qui a déjà vendu des milliers d'exemplaires en Italie, avec une ...",Format Kindle,"4,4 sur 5 étoiles",722 évaluations,"23,21 €",‏,,‏,‏,Non disponible,Romans et Littérature Française,https://www.amazon.fr/SI-NETAIS-PAS-DIEU-Chroniques-ebook/dp/B0DJ7614D7/ref=sr_1_89,2025-09-03T18:19:01.412477
ET SI JE N'ETAIS PAS DIEU ?: Chroniques d'un chat,Stefania Gander,"23,21€",https://m.media-amazon.com/images/I/61-1jc1MzrL._SY466_.jpg,"La vie quotidienne d'un chat domestique, depuis le moment où il est adopté, racontée par le chat lui-même. Un long monologue, une comédie des malentendus où le point de vue félin et celui des humains ne coïncident pas toujours, mais donnent lieu à une histoire irrésistible d'amour et d'amitié, à la fois amusante et émouvante. Un livre qui a déjà vendu des milliers d'exemplaires en Italie, avec une...",En stock,"4,4 sur 5 étoiles",722 évaluations,"6,99 €",‏,,‏,‏,Non disponible,Romans et Littérature Française,https://www.amazon.fr/SI-NETAIS-PAS-DIEU-Chroniques/dp/B0DJWM9GGR/ref=sr_1_89,2025-09-03T18:19:08.918932
Rien ne t'efface : l'adaptation en série du roman de Michel Bussi diffusée sur TF1,Michel Bussi,Prix non disponible,https://m.media-amazon.com/images/I/71jsgygOFpL._SY522_.jpg,"Par amour pour un enfant, que seriez-vous prêt à faire ? Maddi, elle, ira jusqu'au bout... Une intrigue magistrale, un twist virtuose pour le nouveau suspense 100% Bussi.",En stock,"4,2 sur 5 étoiles",6 479 évaluations,"13,99 €",Non disponible,Non disponible,Non disponible,Non disponible,Non disponible,Romans et Littérature Française,https://www.amazon.fr/Rien-ne-tefface-Michel-BUSSI/dp/2258195306/ref=sr_1_91,2025-09-03T18:19:42.522849
Le cercle de Finsbury (Thriller),B.A. Paris,Prix non disponible,https://m.media-amazon.com/images/I/71Vzov3pOVL._SY466_.jpg,"Alice croyait avoir trouvé la maison de ses rêves...Quand Léo et elle emménagent au Cercle de Finsbury, une résidence haut de gamme en plein Londres, la jeune femme est persuadée de prendre enfin un nouveau départ. Et tant pis si les choses sont allées un peu vite avec Léo et si celui-ci a pris en charge leur emménagementsans véritablement la consulter. La maison est parfaite, la résidence idéale,...",Format Kindle,"4,3 sur 5 étoiles",296 évaluations,"11,90 €",‏,,‏,‏,Non disponible,Romans et Littérature Française,https://www.amazon.fr/cercle-Finsbury-B-Paris-ebook/dp/B08VRG6H41/ref=sr_1_92,2025-09-03T18:20:01.838828
Le parfum des fleurs la nuit,Leïla Slimani,"0,00€",https://m.media-amazon.com/images/I/81VH8IU8NfS._SX342_.jpg,"Comme un écrivain qui pense que ""toute audace véritable vient de l’intérieur"", Leïla Slimani n'aime pas sortir de chez elle, et préfère la solitude à la distraction. Pourquoi alors accepter cette proposition d'une nuit blanche à la pointe de la Douane, à Venise, dans les collections d'art de la Fondation Pinault, qui ne lui parlent guère ?","Livres audio Audible 

                        – Version intégrale","4,0 sur 5 étoiles",757 évaluations,"7,99 €",Non disponible,,,en lire plus,Non disponible,Romans et Littérature Française,https://www.amazon.fr/parfum-fleurs-nuit/dp/B097YSJBPP/ref=sr_1_94,2025-09-03T18:20:37.502602
La tresse (Littérature Française),Laetitia Colombani,Prix non disponible,https://m.media-amazon.com/images/I/41kYZ1TjwpL._SY445_SX342_.jpg,"Trois femmes, trois vies, trois continents. Une même soif de liberté.",Format Kindle,"4,5 sur 5 étoiles",19 141 évaluations,"28,95 €",‏,,‏,‏,Non disponible,Romans et Littérature Française,https://www.amazon.fr/tresse-Litt%C3%A9rature-Fran%C3%A7aise-Laetitia-Colombani-ebook/dp/B06Y43K9LP/ref=sr_1_95,2025-09-03T18:20:58.621328
La tresse suivi d'un entretien avec l'auteure,Laëtitia Colombani,"0,00€",https://m.media-amazon.com/images/I/81lm7pwZH+L._SX342_.jpg,"Inde. Smita est une intouchable. Mariée à un chasseur de rats, elle nettoie à mains nues les latrines de son village, comme le faisait sa mère. Son rêve : voir sa fille échapper à la tradition et apprendre à lire.  Sicile. Julia est ouvrière dans l'atelier de traitement de cheveux de son père, le dernier du genre à Palerme. Elle trie, lave, décolore et teint des mèches fournies par les coiffeurs d...","Livres audio Audible 

                        – Version intégrale","4,5 sur 5 étoiles",19 141 évaluations,"7,49 €",Non disponible,,,Non disponible,Non disponible,Romans et Littérature Française,https://www.amazon.fr/tresse-suivi-entretien-avec-lauteure/dp/B07658CHDK/ref=sr_1_95,2025-09-03T18:21:05.094415
La tresse,Laetitia Colombani,"20,00€",https://m.media-amazon.com/images/I/61GgAF2RdOL._SY466_.jpg,"Trois femmes, trois vies, trois continents. Une même soif de liberté. Inde. Smita est une Intouchable. Elle rêve de voir sa fille échapper à sa condition misérable et entrer à l'école. Sicile. Giulia travaille dans l'atelier de son père. Lorsqu'il est victime d'un accident, elle découvre que l'entreprise familiale est ruinée. Canada. Sarah, avocate réputée, va être promue à la tête de son cabinet ...",En stock,"4,5 sur 5 étoiles",19 141 évaluations,"7,49 €",‏,‏,‏,‏,Non disponible,Romans et Littérature Française,https://www.amazon.fr/tresse-Laetitia-Colombani/dp/2246813883/ref=sr_1_95,2025-09-03T18:21:13.752147
La tresse,Laetitia colombani,"28,95€",https://m.media-amazon.com/images/I/41snRQOQpcL._SY466_.jpg,Pas de description,Habituellement expédié sous 13 à 14 jours,"4,5 sur 5 étoiles",19 141 évaluations,"7,49 €",‏,‏,‏,,Non disponible,Romans et Littérature Française,https://www.amazon.fr/tresse-Laetitia-colombani/dp/2298139555/ref=sr_1_95,2025-09-03T18:21:21.872109
La Tresse: Livre audio 1 CD MP3 - Suivi d'un entretien avec l'auteure.,Laetitia Colombani,"12,80€",https://m.media-amazon.com/images/I/71Dem-D75ML._SY425_.jpg,"Trois femmes, trois vies, trois continents. Une même soif de liberté.Inde. Smita est une Intouchable. Elle rêve de voir sa fille échapper à sa condition misérable et entrer à l’école.Sicile. Giulia travaille dans l’atelier de son père. Lorsqu’il est victime d'un accident, elle découvre que l’entreprise familiale est ruinée.Canada. Sarah, avocate réputée, va être promue à la tête de son cabinet qua...",Il ne reste plus que 1 exemplaire(s) en stock.,"4,5 sur 5 étoiles",19 141 évaluations,"7,49 €",‏,‏,‏,‏,Non disponible,Romans et Littérature Française,https://www.amazon.fr/Tresse-Livre-audio-entretien-lauteure/dp/2367624615/ref=sr_1_95,2025-09-03T18:21:29.888358
Lui & Moi,Alice Feeney,Prix non disponible,https://m.media-amazon.com/images/I/81kIQPLl3ML._SY522_.jpg,Il y a toujours deux versions d'une même histoire...,Il ne reste plus que 5 exemplaire(s) en stock (d'autres exemplaires sont en cours d'acheminement).,"4,4 sur 5 étoiles",800 évaluations,"5,99 €",‏,‏,‏,‏,Non disponible,Romans et Littérature Française,https://www.amazon.fr/Lui-Moi-Alice-Feeney/dp/2381223967/ref=sr_1_96,2025-09-03T18:21:38.084141
Lui & Moi (Hauteville Suspense),Alice Feeney,Prix non disponible,https://m.media-amazon.com/images/I/71F0S7FMwqL._SY466_.jpg,Il y a toujours deux versions d'une même histoire...,Format Kindle,"4,4 sur 5 étoiles",800 évaluations,"19,50 €",‏,,‏,‏,Non disponible,Romans et Littérature Française,https://www.amazon.fr/Lui-Moi-Alice-Feeney-ebook/dp/B09MG448MM/ref=sr_1_96,2025-09-03T18:21:46.565046
Lui & Moi,Alice Feeney,"0,00€",https://m.media-amazon.com/images/I/81pbXWu6EIL._SX342_.jpg,Il y a toujours deux versions d'une même histoire...,"Livres audio Audible 

                        – Version intégrale","4,4 sur 5 étoiles",800 évaluations,"5,99 €",Non disponible,,,en lire plus,Non disponible,Romans et Littérature Française,https://www.amazon.fr/Audible-Lui-Moi/dp/B09VH8CFX6/ref=sr_1_96,2025-09-03T18:21:53.493520
Lui & Moi,Alice Feeney,Prix non disponible,https://m.media-amazon.com/images/I/71eU2QKHF4L._SY466_.jpg,Il y a toujours deux versions d'une même histoire...,Il ne reste plus que 2 exemplaire(s) en stock (d'autres exemplaires sont en cours d'acheminement).,"4,4 sur 5 étoiles",800 évaluations,"5,99 €",‏,‏,‏,‏,Non disponible,Romans et Littérature Française,https://www.amazon.fr/Lui-Moi-Alice-Feeney/dp/2381223991/ref=sr_1_96,2025-09-03T18:22:01.188670
Dans mon ombre,Claire McGowan,"8,95€",https://m.media-amazon.com/images/I/81HKSFpkBeL._SY522_.jpg,Une femme peut en cacher une autre...,En stock,"4,2 sur 5 étoiles",1 139 évaluations,"5,99 €",‏,‏,‏,‏,Non disponible,Romans et Littérature Française,https://www.amazon.fr/Dans-mon-ombre-Claire-McGowan/dp/2381229612/ref=sr_1_97,2025-09-03T18:22:28.889600
Dans mon ombre (Hauteville Suspense),Claire McGowan,Prix non disponible,https://m.media-amazon.com/images/I/81HKSFpkBeL._SY522_.jpg,Une femme peut en cacher une autre...,Format Kindle,"4,2 sur 5 étoiles",1 139 évaluations,"19,95 €",‏,,‏,‏,Non disponible,Romans et Littérature Française,https://www.amazon.fr/Dans-mon-ombre-Claire-McGowan-ebook/dp/B0BXY9XQBD/ref=sr_1_97,2025-09-03T18:22:37.436107
Dans mon ombre,Claire McGowan,"0,00€",https://m.media-amazon.com/images/I/91JmoJ7JhVL._SX342_.jpg,"Il n’y a pas si longtemps, Suzi a commis l’irréparable. Elle en paie le prix à présent : enceinte et terrorisée, elle vit dans un cottage isolé avec son mari, Nick, véritable maniaque du contrôle. Quand Nora s’installe dans la seule maison à proximité, Suzi est ravie d’avoir enfin une amie. À tel point qu’elle est presque tentée de lui révéler son effroyable secret. Mais, très rapidement, Suzi com...","Livres audio Audible 

                        – Version intégrale","4,2 sur 5 étoiles",1 139 évaluations,"5,99 €",Non disponible,,,Non disponible,Non disponible,Romans et Littérature Française,https://www.amazon.fr/Audible-Dans-mon-ombre/dp/B0F48VLGPX/ref=sr_1_97,2025-09-03T18:22:43.808721
Dans mon ombre,Claire McGowan,"19,95€",https://m.media-amazon.com/images/I/81b6ZGwC0dL._SY466_.jpg,Une femme peut en cacher une autre...,Il ne reste plus que 10 exemplaire(s) en stock (d'autres exemplaires sont en cours d'acheminement).,"4,2 sur 5 étoiles",1 139 évaluations,"5,99 €",‏,‏,‏,,Non disponible,Romans et Littérature Française,https://www.amazon.fr/Dans-mon-ombre-Claire-McGowan/dp/2381225137/ref=sr_1_97,2025-09-03T18:22:49.368840
Tenir une auberge magique : guide de survie pour sorcières,Sangu Mandanna,Prix non disponible,https://m.media-amazon.com/images/I/71eMp9SiRDL._SY522_.jpg,Réservez une chambre dans ce cottage pas comme les autres et laissez la magie opérer...,En stock,"4,6 sur 5 étoiles",10 évaluations,"9,99 €",‏,‏,‏,‏,Non disponible,Romans et Littérature Française,https://www.amazon.fr/Tenir-une-auberge-magique-d%C3%A9butante/dp/2371024600/ref=sr_1_98,2025-09-03T18:22:58.252742
Tenir une auberge magique : guide de survie pour sorcières,Sangu Mandanna,Prix non disponible,https://m.media-amazon.com/images/I/81M9v2FBWIL._SY522_.jpg,"Réservez une chambre dans ce cottage pas comme les autres et laissez la magie opérer...Sera Swan était autrefois l'une des plus jeunes et plus puissantes sorcières de sa génération... jusqu'au jour où tout a basculé. En ramenant sa grand-tante Jasmine d'entre les morts, elle a perdu la majeure partie de sa magie et a même été bannie de sa guilde. (Ça lui apprendra à suivre les conseils douteux d'u...",Format Kindle,"4,6 sur 5 étoiles",10 évaluations,"18,00 €",‏,,‏,‏,Non disponible,Romans et Littérature Française,https://www.amazon.fr/Tenir-une-auberge-magique-sorci%C3%A8res-ebook/dp/B0FG5GY2TJ/ref=sr_1_98,2025-09-03T18:23:06.978711
La gloire de mon père,Marcel Pagnol,"8,20€",https://m.media-amazon.com/images/I/91CiR5IZWLL._SY522_.jpg,"Un petit Marseillais d'il y a un siècle: l'école primaire ; le cocon familial ; les premières vacances dans les collines, à La Treille ; la première chasse avec son père... Lorsqu il commence à rédiger ses",En stock,"4,6 sur 5 étoiles",2 720 évaluations,"6,49 €",‏,‏,‏,,Non disponible,Romans et Littérature Française,https://www.amazon.fr/gloire-mon-p%C3%A8re-Marcel-Pagnol/dp/2877065073/ref=sr_1_99,2025-09-03T18:23:14.761221
La Gloire de mon père,Marcel Pagnol,Prix non disponible,https://m.media-amazon.com/images/I/81BBGcHpvSL._SY425_.jpg,Pas de description,Format Kindle,"4,6 sur 5 étoiles",2 720 évaluations,"21,77 €",‏,,‏,‏,Non disponible,Romans et Littérature Française,https://www.amazon.fr/Gloire-mon-p%C3%A8re-Marcel-Pagnol-ebook/dp/B00PQEBNS8/ref=sr_1_99,2025-09-03T18:23:22.673851
La Gloire de mon père: Souvenirs d'enfance 1,Marcel Pagnol,"0,00€",https://m.media-amazon.com/images/I/81srBFJfvaL._SX342_.jpg,Pas de description,"Livres audio Audible 

                        – Version intégrale","4,6 sur 5 étoiles",2 720 évaluations,"6,49 €",Non disponible,,,Non disponible,Non disponible,Romans et Littérature Française,https://www.amazon.fr/Gloire-mon-p%C3%A8re-Souvenirs-denfance/dp/B0CY5RPJSM/ref=sr_1_99,2025-09-03T18:23:29.557544
父の大手柄―マルセルの夏 (評論社文庫―少年時代),Auteur inconnu,Prix non disponible,https://m.media-amazon.com/images/I/51GkoqZ5Z4L._SY425_.jpg,Pas de description,Il ne reste plus que 15 exemplaire(s) en stock.,"4,6 sur 5 étoiles",2 720 évaluations,"6,49 €",‏,Non disponible,Non disponible,Non disponible,Non disponible,Romans et Littérature Française,https://www.amazon.fr/%E7%88%B6%E3%81%AE%E5%A4%A7%E6%89%8B%E6%9F%84_%E3%83%9E%E3%83%AB%E3%82%BB%E3%83%AB%E3%81%AE%E5%A4%8F-%E8%A9%95%E8%AB%96%E7%A4%BE%E6%96%87%E5%BA%AB_%E5%B0%91%E5%B9%B4%E6%99%82%E4%BB%A3/dp/4566021823/ref=sr_1_99,2025-09-03T18:23:36.734520
La gloire de mon père illustré par Suzanne,Marcel Pagnol,Prix non disponible,https://m.media-amazon.com/images/I/81xGVKWjzpL._SX445_.jpg,"Album jeunesse , extraits de la ""gloire de mon père "" ; illustrations couleurs pleine page et double page + en n&b dans le texte de S .Ballivet",Il ne reste plus que 1 exemplaire(s) en stock.,"4,6 sur 5 étoiles",2 720 évaluations,"6,49 €",Non disponible,‏,‏,‏,Non disponible,Romans et Littérature Française,https://www.amazon.fr/gloire-mon-p%C3%A8re-illustr%C3%A9-Suzanne/dp/B004FV24J0/ref=sr_1_99,2025-09-03T18:23:46.034961
La maison des feuilles,Mark Z. Danielewski,Prix non disponible,https://m.media-amazon.com/images/I/71E+2fNxsGL._SY425_.jpg,"En rentrant chez eux un soir, les Navidson – Will, Karen et leurs deux enfants qui viennent à peine d’emménager en Virginie – découvrent qu’une nouvelle pièce a surgi dans leur maison, comme si elle avait toujours été là. Simple inattention ? Canular élaboré ?  Mètres, plans et appareils de mesure sont réquisitionnés, et soudain, l’explication la plus étrange devient la plus évidente : le foyer de...",En stock,"4,7 sur 5 étoiles",627 évaluations,"Broché – Grand livre, 25 août 2022",‏,‏,‏,‏,Non disponible,Romans et Littérature Française,https://www.amazon.fr/maison-feuilles-Mark-Z-Danielewski/dp/2381960643/ref=sr_1_100,2025-09-03T18:23:54.438156
La Maison des feuilles,Mark z. Danielewski,"9,90€",https://m.media-amazon.com/images/I/61gTlsot+SL._SY425_.jpg,"À Los Angeles, chez un vieil aveugle qui vient de mourir, Johnny découvre un étrange manuscrit. Le texte se présente comme un essai sur un film,",Poche – 12 février 2015,"4,7 sur 5 étoiles",627 évaluations,"29,50 €",‏,‏,‏,‏,Non disponible,Romans et Littérature Française,https://www.amazon.fr/Maison-feuilles-Mark-z-Danielewski/dp/2757849107/ref=sr_1_100,2025-09-03T18:24:02.832279
Beasts of the Briar Tome 3 - Forged by Malice - édition reliée,Elizabeth Helen,Prix non disponible,https://m.media-amazon.com/images/I/71xoe8mywWL._SY425_.jpg,"Elle voulait sauver ses princes. Mais pour les ramener à la lumière, encore faut-il ne pas se perdre dans l'ombre.",Cet article paraîtra le 4 septembre 2025.,Diapositive précédente des détails du produit,0 avis,"9,99 €",‏,‏,‏,‏,Non disponible,Romans et Littérature Française,https://www.amazon.fr/Beasts-Briar-Forged-Malice-%C3%A9dition/dp/2385791668/ref=sr_1_101,2025-09-03T18:24:09.530995
Beasts of the Briar Tome 3,Elizabeth Helen,Prix non disponible,https://m.media-amazon.com/images/I/81PhSYillpL._SY466_.jpg,"Elle voulait sauver ses princes.Mais pour les ramener à la lumière, encore faut-il ne pas se perdre dans l'ombre.",Format Kindle,Diapositive précédente des détails du produit,0 avis,"26,95 €",‏,,‏,‏,Non disponible,Romans et Littérature Française,https://www.amazon.fr/Beasts-Briar-3-Elizabeth-Helen-ebook/dp/B0FP4973NY/ref=sr_1_101,2025-09-03T18:24:18.227720
Beasts of the Briar Tome 3 - Broché,Elizabeth Helen,Prix non disponible,https://m.media-amazon.com/images/I/71XNVdsnyiL._SY466_.jpg,"Elle voulait sauver ses princes.Mais pour les ramener à la lumière, encore faut-il ne pas se perdre dans l'ombre.",Cet article paraîtra le 4 septembre 2025.,Diapositive précédente des détails du produit,0 avis,"9,99 €",‏,‏,‏,‏,Non disponible,Romans et Littérature Française,https://www.amazon.fr/Beasts-Briar-Broch%C3%A9-Elizabeth-Helen/dp/2385790920/ref=sr_1_101,2025-09-03T18:24:26.545844
Un été pour te retrouver - poche: Seasons Tome 4,Morgane Moncomble,"8,90€",https://m.media-amazon.com/images/I/8114JP1nSjL._SY522_.jpg,La saga phénomène de Morgane Moncomble enfin en poche !,En stock,"4,9 sur 5 étoiles",24 évaluations,Poche – 4 juin 2025,‏,‏,‏,,Non disponible,Romans et Littérature Française,https://www.amazon.fr/%C3%A9t%C3%A9-pour-retrouver-poche-Seasons/dp/2755681195/ref=sr_1_102,2025-09-03T18:24:35.286047
Va où la rivière te porte,Shelley Read,"9,00€",https://m.media-amazon.com/images/I/71woNT-hvjL._SY522_.jpg,Le destin d'une jeune femme au cœur des étendues sauvages du Colorado à la fin des années 1940.,En stock,"4,4 sur 5 étoiles",487 évaluations,"14,99 €",‏,,‏,,Non disponible,Romans et Littérature Française,https://www.amazon.fr/Va-o%C3%B9-rivi%C3%A8re-te-porte/dp/2266348388/ref=sr_1_103,2025-09-03T18:24:43.345974
Va où la rivière te porte - Prix de l'Union Interalliée 2025,Shelley Read,Prix non disponible,https://m.media-amazon.com/images/I/71IRT0Hll4L._SY466_.jpg,Une héroïne bouleversante au coeur de l'Ouest américain.,Format Kindle,"4,4 sur 5 étoiles",487 évaluations,"21,00 €",‏,,‏,‏,Non disponible,Romans et Littérature Française,https://www.amazon.fr/Va-o%C3%B9-rivi%C3%A8re-te-porte-ebook/dp/B0CVMM476Q/ref=sr_1_103,2025-09-03T18:24:50.859995
Va où la rivière te porte - Prix de l'Union Interalliée 2025,Shelley Read,"21,00€",https://m.media-amazon.com/images/I/61gWGEFr1pL._SY466_.jpg,Une héroïne bouleversante au coeur de l'Ouest américain.,En stock,"4,4 sur 5 étoiles",487 évaluations,"14,99 €",‏,,‏,,Non disponible,Romans et Littérature Française,https://www.amazon.fr/Va-o%C3%B9-rivi%C3%A8re-te-porte/dp/2221267680/ref=sr_1_103,2025-09-03T18:24:58.740138
La vie devant soi,Romain Gary (Émile Ajar),"9,00€",https://m.media-amazon.com/images/I/81ZcBwoEwoL._SY522_.jpg,"Signé Ajar, ce roman reçut le prix Goncourt en 1975. Histoire d'amour d'un petit garçon arabe pour une très vieille femme juive : Momo se débat contre les six étages que Madame Rosa ne veut plus monter et contre la vie parce que "" ça ne pardonne pas "" et parce qu'il n'est "" pas nécessaire d'avoir des raisons pour avoir peur "". Le petit garçon l'aidera à se cacher dans son "" trou juif "", elle n'ira...",En stock,"4,5 sur 5 étoiles",4 292 évaluations,"4,99 €",‏,‏,‏,,Non disponible,Romans et Littérature Française,https://www.amazon.fr/devant-Romain-Gary-%C3%89mile-Ajar/dp/2070373622/ref=sr_1_104,2025-09-03T18:25:08.027556
La vie devant soi,Romain Gary,"0,00€",https://m.media-amazon.com/images/I/818TA2vi6gL._SX342_.jpg,"Entre Madame Rosa et Momo, c'est un amour maternel qui ne passerait pas les liens du sang, c'est l'amitié entre les peuples juif et arabe, c'est le poids de l'Histoire allégé par l'appétit de vivre. Le roman se passe à Belleville, vingtième arrondissement de Paris, sixième étage sans ascenseur. Momo a dix ans, peut-être quatorze en réalité. Cela fait beaucoup de chiffres pour un môme qui réinvente...","Livres audio Audible 

                        – Enregistrement original","4,5 sur 5 étoiles",4 292 évaluations,"4,99 €",Non disponible,,,Non disponible,Non disponible,Romans et Littérature Française,https://www.amazon.fr/La-vie-devant-soi/dp/B01CUWVRPC/ref=sr_1_104,2025-09-03T18:25:16.262045
"Étude intégrale : La Vie devant soi (fiche de lecture, analyse et résumé)",Romain Gary,Prix non disponible,https://m.media-amazon.com/images/I/71DIYgunKcL._SY466_.jpg,"Décryptez La Vie devant soi avec l'analyse de Paideia éducation !Que faut-il retenir de ce chef-d'oeuvre de la littérature française ? Retrouvez tout ce que vous devez savoir du roman de Romain Gary dans une analyse de référence pour comprendre rapidement le sens de l'oeuvre.Rédigée de manière claire et accessible par un enseignant, cette fiche de lecture propose notamment un résumé, une étude des...",Format Kindle,"4,5 sur 5 étoiles",4 292 évaluations,"10,57 €",‏,,Non disponible,‏,Non disponible,Romans et Littérature Française,https://www.amazon.fr/%C3%89tude-int%C3%A9grale-devant-lecture-analyse-ebook/dp/B07QVZF7CB/ref=sr_1_104,2025-09-03T18:25:24.744469
La Vie devant soi,Romain Gary,Prix non disponible,https://m.media-amazon.com/images/I/61rpoajC22L._SY425_.jpg,"Dossier pédagogique de M. Redot. Momo, petit orphelin d'origine arabe, est recueilli par Mme Rosa, une vieille femme juive, ancienne prostituée. Entre eux naît alors une amitié surprenante et touchante... À travers la voix de Momo, Romain Gary retranscrit le langage d'une époque. Un récit bouleversant. Groupements de textes : 1. Enfants sans parents 2. Amitiés inattendues",En stock,"4,5 sur 5 étoiles",4 292 évaluations,"4,99 €",‏,‏,‏,‏,Non disponible,Romans et Littérature Française,https://www.amazon.fr/vie-devant-soi-Romain-Gary/dp/2410004784/ref=sr_1_104,2025-09-03T18:25:33.487159
La Vie Devant Soi,Romain Gary,Prix non disponible,https://m.media-amazon.com/images/I/918mP+jt3pL._SY425_.jpg,Pas de description,Il ne reste plus que 1 exemplaire(s) en stock.,"4,5 sur 5 étoiles",4 292 évaluations,"4,99 €",‏,‏,‏,"ajouter à votre liste           ajouté à            impossible d'ajouter l'article à votre liste. merci d’essayer à nouveau.                   désolé, il y a eu un problème.   une erreur s'est produite lors de la récupération de vos listes d'envies. veuillez réessayer.           désolé, il y a eu un problème.   liste indisponible.",Non disponible,Romans et Littérature Française,https://www.amazon.fr/Vie-Devant-Soi-Ajar-Emile/dp/B0045C9XE8/ref=sr_1_104,2025-09-03T18:25:40.503262
La vie devant soi,Romain Gary,Prix non disponible,https://m.media-amazon.com/images/I/A1escx6Tc4L._SY425_.jpg,"Lu par Bernadette Lafont, Kamel Belghazi, André Oumanski, Salah Teskouk, Nathalie Kanoui et Anne Jolivet",Habituellement expédié sous 6 à 7 mois,"4,5 sur 5 étoiles",4 292 évaluations,"4,99 €",‏,‏,‏,Non disponible,Non disponible,Romans et Littérature Française,https://www.amazon.fr/vie-devant-soi-Romain-Gary/dp/2072727308/ref=sr_1_104,2025-09-03T18:25:48.686445
La vie devant soi,Romain Gary,"9,50€",https://m.media-amazon.com/images/I/91yvy3aEepL._SY342_.jpg,"Lu par Bernadette Lafont, Kamel Belghazi, André Oumanski, Salah Teskouk, Nathalie Kanoui et Anne Jolivet","CD-Rom – Livre audio, 12 juin 2014","4,5 sur 5 étoiles",4 292 évaluations,"4,99 €",‏,‏,‏,Non disponible,Non disponible,Romans et Littérature Française,https://www.amazon.fr/vie-devant-soi-Romain-Gary/dp/2070146782/ref=sr_1_104,2025-09-03T18:25:55.582888
La Femme du serial killer - un suspense adapté en série par Paramount+,Alice Hunter,Prix non disponible,https://m.media-amazon.com/images/I/71OnG5T1xfL._SY466_.jpg,"Tom part tous les matins travailler à Londres. Beth tient le coffee-shop du village et s'occupe de leur petite Poppy, âgée de trois ans. Beth et Tom forment un couple idéal, qu'envient leurs voisins et amis. Jusqu'à ce soir où deux policiers viennent sonner à leur porte... Tom serait impliqué dans une affaire criminelle... Et il se murmure bien vite que Beth savait tout...",Format Kindle,"4,3 sur 5 étoiles",54 évaluations,"21,90 €",‏,,‏,‏,Non disponible,Romans et Littérature Française,https://www.amazon.fr/Femme-serial-killer-suspense-Paramount-ebook/dp/B0FD53G4Q1/ref=sr_1_105,2025-09-03T18:26:02.150672
"La Femme du serial killer - un suspense adapté en série par Paramount+: Alice Hunter, la nouvelle star anglaise du thriller domestique",Alice Hunter,"21,90€",https://m.media-amazon.com/images/I/61zd9Q9mx-L._SY425_.jpg,"Tom part tous les matins travailler à Londres. Beth tient le coffee-shop du village et s'occupe de leur petite Poppy, âgée de trois ans. Beth et Tom forment un couple idéal, qu'envient leurs voisins et amis. Jusqu'à ce soir où deux policiers viennent sonner à leur porte... Tom serait impliqué dans une affaire criminelle... Et il se murmure bien vite que Beth savait tout...",En stock,"4,3 sur 5 étoiles",54 évaluations,"15,99 €",‏,,‏,‏,Non disponible,Romans et Littérature Française,https://www.amazon.fr/Femme-serial-killer-Paramount-domestique/dp/2809850860/ref=sr_1_105,2025-09-03T18:26:09.196710
La femme du serial killer,Alice Hunter,"0,00€",https://m.media-amazon.com/images/I/818h-CvrCAL._SX342_.jpg,"Tom part tous les matins travailler à Londres. Beth tient le coffee-shop du village et s'occupe de leur petite Poppy, âgée de trois ans. Beth et Tom forment un couple idéal, qu'envient leurs voisins et amis. Jusqu'à ce soir où deux policiers viennent sonner à leur porte... Tom serait impliqué dans une affaire criminelle... Et il se murmure bien vite que Beth savait tout...","Livres audio Audible 

                        – Version intégrale","4,3 sur 5 étoiles",54 évaluations,"15,99 €",Non disponible,,,en lire plus,Non disponible,Romans et Littérature Française,https://www.amazon.fr/La-femme-du-serial-killer/dp/B0FGPYKXHC/ref=sr_1_105,2025-09-03T18:26:15.563116
La gouvernante,Joy Fielding,"8,50€",https://m.media-amazon.com/images/I/617ptosFZjL._SY522_.jpg,Un thriller pychologique parfait pour les fans de La Femme de Ménage et de Freida McFadden !,En stock,"4,4 sur 5 étoiles",816 évaluations,"6,99 €",‏,‏,‏,,Non disponible,Romans et Littérature Française,https://www.amazon.fr/gouvernante-Joy-Fielding/dp/B0DJSC7H7Z/ref=sr_1_106,2025-09-03T18:26:23.376473
La Gouvernante,Joy Fielding,Prix non disponible,https://m.media-amazon.com/images/I/71QsvpRY6SL._SY522_.jpg,Un thriller pychologique parfait pour les fans de La Femme de Ménage et de Freida McFadden !,Format Kindle,"4,4 sur 5 étoiles",816 évaluations,"8,50 €",‏,lisez avec notre  appli gratuite,‏,‏,Non disponible,Romans et Littérature Française,https://www.amazon.fr/Gouvernante-Joy-Fielding-ebook/dp/B0D8WWRP7T/ref=sr_1_106,2025-09-03T18:26:30.623635
La gouvernante,Joy Fielding,"21,59 €",https://m.media-amazon.com/images/I/71CTMzafRTL._SY466_.jpg,"Elle sait tout de vous… Mais que savez-vous vraiment d’elle ? Mère, agente immobilière accomplie et fille dévouée, Jodi Bishop donne tout pour prendre soin de sa famille. Mais le jour où sa mère, Audrey, est atteinte de la maladie de Parkinson, elle sait qu’elle ne va pas pouvoir continuer ainsi. Entourée d’un mari jaloux et d’un père trop vieux pour s’occuper de sa femme, elle n’a d’autre choix q...","Broché – Grands caractères, 4 juin 2025","4,4 sur 5 étoiles",816 évaluations,"6,99 €",‏,‏,‏,‏,Non disponible,Romans et Littérature Française,https://www.amazon.fr/gouvernante-Joy-Fielding/dp/2366371942/ref=sr_1_106,2025-09-03T18:26:37.054131
Toutes les nuances de la nuit,Chris Whitaker,Prix non disponible,https://m.media-amazon.com/images/I/91ANcWm4XvL._SY425_.jpg,""" Un roman qui vous percute comme un marteau ! Je n'ai pas pu le lâcher et je ne l'oublierais jamais. "" Gillian Flynn",Format Kindle,"4,5 sur 5 étoiles",335 évaluations,"25,90 €",‏,,‏,en lire plus,Non disponible,Romans et Littérature Française,https://www.amazon.fr/Toutes-nuances-nuit-Chris-Whitaker-ebook/dp/B0DP1FX8Y9/ref=sr_1_107,2025-09-03T18:26:44.416738
Toutes les nuances de la nuit - roman nouveauté 2025 par l'auteur de Duchess,Chris Whitaker,Prix non disponible,https://m.media-amazon.com/images/I/710BHZYVcEL._SY425_.jpg,""" Un roman qui vous percute comme un marteau ! Je n'ai pas pu le lâcher et je ne l'oublierais jamais. "" Gillian Flynn",En stock,"4,5 sur 5 étoiles",335 évaluations,"16,99 €",‏,‏,‏,‏,Non disponible,Romans et Littérature Française,https://www.amazon.fr/Toutes-nuances-nuit-nouveaut%C3%A9-lauteur/dp/2355848327/ref=sr_1_107,2025-09-03T18:26:51.904117
GAFFIOT de poche - Dictionnaire Latin Français,Félix Gaffiot,"12,90€",https://m.media-amazon.com/images/I/81TtAmJ8l2L._SY522_.jpg,"Le gaffiot, dictionnaire de référence latin-français, en version poche avec plus de 35 000 entrées.",En stock,"4,6 sur 5 étoiles",561 évaluations,Poche – 15 juillet 2002,‏,‏,‏,,Non disponible,Romans et Littérature Française,https://www.amazon.fr/Gaffiot-Dictionnaire-Latin-Fran%C3%A7ais-Nouvelle-augment%C3%A9e/dp/2011679400/ref=sr_1_108,2025-09-03T18:26:59.970513
Gaffiot De Poche - Dictionnaire Latin Francais,Félix Gaffiot,"14,95€",https://m.media-amazon.com/images/I/51M2YMyAgtL._SY425_.jpg,Pas de description,Broché,"4,6 sur 5 étoiles",561 évaluations,"12,90 €",‏,‏,Non disponible,Non disponible,Non disponible,Romans et Littérature Française,https://www.amazon.fr/Gaffiot-Poche-Dictionnaire-Latin-Francais/dp/B07CNYJR66/ref=sr_1_108,2025-09-03T18:27:08.289107
La promesse de l'aube,Romain Gary,"9,50€",https://m.media-amazon.com/images/I/71Pdehb3ztL._SY522_.jpg,"la couverture de l'article peut varier""- Tu seras un héros, tu seras général, Gabriele D'Annunzio, Ambassadeur de France - tous ces voyous ne savent pas qui tu es !Je crois que jamais un fils n'a haï sa mère autant que moi, à ce moment-là. Mais, alors que j'essayais de lui expliquer dans un murmure rageur qu'elle me compromettait irrémédiablement aux yeux de l'Armée de l'Air, et que je faisais un ...",En stock,"4,5 sur 5 étoiles",5 702 évaluations,"9,49 €",‏,‏,‏,,Non disponible,Romans et Littérature Française,https://www.amazon.fr/promesse-laube-Romain-Gary/dp/2070363732/ref=sr_1_109,2025-09-03T18:27:18.458504
La promesse de l'aube,Romain Gary,Prix non disponible,https://m.media-amazon.com/images/I/8141UUSU-sL._SY522_.jpg,"""– Tu seras un héros, tu seras général, Gabriele D'Annunzio, Ambassadeur de France – tous ces voyous ne savent pas qui tu es ! Je crois que jamais un fils n'a haï sa mère autant que moi, à ce moment-là. Mais, alors que j'essayais de lui expliquer dans un murmure rageur qu'elle me compromettait irrémédiablement aux yeux de l'Armée de l'Air, et que je faisais un nouvel effort pour la pousser derrièr...","Ed. définitive Édition, Format Kindle","4,5 sur 5 étoiles",5 702 évaluations,"98,00 €",‏,,‏,‏,Non disponible,Romans et Littérature Française,https://www.amazon.fr/promesse-laube-Romain-Gary-ebook/dp/B00CPSO952/ref=sr_1_109,2025-09-03T18:27:26.055695
La promesse de l'aube,Romain Gary,"0,00€",https://m.media-amazon.com/images/I/81UC0rt9drL._SX342_.jpg,"""- Tu seras un héros, tu seras général, Gabriele D'Annunzio, Ambassadeur de France - tous ces voyous ne savent pas qui tu es ! Je crois que jamais un fils n'a haï sa mère autant que moi, à ce moment-là. Mais, alors que j'essayais de lui expliquer dans un murmure rageur qu'elle me compromettait irrémédiablement aux yeux de l'Armée de l'Air, et que je faisais un nouvel effort pour la pousser derrièr...","Livres audio Audible 

                        – Version intégrale","4,5 sur 5 étoiles",5 702 évaluations,"9,49 €",Non disponible,,,Non disponible,Non disponible,Romans et Littérature Française,https://www.amazon.fr/La-promesse-de-laube/dp/B01CUWV4GY/ref=sr_1_109,2025-09-03T18:27:33.730055
La promesse de l'aube,Romain Gary,"26,00€",https://m.media-amazon.com/images/I/71x8xvNV3IL._SY425_.jpg,"Ce récit coïncide sur bien des points avec ce que l'on sait de l'auteur des Racines du ciel, et Romain Gary s'est expliqué là-dessus : «Ce livre est d'inspiration autobiographique, mais ce n'est pas une autobiographie. Mon métier d'orfèvre, mon souci de l'art s'est à chaque instant glissé entre l'événement et son expression littéraire, entre la réalité et l'œuvre qui s'en réclamait. Sous la plume,...",Il ne reste plus que 10 exemplaire(s) en stock (d'autres exemplaires sont en cours d'acheminement).,"4,5 sur 5 étoiles",5 702 évaluations,"9,49 €",‏,‏,‏,‏,Non disponible,Romans et Littérature Française,https://www.amazon.fr/promesse-laube-Romain-Gary/dp/2070226646/ref=sr_1_109,2025-09-03T18:27:42.407266
"La promesse de l'aube de Gary,Romain (2014) Relié",Romain Gary,"98,00€",https://m.media-amazon.com/images/I/511HX30ArvL._SY425_.jpg,Pas de description,Il ne reste plus que 1 exemplaire(s) en stock.,"4,5 sur 5 étoiles",5 702 évaluations,"9,49 €",Non disponible,‏,‏,,Non disponible,Romans et Littérature Française,https://www.amazon.fr/promesse-laube-Romain-Gary-2014-04-03/dp/B00OPMCTLC/ref=sr_1_109,2025-09-03T18:27:50.142158
La promesse de l'aube,Romain Gary,"24,90€",https://m.media-amazon.com/images/I/71WQ7Agm0YL._SY342_.jpg,Pas de description,Habituellement expédié sous 4 à 7 mois,"4,5 sur 5 étoiles",5 702 évaluations,"9,49 €",‏,‏,‏,Non disponible,Non disponible,Romans et Littérature Française,https://www.amazon.fr/promesse-laube-Romain-Gary/dp/2070144186/ref=sr_1_109,2025-09-03T18:27:58.288668
La promesse de l'aube,Romain Gary,"9,00€",https://m.media-amazon.com/images/I/81D6yp1+uKL._SY522_.jpg,"""- Tu seras un héros, tu seras général, Gabriele D'Annunzio, Ambassadeur de France - tous ces voyous ne savent pas qui tu es ! Je crois que jamais un fils n'a haï sa mère autant que moi, à ce moment-là. Mais, alors que j'essayais de lui expliquer dans un murmure rageur qu'elle me compromettait irrémédiablement aux yeux de l'Armée de l'Air, et que je faisais un nouvel effort pour la pousser derrièr...",Fournitures diverses – 13 mars 2014,"4,5 sur 5 étoiles",5 702 évaluations,"9,49 €",‏,‏,‏,‏,Non disponible,Romans et Littérature Française,https://www.amazon.fr/promesse-laube-Romain-Gary/dp/2070458024/ref=sr_1_109,2025-09-03T18:28:07.119449
Veiller sur elle - Prix Goncourt 2023,Jean-Baptiste Andrea,Prix non disponible,https://m.media-amazon.com/images/I/71-I05jqmtL._SY425_.jpg,"Prix du roman FNACAu grand jeu du destin, Mimo a tiré les mauvaises cartes. Né pauvre, il est confié en apprentissage à un sculpteur de pierre sans envergure. Mais il a du génie entre les mains. Toutes les fées ou presque se sont penchées sur Viola Orsini. Héritière d'une famille prestigieuse, elle a passé son enfance à l'ombre d'un palais génois. Mais elle a trop d'ambition pour se résigner à la ...",Format Kindle,"4,5 sur 5 étoiles",8 713 évaluations,"22,50 €",‏,,‏,‏,Non disponible,Romans et Littérature Française,https://www.amazon.fr/Veiller-sur-elle-Prix-Goncourt-ebook/dp/B0CBT489BL/ref=sr_1_110,2025-09-03T18:28:14.736470
Veiller sur elle - Prix Goncourt 2023,Jean-Baptiste Andrea,"9,70€",https://m.media-amazon.com/images/I/61KVr2J12rL._SY522_.jpg,"Au grand jeu du destin, Mimo a tiré les mauvaises cartes. Né pauvre, confié en apprentissage à un sculpteur de pierre sans envergure, il a du génie entre les mains. Héritière du clan Orsini, Viola a passé son enfance à l'ombre d'un palais génois. Elle a trop d'ambition pour se résigner à la place qu'on lui assigne.  Ces deux-là n'auraient jamais dû se rencontrer. Au premier regard, Viola et Mimo j...",En stock,"4,5 sur 5 étoiles",8 713 évaluations,"9,49 €",‏,,‏,,Non disponible,Romans et Littérature Française,https://www.amazon.fr/Veiller-sur-elle-Prix-Goncourt/dp/2493909933/ref=sr_1_110,2025-09-03T18:28:22.925740
Veiller sur elle - Prix Goncourt 2023,Jean-Baptiste Andrea,"0,00€",https://m.media-amazon.com/images/I/81qSnj7XbyL._SX342_.jpg,"Au grand jeu du destin, Mimo a tiré les mauvaises cartes. Né pauvre, il est confié en apprentissage à un sculpteur de pierre sans envergure. Mais il a du génie entre les mains.","Livres audio Audible 

                        – Version intégrale","4,5 sur 5 étoiles",8 713 évaluations,"9,49 €",Non disponible,,,en lire plus,Non disponible,Romans et Littérature Française,https://www.amazon.fr/Veiller-sur-elle-Prix-Goncourt/dp/B0CD864TLB/ref=sr_1_110,2025-09-03T18:28:29.578009
Veiller sur elle - Prix Goncourt 2023,Jean-Baptiste Andrea,"22,50€",https://m.media-amazon.com/images/I/612lyKIjdxL._SY425_.jpg,Pas de description,En stock,"4,5 sur 5 étoiles",8 713 évaluations,"9,49 €",‏,,‏,,Non disponible,Romans et Littérature Française,https://www.amazon.fr/Veiller-sur-elle-Jean-Baptiste-Andrea/dp/2378803753/ref=sr_1_110,2025-09-03T18:28:38.888033
Son employée (Black Lab),Samantha Hayes,Prix non disponible,https://m.media-amazon.com/images/I/71m1h91kq9L._SY466_.jpg,"A l’adolescence, Annie, Laura, Gina et Sara étaient inséparables, jusqu’à ce qu’un incident tragique fasse exploser le quatuor.Sara disparue, les trois amies se sont éloignées, mais, lorsque la maison de Gina est détruite dans un incendie, Annie n’hésite pas à l’héberger tandis qu’elle est en voyage à l’étranger. Dans cette immense maison, Gina a la désagréable sensation d’être observée. Matt, l’h...",Format Kindle,"4,4 sur 5 étoiles",197 évaluations,"22,90 €",‏,,‏,‏,Non disponible,Romans et Littérature Française,https://www.amazon.fr/Son-employ%C3%A9e-Black-Samantha-Hayes-ebook/dp/B0F18VWNC9/ref=sr_1_111,2025-09-03T18:28:45.858215
Son employée,Samantha Hayes,"22,90€",https://m.media-amazon.com/images/I/71m1h91kq9L._SY466_.jpg,"A l’adolescence, Annie, Laura, Gina et Sara étaient inséparables, jusqu’à ce qu’un incident tragique fasse exploser le quatuor.Sara disparue, les trois amies se sont éloignées, mais, lorsque la maison de Gina est détruite dans un incendie, Annie n’hésite pas à l’héberger tandis qu’elle est en voyage à l’étranger. Dans cette immense maison, Gina a la désagréable sensation d’être observée. Matt, l’h...",En stock,"4,4 sur 5 étoiles",197 évaluations,"15,99 €",‏,,‏,,Non disponible,Romans et Littérature Française,https://www.amazon.fr/Son-employ%C3%A9e-Samantha-Hayes/dp/2017307564/ref=sr_1_111,2025-09-03T18:28:52.532893
Son employée,Samantha Hayes,"0,00€",https://m.media-amazon.com/images/I/71yGl-6AMSL._SX342_.jpg,Laissez-la entrer chez vous ; elle vous mettra dehors.,"Livres audio Audible 

                        – Version intégrale","4,4 sur 5 étoiles",197 évaluations,"15,99 €",Non disponible,,,en lire plus,Non disponible,Romans et Littérature Française,https://www.amazon.fr/Audible-Son-employ%C3%A9e/dp/B0F8J3ZW7M/ref=sr_1_111,2025-09-03T18:29:00.211620
Valentina - Tome 01,Azra Reed,"19,95€",https://m.media-amazon.com/images/I/81WUwFpzGrL._SY466_.jpg,"Ce monde ne t’attendra pas, Valentina.",En stock,"4,5 sur 5 étoiles",540 évaluations,"11,99 €",‏,,‏,‏,Non disponible,Romans et Littérature Française,https://www.amazon.fr/Valentina-01-Azra-Reed/dp/2755677414/ref=sr_1_112,2025-09-03T18:29:09.320583
Valentina - Tome 01,Azra Reed,Prix non disponible,https://m.media-amazon.com/images/I/81SBECZvcEL._SY466_.jpg,"Ce monde ne t’attendra pas, Valentina.",Format Kindle,"4,5 sur 5 étoiles",540 évaluations,"19,95 €",‏,,‏,‏,Non disponible,Romans et Littérature Française,https://www.amazon.fr/Valentina-01-Azra-Reed-ebook/dp/B0D7Q5FY4B/ref=sr_1_112,2025-09-03T18:29:16.717233
Valentina: Tome 1,Azra Reed,"0,00€",https://m.media-amazon.com/images/I/913zSi7SzxL._SX342_.jpg,"Ce monde ne t'attendra pas, Valentina.  Valentina n'aspire qu'à fuir la violence et la pauvreté de Tepito. Elle est portée par l'espoir d'un avenir meilleur, pour elle et sa grand-mère. loin des règlements de comptes meurtriers qui rythment le quotidien de son quartier.  Pourtant, en voulant aider les siens, Valentina se retrouve propulsée dans le milieu sanglant des cartels, là où la peur et la h...","Livres audio Audible 

                        – Version intégrale","4,5 sur 5 étoiles",540 évaluations,"11,99 €",Non disponible,,,en lire plus,Non disponible,Romans et Littérature Française,https://www.amazon.fr/Audible-Valentina-tome-1/dp/B0DH9DBYCV/ref=sr_1_112,2025-09-03T18:29:24.715131
Les Misérables: (Texte abrégé),Victor Hugo,Prix non disponible,https://m.media-amazon.com/images/I/71Omg6rrbrL._SY425_.jpg,"Dossier pédagogiqie de Virginie Manouguian. Jean Valjean sort du bagne où il a été enfermé pour avoir volé du pain. Il décide dorénavant de mener une vie exemplaire. Devenu Monsieur Madeleine, il promet à Fantine, une pauvre femme mourante, de retrouver sa fille, Cosette, et de la prendre sous son aile. Mais, de Digne à Montreuil en passant par les rues de Paris, l'inspecteur Javert est à ses trou...",En stock,"4,7 sur 5 étoiles",369 évaluations,"3,99 €",‏,,‏,Non disponible,Non disponible,Romans et Littérature Française,https://www.amazon.fr/Mis%C3%A9rables-Victor-Hugo-Texte-abr%C3%A9g%C3%A9/dp/B0BX36NN89/ref=sr_1_113,2025-09-03T18:29:51.726949
Les Misérables de Victor Hugo (Texte abrégé),Victor Hugo,Prix non disponible,https://m.media-amazon.com/images/I/712eG8FYNDL._SY425_.jpg,"Dossier pédagogiqie de Virginie Manouguian. Jean Valjean sort du bagne où il a été enfermé pour avoir volé du pain. Il décide dorénavant de mener une vie exemplaire. Devenu Monsieur Madeleine, il promet à Fantine, une pauvre femme mourante, de retrouver sa fille, Cosette, et de la prendre sous son aile. Mais, de Digne à Montreuil en passant par les rues de Paris, l’inspecteur Javert est à ses trou...",Format Kindle,"4,7 sur 5 étoiles",369 évaluations,"4,95 €",‏,,‏,‏,Non disponible,Romans et Littérature Française,https://www.amazon.fr/Mis%C3%A9rables-Victor-Hugo-Texte-abr%C3%A9g%C3%A9-ebook/dp/B0C4C4J95S/ref=sr_1_113,2025-09-03T18:29:59.392453
Trop intense: Les Frères Hayes - Livre 1,I. A. Dice,Prix non disponible,https://m.media-amazon.com/images/I/616OP4uWwkL._SY466_.jpg,Pas de description,En stock,"4,5 sur 5 étoiles",3 063 évaluations,Broché – 4 juillet 2024,‏,‏,‏,‏,Non disponible,Romans et Littérature Française,https://www.amazon.fr/Trop-intense-Fr%C3%A8res-Hayes-Livre/dp/B0D47V7QDQ/ref=sr_1_114,2025-09-03T18:30:08.933337
Trop intense: Les Frères Hayes - Livre 1,I. A. Dice,Prix non disponible,https://m.media-amazon.com/images/I/711f0AF2S0L._SY466_.jpg,"Prix Kindle : 14,47 €TVA incluse",Format Kindle,"4,5 sur 5 étoiles",3 063 évaluations,"17,92 €",Non disponible,,‏,‏,Non disponible,Romans et Littérature Française,https://www.amazon.fr/Trop-intense-Fr%C3%A8res-Hayes-Livre-ebook/dp/B0D2L46ZGV/ref=sr_1_114,2025-09-03T18:30:15.753334
Le mage du Kremlin,Giuliano da Empoli,"9,00€",https://m.media-amazon.com/images/I/718idCs5tkL._SY522_.jpg,"""Le pouvoir est comme le soleil et la mort, il ne peut se regarder en face. Surtout en Russie."" On l'appelait le mage du Kremlin. L'énigmatique Vadim Baranov fut metteur en scène puis producteur d'émissions de télé-réalité avant de devenir l'éminence grise de Poutine. Après sa démission du poste de conseiller politique, les légendes sur son compte se multiplient, sans que nul puisse démêler le fau...",En stock,"4,4 sur 5 étoiles",6 516 évaluations,"8,99 €",‏,,‏,,Non disponible,Romans et Littérature Française,https://www.amazon.fr/Mage-Du-Kremlin-Roman/dp/2073003915/ref=sr_1_115,2025-09-03T18:30:22.112516
Le mage du Kremlin - Grand Prix du roman de l'Académie française,Giuliano da Empoli,Prix non disponible,https://m.media-amazon.com/images/I/71eGnUU-YtL._SY522_.jpg,"""Le pouvoir est comme le soleil et la mort, il ne peut se regarder en face. Surtout en Russie."" On l’appelait le mage du Kremlin. L’énigmatique Vadim Baranov fut metteur en scène puis producteur d’émissions de télé-réalité avant de devenir l’éminence grise de Poutine. Après sa démission du poste de conseiller politique, les légendes sur son compte se multiplient, sans que nul puisse démêler le fau...",Format Kindle,"4,4 sur 5 étoiles",6 516 évaluations,"21,00 €",‏,,‏,Non disponible,Non disponible,Romans et Littérature Française,https://www.amazon.fr/mage-du-Kremlin-Giuliano-Empoli-ebook/dp/B0CNHF7SCD/ref=sr_1_115,2025-09-03T18:30:30.833048
Le mage du Kremlin,Giuliano Da Empoli,"0,00€",https://m.media-amazon.com/images/I/91K8WCWmmPL._SX342_.jpg,"On l'appelait le ""mage du Kremlin"". L'énigmatique Vadim Baranov fut metteur en scène puis producteur d'émissions de télé-réalité avant de devenir l'éminence grise de Poutine, dit le Tsar. Après sa démission du poste de conseiller politique, les légendes sur son compte se multiplient, sans que nul puisse démêler le faux du vrai. Jusqu'à ce que, une nuit, il confie son histoire au narrateur de ce li...","Livres audio Audible 

                        – Version intégrale","4,4 sur 5 étoiles",6 516 évaluations,"8,99 €",Non disponible,,,Non disponible,Non disponible,Romans et Littérature Française,https://www.amazon.fr/Audible-Le-mage-du-Kremlin/dp/B0BHF2JDG1/ref=sr_1_115,2025-09-03T18:30:37.231639
Le mage du Kremlin - Grand prix du Roman de l'Académie française 2022,Giuliano da Empoli,"21,00€",https://m.media-amazon.com/images/I/719JISXhmKL._SY466_.jpg,"On l'appelait le ""mage du Kremlin"". L'énigmatique Vadim Baranov fut metteur en scène puis producteur d'émissions de télé-réalité avant de devenir l'éminence grise de Poutine, dit le Tsar. Après sa démission du poste de conseiller politique, les légendes sur son compte se multiplient, sans que nul puisse démêler le faux du vrai. Jusqu'à ce que, une nuit, il confie son histoire au narrateur de ce li...",Il ne reste plus que 4 exemplaire(s) en stock.,"4,4 sur 5 étoiles",6 516 évaluations,"8,99 €",‏,,‏,‏,Non disponible,Romans et Littérature Française,https://www.amazon.fr/mage-du-Kremlin-Giuliano-Empoli/dp/2072958164/ref=sr_1_115,2025-09-03T18:30:46.257973
Le mage du Kremlin,Giuliano da Empoli,"21,90€",https://m.media-amazon.com/images/I/81R79HRoKNL._SY425_.jpg,"On l'appelait le ""mage du Kremlin"". L'énigmatique Vadim Baranov fut metteur en scène puis producteur d'émissions de télé-réalité avant de devenir l'éminence grise de Poutine, dit le Tsar. Après sa démission du poste de conseiller politique, les légendes sur son compte se multiplient, sans que nul puisse démêler le faux du vrai. Jusqu'à ce que, une nuit, il confie son histoire au narrateur de ce li...",Il ne reste plus que 2 exemplaire(s) en stock (d'autres exemplaires sont en cours d'acheminement).,"4,4 sur 5 étoiles",6 516 évaluations,"8,99 €",‏,‏,‏,‏,Non disponible,Romans et Littérature Française,https://www.amazon.fr/mage-du-Kremlin-Giuliano-Empoli/dp/2073034276/ref=sr_1_115,2025-09-03T18:30:53.974798
Le mage du kremlin,Giuliano d'à empoli,Prix non disponible,https://m.media-amazon.com/images/I/819OHDun8uL._SY425_.jpg,Pas de description,Il ne reste plus que 1 exemplaire(s) en stock.,"4,4 sur 5 étoiles",6 516 évaluations,"8,99 €",‏,‏,‏,"ajouter à votre liste           ajouté à            impossible d'ajouter l'article à votre liste. merci d’essayer à nouveau.                   désolé, il y a eu un problème.   une erreur s'est produite lors de la récupération de vos listes d'envies. veuillez réessayer.           désolé, il y a eu un problème.   liste indisponible.",Non disponible,Romans et Littérature Française,https://www.amazon.fr/mage-du-kremlin-Giuliano-empoli/dp/2298184097/ref=sr_1_115,2025-09-03T18:31:02.028422
Le livre de Kells,Sorj Chalandon,"23,00€",https://m.media-amazon.com/images/I/71qCzp0MIwL._SY466_.jpg,Pas de description,En stock,"4,5 sur 5 étoiles",23 évaluations,"15,99 €",‏,‏,‏,‏,Non disponible,Romans et Littérature Française,https://www.amazon.fr/livre-Kells-Sorj-Chalandon/dp/2246843219/ref=sr_1_116,2025-09-03T18:31:10.617829
Le livre de Kells (Littérature Française),Sorj Chalandon,Prix non disponible,https://m.media-amazon.com/images/I/71qCzp0MIwL._SY466_.jpg,Pas de description,Format Kindle,"4,5 sur 5 étoiles",23 évaluations,"23,00 €",‏,,‏,‏,Non disponible,Romans et Littérature Française,https://www.amazon.fr/livre-Kells-Litt%C3%A9rature-Fran%C3%A7aise-ebook/dp/B0FDB493H6/ref=sr_1_116,2025-09-03T18:31:19.358359
Le Livre de Kells,Sorj Chalandon,"0,00€",https://m.media-amazon.com/images/I/81OSUR5u0wL._SX342_.jpg,"« Kells, c'est moi. Gamin enfui de Lyon à 17 ans pour ne pas être dévoré par son Minotaure de père, raciste et antisémite. Enfant fragile devenu chien des rues, luttant pour sa survie pendant un an, seul à Paris, sans toit, sans refuge, sans rien d'autre pour dormir que les bancs, les caves d'immeubles, les paillassons des derniers étages. Un paumé qui se faisait appeler Kells, en référence à un É...","Livres audio Audible 

                        – Version intégrale","4,5 sur 5 étoiles",23 évaluations,"15,99 €",Non disponible,,,Non disponible,Non disponible,Romans et Littérature Française,https://www.amazon.fr/Audible-Le-Livre-de-Kells/dp/B0FHJN1MRG/ref=sr_1_116,2025-09-03T18:31:27.034450
Le Livre de Kells: Livre audio 1 CD MP3,Sorj Chalandon,Prix non disponible,https://m.media-amazon.com/images/I/01PkLIhTX3L.gif,Pas de description,Cet article paraîtra le 15 octobre 2025.,"4,5 sur 5 étoiles",23 évaluations,"15,99 €",‏,‏,‏,Non disponible,Non disponible,Romans et Littérature Française,https://www.amazon.fr/Livre-Kells-audio-CD-MP3/dp/B0FDF4L2DG/ref=sr_1_116,2025-09-03T18:31:35.464667
Le Journal d'Anne Frank (Nouvelle édition),Anne Frank,Prix non disponible,https://m.media-amazon.com/images/I/71DKiNxs0dL._SY522_.jpg,"Anne Frank est née le 12 juin 1929 à Francfort. Sa famille a émigré aux Pays-Bas en 1933. À Amsterdam, elle connaît une enfance heureuse jusqu’en 1942, malgré la guerre. Le 6 juillet 1942, les Frank s’installent clandestinement dans «l’Annexe» de l’immeuble du 263, Prinsengracht. Le 4 août 1944, ils sont arrêtés sur dénonciation. Déportée à Auschwitz, puis à Bergen-Belsen, Anne meurt du typhus en ...",En stock,"4,6 sur 5 étoiles",1 649 évaluations,"7,49 €",‏,‏,‏,‏,Non disponible,Romans et Littérature Française,https://www.amazon.fr/Journal-dAnne-Frank-Nouvelle-%C3%A9dition/dp/2253937436/ref=sr_1_117,2025-09-03T18:31:43.472880
Le Journal d'Anne Frank,Anne Frank,"0,00€",https://m.media-amazon.com/images/I/51K-rpgdZYL._SX342_.jpg,"Le nom de cette toute jeune fille, née en 1929, arrêtée sur dénonciation en 1944 déportée à Auschwitz, puis à Bergen-Belsen, et morte du typhus en mars 1945, est connu dans le monde entier : Anne Frank est devenue le symbole des victimes des idéologies racistes, du nazisme à l'apartheid. Elle a tenu son journal du 12 juin 1942 au 1er août 1944, et ce texte, classé 19ème parmi les 100 meilleurs liv...","Livres audio Audible 

                        – Version intégrale","4,6 sur 5 étoiles",1 649 évaluations,"7,49 €",Non disponible,,,Non disponible,Non disponible,Romans et Littérature Française,https://www.amazon.fr/Le-Journal-dAnne-Frank/dp/B01CUY93QK/ref=sr_1_117,2025-09-03T18:31:51.231749
Journal Anne Frank (Edition 2019),Anne Frank,Prix non disponible,https://m.media-amazon.com/images/I/71Nmxndd4QL._SY466_.jpg,"Anne Frank est née le 12 juin 1929à Francfort. Sa famille à émigréaux Pays-Bas en 1933. A Amsterdam,elle connait une enfance heureusejusqu'en 1942, malgré la guerre.le 6 juillet 1942, les Frank s'installentclandestinement dans ""l'Annexe""de l'immeuble du 263, Prinsengracht.Le 4 août, ils sont arrêtésVraisemblablement  sur denonciation.Déportée à Auschwitz, puis àBergen-Belsen, Anne meurt du typhuse...",Format Kindle,"4,6 sur 5 étoiles",1 649 évaluations,"7,90 €",‏,lisez avec notre  appli gratuite,‏,‏,Non disponible,Romans et Littérature Française,https://www.amazon.fr/Journal-Anne-Frank-2019-ebook/dp/B07QYWGJ37/ref=sr_1_117,2025-09-03T18:31:57.899769
Le Journal d'Anne Frank,Anne Frank,"5,90€",https://m.media-amazon.com/images/I/81Ik39jFpSL._SY425_.jpg,"Ce volume présente la version définitive en langue française du jounal d'Anne Frank. Ainsi que l'a montré l'édition critique publiée par Calmann-Lévy en 1989, Anne Frank avait en effet rédigé successivement deux versions de son journal, retravaillant son propre texte pour qu'il réponde à ses ambitions d'écrivain. La présente édition comporte, à côté de la version du journal retouchée par Anne Fran...","Broché – Grand livre, 6 mars 2017","4,6 sur 5 étoiles",1 649 évaluations,"7,49 €",‏,‏,‏,‏,Non disponible,Romans et Littérature Française,https://www.amazon.fr/Journal-dAnne-Frank-Anne/dp/2702161812/ref=sr_1_117,2025-09-03T18:32:05.423618
Le journal d'Anne Frank: Livre audio - 2 CD MP3 - 497 Mo + 490 Mo (op),Anne Frank,"24,60€",https://m.media-amazon.com/images/I/71aM+1ORT-L._SY425_.jpg,"Le nom de cette toute jeune fille, née en 1929, arrêtée sur dénonciation en 1944 déportée à Auschwitz, puis à Bergen-Belsen, et morte du typhus en mars 1945, est connu dans le monde entier : Anne Frank est devenue le symbole des victimes des idéologies racistes, du nazisme à l’apartheid. Elle a tenu son journal du 12 juin 1942 au 1er août 1944, et ce texte, classé 19ème parmi les 100 meilleurs liv...",Il ne reste plus que 1 exemplaire(s) en stock (d'autres exemplaires sont en cours d'acheminement).,"4,6 sur 5 étoiles",1 649 évaluations,"7,49 €",‏,‏,‏,‏,Non disponible,Romans et Littérature Française,https://www.amazon.fr/journal-dAnne-Frank-Livre-MP3-497/dp/235641410X/ref=sr_1_117,2025-09-03T18:32:14.497196
Captive - tome 2,Sarah Rivens,"20,90€",https://m.media-amazon.com/images/I/81xSKdVI1qL._SY522_.jpg,"Entre guerres de pouvoir, famille de cœur, nouvelles chances et trahisons,",En stock,"4,7 sur 5 étoiles",4 881 évaluations,"7,99 €",‏,‏,‏,,Non disponible,Romans et Littérature Française,https://www.amazon.fr/Captive-2-Sarah-Rivens/dp/2017206954/ref=sr_1_118,2025-09-03T18:32:22.116465
Captive - tome 2 (Dark Romance),Sarah Rivens,Prix non disponible,https://m.media-amazon.com/images/I/8113d1OACWL._SY522_.jpg,"Entre guerres de pouvoir, famille de cœur, nouvelles chances et trahisons,",Format Kindle,"4,7 sur 5 étoiles",4 881 évaluations,"20,90 €",‏,,‏,‏,Non disponible,Romans et Littérature Française,https://www.amazon.fr/Captive-2-Sarah-Rivens-ebook/dp/B0BCWQX3N8/ref=sr_1_118,2025-09-03T18:32:29.403037
Captive 2,Sarah Rivens,"0,00€",https://m.media-amazon.com/images/I/91wedxxT2gL._SX342_.jpg,"Entre guerres de pouvoir, famille de cœur, nouvelles chances et trahisons, la dynastie des Scott est sur le point de vivre un nouveau tournant.","Livres audio Audible 

                        – Version intégrale","4,7 sur 5 étoiles",4 881 évaluations,"7,99 €",Non disponible,,,en lire plus,Non disponible,Romans et Littérature Française,https://www.amazon.fr/Audible-Captive-2/dp/B0C2Q13LMZ/ref=sr_1_118,2025-09-03T18:32:36.706835
Captive tome 2 - Edition Collector,Sarah Rivens,"20,00€",https://m.media-amazon.com/images/I/71poWzAZDgL._SY425_.jpg,"Entre guerres de pouvoir, famille de cœur, nouvelles chances et trahisons,","Relié – Edition spéciale, 5 juin 2024","4,7 sur 5 étoiles",4 881 évaluations,"7,99 €",‏,‏,‏,‏,Non disponible,Romans et Littérature Française,https://www.amazon.fr/Captive-2-Collector-Sarah-Rivens/dp/2017207071/ref=sr_1_118,2025-09-03T18:32:44.263199
Dom Juan,Molière,Prix non disponible,https://m.media-amazon.com/images/I/61sK-zj7HhL._SY425_.jpg,"Dossier pédagogique de Justine Francioli mis à jour par Julie Champion. Qui est Dom Juan ? À en croire son valet, Sganarelle, il est « le plus grand scélérat que la terre ait porté ». Devenu une figure mythique, le personnage peint par Molière est un séducteur, un provocateur, un libertin sans scrupule qui refuse les bornes imposées à son désir. Il multiplie les conquêtes féminines, offense son pè...",En stock,"4,6 sur 5 étoiles",931 évaluations,"Broché – Illustré, 18 août 2021",‏,‏,‏,‏,Non disponible,Romans et Littérature Française,https://www.amazon.fr/Dom-Juan-Julie-Cuvillier/dp/B093B6J7N3/ref=sr_1_119,2025-09-03T18:32:52.840378
La Meute. Nouveauté poche 2025. L'une des révélations du monde du thriller.,Olivier Bal,"9,90€",https://m.media-amazon.com/images/I/61GlZuNUn3L._SY522_.jpg,Un duo d'enquêteurs s'attellent à une affaire glaçante croisant fanatisme et quêtes identitaires.,En stock,"4,2 sur 5 étoiles",666 évaluations,"13,99 €",‏,,‏,,Non disponible,Romans et Littérature Française,https://www.amazon.fr/Meute-Nouveaut%C3%A9-poche-r%C3%A9v%C3%A9lations-thriller/dp/2266348531/ref=sr_1_120,2025-09-03T18:32:59.493946
La Meute,Olivier Bal,"0,00€",https://m.media-amazon.com/images/I/81m37deXkbL._SX342_.jpg,Un duo d'enquêteurs s'attellent à une affaire glaçante croisant fanatisme et quêtes identitaires.,"Livres audio Audible 

                        – Version intégrale","4,2 sur 5 étoiles",666 évaluations,"13,99 €",Non disponible,,,en lire plus,Non disponible,Romans et Littérature Française,https://www.amazon.fr/Audible-La-Meute/dp/B0F1N22ZRZ/ref=sr_1_120,2025-09-03T18:33:07.463506
La Meute,Olivier Bal,Prix non disponible,https://m.media-amazon.com/images/I/81KId+-QrkL._SY466_.jpg,"Février 2024. « L’Ange noir » a encore frappé. Chaque fois, sa victime est enterrée vivante et meurt étouffée. à la sous-direction de l’antiterrorisme, Sofia Giordano cherche à mettre la main sur ce tueur qui s’en prend à des notables partout en France. Elle est bientôt rejointe par le lieutenant Gabriel Geller qui, de son côté, enquête sur l’assassinat, à Paris, de réfugiés aux corps affreusement...",Format Kindle,"4,2 sur 5 étoiles",666 évaluations,"21,90 €",‏,,‏,en lire plus,Non disponible,Romans et Littérature Française,https://www.amazon.fr/Meute-Olivier-Bal-ebook/dp/B0CXDZL775/ref=sr_1_120,2025-09-03T18:33:14.156435
La meute,Olivier Bal,"21,90€",https://m.media-amazon.com/images/I/61-gqP1-R9L._SY466_.jpg,"LA MEUTE, UN THRILLER PASSIONNANT :",En stock,"4,2 sur 5 étoiles",666 évaluations,"13,99 €",‏,‏,‏,,Non disponible,Romans et Littérature Française,https://www.amazon.fr/meute-Olivier-Bal/dp/2374485986/ref=sr_1_120,2025-09-03T18:33:22.937798
Le Passeur,Lois Lowry,"7,50€",https://m.media-amazon.com/images/I/61LZPuwK6pL._SY466_.jpg,"Dans le monde où vit Jonas, la guerre, la pauvreté, le chômage, le divorce n'existent pas. Les inégalités n'existent pas. La désobéissance et la révolte n'existent pas. L'harmonie règne dans les cellules familiales constituées avec soin par le comité des sages. Les personnes trop âgées, ainsi que les nouveau-nés inaptes sont « élargis », personne ne sait exactement ce que cela veut dire. Dans la c...",En stock,"4,5 sur 5 étoiles",2 615 évaluations,"5,99 €",‏,‏,‏,‏,Non disponible,Romans et Littérature Française,https://www.amazon.fr/Passeur-Poche-Lowry-Lois/dp/2211205828/ref=sr_1_121,2025-09-03T18:33:28.330812
Le passeur,Lois Lowry,Prix non disponible,https://m.media-amazon.com/images/I/81EwfJ7-VvL._SY466_.jpg,"Dans le monde où vit Jonas, la guerre, la pauvreté, le chômage, le divorce n'existent pas. Les inégalités n'existent pas. la désobéissance et la révolte n'existent pas. L'harmonie règne dans les cellules familiales constituées avec soin par le comité des sages. Les personnes trop âgées, ainsi que les nouveaux-nés inaptes sont élargis, personne ne sait exactement ce que cela veut dire. Dans la comm...",Format Kindle,"4,5 sur 5 étoiles",2 615 évaluations,"1,68 €",‏,lisez avec notre  appli gratuite,‏,‏,Non disponible,Romans et Littérature Française,https://www.amazon.fr/Passeur-Lois-Lowry-ebook/dp/B00OYLVX4I/ref=sr_1_121,2025-09-03T18:33:36.305210
Le passeur,Lois Lowry,Prix non disponible,https://m.media-amazon.com/images/I/11MGbcPWPKL.jpg,"At the age of twelve, Jonas, a young boy from a seemingly utopian, futuristic world, is singled out to receive special training from The Giver, who alone holds the memories of the true joys and pain of life.",Il ne reste plus que 13 exemplaire(s) en stock.,"4,5 sur 5 étoiles",2 615 évaluations,"5,99 €",‏,‏,‏,‏,Non disponible,Romans et Littérature Française,https://www.amazon.fr/passeur-Lois-Lowry/dp/2211021662/ref=sr_1_121,2025-09-03T18:33:44.191408
Repas de famille de Shari Lapena. Nouveauté poche 2025. Meurtres en famile. Par la reine du thriller psychologique.,Shari Lapena,Prix non disponible,https://m.media-amazon.com/images/I/61O9izsLq6L._SY522_.jpg,On choisit ses amis mais rarement ses enfants...,En stock,"4,2 sur 5 étoiles",706 évaluations,"4,99 €",‏,,‏,‏,Non disponible,Romans et Littérature Française,https://www.amazon.fr/famille-Nouveaut%C3%A9-Meurtres-thriller-psychologique/dp/2266348035/ref=sr_1_122,2025-09-03T18:33:50.058763
"Repas de famille : thriller psychologique par Shari Lapena, l'auteure du Couple d'à côté (Sang d'encre)",Shari Lapena,Prix non disponible,https://m.media-amazon.com/images/I/71Dl+DMsE4L._SY466_.jpg,L'ARGENT NE FAIT PAS LE BONHEUR... ET ENCORE MOINS EN FAMILLE,Format Kindle,"4,2 sur 5 étoiles",706 évaluations,"23,00 €",‏,,‏,‏,Non disponible,Romans et Littérature Française,https://www.amazon.fr/Repas-famille-Shari-Lapena-ebook/dp/B0CXVYRV1V/ref=sr_1_122,2025-09-03T18:33:58.251894
Repas de famille,Shari Lapena,"0,00€",https://m.media-amazon.com/images/I/81iZEhqVfKL._SX342_.jpg,"On choisit ses amis mais rarement ses enfants... La lecture précise et pince-sans-rire de Marine Lemonnier brosse le terrible portrait d'une famille.   Les trois enfants de Fred Merton, patriarche aussi toxique que manipulateur, peuvent en témoigner. En particulier Dan, son seul fils, furieux depuis que son père a vendu l'entreprise qu'il espérait reprendre. Catherine, l'aînée, n'a quant à elle pa...","Livres audio Audible 

                        – Version intégrale","4,2 sur 5 étoiles",706 évaluations,"4,99 €",Non disponible,,,Non disponible,Non disponible,Romans et Littérature Française,https://www.amazon.fr/Audible-Repas-de-famille/dp/B0DT6QPRR9/ref=sr_1_122,2025-09-03T18:34:05.842332
"Repas de famille : thriller psychologique par Shari Lapena, l'auteure du Couple d'à côté",Shari Lapena,"23,00€",https://m.media-amazon.com/images/I/61I3T-5iCsL._SY522_.jpg,L'ARGENT NE FAIT PAS LE BONHEUR... ET ENCORE MOINS EN FAMILLE,Il ne reste plus que 9 exemplaire(s) en stock (d'autres exemplaires sont en cours d'acheminement).,"4,2 sur 5 étoiles",706 évaluations,"4,99 €",‏,,‏,‏,Non disponible,Romans et Littérature Française,https://www.amazon.fr/Repas-famille-Shari-Lapena/dp/2258208211/ref=sr_1_122,2025-09-03T18:34:14.885165
Une belle vie,Virginie Grimaldi,"8,90€",https://m.media-amazon.com/images/I/7122ID+QCAL._SY522_.jpg,"Emma et Agathe Delorme ont grandi l’une contre l’autre, mais sont pourtant très différentes. La plus jeune, bordélique et ardente, a toujours pris toute la place dans le bain, dans la chambre et dans le cœur de sa grande sœur. Après cinq ans d’un silence inexpliqué, Emma donne rendez-vous à sa cadette dans la maison de vacances : Mima, leur grand-mère adorée, n’est plus. Il faut vider les lieux et...",En stock,"4,6 sur 5 étoiles",7 741 évaluations,"8,49 €",‏,‏,‏,,Non disponible,Romans et Littérature Française,https://www.amazon.fr/Une-belle-vie-Virginie-Grimaldi/dp/225324838X/ref=sr_1_123,2025-09-03T18:34:24.116127
Une belle vie,Virginie Grimaldi,Prix non disponible,https://m.media-amazon.com/images/I/71trU4B2KvL._SY466_.jpg,"Emma et Agathe Delorme sont sœurs. Elles ont grandi l'une contre l'autre, mais sont pourtant très différentes. Agathe, la plus jeune, bordélique et ardente, a toujours pris toute la place dans le bain, dans la chambre et dans le cœur d'Emma. Après cinq ans d'un silence inexpliqué, Emma donne rendez-vous à Agathe dans la maison de vacances : Mima, leur grand-mère adorée, n'est plus, il faut vider l...",Format Kindle,"4,6 sur 5 étoiles",7 741 évaluations,"20,90 €",‏,,‏,‏,Non disponible,Romans et Littérature Française,https://www.amazon.fr/Une-belle-vie-Virginie-Grimaldi-ebook/dp/B0BZZHXL16/ref=sr_1_123,2025-09-03T18:34:31.726949
Une belle vie,Virginie Grimaldi,"0,00€",https://m.media-amazon.com/images/I/81blVHla7iL._SX342_.jpg,"Agathe et Emma Delorme sont sœurs. Elles ont grandi l’une contre l’autre, mais sont pourtant très différentes. Depuis le jour de sa naissance, Agathe, la plus jeune, bordélique et ardente, prend toute la place dans le bain, dans la chambre et dans le cœur d’Emma.","Livres audio Audible 

                        – Version intégrale","4,6 sur 5 étoiles",7 741 évaluations,"8,49 €",Non disponible,,,Non disponible,Non disponible,Romans et Littérature Française,https://www.amazon.fr/Audible-Une-belle-vie/dp/B0BZZC4B9G/ref=sr_1_123,2025-09-03T18:34:39.174741
Une belle vie,Virginie Grimaldi,"20,90€",https://m.media-amazon.com/images/I/61owjrddqpL._SY466_.jpg,"Emma et Agathe Delorme sont soeurs. Elles ont grandi l'une contre l'autre, mais sont pourtant très différentes. Agathe, la plus jeune, bordélique et ardente, a toujours pris toute la place dans le bain, dans la chambre et dans le coeur d'Emma. Après cinq ans d'un silence inexpliqué, Emma donne rendez-vous à Agathe dans la maison de vacances : Mima, leur grand-mère adorée, n'est plus, il faut vider...",En stock,"4,6 sur 5 étoiles",7 741 évaluations,"8,49 €",‏,‏,‏,,Non disponible,Romans et Littérature Française,https://www.amazon.fr/Une-belle-vie-Virginie-Grimaldi/dp/2080423711/ref=sr_1_123,2025-09-03T18:34:46.517131
Une belle vie,Virginie Grimaldi,Prix non disponible,https://m.media-amazon.com/images/I/71PQv8TScyL._SY425_.jpg,"Emma et Agathe Delorme sont soeurs. Elles ont grandi l'une contre l'autre, mais sont pourtant très différentes. Agathe, la plus jeune, bordélique et ardente, a toujours pris toute la place dans le bain, dans la chambre et dans le coeur d'Emma. Après cinq ans d'un silence inexpliqué, Emma donne rendez-vous à Agathe dans la maison de vacances : Mima, leur grand-mère adorée, n'est plus, il faut vider...",,"4,6 sur 5 étoiles",7 741 évaluations,"8,49 €",‏,‏,‏,Non disponible,Non disponible,Romans et Littérature Française,https://www.amazon.fr/Une-belle-vie-Virginie-Grimaldi/dp/2073031749/ref=sr_1_123,2025-09-03T18:34:54.399154
"Fourth Wing (French Edition): Empyrean, Tome 01",Rebecca Yarros,"0,00€",https://m.media-amazon.com/images/I/A1KWKjnE8eL._SX342_.jpg,Passer toutes les épreuves… ou mourir !,"Livres audio Audible 

                        – Version intégrale","4,8 sur 5 étoiles",2 445 évaluations,"12,99 €",Non disponible,,,en lire plus,Non disponible,Romans et Littérature Française,https://www.amazon.fr/Fourth-Wing-French-Empyrean-01/dp/B0CT9B81S3/ref=sr_1_124,2025-09-03T18:35:00.994846
Fourth Wing - Version française : The Empyrean Tome 1,Rebecca Yarros,Prix non disponible,https://m.media-amazon.com/images/I/91eNqZHWLYL._SY466_.jpg,Passer toutes les épreuves… ou mourir !,Format Kindle,"4,8 sur 5 étoiles",2 445 évaluations,"21,50 €",‏,,‏,‏,Non disponible,Romans et Littérature Française,https://www.amazon.fr/Fourth-wing-1-Rebecca-Yarros-ebook/dp/B0CQ8MBGW5/ref=sr_1_124,2025-09-03T18:35:07.721829
Fourth Wing - Version française - Broché: The Empyrean Tome 1,Rebecca Yarros,"21,50€",https://m.media-amazon.com/images/I/910CEJ3IFWL._SY466_.jpg,Passer toutes les épreuves… ou mourir !,En stock,"4,8 sur 5 étoiles",2 445 évaluations,"12,99 €",‏,,‏,‏,Non disponible,Romans et Littérature Française,https://www.amazon.fr/Fourth-wing-01-Rebecca-Yarros/dp/2755673133/ref=sr_1_124,2025-09-03T18:35:15.938920
Fourth Wing - Version française - Poche: The Empyrean Tome 1,Rebecca Yarros,Prix non disponible,https://m.media-amazon.com/images/I/81slIs2wXcL._SY522_.jpg,Passer toutes les épreuves… ou mourir !,En stock,"4,8 sur 5 étoiles",2 445 évaluations,"12,99 €",‏,‏,‏,‏,Non disponible,Romans et Littérature Française,https://www.amazon.fr/Fourth-Wing-Version-fran%C3%A7aise-Empyrean/dp/2755681446/ref=sr_1_124,2025-09-03T18:35:23.634551
Fourth Wing - Version française - Cartonné: The Empyrean Tome 1,Rebecca Yarros,"21,50€",https://m.media-amazon.com/images/I/71+Khk7khhL._SY342_.jpg,Passer toutes les épreuves… ou mourir !,"Relié – Edition spéciale, 7 février 2024","4,8 sur 5 étoiles",2 445 évaluations,"12,99 €",‏,,‏,‏,Non disponible,Romans et Littérature Française,https://www.amazon.fr/Fourth-wing-01-Rebecca-Yarros/dp/2755671475/ref=sr_1_124,2025-09-03T18:35:31.794368
Le Parti pris des choses,Francis Ponge,"5,60€",https://m.media-amazon.com/images/I/51OauWDXCaL._SY425_.jpg,"Dossier pédagogique d'Olivier Rachet.   Francis Ponge pose son regard sur le monde et décrit avec simplicité les objets de notre vie quotidienne : la bougie, le pain, le galet. Humour et émotion ponctuent ces vanités poétiques, qui prônent l'humilité et la discrétion.   Groupements de textes : 1. Poèmes en prose (XIXe-XXe siècles) 2. Poésie et peinture (XIXe-XXe siècles)",En stock,"4,5 sur 5 étoiles",805 évaluations,"15,99 €",‏,‏,‏,‏,Non disponible,Romans et Littérature Française,https://www.amazon.fr/Parti-pris-choses-Francis-Ponge/dp/B093B7T1ZW/ref=sr_1_125,2025-09-03T18:35:39.719972
"Le Parti Pris DES Choses (Folio Plus Classique) by Ponge, Francis (2009) Mass Market Paperback",Auteur inconnu,Prix non disponible,https://m.media-amazon.com/images/I/51KVPjSpOxL.jpg,Pas de description,En stock,"4,5 sur 5 étoiles",805 évaluations,"5,60 €",Non disponible,Non disponible,‏,Non disponible,Non disponible,Romans et Littérature Française,https://www.amazon.fr/parti-choses-Classique-Francis-2009-06-19/dp/B00NYKTIXS/ref=sr_1_125,2025-09-03T18:35:48.028855
Il nous restera ça,Virginie Grimaldi,"9,40€",https://m.media-amazon.com/images/I/71tKi-7a-0L._SY522_.jpg,"À trente-trois ans, Iris trimballe sa vie dans une valise.Théo, dix-huit ans, a peu de rêves, car ils en foutent partout quand ils se brisent.À soixante-quatorze ans, Jeanne regarde son existence dans le rétroviseur.La jeune femme mystérieuse, le garçon gouailleur et la dame discrète se retrouvent par hasard et malgré eux dans une colocation. C'est le début d’une histoire pleine de surprises, cell...",En stock,"4,7 sur 5 étoiles",9 709 évaluations,"8,99 €",‏,‏,‏,,Non disponible,Romans et Littérature Française,https://www.amazon.fr/nous-restera-%C3%A7a-Virginie-Grimaldi/dp/2253241970/ref=sr_1_126,2025-09-03T18:35:55.731811
Il nous restera ça (Littérature Française),Virginie Grimaldi,Prix non disponible,https://m.media-amazon.com/images/I/71xy9iXaMWL._SY466_.jpg,"À 33 ans, Iris trimballe sa vie dans une valise.Théo, 18 ans, a peu de rêves, car ils en foutent partout quand ils se brisent.  À 74 ans, Jeanne regarde son existence dans le rétroviseur.  Rien ne les destinait à se rencontrer.  Quand le hasard les réunit sous le même toit, ces trois êtres abîmés vont devoir apprendre à vivre ensemble. La jeune femme mystérieuse, le garçon gouailleur et la dame di...",Format Kindle,"4,7 sur 5 étoiles",9 709 évaluations,"20,90 €",‏,,‏,‏,Non disponible,Romans et Littérature Française,https://www.amazon.fr/nous-restera-%C3%A7a-Litt%C3%A9rature-Fran%C3%A7aise-ebook/dp/B09W5VP7T3/ref=sr_1_126,2025-09-03T18:36:03.829395
Il nous restera ça: Suivi d'un entretien inédit avec l'auteure,Virginie Grimaldi,"0,00€",https://m.media-amazon.com/images/I/811FfFv27rL._SX342_.jpg,"À 33 ans, Iris trimballe sa vie dans une valise.","Livres audio Audible 

                        – Version intégrale","4,7 sur 5 étoiles",9 709 évaluations,"8,99 €",Non disponible,,,en lire plus,Non disponible,Romans et Littérature Française,https://www.amazon.fr/nous-restera-%C3%A7a-entretien-lauteure/dp/B09XXT34DR/ref=sr_1_126,2025-09-03T18:36:11.579642
Il nous restera ça,Virginie Grimaldi,"20,90€",https://m.media-amazon.com/images/I/71xy9iXaMWL._SY466_.jpg,"À 33 ans, Iris trimballe sa vie dans une valise.Théo, 18 ans, a peu de rêves, car ils en foutent partout quand ils se brisent. À 74 ans, Jeanne regarde son existence dans le rétroviseur. Rien ne les destinait à se rencontrer. Quand le hasard les réunit sous le même toit, ces trois êtres abîmés vont devoir apprendre à vivre ensemble. La jeune femme mystérieuse, le garçon gouailleur et la dame discr...",En stock,"4,7 sur 5 étoiles",9 709 évaluations,"8,99 €",‏,,‏,,Non disponible,Romans et Littérature Française,https://www.amazon.fr/nous-restera-%C3%A7a-Virginie-Grimaldi/dp/2213717087/ref=sr_1_126,2025-09-03T18:36:18.511154
Il nous restera ça: Livre audio 1 CD MP3 - Suivi d'un entretien inédit avec l'auteure,Virginie Grimaldi,"21,90€",https://m.media-amazon.com/images/I/81ICzmXthvL._SY425_.jpg,"À 33 ans, Iris trimballe sa vie dans une valise.Théo, 18 ans, a peu de rêves, car ils en foutent partout quand ils se brisent.À 74 ans, Jeanne regarde son existence dans le rétroviseur. Rien ne les destinait à se rencontrer.Quand le hasard les réunit sous le même toit, ces trois êtres abîmés vont devoir apprendre à vivre ensemble. La jeune femme mystérieuse, le garçon gouailleur et la dame discrèt...",Il ne reste plus que 3 exemplaire(s) en stock (d'autres exemplaires sont en cours d'acheminement).,"4,7 sur 5 étoiles",9 709 évaluations,"8,99 €",‏,‏,‏,en lire plus,Non disponible,Romans et Littérature Française,https://www.amazon.fr/nous-restera-%C3%A7a-entretien-lauteure/dp/B09SH72Q9H/ref=sr_1_126,2025-09-03T18:36:26.540660
Ta deuxième vie commence quand tu comprends que tu n'en as qu'une: Édition enrichie,Raphaëlle Giordano,"7,70€",https://m.media-amazon.com/images/I/81rm6pyUoWL._SY522_.jpg,"« Un roman tendre, drôle et divertissant qui pourra vous aider à prendre votre envol pour une nouvelle vie. À lire au plus vite car on n'en a qu'une ! »",En stock,"4,4 sur 5 étoiles",15 320 évaluations,"7,99 €",‏,,‏,,Non disponible,Romans et Littérature Française,https://www.amazon.fr/deuxi%C3%A8me-commence-quand-comprends-quune/dp/2416014293/ref=sr_1_127,2025-09-03T18:36:35.822805
Ta deuxième vie commence quand tu comprends que tu n'en as qu'une,Raphaëlle Giordano,"0,00€",https://m.media-amazon.com/images/I/91+ceEJsieL._SX342_.jpg,"- Vous souffrez probablement d'une forme de routinite aiguë. - Une quoi ? - Une routinite aiguë. C'est une affection de l'âme qui touche de plus en plus de gens dans le monde, surtout en Occident. Les symptômes sont presque toujours les mêmes : baisse de motivation, morosité chronique, perte de repères et de sens, difficulté à être heureux malgré une opulence de biens matériels, désenchantement, l...","Livres audio Audible 

                        – Version intégrale","4,4 sur 5 étoiles",15 320 évaluations,"7,99 €",Non disponible,,,en lire plus,Non disponible,Romans et Littérature Française,https://www.amazon.fr/deuxi%C3%A8me-commence-quand-comprends-quune/dp/B01M1N4HT3/ref=sr_1_127,2025-09-03T18:36:43.125419
Ta deuxième vie commence quand tu comprends que tu n'en as qu'une (Eyrolles poche - Roman),Raphaëlle Giordano,Prix non disponible,https://m.media-amazon.com/images/I/71bInS9VoVL._SY522_.jpg,«-Vous souffrez probablement d’une forme de routinite aiguë.- Une quoi ? »,Format Kindle,"4,4 sur 5 étoiles",15 320 évaluations,"8,80 €",‏,,‏,‏,Non disponible,Romans et Littérature Française,https://www.amazon.fr/deuxi%C3%A8me-commence-quand-comprends-Eyrolles-ebook/dp/B0CRT8C411/ref=sr_1_127,2025-09-03T18:36:52.029795
Ta deuxième vie commence quand tu comprends que tu n'en as qu'une: LIVRE AUDIO 1CD MP3,Raphaëlle Giordano,"18,60€",https://m.media-amazon.com/images/I/81lTy4aFD7L._SY425_.jpg,"— Vous souffrez probablement d’une forme de routinite aiguë.— Une quoi ?— Une routinite aiguë. C’est une affection de l’âme qui touche de plus en plus de gens dans le monde, surtout en Occident. Les symptômes sont presque toujours les mêmes : baisse de motivation, morosité chronique, perte de repères et de sens, difficulté à être heureux malgré une opulence de biens matériels, désenchantement, las...",Il ne reste plus que 1 exemplaire(s) en stock (d'autres exemplaires sont en cours d'acheminement).,"4,4 sur 5 étoiles",15 320 évaluations,"7,99 €",‏,‏,‏,,Non disponible,Romans et Littérature Française,https://www.amazon.fr/deuxi%C3%A8me-commence-quand-comprends-quune/dp/2367622213/ref=sr_1_127,2025-09-03T18:37:11.707738
Un avenir radieux,Pierre Lemaitre,"23,90€",https://m.media-amazon.com/images/I/71dS-H-hmuL._SY466_.jpg,"« Je viens sauver quelqu’un, se répétait-il, et maintenant qu’il se trouvait à deux heures de Prague, il sentait monter en lui une vive anxiété. »",En stock,"4,5 sur 5 étoiles",2 741 évaluations,"16,99 €",Non disponible,Non disponible,Non disponible,Non disponible,Non disponible,Romans et Littérature Française,https://www.amazon.fr/avenir-radieux-Pierre-Lemaitre/dp/270218362X/ref=sr_1_129,2025-09-03T18:38:06.623271
La civilisation judéo-chrétienne: Anatomie d'une imposture,Sophie Bessis,Prix non disponible,https://m.media-amazon.com/images/I/51f5gMvu2jL._SY466_.jpg,"Depuis quarante ans, en Europe comme en Amérique du Nord, la notion de « civilisation judéo-chrétienne » a envahi l'espace public. Ce livre propose une analyse rigoureuse et fondamentale qui dévoile les mécanismes de cette invention et ses conséquences profondes sur la perception de l’histoire et des relations internationales contemporaines.",En stock,"4,3 sur 5 étoiles",80 évaluations,"7,49 €",Non disponible,Non disponible,Non disponible,Non disponible,Non disponible,Romans et Littérature Française,https://www.amazon.fr/civilisation-jud%C3%A9o-chr%C3%A9tienne-Anatomie-dune-imposture/dp/B0DN7NT2ZL/ref=sr_1_130,2025-09-03T18:38:19.432444
L'Épreuve du feu,Donna Leon,Prix non disponible,https://m.media-amazon.com/images/I/81R1sZwudgL._SY466_.jpg,"Depuis quelques mois, des gangs d’adolescents sévissent dans les rues de Venise. Ils se provoquent sur les réseaux sociaux, s’affrontent violemment en pleine rue, et s’en prennent même aux membres de la questure… Tandis que le commissaire Brunetti et sa collègue, Claudia Griffoni, enquêtent sur ce phénomène inquiétant, ils découvrent que ces garçons viennent tous de familles influentes dans les sp...",En stock,"3,8 sur 5 étoiles",32 évaluations,"15,99 €",Non disponible,Non disponible,Non disponible,Non disponible,Non disponible,Romans et Littérature Française,https://www.amazon.fr/L%C3%89preuve-du-feu-Donna-Leon/dp/270219298X/ref=sr_1_135,2025-09-03T18:39:38.137412
"BiblioCollège - Le Cid, Corneille (Roman)",Pierre Corneille,Prix non disponible,https://m.media-amazon.com/images/I/71Ge1ewNJ-L._SY425_.jpg,"Rodrigue et Chimène sont sur le point de se marier mais une grave querelle oppose leurs pères  : à la suite d’une rivalité, le Comte, père de Chimène, gifle Don Diègue, père de Rodrigue. L’affront ne peut être réparé que par la mort du Comte, mais Don Diègue, trop vieux, remet son épée à Rodrigue pour venger son honneur. Rodrigue doit alors faire face à un douloureux dilemme  : perdre Chimène ou s...",Format Kindle,"4,7 sur 5 étoiles",324 évaluations,"3,60 €",Non disponible,lisez avec notre  appli gratuite,Non disponible,Non disponible,Non disponible,Romans et Littérature Française,https://www.amazon.fr/BiblioColl%C3%A8ge-Cid-Corneille-Roman-Pierre-ebook/dp/B0CW1JQVRR/ref=sr_1_138,2025-09-03T18:40:36.072346
Ce que je sais de toi,Éric Chacour,"9,50€",https://m.media-amazon.com/images/I/813rPdiO6TL._SY522_.jpg,"""Ali te fascinait. Il y avait chez lui une liberté absolue, une absence de calcul, une exaltation du présent. Il n'était lié par aucun passé et ne concevait pas l'avenir à travers les mêmes contraintes que toi. Il se contentait de vivre et tu te surprenais parfois à espérer que vivre serait contagieux."" Dans le Caire des années 1980, Tarek est un jeune homme à l'avenir tout tracé. Après avoir repr...",En stock,"4,4 sur 5 étoiles",2 772 évaluations,"13,99 €",‏,‏,‏,,Non disponible,Romans et Littérature Française,https://www.amazon.fr/Ce-que-je-sais-toi/dp/2073034802/ref=sr_1_141,2025-09-03T18:41:33.223501
Ce que je sais de toi,Eric Chacour,Prix non disponible,https://m.media-amazon.com/images/I/71w1heyG-TL._SY466_.jpg,Pas de description,Format Kindle,"4,4 sur 5 étoiles",2 772 évaluations,"22,00 €",‏,,‏,‏,Non disponible,Romans et Littérature Française,https://www.amazon.fr/Ce-que-je-sais-toi-ebook/dp/B0CGCRNQBF/ref=sr_1_141,2025-09-03T18:41:39.622750
Suspect,Danielle Steel,"20,90€",https://m.media-amazon.com/images/I/61XB406wo-L._SY522_.jpg,"Pour vaincre sa peur, elle devra se confronter au danger.",En stock,"4,3 sur 5 étoiles",28 évaluations,"13,99 €",‏,‏,‏,‏,Non disponible,Romans et Littérature Française,https://www.amazon.fr/Suspect-Danielle-Steel/dp/2258203554/ref=sr_1_142,2025-09-03T18:42:01.252944
Suspect,Danielle Steel,Prix non disponible,https://m.media-amazon.com/images/I/71UTaFq5RSL._SY522_.jpg,"Pour vaincre sa peur, elle devra se confronter au danger.",Format Kindle,"4,3 sur 5 étoiles",28 évaluations,"20,90 €",‏,,‏,‏,Non disponible,Romans et Littérature Française,https://www.amazon.fr/Suspect-Danielle-Steel-ebook/dp/B0F5L799Y3/ref=sr_1_142,2025-09-03T18:42:08.578423
"Cahiers de Douai, Rimbaud - Bac de français 2026 (1ères générale et technologiques) - Parcours : émancipations créatrices - Étonnants Classiques",Arthur Rimbaud,Prix non disponible,https://m.media-amazon.com/images/I/71n9-dzC6EL._SY425_.jpg,"""Dix-sept ans !"" Un âge de désirs et de révoltes : Rimbaud adolescent s'élance vers la liberté. Jouant avec les codes traditionnels, ses vers portent la fraîcheur d'un regard prêt à tout explorer. Le futur ""voyant"" transparaît déjà dans ces poèmes, qui exaltent l'élan d'un génie en train de s'émanciper. TOUT POUR COMPRENDRE - Notes lexicales - Biographie de l'auteur - Contexte historique et cultur...",En stock,"4,7 sur 5 étoiles",189 évaluations,"2,49 €",‏,,‏,‏,Non disponible,Romans et Littérature Française,https://www.amazon.fr/Cahiers-Douai-Rimbaud-technologiques-%C3%A9mancipations/dp/2080418165/ref=sr_1_143,2025-09-03T18:42:17.539144
Cahiers de Douai (BAC 2025),Arthur Rimbaud,Prix non disponible,https://m.media-amazon.com/images/I/71G+6h0UkxL._SY425_.jpg,"« Dix-sept ans ! » Un âge de désirs et de révoltes : Rimbaud adolescent s’élance vers la liberté. Jouant avec les codes traditionnels, ses versportent la fraîcheur d’un regard prêt à tout explorer. Le futur « voyant » transparaît déjà dans ces poèmes, qui exaltent l’élan d’un génie en train de s’émanciper.  TOUT POUR COMPRENDRE • Notes lexicales • Biographie de l’auteur • Contexte historique et cu...",Format Kindle,"4,7 sur 5 étoiles",189 évaluations,"2,90 €",‏,lisez avec notre  appli gratuite,‏,‏,Non disponible,Romans et Littérature Française,https://www.amazon.fr/Cahiers-Douai-2024-Arthur-Rimbaud-ebook/dp/B0BZSF659W/ref=sr_1_143,2025-09-03T18:42:22.920497
Valentina - Tome 02,Azra Reed,"19,95€",https://m.media-amazon.com/images/I/81jgzQyX7uL._SY466_.jpg,Pas de description,En stock,"4,6 sur 5 étoiles",492 évaluations,"9,99 €",‏,,‏,,Non disponible,Romans et Littérature Française,https://www.amazon.fr/Valentina-02-Azra-Reed/dp/2755677422/ref=sr_1_144,2025-09-03T18:42:31.298531
Valentina - T02,Azra Reed,Prix non disponible,https://m.media-amazon.com/images/I/81ed98bsfKL._SY466_.jpg,"Prix Kindle : 31,97 €TVA incluse",Format Kindle,"4,6 sur 5 étoiles",492 évaluations,"19,95 €",‏,,‏,‏,Non disponible,Romans et Littérature Française,https://www.amazon.fr/Valentina-T02-Azra-Reed-ebook/dp/B0DPQLKV17/ref=sr_1_144,2025-09-03T18:42:39.165016
Valentina Tome 2: Valentina 2,Azra Reed,"0,00€",https://m.media-amazon.com/images/I/91lphooAZiL._SX342_.jpg,"Peu importe où tu iras, hermosa, je finis toujours par récupérer ce qui m'appartient.  La guerre des cartels scellera-t-elle le destin de Valentina ?  Prisonnière des griffes d'Angel Cortès, elle ne peut compter que sur elle-même. À moins que l'homme qui l'avait capturée ne vienne la sauver ?  Pendant ce temps, rien ne semble pouvoir arrêter l'ascension fulgurante de Preto. Son ambition le pousse ...","Livres audio Audible 

                        – Version intégrale","4,6 sur 5 étoiles",492 évaluations,"9,99 €",Non disponible,,,Non disponible,Non disponible,Romans et Littérature Française,https://www.amazon.fr/Valentina-Tome-2/dp/B0DN84SYDB/ref=sr_1_144,2025-09-03T18:42:46.390990
Angélique,Guillaume Musso,"8,90€",https://m.media-amazon.com/images/I/81ACzU0oTeL._SY522_.jpg,"« Chacun n’a-t-il pas, au moins une fois dans sa vie, souhaité tuer quelqu’un ? »Alfred HitchcockParis, Noël 2021.Après un accident cardiaque, Mathias Taillefer se réveille dans une chambre d’hôpital. Une jeune fille inconnue se tient à son chevet. C’est Louise Collange, une étudiante venue jouer bénévolement du violoncelle aux patients. Lorsqu’elle apprend que Mathias est flic, elle lui demande d...",En stock,"4,2 sur 5 étoiles",7 600 évaluations,"12,99 €",‏,‏,‏,‏,Non disponible,Romans et Littérature Française,https://www.amazon.fr/Ang%C3%A9lique-Guillaume-Musso/dp/225310664X/ref=sr_1_145,2025-09-03T18:43:12.343325
Angélique (Littérature Française),Guillaume Musso,Prix non disponible,https://m.media-amazon.com/images/I/81LYeYl-vWL._SY466_.jpg,Même les anges ont leurs démons...,Format Kindle,"4,2 sur 5 étoiles",7 600 évaluations,"21,90 €",‏,,‏,‏,Non disponible,Romans et Littérature Française,https://www.amazon.fr/Ang%C3%A9lique-Litt%C3%A9rature-Fran%C3%A7aise-Guillaume-Musso-ebook/dp/B0B3X3VGSS/ref=sr_1_145,2025-09-03T18:43:19.619941
Angélique: Suivi d'un entretien inédit avec l'auteur,Guillaume Musso,"0,00€",https://m.media-amazon.com/images/I/81N2KPK5rTL._SX342_.jpg,"""Chacun n'a-t-il pas, au moins une fois dans sa vie, souhaité tuer quelqu'un ?""","Livres audio Audible 

                        – Version intégrale","4,2 sur 5 étoiles",7 600 évaluations,"12,99 €",Non disponible,,,en lire plus,Non disponible,Romans et Littérature Française,https://www.amazon.fr/Ang%C3%A9lique-Suivi-entretien-in%C3%A9dit-lauteur/dp/B0B61H969N/ref=sr_1_145,2025-09-03T18:43:27.577491
Angélique,Guillaume Musso,"21,90€",https://m.media-amazon.com/images/I/81aR9LAK20L._SY466_.jpg,Même les anges ont leurs démons...,En stock,"4,2 sur 5 étoiles",7 600 évaluations,"12,99 €",‏,,‏,,Non disponible,Romans et Littérature Française,https://www.amazon.fr/Ang%C3%A9lique-Guillaume-Musso/dp/2702183689/ref=sr_1_145,2025-09-03T18:43:37.142453
Angélique: Livre audio 1 CD MP3 - Suivi d'un entretien avec l'auteur,Guillaume Musso,"22,90€",https://m.media-amazon.com/images/I/81ibOj2MhyL._SY425_.jpg,Pas de description,Il ne reste plus que 2 exemplaire(s) en stock (d'autres exemplaires sont en cours d'acheminement).,"4,2 sur 5 étoiles",7 600 évaluations,"12,99 €",‏,‏,‏,,Non disponible,Romans et Littérature Française,https://www.amazon.fr/Ang%C3%A9lique-Livre-audio-entretien-lauteur/dp/B0B4MJP6BH/ref=sr_1_145,2025-09-03T18:43:45.907411
Tant que le café est encore chaud,Toshikazu Kawaguchi,"7,90€",https://m.media-amazon.com/images/I/81jxsUwB4bL._SY522_.jpg,"Dans une petite ruelle de Tokyo se trouve Funiculi Funicula, un petit établissement au sujet duquel circulent mille légendes. On raconte notamment qu’en y dégustant un délicieux café, on peut retourner dans le passé. Mais ce voyage comporte des règles : il ne changera pas le présent et dure tant que le café est encore chaud. Quatre femmes vont vivre cette singulière expérience.",En stock,"4,2 sur 5 étoiles",3 041 évaluations,"8,49 €",‏,‏,‏,‏,Non disponible,Romans et Littérature Française,https://www.amazon.fr/Tant-que-caf%C3%A9-encore-chaud/dp/2253940925/ref=sr_1_146,2025-09-03T18:43:54.643432
Tant que le café est encore chaud,Toshikazu Kawaguchi,Prix non disponible,https://m.media-amazon.com/images/I/71A0eWnGbwL._SY466_.jpg,"Chez Funiculi Funicula, le café change le cœur des hommes.",Format Kindle,"4,2 sur 5 étoiles",3 041 évaluations,"18,90 €",‏,,‏,‏,Non disponible,Romans et Littérature Française,https://www.amazon.fr/Tant-que-caf%C3%A9-encore-chaud-ebook/dp/B09DTP6V6T/ref=sr_1_146,2025-09-03T18:44:02.428865
Tant que le café est encore chaud,Toshikazu Kawaguchi,"0,00€",https://m.media-amazon.com/images/I/81MkLvxG+DL._SX342_.jpg,"Chez Funiculi Funicula, le café change le cœur des hommes.","Livres audio Audible 

                        – Version intégrale","4,2 sur 5 étoiles",3 041 évaluations,"8,49 €",Non disponible,,,en lire plus,Non disponible,Romans et Littérature Française,https://www.amazon.fr/Tant-que-caf%C3%A9-encore-chaud/dp/B09Y9FDNBN/ref=sr_1_146,2025-09-03T18:44:09.899247
Tant que le café est encore chaud,Toshikazu Kawaguchi,"18,90€",https://m.media-amazon.com/images/I/71+HT84ntFL._SY466_.jpg,"Chez Funiculi Funicula, le café change le coeur des hommes.",En stock,"4,2 sur 5 étoiles",3 041 évaluations,"8,49 €",‏,,‏,‏,Non disponible,Romans et Littérature Française,https://www.amazon.fr/Tant-que-caf%C3%A9-encore-chaud/dp/2226458506/ref=sr_1_146,2025-09-03T18:44:18.632990
Tant que le café est encore chaud: Livre audio 1 CD MP3,Toshikazu Kawaguchi,Prix non disponible,https://m.media-amazon.com/images/I/71bVsV9qLSL._SY425_.jpg,"Chez Funiculi Funicula, le café change le coeur des hommes.",Il ne reste plus que 1 exemplaire(s) en stock (d'autres exemplaires sont en cours d'acheminement).,"4,2 sur 5 étoiles",3 041 évaluations,"8,49 €",‏,‏,‏,en lire plus,Non disponible,Romans et Littérature Française,https://www.amazon.fr/Tant-que-caf%C3%A9-encore-chaud/dp/B09SH7P6Y5/ref=sr_1_146,2025-09-03T18:44:27.654624
Stupeur et tremblements - Grand Prix du Roman de l'Académie Française 1999,Amélie Nothomb,"5,90€",https://m.media-amazon.com/images/I/61LJG1Rzy3L._SY425_.jpg,"Récemment embauchée par Yumimoto, une puissante firme japonaise, Amélie, la narratrice, va découvrir à ses dépens l’implacable rigueur de l’autorité d’entreprise, en même temps que les codes de conduite incompréhensibles au profane, qui gouvernent la vie sociale au pays du Soleil levant.Ce roman a donné lieu à un film réalisé par Alain Corneau qui a confié le rôle principal à Sylvie Testud. À la f...",En stock,"4,6 sur 5 étoiles",1 203 évaluations,Poche – 15 juin 2007,‏,,‏,‏,Non disponible,Romans et Littérature Française,https://www.amazon.fr/Stupeur-tremblements-Grand-lAcad%C3%A9mie-Fran%C3%A7aise/dp/221075495X/ref=sr_1_147,2025-09-03T18:44:36.966465
"La Lumière du bonheur (La Traversée des temps, Tome 4)",Éric-Emmanuel Schmitt,Prix non disponible,https://m.media-amazon.com/images/I/81248OSZmZL._SY522_.jpg,"Une prophétie de la pythie de Delphes, la rencontre d’une ravissante Athénienne... et voilà scellé le sort de Noam, qui débarque en Grèce au v",En stock,"4,4 sur 5 étoiles",988 évaluations,"9,99 €",‏,‏,‏,‏,Non disponible,Romans et Littérature Française,https://www.amazon.fr/Lumi%C3%A8re-bonheur-Travers%C3%A9e-temps/dp/2253252336/ref=sr_1_148,2025-09-03T18:44:45.103610
La Traversée des temps - tome 4 - La Lumière du bonheur,Eric-Emmanuel Schmitt,Prix non disponible,https://m.media-amazon.com/images/I/810sIDhvHjL._SY466_.jpg,Comment guérir des violences du monde et de l’amour ?,Format Kindle,"4,4 sur 5 étoiles",988 évaluations,"23,90 €",‏,,‏,‏,Non disponible,Romans et Littérature Française,https://www.amazon.fr/Travers%C3%A9e-temps-Lumi%C3%A8re-bonheur-ebook/dp/B0CW18M92L/ref=sr_1_148,2025-09-03T18:44:52.797117
La Lumière du bonheur: La Traversée des temps 4,Éric-Emmanuel Schmitt,"0,00€",https://m.media-amazon.com/images/I/912vLilYI1L._SX342_.jpg,Comment guérir des violences du monde et de l’amour ?,"Livres audio Audible 

                        – Version intégrale","4,4 sur 5 étoiles",988 évaluations,"9,99 €",Non disponible,,,Non disponible,Non disponible,Romans et Littérature Française,https://www.amazon.fr/Lumi%C3%A8re-bonheur-Travers%C3%A9e-temps/dp/B0D14YCLLW/ref=sr_1_148,2025-09-03T18:45:00.395587
La Traversée des temps - tome 4 - La Lumière du bonheur,Éric-Emmanuel Schmitt,"23,90€",https://m.media-amazon.com/images/I/814-Ud8Da-L._SY466_.jpg,Pas de description,En stock,"4,4 sur 5 étoiles",988 évaluations,"9,99 €",‏,,‏,‏,Non disponible,Romans et Littérature Française,https://www.amazon.fr/Travers%C3%A9e-temps-Lumi%C3%A8re-bonheur/dp/2226467459/ref=sr_1_148,2025-09-03T18:45:08.510051
"La Lumière du bonheur - La Traversée des temps, tome 4: Livre audio 2 CD MP3",Éric-Emmanuel Schmitt,Prix non disponible,https://m.media-amazon.com/images/I/71cAZbtBSPL._SY425_.jpg,Comment guérir des violences du monde et de l’amour ?,Il ne reste plus que 3 exemplaire(s) en stock (d'autres exemplaires sont en cours d'acheminement).,"4,4 sur 5 étoiles",988 évaluations,"9,99 €",‏,‏,‏,Non disponible,Non disponible,Romans et Littérature Française,https://www.amazon.fr/Lumi%C3%A8re-bonheur-Travers%C3%A9e-temps-Livre/dp/B0CVKXNC2R/ref=sr_1_148,2025-09-03T18:45:13.592676
Une drôle de peine,Justine Lévy,Prix non disponible,https://m.media-amazon.com/images/I/71ShqiWxabL._SY466_.jpg,"« Est-ce que tu me vois, maman ? J’ai deux crédits à la banque, deux enfants que j’étouffe, quatre chats dont deux débiles et une estropiée, des rides en pattes d’araignée autour des yeux et des oignons aux pieds, le même amoureux qui me supporte et tient bon depuis vingt ans, quelle dinguerie, je ne suis ni parfaitement féministe, ni tout à fait écologiste, ni vraiment révoltée, pas encore alcool...",En stock,"4,4 sur 5 étoiles",28 évaluations,"13,99 €",‏,‏,‏,‏,Non disponible,Romans et Littérature Française,https://www.amazon.fr/Une-dr%C3%B4le-peine-Justine-L%C3%A9vy/dp/2234094046/ref=sr_1_149,2025-09-03T18:45:21.992834
Une drôle de peine (La Bleue),Justine Lévy,Prix non disponible,https://m.media-amazon.com/images/I/616KtMiGLWL._SY466_.jpg,"« Est-ce que tu me vois, maman ? J’ai deux crédits à la banque, deux enfants que j’étouffe, quatre chats dont deux débiles et une estropiée, des rides en pattes d’araignée autour des yeux et des oignons aux pieds, le même amoureux qui me supporte et tient bon depuis vingt ans, quelle dinguerie, je ne suis ni parfaitement féministe, ni tout à fait écologiste, ni vraiment révoltée, pas encore alcool...",Format Kindle,"4,4 sur 5 étoiles",28 évaluations,"19,00 €",‏,,‏,‏,Non disponible,Romans et Littérature Française,https://www.amazon.fr/dr%C3%B4le-peine-Bleue-Justine-L%C3%A9vy-ebook/dp/B0FFGL1BL7/ref=sr_1_149,2025-09-03T18:45:30.689116
Douce folie meurtrière,Laura Ezrena,Prix non disponible,https://m.media-amazon.com/images/I/71WgjfvP47L._SY466_.jpg,Pas de description,En stock,"4,4 sur 5 étoiles",245 évaluations,"6,99 €",‏,‏,‏,‏,Non disponible,Romans et Littérature Française,https://www.amazon.fr/Douce-folie-meurtriere-Laura-Ezrena/dp/2379936919/ref=sr_1_150,2025-09-03T18:45:36.175962
Douce folie meurtrière,Laura Ezrena,Prix non disponible,https://m.media-amazon.com/images/I/91WmN-JfzlL._SY466_.jpg,DARK ROMANCE RÉSERVÉE À UN PUBLIC AVERTI,Format Kindle,"4,4 sur 5 étoiles",245 évaluations,"21,01 €",‏,,‏,‏,Non disponible,Romans et Littérature Française,https://www.amazon.fr/Douce-folie-meurtri%C3%A8re-Laura-Ezrena-ebook/dp/B0FCLWHX8W/ref=sr_1_150,2025-09-03T18:45:44.015757
Douce folie meurtrière,Laura Ezrena,"0,00€",https://m.media-amazon.com/images/I/91KzRSRgVmL._SX342_.jpg,"Obsession, terreur et perversion : vous laisserez-vous entraîner dans l’abîme ?","Livres audio Audible 

                        – Version intégrale","4,4 sur 5 étoiles",245 évaluations,"6,99 €",Non disponible,,,en lire plus,Non disponible,Romans et Littérature Française,https://www.amazon.fr/Audible-Douce-folie-meurtri%C3%A8re/dp/B0F8443KW3/ref=sr_1_150,2025-09-03T18:45:50.418442
La vague,Todd Strasser,"7,40€",https://m.media-amazon.com/images/I/617SHAEjKKL._SY522_.jpg,LES GRANDS TEXTES DU XXe SIÈCLE,En stock,"4,6 sur 5 étoiles",3 998 évaluations,"7,99 €",‏,‏,‏,‏,Non disponible,Romans et Littérature Française,https://www.amazon.fr/Vague-Todd-STRASSER/dp/2266185691/ref=sr_1_151,2025-09-03T18:45:58.157859
La vague (Litterature t. 13797),Todd Strasser,Prix non disponible,https://m.media-amazon.com/images/I/71DFrvQBv9L._SY522_.jpg,L'Histoire est un éternel recommencement.,Format Kindle,"4,6 sur 5 étoiles",3 998 évaluations,"20,99 €",‏,lisez avec notre  appli gratuite,‏,‏,Non disponible,Romans et Littérature Française,https://www.amazon.fr/vague-Todd-STRASSER-ebook/dp/B00XWR3COY/ref=sr_1_151,2025-09-03T18:46:06.614923
La Vague,Todd Strasser,"0,00€",https://m.media-amazon.com/images/I/810s8VQc6gL._SX342_.jpg,"Inspirée de faits réels, la démonstration qu'un simple jeu peut finir en dictature.","Livres audio Audible 

                        – Version intégrale","4,6 sur 5 étoiles",3 998 évaluations,"7,99 €",Non disponible,,,Non disponible,Non disponible,Romans et Littérature Française,https://www.amazon.fr/La-Vague/dp/B08ML3NYHG/ref=sr_1_151,2025-09-03T18:46:14.111035
La Vague,Todd Strasser,Prix non disponible,https://m.media-amazon.com/images/I/61sjfPRvswL._SY466_.jpg,"La Vague est basé sur une expérience qui s'est réellement passée aux Etats-Unis dans les années 70. Pour faire comprendre les mécanismes du nazisme à ses élèves, Ben Ross, professeur d'histoire, crée un mouvement expérimental au slogan fort : "" La Force par la Discipline, la Force par la Communauté, la Force par l'Action "". En l'espace de quelques jours, l'atmosphère du paisible lycée californien ...",Habituellement expédié sous 3 à 4 jours,"4,6 sur 5 étoiles",3 998 évaluations,"7,99 €",‏,‏,‏,‏,Non disponible,Romans et Littérature Française,https://www.amazon.fr/vague-Todd-Strasser/dp/2350131203/ref=sr_1_151,2025-09-03T18:46:21.294221
Mon coeur a déménagé,Michel Bussi,"9,20€",https://m.media-amazon.com/images/I/61ED4thj+ML._SY522_.jpg,"Mon cœur a déménagé est à la fois un récit initiatique, un roman d'amour et d'amitié, une vaste enquête s'étirant sur plus d'une décennie, et bien entendu, une intrigue à twist par le maître du genre !",En stock,"4,5 sur 5 étoiles",4 170 évaluations,"15,99 €",‏,,‏,‏,Non disponible,Romans et Littérature Française,https://www.amazon.fr/Mon-coeur-d%C3%A9m%C3%A9nag%C3%A9-Michel-Bussi/dp/2266347101/ref=sr_1_152,2025-09-03T18:46:28.599715
Mon coeur a déménagé,Michel Bussi,Prix non disponible,https://m.media-amazon.com/images/I/71NuCwIyv7L._SY522_.jpg,"""Papa a tué maman."" Rouen, avril 1983. Ophélie a – presque – tout vu, du haut de ses sept ans. Mais son père n'est pas le seul coupable. Un autre homme aurait pu sauver sa mère. Dès lors, Ophélie n'aura plus qu'un but : retrouver les témoins, rassembler les pièces du puzzle qui la mèneront jusqu'à la vérité. Et, patiemment, accomplir sa vengeance... Enfant placée en foyer, collégienne rebelle, étu...",Format Kindle,"4,5 sur 5 étoiles",4 170 évaluations,"22,90 €",‏,,‏,‏,Non disponible,Romans et Littérature Française,https://www.amazon.fr/Mon-c%C5%93ur-d%C3%A9m%C3%A9nag%C3%A9-Michel-Bussi-ebook/dp/B0CKY8RNJ8/ref=sr_1_152,2025-09-03T18:46:37.554220
Mon cœur a déménagé,Michel Bussi,"0,00€",https://m.media-amazon.com/images/I/81Tej2HrQvL._SX342_.jpg,Pas de description,"Livres audio Audible 

                        – Version intégrale","4,5 sur 5 étoiles",4 170 évaluations,"15,99 €",Non disponible,,,Non disponible,Non disponible,Romans et Littérature Française,https://www.amazon.fr/Audible-Mon-c%C5%93ur-a-d%C3%A9m%C3%A9nag%C3%A9/dp/B0CPQ5ZFRV/ref=sr_1_152,2025-09-03T18:46:44.999040
Mon coeur a déménagé,Michel Bussi,"22,90€",https://m.media-amazon.com/images/I/61xAoyJIPGL._SY522_.jpg,Pas de description,En stock,"4,5 sur 5 étoiles",4 170 évaluations,"15,99 €",‏,,‏,,Non disponible,Romans et Littérature Française,https://www.amazon.fr/Mon-coeur-d%C3%A9m%C3%A9nag%C3%A9-fran%C3%A7ais-vengeance/dp/2258208408/ref=sr_1_152,2025-09-03T18:46:52.821009
Mon cœur a déménagé,Michel Bussi,"24,90€",https://m.media-amazon.com/images/I/61DNgEBp30L._SY342_.jpg,Pas de description,Il ne reste plus que 3 exemplaire(s) en stock (d'autres exemplaires sont en cours d'acheminement).,"4,5 sur 5 étoiles",4 170 évaluations,"15,99 €",‏,‏,‏,Non disponible,Non disponible,Romans et Littérature Française,https://www.amazon.fr/Mon-c%C5%93ur-d%C3%A9m%C3%A9nag%C3%A9-Michel-Bussi/dp/B0CQ7FXXSQ/ref=sr_1_152,2025-09-03T18:47:01.019799
The Windsors (Tome 1) - The Wrong Bride,Catharina Maura,Prix non disponible,https://m.media-amazon.com/images/I/81gyMC-UguL._SY466_.jpg,"Quand sa sœur Hannah ne se présente pas le jour de son mariage, Raven Du Pont n’a d’autre choix que de prendre sa place. Pour elle, épouser Arès Windsor relève de la torture. Car si Raven est amoureuse du milliardaire depuis son adolescence, celui-ci n’a toujours eu d’yeux que pour Hannah. Mais ni lui ni elle ne peuvent s’opposer à la décision de la matriarche de l’empire Windsor. Pour la première...",Format Kindle,"4,4 sur 5 étoiles",656 évaluations,"19,90 €",‏,,‏,‏,Non disponible,Romans et Littérature Française,https://www.amazon.fr/Windsors-1-Wrong-Bride-ebook/dp/B0F11C9QV5/ref=sr_1_153,2025-09-03T18:47:09.930120
The Wrong Bride,Catharina Maura,"19,90€",https://m.media-amazon.com/images/I/81y5lcErQVL._SY466_.jpg,"Quand sa soeur Hannah ne se présente pas le jour de son mariage, Raven Du Pont n'a d'autre choix que de prendre sa place. Pour elle, épouser Arès Windsor relève de la torture. Car si Raven est amoureuse du milliardaire depuis son adolescence, celui-ci n'a toujours eu d'yeux que pour Hannah. Mais ni lui ni elle ne peuvent s'opposer à la décision de la matriarche de l'empire Windsor. Pour la premièr...",En stock,"4,4 sur 5 étoiles",656 évaluations,"9,99 €",‏,,‏,‏,Non disponible,Romans et Littérature Française,https://www.amazon.fr/Wrong-Bride-Catharina-Maura/dp/2290417556/ref=sr_1_153,2025-09-03T18:47:18.608931
Ravage,René Barjavel,"9,50€",https://m.media-amazon.com/images/I/81--VV+ZXrL._SY522_.jpg,"""- Vous ne savez pas ce qui est arrivé ? Tous les moteurs d'avions se sont arrêtés hier à la même heure, juste au moment où le courant flanchait partout. Tous ceux qui s'étaient mis en descente pour atterrir sur la terrasse sont tombés comme une grêle. Vous n'avez rien entendu, là-dessous ? Moi, dans mon petit appartement près du garage, c'est bien un miracle si je n'ai pas été aplati. Quand le bu...",En stock,"4,4 sur 5 étoiles",2 252 évaluations,"8,99 €",‏,‏,‏,‏,Non disponible,Romans et Littérature Française,https://www.amazon.fr/Ravage-Ren%C3%A9-Barjavel/dp/2070362388/ref=sr_1_154,2025-09-03T18:47:26.873820
Ravage,René Barjavel,Prix non disponible,https://m.media-amazon.com/images/I/61g700ItabL._SY522_.jpg,"""Et d'un seul coup, comme une pierre, le noir tomba. Le poste, les lumières du plafond, tout, à la fois, s'éteignit."" Le progrès a transformé le XXle siècle en un temps de nouveautés toutes plus pratiques les unes que les autres. Ça vole dans des véhicules qui atterrissent sur des terrasses, ça se déplace dans les rues en taxis électriques, ça climatise son logement... Rien d'extravagant, pensez-v...",Format Kindle,"4,4 sur 5 étoiles",2 252 évaluations,"9,50 €",‏,lisez avec notre  appli gratuite,‏,‏,Non disponible,Romans et Littérature Française,https://www.amazon.fr/Ravage-Ren%C3%A9-Barjavel-ebook/dp/B0BSFZ78W3/ref=sr_1_154,2025-09-03T18:47:32.217509
Ravage,René Barjavel,"0,00€",https://m.media-amazon.com/images/I/91ffmqIjzTL._SX342_.jpg,"""– Vous ne savez pas ce qui est arrivé ? Tous les moteurs d'avions se sont arrêtés hier à la même heure, juste au moment où le courant flanchait partout. Tous ceux qui s'étaient mis en descente pour atterrir sur la terrasse sont tombés comme une grêle. Vous n'avez rien entendu, là-dessous ? Moi, dans mon petit appartement près du garage, c'est bien un miracle si je n'ai pas été aplati. Quand le bu...","Livres audio Audible 

                        – Version intégrale","4,4 sur 5 étoiles",2 252 évaluations,"8,99 €",Non disponible,,,Non disponible,Non disponible,Romans et Littérature Française,https://www.amazon.fr/Audible-Ravage/dp/B09Z78WYLQ/ref=sr_1_154,2025-09-03T18:47:40.133827
Ravage,René Barjavel,"8,70€",https://m.media-amazon.com/images/I/41SySIvHNOL.jpg,""" - Vous ne savez pas ce qui est arrivé ? Tous les moteurs d'avions se sont arrêtés hier à la même heure, juste au moment où le courant flanchait partout. Tous ceux qui s'étaient mis en descente pour atterrir sur la terrasse sont tombés comme une grêle. Vous n'avez rien entendu, là-dessous ? Moi, dans mon petit appartement près du garage, c'est bien un miracle si je n'ai pas été aplati. Quand le b...",Broché – 22 mars 1996,"4,4 sur 5 étoiles",2 252 évaluations,"8,99 €",‏,‏,‏,‏,Non disponible,Romans et Littérature Française,https://www.amazon.fr/Ravage-Ren%C3%A9-Barjavel/dp/207039428X/ref=sr_1_154,2025-09-03T18:47:45.930215
Les Oubliés du dimanche,Valérie Perrin,"9,40€",https://m.media-amazon.com/images/I/81fmKtD9F2L._SY522_.jpg,"Justine, vingt et un ans, vit chez ses grands-parents avec son cousin Jules depuis la mort de leurs parents respectifs dans un accident. Justine est aide-soignante aux Hortensias, une maison de retraite, et aime par-dessus tout les personnes âgées. Notamment Hélène, centenaire, qui a toujours rêvé d'apprendre à lire. Les deux femmes se lient d’amitié, s'écoutent, se révèlent l'une à l'autre. Grâce...",En stock,"4,5 sur 5 étoiles",18 321 évaluations,"22,90 €",‏,,‏,‏,Non disponible,Romans et Littérature Française,https://www.amazon.fr/Oubli%C3%A9s-du-dimanche-Val%C3%A9rie-Perrin/dp/2253071161/ref=sr_1_155,2025-09-03T18:47:55.156904
Les Oubliés du dimanche,Valérie Perrin,Prix non disponible,https://m.media-amazon.com/images/I/81VgRgA1JjL._SY466_.jpg,"Justine, vingt et un ans, aime les personnes âgées comme d'autres les contes. Hélène, presque cinq fois son âge, a toujours rêvé d'apprendre à lire. Ces deux femmes se parlent, s'écoutent, se révèlent l'une à l'autre jusqu'au jour où un mystérieux « corbeau » sème le trouble dans la maison de retraite qui abrite leurs confidences et dévoile un terrible secret. Parce qu'on ne sait jamais rien de ce...",Format Kindle,"4,5 sur 5 étoiles",18 321 évaluations,"22,90 €",‏,,‏,‏,Non disponible,Romans et Littérature Française,https://www.amazon.fr/Oubli%C3%A9s-du-dimanche-Val%C3%A9rie-Perrin-ebook/dp/B00WQWZHYO/ref=sr_1_155,2025-09-03T18:48:03.715931
Les Oubliés du dimanche,Valérie Perrin,"0,00€",https://m.media-amazon.com/images/I/81a0UjGhA4L._SX342_.jpg,"Justine, vingt et un ans, vit chez ses grands-parents avec son cousin Jules depuis la mort de leurs parents respectifs dans un accident. Justine est aide-soignante aux Hortensias, une maison de retraite, et aime par-dessus tout les personnes âgées. Notamment Hélène, centenaire, qui a toujours rêvé d'apprendre à lire. Les deux femmes se lient d'amitié, s'écoutent, se révèlent l'une à l'autre. Grâce...","Livres audio Audible 

                        – Version intégrale","4,5 sur 5 étoiles",18 321 évaluations,"22,90 €",Non disponible,,,Non disponible,Non disponible,Romans et Littérature Française,https://www.amazon.fr/Audible-Les-Oubli%C3%A9s-du-dimanche/dp/B0BKTJHRH6/ref=sr_1_155,2025-09-03T18:48:10.647921
Les Oubliés du dimanche,Valérie Perrin,"19,90€",https://m.media-amazon.com/images/I/9119-UdYlaL._SY466_.jpg,"Justine, vingt et un ans, aime les personnes âgées comme d'autres les contes. Hélène, presque cinq fois son âge, a toujours rêvé d'apprendre à lire. Ces deux femmes se parlent, s'écoutent, se révèlent l'une à l'autre jusqu'au jour où un mystérieux « corbeau » sème le trouble dans la maison de retraite qui abrite leurs confidences et dévoile un terrible secret. Parce qu'on ne sait jamais rien de ce...",En stock,"4,5 sur 5 étoiles",18 321 évaluations,"22,90 €",‏,,‏,,Non disponible,Romans et Littérature Française,https://www.amazon.fr/Oubli%C3%A9s-du-dimanche-Val%C3%A9rie-Perrin/dp/2226317155/ref=sr_1_155,2025-09-03T18:48:18.139738
Les Oubliés du dimanche (édition collector),Valérie Perrin,Prix non disponible,https://m.media-amazon.com/images/I/81pu1LMAU6L._SY425_.jpg,"Justine, vingt et un ans, aime les personnes âgées comme d'autres les contes. Hélène, presque cinq fois son âge, a toujours rêvé d'apprendre à lire. Ces deux femmes se parlent, s'écoutent, se révèlent l'une à l'autre jusqu'au jour où un mystérieux « corbeau » sème le trouble dans la maison de retraite qui abrite leurs confidences et dévoile un terrible secret. Parce qu'on ne sait jamais rien de ce...",Cet article paraîtra le 29 octobre 2025.,"4,5 sur 5 étoiles",18 321 évaluations,"19,90 €",‏,‏,‏,Non disponible,Non disponible,Romans et Littérature Française,https://www.amazon.fr/Oubli%C3%A9s-dimanche-%C3%A9dition-collector/dp/2226507000/ref=sr_1_155,2025-09-03T18:48:25.650379
L'Ombre d'Adeline - Tome 01 broché,H. D. Carlton,"19,90€",https://m.media-amazon.com/images/I/71xmA3+Q3sL._SY425_.jpg,Pas de description,En stock,"4,4 sur 5 étoiles",701 évaluations,"12,99 €",‏,‏,‏,‏,Non disponible,Romans et Littérature Française,https://www.amazon.fr/LOmbre-dAdeline-broch%C3%A9-Livre-01/dp/238566013X/ref=sr_1_156,2025-09-03T18:48:34.440340
L'Ombre d'Adeline - Tome 01 e-book,H. D. Carlton,Prix non disponible,https://m.media-amazon.com/images/I/81htVdJrziL._SY425_.jpg,"Prix Kindle : 25,98 €TVA incluse",Format Kindle,"4,4 sur 5 étoiles",701 évaluations,"19,90 €",‏,,‏,‏,Non disponible,Romans et Littérature Française,https://www.amazon.fr/LOmbre-dAdeline-book-Livre-01-ebook/dp/B0CSQXCF1G/ref=sr_1_156,2025-09-03T18:48:42.133104
Les Renaissances,Agnès Martin-Lugand,Prix non disponible,https://m.media-amazon.com/images/I/71a3o-y7-5L._SY466_.jpg,Pas de description,Format Kindle,"4,6 sur 5 étoiles",2 169 évaluations,"21,95 €",‏,,‏,‏,Non disponible,Romans et Littérature Française,https://www.amazon.fr/Renaissances-Agn%C3%A8s-Martin-Lugand-ebook/dp/B0DPXZ9S5M/ref=sr_1_157,2025-09-03T18:48:49.032161
Les Renaissances,Agnès Martin-Lugand,"21,95€",https://m.media-amazon.com/images/I/61SsNpWjU5L._SY522_.jpg,"Il est des regards qui abîment, d'autres qui réparent...",En stock,"4,6 sur 5 étoiles",2 169 évaluations,"13,99 €",‏,,‏,‏,Non disponible,Romans et Littérature Française,https://www.amazon.fr/Renaissances-Agn%C3%A8s-Martin-Lugand/dp/2749950643/ref=sr_1_157,2025-09-03T18:48:57.512786
Les Renaissances,Agnès Martin-Lugand,"0,00€",https://m.media-amazon.com/images/I/81g8EjnnyAL._SX342_.jpg,"Il est des regards qui abîment, d'autres qui réparent...","Livres audio Audible 

                        – Version intégrale","4,6 sur 5 étoiles",2 169 évaluations,"13,99 €",Non disponible,,,en lire plus,Non disponible,Romans et Littérature Française,https://www.amazon.fr/Audible-Studios-on-Brilliance-Renaissances/dp/B0DTQD1Z52/ref=sr_1_157,2025-09-03T18:49:04.538896
Les Renaissances,Agnès Martin-Lugand,Prix non disponible,https://m.media-amazon.com/images/I/61W6bgCCbeL._SY385_.jpg,"Il est des regards qui abîment, d'autres qui réparent...",Il ne reste plus que 5 exemplaire(s) en stock (d'autres exemplaires sont en cours d'acheminement).,"4,6 sur 5 étoiles",2 169 évaluations,"13,99 €",‏,‏,‏,en lire plus,Non disponible,Romans et Littérature Française,https://www.amazon.fr/Renaissances-Agn%C3%A8s-Martin-Lugand/dp/B0DXV4P2NH/ref=sr_1_157,2025-09-03T18:49:11.929245
À la ligne: Feuillets d'usine,Joseph Ponthus,"8,50€",https://m.media-amazon.com/images/I/81ALR+i3DDL._SY522_.jpg,"""Au fil des heures et des jours le besoin d'écrire s'incrustetenace comme une arête dans la gorgeNon le glauque de l'usineMais sa paradoxale beauté""Ouvrier intérimaire, Joseph embauche jour après jour dans les usines de poissons et les abattoirs bretons. Le bruit, les rêves confisqués dans la répétition de rituels épuisants, la souffrance du corps s'accumulent inéluctablement comme le travail à la...",En stock,"4,5 sur 5 étoiles",831 évaluations,"7,49 €",‏,‏,‏,,Non disponible,Romans et Littérature Française,https://www.amazon.fr/ligne-Feuillets-dusine-Joseph-Ponthus/dp/2072881862/ref=sr_1_158,2025-09-03T18:49:20.900264
À la ligne,Joseph Ponthus,"0,00€",https://m.media-amazon.com/images/I/81PCHh+VxEL._SX342_.jpg,"""A la ligne"" est le premier roman de Joseph Ponthus. C'est l'histoire d’un ouvrier intérimaire qui embauche dans les conserveries de poissons et les abattoirs bretons. Jour après jour, il inventorie avec une infinie précision les gestes du travail à la ligne, le bruit, la fatigue, les rêves confisqués dans la répétition de rituels épuisants, la souffrance du corps. Ce qui le sauve, c'est qu'il a e...","Livres audio Audible 

                        – Version intégrale","4,5 sur 5 étoiles",831 évaluations,"7,49 €",Non disponible,,,Non disponible,Non disponible,Romans et Littérature Française,https://www.amazon.fr/%C3%80-la-ligne/dp/B07Z8377T5/ref=sr_1_158,2025-09-03T18:49:29.075638
À la ligne. Feuillets d'usine (Vermillon),Joseph Ponthus,Prix non disponible,https://m.media-amazon.com/images/I/81Kvm6mJxHL._SY466_.jpg,"À la ligne est le premier roman de Joseph Ponthus. C’est l’histoire d’un ouvrier intérimaire qui embauche dans les conserveries de poissons et les abattoirs bretons. Jour après jour, il inventorie avec une infinie précision les gestes du travail à la ligne, le bruit, la fatigue, les rêves confisqués dans la répétition de rituels épuisants, la souffrance du corps. Ce qui le sauve, c’est qu’il a eu ...",Format Kindle,"4,5 sur 5 étoiles",831 évaluations,"8,50 €",‏,lisez avec notre  appli gratuite,‏,‏,Non disponible,Romans et Littérature Française,https://www.amazon.fr/%C3%80-ligne-Feuillets-dusine-Vermillon-ebook/dp/B07L51FGGJ/ref=sr_1_158,2025-09-03T18:49:36.602057
À la ligne: Feuillets d'usine,Joseph Ponthus,"21,90€",https://m.media-amazon.com/images/I/81kAPUXAq+L._SY425_.jpg,Pas de description,Il ne reste plus que 1 exemplaire(s) en stock (d'autres exemplaires sont en cours d'acheminement).,"4,5 sur 5 étoiles",831 évaluations,"7,49 €",‏,‏,‏,Non disponible,Non disponible,Romans et Littérature Française,https://www.amazon.fr/ligne-Feuillets-dusine-Joseph-Ponthus/dp/207286786X/ref=sr_1_158,2025-09-03T18:49:45.631185
La Vérité sur l'Affaire Harry Quebert,Joël Dicker,"9,90€",https://m.media-amazon.com/images/I/71wS24rY6dL._SY522_.jpg,Pas de description,En stock,"4,5 sur 5 étoiles",16 209 évaluations,"12,99 €",‏,,‏,,Non disponible,Romans et Littérature Française,https://www.amazon.fr/V%C3%A9rit%C3%A9-sur-lAffaire-Harry-Quebert/dp/2889730085/ref=sr_1_159,2025-09-03T18:49:55.363173
La Vérité sur l'Affaire Harry Quebert,Joël Dicker,Prix non disponible,https://m.media-amazon.com/images/I/71GV0FQxZZL._SY425_.jpg,"Qui a tué Nola Kellergan?À la fin de l'été 1975, à Aurora, dans le New Hampshire, Nola Kellergan, une jeune fille de quinze ans, disparaît dans des conditions mystérieuses. Au printemps 2008, à New York, Marcus Goldman, jeune écrivain à succès, est incapable d'écrire le nouveau roman qu'il doit remettre à son éditeur. Dans l'espoir de retrouver l'inspiration, il s'installe pour quelques semaines à...",Format Kindle,"4,5 sur 5 étoiles",16 209 évaluations,"23,00 €",‏,,‏,‏,Non disponible,Romans et Littérature Française,https://www.amazon.fr/V%C3%A9rit%C3%A9-sur-lAffaire-Harry-Quebert-ebook/dp/B09NVWDKMG/ref=sr_1_159,2025-09-03T18:50:02.963372
La Vérité sur l'affaire Harry Quebert,Joël Dicker,"0,00€",https://m.media-amazon.com/images/I/81548dLQaQL._SX342_.jpg,Pas de description,"Livres audio Audible 

                        – Version intégrale","4,5 sur 5 étoiles",16 209 évaluations,"12,99 €",Non disponible,,,Non disponible,Non disponible,Romans et Littérature Française,https://www.amazon.fr/V%C3%A9rit%C3%A9-sur-laffaire-Harry-Quebert/dp/B0BYNQV859/ref=sr_1_159,2025-09-03T18:50:11.050318
La Vérité sur l'Affaire Harry Quebert,Joël Dicker,"23,00€",https://m.media-amazon.com/images/I/61XT+FKlZEL._SY425_.jpg,Pas de description,En stock,"4,5 sur 5 étoiles",16 209 évaluations,"12,99 €",‏,‏,‏,,Non disponible,Romans et Littérature Française,https://www.amazon.fr/V%C3%A9rit%C3%A9-sur-lAffaire-Harry-Quebert/dp/2889730069/ref=sr_1_159,2025-09-03T18:50:19.695488
La Vérité sur l'affaire Harry Quebert: Livre audio 2 CD MP3,Joël Dicker,"24,90€",https://m.media-amazon.com/images/I/81Ar-OS51QL._SY425_.jpg,"Marcus Goldman, auteur d’un premier best-seller, est en panne d’inspiration. Quand il apprend que son mentor, le célèbre écrivain Harry Quebert, est le suspect numéro un d’un crime qui remonte à plus de trente ans, il se précipite à son secours. Dans le jardin de Quebert, on a retrouvé le corps de Nola - 15 ans - serrant contre elle le manuscrit du roman d’amour que Querbert lui avait dédié. Deven...",Il ne reste plus que 1 exemplaire(s) en stock.,"4,5 sur 5 étoiles",16 209 évaluations,"12,99 €",‏,‏,‏,‏,Non disponible,Romans et Littérature Française,https://www.amazon.fr/V%C3%A9rit%C3%A9-sur-laffaire-Harry-Quebert/dp/2356415823/ref=sr_1_159,2025-09-03T18:50:27.051568
"Albane, T4 - Des coeurs dans la tourmente",Marie-Bernadette Dupuy,"23,90€",https://m.media-amazon.com/images/I/81dcIzEJdnL._SY466_.jpg,"Juin 1943. Alors que la paix ne semble plus qu’une illusion lointaine, Albane profite d’une parenthèse de bonheur. Après des mois d’attente, elle épouse enfin Raphaël. Mais la fête tourne court, interrompue par des soldats allemands. Ils viennent d’arrêter une fillette qui affirme connaître Albane.Il s’agit de Louisette, la fille illégitime de Louis Molinier. Touchée par le sort de cette orpheline...",En stock,"4,6 sur 5 étoiles",666 évaluations,"4,49 €",‏,,‏,‏,Non disponible,Romans et Littérature Française,https://www.amazon.fr/Albane-T4-coeurs-dans-tourmente/dp/270219303X/ref=sr_1_160,2025-09-03T18:50:35.512119
"Albane, T4 - Des coeurs dans la tourmente- partie 1",Marie-Bernadette Dupuy,Prix non disponible,https://m.media-amazon.com/images/I/81FHnsV2kPL._SY466_.jpg,L’autrice aux cinq millions de lectrices,Format Kindle,"4,6 sur 5 étoiles",666 évaluations,"23,90 €",‏,lisez avec notre  appli gratuite,‏,Non disponible,Non disponible,Romans et Littérature Française,https://www.amazon.fr/Albane-T4-coeurs-tourmente-partie-ebook/dp/B0DTHW7TX8/ref=sr_1_160,2025-09-03T18:50:44.047382
"Des coeurs dans la tourmente: Albane, tome 4",Marie-Bernadette Dupuy,"0,00€",https://m.media-amazon.com/images/I/912kxFkoC5L._SX342_.jpg,"Juin 1943. Alors que la paix ne semble plus qu'une illusion lointaine, Albane profite d'une parenthèse de bonheur. Après des mois d'attente, elle épouse enfin Raphaël. Mais la fête tourne court, interrompue par des soldats allemands. Ils viennent d'arrêter une fillette qui affirme connaître Albane.","Livres audio Audible 

                        – Version intégrale","4,6 sur 5 étoiles",666 évaluations,"4,49 €",Non disponible,,,Non disponible,Non disponible,Romans et Littérature Française,https://www.amazon.fr/coeurs-dans-tourmente-Albane/dp/B0F8J43KHJ/ref=sr_1_160,2025-09-03T18:50:51.495543
Valentina - Tome 03,Azra Reed,"19,95€",https://m.media-amazon.com/images/I/81qCNh7Ar5L._SY466_.jpg,Pas de description,En stock,"4,6 sur 5 étoiles",298 évaluations,"9,99 €",‏,,‏,,Non disponible,Romans et Littérature Française,https://www.amazon.fr/Valentina-03-Azra-Reed/dp/2755677694/ref=sr_1_161,2025-09-03T18:51:17.752855
Valentina - T03,Azra Reed,Prix non disponible,https://m.media-amazon.com/images/I/81d25ATS7FL._SY466_.jpg,"Prix Kindle : 31,97 €TVA incluse",Format Kindle,"4,6 sur 5 étoiles",298 évaluations,"19,95 €",‏,,‏,‏,Non disponible,Romans et Littérature Française,https://www.amazon.fr/Valentina-T03-Azra-Reed-ebook/dp/B0F1G44ZQ4/ref=sr_1_161,2025-09-03T18:51:25.936965
"Valentina Tome 3: Valentina, Tome 3",Azra Reed,"0,00€",https://m.media-amazon.com/images/I/915Sd26BeoL._SX342_.jpg,Pas de description,"Livres audio Audible 

                        – Version intégrale","4,6 sur 5 étoiles",298 évaluations,"9,99 €",Non disponible,,,Non disponible,Non disponible,Romans et Littérature Française,https://www.amazon.fr/Audible-Valentina-3/dp/B0F9B8DGW1/ref=sr_1_161,2025-09-03T18:51:34.374555
The Windsors (Tome 3) - The Unwanted Marriage,Catharina Maura,Prix non disponible,https://m.media-amazon.com/images/I/81B4LuQr+2L._SY466_.jpg,"Même le plus réticent des Windsor peut tomber amoureux…Comme pour tous les Windsor, le mariage de Dion est arrangé par sa grand-mère. Ainsi, il est fiancé depuis l’enfance à Faye, une jeune pianiste de talent – et il déteste cela.Jusqu’à présent, il a réussi à tenir sa future épouse à distance, malgré les inévitables événements mondains. Mais quand il découvre que Faye a un petit ami secret, Dion ...",Format Kindle,"4,4 sur 5 étoiles",99 évaluations,"19,90 €",‏,,‏,‏,Non disponible,Romans et Littérature Française,https://www.amazon.fr/Windsors-3-Unwanted-Marriage-ebook/dp/B0F8BQJYJJ/ref=sr_1_162,2025-09-03T18:51:41.405814
The Unwanted Marriage,Catharina Maura,Prix non disponible,https://m.media-amazon.com/images/I/71iZM6i1ZfL._SY466_.jpg,"Même le plus réticent des Windsor peut tomber amoureux... Comme pour tous les Windsor, le mariage de Dion est arrangé par sa grand-mère. Ainsi, il est fiancé depuis l'enfance à Faye, une jeune pianiste de talent - et il déteste cela. Jusqu'à présent, il a réussi à tenir sa future épouse à distance, malgré les inévitables événements mondains. Mais quand il découvre que Faye a un petit ami secret, D...",En stock,"4,4 sur 5 étoiles",99 évaluations,"9,99 €",‏,,‏,‏,Non disponible,Romans et Littérature Française,https://www.amazon.fr/Unwanted-Marriage-Catharina-Maura/dp/2290417572/ref=sr_1_162,2025-09-03T18:51:49.081633
Tout le bleu du ciel,Mélissa Da Costa,"11,40€",https://m.media-amazon.com/images/I/81ZRtoUrsWL._SY522_.jpg,"Petitesannonces.fr : Jeune homme de 26 ans, condamné à une espérance de vie de deux ans par un Alzheimer précoce, souhaite prendre le large pour un ultime voyage. Recherche compagnon(ne) pour partager avec moi ce dernier périple.Émile a décidé de fuir l’hôpital, la compassion de sa famille et de ses amis. À son propre étonnement, il reçoit une réponse à cette annonce. Trois jours plus tard, devant...",En stock,"4,7 sur 5 étoiles",23 971 évaluations,"10,99 €",‏,‏,‏,,Non disponible,Romans et Littérature Française,https://www.amazon.fr/Tout-bleu-ciel-Melissa-Costa/dp/2253934100/ref=sr_1_163,2025-09-03T18:51:57.156130
Tout le bleu du ciel,Mélissa Da Costa,Prix non disponible,https://m.media-amazon.com/images/I/716DAD8IZIL._SY522_.jpg,"Petitesannonces.fr : Jeune homme de 26 ans, condamné à une espérance de vie de deux ans par un Alzheimer précoce, souhaite prendre le large pour un ultime voyage. Recherche compagnon(ne) pour partager avec moi ce dernier périple.Émile a décidé de fuir l’hôpital, la compassion de sa famille et de ses amis. À son propre étonnement, il reçoit une réponse à cette annonce. Trois jours plus tard, devant...",Format Kindle,"4,7 sur 5 étoiles",23 971 évaluations,"23,90 €",‏,,‏,‏,Non disponible,Romans et Littérature Française,https://www.amazon.fr/Tout-bleu-ciel-Melissa-Costa-ebook/dp/B084X64JNC/ref=sr_1_163,2025-09-03T18:52:04.966143
Tout le bleu du ciel,Mélissa Da Costa,"0,00€",https://m.media-amazon.com/images/I/81OQAfIHQqL._SX342_.jpg,"""Petitesannonces.fr : Jeune homme de 26 ans, condamné par un Alzheimer précoce, souhaite prendre le large pour un ultime voyage. Recherche compagnon(ne) d'aventure pour partager avec moi ce dernier périple.""","Livres audio Audible 

                        – Version intégrale","4,7 sur 5 étoiles",23 971 évaluations,"10,99 €",Non disponible,,,en lire plus,Non disponible,Romans et Littérature Française,https://www.amazon.fr/Tout-le-bleu-du-ciel/dp/B08WJ8HSDP/ref=sr_1_163,2025-09-03T18:52:12.819232
Tout le bleu du ciel: Edition Collector,Mélissa Da Costa,"23,90€",https://m.media-amazon.com/images/I/81oAHE2jS3L._SY425_.jpg,L'édition grand format et collector de ce roman aux 600 000 lecteurs.,En stock,"4,7 sur 5 étoiles",23 971 évaluations,"10,99 €",‏,,‏,‏,Non disponible,Romans et Littérature Française,https://www.amazon.fr/Tout-bleu-ciel-Melissa-Costa/dp/2226453458/ref=sr_1_163,2025-09-03T18:52:19.934832
Tout le bleu du ciel: Livre audio 2 CD MP3,Mélissa Da Costa,Prix non disponible,https://m.media-amazon.com/images/I/71BGYoQ0JOL._SY425_.jpg,"« Petitesannonces.fr : Jeune homme de 26 ans, condamné par un Alzheimer précoce, souhaite prendre le large pour un ultime voyage. Recherche compagnon(ne) d’aventure pour partager avec moi ce dernier périple. »Émile n’a plus beaucoup de temps à vivre. Il a décidé de fuir l’hôpital, la compassion de sa famille et de ses amis. À son propre étonnement, il reçoit une réponse à son annonce. Trois jours ...",Il ne reste plus que 8 exemplaire(s) en stock (d'autres exemplaires sont en cours d'acheminement).,"4,7 sur 5 étoiles",23 971 évaluations,"10,99 €",‏,‏,‏,en lire plus,Non disponible,Romans et Littérature Française,https://www.amazon.fr/Tout-bleu-ciel-Livre-audio/dp/B08S2M4WV4/ref=sr_1_163,2025-09-03T18:52:27.435043
No et moi,Delphine de Vigan,"7,40€",https://m.media-amazon.com/images/I/81hgOpuFqfL._SY522_.jpg,"Elle avait l’air si jeune. En même temps il m’avait semblé qu’elle connaissait vraiment la vie, ou plutôt qu’elle connaissait de la vie quelque chose qui faisait peur.D. V.",En stock,"4,5 sur 5 étoiles",4 618 évaluations,"6,49 €",‏,‏,‏,‏,Non disponible,Romans et Littérature Française,https://www.amazon.fr/No-moi-Delphine-Vigan/dp/225312480X/ref=sr_1_164,2025-09-03T18:52:36.580961
No et moi (Littérature française),Delphine (de) Vigan,Prix non disponible,https://m.media-amazon.com/images/I/81FZqM-8QaL._SY522_.jpg,"Lou Bertignac a 13 ans, un QI de 160 et des questions plein la tête. Les yeux grand ouverts, elle observe les gens, collectionne les mots, se livre à des expériences domestiques et dévore les encyclopédies.  Enfant unique d’une famille en déséquilibre, entre une mère brisée et un père champion de la bonne humeur feinte, dans l’obscurité d’un appartement dont les rideaux restent tirés, Lou invente ...",Format Kindle,"4,5 sur 5 étoiles",4 618 évaluations,"26,00 €",‏,,‏,‏,Non disponible,Romans et Littérature Française,https://www.amazon.fr/moi-Litt%C3%A9rature-fran%C3%A7aise-Delphine-Vigan-ebook/dp/B005PLUAMC/ref=sr_1_164,2025-09-03T18:52:43.850393
No et moi,Delphine de Vigan,"0,00€",https://m.media-amazon.com/images/I/81eEJE+ViTL._SX342_.jpg,"""Elle avait l'air si jeune. En même temps il m'avait semblé qu'elle connaissait vraiment la vie, ou plutôt qu'elle connaissait de la vie quelque chose qui faisait peur."" Adolescente surdouée, Lou Bertignac rêve d'amour, observe les gens, collectionne les mots, multiplie les expériences domestiques et les théories fantaisistes. Jusqu'au jour où elle rencontre No, une jeune fille à peine plus âgée q...","Livres audio Audible 

                        – Version intégrale","4,5 sur 5 étoiles",4 618 évaluations,"6,49 €",Non disponible,,,Non disponible,Non disponible,Romans et Littérature Française,https://www.amazon.fr/No-et-moi/dp/B01DLED88C/ref=sr_1_164,2025-09-03T18:52:50.017105
No et moi : Traduction FALC,Delphine de Vigan,Prix non disponible,https://m.media-amazon.com/images/I/71EXH3tN9kL._SY466_.jpg,"UN ROMAN FACILE À LIRE ET À COMPRENDRE C’est l’histoire de Lou. Lou est une adolescente. Elle est très intelligente mais aussi très seule. Au lycée, elle n’a pas d’amis. Un jour, Lou rencontre No. No est une jeune fille qui vit dans la rue. Elle a un visage fatigué et des habits troués. Les 2 adolescentes deviennent vite amies. Lou voudrait que No ne vive plus dans la rue. Elle voudrait que No ret...",Il ne reste plus que 3 exemplaire(s) en stock (d'autres exemplaires sont en cours d'acheminement).,"4,5 sur 5 étoiles",4 618 évaluations,"6,49 €",‏,‏,‏,‏,Non disponible,Romans et Littérature Française,https://www.amazon.fr/No-moi-Traduction-Delphine-Vigan/dp/2494067138/ref=sr_1_164,2025-09-03T18:52:57.949810
No et moi,Delphine De Vigan,"8,48€",https://m.media-amazon.com/images/I/61W0tYpEsIL._SY466_.jpg,Pas de description,En stock,"4,5 sur 5 étoiles",4 618 évaluations,"6,49 €",‏,‏,‏,,Non disponible,Romans et Littérature Française,https://www.amazon.fr/No-moi-Delphine-Vigan/dp/3150197910/ref=sr_1_164,2025-09-03T18:53:06.300504
No et moi: Livre audio 1 CD MP3,Delphine de Vigan,Prix non disponible,https://m.media-amazon.com/images/I/81olPtPNKnL._SY425_.jpg,"Elle avait l’air si jeune. En même temps il m’avait semblé qu’elle connaissaitvraiment la vie, ou plutôt qu’elle connaissait de la vie quelque chose qui faisaitpeur.Adolescente surdouée, Lou Bertignac rêve d’amour, observe les gens, collectionneles mots, multiplie les expériences domestiques et les théories fantaisistes.Jusqu’au jour où elle rencontre No, une jeune fi lle à peine plus âgée qu’elle...",Il ne reste plus que 2 exemplaire(s) en stock (d'autres exemplaires sont en cours d'acheminement).,"4,5 sur 5 étoiles",4 618 évaluations,"6,49 €",‏,‏,‏,‏,Non disponible,Romans et Littérature Française,https://www.amazon.fr/No-moi-Livre-audio-MP3/dp/2367621187/ref=sr_1_164,2025-09-03T18:53:13.914827
Le voile de Téhéran,Parinoush Saniee,Prix non disponible,https://m.media-amazon.com/images/I/91xqoFFIRbL._SY466_.jpg,"""Quand j'ai repris mes esprits, je me trouvais chez cet homme, dans la chambre à coucher. Debout dans un coin de la pièce, je serrais étroitement contre moi le tchador blanc dont on m'avait affublée avant de me conduire dans cette maison. J'essayais de ne faire aucun bruit, espérant qu'il ne remarquerait pas ma présence. Dans ce silence absolu, les larmes coulaient jusque sur ma poitrine. Mon Dieu...",Format Kindle,"4,4 sur 5 étoiles",3 501 évaluations,"24,00 €",‏,,‏,‏,Non disponible,Romans et Littérature Française,https://www.amazon.fr/Voile-T%C3%A9h%C3%A9ran-Parinoush-SANIEE-ebook/dp/B00R8K4EYS/ref=sr_1_165,2025-09-03T18:53:21.398932
Le Voile de Téhéran,Parinoush Saniee,"10,80€",https://m.media-amazon.com/images/I/61cAxJW-8qL._SY522_.jpg,« Rarement un roman est parvenu à garder un tel niveau d’émotion sur autant de pages déchirantes. »,En stock,"4,4 sur 5 étoiles",3 501 évaluations,"10,99 €",‏,‏,‏,,Non disponible,Romans et Littérature Française,https://www.amazon.fr/voile-T%C3%A9h%C3%A9ran-Parinoush-Saniee/dp/2757856456/ref=sr_1_165,2025-09-03T18:53:31.209833
Le voile de Téhéran,Parinoush Saniee,"24,00€",https://m.media-amazon.com/images/I/61Z7q3X8tlL._SY466_.jpg,Le livre interdit devenu best-seller.,En stock,"4,4 sur 5 étoiles",3 501 évaluations,"10,99 €",‏,‏,‏,‏,Non disponible,Romans et Littérature Française,https://www.amazon.fr/Voile-T%C3%A9h%C3%A9ran-Parinoush-SANIEE/dp/2221130979/ref=sr_1_165,2025-09-03T18:53:38.416105
Incendies le sang des promesses - Babel 1027,Wajdi Mouawad,"8,20€",https://m.media-amazon.com/images/I/61TBf3HC2pS._SY522_.jpg,"Lorsque le notaire Lebel fait aux jumeaux Jeanne et Simon Marwan la lecture du testament de leur mère Nawal, il réveille en eux l’incertaine histoire de leur naissance : qui dont fut leur père, et par quelle odyssée ont-ils vu le jour loin du pays d’origine de leur mère ? En remettant à chacun une enveloppe, destinées l’une à ce père qu’ils croyaient mort et l’autre à leur frère dont ils ignorent ...",En stock,"4,6 sur 5 étoiles",1 684 évaluations,"7,49 €",‏,,‏,‏,Non disponible,Romans et Littérature Française,https://www.amazon.fr/Sang-promesses-2-Incendies/dp/2742793127/ref=sr_1_166,2025-09-03T18:53:47.623190
Incendies,Wajdi Mouawad,Prix non disponible,https://m.media-amazon.com/images/I/71MRVk+EKvL._SY522_.jpg,"Au début de l'histoire, la mort d'une femme qui, il y a longtemps déjà, a décidé de se taire. Elle adresse ses dernières volontés aux jumeaux Jeanne et Simon, ses enfants. Début d'un périple lourd de révélations sur leur identité. 4 hommes, 5 femmes / durée : 2 h 45",Format Kindle,"4,6 sur 5 étoiles",1 684 évaluations,"23,80 €",‏,lisez avec notre  appli gratuite,‏,Non disponible,Non disponible,Romans et Littérature Française,https://www.amazon.fr/Incendies-Wajdi-Mouawad-ebook/dp/B0B3DSF7ZQ/ref=sr_1_166,2025-09-03T18:53:54.524517
Incendies de Mouawad. Wajdi (2009) Broché,Auteur inconnu,Prix non disponible,https://m.media-amazon.com/images/I/31+Qh2xD0ZL._SY425_.jpg,Pas de description,Habituellement expédié sous 3 à 4 jours,"4,6 sur 5 étoiles",1 684 évaluations,"7,49 €",Non disponible,,‏,Non disponible,Non disponible,Romans et Littérature Française,https://www.amazon.fr/Incendies-Mouawad-Wajdi-Broch%C3%A9-Mouawad/dp/B00FN3SX4E/ref=sr_1_166,2025-09-03T18:54:03.656677
Hunger Games - Lever de soleil sur la moisson,Suzanne Collins,"0,00€",https://m.media-amazon.com/images/I/71Y1kOTi20L._SX342_.jpg,""" Ils n'utiliseront pas mes larmes pour leur divertissement. "" – Haymitch Abernathy  Redécouvrez l'un des personnages les plus emblématiques de la série culte, à travers le timbre atypique et nuancé de Xavier Baur !","Livres audio Audible 

                        – Version intégrale","4,8 sur 5 étoiles",858 évaluations,"13,99 €",Non disponible,,,en lire plus,Non disponible,Romans et Littérature Française,https://www.amazon.fr/Hunger-Games-Lever-soleil-moisson/dp/B0DW94YBY4/ref=sr_1_167,2025-09-03T18:54:09.738989
Hunger Games : Lever de soleil sur la moisson,Suzanne Collins,"19,90€",https://m.media-amazon.com/images/I/61I3DDpN-xL._SY522_.jpg,""" Ils n'utiliseront pas mes larmes pour leur divertissement. ""  –; Haymitch Abernathy",En stock,"4,8 sur 5 étoiles",858 évaluations,"13,99 €",‏,,‏,‏,Non disponible,Romans et Littérature Française,https://www.amazon.fr/Hunger-Games-Lever-soleil-moisson/dp/2266350749/ref=sr_1_167,2025-09-03T18:54:19.295814
Hunger Games : Lever de soleil sur la moisson,Suzanne Collins,Prix non disponible,https://m.media-amazon.com/images/I/71iUW8H5TLL._SY522_.jpg,""" Ils n'utiliseront pas mes larmes pour leur divertissement. ""  –; Haymitch Abernathy À l'aube des cinquantièmes Hunger Games, la peur s'empare des districts de Panem. Cette année, en l'honneur des Jeux de l'Expiation, le nombre de tributs arrachés à leur famille pour participer à ces jeux cruels sera doublé ! Dans le district 12, Haymitch Abernathy tente de ne pas trop penser au terrible tirage a...",Format Kindle,"4,8 sur 5 étoiles",858 évaluations,"19,90 €",‏,,‏,‏,Non disponible,Romans et Littérature Française,https://www.amazon.fr/Hunger-Games-Lever-soleil-moisson-ebook/dp/B0DT4ZMVM5/ref=sr_1_167,2025-09-03T18:54:27.803888
Hunger Games : Lever de soleil sur la moisson,Suzanne Collins,Prix non disponible,https://m.media-amazon.com/images/I/61SGA2Fq+WL._SY385_.jpg,""" Ils n'utiliseront pas mes larmes pour leur divertissement. ""  –; Haymitch Abernathy",Il ne reste plus que 6 exemplaire(s) en stock (d'autres exemplaires sont en cours d'acheminement).,"4,8 sur 5 étoiles",858 évaluations,"13,99 €",‏,‏,‏,en lire plus,Non disponible,Romans et Littérature Française,https://www.amazon.fr/Hunger-Games-Lever-soleil-moisson/dp/B0DXV8YTN4/ref=sr_1_167,2025-09-03T18:54:37.115600
Sans soleil - tome 1 - Disco inferno,Jean-Christophe Grangé,Prix non disponible,https://m.media-amazon.com/images/I/718UGZE--sL._SY466_.jpg,"Prix Kindle : 29,98 €TVA incluse",Format Kindle,"4,3 sur 5 étoiles",2 005 évaluations,"21,90 €",‏,,‏,‏,Non disponible,Romans et Littérature Française,https://www.amazon.fr/Sans-soleil-1-Disco-inferno-ebook/dp/B0DNRS15KW/ref=sr_1_168,2025-09-03T18:54:44.913566
Sans soleil - tome 1 - Disco inferno,Jean-Christophe Grangé,"21,90€",https://m.media-amazon.com/images/I/71YhEBeoWgL._SY466_.jpg,Pas de description,En stock,"4,3 sur 5 étoiles",2 005 évaluations,"14,99 €",‏,,‏,‏,Non disponible,Romans et Littérature Française,https://www.amazon.fr/Sans-soleil-1-Disco-inferno/dp/222648079X/ref=sr_1_168,2025-09-03T18:54:53.653079
"Disco Inferno: Sans soleil, tome 1",Jean-Christophe Grangé,"0,00€",https://m.media-amazon.com/images/I/91YKI7H8TUL._SX342_.jpg,"Années 1980 : sur les dancefloors parisiens, c’est la mort qui mène la danse.","Livres audio Audible 

                        – Version intégrale","4,3 sur 5 étoiles",2 005 évaluations,"14,99 €",Non disponible,,,en lire plus,Non disponible,Romans et Littérature Française,https://www.amazon.fr/Disco-Inferno-Sans-soleil-1/dp/B0DQPM7GP6/ref=sr_1_168,2025-09-03T18:55:00.347529
Altitude,Ema Dinkel,"17,90€",https://m.media-amazon.com/images/I/71Bovgh+eVL._SY425_.jpg,La haine est à un pas de danse de l'amour,En stock,"4,5 sur 5 étoiles",631 évaluations,"7,99 €",‏,,‏,‏,Non disponible,Romans et Littérature Française,https://www.amazon.fr/Altitude-Ema-Dinkel/dp/2380159696/ref=sr_1_169,2025-09-03T18:55:08.075226
Altitude,Ema Dinkel,Prix non disponible,https://m.media-amazon.com/images/I/71D4Wzkm7pL._SY466_.jpg,"De la haine à l’amour, il n’y a qu’un pas de danse.",Format Kindle,"4,5 sur 5 étoiles",631 évaluations,"17,90 €",‏,,‏,‏,Non disponible,Romans et Littérature Française,https://www.amazon.fr/Altitude-Ema-Dinkel-ebook/dp/B0D1T1MN9W/ref=sr_1_169,2025-09-03T18:55:13.102464
Altitude,Ema Dinkel,"0,00€",https://m.media-amazon.com/images/I/81z4DBfpHlL._SX342_.jpg,"De la haine à l’amour, il n’y a qu’un pas de danse","Livres audio Audible 

                        – Version intégrale","4,5 sur 5 étoiles",631 évaluations,"7,99 €",Non disponible,,,Non disponible,Non disponible,Romans et Littérature Française,https://www.amazon.fr/Audible-Altitude/dp/B0DJDDBVD2/ref=sr_1_169,2025-09-03T18:55:20.923665
Altitude: Le best-seller de Ema Dinkel en format poche,Ema Dinkel,Prix non disponible,https://m.media-amazon.com/images/I/71nNzdACkYL._SY522_.jpg,La haine est à un pas de danse de l'amour.,Cet article paraîtra le 24 septembre 2025.,"4,5 sur 5 étoiles",631 évaluations,"7,99 €",‏,‏,‏,‏,Non disponible,Romans et Littérature Française,https://www.amazon.fr/Altitude-best-seller-Dinkel-format-poche/dp/2017306347/ref=sr_1_169,2025-09-03T18:55:29.541848
Rentre avant la nuit,Lisa Jewell,"8,95€",https://m.media-amazon.com/images/I/81Yn89s1x9L._SY522_.jpg,Pas de description,En stock,"4,4 sur 5 étoiles",5 791 évaluations,"5,99 €",‏,‏,‏,,Non disponible,Romans et Littérature Française,https://www.amazon.fr/Rentre-avant-nuit-Lisa-Jewell/dp/2381226192/ref=sr_1_170,2025-09-03T18:55:38.174537
Rentre avant la nuit (Hauteville Suspense),Lisa Jewell,Prix non disponible,https://m.media-amazon.com/images/I/81QOYfQS-vL._SY466_.jpg,Pas de description,Format Kindle,"4,4 sur 5 étoiles",5 791 évaluations,"19,95 €",‏,,‏,‏,Non disponible,Romans et Littérature Française,https://www.amazon.fr/Rentre-avant-nuit-Lisa-Jewell-ebook/dp/B0B4T7R2DL/ref=sr_1_170,2025-09-03T18:55:44.555039
Rentre avant la nuit,Lisa Jewell,"0,00€",https://m.media-amazon.com/images/I/91beyTQvkxL._SX342_.jpg,Pas de description,"Livres audio Audible 

                        – Version intégrale","4,4 sur 5 étoiles",5 791 évaluations,"5,99 €",Non disponible,,,en lire plus,Non disponible,Romans et Littérature Française,https://www.amazon.fr/Audible-Rentre-avant-la-nuit/dp/B0BG2TD33P/ref=sr_1_170,2025-09-03T18:55:51.851523
Rentre avant la nuit,Lisa Jewell,"19,95€",https://m.media-amazon.com/images/I/81LTAcj0UfL._SY466_.jpg,Pas de description,Il ne reste plus que 15 exemplaire(s) en stock (d'autres exemplaires sont en cours d'acheminement).,"4,4 sur 5 étoiles",5 791 évaluations,"5,99 €",‏,‏,‏,,Non disponible,Romans et Littérature Française,https://www.amazon.fr/Rentre-avant-nuit-Lisa-Jewell/dp/2381224661/ref=sr_1_170,2025-09-03T18:56:01.337274
Price of legacy (New romance),Anita Rigins,Prix non disponible,https://m.media-amazon.com/images/I/81qXutMNRNL._SY466_.jpg,Pas de description,Format Kindle,"4,4 sur 5 étoiles",394 évaluations,"18,50 €",‏,,‏,‏,Non disponible,Romans et Littérature Française,https://www.amazon.fr/Price-legacy-romance-Anita-Rigins-ebook/dp/B0DSJ859BP/ref=sr_1_171,2025-09-03T18:56:08.722006
Price of legacy,Anita Rigins,"18,50€",https://m.media-amazon.com/images/I/81py1Azk9yL._SY466_.jpg,Pas de description,En stock,"4,4 sur 5 étoiles",394 évaluations,"9,99 €",‏,,‏,‏,Non disponible,Romans et Littérature Française,https://www.amazon.fr/Price-legacy-Anita-Rigins/dp/275567878X/ref=sr_1_171,2025-09-03T18:56:17.661484
Price of legacy (French Edition),Anita Rigins,"0,00€",https://m.media-amazon.com/images/I/81r2FFJaEPL._SX342_.jpg,Un Roméo & Juliette des temps modernes à travers un romantic suspense haletant,"Livres audio Audible 

                        – Version intégrale","4,4 sur 5 étoiles",394 évaluations,"9,99 €",Non disponible,,,en lire plus,Non disponible,Romans et Littérature Française,https://www.amazon.fr/Price-of-legacy-French-Edition/dp/B0FC6RTC9D/ref=sr_1_171,2025-09-03T18:56:24.865077
"Discours de la servitude volontaire BAC Français 1re 2026 - Parcours : "" Défendre "" et "" entretenir "" la liberté - voies générale et technologique - édition intégrale prescrite",Etienne de La Boétie,Prix non disponible,https://m.media-amazon.com/images/I/61bwXYm4JIL._SY425_.jpg,Ce texte court questionne les mécanismes de la domination. Une édition en couleurs et accessible pour les élèves :​,En stock,"5,0 sur 5 étoiles",2 évaluations,"Broché – Version étudiants, 7 mai 2025",‏,,‏,‏,Non disponible,Romans et Littérature Française,https://www.amazon.fr/Discours-servitude-volontaire-Fran%C3%A7ais-2026/dp/2095047435/ref=sr_1_172,2025-09-03T18:56:30.040229
Sous les eaux d'Avalon (Suspense Crime),Michael Connelly,Prix non disponible,https://m.media-amazon.com/images/I/81wLu6QIgJL._SY522_.jpg,"Pour retrouver un meurtrier, l’inspecteur Stilwell doit mener l’enquête, seul contre tous…",Format Kindle,"4,0 sur 5 étoiles",914 évaluations,"22,90 €",‏,,‏,‏,Non disponible,Romans et Littérature Française,https://www.amazon.fr/Sous-eaux-dAvalon-Suspense-Crime-ebook/dp/B0F8NVRCHX/ref=sr_1_173,2025-09-03T18:56:37.611578
Sous les eaux d'Avalon,Michael Connelly,"0,00€",https://m.media-amazon.com/images/I/91UV5dRvxwL._SX342_.jpg,"Pour retrouver un meurtrier, l'inspecteur Stilwell doit mener l'enquête, seul contre tous…","Livres audio Audible 

                        – Version intégrale","4,0 sur 5 étoiles",914 évaluations,"15,99 €",Non disponible,,,Non disponible,Non disponible,Romans et Littérature Française,https://www.amazon.fr/Audible-Sous-les-eaux-dAvalon/dp/B0FCYJ268S/ref=sr_1_173,2025-09-03T18:56:43.929698
Sous les eaux d'Avalon,Michael Connelly,"22,90€",https://m.media-amazon.com/images/I/8166kPOJxhL._SY522_.jpg,"Pour retrouver un meurtrier, l’inspecteur Stilwell doit mener l’enquête, seul contre tous…",En stock,"4,0 sur 5 étoiles",914 évaluations,"15,99 €",‏,,‏,‏,Non disponible,Romans et Littérature Française,https://www.amazon.fr/Sous-eaux-dAvalon-Michael-Connelly/dp/2702194338/ref=sr_1_173,2025-09-03T18:56:51.125649
Sous les eaux d'Avalon: Livre audio 2 CD MP3,Michael Connelly,Prix non disponible,https://m.media-amazon.com/images/I/81Vu8+O+1NL._SY425_.jpg,"Pour retrouver un meurtrier, l’inspecteur Stilwell doit mener l’enquête, seul contre tous…",En stock,"4,0 sur 5 étoiles",914 évaluations,"15,99 €",‏,‏,‏,Non disponible,Non disponible,Romans et Littérature Française,https://www.amazon.fr/Sous-eaux-dAvalon-Livre-audio/dp/B0F58YY75J/ref=sr_1_173,2025-09-03T18:56:58.363662
La Flamme des dragons - Tome 01 La Reine du feu relié (collector) (01),Olivia Rose Darling,Prix non disponible,https://m.media-amazon.com/images/I/71wb8go7jZL._SY425_.jpg,LA VENGEANCE EST UNE PROMESSE SIGNÉE DANS LE SANG.,En stock,"4,4 sur 5 étoiles",4 évaluations,"12,99 €",‏,‏,‏,‏,Non disponible,Romans et Littérature Française,https://www.amazon.fr/Flamme-dragons-Reine-reli%C3%A9-collector/dp/2385661918/ref=sr_1_174,2025-09-03T18:57:03.801209
La Flamme des dragons - e-book - Tome 01 La Reine du feu,Olivia Rose Darling,Prix non disponible,https://m.media-amazon.com/images/I/815ldXVHxTL._SY425_.jpg,LA VENGEANCE EST UNE PROMESSE SIGNÉE DANS LE SANG.,Format Kindle,"4,4 sur 5 étoiles",4 évaluations,"26,90 €",‏,,‏,‏,Non disponible,Romans et Littérature Française,https://www.amazon.fr/Flamme-dragons-book-Reine-feu-ebook/dp/B0FHS4S3P8/ref=sr_1_174,2025-09-03T18:57:11.399221
La Flamme des dragons - Tome 01 La Reine du feu (broché) (01),Olivia Rose Darling,Prix non disponible,https://m.media-amazon.com/images/I/71amkAE6I7L._SY425_.jpg,LA VENGEANCE EST UNE PROMESSE SIGNÉE DANS LE SANG.,En stock,"4,4 sur 5 étoiles",4 évaluations,"12,99 €",‏,‏,‏,‏,Non disponible,Romans et Littérature Française,https://www.amazon.fr/Flamme-dragons-Reine-feu-broch%C3%A9/dp/238566190X/ref=sr_1_174,2025-09-03T18:57:20.722500
Le petit vieux qui a fait le tour du monde (3 fois),Léonie Bloom,"0,00€",https://m.media-amazon.com/images/I/81iwR5vdc7L._SX342_.jpg,"26 ans de Marine nationale, 91 ans de mauvaise foi...","Livres audio Audible 

                        – Version intégrale","4,5 sur 5 étoiles",2 982 évaluations,"19,90 €",Non disponible,,,en lire plus,Non disponible,Romans et Littérature Française,https://www.amazon.fr/petit-vieux-fait-tour-monde/dp/B0DTPZWD49/ref=sr_1_175,2025-09-03T18:57:27.344214
Le petit vieux qui a fait le tour du monde (3 fois),Léonie Bloom,Prix non disponible,https://m.media-amazon.com/images/I/71F6JUvkhAL._SY425_.jpg,🎖️ Prix Les Plumes Francophones 2024,Format Kindle,"4,5 sur 5 étoiles",2 982 évaluations,"19,90 €",Non disponible,,‏,‏,Non disponible,Romans et Littérature Française,https://www.amazon.fr/petit-vieux-fait-tour-monde-ebook/dp/B0D9KBK1TZ/ref=sr_1_175,2025-09-03T18:57:32.993096
Le petit vieux qui a fait le tour du monde (3 fois),Léonie Bloom,"19,90€",https://m.media-amazon.com/images/I/6110BLf7YwL._SY466_.jpg,🎖️ Prix Les Plumes Francophones 2024,En stock,"4,5 sur 5 étoiles",2 982 évaluations,"Broché – Grand livre, 20 juillet 2024",‏,,‏,‏,Non disponible,Romans et Littérature Française,https://www.amazon.fr/petit-vieux-fait-tour-monde/dp/2959481607/ref=sr_1_175,2025-09-03T18:57:40.983592
La Cuisinière des Kennedy - Conte de fées - Histoire vraie romancée - Best-seller,Valérie Paturaud,Prix non disponible,https://m.media-amazon.com/images/I/61tEHN+V1bL._SY522_.jpg,"Le destin extraordinaire d'une enfant trouvée qui devint, par la force de sa passion, la cuisinière des Kennedy",En stock,"4,6 sur 5 étoiles",1 165 évaluations,"12,99 €",‏,‏,‏,‏,Non disponible,Romans et Littérature Française,https://www.amazon.fr/Cuisini%C3%A8re-Kennedy-Histoire-romanc%C3%A9e-Best-seller/dp/2266347160/ref=sr_1_176,2025-09-03T18:57:50.095419
La cuisinière des Kennedy,Valérie Paturaud,Prix non disponible,https://m.media-amazon.com/images/I/71hnidCxLTL._SY522_.jpg,Pas de description,Format Kindle,"4,6 sur 5 étoiles",1 165 évaluations,"21,00 €",‏,,‏,‏,Non disponible,Romans et Littérature Française,https://www.amazon.fr/Cuisini%C3%A8re-Kennedy-Val%C3%A9rie-Paturaud-ebook/dp/B0CTL38VJV/ref=sr_1_176,2025-09-03T18:57:58.499812
La cuisinière des Kennedy,Valérie Paturaud,"0,00€",https://m.media-amazon.com/images/I/81ykEoXWJNL._SX342_.jpg,"Le destin extraordinaire d'une orpheline qui devint, par la force de sa passion, la cuisinière des Kennedy. Le portrait plein de vie d'une femme déterminée et attachante.","Livres audio Audible 

                        – Version intégrale","4,6 sur 5 étoiles",1 165 évaluations,"12,99 €",Non disponible,,,Non disponible,Non disponible,Romans et Littérature Française,https://www.amazon.fr/Audible-La-cuisini%C3%A8re-des-Kennedy/dp/B0CZS73DK6/ref=sr_1_176,2025-09-03T18:58:04.366028
La Cuisinière des Kennedy,Valérie Paturaud,"21,00€",https://m.media-amazon.com/images/I/61RizSaIG1L._SY522_.jpg,Pas de description,En stock,"4,6 sur 5 étoiles",1 165 évaluations,"12,99 €",‏,,‏,‏,Non disponible,Romans et Littérature Française,https://www.amazon.fr/Cuisini%C3%A8re-Kennedy-Val%C3%A9rie-Paturaud/dp/2365698603/ref=sr_1_176,2025-09-03T18:58:13.329028
La Joie ennemie,Kaouther Adimi,"21,00€",https://m.media-amazon.com/images/I/71gfGeMKawL._SX342_.jpg,"Kaouther Adimi passe une nuit à l'Institut du monde arabe pour raconter le destin de Baya, peintre algérienne prodige, célébrée par Matisse et Picasso ; mais dans le silence du musée, un autre récit s'impose. En 1994, alors que l'Algérie s'enfonce dans la violence, ses parents choisissent de retourner s'y installer avec leurs enfants. Le lendemain de leur arrivée, la voiture familiale tombe sur un...","Livres audio Audible 

                        – Version intégrale",Diapositive précédente des détails du produit,0 avis,"14,99 €",Non disponible,,Non disponible,Non disponible,Non disponible,Romans et Littérature Française,https://www.amazon.fr/Audible-La-Joie-ennemie/dp/B0FJYB1KBJ/ref=sr_1_179,2025-09-03T18:59:13.568897
La joie ennemie (Ma nuit au musée),Kaouther Adimi,Prix non disponible,https://m.media-amazon.com/images/I/61QHqDn1FiL._SY466_.jpg,"Kaouther Adimi passe une nuit à l’Institut du monde arabe pour raconter le destin de Baya, peintre algérienne prodige, célébrée par Matisse et Picasso ; mais dans le silence du musée, un autre récit s’impose.En 1994, alors que l’Algérie s’enfonce dans la violence, ses parents choisissent de retourner s’y installer avec leurs enfants. Le lendemain de leur arrivée, la voiture familiale tombe sur un ...",Format Kindle,Diapositive précédente des détails du produit,0 avis,"19,90 €",Non disponible,,Non disponible,Non disponible,Non disponible,Romans et Littérature Française,https://www.amazon.fr/joie-ennemie-Ma-nuit-mus%C3%A9e-ebook/dp/B0FFGPV1KP/ref=sr_1_179,2025-09-03T18:59:19.587730
Il est grand temps de rallumer les étoiles: Livre audio 1 CD MP3,Virginie Grimaldi,Prix non disponible,https://m.media-amazon.com/images/I/71r9W7XJTuL._SY425_.jpg,Et si le bonheur se trouvait juste sous nos yeux ?,Il ne reste plus que 2 exemplaire(s) en stock (d'autres exemplaires sont en cours d'acheminement).,"4,6 sur 5 étoiles",15 831 évaluations,"8,49 €",‏,‏,‏,en lire plus,Non disponible,Romans et Littérature Française,https://www.amazon.fr/est-grand-temps-rallumer-%C3%A9toiles/dp/236762819X/ref=sr_1_182,2025-09-03T19:00:23.815180
Grevisse du collège: Langue française - 6e à la 3e,Bénédicte Gaillard,Prix non disponible,https://m.media-amazon.com/images/I/71pe29r7KhL._SY425_.jpg,Le Grevisse du Collège : la référence en langue française pour les classes de 6,En stock,"4,7 sur 5 étoiles",29 évaluations,"7,49 €",Non disponible,Non disponible,Non disponible,Non disponible,Non disponible,Romans et Littérature Française,https://www.amazon.fr/Grevisse-coll%C3%A8ge-Langue-fran%C3%A7aise-6e/dp/2210779405/ref=sr_1_183,2025-09-03T19:00:30.327351
Le meilleur des mondes,Aldous Huxley,Prix non disponible,https://m.media-amazon.com/images/I/71iZzLwuZML._SY522_.jpg,LES GRANDS TEXTES DU XXe SIÈCLE,En stock,"4,6 sur 5 étoiles",4 500 évaluations,"9,99 €",‏,‏,‏,‏,Non disponible,Romans et Littérature Française,https://www.amazon.fr/meilleur-mondes-Aldous-HUXLEY/dp/2266283030/ref=sr_1_184,2025-09-03T19:00:44.017537
Le meilleur des mondes et Retour au meilleur des mondes,Aldous Huxley,Prix non disponible,https://m.media-amazon.com/images/I/71elNZkA1vL._SY466_.jpg,Pas de description,Format Kindle,"4,6 sur 5 étoiles",4 500 évaluations,"6,00 €",‏,lisez avec notre  appli gratuite,‏,‏,Non disponible,Romans et Littérature Française,https://www.amazon.fr/Offre-Duo-Aldous-Huxley-meilleur-ebook/dp/B00ZB32HZW/ref=sr_1_184,2025-09-03T19:00:52.205361
Le meilleur des mondes,Aldous Huxley,"17,90 €",https://m.media-amazon.com/images/I/51Mcb+QvcML._SY522_.jpg,"Cinquante ans après la mort du très grand écrivain Aldous Huxley, son chef-d'oeuvre,",Broché – 23 mai 2013,"4,6 sur 5 étoiles",4 500 évaluations,"9,99 €",‏,‏,‏,‏,Non disponible,Romans et Littérature Française,https://www.amazon.fr/meilleur-mondes-Aldous-HUXLEY/dp/2259221262/ref=sr_1_184,2025-09-03T19:00:59.944066
"Le Manoir des rêves perdus, tome 1 - Les Caprices de la brume",Marie-Bernadette Dupuy,Prix non disponible,https://m.media-amazon.com/images/I/81lMVNsJy1L._SY466_.jpg,"L’AUTRICE AUX 5 MILLIONS DE LECTRICESSeptembre 2022. Romane Sabatier, vingt-quatre ans, cavalière émérite, quitte précipitamment sa vie dans le Montana, où elle travaillait dans un ranch, pour rentrer en France après l’accident inexpliqué dont a été victime son oncle Edgard.Elle retrouve avec émotion les terres mystérieuses d’Auvergne, le manoir dans lequel elle a grandi et le haras familial. Mais...",Cet article paraîtra le 10 septembre 2025.,Diapositive précédente des détails du produit,0 avis,"8,99 €",‏,‏,‏,‏,Non disponible,Romans et Littérature Française,https://www.amazon.fr/Manoir-r%C3%AAves-perdus-Caprices-brume/dp/2702182372/ref=sr_1_185,2025-09-03T19:01:14.181022
"Le Manoir des rêves perdus, tome 1 - Les Caprices de la brume - partie 1",Marie-Bernadette Dupuy,Prix non disponible,https://m.media-amazon.com/images/I/71aw+OvBjwL._SY466_.jpg,"Septembre 2022. Romane Sabatier, 24 ans, cavalière émérite, quitte précipitamment sa vie dans le Montana, où elle travaillait dans un ranch, pour rentrer en France après l’accident inexpliqué dont a été victime son oncle Edgard.Elle retrouve avec émotion les terres mystérieuses d’Auvergne, le manoir dans lequel elle a grandi et le haras familial. Mais très vite, des phénomènes étranges commencent ...",Format Kindle,Diapositive précédente des détails du produit,0 avis,"23,90 €",‏,lisez avec notre  appli gratuite,‏,‏,Non disponible,Romans et Littérature Française,https://www.amazon.fr/Manoir-r%C3%AAves-perdus-Caprices-partie-ebook/dp/B0FL7GG9QZ/ref=sr_1_185,2025-09-03T19:01:21.267453
Vingt mille lieues sous les mers,Jules Verne,Prix non disponible,https://m.media-amazon.com/images/I/917d+ke5KIL._SY466_.jpg,Ce livre est une oeuvre du domaine public éditée au format numérique par Ebooks libres et gratuits. L’achat de l’édition Kindle inclut le téléchargement via un réseau sans fil sur votre liseuse et vos applications de lecture Kindle.,Format Kindle,"4,4 sur 5 étoiles",3 457 évaluations,"10,01 €",Non disponible,,‏,‏,Classement des meilleures ventes d'Amazon :  n°25 des titres gratuits dans la Boutique Kindle (Voir les 100 premiers en Boutique Kindle)   5 en Littérature et fiction - ebooks,Romans et Littérature Française,https://www.amazon.fr/Vingt-mille-lieues-sous-mers-ebook/dp/B005Q5JK5U/ref=sr_1_186,2025-09-03T19:01:29.479524
Vingt mille lieues sous les mers,Jules Verne,"6,90€",https://m.media-amazon.com/images/I/91d0MPVV0qL._SY522_.jpg,"Un monstre marin, « une chose énorme », ayant été signalé par plusieurs navires à travers le monde, une expédition est organisée sur l’Abraham Lincoln, frégate américaine, pour purger les mers de ce monstre inquiétant. A bord se trouvent le Français Pierre Aronnax, professeur au Muséum de Paris, et Conseil, son fidèle domestique.Une fois parvenus en vue du monstre, deux immenses trombes d’eau s’ab...",En stock,"4,4 sur 5 étoiles",3 457 évaluations,"0,00 €",‏,‏,‏,,Non disponible,Romans et Littérature Française,https://www.amazon.fr/Vingt-mille-lieues-sous-mers/dp/2253006327/ref=sr_1_186,2025-09-03T19:01:36.737883
Vingt mille lieues sous les mers,Jules Verne,"0,00€",https://m.media-amazon.com/images/I/91jFyLwfaWL._SX342_.jpg,""" Une chose énorme "" ayant été signalée par plusieurs navires à travers le monde, une expédition est organisée sur l’Abraham Lincoln, une frégate américaine, pour purger les mers de ce monstre inquiétant. À bord se trouvent le Français Pierre Aronnax, professeur au Muséum de Paris, et Conseil, son fidèle domestique. Alors qu’ils s’approchent du fabuleux animal, Aronnax, Conseil et Ned Land, un har...","Livres audio Audible 

                        – Version intégrale","4,4 sur 5 étoiles",3 457 évaluations,"0,00 €",Non disponible,,,Non disponible,Non disponible,Romans et Littérature Française,https://www.amazon.fr/Vingt-mille-lieues-sous-mers/dp/B0F48HX2QQ/ref=sr_1_186,2025-09-03T19:01:43.961208
Vingt mille lieues sous les mers,Jules Verne,Prix non disponible,https://m.media-amazon.com/images/I/7130heFwsPL._SY466_.jpg,"- La Bibliographie de l'auteur- Ses principales œuvres- Ce roman, parmi les plus célèbres et des plus traduits de notre littérature, apparaît sans conteste comme une des oeuvres les plus puissantes, les plus originales et les plus représentatives de Jules Verne. Tout commence en 1866: la peur règne sur les océans. Plusieurs navires prétendent avoir rencontré un monstre effrayant. Et quand certains...",En stock,"4,4 sur 5 étoiles",3 457 évaluations,"0,00 €",‏,‏,‏,‏,Non disponible,Romans et Littérature Française,https://www.amazon.fr/Vingt-mille-lieues-sous-mers/dp/1546510435/ref=sr_1_186,2025-09-03T19:01:51.063572
Vingt milles lieues sous les mers,Jules Verne,Prix non disponible,https://m.media-amazon.com/images/I/41bAFaO3aaL._SY342_.jpg,"Quelle est la véritable nature de ce ""poisson d'acier"", ce monstre phosphorescent qui défie toutes les flottes du monde ? Journalistes, scientifiques, marins, tous sont obsédés par cette interrogation. C'est au professeur Aronax et à ses deux compagnons, Ned Land et Conseil, que reviendra le privilège de pénétrer au cœur du mystère... Les voici à la fois hôtes de marque et prisonniers à perpétuité...",Il ne reste plus que 1 exemplaire(s) en stock.,"4,4 sur 5 étoiles",3 457 évaluations,"0,00 €",‏,‏,‏,‏,Non disponible,Romans et Littérature Française,https://www.amazon.fr/Vingt-milles-lieues-sous-mers/dp/2012006213/ref=sr_1_186,2025-09-03T19:01:58.041192
La Peau de chagrin,Honoré de Balzac,Prix non disponible,https://m.media-amazon.com/images/I/71JbI49K+pL._SY425_.jpg,"Bac 2023 Dossier pédagogique d'Anaïs Trahand.    Raphaël de Valentin reçoit d'un antiquaire une peau de chagrin capable de réaliser ses voeux, avec une mystérieuse inscription : « Si tu me possèdes, tu posséderas tout, mais ta vie m'appartiendra. » Cela n'inquiète pas le jeune homme qui utilise le talisman pour assouvir tous ses désirs : richesse, gloire et amour. Mais cela n'est pas sans répercus...",En stock,"4,5 sur 5 étoiles",498 évaluations,"0,99 €",‏,‏,‏,‏,Non disponible,Romans et Littérature Française,https://www.amazon.fr/Peau-chagrin-Honor%C3%A9-Balzac/dp/B09TQZ2LX9/ref=sr_1_187,2025-09-03T19:02:07.383022
La peau de chagrin,Honoré de Balzac,"0,00€",https://m.media-amazon.com/images/I/919Vp9jTaDL._SX342_.jpg,"Quitteriez-vous tout ce que vous possédez en échange de l'éternité ? C'est la question existentielle que pose Balzac dans son roman sulfureux, ""La Peau de chagrin"". Raphaël de Valentin, un jeune homme désabusé, découvre un étrange objet : une peau d'animal capable d'exaucer tous ses désirs. Mais à chaque vœu réalisé, la peau rétrécit inexorablement, raccourcissant ainsi la vie de son propriétaire....","Livres audio Audible 

                        – Version intégrale","4,5 sur 5 étoiles",498 évaluations,"0,99 €",Non disponible,,,en lire plus,Non disponible,Romans et Littérature Française,https://www.amazon.fr/Audible-La-peau-de-chagrin/dp/B0DHHVCBLK/ref=sr_1_187,2025-09-03T19:02:14.366913
La Peau de chagrin,Honoré de Balzac,Prix non disponible,https://m.media-amazon.com/images/I/41KRoAqZ0tL._SY425_.jpg,Pas de description,Format Kindle,"4,5 sur 5 étoiles",498 évaluations,"16,39 €",‏,,‏,‏,Non disponible,Romans et Littérature Française,https://www.amazon.fr/Peau-chagrin-3raisons-Honor%C3%A9-Balzac-ebook/dp/B0085VDFMG/ref=sr_1_187,2025-09-03T19:02:21.315792
LA PEAU DE CHAGRIN,HONORÉ DE BALZAC,Prix non disponible,https://m.media-amazon.com/images/I/51cXNoIWoxL._SY466_.jpg,"Ruiné au jeu. au bord du suicide. le jeune Raphaël de Valentin achète a un vieil antiquaire une peau magique aux pouvoirs fatidiques. Ce talisman assurera la réalisation de tous ses voeux, mais, symbole de la vie. elle rétrécira après chaque désir comblé. En scellant le pacte. Raphaël signe sa perte. Il se jette dans une existence de luxe et de débauche, d'amours somptueuses, possédé par une fréné...",En stock,"4,5 sur 5 étoiles",498 évaluations,"0,99 €",‏,‏,‏,‏,Non disponible,Romans et Littérature Française,https://www.amazon.fr/PEAU-CHAGRIN-HONOR%C3%89-BALZAC/dp/B0D5QQWY4D/ref=sr_1_187,2025-09-03T19:02:28.912291
La Peau de chagrin,Honoré de Balzac,Prix non disponible,https://m.media-amazon.com/images/I/51WIerYMC6L._SY522_.jpg,"A 31 ans, pour son premier chef-d'oeuvre, Balzac songe à un conte oriental. La Peau de chagrin sera Les Mille et Une Nuits parisiennes dont il rêve. Ruiné, au bord du suicide, le jeune Raphaël de Valentin achète à un vieil antiquaire une peau magique aux pouvoirs fatidiques. Ce talisman assurera la réalisation de tous ses voeux, mais, symbole de la vie, il rétrécira après chaque désir comblé. En s...",En stock,"4,5 sur 5 étoiles",498 évaluations,"0,99 €",‏,‏,‏,‏,Non disponible,Romans et Littérature Française,https://www.amazon.fr/Peau-chagrin-Honor%C3%A9-Balzac/dp/2266310518/ref=sr_1_187,2025-09-03T19:02:35.875484
La peau de chagrin : Collection : Lecture & loisir cartonnée & illustrée pleine page en couleur & in texte en noir n° 53,Inconnu,Prix non disponible,https://m.media-amazon.com/images/I/51H7KSV68JL._SY466_.jpg,Pas de description,Il ne reste plus que 1 exemplaire(s) en stock.,"4,5 sur 5 étoiles",498 évaluations,"0,99 €",Non disponible,‏,‏,"ajouter à votre liste           ajouté à            impossible d'ajouter l'article à votre liste. merci d’essayer à nouveau.                   désolé, il y a eu un problème.   une erreur s'est produite lors de la récupération de vos listes d'envies. veuillez réessayer.           désolé, il y a eu un problème.   liste indisponible.",Non disponible,Romans et Littérature Française,https://www.amazon.fr/peau-chagrin-Collection-cartonn%C3%A9e-illustr%C3%A9e/dp/B0000DSJMF/ref=sr_1_187,2025-09-03T19:02:43.950454
Rhinocéros,Eugène Ionesco,"9,00€",https://m.media-amazon.com/images/I/71bSIQCGAwL._SY522_.jpg,"""Ce sont eux qui sont beaux. J'ai eu tort ! Oh ! comme je voudrais être comme eux. Je n'ai pas de corne, hélas ! Que c'est laid, un front plat. Il m'en faudrait une ou deux, pour rehausser mes traits tombants. Ça viendra peut-être, et je n'aurai plus honte, je pourrai aller tous les retrouver. Mais ça ne pousse pas ! (Il regarde les paumes de ses mains.) Mes mains sont moites. Deviendrontelles rug...",En stock,"4,5 sur 5 étoiles",2 355 évaluations,"8,99 €",‏,‏,‏,‏,Non disponible,Romans et Littérature Française,https://www.amazon.fr/Rhinoc%C3%A9ros-Eug%C3%A8ne-Ionesco/dp/2070368165/ref=sr_1_188,2025-09-03T19:02:51.517733
Rhinocéros: Pièce en trois actes et quatre tableaux,Eugène Ionesco,Prix non disponible,https://m.media-amazon.com/images/I/A1pe5nFeywL._SY522_.jpg,"Rhinocéros est la pièce la plus riche de Ionesco. Elle ne perd rien de l'esprit d'innovation, de provocation, des premières pièces. Comme elles, celle-ci mélange les genres et les tons, le comique et le tragique. Mais l'innovation principale qui s'introduit ici est la réflexion sur l'Histoire, à travers le mythe. La pièce est une condamnation de toute dictature (en 1958, on pense au stalinisme). I...",Format Kindle,"4,5 sur 5 étoiles",2 355 évaluations,"8,99 €",‏,,‏,‏,Non disponible,Romans et Littérature Française,https://www.amazon.fr/Rhinoc%C3%A9ros-Pi%C3%A8ce-quatre-tableaux-Th%C3%A9%C3%A2tre-ebook/dp/B07G2G8MKX/ref=sr_1_188,2025-09-03T19:02:58.917639
Rhinocéros,Eugène Ionesco,"8,99€",https://m.media-amazon.com/images/I/61p32zITlfL._SY522_.jpg,Pas de description,En stock,"4,5 sur 5 étoiles",2 355 évaluations,"8,99 €",‏,‏,‏,‏,Non disponible,Romans et Littérature Française,https://www.amazon.fr/Rhinoc%C3%A9ros-Eugene-Ionesco/dp/3125972655/ref=sr_1_188,2025-09-03T19:03:07.319095
Candide - Classiques et Patrimoine,Voltaire,Prix non disponible,https://m.media-amazon.com/images/I/71S9Act0pmL._SY425_.jpg,Pas de description,En stock,"4,6 sur 5 étoiles",2 736 évaluations,"1,99 €",‏,,‏,‏,Non disponible,Romans et Littérature Française,https://www.amazon.fr/Candide-Voltaire/dp/2210760852/ref=sr_1_189,2025-09-03T19:03:16.521300
Candide - Classiques et Patrimoine,Voltaire,Prix non disponible,https://m.media-amazon.com/images/I/71Bw8eGg1sL._SY425_.jpg,Le plus célèbre conte philosophique de Voltaire est une oeuvre drôle et féroce dans laquelle l’auteur nous mène avec son héros à la recherche du meilleur des mondes...,Format Kindle,"4,6 sur 5 étoiles",2 736 évaluations,"2,95 €",‏,lisez avec notre  appli gratuite,‏,‏,Non disponible,Romans et Littérature Française,https://www.amazon.fr/Candide-Classiques-Patrimoine-ebook/dp/B087V5MZW1/ref=sr_1_189,2025-09-03T19:03:23.152604
La Porteuse de lettres,Francesca Giannone,Prix non disponible,https://m.media-amazon.com/images/I/713BCjeM9NL._SY466_.jpg,Pas de description,Format Kindle,"4,4 sur 5 étoiles",431 évaluations,"22,90 €",‏,,‏,‏,Non disponible,Romans et Littérature Française,https://www.amazon.fr/Porteuse-lettres-Francesca-Giannone-ebook/dp/B0DWZ8KWXJ/ref=sr_1_190,2025-09-03T19:03:31.644718
La Porteuse de lettres,Francesca Giannone,"22,90€",https://m.media-amazon.com/images/I/715SAnYDMqL._SY466_.jpg,Pas de description,En stock,"4,4 sur 5 étoiles",431 évaluations,"14,99 €",‏,‏,‏,‏,Non disponible,Romans et Littérature Française,https://www.amazon.fr/Porteuse-lettres-Francesca-Giannone/dp/2226491503/ref=sr_1_190,2025-09-03T19:03:41.446182
La Porteuse de lettres,Francesca Gionne,"0,00€",https://m.media-amazon.com/images/I/81uyS-yhLoL._SX342_.jpg,"Italie, années 1930. Une ville du Sud, une femme du Nord.Deux mondes qui se rencontrent et changent à jamais.Dans la chaleur du mois de juin, un car s’arrête sur la place de Lizzanello, petit village des Pouilles. Carlo, l’enfant du Sud, en descend, accompagné d’Anna, sa femme. Originaire du Nord, celle-ci découvre une terre inconnue, figée dans le temps, écrasée par le poids des traditions.Anna n...","Livres audio Audible 

                        – Version intégrale","4,4 sur 5 étoiles",431 évaluations,"14,99 €",Non disponible,,,Non disponible,Non disponible,Romans et Littérature Française,https://www.amazon.fr/Audible-La-Porteuse-de-lettres/dp/B0FDLCVGN2/ref=sr_1_190,2025-09-03T19:03:49.151283
L'homme qui voulait être heureux: Ce que l'on croit peut devenir réalité,Laurent Gounelle,"7,40€",https://m.media-amazon.com/images/I/71SDQMBntAL._SY522_.jpg,"Imaginez... Vous êtes en vacances à Bali et, peu de temps avant votre retour, vous consultez un vieux guérisseur. Sans raison particulière, juste parce que sa grande réputation vous a donné envie de le rencontrer, au cas où... Son diagnostic est formel : vous êtes en bonne santé, mais vous n'êtes pas... heureux. Porteur d'une sagesse infinie, ce vieil homme semble vous connaître mieux que vous-mêm...",En stock,"4,6 sur 5 étoiles",4 543 évaluations,"25,44 €",‏,‏,‏,‏,Non disponible,Romans et Littérature Française,https://www.amazon.fr/Lhomme-qui-voulait-%C3%AAtre-heureux/dp/2266186671/ref=sr_1_191,2025-09-03T19:03:58.027284
L'homme qui voulait être heureux,Laurent Gounelle,"0,00€",https://m.media-amazon.com/images/I/51Mv3Vh4dgL._SX342_.jpg,"Imaginez... Vous êtes en vacances à Bali et, peu de temps avant votre retour, vous consultez un vieux guérisseur. Sans raison particulière, juste parce que sa grande réputation vous a donné envie de le rencontrer, au cas où... Son diagnostic est formel : vous êtes en bonne santé, mais vous n'êtes pas heureux. Porteur d'une sagesse infinie, ce vieil homme semble vous connaître mieux que vous-même. ...","Livres audio Audible 

                        – Version intégrale","4,6 sur 5 étoiles",4 543 évaluations,"25,44 €",Non disponible,,,en lire plus,Non disponible,Romans et Littérature Française,https://www.amazon.fr/Lhomme-qui-voulait-%C3%AAtre-heureux/dp/B01CUY3M1C/ref=sr_1_191,2025-09-03T19:04:05.181331
L'homme qui voulait être heureux (grands caractères),Laurent Gounelle,Prix non disponible,https://m.media-amazon.com/images/I/71lpPzoyZYL._SY466_.jpg,"Imaginez... Vous êtes en vacances à Bali et peu de temps avant votre retour, vous consultez un vieux sage local. Sans raison particulière, juste parce que sa grande réputation vous a donné envie de le rencontrer, au cas où... Son diagnostic est formel : vous êtes en bonne santé, mais vous n'êtes pas... heureux. Porteur d'une sagesse infinie, ce vieil homme semble vous connaître mieux que vous-même...",Il ne reste plus que 13 exemplaire(s) en stock (d'autres exemplaires sont en cours d'acheminement).,"4,6 sur 5 étoiles",4 543 évaluations,"25,44 €",‏,‏,‏,‏,Non disponible,Romans et Littérature Française,https://www.amazon.fr/Lhomme-voulait-heureux-grands-caract%C3%A8res/dp/2848683295/ref=sr_1_191,2025-09-03T19:04:13.292055
L'homme qui voulait être heureux,Laurent Gounelle,"25,44€",https://m.media-amazon.com/images/I/41loNS18otL._SY466_.jpg,"Imaginez...Vous êtes en vacances à Bali et, peu de temps avant votre retour, vous consultez un vieux guérisseur. Sans raison particulière, juste parce que sa grande réputation vous a donné envie de le rencontrer, son diagnostic est formel : vous êtes en bonne santé, mais vous n'êtes pas heureux. Porteur d'une sagesse infinie, ce vieil homme semble vous connaître mieux que vous-même. L'éclairage tr...",Il ne reste plus que 1 exemplaire(s) en stock.,"4,6 sur 5 étoiles",4 543 évaluations,"17,00 €",‏,‏,‏,‏,Non disponible,Romans et Littérature Française,https://www.amazon.fr/Lhomme-qui-voulait-%C3%AAtre-heureux/dp/2738226205/ref=sr_1_191,2025-09-03T19:04:21.412612
L'homme qui voulait être heureux - Audio livre 1 CD MP3 - 437 MO,Laurent Gounelle,Prix non disponible,https://m.media-amazon.com/images/I/71QkPI0vjOL._SY425_.jpg,"Un jeune touriste en voyage à Bali va consulter un vieux guérisseur qui décèle chez lui, en dépit d'une bonne santé, un mal-être existentiel. Pourquoi ? Le jeune homme l'ignore? Invité à s?interroger, le voici embarqué dans une relation qui l'amènera à une prise de conscience capitale : ce que l'on croit - de soi-même, de la vie - devient notre réalité. Mais chacun peut se libérer de ce qui l'empê...",Il ne reste plus que 2 exemplaire(s) en stock.,"4,6 sur 5 étoiles",4 543 évaluations,"25,44 €",‏,‏,‏,"ajouter à votre liste           ajouté à            impossible d'ajouter l'article à votre liste. merci d’essayer à nouveau.                   désolé, il y a eu un problème.   une erreur s'est produite lors de la récupération de vos listes d'envies. veuillez réessayer.           désolé, il y a eu un problème.   liste indisponible.",Non disponible,Romans et Littérature Française,https://www.amazon.fr/Lhomme-qui-voulait-%C3%AAtre-heureux/dp/2356412174/ref=sr_1_191,2025-09-03T19:04:29.260620
Je voulais vivre : Milady n'est pas une femme qui pleure... Elle est de celles qui se vengent (Littérature Française),Adélaïde de Clermont-Tonnerre,Prix non disponible,https://m.media-amazon.com/images/I/71n03VNoZGL._SY466_.jpg,"Par une nuit glaciale, le père Lamandre recueille une fillette de six ans venue frapper avec insistance à sa porte. L’enfant aux yeux admirables tremble de froid et de faim. Elle a les pieds en sang dans ses souliers à boucles d’argent, mais refuse de répondre aux questions qui lui sont posées. Le vieux prêtre ne saura que son prénom  : Anne. Vingt ans plus tard, Anne est devenue Lady Clarick. Ric...",Format Kindle,"4,9 sur 5 étoiles",11 évaluations,"24,00 €",‏,,‏,‏,Non disponible,Romans et Littérature Française,https://www.amazon.fr/Je-voulais-vivre-Litt%C3%A9rature-Fran%C3%A7aise-ebook/dp/B0FD3DCJ5Y/ref=sr_1_192,2025-09-03T19:04:38.062686
Je voulais vivre: Milady n'est pas une femme qui pleure... Elle est de celles qui se vengent,Adélaïde de Clermont-Tonnerre,"24,00€",https://m.media-amazon.com/images/I/71n03VNoZGL._SY466_.jpg,"Par une nuit glaciale, le père Lamandre recueille une fillette de six ans venue frapper avec insistance à sa porte. L’enfant aux yeux admirables tremble de froid et de faim. Elle a les pieds en sang dans ses souliers à boucles d’argent, mais refuse de répondre aux questions qui lui sont posées. Le vieux prêtre ne saura que son prénom : Anne. Vingt ans plus tard, Anne est devenue Lady Clarick. Rich...",En stock,"4,9 sur 5 étoiles",11 évaluations,"16,99 €",‏,‏,‏,‏,Non disponible,Romans et Littérature Française,https://www.amazon.fr/Je-voulais-vivre-Milady-vengent/dp/2246831660/ref=sr_1_192,2025-09-03T19:04:47.580031
Je voulais vivre: Milady n'est pas une femme qui pleure... Elle est de celles qui se vengent,Adélaïde de Clermont-Tonnerre,"0,00€",https://m.media-amazon.com/images/I/813pyhiYZOL._SX342_.jpg,"Par une nuit glaciale, le père Lamandre recueille une fillette de six ans venue frapper avec insistance à sa porte. L'enfant aux yeux admirables tremble de froid et de faim. Elle a les pieds en sang dans ses souliers à boucles d'argent, mais refuse de répondre aux questions qui lui sont posées. Le vieux prêtre ne saura que son prénom : Anne. Vingt ans plus tard, Anne est devenue Lady Clarick. Rich...","Livres audio Audible 

                        – Version intégrale","4,9 sur 5 étoiles",11 évaluations,"16,99 €",Non disponible,,,Non disponible,Non disponible,Romans et Littérature Française,https://www.amazon.fr/Je-voulais-vivre-Milady-vengent/dp/B0FJFJHSG5/ref=sr_1_192,2025-09-03T19:04:54.614328
Prose du Transsibérien et autres poèmes,Blaise Cendrars,Prix non disponible,https://m.media-amazon.com/images/I/61Vm5-XBlYL._SY425_.jpg,"Dossier pédagogique de Justine Francioli mis à jour par Olivier Rachet « Dis, Blaise, sommes-nous bien loin de Montmartre ? » demande Jeanne au jeune poète, alter ego de Blaise Cendrars, dans le train mythique qui relie Moscou à Vladivostok. À travers cette épopée de plus de quatre cents vers qu'est la Prose du Transsibérien, ce sont la vitesse, le mouvement et le sentiment de liberté qui nous son...",En stock,"4,6 sur 5 étoiles",692 évaluations,Broché – 17 août 2022,‏,‏,‏,‏,Non disponible,Romans et Littérature Française,https://www.amazon.fr/Prose-du-Transsib%C3%A9rien-autres-po%C3%A8mes/dp/B09Z6T6SQ1/ref=sr_1_193,2025-09-03T19:05:21.138473
L'homme qui plantait des arbres,Jean Giono,Prix non disponible,https://m.media-amazon.com/images/I/71yLMerbmWL._SY425_.jpg,Pas de description,En stock,"4,5 sur 5 étoiles",1 475 évaluations,"6,49 €",‏,‏,‏,‏,Non disponible,Romans et Littérature Française,https://www.amazon.fr/Lhomme-plantait-arbres-Jean-Giono/dp/2070794024/ref=sr_1_194,2025-09-03T19:05:29.563810
L'homme qui plantait des arbres,Jean Giono,"0,00€",https://m.media-amazon.com/images/I/81XZU8HRXaS._SX342_.jpg,"Si l'on n'y prenait garde, la vie se retirerait vite des landes de Haute-Provence, et le plateau de la lavande retournerait au désert. Elzéard Bouffier a voulu l'empêcher. Berger paisible et obstiné, toute sa vie il a planté des arbres, des milliers d'arbres et, au fil des ans, la région est redevenue verdoyante, fraîche, parfumée. Jean Giono a imaginé qu'au cours d'une de ses promenades, il avait...","Livres audio Audible 

                        – Version intégrale","4,5 sur 5 étoiles",1 475 évaluations,"6,49 €",Non disponible,,,Non disponible,Non disponible,Romans et Littérature Française,https://www.amazon.fr/Lhomme-qui-plantait-des-arbres/dp/B01CUX0V0I/ref=sr_1_194,2025-09-03T19:05:37.416474
L'homme qui plantait des arbres,Jean Giono,Prix non disponible,https://m.media-amazon.com/images/I/71atsn4qXZL._SY466_.jpg,"""On comprenait que les hommes pourraient être aussi efficaces que Dieu dans d'autres domaines que la destruction."" On ne peut qu'être d'accord avec le narrateur quand on voit la magnifique forêt qu'Elzéard Bouffier a élevée patiemment tout au long de sa vie. Écologiste avant l'heure ? Sans aucun doute. Ce berger a décidé de redonner sa superbe à cette lande déserte de Provence en plantant une forê...",Format Kindle,"4,5 sur 5 étoiles",1 475 évaluations,"5,00 €",‏,lisez avec notre  appli gratuite,‏,‏,Non disponible,Romans et Littérature Française,https://www.amazon.fr/Lhomme-plantait-arbres-Jean-Giono-ebook/dp/B088KSTR5X/ref=sr_1_194,2025-09-03T19:05:45.408622
L'homme qui plantait des arbres,Giono,"7,80€",https://m.media-amazon.com/images/I/A1v+KZT8v5L._SY466_.jpg,"Ce grand classique des textes écologistes avait, pour Jean Giono, le but de ""faire aimer l'arbre ou plus exactement faire aimer à planter des arbres"". Il y raconte l'aventure tranquille d'un berger solitaire, en Provence, qui passe la fin de sa longue vie, à semer et planter des arbres dans des collines où l'exploitation humaine incontrôlée avait créé le désert. Avec l'arbre revenu, c'est en fait ...",Broché – 1 juillet 1989,"4,5 sur 5 étoiles",1 475 évaluations,"6,49 €",‏,‏,‏,‏,Non disponible,Romans et Littérature Française,https://www.amazon.fr/Lhomme-qui-plantait-arbres-Giono/dp/2868195075/ref=sr_1_194,2025-09-03T19:05:52.805553
L'HOMME QUI PLANTAIT DES ARBRES CD,Jean Giono,"13,50€",https://m.media-amazon.com/images/I/81PThyql6IL._SY466_.jpg,"Dans ce court récit, Jean Giono raconte la vie extraordinaire d'Elzéard Bouffier, le berger solitaire rencontré au hasard d'une de ses promenades. Elzéard Bouffier redonne vie à la terre arride et desséchée de Haute-Provence en plantant méthodiquement, jour après jour, des glands de chêne. Un geste qui prendra finalement une dimension inattendue et magnifique.",Il ne reste plus que 1 exemplaire(s) en stock (d'autres exemplaires sont en cours d'acheminement).,"4,5 sur 5 étoiles",1 475 évaluations,"6,49 €",‏,,‏,,Non disponible,Romans et Littérature Française,https://www.amazon.fr/LHOMME-QUI-PLANTAIT-ARBRES-CD/dp/2075091110/ref=sr_1_194,2025-09-03T19:06:02.245053
elle veut vivre,Valentin Auwercx,Prix non disponible,https://m.media-amazon.com/images/I/61Ria6pH+bL._SY522_.jpg,« Elle ne veut pas vivre comme une battante.Non.Elle veut vivre comme une femme fatiguée qui n’a plus envie de mentir.Et tant pis si ça déborde.Et tant mieux si ça dérange. »,En stock,"4,6 sur 5 étoiles",33 évaluations,Broché – 8 juillet 2025,‏,,‏,‏,Non disponible,Romans et Littérature Française,https://www.amazon.fr/elle-veut-vivre-Valentin-Auwercx/dp/B0FH53VCNN/ref=sr_1_195,2025-09-03T19:06:09.253113
elle veut vivre,Valentin Auwercx,Prix non disponible,https://m.media-amazon.com/images/I/81ufMe6Qv7L._SY522_.jpg,« Elle ne veut pas vivre comme une battante.Non. Elle veut vivre comme une femme fatiguée qui n’a plus envie de mentir.Et tant pis si ça déborde.Et tant mieux si ça dérange. »,Format Kindle,"4,6 sur 5 étoiles",33 évaluations,"13,90 €",Non disponible,,‏,‏,Non disponible,Romans et Littérature Française,https://www.amazon.fr/elle-veut-vivre-Valentin-Auwercx-ebook/dp/B0FF27GRS4/ref=sr_1_195,2025-09-03T19:06:14.419725
Au premier regard,Lisa Gardner,"9,90€",https://m.media-amazon.com/images/I/81Qrch7cBaL._SY522_.jpg,"Macabre découverte dans une petite ville de Géorgie : les restes d’un corps humain, puis bientôt un charnier, révélés au grand jour. Est-ce le testament de Jacob Ness, le tueur en série qui a défrayé la chronique pendant des années avant d’être abattu ? Ou l’œuvre d’un complice ? Aux côtés de la courageuse Flora Dane, survivante de Jacob Ness devenue justicière, l’agent du FBI Kimberly Quincy et l...",En stock,"4,5 sur 5 étoiles",1 920 évaluations,"8,99 €",‏,‏,‏,‏,Non disponible,Romans et Littérature Française,https://www.amazon.fr/Au-premier-regard-Lisa-Gardner/dp/2253253405/ref=sr_1_196,2025-09-03T19:06:22.829170
Au premier regard,Lisa Gardner,Prix non disponible,https://m.media-amazon.com/images/I/71I0bLu22lL._SY425_.jpg,« Un thriller palpitant et diablement féministe. »,Format Kindle,"4,5 sur 5 étoiles",1 920 évaluations,"22,90 €",‏,,‏,‏,Non disponible,Romans et Littérature Française,https://www.amazon.fr/Au-premier-regard-Lisa-Gardner-ebook/dp/B0BN74GPH5/ref=sr_1_196,2025-09-03T19:06:30.280994
Au premier regard,Lisa Gardner,"0,00€",https://m.media-amazon.com/images/I/81Ay-2WhKiL._SX342_.jpg,"L'agent du FBI Kimberly Quincy, le commandant D.D. Warren et Flora Dane : les trois héroïnes de Lisa Gardner de nouveau réunies dans un thriller à couper le souffle.","Livres audio Audible 

                        – Version intégrale","4,5 sur 5 étoiles",1 920 évaluations,"8,99 €",Non disponible,,,Non disponible,Non disponible,Romans et Littérature Française,https://www.amazon.fr/Audible-Au-premier-regard/dp/B0BQRKD19W/ref=sr_1_196,2025-09-03T19:06:39.286208
Au premier regard,Lisa Gardner,"22,90€",https://m.media-amazon.com/images/I/71kDOtG95oL._SY425_.jpg,« Un thriller palpitant et diablement féministe. »,En stock,"4,5 sur 5 étoiles",1 920 évaluations,"8,99 €",‏,,‏,,Non disponible,Romans et Littérature Française,https://www.amazon.fr/Au-premier-regard-Lisa-Gardner/dp/2226455132/ref=sr_1_196,2025-09-03T19:06:46.466879
Au premier regard: Livre audio 2 CD MP3,Lisa Gardner,"28,50€",https://m.media-amazon.com/images/I/71694dsnPeL._SY425_.jpg,"L’agent du FBI Kimberly Quincy, le commandant D.D. Warren et Flora Dane : les trois héroïnes de Lisa Gardner de nouveau réunies dans un thriller à couper le souffle.",Il ne reste plus que 1 exemplaire(s) en stock (d'autres exemplaires sont en cours d'acheminement).,"4,5 sur 5 étoiles",1 920 évaluations,"8,99 €",‏,‏,‏,Non disponible,Non disponible,Romans et Littérature Française,https://www.amazon.fr/Au-premier-regard-Livre-audio/dp/B0BF4FD8G9/ref=sr_1_196,2025-09-03T19:06:54.659048
L'Homme des Mille Détours - Nouveauté poche 2025,Agnès Martin-Lugand,"9,30€",https://m.media-amazon.com/images/I/71+5AipUtpL._SY522_.jpg,"Des liens du sang aux liens du cœur, l'odyssée d'une famille",En stock,"4,6 sur 5 étoiles",3 436 évaluations,"12,99 €",‏,,‏,‏,Non disponible,Romans et Littérature Française,https://www.amazon.fr/LHomme-Mille-D%C3%A9tours-Nouveaut%C3%A9-poche/dp/2266333208/ref=sr_1_197,2025-09-03T19:07:02.883130
L'Homme des Mille Détours,Agnès Martin-Lugand,Prix non disponible,https://m.media-amazon.com/images/I/91iOrKD3+WL._SY522_.jpg,"Des liens du sang aux liens du cœur, l'odyssée d'une famille.",Format Kindle,"4,6 sur 5 étoiles",3 436 évaluations,"24,95 €",‏,,‏,‏,Non disponible,Romans et Littérature Française,https://www.amazon.fr/LHomme-Mille-D%C3%A9tours-Agn%C3%A8s-Martin-Lugand-ebook/dp/B0CFGBBM17/ref=sr_1_197,2025-09-03T19:07:10.479815
L'Homme des Mille Détours,Agnès Martin-Lugand,"0,00€",https://m.media-amazon.com/images/I/A14cMz+MTjL._SX342_.jpg,Le nouveau roman d'Agnès Martin Lugand.,"Livres audio Audible 

                        – Version intégrale","4,6 sur 5 étoiles",3 436 évaluations,"12,99 €",Non disponible,,,Non disponible,Non disponible,Romans et Littérature Française,https://www.amazon.fr/Audible-LHomme-des-Mille-D%C3%A9tours/dp/B0CJ5MHZ99/ref=sr_1_197,2025-09-03T19:07:18.381457
L'Homme des Mille Détours,Agnès Martin-Lugand,"20,95€",https://m.media-amazon.com/images/I/71G1C6t8sHL._SY522_.jpg,"Des liens du sang aux liens du cœur, l'odyssée d'une famille.",En stock,"4,6 sur 5 étoiles",3 436 évaluations,"12,99 €",‏,,‏,,Non disponible,Romans et Littérature Française,https://www.amazon.fr/LHomme-Mille-D%C3%A9tours-Agn%C3%A8s-Martin-Lugand/dp/2749950635/ref=sr_1_197,2025-09-03T19:07:26.820515
L'Homme des Mille Détours - Édition collector,Agnès Martin-Lugand,"24,95€",https://m.media-amazon.com/images/I/51L91gEoqwL._SY342_.jpg,"Des liens du sang aux liens du cœur, l'odyssée d'une famille",En stock,"4,6 sur 5 étoiles",3 436 évaluations,"12,99 €",‏,,‏,‏,Non disponible,Romans et Littérature Française,https://www.amazon.fr/LHomme-Mille-D%C3%A9tours-%C3%89dition-collector/dp/2749959578/ref=sr_1_197,2025-09-03T19:07:34.427419
L'Homme des Mille Détours,Agnès Martin-Lugand,"22,90€",https://m.media-amazon.com/images/I/61b058z5wlL._SY342_.jpg,Le nouveau roman d'Agnès Martin Lugand.,En stock,"4,6 sur 5 étoiles",3 436 évaluations,"12,99 €",‏,‏,‏,,Non disponible,Romans et Littérature Française,https://www.amazon.fr/LHomme-Mille-D%C3%A9tours-Agn%C3%A8s-Martin-Lugand/dp/B0CBN7Y61T/ref=sr_1_197,2025-09-03T19:07:42.158348
Jamais plus,Colleen Hoover,"7,60€",https://m.media-amazon.com/images/I/81tFVqLBpRL._SY466_.jpg,Ceux que nous aimons sont parfois ceux qui nous font le plus mal.,En stock,"4,6 sur 5 étoiles",9 801 évaluations,"7,99 €",‏,,‏,,Non disponible,Romans et Littérature Française,https://www.amazon.fr/Jamais-plus-Colleen-Hoover/dp/2755637080/ref=sr_1_198,2025-09-03T19:07:51.888136
Jamais plus,Colleen Hoover,Prix non disponible,https://m.media-amazon.com/images/I/818p2dgm4jL._SY466_.jpg,Ce sont ceux que nous aimons qui peuvent nous faire le plus de mal.,Format Kindle,"4,6 sur 5 étoiles",9 801 évaluations,"29,45 €",‏,,‏,‏,Non disponible,Romans et Littérature Française,https://www.amazon.fr/Jamais-plus-Colleen-Hoover-ebook/dp/B06XCZCHLL/ref=sr_1_198,2025-09-03T19:08:01.293724
Jamais plus,Colleen Hoover,"0,00€",https://m.media-amazon.com/images/I/91zC6SrqHSL._SX342_.jpg,Ceux que nous aimons sont parfois ceux qui nous font le plus mal,"Livres audio Audible 

                        – Version intégrale","4,6 sur 5 étoiles",9 801 évaluations,"7,99 €",Non disponible,,,en lire plus,Non disponible,Romans et Littérature Française,https://www.amazon.fr/Audible-Jamais-plus/dp/B0BBW3RM8F/ref=sr_1_198,2025-09-03T19:08:08.557169
Jamais plus,Colleen Hoover,"17,00€",https://m.media-amazon.com/images/I/81cmAJEc6tL._SY425_.jpg,Ce sont ceux que nous aimons qui peuvent nous faire le plus de mal.,En stock,"4,6 sur 5 étoiles",9 801 évaluations,"7,99 €",‏,‏,‏,,Non disponible,Romans et Littérature Française,https://www.amazon.fr/Jamais-plus-Colleen-Hoover/dp/2755633212/ref=sr_1_198,2025-09-03T19:08:17.785185
Jamais plus,Colleen Hoover,"21,99€",https://m.media-amazon.com/images/I/61CN7RFfogL._SY385_.jpg,Ceux que nous aimons sont parfois ceux qui nous font le plus mal,Habituellement expédié sous 1 à 3 mois,"4,6 sur 5 étoiles",9 801 évaluations,"7,99 €",‏,‏,‏,en lire plus,Non disponible,Romans et Littérature Française,https://www.amazon.fr/Jamais-plus-Colleen-Hoover/dp/B0BQVBTNXT/ref=sr_1_198,2025-09-03T19:08:25.259769
Jamais plus - relié jaspage,Colleen Hoover,Prix non disponible,https://m.media-amazon.com/images/I/81M+jfpUW9L._SY425_.jpg,Ceux que nous aimons sont parfois ceux qui nous font le plus mal.,Il ne reste plus que 1 exemplaire(s) en stock.,"4,6 sur 5 étoiles",9 801 évaluations,"7,99 €",‏,,‏,‏,Non disponible,Romans et Littérature Française,https://www.amazon.fr/Jamais-plus-jaspage-Colleen-Hoover/dp/2755671963/ref=sr_1_198,2025-09-03T19:08:32.169718
Stolen Lives,Mr Ahmed Miqdad,Prix non disponible,https://m.media-amazon.com/images/I/71H55H71cRL._SY466_.jpg,"Third poetry book from Palestinian author Ahmed Miqdad about living under occupation in Gaza, Palestine. Heartbreaking, poignant message written as poems for anyone who would like to learn about what it is really like to live under occupation in what has been described as the world's largest open prison.",En stock,"5,0 sur 5 étoiles",11 évaluations,Broché – 26 octobre 2015,‏,‏,‏,‏,Non disponible,Romans et Littérature Française,https://www.amazon.fr/Stolen-Lives-Mr-Ahmed-Miqdad/dp/1518792022/ref=sr_1_199,2025-09-03T19:08:40.487122
Stolen Lives (English Edition),Ahmed Miqdad,Prix non disponible,https://m.media-amazon.com/images/I/71TkIUHuzjL._SY466_.jpg,"Third poetry book from Palestinian author Ahmed Miqdad about living under occupation in Gaza, Palestine. Heartbreaking, poignant message written as poems for anyone who would like to learn about what it is really like to live under occupation in what has been described as the world's largest open prison.",Format Kindle,"5,0 sur 5 étoiles",11 évaluations,"19,46 €",Non disponible,,‏,‏,Non disponible,Romans et Littérature Française,https://www.amazon.fr/Stolen-Lives-English-Ahmed-Miqdad-ebook/dp/B08DCF48H1/ref=sr_1_199,2025-09-03T19:08:46.058040
Trois,Valérie Perrin,"10,90€",https://m.media-amazon.com/images/I/81-qSzYunRL._SY522_.jpg,"1986. Adrien, Étienne et Nina se rencontrent en CM2. Très vite, ils deviennent fusionnels et une promesse les unit : quitter leur province pour vivre à Paris et ne jamais se séparer.2017. Une voiture est découverte au fond d’un lac dans le hameau où ils ont grandi. Virginie, journaliste au passé énigmatique, couvre l’événement. Peu à peu, elle dévoile les liens extraordinaires qui unissent ces tro...",En stock,"4,5 sur 5 étoiles",14 118 évaluations,"9,99 €",‏,,‏,‏,Non disponible,Romans et Littérature Française,https://www.amazon.fr/Trois-Val%C3%A9rie-Perrin/dp/2253936146/ref=sr_1_200,2025-09-03T19:08:54.444191
Trois,Valérie Perrin,Prix non disponible,https://m.media-amazon.com/images/I/81Kp4t0v5pL._SY466_.jpg,Pas de description,Format Kindle,"4,5 sur 5 étoiles",14 118 évaluations,"21,90 €",‏,,‏,‏,Non disponible,Romans et Littérature Française,https://www.amazon.fr/Trois-Val%C3%A9rie-Perrin-ebook/dp/B08XY28475/ref=sr_1_200,2025-09-03T19:09:02.004277
Trois,Valérie Perrin,"0,00€",https://m.media-amazon.com/images/I/91n4MPI+W9L._SX342_.jpg,"""Je m'appelle Virginie. Aujourd'hui, de Nina, Adrien et Étienne, seul Adrien me parle encore. Nina me méprise. Quant à Étienne, c'est moi qui ne veux plus de lui. Pourtant, ils me fascinent depuis l'enfance. Je ne me suis jamais attachée qu'à ces trois-là.""","Livres audio Audible 

                        – Version intégrale","4,5 sur 5 étoiles",14 118 évaluations,"9,99 €",Non disponible,,,en lire plus,Non disponible,Romans et Littérature Française,https://www.amazon.fr/Audible-Trois/dp/B09VY54298/ref=sr_1_200,2025-09-03T19:09:09.061225
Trois,Valérie Perrin,"21,90€",https://m.media-amazon.com/images/I/61QBo2ksr4L._SY466_.jpg,Pas de description,En stock,"4,5 sur 5 étoiles",14 118 évaluations,"9,99 €",‏,,‏,‏,Non disponible,Romans et Littérature Française,https://www.amazon.fr/Trois-Val%C3%A9rie-Perrin/dp/2226451145/ref=sr_1_200,2025-09-03T19:09:18.241452
Trois,Valérie Perrin,Prix non disponible,https://m.media-amazon.com/images/I/81I+DgCaI6L._SY425_.jpg,"« Je m’appelle Virginie. Aujourd’hui, de Nina, Adrien et Étienne, seul Adrien me parle encore. Nina me méprise. Quant à Étienne, c’est moi qui ne veux plus de lui. Pourtant, ils me fascinent depuis l’enfance. Je ne me suis jamais attachée qu’à ces trois-là. »",Il ne reste plus que 1 exemplaire(s) en stock (d'autres exemplaires sont en cours d'acheminement).,"4,5 sur 5 étoiles",14 118 évaluations,"9,99 €",‏,‏,‏,en lire plus,Non disponible,Romans et Littérature Française,https://www.amazon.fr/Trois-Val%C3%A9rie-Perrin/dp/B09YTKHSH1/ref=sr_1_200,2025-09-03T19:09:23.590855
"Bibliocollège - Le Médecin malgré lui, Molière",Jean-Baptiste Molière (Poquelin dit),Prix non disponible,https://m.media-amazon.com/images/I/71wNY1nm6yL._SY425_.jpg,"Martine a décidé de se venger de Sganarelle, son vaurien de mari ! Les circonstances vont lui offrir une occasion bien tentante : le faire passer pour un médecin – malgré lui !La vengeance de Martine s’accomplira-t-elle ? Comment Sganarelle réussira-t-il à se tirer de cette situation ?",En stock,"4,7 sur 5 étoiles",561 évaluations,"2,99 €",‏,,‏,‏,Non disponible,Romans et Littérature Française,https://www.amazon.fr/Bibliocoll%C3%A8ge-M%C3%A9decin-malgr%C3%A9-lui-Moli%C3%A8re/dp/2017167142/ref=sr_1_201,2025-09-03T19:09:29.391747
"Bibliocollège - Le Médecin malgré lui, Molière",Jean-Baptiste Molière (Poquelin dit),Prix non disponible,https://m.media-amazon.com/images/I/71wNY1nm6yL._SY425_.jpg,"Martine a décidé de se venger de Sganarelle, son vaurien de mari  ! Les circonstances vont lui offrir une occasion bien tentante  : le faire passer pour un médecin – malgré lui  !La vengeance de Martine s’accomplira-t-elle ? Comment Sganarelle réussira-t-il à se tirer de cette situation ?",Format Kindle,"4,7 sur 5 étoiles",561 évaluations,"3,60 €",‏,,‏,‏,Non disponible,Romans et Littérature Française,https://www.amazon.fr/Bibliocoll%C3%A8ge-M%C3%A9decin-malgr%C3%A9-lui-Moli%C3%A8re-ebook/dp/B0D238LHSP/ref=sr_1_201,2025-09-03T19:09:36.383808
1984,George Orwell,"9,50€",https://m.media-amazon.com/images/I/71Y9X7FYkcL._SY522_.jpg,"Année 1984 en Océanie. 1984 ? C'est en tout cas ce qu'il semble à Winston, qui ne saurait toutefois en jurer. Le passé a été réinventé, et les événements les plus récents sont susceptibles d'être modifiés. Winston est lui-même chargé de récrire les archives qui contredisent le présent et les promesses de Big Brother. Grâce à une technologie de pointe, ce dernier sait tout, voit tout. Liberté est S...",En stock,"4,5 sur 5 étoiles",3 090 évaluations,"1,99 €",‏,‏,‏,,Non disponible,Romans et Littérature Française,https://www.amazon.fr/1984-George-Orwell/dp/2072878497/ref=sr_1_202,2025-09-03T19:09:42.981605
1984,George Orwell,"0,00€",https://m.media-amazon.com/images/I/81Qt5P2950L._SX342_.jpg,Pas de description,"Livres audio Audible 

                        – Version intégrale","4,5 sur 5 étoiles",3 090 évaluations,"1,99 €",Non disponible,,,Non disponible,Non disponible,Romans et Littérature Française,https://www.amazon.fr/1984/dp/B08R3Z7MCZ/ref=sr_1_202,2025-09-03T19:09:49.290741
1984,George Orwell,Prix non disponible,https://m.media-amazon.com/images/I/61IPq8ScPWL._SY522_.jpg,"Révisionnisme historique, surveillance, réduction de la langue et culte de la personnalité tel est la normalité de l'océania en 1984. Cependant, pour Winston Smith, un homme de 39ans chargé de la lourde responsabilité de réécrire l'Histoire s'en est trop ! Bien déterminé à percer le mystère de Big Brother, il s'aventure alors dans la longue et périlleuse quête de la Vérité et de la Liberté !",Format Kindle,"4,5 sur 5 étoiles",3 090 évaluations,"23,50 €",‏,,‏,‏,Non disponible,Romans et Littérature Française,https://www.amazon.fr/1984-George-Orwell-ebook/dp/B0C14Z57YQ/ref=sr_1_202,2025-09-03T19:09:56.718477
1984,George Orwell,"23,50€",https://m.media-amazon.com/images/I/81MpFurNEFL._SY466_.jpg,"Année 1984 en Océanie. 1984 ? C'est en tout cas ce qu'il semble à Winston, qui ne saurait toutefois en jurer. Le passé a été oblitéré et réinventé, et les événements les plus récents sont susceptibles d'être modifiés. Winston est lui-même chargé de récrire les archives qui contredisent le présent et les promesses de Big Brother. Grâce à une technologie de pointe, ce dernier sait tout, voit tout. I...",Il ne reste plus que 11 exemplaire(s) en stock (d'autres exemplaires sont en cours d'acheminement).,"4,5 sur 5 étoiles",3 090 évaluations,"1,99 €",‏,‏,‏,‏,Non disponible,Romans et Littérature Française,https://www.amazon.fr/1984-George-Orwell/dp/2072730031/ref=sr_1_202,2025-09-03T19:10:04.114273
Captive 1.5 - Perfectly Wrong,Sarah Rivens,"20,00€",https://m.media-amazon.com/images/I/71531vE64ML._SY466_.jpg,"Elle était la rancune, il était la culpabilité. Mais autrefois, ils étaient l'amour.",En stock,"4,6 sur 5 étoiles",1 875 évaluations,"7,99 €",‏,‏,‏,‏,Non disponible,Romans et Littérature Française,https://www.amazon.fr/Captive-1-5-Perfectly-Sarah-Rivens/dp/2017206946/ref=sr_1_203,2025-09-03T19:10:12.895458
Captive tome 1.5 - Perfectly Wrong : La saga qui a conquis des millions de lecteurs ! (Dark Romance),Sarah Rivens,Prix non disponible,https://m.media-amazon.com/images/I/710iW8netJL._SY466_.jpg,"Elle était la rancune, il était la culpabilité. Mais autrefois, ils étaient l'amour.",Format Kindle,"4,6 sur 5 étoiles",1 875 évaluations,"21,10 €",‏,,‏,‏,Non disponible,Romans et Littérature Française,https://www.amazon.fr/Captive-1-5-Perfectly-millions-lecteurs-ebook/dp/B0B3XT886L/ref=sr_1_203,2025-09-03T19:10:20.999798
Captive 1.5 - Perfectly wrong,Sarah Rivens,"0,00€",https://m.media-amazon.com/images/I/81QNDHF5NrL._SX342_.jpg,"Elle était la rancune, il était la culpabilité.","Livres audio Audible 

                        – Version intégrale","4,6 sur 5 étoiles",1 875 évaluations,"7,99 €",Non disponible,,,en lire plus,Non disponible,Romans et Littérature Française,https://www.amazon.fr/Audible-Captive-1-5-Perfectly-wrong/dp/B0C2PYNNGJ/ref=sr_1_203,2025-09-03T19:10:28.234021
Captive 1.5 - Perfectly Wrong - Edition Collector,Sarah Rivens,Prix non disponible,https://m.media-amazon.com/images/I/71-tKzckNNL._SY425_.jpg,"Elle était la rancune, il était la culpabilité. Mais autrefois, ils étaient l'amour.",En stock,"4,6 sur 5 étoiles",1 875 évaluations,"7,99 €",‏,‏,‏,‏,Non disponible,Romans et Littérature Française,https://www.amazon.fr/Captive-1-5-Perfectly-Wrong-Collector/dp/2017207055/ref=sr_1_203,2025-09-03T19:10:35.385288
La Chambre des officiers,Marc Dugain,"6,40€",https://m.media-amazon.com/images/I/71unXrGp6IL._SY522_.jpg,LES GRANDS TEXTES DU XXe SIÈCLE,En stock,"4,6 sur 5 étoiles",1 636 évaluations,"5,49 €",‏,‏,‏,‏,Non disponible,Romans et Littérature Française,https://www.amazon.fr/Chambre-officiers-Marc-DUGAIN/dp/2266093088/ref=sr_1_204,2025-09-03T19:10:45.010590
La Chambre des officiers,Marc Dugain,Prix non disponible,https://m.media-amazon.com/images/I/91jOSVNU2wL._SY522_.jpg,"« Dugain a le tact des grands guides, il nous entraîne là où nous n'aurions jamais eu le cran d'aller seuls. »",Format Kindle,"4,6 sur 5 étoiles",1 636 évaluations,"10,85 €",‏,,‏,‏,Non disponible,Romans et Littérature Française,https://www.amazon.fr/Chambre-officiers-Marc-Dugain-ebook/dp/B07JPZWYP3/ref=sr_1_204,2025-09-03T19:10:51.666499
La Chambre des Officiers,Marc Dugain,"0,00€",https://m.media-amazon.com/images/I/81rtNAM9DnL._SX342_.jpg,"C'est l'histoire d'Adrien, un jeune ingénieur officier en 1914, à qui tout sourit. Mais, dans les premiers jours de la guerre, lors d'une reconnaissance sur les bords de la Meuse, un éclat d'obus le défigure. En un instant, il est devenu un monstre, une ""gueule cassée"". Adrien ne connaîtra ni l'horreur des tranchées ni la boue, le froid, la peur ou les rats. Transféré au Val-de-Grâce, il rejoint u...","Livres audio Audible 

                        – Version intégrale","4,6 sur 5 étoiles",1 636 évaluations,"5,49 €",Non disponible,,,Non disponible,Non disponible,Romans et Littérature Française,https://www.amazon.fr/La-Chambre-des-Officiers/dp/B01CUZE3IW/ref=sr_1_204,2025-09-03T19:10:58.945378
La chambre des officiers,Marc Dugain,Prix non disponible,https://m.media-amazon.com/images/I/71PE6BfKqXL._SY522_.jpg,"ROD0127636. LA CHAMBRE DES OFFICIERS. 1998. In-8. Broché. Bon état, Couv. convenable, Dos satisfaisant, Papier jauni. 171 pages.. . . . Classification Dewey : 840.091-XX ème siècle",Il ne reste plus que 2 exemplaire(s) en stock.,"4,6 sur 5 étoiles",1 636 évaluations,"5,49 €",‏,‏,‏,"ajouter à votre liste           ajouté à            impossible d'ajouter l'article à votre liste. merci d’essayer à nouveau.                   désolé, il y a eu un problème.   une erreur s'est produite lors de la récupération de vos listes d'envies. veuillez réessayer.           désolé, il y a eu un problème.   liste indisponible.",Non disponible,Romans et Littérature Française,https://www.amazon.fr/chambre-officiers-Marc-Dugain/dp/2702825001/ref=sr_1_204,2025-09-03T19:11:05.688965
La Chambre des officiers,Marc Dugain,"19,00€",https://m.media-amazon.com/images/I/61XuV9M1o+L._SY522_.jpg,"Dans les premiers jours de 1914, Adrien, jeune lieutenant du génie est fauché par un éclat d'obus. Défiguré, il est transporté au Val de Grâce où il passera le reste de la guerre dans la chambre des officiers. Au fil des amitiés qui s'y noueront, lui et ses camarades, malgré la privation brutale d'une part de leur identité, révèleront toute leur humanité.",Il ne reste plus que 2 exemplaire(s) en stock (d'autres exemplaires sont en cours d'acheminement).,"4,6 sur 5 étoiles",1 636 évaluations,"5,49 €",‏,‏,‏,‏,Non disponible,Romans et Littérature Française,https://www.amazon.fr/chambre-officiers-Marc-Dugain/dp/2709622947/ref=sr_1_204,2025-09-03T19:11:13.513782
La Chambre des Officiers,Marc Dugain,Prix non disponible,https://m.media-amazon.com/images/I/81rtNAM9DnL._SY342_.jpg,"La Chambre des Officiers a reçu notamment le Prix des libraires, le Prix Nimier et le Prix des Deux Magots. Adapté au cinéma par François Dupeyron, il a été présenté au Festival de Cannes.C’est l’histoire d’Adrien, un jeune ingénieur officier en 1914, à qui tout sourit. Mais, dans les premiers jours de la guerre, lors d'une reconnaissance sur les bords de la Meuse, un éclat d'obus le défigure. En ...",Il ne reste plus que 1 exemplaire(s) en stock.,"4,6 sur 5 étoiles",1 636 évaluations,"5,49 €",‏,‏,‏,‏,Non disponible,Romans et Littérature Française,https://www.amazon.fr/Chambre-Officiers-Livre-Audio/dp/2353290817/ref=sr_1_204,2025-09-03T19:11:21.671011
Behind Hell,Hely Ka,Prix non disponible,https://m.media-amazon.com/images/I/61NsA1XnRlL._SY425_.jpg,"Attention, ce roman contient des scènes difficiles pouvant heurter la sensibilité des lecteursDéconseillé aux moins de 18 ans.",Cet article paraîtra le 4 septembre 2025.,Diapositive précédente des détails du produit,0 avis,"9,99 €",‏,‏,‏,‏,Non disponible,Romans et Littérature Française,https://www.amazon.fr/Behind-Hell-Hely-Ka/dp/2487986085/ref=sr_1_205,2025-09-03T19:11:30.051602
Behind Hell,Hely Ka,Prix non disponible,https://m.media-amazon.com/images/I/81lBftOYTxL._SY466_.jpg,"Attention, ce roman contient des scènes difficiles pouvant heurter la sensibilité des lecteursDéconseillé aux moins de 18 ans.",Format Kindle,Diapositive précédente des détails du produit,0 avis,"19,90 €",‏,lisez avec notre  appli gratuite,‏,‏,Non disponible,Romans et Littérature Française,https://www.amazon.fr/Behind-Hell-Hely-Ka-ebook/dp/B0FHMDWKK8/ref=sr_1_205,2025-09-03T19:11:38.278887
Les derniers jours de l'apesanteur,Fabrice Caro,"20,00€",https://m.media-amazon.com/images/I/91bIUpbfL2L._SY466_.jpg,"L'année du Bac, la meilleure période de notre vie en même temps que la pire. ""Je m'étais façonné un faux moi intégralement taillé pour lui plaire. Elle avait adoré Le cercle des poètes disparus ? C'est dingue, c'était mon film culte. Elle aimait Sting et surtout son dernier album en date ... Nothing Like the Sun ? Je vénérais cet album, de manière inconditionnelle. Elle admirait le chanteur pour s...",En stock,"4,1 sur 5 étoiles",17 évaluations,"14,99 €",‏,,‏,‏,Non disponible,Romans et Littérature Française,https://www.amazon.fr/derniers-jours-lapesanteur-Fabrice-Caro/dp/2073121497/ref=sr_1_206,2025-09-03T19:11:47.029792
Les derniers jours de l’apesanteur,Fabrice Caro,Prix non disponible,https://m.media-amazon.com/images/I/81sP7fGCo0L._SY466_.jpg,"L’ANNÉE DU BAC, LA MEILLEURE PÉRIODE DE NOTRE VIE EN MÊME TEMPS QUE LA PIRE.""Je m’étais façonné un faux moi intégralement taillé pour lui plaire. Elle avait adoré Le cercle des poètes disparus ? C’est dingue, c’était mon film culte. Elle aimait Sting et surtout son dernier album en date … Nothing Like the Sun ? Je vénérais cet album, de manière inconditionnelle. Elle admirait le chanteur pour son ...",Format Kindle,"4,1 sur 5 étoiles",17 évaluations,"20,00 €",‏,,‏,‏,Non disponible,Romans et Littérature Française,https://www.amazon.fr/derniers-jours-lapesanteur-Fabrice-Caro-ebook/dp/B0FCNZ3WFH/ref=sr_1_206,2025-09-03T19:11:54.175222
Les derniers jours de l'apesanteur,Fabrice Caro,"0,00€",https://m.media-amazon.com/images/I/91UmEhBdUkL._SX342_.jpg,"L'année du Bac, la meilleure période de notre vie en même temps que la pire.","Livres audio Audible 

                        – Version intégrale","4,1 sur 5 étoiles",17 évaluations,"14,99 €",Non disponible,,,Non disponible,Non disponible,Romans et Littérature Française,https://www.amazon.fr/Les-derniers-jours-de-lapesanteur/dp/B0FHHDK2ZV/ref=sr_1_206,2025-09-03T19:12:02.470723
La Nuit des temps,René Barjavel,"8,70€",https://m.media-amazon.com/images/I/51agfIYIv3L._SY522_.jpg,LES GRANDS TEXTES DU XXe SIÈCLE,En stock,"4,5 sur 5 étoiles",4 247 évaluations,"14,99 €",‏,‏,‏,‏,Non disponible,Romans et Littérature Française,https://www.amazon.fr/Nuit-temps-Ren%C3%A9-BARJAVEL/dp/2266230913/ref=sr_1_207,2025-09-03T19:12:11.383125
La nuit des temps,René Barjavel,"0,00€",https://m.media-amazon.com/images/I/81Ja0tewqTL._SX342_.jpg,"Dans les steppes glacées de l'Antarctique, le mythe des amants légendaires revisité par Barjavel. Un grand classique de la littérature, toujours en tête de liste des romans préférés des Français.","Livres audio Audible 

                        – Version intégrale","4,5 sur 5 étoiles",4 247 évaluations,"14,99 €",Non disponible,,,Non disponible,Non disponible,Romans et Littérature Française,https://www.amazon.fr/Audible-La-nuit-des-temps/dp/B0BCKXBNY6/ref=sr_1_207,2025-09-03T19:12:18.434016
La nuit des temps (Nouvelle édition),René Barjavel,Prix non disponible,https://m.media-amazon.com/images/I/81yxxX7vjEL._SY522_.jpg,Pas de description,Format Kindle,"4,5 sur 5 étoiles",4 247 évaluations,"23,00 €",‏,lisez avec notre  appli gratuite,‏,‏,Non disponible,Romans et Littérature Française,https://www.amazon.fr/Nuit-temps-N-%C3%A9d-ebook/dp/B07HLFJY2C/ref=sr_1_207,2025-09-03T19:12:26.602560
La Nuit des temps - Collector,René Barjavel,Prix non disponible,https://m.media-amazon.com/images/I/61e4JqimZzL._SY466_.jpg,"Un roman universel devenu un classique de la littérature mêlant aventure, histoire d'amour et chronique scientifique. Publié en 1968 aux Presses de la Cité, il figure toujours en bonne place parmi les romans préférés des Français.",Cet article paraîtra le 9 octobre 2025.,"4,5 sur 5 étoiles",4 247 évaluations,"14,99 €",‏,‏,‏,‏,Non disponible,Romans et Littérature Française,https://www.amazon.fr/Nuit-temps-Collector-Ren%C3%A9-Barjavel/dp/2258212723/ref=sr_1_207,2025-09-03T19:12:35.695196
La nuit des temps,René Barjavel,"9,50€",https://m.media-amazon.com/images/I/41hUIK9h+fL._SY425_.jpg,"UN MANUSCRIT INÉDITLe coffret présenté contient la reproduction de l’unique manuscrit de La Nuit des temps. Composé de près de 1000 feuillets volants, il a été rédigé en seulement six mois, en 1968, et publié juste à temps pour recevoir le Prix des libraires. Il révèle ainsi, en bleu ou en noir, l’écriture vive et déliée d’un Barjavel en pleine effervescence. Celle-ci foisonne de ratures et de cor...","Relié – Grand livre, 23 octobre 2018","4,5 sur 5 étoiles",4 247 évaluations,"14,99 €",‏,‏,‏,‏,Non disponible,Romans et Littérature Française,https://www.amazon.fr/nuit-temps-manuscrit-Ren%C3%A9-Barjavel/dp/B07HPYKGMW/ref=sr_1_207,2025-09-03T19:12:42.063143
La nuit des temps,René Barjavel,Prix non disponible,https://m.media-amazon.com/images/I/516021mbhOL._SY385_.jpg,Pas de description,Habituellement expédié sous 3 à 4 jours,"4,5 sur 5 étoiles",4 247 évaluations,"14,99 €",‏,‏,‏,Non disponible,Non disponible,Romans et Littérature Française,https://www.amazon.fr/nuit-temps-Ren%C3%A9-Barjavel/dp/B0B4T315TN/ref=sr_1_207,2025-09-03T19:12:49.785300
"La nuit des temps, les chemins de Katmandou",BARJAVEL,Prix non disponible,https://m.media-amazon.com/images/I/61l-6uPS3zL._SY522_.jpg,Pas de description,Il ne reste plus que 1 exemplaire(s) en stock.,"4,5 sur 5 étoiles",4 247 évaluations,"14,99 €",Non disponible,‏,‏,Non disponible,Non disponible,Romans et Littérature Française,https://www.amazon.fr/nuit-temps-chemins-Katmandou/dp/B00407ZR0M/ref=sr_1_207,2025-09-03T19:12:56.713234
"Analyse et étude de l'oeuvre - Discours de la servitude volontaire, La Boétie -Réussir son BAC Français 1re 2026 - Parcours associé "" Défendre "" et "" ... : "" Défendre "" et "" entretenir "" la liberté.",Etienne de La Boétie,Prix non disponible,https://m.media-amazon.com/images/I/61xZhuyDWAL._SY425_.jpg,"Toutes les ressources de l'oeuvre d'Étienne de La Boétie, Discours de la servitude volontaire. Une oeuvre qui questionne les mécanismes de la domination.",En stock,"5,0 sur 5 étoiles",4 évaluations,"3,99 €",‏,,‏,‏,Non disponible,Romans et Littérature Française,https://www.amazon.fr/Analyse-%C3%A9tude-loeuvre-volontaire-entretenir/dp/2095047443/ref=sr_1_208,2025-09-03T19:13:05.176759
"Analyse et étude de l'oeuvre - Discours de la servitude volontaire, La Boétie -Réussir son BAC Français 1re 2026 - Parcours associé "" Défendre "" et "" entretenir "" la liberté - Une oeuvre, un parcours",Etienne de La Boétie,Prix non disponible,https://m.media-amazon.com/images/I/71UMeWIn8zL._SY425_.jpg,"Toutes les ressources de l'oeuvre d'Étienne de La Boétie, Discours de la servitude volontaire. Une oeuvre qui questionne les mécanismes de la domination.",Format Kindle,"5,0 sur 5 étoiles",4 évaluations,"5,50 €",‏,,‏,‏,Non disponible,Romans et Littérature Française,https://www.amazon.fr/Analyse-%C3%A9tude-loeuvre-volontaire-entretenir-ebook/dp/B0FGZ2781Z/ref=sr_1_208,2025-09-03T19:13:12.169832
"Analyse et étude de l'oeuvre - Discours de la servitude volontaire, La Boétie -Réussir son BAC Français 1re 2026 - Parcours associé "" Défendre "" et "" ... : "" Défendre "" et "" entretenir "" la liberté.",Etienne de La Boétie,Prix non disponible,https://m.media-amazon.com/images/I/61xZhuyDWAL._SY425_.jpg,"Toutes les ressources de l'oeuvre d'Étienne de La Boétie, Discours de la servitude volontaire. Une oeuvre qui questionne les mécanismes de la domination.",En stock,"5,0 sur 5 étoiles",4 évaluations,"3,99 €",‏,,‏,‏,Non disponible,Romans et Littérature Française,https://www.amazon.fr/Analyse-%C3%A9tude-loeuvre-volontaire-entretenir/dp/2095047443/ref=sr_1_209,2025-09-03T19:13:39.853790
"Analyse et étude de l'oeuvre - Discours de la servitude volontaire, La Boétie -Réussir son BAC Français 1re 2026 - Parcours associé "" Défendre "" et "" entretenir "" la liberté - Une oeuvre, un parcours",Etienne de La Boétie,Prix non disponible,https://m.media-amazon.com/images/I/71UMeWIn8zL._SY425_.jpg,"Toutes les ressources de l'oeuvre d'Étienne de La Boétie, Discours de la servitude volontaire. Une oeuvre qui questionne les mécanismes de la domination.",Format Kindle,"5,0 sur 5 étoiles",4 évaluations,"5,50 €",‏,,‏,‏,Non disponible,Romans et Littérature Française,https://www.amazon.fr/Analyse-%C3%A9tude-loeuvre-volontaire-entretenir-ebook/dp/B0FGZ2781Z/ref=sr_1_209,2025-09-03T19:13:46.714816
Bel-Ami,Guy de Maupassant,Prix non disponible,https://m.media-amazon.com/images/I/71mn-AusnpL._SY522_.jpg,"Georges Duroy, dit Bel-Ami, est un jeune homme au physique avantageux. Le hasard d'une rencontre le met sur la voie de l'ascension sociale. Malgré sa vulgarité et son ignorance, cet arriviste parvient au sommet par l'intermédiaire de ses maîtresses et du journalisme. Cinq héroïnes vont tour à tour l'initier aux mystères du métier, aux secrets de la mondanité et lui assurer la réussite qu'il espère...",En stock,"4,6 sur 5 étoiles",1 985 évaluations,"2,99 €",‏,‏,‏,‏,Non disponible,Romans et Littérature Française,https://www.amazon.fr/Bel-Ami-Guy-Maupassant/dp/207040935X/ref=sr_1_210,2025-09-03T19:13:54.458397
Bel ami (Petits Classiques Larousse t. 81),Guy (de) Maupassant,Prix non disponible,https://m.media-amazon.com/images/I/81CfZkBVPgL._SY425_.jpg,"Animé par une volonté farouche de réussite, Georges Duroy, ce ""Bel-Ami"", chéri des femmes, ne recule devant rien et use de la séduction comme d'une arme. Journaliste, ""people"", avant la lettre, il fait et défait les hommes politiques en révélant leurs ""affaires"" véreuses ou leur vie privée. Pour Maupassant, l'occasion était trop belle d'utiliser les destin particulier de cet antihéros pour dénonce...",Format Kindle,"4,6 sur 5 étoiles",1 985 évaluations,"27,99 €",‏,,‏,‏,Non disponible,Romans et Littérature Française,https://www.amazon.fr/Bel-ami-Petits-Classiques-Larousse-ebook/dp/B005OJAB7Y/ref=sr_1_210,2025-09-03T19:14:01.724641
Bel-Ami,Guy de Maupassant,Prix non disponible,https://m.media-amazon.com/images/I/71izPUhgP0L._SY425_.jpg,"Animé par une volonté farouche de réussite, Georges Duroy, ce Bel-Ami chéri des femmes, ne recule devant rien et use de la séduction comme d'une arme. Journaliste ""people"" avant la lettre, il fait et défait les hommes politiques en révélant leurs ""affaires"" véreuses ou leur vie privée. Pour Maupassant, l'occasion était trop belle d'utiliser le destin particulier de cet antihéros pour dénoncer la c...",En stock,"4,6 sur 5 étoiles",1 985 évaluations,"2,99 €",‏,,‏,‏,Non disponible,Romans et Littérature Française,https://www.amazon.fr/Bel-Ami-Marcelle-Bilon/dp/2035839130/ref=sr_1_210,2025-09-03T19:14:11.210184
Bel-Ami (Collection Prestige du livre),Guy de Maupassant,"27,99€",https://m.media-amazon.com/images/I/417QsmXrB+L.jpg,Pas de description,Habituellement expédié sous 3 à 4 jours,"4,6 sur 5 étoiles",1 985 évaluations,"2,99 €",‏,‏,‏,‏,Non disponible,Romans et Littérature Française,https://www.amazon.fr/Bel-Ami-Collection-Prestige-du-livre/dp/2253014680/ref=sr_1_210,2025-09-03T19:14:18.419289
Bel ami,Guy De Maupassant,Prix non disponible,https://m.media-amazon.com/images/I/51h+I5Gp4WL._SY425_.jpg,"Ce roman connut un grand succès et fit scandale. Maupassant fut accusé de pessimisme outré. On lui a reproché d'avoir assombri les couleurs. Il répondit qu'il s'était borné à faire une satire d'un ""certain journalisme"" et de ""certains milieux"" politiques et mondains de Paris. Ce livre demeure une oeuvre marquante dans la production littéraire du temps par son brio irrésistible et son style alerte ...",Il ne reste plus que 1 exemplaire(s) en stock.,"4,6 sur 5 étoiles",1 985 évaluations,"2,99 €",Non disponible,‏,‏,‏,Non disponible,Romans et Littérature Française,https://www.amazon.fr/Bel-ami-Guy-Maupassant/dp/B000PC1JEE/ref=sr_1_210,2025-09-03T19:14:26.902666
Bel-ami.,Auteur inconnu,Prix non disponible,https://m.media-amazon.com/images/I/01PkLIhTX3L.gif,Pas de description,Il ne reste plus que 1 exemplaire(s) en stock.,"4,6 sur 5 étoiles",1 985 évaluations,"2,99 €",Non disponible,Non disponible,Non disponible,Non disponible,Non disponible,Romans et Littérature Française,https://www.amazon.fr/Bel-ami-Maupassant-Guy/dp/B0000DS6XW/ref=sr_1_210,2025-09-03T19:14:33.352405
BiblioLycée - Cahiers de Douai (Rimbaud) - BAC 2026: Parcours : Emancipations créatrices,Arthur Rimbaud,Prix non disponible,https://m.media-amazon.com/images/I/71Fm280AFQL._SY425_.jpg,Programme du BAC 2024 – Première générale et Premières technologiques,En stock,"4,7 sur 5 étoiles",131 évaluations,"1,99 €",‏,,‏,‏,Non disponible,Romans et Littérature Française,https://www.amazon.fr/BiblioLyc%C3%A9e-Cahiers-Douai-Rimbaud-2024/dp/201722006X/ref=sr_1_211,2025-09-03T19:14:41.403907
BiblioLycée - Cahiers de Douai (Rimbaud) - BAC 2026 : Parcours : Emancipations créatrices (Théâtre),Laurence Teper,Prix non disponible,https://m.media-amazon.com/images/I/71Fm280AFQL._SY425_.jpg,Programme du BAC 2024  – Première générale et Premières technologiques,[Print Replica] Format Kindle,"4,7 sur 5 étoiles",131 évaluations,"2,50 €",‏,,‏,Non disponible,Non disponible,Romans et Littérature Française,https://www.amazon.fr/BiblioLyc%C3%A9e-Cahiers-Douai-Rimbaud-Th%C3%A9%C3%A2tre-ebook/dp/B0C28RMSNL/ref=sr_1_211,2025-09-03T19:14:48.569251
"Opération Zelensky, une mission de l'agence Mozart, tome 1",Alain Bauer,"8,90€",https://m.media-amazon.com/images/I/61eOOsjM9vL._SY522_.jpg,Les premiers romans d'Alain Bauer !,En stock,"3,9 sur 5 étoiles",28 évaluations,Poche – 15 mai 2025,‏,‏,‏,,Non disponible,Romans et Littérature Française,https://www.amazon.fr/Op%C3%A9ration-Zelensky-mission-lagence-Mozart/dp/2412099049/ref=sr_1_212,2025-09-03T19:14:55.979522
"Opération Zelensky, une mission de l'agence Mozart",Alain Bauer,"0,00€",https://m.media-amazon.com/images/I/91ve-zSmyoL._SX342_.jpg,"Le premier roman d'Alain Bauer, dans les coulisses de la géopolitique mondiale.","Livres audio Audible 

                        – Version intégrale","3,9 sur 5 étoiles",28 évaluations,"8,90 €",Non disponible,,,en lire plus,Non disponible,Romans et Littérature Française,https://www.amazon.fr/Op%C3%A9ration-Zelensky-mission-lagence-Mozart/dp/B0F6YN277X/ref=sr_1_212,2025-09-03T19:15:02.976550
Le Barman du Ritz,Philippe Collin,Prix non disponible,https://m.media-amazon.com/images/I/718WNNJ1DpL._SY466_.jpg,Pas de description,Format Kindle,"4,5 sur 5 étoiles",5 457 évaluations,"21,90 €",‏,,‏,‏,Non disponible,Romans et Littérature Française,https://www.amazon.fr/Barman-du-Ritz-Philippe-Collin-ebook/dp/B0CWDV1P93/ref=sr_1_213,2025-09-03T19:15:11.120217
Le Barman du Ritz,Philippe Collin,"21,90€",https://m.media-amazon.com/images/I/71mgi1nPtbL._SY466_.jpg,Pas de description,En stock,"4,5 sur 5 étoiles",5 457 évaluations,"14,99 €",‏,,‏,,Non disponible,Romans et Littérature Française,https://www.amazon.fr/Barman-du-Ritz-Philippe-Collin/dp/2226479937/ref=sr_1_213,2025-09-03T19:15:19.348334
Le Barman du Ritz,Philippe Collin,"0,00€",https://m.media-amazon.com/images/I/81R1hzr+GwL._SX342_.jpg,"Juin 1940. Les Allemands entrent dans Paris. Partout, le couvre-feu est de rigueur, sauf au grand hôtel Ritz. Avides de découvrir l’art de vivre à la française, les occupants y côtoient l’élite parisienne, tandis que derrière le bar œuvre Frank Meier, le plus grand barman du monde. S’adapter est une question de survie. Frank Meier se révèle habile diplomate, gagne la sympathie des officiers allema...","Livres audio Audible 

                        – Version intégrale","4,5 sur 5 étoiles",5 457 évaluations,"14,99 €",Non disponible,,,Non disponible,Non disponible,Romans et Littérature Française,https://www.amazon.fr/Audible-Le-Barman-du-Ritz/dp/B0D4QZQF16/ref=sr_1_213,2025-09-03T19:15:27.128235
Le Barman du Ritz,Philippe Collin,Prix non disponible,https://m.media-amazon.com/images/I/01PkLIhTX3L.gif,Pas de description,Cet article paraîtra le 14 janvier 2026.,"4,5 sur 5 étoiles",5 457 évaluations,"14,99 €",‏,‏,‏,Non disponible,Non disponible,Romans et Littérature Française,https://www.amazon.fr/Barman-du-Ritz-Philippe-Collin/dp/2253251828/ref=sr_1_213,2025-09-03T19:15:34.123292
La Place,Annie Ernaux,Prix non disponible,https://m.media-amazon.com/images/I/618hfnXwv+L._SY425_.jpg,"Dossier pédagogique de Kim-Lan Appéré.   Annie Ernaux compose La Place après la disparition de son père. Au fil de ses souvenirs, elle retrace la vie de cet homme, ouvrier devenu cafetier, qui avait conquis sa « place » dans la société. Dans une écriture épurée et pudique, elle dévoile la douloureuse distance que ses études et son mariage ont installée entre elle et son père, et rend un vibrant ho...",En stock,"4,6 sur 5 étoiles",614 évaluations,"3,99 €",‏,‏,‏,‏,Non disponible,Romans et Littérature Française,https://www.amazon.fr/Place-Annie-Ernaux/dp/B093B9XV98/ref=sr_1_214,2025-09-03T19:15:42.591577
La Place,Annie Ernaux,Prix non disponible,https://m.media-amazon.com/images/I/61q+Sfxtp1L._SY425_.jpg,"Dossier pédagogique de Kim-Lan Appéré.   Annie Ernaux compose La Place après la disparition de son père. Au fil de ses souvenirs, elle retrace la vie de cet homme, ouvrier devenu cafetier, qui avait conquis sa « place » dans la société. Dans une écriture épurée et pudique, elle dévoile la douloureuse distance que ses études et son mariage ont installée entre elle et son père, et rend un vibrant ho...",Format Kindle,"4,6 sur 5 étoiles",614 évaluations,"5,40 €",‏,,‏,‏,Non disponible,Romans et Littérature Française,https://www.amazon.fr/Place-Annie-Ernaux-ebook/dp/B0CGVG2JMB/ref=sr_1_214,2025-09-03T19:15:49.794116
La place,Annie Ernaux,"6,50€",https://m.media-amazon.com/images/I/91OtGVV-ASL._SY522_.jpg,"Dans Folioplus classiques, le texte intégral, enrichi d'une lecture d'image, écho pictural de l'oeuvre, est suivi de sa mise en perspective organisée en six points : - Vie littéraire : Le social au miroir de la littérature - Genre et registre : L'autobiographie - L'écrivain à sa table de travail : Genèse et échos - Groupement de textes : La relation père-fille - Chronologie : Annie Ernaux et son t...",En stock,"4,6 sur 5 étoiles",614 évaluations,"3,99 €",‏,‏,‏,,Non disponible,Romans et Littérature Française,https://www.amazon.fr/place-Annie-Ernaux/dp/2070336875/ref=sr_1_214,2025-09-03T19:15:57.130855
La place,Annie Ernaux,Prix non disponible,https://m.media-amazon.com/images/I/81yLUeYW5wL._SY425_.jpg,Pas de description,Il ne reste plus que 1 exemplaire(s) en stock (d'autres exemplaires sont en cours d'acheminement).,"4,6 sur 5 étoiles",614 évaluations,"3,99 €",‏,‏,‏,Non disponible,Non disponible,Romans et Littérature Française,https://www.amazon.fr/place-Annie-Ernaux/dp/2072893151/ref=sr_1_214,2025-09-03T19:16:03.640769
Ce que le jour doit à la nuit,Yasmina Khadra,"9,00€",https://m.media-amazon.com/images/I/610uelGa1GL._SY522_.jpg,"Algérie, années 1930. Les champs de blés frissonnent. Dans trois jours, les moissons, le salut. Mais une triste nuit vient consumer l'espoir. Le feu. Les cendres. Pour la première fois, le jeune Younes voit pleurer son père. Confié à un oncle pharmacien, dans un village de l'Oranais, le jeune garçon s'intègre à la communauté pied-noire. Noue des amitiés indissolubles. Et le bonheur s'appelle Émili...",En stock,"4,5 sur 5 étoiles",2 656 évaluations,"9,99 €",‏,,‏,‏,Non disponible,Romans et Littérature Française,https://www.amazon.fr/Ce-que-jour-doit-nuit/dp/2266192418/ref=sr_1_215,2025-09-03T19:16:12.403723
Ce que le jour doit à la nuit,Yasmina Khadra,Prix non disponible,https://m.media-amazon.com/images/I/810lez0oh2L._SY522_.jpg,""" Mon oncle me disait : ""Si une femme t'aimait, et si tu avais la présence d'esprit de mesurer l'étendue de ce privilège, aucune divinité ne t'arriverait à la cheville.' Oran retenait son souffle en ce printemps 1962. La guerre engageait ses dernières folies. Je cherchais Émilie. J'avais peur pour elle. J'avais besoin d'elle. Je l'aimais et je revenais le lui prouver. Je me sentais en mesure de br...",Format Kindle,"4,5 sur 5 étoiles",2 656 évaluations,"23,50 €",‏,,‏,‏,Non disponible,Romans et Littérature Française,https://www.amazon.fr/Ce-que-jour-doit-nuit-ebook/dp/B00BFIBL9A/ref=sr_1_215,2025-09-03T19:16:21.132973
Ce que le jour doit à la nuit,Yasmina Khadra,"0,00€",https://m.media-amazon.com/images/I/51Ow-3YNAjL._SX342_.jpg,"""Mon oncle me disait : ""Si une femme t'aimait, et si tu avais la présence d'esprit de mesurer l'étendue de ce privilège, aucune divinité ne t'arriverait à la cheville."" Oran retenait son souffle en ce printemps 1962. La guerre engageait ses dernières folies. Je cherchais Emilie. J'avais peur pour elle. J'avais besoin d'elle. Je l'aimais et je revenais le lui prouver."" Alors que Younes n'a que neuf...","Livres audio Audible 

                        – Version intégrale","4,5 sur 5 étoiles",2 656 évaluations,"9,99 €",Non disponible,,,en lire plus,Non disponible,Romans et Littérature Française,https://www.amazon.fr/Ce-que-jour-doit-nuit/dp/B01CUXXHRM/ref=sr_1_215,2025-09-03T19:16:28.396746
Ce que le jour doit à la nuit,Yasmina Khadra,"23,50€",https://m.media-amazon.com/images/I/71jX1VYsjlL._SY522_.jpg,""" Mon oncle me disait : ""Si une femme t'aimait, et si tu avais la présence d'esprit de mesurer l'étendue de ce privilège, aucune divinité ne t'arriverait à la cheville.' Oran retenait son souffle en ce printemps 1962. La guerre engageait ses dernières folies. Je cherchais Émilie. J'avais peur pour elle. J'avais besoin d'elle. Je l'aimais et je revenais le lui prouver. Je me sentais en mesure de br...",Il ne reste plus que 12 exemplaire(s) en stock (d'autres exemplaires sont en cours d'acheminement).,"4,5 sur 5 étoiles",2 656 évaluations,"9,99 €",‏,‏,‏,‏,Non disponible,Romans et Littérature Française,https://www.amazon.fr/Ce-que-jour-doit-nuit/dp/2260017584/ref=sr_1_215,2025-09-03T19:16:36.369454
Ce que le jour doit à la nuit (op) - Audio livre 1CD MP3 - 655 Mo,Yasmina Khadra,"22,40€",https://m.media-amazon.com/images/I/71OfGIsFO1L._SY425_.jpg,"Alors que Younes a neuf ans, il est confié à son oncle, un pharmacien parfaitement intégré à la communauté pied-noir d?une petite ville de l?Oranais. Rebaptisé Jonas, il grandit parmi les jeunes colons dont il devient inséparable. La révolte algérienne sera, pour lui, fratricide. Yasmina Khadra éclaire d?un nouveau jour ce conflit de deux peuples amoureux d?un même pays.La voix d?André Pauwels tra...",Il ne reste plus que 2 exemplaire(s) en stock (d'autres exemplaires sont en cours d'acheminement).,"4,5 sur 5 étoiles",2 656 évaluations,"9,99 €",‏,‏,‏,,Non disponible,Romans et Littérature Française,https://www.amazon.fr/Ce-que-jour-doit-nuit/dp/2356410414/ref=sr_1_215,2025-09-03T19:16:43.680158
Ce que le jour doit à la nuit (op) - Audio livre 1CD MP3 - 655 Mo by Yasmina Khadra (2008-11-18),Auteur inconnu,"64,77€",https://m.media-amazon.com/images/I/51Th+tTXu7L._SY425_.jpg,Pas de description,Il ne reste plus que 1 exemplaire(s) en stock.,"4,5 sur 5 étoiles",2 656 évaluations,"9,99 €",Non disponible,Non disponible,Non disponible,,Non disponible,Romans et Littérature Française,https://www.amazon.fr/que-jour-doit-nuit-2008-11-18/dp/B01LP4KO50/ref=sr_1_215,2025-09-03T19:16:52.532819
L'orpheline d'Auschwitz,Anna Stuart,"22,00€",https://m.media-amazon.com/images/I/81KFWhYBIcL._SY466_.jpg,"En 1945, la guerre est terminée et Auschwitz est enfin libéré. À 16 ans, Tasha franchit les grilles du camp en route vers la liberté. Elle se retourne pour regarder une dernière fois ce lieu qui lui a volé son enfance en se demandant comment elle a pu survivre à cet enfer alors que tant d'autres n'y sont pas parvenus. Mais la joie d'être enfin libre est ternie par l'absence de sa mère. Quelques se...",En stock,"4,6 sur 5 étoiles",242 évaluations,"16,99 €",‏,,‏,‏,Non disponible,Romans et Littérature Française,https://www.amazon.fr/Lorpheline-dAuschwitz-Anna-Stuart/dp/2824628421/ref=sr_1_216,2025-09-03T19:17:00.654426
L'orpheline d'Auschwitz,Anna Stuart,Prix non disponible,https://m.media-amazon.com/images/I/81KFWhYBIcL._SY466_.jpg,"En 1945, la guerre est terminée et Auschwitz est enfin libéré. À 16 ans, Tasha franchit les grilles du camp en route vers la liberté. Elle se retourne pour regarder une dernière fois ce lieu qui lui a volé son enfance en se demandant comment elle a pu survivre à cet enfer alors que tant d'autres n'y sont pas parvenus. Mais la joie d'être enfin libre est ternie par l'absence de sa mère. Quelques se...",Format Kindle,"4,6 sur 5 étoiles",242 évaluations,"22,00 €",‏,,‏,‏,Non disponible,Romans et Littérature Française,https://www.amazon.fr/Lorpheline-dAuschwitz-Anna-Stuart-ebook/dp/B0DSLHK2ML/ref=sr_1_216,2025-09-03T19:17:07.442781
"L'orpheline d'Auschwitz: Women of War, Tome 3",Anna Stuart,"0,00€",https://m.media-amazon.com/images/I/91hk3yIPYQL._SX342_.jpg,"En 1945, la guerre est terminée et Auschwitz est enfin libéré. À 16 ans, Tasha franchit les grilles du camp en route vers la liberté. Elle se retourne pour regarder une dernière fois ce lieu qui lui a volé son enfance en se demandant comment elle a pu survivre à cet enfer alors que tant d'autres n'y sont pas parvenus. Mais la joie d'être enfin libre est ternie par l'absence de sa mère. Quelques se...","Livres audio Audible 

                        – Version intégrale","4,6 sur 5 étoiles",242 évaluations,"16,99 €",Non disponible,,,Non disponible,Non disponible,Romans et Littérature Française,https://www.amazon.fr/Lorpheline-dAuschwitz-Women-War-3/dp/B0DW8P2WZH/ref=sr_1_216,2025-09-03T19:17:16.133150
Ember Falls,Alicia Garnier,Prix non disponible,https://m.media-amazon.com/images/I/71DqQXFhspL._SY425_.jpg,"Dans la petite ville d'Ember Falls, July Murray a deux certitudes :",Format Kindle,"4,6 sur 5 étoiles",179 évaluations,"19,90 €",‏,,‏,‏,Non disponible,Romans et Littérature Française,https://www.amazon.fr/Ember-Falls-Alicia-Garnier-ebook/dp/B0F4HCP1GX/ref=sr_1_217,2025-09-03T19:17:23.569409
Ember Falls,Alicia Garnier,"19,90€",https://m.media-amazon.com/images/I/7117MvaUdkL._SY425_.jpg,Dans la petite ville d'Ember Falls,En stock,"4,6 sur 5 étoiles",179 évaluations,"9,99 €",‏,‏,‏,‏,Non disponible,Romans et Littérature Française,https://www.amazon.fr/Ember-Falls-Alicia-Garnier/dp/2226495142/ref=sr_1_217,2025-09-03T19:17:32.841247
Ember falls (French Edition),Alicia Garnier,"0,00€",https://m.media-amazon.com/images/I/81Px2Z1GG-L._SX342_.jpg,"Dans la petite ville d'Ember Falls, July Murray a deux certitudes : elle déteste Tate Grey depuis qu'il lui a volé son rêve et elle doit absolument remporter le concours de pâtisserie local pour sauver son salon de thé. Son seul obstacle ? Tate lui-même. À croire qu'il met autant d'énergie à être en travers de sa route qu'à être scandaleusement séduisant. Difficile d'imaginer qu'ils étaient insépa...","Livres audio Audible 

                        – Version intégrale","4,6 sur 5 étoiles",179 évaluations,"9,99 €",Non disponible,,,en lire plus,Non disponible,Romans et Littérature Française,https://www.amazon.fr/Audible-Ember-falls-French-Edition/dp/B0F639FGG6/ref=sr_1_217,2025-09-03T19:17:39.264480
La ferme des animaux,George Orwell,Prix non disponible,https://m.media-amazon.com/images/I/71uOnaio9fL._SY522_.jpg,"Un jour de juin eut lieu en Angleterre la révolte des animaux. Les cochons dirigent le nouveau régime. Boule-de-Neige et Napoléon, cochons en chef, affichent un règlement : ""Tout ce qui marche sur deux pieds est un ennemi. Tout ce qui marche sur quatre pattes, ou possède des ailes, est un ami. Nul animal ne portera de vêtements. Nul animal ne dormira dans un lit. Nul animal ne boira d'alcool. Nul ...",En stock,"4,6 sur 5 étoiles",739 évaluations,Poche – 2 janvier 2021,‏,‏,‏,‏,Non disponible,Romans et Littérature Française,https://www.amazon.fr/ferme-animaux-George-Orwell/dp/2072921414/ref=sr_1_218,2025-09-03T19:17:47.152648
Twisted Games - Version Française - Tome 02: Twisted Games,Ana Huang,Prix non disponible,https://m.media-amazon.com/images/I/71vSzpOesML._SY522_.jpg,Rhys Larsen est un garde du corps accompli :,En stock,"4,5 sur 5 étoiles",950 évaluations,"12,99 €",‏,,‏,‏,Non disponible,Romans et Littérature Française,https://www.amazon.fr/Twisted-Games-Version-Fran%C3%A7aise-02/dp/2755672331/ref=sr_1_219,2025-09-03T19:17:55.809149
Twisted Games - Tome 02 : Games,Ana Huang,Prix non disponible,https://m.media-amazon.com/images/I/71Qrbl1-o3L._SY466_.jpg,"Rhys Larsen est un garde du corps accompli : froid, efficace et veillant à ne jamais s’impliquer auprès de ses clients. Ou clientes. Mais il se rend vite compte que Bridget von Asheberg va lui donner du fil à retordre. C’est une princesse lumineuse, belle, qui devient un fruit défendu pour lui. Bridget sait quel est son devoir et son avenir depuis l’abdication de son frère : un mariage arrangé qui...",Format Kindle,"4,5 sur 5 étoiles",950 évaluations,"22,95 €",‏,,‏,‏,Non disponible,Romans et Littérature Française,https://www.amazon.fr/Twisted-Games-02-Ana-Huang-ebook/dp/B0CDQ8G5S5/ref=sr_1_219,2025-09-03T19:18:02.590757
Twisted Games: Twisted 2,Ana Huang,"0,00€",https://m.media-amazon.com/images/I/81ToBWlxk2L._SX342_.jpg,"​Rhys Larsen est un garde du corps accompli : froid, efficace et veillant à ne jamais s'impliquer auprès de ses clients. Ou clientes.","Livres audio Audible 

                        – Version intégrale","4,5 sur 5 étoiles",950 évaluations,"12,99 €",Non disponible,,,Non disponible,Non disponible,Romans et Littérature Française,https://www.amazon.fr/Audible-Twisted-Games-2/dp/B0CM6FVGRL/ref=sr_1_219,2025-09-03T19:18:10.898522
Twisted Game - Relié Jaspage: Série twisted Tome 2,Ana Huang,Prix non disponible,https://m.media-amazon.com/images/I/01PkLIhTX3L.gif,Pas de description,Cet article paraîtra le 5 novembre 2025.,Diapositive précédente des détails du produit,0 avis,"12,99 €",‏,‏,‏,‏,Non disponible,Romans et Littérature Française,https://www.amazon.fr/Twisted-Game-Reli%C3%A9-Jaspage-twisted/dp/B0FF41L6R4/ref=sr_1_219,2025-09-03T19:18:22.297236
La maison des mensonges,John Marrs,Prix non disponible,https://m.media-amazon.com/images/I/81S1pLmUMrL._SY522_.jpg,"La vie de Nina est réglée comme un métronome : le matin, elle va travailler à la bibliothèque et le soir elle retrouve sa mère Maggie, avec laquelle elle vit depuis toujours. Nina prépare le repas et les deux femmes dînent paisiblement. Un quotidien parfaitement banal. Mais un détail jette une ombre au tableau : le pied de Maggie est attaché à une lourde chaîne qui l'empêche d'atteindre la porte d...",En stock,"4,3 sur 5 étoiles",572 évaluations,"6,49 €",‏,‏,‏,‏,Non disponible,Romans et Littérature Française,https://www.amazon.fr/maison-mensonges-John-Marrs/dp/2824629045/ref=sr_1_220,2025-09-03T19:18:29.854175
Les fourberies de Scapin,Molière,Prix non disponible,https://m.media-amazon.com/images/I/41EzhcbopDL._SY425_.jpg,"Extrait : «GERONTE : Mais que diable allait-il faire à cette galère ? SCAPIN : Oh ! Que de paroles perdues ! Laissez là cette galère, et songez que le temps presse, et que vous courez risque de perdre votre fils. Hélas ! Mon pauvre maître, peut-être que je ne te verrai de ma vie, et qu'à l'heure que je parle, on t'emmène esclave en Alger. Mais le Ciel me sera témoin que j'ai fait pour toi tout ce ...",Il ne reste plus que 1 exemplaire(s) en stock.,"4,6 sur 5 étoiles",537 évaluations,"2,99 €",Non disponible,Non disponible,Non disponible,"ajouter à votre liste           ajouté à            impossible d'ajouter l'article à votre liste. merci d’essayer à nouveau.                   désolé, il y a eu un problème.   une erreur s'est produite lors de la récupération de vos listes d'envies. veuillez réessayer.           désolé, il y a eu un problème.   liste indisponible.",Non disponible,Romans et Littérature Française,https://www.amazon.fr/fourberies-Scapin-Moli%C3%A8re/dp/2266054902/ref=sr_1_221,2025-09-03T19:18:59.665777
L'Ami retrouvé: Refonte,Fred Uhlman,"6,20€",https://m.media-amazon.com/images/I/61iEQWSrcUL._SY425_.jpg,"Dossier pédagogique de C. de La Rochefoucauld. Allemagne, années 1930. Hans et Conrad sont amis. Le premier est le fils d'un médecin juif, le second est le membre d'une illustre famille allemande. La montée du nazisme va bouleverser le destin des adolescents. Groupements de textes : 1. Éloges de l'amitié 2. Dénoncer la guerre",En stock,"4,6 sur 5 étoiles",1 804 évaluations,"14,90 €",‏,‏,‏,‏,Non disponible,Romans et Littérature Française,https://www.amazon.fr/LAmi-retrouv%C3%A9-Fred-Uhlman/dp/2410004849/ref=sr_1_223,2025-09-03T19:19:23.431016
L'ami retrouvé,Fred Uhlman,"0,00€",https://m.media-amazon.com/images/I/91ShxODtsyL._SX342_.jpg,"""Il entra dans ma vie en février 1932 pour n'en jamais sortir [...]. Je puis me rappeler le jour et l'heure où, pour la première fois, mon regard se posa sur ce garçon qui allait devenir la source de mon plus grand bonheur et de mon plus grand désespoir.""","Livres audio Audible 

                        – Version intégrale","4,6 sur 5 étoiles",1 804 évaluations,"14,90 €",Non disponible,,,en lire plus,Non disponible,Romans et Littérature Française,https://www.amazon.fr/Lami-retrouv%C3%A9/dp/B092QY2F8R/ref=sr_1_223,2025-09-03T19:19:30.611278
L'ami retrouvé,Manuele Fior,"14,90€",https://m.media-amazon.com/images/I/91smpIhRvtL._SY425_.jpg,"Stuttgart, 1932. Tout sépare Hans, le fils du médecin juif et Conrad, le descendant d'une famille aristocratique au passé prestigieux. Pourtant une amitié naît bientôt, exceptionnelle, exigeante. Mais déjà, avec la montée du nazisme, grondent des rumeurs de haine... L'Ami retrouvé est un roman au succès jamais démenti de l'écrivain Fred Uhlman. Il paraît pour la première fois à Londres en 1971, av...",Il ne reste plus que 2 exemplaire(s) en stock (d'autres exemplaires sont en cours d'acheminement).,"4,6 sur 5 étoiles",1 804 évaluations,"6,00 €",‏,‏,‏,‏,Non disponible,Romans et Littérature Française,https://www.amazon.fr/Lami-retrouv%C3%A9-Fred-Uhlman/dp/2754833374/ref=sr_1_223,2025-09-03T19:19:38.008355
L'Ami Retrouve (Collection Folio (Gallimard)) by Uhlman (1983-05-22),Fred Uhlman,Prix non disponible,https://m.media-amazon.com/images/I/51aDaT5tmaL.jpg,Comme sur la distribution ses produits est rapide a être arrivé je bien conte,En stock,"4,6 sur 5 étoiles",1 804 évaluations,"14,90 €",Non disponible,‏,‏,en lire plus,Non disponible,Romans et Littérature Française,https://www.amazon.fr/Retrouve-Collection-Gallimard-Uhlman-1983-05-22/dp/B019TMGRBK/ref=sr_1_223,2025-09-03T19:19:46.751580
L'ami retrouvé,Fred Uhlman,"16,15€",https://m.media-amazon.com/images/I/81tGqLrN+sL._SY342_.jpg,Comme sur la distribution ses produits est rapide a être arrivé je bien conte,Habituellement expédié sous 4 à 5 jours,"4,6 sur 5 étoiles",1 804 évaluations,"14,90 €",‏,‏,‏,,Non disponible,Romans et Littérature Française,https://www.amazon.fr/Lami-retrouv%C3%A9-Fred-Uhlman/dp/2070773884/ref=sr_1_223,2025-09-03T19:19:56.004722
La Rose de minuit,Lucinda Riley,Prix non disponible,https://m.media-amazon.com/images/I/81rGtM8yQQL._SY522_.jpg,"Quand la célèbre actrice Rebecca Bradley passe les portes en fer forgé d’Astbury Hall, le domaine anglais qui sert de lieu de tournage à son prochain film, elle est subjuguée par cette propriété sortie d’une autre époque. Loin des paparazzis et du glamour d’Hollywood, elle éprouve immédiatement une curieuse sérénité. Mais le jour où elle découvre sa troublante ressemblance avec lady Violet, la gra...",Format Kindle,"4,7 sur 5 étoiles",3 049 évaluations,"23,90 €",‏,,‏,‏,Non disponible,Romans et Littérature Française,https://www.amazon.fr/Rose-minuit-Lucinda-Riley-ebook/dp/B0CKDRW6GF/ref=sr_1_224,2025-09-03T19:20:05.282734
La Rose de Minuit,Lucinda Riley,"10,90€",https://m.media-amazon.com/images/I/81Xgk5p3F7L._SY522_.jpg,"Quand la célèbre actrice Rebecca Bradley passe les portes en fer forgé d’Astbury Hall, le domaine anglais qui sert de lieu de tournage à son prochain film, elle est subjuguée par cette propriété sortie d’une autre époque. Loin des paparazzis et du glamour d’Hollywood, elle éprouve immédiatement une curieuse sérénité. Mais le jour où elle découvre sa troublante ressemblance avec lady Violet, la gra...",En stock,"4,7 sur 5 étoiles",3 049 évaluations,"7,99 €",‏,‏,‏,‏,Non disponible,Romans et Littérature Française,https://www.amazon.fr/Rose-Minuit-Lucinda-Riley/dp/2385292904/ref=sr_1_224,2025-09-03T19:20:14.125135
La Rose de minuit,Lucinda Riley,"0,00€",https://m.media-amazon.com/images/I/81VZxgoYYCL._SX342_.jpg,"L'un des derniers romans de Lucinda Riley, indisponible en France depuis 2020 !","Livres audio Audible 

                        – Version intégrale","4,7 sur 5 étoiles",3 049 évaluations,"7,99 €",Non disponible,,,Non disponible,Non disponible,Romans et Littérature Française,https://www.amazon.fr/Audible-La-Rose-de-minuit/dp/B0CPJMJT68/ref=sr_1_224,2025-09-03T19:20:22.370648
La rose de minuit,Lucinda Riley,"23,90€",https://m.media-amazon.com/images/I/61cWFSSIEVL._SY466_.jpg,"L'un des derniers romans de Lucinda Riley, indisponible en France depuis 2020 !",En stock,"4,7 sur 5 étoiles",3 049 évaluations,"7,99 €",‏,,‏,,Non disponible,Romans et Littérature Française,https://www.amazon.fr/rose-minuit-Lucinda-Riley/dp/2368129510/ref=sr_1_224,2025-09-03T19:20:30.708943
La Mariée portait des bottes jaunes,Katherine Pancol,Prix non disponible,https://m.media-amazon.com/images/I/61bKL0oiNpL._SY466_.jpg,"Quand leur mère les dépose devant la grille du Château de Berléac en leur promettant de revenir les chercher, India et Louis ne savent pas ce qui les attend. Ils vont devoir passer en un éclair de leur petite maison dans un lotissement à un château du XVIIIe siècle et apprendre les codes d’une grande famille bordelaise, fière de son vignoble et de ses ancêtres. Que de secrets, de trahisons, d’avid...",Format Kindle,"4,3 sur 5 étoiles",3 228 évaluations,"24,90 €",‏,lisez avec notre  appli gratuite,‏,‏,Non disponible,Romans et Littérature Française,https://www.amazon.fr/Mari%C3%A9e-portait-bottes-jaunes-ebook/dp/B0BXZZSF45/ref=sr_1_225,2025-09-03T19:20:57.267142
La Mariée portait des bottes jaunes,Katherine Pancol,"10,90€",https://m.media-amazon.com/images/I/61ZjYWGJxTL._SY522_.jpg,"Quand leur mère les dépose devant la grille du château de Berléac en leur promettant de revenir les chercher, India et Louis ne savent pas ce qui les attend. Ils vont devoir passer en un éclair de leur petite maison dans un lotissement à un château du XVIIIe siècle, et apprendre les codes d’une grande famille bordelaise, fière de son vignoble et de ses ancêtres. Que de secrets, de trahisons, d’avi...",En stock,"4,3 sur 5 étoiles",3 228 évaluations,"24,90 €",‏,‏,‏,‏,Non disponible,Romans et Littérature Française,https://www.amazon.fr/Mari%C3%A9e-portait-bottes-jaunes/dp/2253907774/ref=sr_1_225,2025-09-03T19:21:05.360533
La mariée portait des bottes jaunes,Katherine Pancol,"0,00€",https://m.media-amazon.com/images/I/71uJWV1E7vL._SX342_.jpg,"Quand leur mère les dépose devant la grille du château de Berléac en leur promettant de revenir les chercher, India et Louis ne savent pas ce qui les attend.","Livres audio Audible 

                        – Version intégrale","4,3 sur 5 étoiles",3 228 évaluations,"24,90 €",Non disponible,,,en lire plus,Non disponible,Romans et Littérature Française,https://www.amazon.fr/mari%C3%A9e-portait-bottes-jaunes/dp/B0C2Q83YLT/ref=sr_1_225,2025-09-03T19:21:13.599155
La Mariée portait des bottes jaunes,Katherine Pancol,"24,90€",https://m.media-amazon.com/images/I/61jQ0DdzcwL._SY466_.jpg,Quand leur mère les dépose devant la grille du,En stock,"4,3 sur 5 étoiles",3 228 évaluations,"10,90 €",‏,,‏,‏,Non disponible,Romans et Littérature Française,https://www.amazon.fr/Mari%C3%A9e-portait-bottes-jaunes/dp/2226475753/ref=sr_1_225,2025-09-03T19:21:21.938208
La mariée portait des bottes jaunes: Livre audio 2 CD MP3,Katherine Pancol,"28,90€",https://m.media-amazon.com/images/I/61bOGiggooL._SY425_.jpg,"Quand leur mère les dépose devant la grille du château de Berléac en leur promettant de revenir les chercher, India et Louis ne savent pas ce qui les attend.Ils vont devoir passer en un éclair de leur petite maison dans un lotissement à un château du XVIII",Il ne reste plus que 1 exemplaire(s) en stock (d'autres exemplaires sont en cours d'acheminement).,"4,3 sur 5 étoiles",3 228 évaluations,"24,90 €",‏,‏,‏,en lire plus,Non disponible,Romans et Littérature Française,https://www.amazon.fr/mari%C3%A9e-portait-bottes-jaunes-Livre/dp/B0BV1W631L/ref=sr_1_225,2025-09-03T19:21:30.412918
"Analyse et étude de l'oeuvre - Cahiers de Douai de Rimbaud- Réussir son BAC Français 1re 2026 - Parcours associé Émancipations créatrices - Une oeuvre, un parcours",Anne Cassou-Noguès,"5,50€",https://m.media-amazon.com/images/I/61yPQNhlD1L._SY425_.jpg,"Des analyses claires, concises et accessibles destinées aux élèves de 1re pour leur fournir l'essentiel sur l'œuvre et le parcours associé pour le Bac de français",En stock,"4,8 sur 5 étoiles",156 évaluations,"Broché – Grand livre, 6 juillet 2023",‏,,‏,‏,Non disponible,Romans et Littérature Française,https://www.amazon.fr/Analyse-%C3%A9tude-loeuvre-%C3%89mancipations-cr%C3%A9atrices/dp/2095020855/ref=sr_1_226,2025-09-03T19:21:39.557426
Tu comprendras quand tu seras plus grande,Virginie Grimaldi,"9,70€",https://m.media-amazon.com/images/I/714CmHorYiL._SY522_.jpg,"Quand Julia débarque comme psychologue à la maison de retraite Les Tamaris, elle ne croit plus guère au bonheur. Une fois sur place, elle se souvient aussi qu'elle ne déborde pas d'affection pour les personnes âgées. Dire qu'elle a tout plaqué pour se sauver, dans tous les sens du terme.Mais au fil des jours, la jeune femme découvre que les pensionnaires ont des choses à lui apprendre. Son quotidi...",En stock,"4,5 sur 5 étoiles",14 968 évaluations,"8,49 €",‏,,‏,,Non disponible,Romans et Littérature Française,https://www.amazon.fr/comprendras-quand-seras-plus-grande/dp/2253069841/ref=sr_1_227,2025-09-03T19:21:47.343217
Tu comprendras quand tu seras plus grande (Littérature Française),Virginie Grimaldi,Prix non disponible,https://m.media-amazon.com/images/I/81u+LTlzj8L._SY466_.jpg,"Quand Julia débarque comme psychologue à la maison de retraite Les Tamaris, elle ne croit pas plus au bonheur qu’à la petite souris. Pire, une fois sur place, elle se souvient qu’elle ne déborde pas d’affection pour les personnes âgées. Et dire qu’elle a tout plaqué pour se sauver, dans tous les sens du terme.Au fil des jours, Julia découvre que les pensionnaires ont bien des choses à lui apprendr...",Format Kindle,"4,5 sur 5 étoiles",14 968 évaluations,"20,90 €",‏,,‏,‏,Non disponible,Romans et Littérature Française,https://www.amazon.fr/comprendras-quand-grande-Litt%C3%A9rature-Fran%C3%A7aise-ebook/dp/B01E74LLAW/ref=sr_1_227,2025-09-03T19:21:56.207229
Tu comprendras quand tu seras plus grande,Virginie Grimaldi,"0,00€",https://m.media-amazon.com/images/I/714d1GO5u6L._SX342_.jpg,"Une ode aux petits bonheurs de la vie et un roman intergénérationnel plein d'humour et de finesse sur la vie et la mort, la beauté des êtres, l'amour et l'espoir. Un livre qui fait un bien fou...  Quand Julia débarque comme psychologue à la maison de retraite Les Tamaris, elle ne croit pas plus au bonheur qu'à la petite souris. Pire, une fois sur place, elle se souvient qu'elle ne déborde pas d'af...","Livres audio Audible 

                        – Version intégrale","4,5 sur 5 étoiles",14 968 évaluations,"8,49 €",Non disponible,,,Non disponible,Non disponible,Romans et Littérature Française,https://www.amazon.fr/comprendras-quand-seras-plus-grande/dp/B071NVMRZ5/ref=sr_1_227,2025-09-03T19:22:02.625728
Tu comprendras quand tu seras plus grande,Virginie Grimaldi,"20,90€",https://m.media-amazon.com/images/I/81tXWh14x3L._SY466_.jpg,"Quand Julia débarque comme psychologue à la maison de retraite Les Tamaris, elle ne croit pas plus au bonheur qu’à la petite souris. Pire, une fois sur place, elle se souvient qu’elle ne déborde pas d’affection pour les personnes âgées. Et dire qu’elle a tout plaqué pour se sauver, dans tous les sens du terme.Au fil des jours, Julia découvre que les pensionnaires ont bien des choses à lui apprendr...",Il ne reste plus que 7 exemplaire(s) en stock (d'autres exemplaires sont en cours d'acheminement).,"4,5 sur 5 étoiles",14 968 évaluations,"8,49 €",‏,‏,‏,‏,Non disponible,Romans et Littérature Française,https://www.amazon.fr/comprendras-quand-seras-plus-grande/dp/2213687447/ref=sr_1_227,2025-09-03T19:22:09.803450
Tu comprendras quand tu seras plus grande: Livre audio 1 CD MP3,Virginie Grimaldi,"23,90€",https://m.media-amazon.com/images/I/61D8UJPO4mL._SY425_.jpg,"Quand Julia débarque comme psychologue à la maison de retraite Les Tamaris, elle ne croit pas plus au bonheur qu’à la petite souris. Pire, une fois sur place, elle se souvient qu’elle ne déborde pas d’affection pour les personnes âgées. Et dire qu’elle a tout plaqué pour se sauver, dans tous les sens du terme. Au fil des jours, Julia découvre que les pensionnaires ont bien des choses à lui apprend...",Il ne reste plus que 2 exemplaire(s) en stock (d'autres exemplaires sont en cours d'acheminement).,"4,5 sur 5 étoiles",14 968 évaluations,"8,49 €",‏,‏,‏,‏,Non disponible,Romans et Littérature Française,https://www.amazon.fr/comprendras-quand-seras-plus-grande/dp/2367622825/ref=sr_1_227,2025-09-03T19:22:19.116874
L'Archipel du Goulag,Alexandre Soljenitsyne,Prix non disponible,https://m.media-amazon.com/images/I/81HH1HZCc-L._SY425_.jpg,Pas de description,En stock,"4,7 sur 5 étoiles",709 évaluations,"14,99 €",‏,,‏,‏,Non disponible,Romans et Littérature Française,https://www.amazon.fr/LArchipel-du-Goulag-Soljenitsyne-I/dp/2757885006/ref=sr_1_228,2025-09-03T19:22:27.976673
L'Archipel du Goulag - édition abrégée inédite : 1918-1956 Essai d'investigation littéraire (Littérature étrangère),Alexandre Soljénitsyne,Prix non disponible,https://m.media-amazon.com/images/I/71PmnxWnteL._SY466_.jpg,"Après la publication, en 1962, de son roman, Une journée d’Ivan Denissovitch, où il dépeignait la vie d’un prisonnier du Goulag, Alexandre Soljénitsyne reçut, venus de toute la Russie, des centaines de lettres de témoignages sur les camps soviétiques. À partir de ce matériau, il composa l’Archipel du Goulag qui, lors de sa parution en Occident en 1974, suscita une prise de conscience des réalités ...",Format Kindle,"4,7 sur 5 étoiles",709 évaluations,"91,94 €",‏,lisez avec notre  appli gratuite,‏,‏,Non disponible,Romans et Littérature Française,https://www.amazon.fr/LArchipel-Goulag-dinvestigation-litt%C3%A9raire-Litt%C3%A9rature-ebook/dp/B00KG4NG3S/ref=sr_1_228,2025-09-03T19:22:35.372698
L'archipel du goulag 1918-1956 essai d'investigation littéraire - Première et deuxième parties,Auteur inconnu,Prix non disponible,https://m.media-amazon.com/images/I/41vdSJ4-8QL._SY466_.jpg,Pas de description,Il ne reste plus que 2 exemplaire(s) en stock.,"4,7 sur 5 étoiles",709 évaluations,"14,99 €",Non disponible,Non disponible,Non disponible,"ajouter à votre liste           ajouté à            impossible d'ajouter l'article à votre liste. merci d’essayer à nouveau.                   désolé, il y a eu un problème.   une erreur s'est produite lors de la récupération de vos listes d'envies. veuillez réessayer.           désolé, il y a eu un problème.   liste indisponible.",Non disponible,Romans et Littérature Française,https://www.amazon.fr/Larchipel-goulag-1918-1956-dinvestigation-litt%C3%A9raire/dp/B0000DMSSC/ref=sr_1_228,2025-09-03T19:22:42.677852
La délicatesse,David Foenkinos,"8,50€",https://m.media-amazon.com/images/I/811fZUKZx+L._SY522_.jpg,"""François pensa : si elle commande un déca, je me lève et je m'en vais. C'est la boisson la moins conviviale qui soit. Un thé, ce n'est guère mieux. On sent qu'on va passer des dimanches après-midi à regarder la télévision. Ou pire : chez les beaux-parents. Finalement, il se dit qu'un jus ça serait bien. Oui, un jus, c'est sympathique. C'est convivial et pas trop agressif. On sent la fille douce e...",En stock,"4,3 sur 5 étoiles",3 237 évaluations,"8,49 €",‏,,‏,,Non disponible,Romans et Littérature Française,https://www.amazon.fr/d%C3%A9licatesse-David-Foenkinos/dp/2072767547/ref=sr_1_229,2025-09-03T19:22:52.201974
La délicatesse,David Foenkinos,Prix non disponible,https://m.media-amazon.com/images/I/811fZUKZx+L._SY522_.jpg,"""François pensa : si elle commande un déca, je me lève et je m’en vais. C’est la boisson la moins conviviale qui soit. Un thé, ce n’est guère mieux. On sent qu’on va passer des dimanches après-midi à regarder la télévision. Ou pire : chez les beaux-parents. Finalement, il se dit qu’un jus ça serait bien. Oui, un jus, c’est sympathique. C’est convivial et pas trop agressif. On sent la fille douce e...",Format Kindle,"4,3 sur 5 étoiles",3 237 évaluations,"17,00 €",‏,,‏,‏,Non disponible,Romans et Littérature Française,https://www.amazon.fr/d%C3%A9licatesse-David-Foenkinos-ebook/dp/B0068GXBKQ/ref=sr_1_229,2025-09-03T19:23:01.217344
La délicatesse,David Foenkinos,"0,00€",https://m.media-amazon.com/images/I/81Bl5efWIbL._SX342_.jpg,"""François pensa : si elle commande un déca, je me lève et je m'en vais. C'est la boisson la moins conviviale qui soit. Un thé, ce n'est guère mieux. On sent qu'on va passer des dimanches après-midi à regarder la télévision. Ou pire : chez les beaux-parents. Finalement, il se dit qu'un jus ça serait bien. Oui, un jus, c'est sympathique. C'est convivial et pas trop agressif. On sent la fille douce e...","Livres audio Audible 

                        – Version intégrale","4,3 sur 5 étoiles",3 237 évaluations,"8,49 €",Non disponible,,,en lire plus,Non disponible,Romans et Littérature Française,https://www.amazon.fr/La-d%C3%A9licatesse/dp/B01DJS5X56/ref=sr_1_229,2025-09-03T19:23:09.908293
La délicatesse,David Foenkinos,"17,00€",https://m.media-amazon.com/images/I/A1Q6v6aNXwL._SY425_.jpg,"Chaque soir, Markus rentrait chez lui à sept heures quinze. Il connaissait les horaires du RER par coeur et avait parfois l'impression d'être ami avec ces inconnus qu'il croisait chaque jour. Il n'était pas malheureux de ce quotidien huilé mais ce soir-là, il avait envie de crier, de raconter sa vie à tout le monde. Sa vie avec les lèvres de Nathalie sur les siennes. Il voulait être fou...",En stock,"4,3 sur 5 étoiles",3 237 évaluations,"8,49 €",‏,‏,‏,,Non disponible,Romans et Littérature Française,https://www.amazon.fr/d%C3%A9licatesse-David-Foenkinos/dp/2754814302/ref=sr_1_229,2025-09-03T19:23:18.010979
LA DELICATESSE,DAVID FOENKINOS,Prix non disponible,https://m.media-amazon.com/images/I/81SDH1xRH8L._SY522_.jpg,"""François pensa : si elle commande un déca, je me lève et je m'en vais. C'est la boisson la moins conviviale qui soit. Un thé, ce n'est guère mieux. On sent qu'on va passer des dimanches après-midi à regarder la télévision. Ou pire : chez les beaux-parents. Finalement, il se dit qu'un jus ça serait bien. Oui, un jus, c'est sympathique. C'est convivial et pas trop agressif. On sent la fille douce e...",Il ne reste plus que 3 exemplaire(s) en stock.,"4,3 sur 5 étoiles",3 237 évaluations,"8,49 €",‏,,‏,"ajouter à votre liste           ajouté à            impossible d'ajouter l'article à votre liste. merci d’essayer à nouveau.                   désolé, il y a eu un problème.   une erreur s'est produite lors de la récupération de vos listes d'envies. veuillez réessayer.           désolé, il y a eu un problème.   liste indisponible.",Non disponible,Romans et Littérature Française,https://www.amazon.fr/DELICATESSE-DAVID-FOENKINOS/dp/2070459314/ref=sr_1_229,2025-09-03T19:23:25.491901
La délicatesse,David Foenkinos,"20,00€",https://m.media-amazon.com/images/I/61fNCrQ-eAL._SY466_.jpg,"Il passait par là, elle l'avait embrassé sans réfléchir. Maintenant, elle se demande si elle a bien fait. C'est l'histoire d'une femme qui va être surprise par un homme. Réellement surprise.",En stock,"4,3 sur 5 étoiles",3 237 évaluations,"8,49 €",‏,‏,‏,‏,Non disponible,Romans et Littérature Française,https://www.amazon.fr/d%C3%A9licatesse-David-Foenkinos/dp/2070126412/ref=sr_1_229,2025-09-03T19:23:33.888387
La délicatesse,David Foenkinos,"15,00€",https://m.media-amazon.com/images/I/81su-9fr9sL._SY342_.jpg,Pas de description,Il ne reste plus que 1 exemplaire(s) en stock.,"4,3 sur 5 étoiles",3 237 évaluations,"8,49 €",‏,‏,‏,,Non disponible,Romans et Littérature Française,https://www.amazon.fr/d%C3%A9licatesse-David-Foenkinos/dp/2070140075/ref=sr_1_229,2025-09-03T19:23:41.819721
Soufi mon amour,Elif Shafak,"9,00€",https://m.media-amazon.com/images/I/71jH4O0GJWL._SY522_.jpg,"Après quarante ans d'une vie confortable, sans éclat ni passion, Ella n'imaginait pas un jour changer sa destinée. Engagée comme lectrice, elle découvre un manuscrit retraçant la rencontre au XIIIe siècle du poète Rûmi avec le plus célèbre derviche du monde musulman. C'est la révélation. Transcendée par cette histoire, elle s'initie au soufisme et à la splendeur de l'amour... "" Avec",Il ne reste plus que 2 exemplaire(s) en stock.,"4,8 sur 5 étoiles",1 265 évaluations,Poche – 18 août 2011,‏,‏,‏,,Non disponible,Romans et Littérature Française,https://www.amazon.fr/Soufi-mon-amour-Elif-SHAFAK/dp/2264054069/ref=sr_1_230,2025-09-03T19:23:50.456686
"Le Sang des Justes (Albane, Tome 3)",Marie-Bernadette Dupuy,"10,40€",https://m.media-amazon.com/images/I/719ODaP7HAL._SY522_.jpg,"Décembre 1942. La France est désormais totalement occupée. Pour Albane, Noël s’annonce sous le signe des restrictions, sans la présence rassurante de Raphaël, membre actif d’un réseau de résistance. Si elle cède à une joie timide lorsqu’il lui annonce son retour, des incidents troublants se succèdent au château, faisant peser une mystérieuse menace sur la jeune femme, sa famille et ses amis. Révol...",En stock,"4,6 sur 5 étoiles",688 évaluations,"8,99 €",‏,‏,‏,‏,Non disponible,Romans et Littérature Française,https://www.amazon.fr/Sang-Justes-Albane-3/dp/2253251941/ref=sr_1_231,2025-09-03T19:23:58.818792
"Albane, T3 - Le Sang des justes - partie 1",Marie-Bernadette Dupuy,Prix non disponible,https://m.media-amazon.com/images/I/810iRR1eVOL._SY466_.jpg,L’auteure aux cinq millions de lectrices,Format Kindle,"4,6 sur 5 étoiles",688 évaluations,"23,90 €",‏,,‏,Non disponible,Non disponible,Romans et Littérature Française,https://www.amazon.fr/Albane-T3-Sang-justes-partie-ebook/dp/B0DGTR8F98/ref=sr_1_231,2025-09-03T19:24:06.478305
"Le Sang des Justes: Albane, tome 3",Marie-Bernadette Dupuy,"0,00€",https://m.media-amazon.com/images/I/81tKQIc+-NL._SX342_.jpg,"Décembre 1942. La France est désormais totalement occupée. Pour Albane, Noël s’annonce sous le signe des restrictions, sans la présence rassurante de Raphaël, membre actif d’un réseau de résistance. Si elle cède à une joie timide lorsqu’il lui annonce son retour, des incidents troublants se succèdent au château, faisant peser une mystérieuse menace sur la jeune femme, sa famille et ses amis.Révolt...","Livres audio Audible 

                        – Version intégrale","4,6 sur 5 étoiles",688 évaluations,"8,99 €",Non disponible,,,Non disponible,Non disponible,Romans et Littérature Française,https://www.amazon.fr/Sang-Justes-Albane-3/dp/B0DTB18QBR/ref=sr_1_231,2025-09-03T19:24:14.716053
"Albane, T3 - Le Sang des justes",Marie-Bernadette Dupuy,"23,90€",https://m.media-amazon.com/images/I/81iEzhtZHVL._SY466_.jpg,L’AUTEURE AUX 5 MILLIONS DE LECTRICES,En stock,"4,6 sur 5 étoiles",688 évaluations,"8,99 €",‏,,‏,,Non disponible,Romans et Littérature Française,https://www.amazon.fr/Albane-T3-justes-Marie-Bernadette-Dupuy/dp/2702182364/ref=sr_1_231,2025-09-03T19:24:23.500553
"Lettres d'une Péruvienne - BAC Français 1re 2026 - Parcours : "" un nouvel univers s'est offert à mes yeux "" - voies générale et technologique - édition intégrale prescrite 100% conforme",Françoise de Graffigny,Prix non disponible,https://m.media-amazon.com/images/I/6194UvGvClL._SY425_.jpg,"Ce roman épistolaire, au BAC de Français 1re, évoque des thèmes porteurs pour les élèves.",En stock,"5,0 sur 5 étoiles",1 évaluation,"2,99 €",‏,,‏,‏,Non disponible,Romans et Littérature Française,https://www.amazon.fr/Lettres-dune-P%C3%A9ruvienne-technologique-int%C3%A9grale/dp/2095047605/ref=sr_1_232,2025-09-03T19:24:30.472594
"Lettres d'une Péruvienne - BAC Français 1re 2026 - Parcours : "" un nouvel univers s'est offert à mes yeux "" - voies générale et technologique - édition intégrale prescrite",Françoise de Graffigny,Prix non disponible,https://m.media-amazon.com/images/I/81yjoglm+eL._SY425_.jpg,"Ce roman épistolaire, au BAC de Français 1re, évoque des thèmes porteurs pour les élèves. Le programme indique qu'il faut utiliser la deuxième édition de 1752. Elle est la seule à comporter l'introduction historique et les lettres XXVIII à XXXIV. L'édition de 1747 (version initiale, inachevée) ne présente pas ces ajouts",Format Kindle,"5,0 sur 5 étoiles",1 évaluation,"3,70 €",‏,,‏,‏,Non disponible,Romans et Littérature Française,https://www.amazon.fr/Lettres-dune-P%C3%A9ruvienne-technologique-int%C3%A9grale-ebook/dp/B0FGQSVTRJ/ref=sr_1_232,2025-09-03T19:24:36.446760
"Rappelle-toi – Le nouveau roman policier d'Harlan Coben - un thriller haletant mêlant suspense et enquête autour d'une mystérieuse disparition, où secrets et meurtres s'entrelacent.",Harlan Coben,Prix non disponible,https://m.media-amazon.com/images/I/61rvHuyeylL._SY522_.jpg,"Un décès suspect il y a vingt ans, un passé qui pose questions et une mémoire qui joue des tours.",Cet article paraîtra le 25 septembre 2025.,Diapositive précédente des détails du produit,0 avis,"15,99 €",‏,,‏,‏,Non disponible,Romans et Littérature Française,https://www.amazon.fr/Rappelle-toi-policier-myst%C3%A9rieuse-disparition-sentrelacent/dp/2714499589/ref=sr_1_233,2025-09-03T19:24:43.859608
"Rappelle-toi – Le nouveau roman policier d'Harlan Coben - un thriller haletant mêlant suspense et enquête autour d'une mystérieuse disparition, où secrets et meurtres s'entrelacent. (Belfond noir)",Harlan Coben,Prix non disponible,https://m.media-amazon.com/images/I/81bmAR+G6-L._SY522_.jpg,"Un décès suspect il y a vingt ans, un passé qui pose questions et une mémoire qui joue des tours.Et si le présent apportait enfin des réponses ?  Plongez dans le nouveau roman policier d'Harlan Coben, un thriller captivant qui nous plonge dans une intrigue mystérieuse, où Sami Kierce, vit dans l'ombre d'un passé tragique alors qu'il croise la jeune femme qu'il pensait avoir laissée pour morte 20 a...",Format Kindle,Diapositive précédente des détails du produit,0 avis,"23,00 €",‏,lisez avec notre  appli gratuite,‏,‏,Non disponible,Romans et Littérature Française,https://www.amazon.fr/Rappelle-toi-policier-myst%C3%A9rieuse-disparition-sentrelacent-ebook/dp/B0F5DX65BY/ref=sr_1_233,2025-09-03T19:24:49.885815
Rappelle-toi,Harlan Coben,"0,00€",https://m.media-amazon.com/images/I/81MNjmeB54L._SX342_.jpg,"Un décès suspect il y a vingt ans, un passé qui pose questions et une mémoire qui joue des tours.  Harlan Coben, l'un des auteurs les plus adaptés en séries, fait son grand retour avec un thriller captivant où suspense et enquête s'entrelacent autour d'une mystérieuse disparition.",Précommander,Diapositive précédente des détails du produit,0 avis,"15,99 €",Non disponible,,,Non disponible,Non disponible,Romans et Littérature Française,https://www.amazon.fr/Audible-Rappelle-toi/dp/B0F6YB6TB9/ref=sr_1_233,2025-09-03T19:24:57.549820
Rappelle-toi,Harlan Coben,Prix non disponible,https://m.media-amazon.com/images/I/61I4drCnUtL._SY385_.jpg,"Un décès suspect il y a vingt ans, un passé qui pose questions et une mémoire qui joue des tours.",Cet article paraîtra le 13 novembre 2025.,Diapositive précédente des détails du produit,0 avis,"15,99 €",‏,‏,‏,Non disponible,Non disponible,Romans et Littérature Française,https://www.amazon.fr/Rappelle-toi-Harlan-Coben/dp/B0FC1YBQGM/ref=sr_1_233,2025-09-03T19:25:04.543870
H,Bernard Minier,Prix non disponible,https://m.media-amazon.com/images/I/81xKazaBzHL._SY466_.jpg,Pas de description,Format Kindle,"4,4 sur 5 étoiles",1 917 évaluations,"22,90 €",‏,,‏,‏,Non disponible,Romans et Littérature Française,https://www.amazon.fr/H-Bernard-Minier-ebook/dp/B0DTYXDD74/ref=sr_1_234,2025-09-03T19:25:12.851610
H,Bernard Minier,"0,00€",https://m.media-amazon.com/images/I/81QL+cC+SgL._SX342_.jpg,Pas de description,"Livres audio Audible 

                        – Version intégrale","4,4 sur 5 étoiles",1 917 évaluations,"15,99 €",Non disponible,,,en lire plus,Non disponible,Romans et Littérature Française,https://www.amazon.fr/Audible-H/dp/B0DW936SMC/ref=sr_1_234,2025-09-03T19:25:20.139625
H: Le nouveau thriller événement de Bernard Minier,Bernard Minier,"22,90€",https://m.media-amazon.com/images/I/61ulSjQ2gZL._SY466_.jpg,Pas de description,En stock,"4,4 sur 5 étoiles",1 917 évaluations,"15,99 €",‏,‏,‏,,Non disponible,Romans et Littérature Française,https://www.amazon.fr/nouveau-thriller-%C3%A9v%C3%A9nement-Bernard-Minier/dp/2374486869/ref=sr_1_234,2025-09-03T19:25:27.665932
H,Bernard Minier,Prix non disponible,https://m.media-amazon.com/images/I/61FaH8io5EL._SY385_.jpg,Pas de description,Il ne reste plus que 4 exemplaire(s) en stock (d'autres exemplaires sont en cours d'acheminement).,"4,4 sur 5 étoiles",1 917 évaluations,"15,99 €",‏,‏,‏,en lire plus,Non disponible,Romans et Littérature Française,https://www.amazon.fr/H-Bernard-Minier/dp/B0DXTMKWWV/ref=sr_1_234,2025-09-03T19:25:35.863554
Thérèse Raquin,Émile Zola,Prix non disponible,https://m.media-amazon.com/images/I/61XDyurX3GL._SY425_.jpg,"Dossier pédagogique d'Emmanuelle Würtz. Histoire d'amour, de meurtre et de mort, ce récit sulfureux met en évidence les principes du naturalisme qu'Émile Zola développera ensuite dans la fresque des Rougon-Macquart. Dans le volume, une étude sur l'adaptation cinématographique de Marcel Carné.   Groupements de textes : 1. Passions destructrices 2. Paris dans les romans du XIXe siècle",En stock,"4,6 sur 5 étoiles",136 évaluations,"2,99 €",‏,‏,‏,‏,Non disponible,Romans et Littérature Française,https://www.amazon.fr/Th%C3%A9r%C3%A8se-Raquin-d%C3%89mile-Zola-%C3%89mile/dp/B0C3ZG9L6J/ref=sr_1_235,2025-09-03T19:25:44.128218
Thérèse Raquin d'Émile Zola,Emmanuelle Wurtz,Prix non disponible,https://m.media-amazon.com/images/I/61t9gsy1eDL._SY425_.jpg,"Dossier pédagogique d'Emmanuelle Würtz. Histoire d’amour, de meurtre et de mort, ce récit sulfureux met en évidence les principes du naturalisme qu’Émile Zola développera ensuite dans la fresque des Rougon-Macquart. Dans le volume, une étude sur l’adaptation cinématographique de Marcel Carné.   Groupements de textes : 1. Passions destructrices 2. Paris dans les romans du XIXe siècle",Format Kindle,"4,6 sur 5 étoiles",136 évaluations,"3,60 €",‏,,‏,‏,Non disponible,Romans et Littérature Française,https://www.amazon.fr/Th%C3%A9r%C3%A8se-Raquin-d%C3%89mile-Emmanuelle-Wurtz-ebook/dp/B0D9VXC69Z/ref=sr_1_235,2025-09-03T19:25:50.365044
La Petite Bonne,Bérénice Pichat,Prix non disponible,https://m.media-amazon.com/images/I/81EkJ1mFavL._SY466_.jpg,"Domestique au service des bourgeois, elle est travailleuse, courageuse, dévouée. Mais ce week-end-là, elle redoute de se rendre chez les Daniel. Exceptionnellement, Madame a accepté d'aller prendre l'air à la campagne. Alors la petite bonne devra rester seule avec Monsieur, un ancien pianiste accablé d'amertume, gueule cassée de la bataille de la Somme. Il faudra cohabiter, le laver, le nourrir. M...",Format Kindle,"4,4 sur 5 étoiles",469 évaluations,"21,10 €",‏,,‏,‏,Non disponible,Romans et Littérature Française,https://www.amazon.fr/Petite-Bonne-B%C3%A9r%C3%A9nice-Pichat-ebook/dp/B0D2LWVTCR/ref=sr_1_236,2025-09-03T19:25:57.881747
La Petite Bonne - Prix des libraires 2025,Bérénice Pichat,"21,10€",https://m.media-amazon.com/images/I/81SJ2mZofRL._SY466_.jpg,Finaliste Prix du roman FNACSelection Prix Wepler - Fondation La Poste,En stock,"4,4 sur 5 étoiles",469 évaluations,"14,99 €",‏,,‏,‏,Non disponible,Romans et Littérature Française,https://www.amazon.fr/Petite-Bonne-B%C3%A9r%C3%A9nice-Pichat/dp/2383110299/ref=sr_1_236,2025-09-03T19:26:05.800305
La Petite Bonne,Bérénice Pichat,"0,00€",https://m.media-amazon.com/images/I/91qxKchqbnL._SX342_.jpg,"Dans la France de l'après-Grande Guerre, un huis clos magnétique entre une jeune domestique et son maître.","Livres audio Audible 

                        – Version intégrale","4,4 sur 5 étoiles",469 évaluations,"14,99 €",Non disponible,,,Non disponible,Non disponible,Romans et Littérature Française,https://www.amazon.fr/Audible-La-Petite-Bonne/dp/B0DB1XVFXH/ref=sr_1_236,2025-09-03T19:26:12.615709
Le Joueur d'échecs,Stefan Zweig,Prix non disponible,https://m.media-amazon.com/images/I/716RajLiAiL._SY522_.jpg,"Qui est cet inconnu capable d'en remontrer au grand Czentovic, le champion mondial des échecs, véritable prodige aussi fruste qu'antipathique ? Peut-on croire, comme il l'affirme, qu'il n'a pas joué depuis plus de vingt ans ? Voilà un mystère que les passagers oisifs de ce paquebot de luxe aimeraient bien percer.Le narrateur y parviendra. Les circonstances dans lesquelles l'inconnu a acquis cette ...",En stock,"4,5 sur 5 étoiles",3 085 évaluations,"2,99 €",‏,‏,‏,‏,Non disponible,Romans et Littérature Française,https://www.amazon.fr/Joueur-d%C3%A9checs-Stefan-Zweig/dp/2253174076/ref=sr_1_237,2025-09-03T19:26:22.233803
Le Joueur d'échecs (nouvelle traduction) (Littérature t. 7309),Stefan Zweig,Prix non disponible,https://m.media-amazon.com/images/I/71k7Df09+JL._SY522_.jpg,"Edition enrichie (préface, notes, biographie de l'écrivain, bibliographie)",Format Kindle,"4,5 sur 5 étoiles",3 085 évaluations,"9,08 €",‏,,‏,‏,Non disponible,Romans et Littérature Française,https://www.amazon.fr/Joueur-d%C3%A9checs-nouvelle-traduction-Litt%C3%A9rature-ebook/dp/B00AZNGO16/ref=sr_1_237,2025-09-03T19:26:28.686797
Le joueur d'échecs,Stefan Zweig,"0,00€",https://m.media-amazon.com/images/I/81+W+0OCOWL._SX342_.jpg,"Œuvre la plus connue de Stefan Zweig, cette nouvelle relate une partie d'échecs durant laquelle un inconnu oppose une résistance inattendue à l'un des grands champions de la discipline. Mais qui est cet homme dont on apprendra plus tard qu'il fut prisonnier du régime nazi ? Comment fait-il pour jouer si bien aux échecs ? Quel est son secret ?","Livres audio Audible 

                        – Version intégrale","4,5 sur 5 étoiles",3 085 évaluations,"2,99 €",Non disponible,,,en lire plus,Non disponible,Romans et Littérature Française,https://www.amazon.fr/Le-joueur-d%C3%A9checs/dp/B07Z83WYZR/ref=sr_1_237,2025-09-03T19:26:36.216752
Le Joueur d'échecs: Quizbook,Stefan Zweig,Prix non disponible,https://m.media-amazon.com/images/I/61LqQsu7mVL._SY425_.jpg,"Le Joueur d’échecs est un roman court de Stefan Zweig, publié à titre posthume en 1943. C'est la dernière œuvre de Stefan Zweig, qu'il a écrite au Brésil pendant les derniers mois de sa vie. C’est aussi son roman le plus connu et le plus lu, 80 ans après sa mort. Le format quizbook de 253 questions/réponses vous fera découvrir ou redécouvrir de façon ludique, seul ou entre amis, cette œuvre majeur...",En stock,"4,5 sur 5 étoiles",3 085 évaluations,"2,99 €",‏,‏,‏,‏,Non disponible,Romans et Littérature Française,https://www.amazon.fr/Joueur-d%C3%A9checs-Quizbook-Stefan-Zweig/dp/B0CQZ1Z54L/ref=sr_1_237,2025-09-03T19:26:43.288344
Si c'est un homme,Primo Levi,"7,40€",https://m.media-amazon.com/images/I/71qkSno8gOL._SY522_.jpg,Ce témoignage est l'un des premiers sur les camps d'extermination nazis.,En stock,"4,7 sur 5 étoiles",2 396 évaluations,"15,24 €",‏,‏,‏,‏,Non disponible,Romans et Littérature Française,https://www.amazon.fr/Si-cest-homme-Primo-Levi/dp/2266022504/ref=sr_1_238,2025-09-03T19:26:48.693054
Si c'est un homme suivi d'un entretien inédit avec Raphaël Enthoven,Primo Levi,"0,00€",https://m.media-amazon.com/images/I/A1kV3ytK1QL._SX342_.jpg,"Durant la Seconde Guerre mondiale, Primo Levi, vingt-quatre ans, juif, lutte aux côtés des maquisards antifascistes du Piémont. Capturé en 1943, il se retrouve peu après à Auschwitz, où il demeurera plus d'un an avant d'être libéré par l'armée russe en janvier 1945.  Au camp, il observe tout. Il se souviendra de tout, racontera tout : la promiscuité des blocks-dortoirs, les camarades qu'on y décou...","Livres audio Audible 

                        – Version intégrale","4,7 sur 5 étoiles",2 396 évaluations,"15,24 €",Non disponible,,,Non disponible,Non disponible,Romans et Littérature Française,https://www.amazon.fr/homme-entretien-in%C3%A9dit-Rapha%C3%ABl-Enthoven/dp/B01CUYMVDM/ref=sr_1_238,2025-09-03T19:26:58.334837
Si c'est un homme,Primo Levi,"15,24€",https://m.media-amazon.com/images/I/41NNLsftx+L._SY385_.jpg,Pas de description,Temporairement en rupture de stock.,"4,7 sur 5 étoiles",2 396 évaluations,"7,40 €",‏,‏,‏,Non disponible,Non disponible,Romans et Littérature Française,https://www.amazon.fr/Si-cest-homme-Primo-Levi/dp/2260007686/ref=sr_1_238,2025-09-03T19:27:05.550772
Si c'est un homme: Livre audio 1 CD MP3 - Entretien inédit avec Raphaël Enthoven,Primo Levi,"24,00€",https://m.media-amazon.com/images/I/91MG87EFEeL._SY425_.jpg,"Durant la Seconde Guerre mondiale, Primo Levi, vingt-quatre ans, juif, lutte auxcôtés des maquisards antifascistes du Piémont. Capturé en 1943, il se retrouvepeu après à Auschwitz, où il demeurera plus d’un an avant d’être libéré par l’arméerusse en janvier 1945.Au camp, il observe tout. Il se souviendra de tout, racontera tout : la promiscuitédes blocks-dortoirs, les camarades qu’on y découvre à ...",Il ne reste plus que 2 exemplaire(s) en stock (d'autres exemplaires sont en cours d'acheminement).,"4,7 sur 5 étoiles",2 396 évaluations,"15,24 €",‏,‏,‏,‏,Non disponible,Romans et Littérature Française,https://www.amazon.fr/Si-cest-homme-Entretien-Enthoven/dp/2367620326/ref=sr_1_238,2025-09-03T19:27:13.424714
Falastin: The Hope of Tomorrow,Mr Ahmed Miqdad,Prix non disponible,https://m.media-amazon.com/images/I/41hC7Ejwh4L._SY466_.jpg,"Palestinian author Ahmed Miqdad and co-Author Balqis MZ, delivers his fourth book (a short novel) about living under occupation in Gaza, Palestine. Falastin is the story of two lovers and different stages of their lives such as birth, invasion, massacres, separation, marriage, smuggling sperm from the prison to their ultimate death",En stock,"5,0 sur 5 étoiles",1 évaluation,Broché – 10 janvier 2018,‏,‏,‏,‏,Non disponible,Romans et Littérature Française,https://www.amazon.fr/Falastin-Tomorrow-Mr-Ahmed-Miqdad/dp/1983749095/ref=sr_1_239,2025-09-03T19:27:21.147224
"Leonid Petrov, prince des enfers",Nanou Ad,Prix non disponible,https://m.media-amazon.com/images/I/81fQBH9eKRL._SY466_.jpg,"Depuis l'enfance, Anna Miller subit la tyrannie de son père. Cet homme sans foi ni loi rêve d'intégrer le cercle très fermé des grands mafieux américains et n'hésite pas à utiliser sa fille pour parvenir à ses fins. Seule sa passion pour la danse permet à Anna de survivre.Lorsque son père l'envoie à Moscou voler des documents secrets, Anna sait que cette mission sera plus périlleuse que jamais. Ma...",Format Kindle,"4,7 sur 5 étoiles",506 évaluations,"20,90 €",‏,,‏,‏,Non disponible,Romans et Littérature Française,https://www.amazon.fr/Leonid-Petrov-prince-enfers-Nanou-ebook/dp/B0DQY6KKK2/ref=sr_1_240,2025-09-03T19:27:29.385025
"Leonid Petrov, prince des enfers",Nanou Ad,Prix non disponible,https://m.media-amazon.com/images/I/81NU0q5uUjL._SY385_.jpg,"Depuis l'enfance, Anna Miller subit la tyrannie de son père. Cet homme sans foi ni loi rêve d'intégrer le cercle très fermé des grands mafieux américains et n'hésite pas à utiliser sa fille pour parvenir à ses fins. Seule sa passion pour la danse permet à Anna de survivre.Lorsque son père l'envoie à Moscou voler des documents secrets, Anna sait que cette mission sera plus périlleuse que jamais. Ma...",En stock,"4,7 sur 5 étoiles",506 évaluations,"9,99 €",‏,‏,‏,‏,Non disponible,Romans et Littérature Française,https://www.amazon.fr/Leonid-Petrov-prince-enfers-Nanou/dp/2824628162/ref=sr_1_240,2025-09-03T19:27:37.303167
"Les morts ont la parole: Philippe Boxho, médecin légiste, fait parler les cadavres. Âmes sensibles s abstenir !",Philippe Boxho,"19,90€",https://m.media-amazon.com/images/I/71xP2lzMlyL._SY466_.jpg,"La couverture de l'article peut varierMédecin légiste depuis plus de trente ans, le docteur Philippe Boxho nous fait découvrir dans cet ouvrage son quotidien fait de morts qui ne le sont pas toujours ou pas encore, de disparitions de cadavres, de dissimulations de meurtres, de suicides étonnants. De la scène de crime à la salle d'autopsie, entre pratique médicale et enquête policière, l'expert méd...",En stock,"4,6 sur 5 étoiles",3 472 évaluations,"8,49 €",‏,,‏,,Non disponible,Romans et Littérature Française,https://www.amazon.fr/morts-ont-parole-cadavres-sensibles/dp/238075697X/ref=sr_1_241,2025-09-03T19:28:03.276294
"Les morts ont la parole : Philippe Boxho, médecin légiste, fait parler les cadavres. Âmes sensibles s abstenir ! (Kennes Société)",Philippe Boxho,Prix non disponible,https://m.media-amazon.com/images/I/71dJR1EbDYL._SY466_.jpg,"Médecin légiste, Philippe Boxho nous fait découvrir son quotidien fait de morts qui ne le sont pas toujours ou pas encore, de disparition de cadavres, de dissimulation de meurtres, de suicides étonnants. Les histoires qu'il raconte sont issues de la réalité, rien n'est inventé, il n'y a d'ailleurs pas besoin d'inventer, la réalité se suffit à elle seule tant l'imagination humaine est libérée quand...",Format Kindle,"4,6 sur 5 étoiles",3 472 évaluations,"24,90 €",‏,,‏,‏,Non disponible,Romans et Littérature Française,https://www.amazon.fr/morts-ont-parole-cadavres-sensibles-ebook/dp/B0B4DVQ25P/ref=sr_1_241,2025-09-03T19:28:10.529273
Les Morts ont la parole,Philippe Boxho,Prix non disponible,https://m.media-amazon.com/images/I/81EaiYB-kUL._SY522_.jpg,"Médecin légiste depuis plus de trente ans, Philippe Boxho livre son quotidien fait de morts qui ne le sont pas toujours ou pas encore, de disparitions de cadavres, de dissimulations de meurtres, de suicides étonnants. De la scène de crime à la salle d’autopsie, entre pratique médicale et enquête policière, l’expert médico-légal raconte son métier, qui est aussi sa passion. Il relate ainsi l’évolut...",En stock,"4,6 sur 5 étoiles",3 472 évaluations,"8,49 €",‏,‏,‏,‏,Non disponible,Romans et Littérature Française,https://www.amazon.fr/Morts-ont-parole-Philippe-Boxho/dp/2253252557/ref=sr_1_241,2025-09-03T19:28:18.246283
Les morts ont la parole - Edition Prestige: Un médecin légiste raconte les coulisses de la morgue,Philippe Boxho,Prix non disponible,https://m.media-amazon.com/images/I/910fqGXmoXL._SY466_.jpg,"Médecin légiste, Philippe Boxho nous fait découvrir son quotidien fait de morts qui ne le sont pas toujours ou pas encore, de disparition de cadavres, de dissimulation de meurtres, de suicides étonnants. Les histoires qu'il raconte sont issues de la réalité, rien n'est inventé, il n'y a d'ailleurs pas besoin d'inventer, la réalité se suffit à elle seule tant l'imagination humaine est libérée quand...",Cet article paraîtra le 22 octobre 2025.,"4,6 sur 5 étoiles",3 472 évaluations,"8,49 €",‏,‏,‏,‏,Non disponible,Romans et Littérature Française,https://www.amazon.fr/morts-ont-parole-Prestige-coulisses/dp/2931300330/ref=sr_1_241,2025-09-03T19:28:27.002513
Boys of Tommen #2 : Keeping 13,Chloe Walsh,"21,90€",https://m.media-amazon.com/images/I/51q7Q5znAZL._SY342_.jpg,"TOMBER AMOUREUX ÉTAIT LA PARTIE LA PLUS FACILE.C'EST L A SUITE, LE TEST...",En stock,"4,8 sur 5 étoiles",477 évaluations,"9,99 €",‏,‏,‏,‏,Non disponible,Romans et Littérature Française,https://www.amazon.fr/Boys-Tommen-2-Keeping-13/dp/2385790068/ref=sr_1_242,2025-09-03T19:28:36.235766
Boys of Tommen #2 : Keeping 13,Chloe Walsh,Prix non disponible,https://m.media-amazon.com/images/I/81u1dmGn13L._SY522_.jpg,"TOMBER AMOUREUX ÉTAIT LA PARTIE LA PLUS FACILE.C'EST L A SUITE, LE TEST...",Format Kindle,"4,8 sur 5 étoiles",477 évaluations,"21,90 €",‏,,‏,‏,Non disponible,Romans et Littérature Française,https://www.amazon.fr/Boys-Tommen-2-Keeping-13-ebook/dp/B0F3K239ZP/ref=sr_1_242,2025-09-03T19:28:44.906597
"Keeping 13: Boys of Tommen, Tome 2",Chloe Walsh,"0,00€",https://m.media-amazon.com/images/I/81jgm5rrwBL._SX342_.jpg,"Stéphane Ducreux et Lise Gillet incarnent avec brio Johnny et Shannon, pour une romance intense et immersive.","Livres audio Audible 

                        – Version intégrale","4,8 sur 5 étoiles",477 évaluations,"9,99 €",Non disponible,,,en lire plus,Non disponible,Romans et Littérature Française,https://www.amazon.fr/Keeping-13-Boys-Tommen-2/dp/B0DYVRPG9X/ref=sr_1_242,2025-09-03T19:28:53.252005
L'Inconnue du portrait (Littérature),Camille de Peretti,Prix non disponible,https://m.media-amazon.com/images/I/91pUmzuK7hL._SY466_.jpg,«  La toile vibrait de beauté. Elle en avait le souffle coupé et se noyait dans l’œil bleu ciel piqueté de vert. Est-ce qu’elle était réellement le sosie de cette inconnue ?  »,Format Kindle,"4,4 sur 5 étoiles",2 288 évaluations,"21,50 €",‏,,‏,‏,Non disponible,Romans et Littérature Française,https://www.amazon.fr/LInconnue-portrait-Litt%C3%A9rature-Camille-Peretti-ebook/dp/B0CQ8P8C8X/ref=sr_1_243,2025-09-03T19:29:01.320546
L'Inconnue du portrait: Suivi d'un entretien avec l'autrice,Camille de Peretti,"0,00€",https://m.media-amazon.com/images/I/A11Mem78i4L._SX342_.jpg,""" La toile vibrait de beauté. Elle en avait le souffle coupé et se noyait dans l’œil bleu ciel piqueté de vert. Est-ce qu’elle était réellement le sosie de cette inconnue ? ""","Livres audio Audible 

                        – Version intégrale","4,4 sur 5 étoiles",2 288 évaluations,"9,49 €",Non disponible,,,Non disponible,Non disponible,Romans et Littérature Française,https://www.amazon.fr/LInconnue-portrait-Suivi-entretien-lautrice/dp/B0DH8DLPG2/ref=sr_1_243,2025-09-03T19:29:09.663420
L'Inconnue du portrait,Camille de Peretti,"9,20€",https://m.media-amazon.com/images/I/81JRGpxCesL._SY522_.jpg,"« La toile vibrait de beauté. Elle en avait le souffle coupé et se noyait dans l’œil bleu ciel piqueté de vert. Est-ce qu’elle était réellement le sosie de cette inconnue ? » Peint à Vienne en 1910, le tableau de Gustav Klimt,",En stock,"4,4 sur 5 étoiles",2 288 évaluations,"9,49 €",‏,‏,‏,‏,Non disponible,Romans et Littérature Française,https://www.amazon.fr/LInconnue-du-portrait-Camille-Peretti/dp/2253251089/ref=sr_1_243,2025-09-03T19:29:15.852568
L'Inconnue du portrait,Camille de Peretti,"21,50€",https://m.media-amazon.com/images/I/91pUmzuK7hL._SY466_.jpg,« La toile vibrait de beauté. Elle en avait le souffle coupé et se noyait dans l’œil bleu ciel piqueté de vert. Est-ce qu’elle était réellement le sosie de cette inconnue ? »,En stock,"4,4 sur 5 étoiles",2 288 évaluations,"9,49 €",‏,‏,‏,‏,Non disponible,Romans et Littérature Française,https://www.amazon.fr/LInconnue-du-portrait-Camille-Peretti/dp/2702185177/ref=sr_1_243,2025-09-03T19:29:23.677284
L'Inconnue du portrait: Livre audio 1 CD MP3 - Suivi d'un entretien avec l'autrice,Camille de Peretti,"25,50€",https://m.media-amazon.com/images/I/81XzslSj-4L._SY425_.jpg,« La toile vibrait de beauté. Elle en avait le souffle coupé et se noyait dans l’œil bleu ciel piqueté de vert. Est-ce qu’elle était réellement le sosie de cette inconnue ? »,Il ne reste plus que 2 exemplaire(s) en stock (d'autres exemplaires sont en cours d'acheminement).,"4,4 sur 5 étoiles",2 288 évaluations,"9,49 €",‏,‏,‏,Non disponible,Non disponible,Romans et Littérature Française,https://www.amazon.fr/LInconnue-portrait-Livre-entretien-lautrice/dp/B0D7BPF1DS/ref=sr_1_243,2025-09-03T19:29:32.950183
L'Étranger,Albert Camus,"7,60€",https://m.media-amazon.com/images/I/51QzQbz6MNL._SY522_.jpg,"Dans Folioplus classiques, le texte intégral, enrichi d'une lecture d'image, écho pictural de l'oeuvre, est suivi de sa mise en perspective organisée en six points : - Mouvement littéraire : La littérature engagée - Genre et registre : ""Un court roman de moraliste"" - L'écrivain à sa table de travail : Un classicisme ""instinctif"" - Groupement de textes : Personnages insoumis - Chronologie : Albert ...",En stock,"4,6 sur 5 étoiles",1 051 évaluations,Poche – 17 mars 2005,‏,‏,‏,‏,Non disponible,Romans et Littérature Française,https://www.amazon.fr/L%C3%89tranger-Albert-Camus/dp/207030602X/ref=sr_1_244,2025-09-03T19:29:42.028453
James,Percival Everett,"23,50€",https://m.media-amazon.com/images/I/61JgmaulpIL._SY466_.jpg,"« Ces gamins blancs, Huck et Tom, m’observaient. Ils imaginaient toujours des jeux dans lesquels j’étais soit le méchant soit une proie, mais à coup sûr leur jouet. [...] On gagne toujours à donner aux Blancs ce qu’ils veulent. »",En stock,"4,4 sur 5 étoiles",6 évaluations,"16,99 €",‏,‏,‏,‏,Non disponible,Romans et Littérature Française,https://www.amazon.fr/James-Percival-Everett/dp/2823622187/ref=sr_1_245,2025-09-03T19:29:51.116046
James,Percival Everett,Prix non disponible,https://m.media-amazon.com/images/I/71ZXPFu8WjL._SY466_.jpg,"« Ces gamins blancs, Huck et Tom, m’observaient. Ils imaginaient toujours des jeux dans lesquels j’étais soit le méchant soit une proie, mais à coup sûr leur jouet. [...] On gagne toujours à donner aux Blancs ce qu’ils veulent. »",Format Kindle,"4,4 sur 5 étoiles",6 évaluations,"23,50 €",‏,,‏,‏,Non disponible,Romans et Littérature Française,https://www.amazon.fr/James-Percival-Everett-ebook/dp/B0F9F9Y43N/ref=sr_1_245,2025-09-03T19:29:57.753347
James,Percival Everett,"0,00€",https://m.media-amazon.com/images/I/71LTrekbIZL._SX342_.jpg,"« Ces gamins blancs, Huck et Tom, m’observaient. Ils imaginaient toujours des jeux dans lesquels j’étais soit le méchant soit une proie, mais à coup sûr leur jouet. [...] On gagne toujours à donner aux Blancs ce qu’ils veulent. »","Livres audio Audible 

                        – Version intégrale","4,4 sur 5 étoiles",6 évaluations,"16,99 €",Non disponible,,,Non disponible,Non disponible,Romans et Littérature Française,https://www.amazon.fr/Audible-James/dp/B0FHJ2G6N4/ref=sr_1_245,2025-09-03T19:30:04.912555
Vipère au poing,Hervé Bazin,"6,90€",https://m.media-amazon.com/images/I/813kdLLPYvL._SY522_.jpg,Pas de description,En stock,"4,6 sur 5 étoiles",1 370 évaluations,"58,50 €",‏,‏,‏,‏,Non disponible,Romans et Littérature Française,https://www.amazon.fr/Vip%C3%A8re-au-poing-Herv%C3%A9-Bazin/dp/2253237612/ref=sr_1_246,2025-09-03T19:30:13.063776
Vipère au poing,Hervé Bazin,"0,00€",https://m.media-amazon.com/images/I/918ooSoA0FL._SX342_.jpg,Pas de description,"Livres audio Audible 

                        – Version intégrale","4,6 sur 5 étoiles",1 370 évaluations,"58,50 €",Non disponible,,,Non disponible,Non disponible,Romans et Littérature Française,https://www.amazon.fr/Audible-Vip%C3%A8re-au-poing/dp/B0CCF3P3DN/ref=sr_1_246,2025-09-03T19:30:20.763342
VIPERE AU POING,BAZIN Hervé,Prix non disponible,https://m.media-amazon.com/images/I/51zxdqZTVbL._SY425_.jpg,"RO40066459. VIPERE AU POING. 1973. In-8. Relié. Etat d'usage, Couv. convenable, Dos satisfaisant, Intérieur bon état. 229 pages, reliure d'éditeur.. . . . Classification Dewey : 843.081-Le roman historique",Il ne reste plus que 1 exemplaire(s) en stock.,"4,6 sur 5 étoiles",1 370 évaluations,"22,57 €",Non disponible,‏,‏,"ajouter à votre liste           ajouté à            impossible d'ajouter l'article à votre liste. merci d’essayer à nouveau.                   désolé, il y a eu un problème.   une erreur s'est produite lors de la récupération de vos listes d'envies. veuillez réessayer.           désolé, il y a eu un problème.   liste indisponible.",Non disponible,Romans et Littérature Française,https://www.amazon.fr/Vipere-au-poing-HERVE-BAZIN/dp/B003WRY4QE/ref=sr_1_246,2025-09-03T19:30:27.761345
Vipère au poing,Hervé Bazin,Prix non disponible,https://m.media-amazon.com/images/I/31jbGL4m-XL._SY466_.jpg,Pas de description,Il ne reste plus que 1 exemplaire(s) en stock.,"4,6 sur 5 étoiles",1 370 évaluations,"58,50 €",‏,‏,‏,‏,Non disponible,Romans et Littérature Française,https://www.amazon.fr/Vip%C3%A8re-au-poing-Herv%C3%A9-Bazin/dp/2840116227/ref=sr_1_246,2025-09-03T19:30:35.218069
Vipère au poing,Bazin Hervé,Prix non disponible,https://m.media-amazon.com/images/I/411DsO7m2-L.jpg,Pas de description,Il ne reste plus que 1 exemplaire(s) en stock.,"4,6 sur 5 étoiles",1 370 évaluations,"58,50 €",Non disponible,‏,‏,"ajouter à votre liste           ajouté à            impossible d'ajouter l'article à votre liste. merci d’essayer à nouveau.                   désolé, il y a eu un problème.   une erreur s'est produite lors de la récupération de vos listes d'envies. veuillez réessayer.           désolé, il y a eu un problème.   liste indisponible.",Non disponible,Romans et Littérature Française,https://www.amazon.fr/Vip%C3%A8re-au-poing-Bazin-Herv%C3%A9/dp/B00DP4LYSA/ref=sr_1_246,2025-09-03T19:30:42.045601
La Traque d'Adeline - Tome 02 broché,H. D. Carlton,"20,90€",https://m.media-amazon.com/images/I/71Z9qtnTeIL._SY425_.jpg,RÉSERVÉ À UN PUBLIC ADULTE LE DIAMANT,En stock,"4,6 sur 5 étoiles",417 évaluations,"12,99 €",‏,‏,‏,‏,Non disponible,Romans et Littérature Française,https://www.amazon.fr/Traque-dAdeline-02-broch%C3%A9/dp/2385660407/ref=sr_1_247,2025-09-03T19:30:50.307245
La Traque d'Adeline - Tome 02 e-book,H. D. Carlton,Prix non disponible,https://m.media-amazon.com/images/I/81RAAAv-ulL._SY425_.jpg,RÉSERVÉ À UN PUBLIC ADULTE LE DIAMANT,Format Kindle,"4,6 sur 5 étoiles",417 évaluations,"20,90 €",‏,,‏,‏,Non disponible,Romans et Littérature Française,https://www.amazon.fr/Traque-dAdeline-02-book-ebook/dp/B0DC814Q1M/ref=sr_1_247,2025-09-03T19:30:57.657491
Windy City - Tome 1 Mile High (1),Liz Tomforde,"19,95€",https://m.media-amazon.com/images/I/71wYSxaZgWL._SY466_.jpg,"""Tu veux être choisie en premier ? Moi aussi, alors choisis-moi""",En stock,"4,7 sur 5 étoiles",86 évaluations,"Broché – Grand livre, 20 juin 2024",‏,,‏,‏,Non disponible,Romans et Littérature Française,https://www.amazon.fr/Chicago-Windy-City-Mile-High/dp/2385790416/ref=sr_1_248,2025-09-03T19:31:05.194259
"Mile High: Chicago, The Windy City 1",Liz Tomforde,"0,00€",https://m.media-amazon.com/images/I/91J5bihHfuL._SX342_.jpg,"""Tu veux être choisie en premier ? Moi aussi, alors choisis-moi""  Le hockey à Chicago ne serait pas ce qu'il est sans Evan Zanders, le joueur que tout le monde adore détester. Il connaît son rôle et le joue bien. En fait, il aime beaucoup passer la majeure partie de son temps de jeu sur le banc des pénalités avant de quitter l'arène avec une nouvelle fille à son bras. Ce qu'il n'aime pas, c'est la...","Livres audio Audible 

                        – Version intégrale","4,7 sur 5 étoiles",86 évaluations,"19,95 €",Non disponible,,,en lire plus,Non disponible,Romans et Littérature Française,https://www.amazon.fr/Mile-High-Chicago-Windy-City/dp/B0DMPD5KZF/ref=sr_1_248,2025-09-03T19:31:12.540918
La Traversée des temps - tome 5 - Les Deux royaumes,Éric-Emmanuel Schmitt,Prix non disponible,https://m.media-amazon.com/images/I/715AU8lUJBL._SY466_.jpg,"Après le Néolithique, la Mésopotamie, l'Egypte et la Grèce antiques",Cet article paraîtra le 1 octobre 2025.,Diapositive précédente des détails du produit,0 avis,"14,99 €",‏,‏,‏,‏,Non disponible,Romans et Littérature Française,https://www.amazon.fr/Travers%C3%A9e-temps-Deux-royaumes/dp/2226467467/ref=sr_1_249,2025-09-03T19:31:19.454113
La Traversée des temps - tome 5 - Les Deux royaumes,Eric-Emmanuel Schmitt,Prix non disponible,https://m.media-amazon.com/images/I/81ruXrES6lL._SY466_.jpg,"Après le Néolithique, la Mésopotamie, l’Egypte et la Grèce antiques",Format Kindle,Diapositive précédente des détails du produit,0 avis,"22,90 €",‏,lisez avec notre  appli gratuite,‏,Non disponible,Non disponible,Romans et Littérature Française,https://www.amazon.fr/Travers%C3%A9e-temps-Deux-royaumes-ebook/dp/B0FJJW8CQV/ref=sr_1_249,2025-09-03T19:31:25.166075
"Les Deux Royaumes - La Traversée des temps, tome 5: Livre audio 2 CD MP3",Éric-Emmanuel Schmitt,Prix non disponible,https://m.media-amazon.com/images/I/01PkLIhTX3L.gif,Résumé à venir.Avec la participation d’Audrey d’Hulstère.,Cet article paraîtra le 5 novembre 2025.,Diapositive précédente des détails du produit,0 avis,"14,99 €",‏,‏,‏,Non disponible,Non disponible,Romans et Littérature Française,https://www.amazon.fr/Deux-Royaumes-Travers%C3%A9e-temps-Livre/dp/B0FDFBP265/ref=sr_1_249,2025-09-03T19:31:32.356162
"Bibliocollège - L'Avare, Molière",Jean-Baptiste Molière (Poquelin dit),Prix non disponible,https://m.media-amazon.com/images/I/81Vh0ZkZVLL._SY425_.jpg,« La peste soit de l’avarice et des avaricieux ! »,En stock,"4,7 sur 5 étoiles",272 évaluations,"2,99 €",‏,,‏,‏,Non disponible,Romans et Littérature Française,https://www.amazon.fr/Bibliocoll%C3%A8ge-LAvare-Moli%C3%A8re/dp/2017220116/ref=sr_1_250,2025-09-03T19:31:40.467981
"Bibliocollège - L'Avare, Molière (Théâtre)",Jean-Baptiste Molière (Poquelin dit),Prix non disponible,https://m.media-amazon.com/images/I/81Vh0ZkZVLL._SY425_.jpg,«  La peste soit de l’avarice et des avaricieux  !  »,Format Kindle,"4,7 sur 5 étoiles",272 évaluations,"3,60 €",‏,lisez avec notre  appli gratuite,‏,‏,Non disponible,Romans et Littérature Française,https://www.amazon.fr/Bibliocoll%C3%A8ge-Moli%C3%A8re-Jean-Baptiste-Poquelin-dit-ebook/dp/B0CW1L6W6H/ref=sr_1_250,2025-09-03T19:31:46.933671
"La Fabuleuse histoire d’Hazel Fairwood: cottage, magie & chat méchant",Élise Sardan,Prix non disponible,https://m.media-amazon.com/images/I/71ct7e6GG5L._SY466_.jpg,Pas de description,En stock,"4,6 sur 5 étoiles",190 évaluations,Broché – 9 juillet 2025,‏,,‏,‏,Non disponible,Romans et Littérature Française,https://www.amazon.fr/Fabuleuse-histoire-dHazel-Fairwood-cottage/dp/2959642406/ref=sr_1_251,2025-09-03T19:31:54.933062
"La Fabuleuse histoire d’Hazel Fairwood: cottage, magie & chat méchant (Collection Cosy Fantasy)",Élise Sardan,Prix non disponible,https://m.media-amazon.com/images/I/81F4hBhgViL._SY466_.jpg,Pas de description,Format Kindle,"4,6 sur 5 étoiles",190 évaluations,"18,90 €",‏,,‏,‏,Non disponible,Romans et Littérature Française,https://www.amazon.fr/Fabuleuse-histoire-dHazel-Fairwood-Collection-ebook/dp/B0F5QBLY5S/ref=sr_1_251,2025-09-03T19:32:02.525861
Le mythe de Sisyphe,Albert Camus,"9,50€",https://m.media-amazon.com/images/I/71XqSIivsyL._SY522_.jpg,"""Il n'y a qu'un problème philosophique vraiment sérieux : c'est le suicide."" Avec cette formule foudroyante, qui semble rayer d'un trait toute la philosophie, un jeune homme de moins de trente ans commence son analyse de la sensibilité absurde. Il décrit le ""mal de l'esprit"" dont souffre l'époque actuelle : ""L'absurde naît de la confrontation de l'appel humain avec le silence déraisonnable du mond...",En stock,"4,6 sur 5 étoiles",904 évaluations,"9,49 €",‏,‏,‏,,Non disponible,Romans et Littérature Française,https://www.amazon.fr/mythe-Sisyphe-Albert-Camus/dp/2070322882/ref=sr_1_252,2025-09-03T19:32:09.247502
Le Mythe de Sisyphe,Albert Camus,"0,00€",https://m.media-amazon.com/images/I/91YTav5FJ5L._SX342_.jpg,"Les bouleversements de la première moitié du vingtième siècle - révolutions et guerres meurtrières, génocides, cracks économiques sans précédents - ont profondément transformé les bases même de la pensée européenne.","Livres audio Audible 

                        – Version intégrale","4,6 sur 5 étoiles",904 évaluations,"9,49 €",Non disponible,,,Non disponible,Non disponible,Romans et Littérature Française,https://www.amazon.fr/Le-Mythe-de-Sisyphe/dp/B087V4NRVH/ref=sr_1_252,2025-09-03T19:32:16.914607
Le mythe de Sisyphe. Essai sur l'absurde,Albert Camus,Prix non disponible,https://m.media-amazon.com/images/I/711AnRvFilL._SY522_.jpg,"La notion d’absurde et le rapport entre l’absurde et le suicide forment le sujet de cet essai. Une fois reconnu le divorce entre son désir raisonnable de compréhension et de bonheur et le silence du monde, l’homme peut-il juger que la vie vaut la peine d’être vécue ? Telle est la question fondamentale de la philosophie. Mais si l’absurde m’apparaît évident, je dois le maintenir par un effort lucid...",Format Kindle,"4,6 sur 5 étoiles",904 évaluations,"13,54 €",‏,,‏,‏,Non disponible,Romans et Littérature Française,https://www.amazon.fr/mythe-Sisyphe-Essai-sur-labsurde-ebook/dp/B01MQJ0HK0/ref=sr_1_252,2025-09-03T19:32:23.903206
Le Mythe de Sisyphe,Albert Camus,"21,50€",https://m.media-amazon.com/images/I/61DnZcneXmL._SY425_.jpg,Pas de description,Il ne reste plus que 9 exemplaire(s) en stock (d'autres exemplaires sont en cours d'acheminement).,"4,6 sur 5 étoiles",904 évaluations,"9,49 €",‏,‏,‏,,Non disponible,Romans et Littérature Française,https://www.amazon.fr/Mythe-Sisyphe-Albert-Camus/dp/2070719669/ref=sr_1_252,2025-09-03T19:32:32.594711
Le Mythe de Sisyphe,Albert Camus,Prix non disponible,https://m.media-amazon.com/images/I/81rfhZ8+hPL._SY425_.jpg,Pas de description,Il ne reste plus que 2 exemplaire(s) en stock.,"4,6 sur 5 étoiles",904 évaluations,"9,49 €",‏,‏,‏,‏,Non disponible,Romans et Littérature Française,https://www.amazon.fr/Mythe-Sisyphe-Albert-Camus/dp/2724241258/ref=sr_1_252,2025-09-03T19:32:39.625362
Le mythe de Sisyphe France Loisirs Coll La Bibliothèque du XXe siècle 1990,Camus Albert,Prix non disponible,https://m.media-amazon.com/images/I/01PkLIhTX3L.gif,"in-8, cartonnage éditeur illustré, jaquette illustrée, 142p, bon état",Il ne reste plus que 1 exemplaire(s) en stock.,"4,6 sur 5 étoiles",904 évaluations,"9,49 €",Non disponible,‏,‏,Non disponible,Non disponible,Romans et Littérature Française,https://www.amazon.fr/Sisyphe-France-Loisirs-Biblioth%C3%A8que-si%C3%A8cle/dp/B07BWR9W1X/ref=sr_1_252,2025-09-03T19:32:45.703917
Hasard du crime,Nora Roberts,Prix non disponible,https://m.media-amazon.com/images/I/61ahwS07fCL._SY522_.jpg,"Lors de l'un de ses concerts, Jake Kincaid assiste, impuissant, à la mort d'une jeune fille de seize ans. Nadine, sa petite amie, appelle tout de suite le lieutenant Eve Dallas. Le doute n'est pas permis : il s'agit d'un meurtre. Dans la foule, quelqu'un a piqué l'adolescente avec une seringue contenant un cocktail mortel de drogues. Mais pourquoi cette fille-là ? Eve a beau fouiller, elle ne lui ...",Cet article paraîtra le 10 septembre 2025.,"5,0 sur 5 étoiles",3 évaluations,"5,99 €",‏,‏,‏,‏,Non disponible,Romans et Littérature Française,https://www.amazon.fr/Hasard-du-crime-Nora-Roberts/dp/2290408840/ref=sr_1_253,2025-09-03T19:32:51.585347
Lieutenant Eve Dallas (Tome 58) - Hasard du crime,Nora Roberts,Prix non disponible,https://m.media-amazon.com/images/I/71tIsb4Z0lL._SY522_.jpg,"Lors de l’un de ses concerts, Jake Kincaid assiste, impuissant, à la mort d’une jeune fille de seize ans. Nadine, sa petite amie, appelle tout de suite le lieutenant Eve Dallas. Le doute n’est pas permis : il s’agit d’un meurtre. Dans la foule, quelqu’un a piqué l’adolescente avec une seringue contenant un cocktail mortel de drogues. Mais pourquoi cette fille-là ? Eve a beau fouiller, elle ne lui ...",Format Kindle,"5,0 sur 5 étoiles",3 évaluations,"8,70 €",‏,lisez avec notre  appli gratuite,‏,Non disponible,Non disponible,Romans et Littérature Française,https://www.amazon.fr/Lieutenant-Eve-Dallas-58-Hasard-ebook/dp/B0FN36KJYR/ref=sr_1_253,2025-09-03T19:32:56.010071
Les irresponsables: Qui a porté Hitler au pouvoir ?,Johann Chapoutot,"21,00€",https://m.media-amazon.com/images/I/71c8yk7f2yL._SY522_.jpg,"Un consortium libéral-autoritaire, tissé de solidarités d'affaires, de partis conservateurs, nationalistes et libéraux, de médias réactionnaires et d'élites traditionnelles, perd tout soutien populaire : au fil des élections, il passe de presque 50% à moins de 10% des voix et se demande comment garder le pouvoir sans majorité, sans parlement, voire sans démocratie. Cet extrême centre se pense dest...",En stock,"4,5 sur 5 étoiles",111 évaluations,"14,99 €",‏,‏,‏,,Non disponible,Romans et Littérature Française,https://www.amazon.fr/Irresponsables-Qui-port%C3%A9-Hitler-pouvoir/dp/2073061192/ref=sr_1_254,2025-09-03T19:33:04.578044
Les Irresponsables: Qui a porté Hitler au pouvoir ?,Johann Chapoutot,Prix non disponible,https://m.media-amazon.com/images/I/61VDVSoByKL._SY522_.jpg,"Un consortium libéral-autoritaire, tissé de solidarités d’affaires, de partis conservateurs, nationalistes et libéraux, de médias réactionnaires et d’élites traditionnelles, perd tout soutien populaire : au fil des élections, il passe de presque 50 % à moins de 10 % des voix et se demande comment garder le pouvoir sans majorité, sans parlement, voire sans démocratie. Cet extrême centre se pense de...",Format Kindle,"4,5 sur 5 étoiles",111 évaluations,"21,00 €",‏,,‏,Non disponible,Non disponible,Romans et Littérature Française,https://www.amazon.fr/Irresponsables-Qui-port%C3%A9-Hitler-pouvoir-ebook/dp/B0DV5RLHRG/ref=sr_1_254,2025-09-03T19:33:12.510403
A tout jamais,Colleen Hoover,"8,90€",https://m.media-amazon.com/images/I/81dadxjTKDL._SY522_.jpg,Peut-on aimer à nouveau après une relation abusive ?,En stock,"4,6 sur 5 étoiles",5 242 évaluations,"7,99 €",‏,‏,‏,‏,Non disponible,Romans et Littérature Française,https://www.amazon.fr/tout-jamais-Colleen-Hoover/dp/2755670894/ref=sr_1_255,2025-09-03T19:33:19.677247
A tout jamais,Colleen Hoover,"0,00€",https://m.media-amazon.com/images/I/81bo2M2C7CL._SX342_.jpg,"Lily, depuis que sa fille Emerson est née, lui a promis que le cycle de la violence s'arrêterait avec elles. Que jamais plus, les femmes de leur famille n'endureraient des abus. Alors elle a pris la décision de quitter son mari et père de sa petite fille. Elle ne s'attendait pas à croiser Atlas, son amour d'adolescente par hasard, et elle ne sait pas quelle place il pourrait occuper dans sa vie. A...","Livres audio Audible 

                        – Version intégrale","4,6 sur 5 étoiles",5 242 évaluations,"7,99 €",Non disponible,,,Non disponible,Non disponible,Romans et Littérature Française,https://www.amazon.fr/Audible-A-tout-jamais/dp/B0BQRJK8VT/ref=sr_1_255,2025-09-03T19:33:33.856381
À tout jamais,Colleen Hoover,Prix non disponible,https://m.media-amazon.com/images/I/819dOjUCrcL._SY522_.jpg,Peut-on aimer à nouveau après une relation abusive ?,En stock,"4,6 sur 5 étoiles",5 242 évaluations,"7,99 €",‏,,‏,‏,Non disponible,Romans et Littérature Française,https://www.amazon.fr/%C3%80-tout-jamais-Colleen-Hoover/dp/275567864X/ref=sr_1_255,2025-09-03T19:33:48.891132
