titre,auteur,prix,image_url,description,stock,note,nombre_avis,format,isbn,editeur,date_publication,pages,rang_vente,categorie,url,date_scraping
Tant mieux,Amélie Nothomb,"19,90€",https://m.media-amazon.com/images/I/81GxKHa6ICL._SY466_.jpg,« Tant mieux : la version joyeuse du sang-froid » Amélie Nothomb,En stock,"4,4 sur 5 étoiles",186 évaluations,"12,99 €",‏,,‏,‏,Non disponible,Romans et Littérature Française,https://www.amazon.fr/Tant-mieux-Am%C3%A9lie-Nothomb/dp/2226504397,2025-09-03T17:43:59.311026
Kolkhoze,Emmanuel Carrère,Prix non disponible,https://m.media-amazon.com/images/I/71E-nf8ZSdL._SY466_.jpg,"Cette nuit-là, rassemblés tous les trois autour de notre mère, nous avons pour la dernière fois fait kolkhoze.",Habituellement expédié sous 2 à 4 semaines,"5,0 sur 5 étoiles",2 évaluations,"16,99 €",‏,‏,‏,‏,Non disponible,Romans et Littérature Française,https://www.amazon.fr/Kolkhoze-Emmanuel-Carr%C3%A8re/dp/2818061989,2025-09-03T17:44:07.386234
La bonne mère,Mathilda Di Matteo,"20,90€",https://m.media-amazon.com/images/I/71z9hmYmD6L._SY425_.jpg,""" Certains disent qu'elle est vulgaire. Moi, je dirais qu'elle est solaire. Un soleil de canicule, du genre incendiaire. "" Huit cents kilomètres séparent Clara de sa mère, Véro, depuis qu'elle a quitté Marseille. Ce week-end, elle lui présente Raphaël. Un girafon, pense Véro en le voyant. Il l'agace avec son pedigree bourgeois, ses mots compliqués et sa bouche fermée comme une huître. Elle n'aurai...",En stock,"4,1 sur 5 étoiles",10 évaluations,"15,99 €",‏,‏,‏,‏,Non disponible,Romans et Littérature Française,https://www.amazon.fr/bonne-m%C3%A8re-Mathilda-Matteo/dp/2378805071,2025-09-03T17:44:16.203873
La Maison vide,Laurent Mauvignier,Prix non disponible,https://m.media-amazon.com/images/I/61L44WIYLZL._SY425_.jpg,"En 1976, mon père a rouvert la maison qu’il avait reçue de sa mère, restée fermée pendant vingt ans. À l’intérieur : un piano, une commode au marbre ébréché, une Légion d’honneur, des photographies sur lesquelles un visage a été découpé aux ciseaux. Une maison peuplée de récits, où se croisent deux guerres mondiales, la vie rurale de la première moitié du vingtième siècle, mais aussi Marguerite, m...",Habituellement expédié sous 1 à 4 semaines,"4,0 sur 5 étoiles",1 évaluation,"17,99 €",‏,‏,‏,‏,Non disponible,Romans et Littérature Française,https://www.amazon.fr/Maison-vide-Laurent-Mauvignier/dp/2707356743,2025-09-03T17:44:23.116785
Finistère,Anne Berest,"23,90€",https://m.media-amazon.com/images/I/71ijcIgL97L._SY466_.jpg,"Anne Berest, une fois encore, nous livre une magnifique reflexion sur la famille.",En stock,"3,7 sur 5 étoiles",15 évaluations,"12,99 €",‏,,‏,‏,Non disponible,Romans et Littérature Française,https://www.amazon.fr/Finist%C3%A8re-Anne-Berest/dp/2226487182,2025-09-03T17:44:34.219660
Bla Bla Coeur,Ena L,Prix non disponible,https://m.media-amazon.com/images/I/91mWbQRPZRL._SY522_.jpg,"Roxane, 25 ans, célibataire désespérée, mais pas suicidaire, a monté une opération secrète : détourner un BlaBlaCar pour y réunir 4 beaux gosses soigneusement sélectionnés sur photo. Direction : la Corse.Objectif : rencontrer l’amour avant les vacances.Casting : digne (des clichés) d’une romance. Un sportif, un biker, un businessman et un intello.Spoiler : elle n’était pas prête.",Format Kindle,"4,8 sur 5 étoiles",577 évaluations,"24,00 €",Non disponible,,‏,‏,Non disponible,Romans et Littérature Française,https://www.amazon.fr/Bla-Coeur-Ena-L-ebook/dp/B0FKB8Z6CT,2025-09-03T17:44:43.413107
J'ai perdu un bédouin dans Paris,Arthur Essebag,Prix non disponible,https://m.media-amazon.com/images/I/71u9ujCK1QL._SY466_.jpg,"Je m’appelle Arthur Essebag.Depuis toujours, je vous divertis à la télévision. Je ne vous ai jamais parlé d’autre chose, car j’ai toujours considéré que ce n’était pas mon rôle.Jusqu’à ce matin où l’impensable a surgi. Des milliers de terroristes. Des villages anéantis.En quelques heures : 1 200 vies sauvagement brisées. D’autres traînées dans des tunnels, en otages. Si le monde allait bien, il au...",Cet article paraîtra le 1 octobre 2025.,Diapositive précédente des détails du produit,0 avis,"15,99 €",‏,‏,‏,‏,Non disponible,Romans et Littérature Française,https://www.amazon.fr/Jai-perdu-b%C3%A9douin-dans-Paris/dp/2246844789,2025-09-03T17:44:49.993354
Le boyfriend,Freida McFadden,Prix non disponible,https://m.media-amazon.com/images/I/71HhV5PusPL._SY466_.jpg,"Comme beaucoup de femmes célibataires de New York, Sydney a beaucoup de mal à faire des rencontres. Elle a tout vu : des hommes qui mentent sur eux-mêmes, d'autres qui lui font payer l'addition du dîner et, pire encore, des hommes qui n'arrêtent pas de parler de leur mère ! Mais elle vient de décrocher le jackpot. Son nouveau petit ami est tout simplement parfait. Il est charmant, beau et travaill...",Cet article paraîtra le 8 octobre 2025.,Diapositive précédente des détails du produit,0 avis,"11,99 €",‏,‏,‏,‏,Non disponible,Romans et Littérature Française,https://www.amazon.fr/boyfriend-Freida-McFadden/dp/2824627158,2025-09-03T17:44:58.282505
Guide de survie en milieu scolaire - par Élodie POUX,Elodie Poux,Prix non disponible,https://m.media-amazon.com/images/I/71J3lfNqFNL._SY466_.jpg,""" Un enfant, c'est un mélange entre un chat, une alarme incendie et un tube de colle. """,En stock,Diapositive précédente des détails du produit,0 avis,"Broché – Illustré, 28 août 2025",‏,,‏,‏,Non disponible,Romans et Littérature Française,https://www.amazon.fr/Guide-survie-milieu-scolaire-%C3%89lodie/dp/2321020970,2025-09-03T17:45:07.045520
Le secret des secrets,Dan Brown,Prix non disponible,https://m.media-amazon.com/images/I/71YtCnXuTVL._SY466_.jpg,"L’éminent professeur de symbologie Robert Langdon se rend à Prague pour une conférence sur la noétique donnée par son amie de longue date, Katherine Solomon. La scientifique est sur le point de publier un ouvrage révolutionnaire sur la nature de la conscience humaine.Un meurtre sauvage va soudain précipiter leur séjour dans le chaos. Katherine disparaît, et son manuscrit est piraté sur le serveur ...",Cet article paraîtra le 9 septembre 2025.,Diapositive précédente des détails du produit,0 avis,"16,99 €",‏,,‏,‏,Non disponible,Romans et Littérature Française,https://www.amazon.fr/secret-secrets-Dan-Brown/dp/2709668386,2025-09-03T17:45:15.362371
La nuit au coeur,Nathacha Appanah,Prix non disponible,https://m.media-amazon.com/images/I/81yoSjdEGJL._SY466_.jpg,"""De ces nuits et de ces vies, de ces femmes qui courent, de ces coeurs qui luttent, de ces instants qui sont si accablants qu'ils ne rentrent pas dans la mesure du temps, il a fallu faire quelque chose. Il y a l'impossibilité de la vérité entière à chaque page mais la quête désespérée d'une justesse au plus près de la vie, de la nuit, du coeur, du corps, de l'esprit. De ces trois femmes, il a fall...",En stock,"4,3 sur 5 étoiles",15 évaluations,"14,99 €",‏,,‏,‏,Non disponible,Romans et Littérature Française,https://www.amazon.fr/nuit-au-coeur-Nathacha-Appanah/dp/2073080022,2025-09-03T17:45:24.717947
"La philosophie, c'est pour vous aussi !: Par Le Précepteur",Charles Robin,Prix non disponible,https://m.media-amazon.com/images/I/81TfgQll4CL._SY466_.jpg,"Comprendre la philosophie de Rousseau grâce à Netflix, le stoïcisme grâce à la crise Covid, ou le concept freudien de sublimation grâce à Rocco Siffredi... Ça vous paraît impossible ? Détrompez-vous !",En stock,"4,7 sur 5 étoiles",19 évaluations,"Broché – Grand livre, 27 août 2025",‏,,‏,‏,Non disponible,Romans et Littérature Française,https://www.amazon.fr/philosophie-cest-pour-vous-aussi/dp/2036070329,2025-09-03T17:45:32.763548
Les Fleurs du Mal,Charles Baudelaire,Prix non disponible,https://m.media-amazon.com/images/I/81iYflm45mL._SY522_.jpg,Pas de description,En stock,"4,4 sur 5 étoiles",4 984 évaluations,"0,00 €",‏,‏,‏,‏,Non disponible,Romans et Littérature Française,https://www.amazon.fr/Fleurs-du-Mal-Charles-Baudelaire/dp/2253007102,2025-09-03T17:45:40.648119
Les Liaisons dangereuses,Choderlos de Laclos,Prix non disponible,https://m.media-amazon.com/images/I/813VQxW4iEL._SY522_.jpg,"""J'espère qu'on me comptera pour quelque chose l'aventure de la petite Volanges, dont vous paraissez faire si peu de cas : comme si ce n'était rien, que d'enlever, en une soirée, une jeune fille à son Amant aimé, d'en user ensuite tant qu'on le veut et absolument comme de son bien, et sans plus d'embarras ; d'en obtenir ce qu'on n'ose pas même exiger de toutes les filles dont c'est le métier ; et ...",En stock,"4,5 sur 5 étoiles",2 870 évaluations,"0,00 €",‏,‏,‏,‏,Non disponible,Romans et Littérature Française,https://www.amazon.fr/Liaisons-dangereuses-Choderlos-Laclos/dp/2070338967,2025-09-03T17:45:46.898210
Le dernier jour d'un condamné,Victor Hugo,Prix non disponible,https://m.media-amazon.com/images/I/61R7ZfzR9EL._SY522_.jpg,LES GRANDS TEXTES DU XIXe SIÈCLE,En stock,"4,5 sur 5 étoiles",3 252 évaluations,"0,00 €",‏,‏,‏,‏,Non disponible,Romans et Littérature Française,https://www.amazon.fr/dernier-jour-dun-condamn%C3%A9/dp/2266296051,2025-09-03T17:45:55.524719
Alcools suivis de Calligrammes,Guillaume Apollinaire,Prix non disponible,https://m.media-amazon.com/images/I/617lF0O2G4L._SY522_.jpg,LES GRANDS TEXTES DU XXe SIÈCLE,En stock,"4,5 sur 5 étoiles",746 évaluations,"0,90 €",‏,‏,‏,‏,Non disponible,Romans et Littérature Française,https://www.amazon.fr/Alcools-suivis-Calligrammes-Guillaume-APOLLINAIRE/dp/2266289918,2025-09-03T17:46:02.838220
Orgueil et Préjugés,Jane Austen,Prix non disponible,https://m.media-amazon.com/images/I/8176FPe6UES._SY425_.jpg,"""Orgueil et Préjugés"" est un roman de la femme de lettres anglaise Jane Austen écrit en 1796 et publié anonymement en 1813. Il est considéré comme l'une de ses œuvres les plus significatives et est aussi la plus connue du grand public.""Orgueil et Préjugés"", c’est l’histoire de vice, de changement et d’amour, surtout d’amour. L’histoire se déroule pendant les guerres napoléoniennes, dans la campagn...",Format Kindle,"4,5 sur 5 étoiles",7 348 évaluations,"16,00 €",‏,,‏,‏,Non disponible,Romans et Littérature Française,https://www.amazon.fr/Orgueil-Pr%C3%A9jug%C3%A9s-Jane-Austen-ebook/dp/B07FMZGM87,2025-09-03T17:46:10.537018
Le Pumpkin Spice Café : Le livre cosy de votre hiver ! Dream Harbor #1,Laurie Gilmore,Prix non disponible,https://m.media-amazon.com/images/I/810a0wCF0BL._SY466_.jpg,N’attendez plus : le phénomène TikTok planétaire arrive enfin en France !,Format Kindle,"4,2 sur 5 étoiles",405 évaluations,"19,50 €",‏,lisez avec notre  appli gratuite,‏,‏,Non disponible,Romans et Littérature Française,https://www.amazon.fr/Pumpkin-Spice-Caf%C3%A9-livre-Harbor-ebook/dp/B0DM62L7N3,2025-09-03T17:46:18.797600
Une vie,Guy de Maupassant,Prix non disponible,https://m.media-amazon.com/images/I/81+YnWq16fL._SY522_.jpg,"Jeanne, fille unique très choyée du baron et de la baronne Le Perthuis des Vauds, avait tout pour être heureuse. Son mariage avec Julien de Lamare, rustre et avare, se révélera une catastrophe. Sa vie sera une suite d'épreuves et de désillusions.Ce roman, le premier de Guy de Maupassant, est une peinture remarquable des moeurs provinciales de la Normandie du xixe siècle : hobereaux, domestiques, p...",En stock,"4,4 sur 5 étoiles",3 480 évaluations,"0,00 €",‏,‏,‏,‏,Non disponible,Romans et Littérature Française,https://www.amazon.fr/Une-vie-Guy-Maupassant/dp/2253004243,2025-09-03T17:46:28.574213
Les Fourberies de Scapin,Molière,Prix non disponible,https://m.media-amazon.com/images/I/619aHkMrETL._SY522_.jpg,"Une galère, un sac, un fourbe : tous les ingrédients sont réunis pour une comédie qui, presque 400 ans plus tard, n'a pas pris une ride. Au-delà du comique farcesque que nous connaissons si bien se cachent les mécaniques d'un genre aujourd'hui méconnu, la petite comédie, qui nous permet d'entrevoir la place que les Fourberies ont pu prendre sur les planches parisiennes du temps de Molière. À l'aut...",Il ne reste plus que 1 exemplaire(s) en stock (d'autres exemplaires sont en cours d'acheminement).,"4,6 sur 5 étoiles",635 évaluations,"0,99 €",‏,‏,‏,‏,Non disponible,Romans et Littérature Française,https://www.amazon.fr/Fourberies-Scapin-Moli%C3%A8re/dp/208026219X,2025-09-03T17:46:35.426848
Les Trois mousquetaires,Alexandre Dumas,"6,90€",https://m.media-amazon.com/images/I/81oTzmQqrPL._SY522_.jpg,"Dumas séduit, fascine, intéresse, amuse, enseigne.Victor Hugo.Tout le monde connaît la verve prodigieuse de M. Dumas, son entrain facile, son bonheur de mise en scène, son dialogue spirituel et toujours en mouvement, ce récit léger qui court sans cesse et qui sait enlever l’obstacle et l’espace sans jamais faiblir. Il couvre d’immenses toiles sans jamais fatiguer ni son pinceau, ni son lecteur.Sai...",En stock,"4,5 sur 5 étoiles",1 304 évaluations,"0,89 €",‏,‏,‏,‏,Non disponible,Romans et Littérature Française,https://www.amazon.fr/Trois-mousquetaires-Alexandre-Dumas/dp/2253008885,2025-09-03T17:46:44.905762
Le Horla,Guy de Maupassant,Prix non disponible,https://m.media-amazon.com/images/I/71z6AtJb0vL._SY425_.jpg,Dossier pédagogique de C. Schippers. Un homme raconte dans son journal intime les phénomènes étranges qui se déroulent sous son toit. Cet homme sombre-t-il dans la folie ou est-il vraiment tourmenté par une créature invisible ? Une nouvelle fantastique fascinante. Groupements de textes : 1. Aux confins de la folie 2. Écrire la peur,En stock,"4,4 sur 5 étoiles",4 697 évaluations,"0,00 €",‏,‏,‏,‏,Non disponible,Romans et Littérature Française,https://www.amazon.fr/Horla-Guy-Maupassant/dp/2701156424,2025-09-03T17:46:53.126453
Lettres persanes,Delphine Descaves,Prix non disponible,https://m.media-amazon.com/images/I/613YWe8+8JL._SY425_.jpg,"Dossier pédagogique de Delphine Descaves, revu pour les Nouveaux programmes par Amandine Delbart.  De Paris à Venise, en passant par Smyrne, voici la correspondance fictive de deux voyageurs persans et de leurs amis demeurés en Perse. 161 lettres qui proposent un tableau critique de la France de l'Ancien Régime. Dans le volume, de nombreuses activités d'appropriation et d'étude de la langue, ainsi...",En stock,"4,5 sur 5 étoiles",1 564 évaluations,"0,00 €",‏,‏,‏,‏,Non disponible,Romans et Littérature Française,https://www.amazon.fr/Lettres-persanes-Montesquieu/dp/B07MWYQDCV,2025-09-03T17:47:01.841588
Walking After Midnight: A Novel,Karen Robards,Prix non disponible,https://m.media-amazon.com/images/I/71DgwkSOlQL._SY522_.jpg,"The nude male body lay on the embalming table, battered beyond recognition. Gingerly, Summer McAfee, chairman, CEO, and sole employee of Daisy Fresh cleaning service, reached out to touch an arm to reassure herself that she hadn't just seen the corpse move.  Suddenly, shockingly, her hand was in the viselike grip of a man very much alive and desperate enough to take her captive on a no-holds-barre...",Habituellement expédié sous 9 à 10 jours,"4,4 sur 5 étoiles",637 évaluations,"4,86 €",‏,‏,‏,‏,Non disponible,Romans et Littérature Française,https://www.amazon.fr/Walking-After-Midnight-Karen-Robards/dp/0440215900,2025-09-03T17:47:11.719628
Les secrets de la femme de ménage,Freida McFadden,"8,60€",https://m.media-amazon.com/images/I/71RMELKuocL._SY522_.jpg,"Avec ce nouvel emploi, Millie semble avoir une chance en or. Chez les Garrick, un couple fortuné qui possède un somptueux appartement avec vue sur Manhattan, elle fait le ménage et prépare les repas dans la magnifique cuisine. Mais elle ne tarde pas à déceler quelques ombres au tableau... Son patron, Douglas Garrick, est d'humeur de plus en plus changeante. Et pourquoi sa femme Wendy reste-t-elle ...",En stock,"4,5 sur 5 étoiles",16 108 évaluations,"8,49 €",‏,,‏,,Non disponible,Romans et Littérature Française,https://www.amazon.fr/secrets-femme-m%C3%A9nage-Freida-McFadden/dp/2290391190,2025-09-03T17:47:20.370798
La femme de ménage,Freida McFadden,Prix non disponible,https://m.media-amazon.com/images/I/613H6840ArL._SY522_.jpg,"Chaque jour, Millie fait le ménage dans la belle maison des Winchester, une riche famille new-yorkaise. Elle récupère aussi leur fille à l'école et prépare les repas avant d'aller se coucher dans sa chambre, au grenier. Pour la jeune femme, ce nouveau travail est une chance inespérée. L'occasion de repartir de zéro. Mais, sous des dehors respectables, sa patronne se montre de plus en plus instable...",En stock,"4,5 sur 5 étoiles",29 366 évaluations,"8,49 €",‏,,‏,‏,Non disponible,Romans et Littérature Française,https://www.amazon.fr/femme-m%C3%A9nage-Freida-McFadden/dp/2290391174,2025-09-03T17:47:25.589916
La psy,Freida McFadden,"8,60€",https://m.media-amazon.com/images/I/71cE6QbXHSL._SY522_.jpg,"Jeunes mariés, Tricia et Ethan recherchent la maison de leurs rêves. Alors qu'ils visitent le manoir isolé de la docteure Adrienne Hale, une psychiatre disparue trois ans plus tôt, ils se retrouvent piégés par une violente tempête de neige. Au grand effroi de Tricia, qui est persuadée que quelque chose de terrible s'est produit dans cette demeure. Et puis, il y a ces empreintes de pas récentes sur...",En stock,"4,4 sur 5 étoiles",8 822 évaluations,"8,49 €",‏,,‏,,Non disponible,Romans et Littérature Française,https://www.amazon.fr/psy-Freida-McFadden/dp/2290415626,2025-09-03T17:47:32.875679
"EASTPAK Padded PAK'R Sac à Dos, 24 L - Sunday Grey (Gris)",Auteur inconnu,"32,99€",https://m.media-amazon.com/images/I/912FNXgEz3L._AC_SX679_.jpg,"MATERIALES SOSTENIBLES, COLORES REFINADOS, CIERRES DE CREMALLERA SEGUROS, Y FABRICACION DE GRAN CALIDAD",,"4,7 sur 5 étoiles",74 678 évaluations,Expédié et vendu par Amazon.,Non disponible,Non disponible,Non disponible,Non disponible,Non disponible,Romans et Littérature Française,https://www.amazon.fr/EASTPAK-Padded-PAKR-Sac-Dos/dp/B003OJ8RAE,2025-09-03T17:47:41.920557
La femme de ménage voit tout,Freida McFadden,Prix non disponible,https://m.media-amazon.com/images/I/81tDiTTeXYL._SY466_.jpg,"Après avoir été au service des autres en tant que femme de ménage, Millie s’est enfin construit une vie à elle. Elle vient même d’emménager dans une belle maison, dans une petite impasse chic et tranquille, avec son mari et ses deux enfants.Mais son rêve d’une vie paisible est rapidement terni par la rencontre de ses voisins. Il y a Suzette, bien trop snob et aguicheuse, son insipide mari, mais su...",Format Kindle,"4,5 sur 5 étoiles",11 768 évaluations,"22,00 €",‏,,‏,‏,Non disponible,Romans et Littérature Française,https://www.amazon.fr/femme-m%C3%A9nage-voit-tout-ebook/dp/B0CW194QGL,2025-09-03T17:47:49.337313
La prof,Freida McFadden,Prix non disponible,https://m.media-amazon.com/images/I/71LPmlL7IaL._SY466_.jpg,"Chaque matin, Eve se lève et embrasse tendrement son mari, Nate. Ils partent  au travail ensemble, au lycée où elle enseigne les mathématiques et où Nate est professeur d’anglais. Une vie parfaite, réglée comme du papier à musique. Tranquille.Pourtant, l’année dernière, l’école a été secouée par un scandale. Un professeur a été licencié parce qu’il aurait eu une liaison avec Addie, une élève. Et c...",Format Kindle,"4,4 sur 5 étoiles",5 398 évaluations,"22,00 €",‏,,‏,‏,Non disponible,Romans et Littérature Française,https://www.amazon.fr/prof-Freida-McFadden-ebook/dp/B0DZ2K4HKC,2025-09-03T17:47:57.022925
Jamais 203,Kentin Jarno,"18,90€",https://m.media-amazon.com/images/I/814kAkj4WoL._SY425_.jpg,Une nouvelle romance pleine de suspense et d'émotions.,En stock,"4,4 sur 5 étoiles",211 évaluations,"9,99 €",‏,‏,‏,‏,Non disponible,Romans et Littérature Française,https://www.amazon.fr/Jamais-203-Kentin-Jarno/dp/2226493840,2025-09-03T17:48:06.151163
Mémoires d'un expert psychiatre,Angélina Delcroix,Prix non disponible,https://m.media-amazon.com/images/I/81XkI37YmRL._SY522_.jpg,PRIX COGNAC 2024 DU MEILLEUR ROMAN FRANCOPHONE,En stock,"4,5 sur 5 étoiles",2 117 évaluations,"7,99 €",‏,,‏,,Non disponible,Romans et Littérature Française,https://www.amazon.fr/M%C3%A9moires-expert-psychiatre-Ang%C3%A9lina-Delcroix/dp/2755678623,2025-09-03T17:48:13.023261
Plus grand que le ciel,Virginie Grimaldi,"8,90€",https://m.media-amazon.com/images/I/71gTwGi7ntL._SY522_.jpg,"Elsa et Vincent se croisent chaque mercredi dans la salle d’attente de leur psychiatre. Elle est écorchée et mordante. Il est rêveur et intranquille. Elle est conseillère funéraire. Il est romancier. Elle vient de perdre son père. Il cache sa plus grande blessure. Elle est en retard. Il est en avance. Ils ont pourtant rendez-vous.Quand, entre deux éclats de rire, l’empreinte des souvenirs se mêle ...",En stock,"4,4 sur 5 étoiles",6 053 évaluations,"8,49 €",‏,‏,‏,‏,Non disponible,Romans et Littérature Française,https://www.amazon.fr/Plus-grand-ciel-Virginie-Grimaldi/dp/2253251674,2025-09-03T17:48:20.819353
Les Ombres du monde : Rentrée littéraire 2025,Michel Bussi,Prix non disponible,https://m.media-amazon.com/images/I/814pVa3mavL._SY522_.jpg,""" Seul celui qui a traversé la nuit peut la raconter. ""Le roman événement de Michel Bussi.Une œuvre magistrale entre suspense et Histoire.",Format Kindle,"4,7 sur 5 étoiles",162 évaluations,"23,90 €",‏,,‏,‏,Non disponible,Romans et Littérature Française,https://www.amazon.fr/Ombres-monde-Rentr%C3%A9e-litt%C3%A9raire-2025-ebook/dp/B0F6Y9CF48,2025-09-03T17:48:27.662971
Tenir debout,Mélissa Da Costa,Prix non disponible,https://m.media-amazon.com/images/I/71-jQreuHLL._SY522_.jpg,"« Se pourrait-il que ce soit ça,Cette bête noire qui remue dans ma poitrinePiétine, déchire, ronge tout autour d’elle,Avec la férocité d’une hyène,Ne me laissant qu’un trou béant dans le cœurEt une sécheresse dans la gorge ?La culpabilité...Se pourrait-il que ce soit ça,Aimer malgré soi ?Aimer malAimer sans savoir pourquoiAimer... » Mélissa Da Costa nous plonge au cœur de l’intimité d’un couple en...",En stock,"4,6 sur 5 étoiles",4 761 évaluations,"9,99 €",‏,‏,‏,‏,Non disponible,Romans et Littérature Française,https://www.amazon.fr/Tenir-debout-M%C3%A9lissa-Costa/dp/2253251712,2025-09-03T17:48:36.552588
Les heures fragiles,Virginie Grimaldi,Prix non disponible,https://m.media-amazon.com/images/I/A1nRvnZ19BL._SY466_.jpg,"Diane a toujours eu des rêves simples. Un mari, deux enfants, un métier qui lui plaît, c'est plus que ce qu'elle osait espérer. Le jour où Seb la quitte, son monde vacille. Absorbée par sa peine, elle ne voit pas que le drame se joue ailleurs. Tout près d'elle, dans cette chambre qui fait face à la sienne, les rires de sa fille s'épuisent. Lou a seize ans, le mal de grandir, et son premier chagrin...",Format Kindle,"4,4 sur 5 étoiles",4 619 évaluations,"20,90 €",‏,,‏,‏,Non disponible,Romans et Littérature Française,https://www.amazon.fr/heures-fragiles-Virginie-Grimaldi-ebook/dp/B0F1V4MY7K,2025-09-03T17:48:45.653763
Le Roi des Démons,Elizabeth Briggs,"15,81€",https://m.media-amazon.com/images/I/61C+366TF+L._SY466_.jpg,"J'ai fait un pacte avec le diable. Maintenant, il prétend que je suis sa compagne de destin.",En stock,"4,5 sur 5 étoiles",1 346 évaluations,Broché – 21 septembre 2021,‏,‏,‏,‏,Non disponible,Romans et Littérature Française,https://www.amazon.fr/dp/1948456249/ref=sspa_dk_browse_0/,2025-09-03T17:48:53.469162
"Sinon tu peux choisir de vivre: Deep Impact 1 (une série humaine d'aventure et d'espionnage) (Deep Impact (suspense, aventure et espionnage))",Pierre Schreiber,Prix non disponible,https://m.media-amazon.com/images/I/81Dm27BPJ1L._SY466_.jpg,"Plus qu’un thriller, DEEP IMPACT est une saga humaine, d’aventure et d’espionnage comme vous n’en avez jamais lue.",Format Kindle,"4,2 sur 5 étoiles",1 396 évaluations,"19,90 €",Non disponible,,‏,‏,Non disponible,Romans et Littérature Française,https://www.amazon.fr/dp/B08NW4MLZN/ref=sspa_dk_browse_1/,2025-09-03T17:49:01.143428
Orgueil et Préjugés,Jane Austen,"12,99€",https://m.media-amazon.com/images/I/61XtQLgDvhL._SY466_.jpg,"Le roman le plus populaire de Jane Austen, l’histoire inoubliable d’Elizabeth Bennet et de M. Darcy.",En stock,"4,5 sur 5 étoiles",295 évaluations,"19,99 €",‏,‏,‏,,Non disponible,Romans et Littérature Française,https://www.amazon.fr/dp/2383040320/ref=sspa_dk_browse_2/,2025-09-03T17:49:08.109069
"Deviens ce que tu es: Deep Impact — Série de suspense et d'espionnage, tome 2",Pierre Schreiber,Prix non disponible,https://m.media-amazon.com/images/I/71b5Ers7QhL._SY466_.jpg,"Enquête, aventure, espionnage, plongez dans une saga à suspense au souffle unique, et voyagez de Paris à Bangkok en passant par l’océan Indien.",En stock,"4,3 sur 5 étoiles",1 086 évaluations,Broché – 22 juin 2021,‏,,‏,‏,Non disponible,Romans et Littérature Française,https://www.amazon.fr/dp/2957539322/ref=sspa_dk_browse_3/,2025-09-03T17:49:15.419964
7 jours pour tout se dire (Collection Tranches de vie),Florence Clerfeuille,Prix non disponible,https://m.media-amazon.com/images/I/A1cgv1TkvSL._SY466_.jpg,Comment faire le deuil de sa propre existence en une semaine ?,Format Kindle,"4,5 sur 5 étoiles",1 116 évaluations,"15,00 €",‏,,‏,‏,Non disponible,Romans et Littérature Française,https://www.amazon.fr/dp/B07TDC5Q75/ref=sspa_dk_browse_4/,2025-09-03T17:49:23.802570
Dans la peau (Collection Tranches de vie),Florence Clerfeuille,Prix non disponible,https://m.media-amazon.com/images/I/91KeUr3WQML._SY466_.jpg,"Prix Kindle : 17,97 €TVA incluse",Format Kindle,"4,4 sur 5 étoiles",267 évaluations,"15,00 €",‏,,‏,‏,Non disponible,Romans et Littérature Française,https://www.amazon.fr/dp/B08XM8DYDC/ref=sspa_dk_browse_5/,2025-09-03T17:49:31.194387
La vie enfuie de Martha K. (Hors collection),Angélique Barbérat,Prix non disponible,https://m.media-amazon.com/images/I/91QG+HiKdjL._SY466_.jpg,Pas de description,Format Kindle,"4,3 sur 5 étoiles",574 évaluations,"7,99 €",‏,lisez avec notre  appli gratuite,‏,‏,Non disponible,Romans et Littérature Française,https://www.amazon.fr/vie-enfuie-Martha-K-ebook/dp/B01MU9Z9ZH,2025-09-03T17:49:36.702050
"Shogun: Book One of the Asian Saga - The book that inspired the Emmy, Bafta and Golden Globe Award-winning TV show (English Edition)",James Clavell,Prix non disponible,https://m.media-amazon.com/images/I/91lMe9cT0qL._SY466_.jpg,"NOW A MAJOR GOLDEN GLOBE, BAFTA AND EMMY-WINNING TV SERIES","01 Édition, Format Kindle","4,7 sur 5 étoiles",26 630 évaluations,"11,76 €",‏,‏,‏,‏,Non disponible,Romans et Littérature Française,https://www.amazon.fr/Shogun-First-Novel-Asian-saga-ebook/dp/B00D3J2QKC,2025-09-03T17:49:45.257216
The Light Behind The Window: A breathtaking story of love and war from the bestselling author of The Seven Sisters series (English Edition),Lucinda Riley,Prix non disponible,https://m.media-amazon.com/images/I/81BxzFnRtRL._SY466_.jpg,"Unlocking the past is the key to the future . . .From Lucinda Riley, number one bestselling author of the Seven Sisters series,",Format Kindle,"4,6 sur 5 étoiles",23 326 évaluations,"10,77 €",‏,‏,‏,‏,Non disponible,Romans et Littérature Française,https://www.amazon.fr/Light-Behind-Window-English-ebook/dp/B008RWXPOQ,2025-09-03T17:49:51.322349
Legends & Lattes: A heart-warming cosy fantasy and TikTok sensation (English Edition),Travis Baldree,Prix non disponible,https://m.media-amazon.com/images/I/81TDEw5Ae9L._SY466_.jpg,"Prix Kindle : 7,13 €TVA incluse",Format Kindle,"4,5 sur 5 étoiles",27 280 évaluations,"20,75 €",‏,‏,‏,‏,Non disponible,Romans et Littérature Française,https://www.amazon.fr/Legends-Lattes-English-Travis-Baldree-ebook/dp/B0B426VJL7,2025-09-03T17:49:58.100587
Lux,Maxime Chattam,Prix non disponible,https://m.media-amazon.com/images/I/61Ik2rWl6LL._SY425_.jpg,Les scientifiques comme les religieux ne peuvent expliquer ce qu’elle est ni d’où elle vient.,Format Kindle,"4,1 sur 5 étoiles",1 508 évaluations,"22,90 €",‏,lisez avec notre  appli gratuite,‏,‏,Non disponible,Romans et Littérature Française,https://www.amazon.fr/Lux-Maxime-Chattam-ebook/dp/B0CKMBDJPF,2025-09-03T17:50:05.972817
The Secret Keeper: A Compelling Story of Enduring Love and Betrayal from the Number One Bestselling Author (English Edition),Kate Morton,Prix non disponible,https://m.media-amazon.com/images/I/81mowRaZ9BL._SY466_.jpg,"Utterly spellbinding and profoundly moving,",Format Kindle,"4,4 sur 5 étoiles",25 016 évaluations,"18,98 €",‏,‏,‏,‏,Non disponible,Romans et Littérature Française,https://www.amazon.fr/Secret-Keeper-Allport-limited-English-ebook/dp/B008PQ8XZK,2025-09-03T17:50:13.294254
Heartstone: A Spellbinding Epic of War and Intrigue from the Bestselling Historical Series (The Shardlake Series Book 5) (English Edition),C. J. Sansom,Prix non disponible,https://m.media-amazon.com/images/I/81-DPE2C7tL._SY466_.jpg,'C. J. Sansom’s books are arguably the best Tudor novels going' –,Format Kindle,"4,6 sur 5 étoiles",11 650 évaluations,"7,05 €",‏,‏,‏,‏,Non disponible,Romans et Littérature Française,https://www.amazon.fr/Heartstone-C-J-Sansom-ebook/dp/B003XREHV0,2025-09-03T17:50:19.717486
Brothersong: A heart-rending werewolf shifter tale filled with love and loss (Green Creek Book 4) (English Edition),TJ Klune,Prix non disponible,https://m.media-amazon.com/images/I/81dOcTWmdDL._SY466_.jpg,"Set in the dreamy backwoods of Oregon,",Format Kindle,"4,7 sur 5 étoiles",3 651 évaluations,"26,83 €",‏,‏,‏,‏,Non disponible,Romans et Littérature Française,https://www.amazon.fr/Brothersong-Green-Creek-Book-English-ebook/dp/B0BBGTBQVJ,2025-09-03T17:50:26.762873
The Trees: From the Booker Prize-shortlisted author of James (English Edition),Percival Everett,Prix non disponible,https://m.media-amazon.com/images/I/71DF1jrbZNL._SY466_.jpg,"Shortlisted for the Booker Prize, Percival Everett's",Format Kindle,"4,2 sur 5 étoiles",8 968 évaluations,"12,19 €",‏,‏,‏,‏,Non disponible,Romans et Littérature Française,https://www.amazon.fr/Trees-English-Percival-Everett-ebook/dp/B0CGP65TB9,2025-09-03T17:50:34.812791
The Return: The 'captivating and deeply moving' Number One bestseller (English Edition),Victoria Hislop,Prix non disponible,https://m.media-amazon.com/images/I/81lW3IEiIeL._SY466_.jpg,"'A beautiful book, story, piece of history. From the haunting tones of the flamenco to a country ravaged by fanaticism. Hardly a day goes past since finishing this book that I don't think about some aspect of it. One of the best books I have read in a long time' Real Reader Review, ⭐ ⭐ ⭐ ⭐ ⭐",Format Kindle,"4,3 sur 5 étoiles",6 905 évaluations,"100,72 €",‏,‏,‏,‏,Non disponible,Romans et Littérature Française,https://www.amazon.fr/Return-English-Victoria-Hislop-ebook/dp/B002S0KBTK,2025-09-03T17:50:41.796620
"Frank and Red: The 'warm-hearted, weepy, riotously funny, feel-good' story of an unlikely friendship. (English Edition)",Matt Coyne,Prix non disponible,https://m.media-amazon.com/images/I/81k7vmhMEgL._SY466_.jpg,Pas de description,Format Kindle,"4,6 sur 5 étoiles",9 237 évaluations,"22,65 €",‏,‏,‏,‏,Non disponible,Romans et Littérature Française,https://www.amazon.fr/Frank-Red-heart-warming-unlikely-friendship-ebook/dp/B0C8N3YPSF,2025-09-03T17:50:50.002623
Welcome to The Phare Ouest: Romance Contemporaine déjantée au cœur du Far West Breton,Karyn Adler,Prix non disponible,https://m.media-amazon.com/images/I/91bIJpeEDKL._SY466_.jpg,"Qui n’a jamais rêvé de vivre dans les plaines de l’Ouest, un Stetson vissé sur la tête et des santiags aux pieds ? Colombe.À vrai dire, Colombe n’a jamais rêvé de rien. Sa mère dit d’elle qu’elle est née aigrie, et la jeune femme n’a jamais cherché à lui donner tort.Pourtant, lorsqu’elle se retrouve sans emploi et qu’une voix, à la radio, annonce un concours pour gagner un job au Far West, Colombe...",Format Kindle,"4,5 sur 5 étoiles",38 évaluations,"16,90 €",‏,lisez avec notre  appli gratuite,‏,Non disponible,Non disponible,Romans et Littérature Française,https://www.amazon.fr/Welcome-Phare-Ouest-Contemporaine-d%C3%A9jant%C3%A9e-ebook/dp/B0F18WKNJL,2025-09-03T17:50:56.472847
La femme de ménage se marie,Freida McFadden,Prix non disponible,https://m.media-amazon.com/images/I/81FGULEBXNL._SY522_.jpg,"Aujourd’hui est censé être le plus beau jour de la vie de Millie. La femme de ménage se marie avec Enzo, l’homme de ses rêves, et rien ne peut gâcher son bonheur. D’autant que ses parents, avec lesquels elle est brouillée depuis quinze ans, ont promis d’assister à la cérémonie.Mais alors qu’elle devrait se préoccuper uniquement de sa robe et de sa coiffure, Millie est confrontée à un sérieux probl...",En stock,"3,7 sur 5 étoiles",5 960 évaluations,"2,99 €",‏,‏,‏,‏,Non disponible,Romans et Littérature Française,https://www.amazon.fr/femme-m%C3%A9nage-se-marie/dp/2824629428,2025-09-03T17:51:04.165790
Manon Lescaut,Abbé Prévost,Prix non disponible,https://m.media-amazon.com/images/I/61dcIlwc3wL._SY425_.jpg,"BAC 2023 Dossier pédagogique de Marc Stéphan.   Dès que le chevalier Des Grieux aperçoit Manon Lescaut, il tombe irrémédiablement amoureux de la séduisante jeune femme et s'enfuit avec elle. Mais, très vite, la mystérieuse Manon trompe le sage chevalier et l'entraîne dans une lente descente aux enfers... Passion, trahisons, jeux, prostitution et emprisonnements jalonnent l'histoire devenue légenda...",En stock,"4,6 sur 5 étoiles",1 550 évaluations,"1,99 €",‏,‏,‏,‏,Non disponible,Romans et Littérature Française,https://www.amazon.fr/Manon-Lescaut-Abb%C3%A9-Pr%C3%A9vost/dp/B09TQYNX71,2025-09-03T17:51:10.059184
L'Inconnue du portrait (Littérature),Camille de Peretti,Prix non disponible,https://m.media-amazon.com/images/I/91pUmzuK7hL._SY466_.jpg,«  La toile vibrait de beauté. Elle en avait le souffle coupé et se noyait dans l’œil bleu ciel piqueté de vert. Est-ce qu’elle était réellement le sosie de cette inconnue ?  »,Format Kindle,"4,4 sur 5 étoiles",2 288 évaluations,"21,50 €",‏,,‏,‏,Non disponible,Romans et Littérature Française,https://www.amazon.fr/LInconnue-portrait-Litt%C3%A9rature-Camille-Peretti-ebook/dp/B0CQ8P8C8X,2025-09-03T17:51:15.045859
The Housemaid: An absolutely addictive psychological thriller with a jaw-dropping twist (English Edition),Freida McFadden,Prix non disponible,https://m.media-amazon.com/images/I/8105fcMAVyL._SY466_.jpg,"“Welcome to the family,” Nina Winchester says as I shake her elegant, manicured hand. I smile politely, gazing around the marble hallway. Working here is my last chance to start fresh. I can pretend to be whoever I like. But I’ll soon learn that the Winchesters’ secrets are far more dangerous than my own…",Format Kindle,"4,3 sur 5 étoiles",533 104 évaluations,"24,41 €",‏,,‏,‏,Non disponible,Romans et Littérature Française,https://www.amazon.fr/Housemaid-absolutely-addictive-psychological-jaw-dropping-ebook/dp/B09TWSRMCB,2025-09-03T17:51:23.575063
Au Bord De La Folie: Thriller Post-Apocalyptique (Série Edge of Collapse t. 2),Kyla Stone,Prix non disponible,https://m.media-amazon.com/images/I/81K0m9bYCQL._SY466_.jpg,"Dans un monde sans électricité, un homme peut-il protéger son fils ?",Format Kindle,"4,5 sur 5 étoiles",1 660 évaluations,"15,81 €",‏,,‏,‏,Non disponible,Romans et Littérature Française,https://www.amazon.fr/Au-Bord-Folie-Thriller-Post-Apocalyptique-ebook/dp/B0D71DP34S,2025-09-03T17:51:32.182093
Le Joueur d'échecs,Stefan Zweig,Prix non disponible,https://m.media-amazon.com/images/I/716RajLiAiL._SY522_.jpg,"Qui est cet inconnu capable d'en remontrer au grand Czentovic, le champion mondial des échecs, véritable prodige aussi fruste qu'antipathique ? Peut-on croire, comme il l'affirme, qu'il n'a pas joué depuis plus de vingt ans ? Voilà un mystère que les passagers oisifs de ce paquebot de luxe aimeraient bien percer.Le narrateur y parviendra. Les circonstances dans lesquelles l'inconnu a acquis cette ...",En stock,"4,5 sur 5 étoiles",3 085 évaluations,"2,99 €",‏,‏,‏,‏,Non disponible,Romans et Littérature Française,https://www.amazon.fr/Joueur-d%C3%A9checs-Stefan-Zweig/dp/2253174076,2025-09-03T17:51:40.757189
Résister,Salomé Saqué,Prix non disponible,https://m.media-amazon.com/images/I/31JtrAY2YtL._SY466_.jpg,"L’extrême droite est aux portes du pouvoir. Dans les urnes comme dans les esprits, ses thèmes, son narratif et son vocabulaire s’imposent. Il est encore temps d’inverser cette tendance, à condition de comprendre les rouages de cette progression et de réagir rapidement.",En stock,"4,7 sur 5 étoiles",482 évaluations,"3,99 €",‏,‏,‏,‏,Non disponible,Romans et Littérature Française,https://www.amazon.fr/R%C3%A9sister-Salom%C3%A9-Saqu%C3%A9/dp/2228937592,2025-09-03T17:51:49.746793
Lettre d'une inconnue,Stefan Zweig,Prix non disponible,https://m.media-amazon.com/images/I/71Q3cEt921L._SY522_.jpg,"Une jeune femme dans une situation tragique écrit à l'homme qu'elle a aimé passionnément, depuis l'enfance, pour lui rappeler son histoire : de leurs trois nuits d'amour est né un enfant qu'elle a élevé seule. Elle cherche à renouer le fil de leur relation. Mais son ancien amant est un brillant séducteur, un écrivain qui jouit égoïstement des plaisirs de la vie. Pour lui, elle n'est qu'une femme p...",En stock,"4,5 sur 5 étoiles",743 évaluations,"1,99 €",‏,‏,‏,‏,Non disponible,Romans et Littérature Française,https://www.amazon.fr/Lettre-dune-inconnue-Stefan-Zweig/dp/2070469824,2025-09-03T17:51:59.497906
Dom Juan,Molière,Prix non disponible,https://m.media-amazon.com/images/I/61sK-zj7HhL._SY425_.jpg,"Dossier pédagogique de Justine Francioli mis à jour par Julie Champion. Qui est Dom Juan ? À en croire son valet, Sganarelle, il est « le plus grand scélérat que la terre ait porté ». Devenu une figure mythique, le personnage peint par Molière est un séducteur, un provocateur, un libertin sans scrupule qui refuse les bornes imposées à son désir. Il multiplie les conquêtes féminines, offense son pè...",En stock,"4,6 sur 5 étoiles",931 évaluations,"Broché – Illustré, 18 août 2021",‏,‏,‏,‏,Non disponible,Romans et Littérature Française,https://www.amazon.fr/Dom-Juan-Julie-Cuvillier/dp/B093B6J7N3,2025-09-03T17:52:07.115263
L'homme qui plantait des arbres,Jean Giono,Prix non disponible,https://m.media-amazon.com/images/I/71yLMerbmWL._SY425_.jpg,Pas de description,En stock,"4,5 sur 5 étoiles",1 475 évaluations,"6,49 €",‏,‏,‏,‏,Non disponible,Romans et Littérature Française,https://www.amazon.fr/Lhomme-plantait-arbres-Jean-Giono/dp/2070794024,2025-09-03T17:52:15.863311
Candide - Classiques et Patrimoine,Voltaire,Prix non disponible,https://m.media-amazon.com/images/I/71S9Act0pmL._SY425_.jpg,Pas de description,En stock,"4,6 sur 5 étoiles",2 736 évaluations,"1,99 €",‏,,‏,‏,Non disponible,Romans et Littérature Française,https://www.amazon.fr/Candide-Voltaire/dp/2210760852,2025-09-03T17:52:25.725950
"Bibliocollège - Le Médecin malgré lui, Molière",Jean-Baptiste Molière (Poquelin dit),Prix non disponible,https://m.media-amazon.com/images/I/71wNY1nm6yL._SY425_.jpg,"Martine a décidé de se venger de Sganarelle, son vaurien de mari ! Les circonstances vont lui offrir une occasion bien tentante : le faire passer pour un médecin – malgré lui !La vengeance de Martine s’accomplira-t-elle ? Comment Sganarelle réussira-t-il à se tirer de cette situation ?",En stock,"4,7 sur 5 étoiles",561 évaluations,"2,99 €",‏,,‏,‏,Non disponible,Romans et Littérature Française,https://www.amazon.fr/Bibliocoll%C3%A8ge-M%C3%A9decin-malgr%C3%A9-lui-Moli%C3%A8re/dp/2017167142,2025-09-03T17:52:32.721449
Benigna Machiavelli,Charlotte Perkins Gilman,"20,50€",https://m.media-amazon.com/images/I/61uoOd6lL1L._SY522_.jpg,Pas de description,Il ne reste plus que 1 exemplaire(s) en stock (d'autres exemplaires sont en cours d'acheminement).,"4,0 sur 5 étoiles",15 évaluations,"0,99 €",‏,‏,‏,,Non disponible,Romans et Littérature Française,https://www.amazon.fr/Benigna-Machiavelli-Charlotte-Perkins-Gilman/dp/287858127X,2025-09-03T17:52:40.835421
Eleven Minutes: A Novel,Paulo Coelho,"12,60€",https://m.media-amazon.com/images/I/81MdU4OCK+L._SY466_.jpg,Pas de description,Habituellement expédié sous 2 à 3 semaines,"4,4 sur 5 étoiles",5 715 évaluations,"6,99 €",‏,‏,‏,,Non disponible,Romans et Littérature Française,https://www.amazon.fr/Eleven-Minutes-Novel-Paulo-Coelho/dp/0060589280,2025-09-03T17:52:50.594963
Le symbole perdu décrypté,Simon Cox,"12,43€",https://m.media-amazon.com/images/I/81n1CRLGrVL._SY522_.jpg,"Depuis cinq ans, on attendait le nouveau Dan Brown : Le Symbole perdu sortira le 15 septembre 2009. On soupçonne que Robert Langdon y sera confronté à deux sociétés secrètes : les Francs-Maçons et l'ordre de la Rose-Croix, et qu'il suivra leur piste de Washington à Salt Lake City, en passant par Jérusalem. Organisé de A à Z pour une lecture simple, illustré, Le Symbole perdu décrypté répond à tout...",Habituellement expédié sous 3 à 4 jours,"4,2 sur 5 étoiles",6 évaluations,"3,61 €",‏,‏,‏,‏,Non disponible,Romans et Littérature Française,https://www.amazon.fr/symbole-perdu-d%C3%A9crypt%C3%A9-Simon-Cox/dp/2749911214,2025-09-03T17:52:57.843892
Le Destin des Steenfort (Hors Collection),Jean Van Hamme,Prix non disponible,https://m.media-amazon.com/images/I/81l1AwdCUyL._SY466_.jpg,"En 1934, à Bourg-d'Artois, Adrien Steenfort se bat pour conserver le monopole de la production de la bière. Veuf inconsolé de la belle Joanna, il prospecte le marché européen avec une nouvelle bière, la Joanne, en fondant tous ses espoirs sur son fils, Charles. Mais c'est sans compter sur l'ambition du nouveau directeur commercial de la brasserie, Léopold Garcin, prêt aux pires noirceurs pour arri...",Format Kindle,"4,2 sur 5 étoiles",12 évaluations,"3,99 €",‏,lisez avec notre  appli gratuite,‏,‏,Non disponible,Romans et Littérature Française,https://www.amazon.fr/Destin-Steenfort-Hors-Collection-ebook/dp/B019EDXH2Q,2025-09-03T17:53:03.930548
The Cream of Tank Girl: The Art and Craft of a Comics Icon,Alan C. Martin,"27,13€",https://m.media-amazon.com/images/I/71q1345iffL._SY385_.jpg,"Spewing filth and fury since 1988, celebrate the 20th anniversary of Alan Martin and Jamie Hewlett's foul-mouthed, anarchic creation with",En stock,"4,7 sur 5 étoiles",132 évaluations,"Relié – Illustré, 24 octobre 2008",‏,‏,‏,‏,Non disponible,Romans et Littérature Française,https://www.amazon.fr/Cream-Tank-Girl-Alan-Martin/dp/1845769422,2025-09-03T17:53:10.597753
Le Dernier Berlinois,Y. Kaniuk,"20,30€",https://m.media-amazon.com/images/I/41qLJ7XELUL._SY466_.jpg,"Après avoir refusé pendant de nombreuses années d?entrer sur le territoire allemand, l?Israélien Yoram Kaniuk s?est un jour décidé à partir sur les traces de son père, grand admirateur de l?Allemagne qu?il avait été contraint de quitter au début des années trente.A la recherche de cette vie intellectuelle d?avant-guerre que son père n?a cessé de pleurer, plein de nostalgie, à Tel-Aviv, Yoram Kaniu...",Habituellement expédié sous 6 à 7 jours,"4,0 sur 5 étoiles",1 évaluation,"Broché – Grand livre, 1 octobre 2003",‏,‏,‏,‏,Non disponible,Romans et Littérature Française,https://www.amazon.fr/Dernier-Berlinois-Y-Kaniuk/dp/2213616566,2025-09-03T17:53:19.085067
Vie de chiens,Dorine Geneux,"15,90€",https://m.media-amazon.com/images/I/51iO4NEWJcL._SY425_.jpg,"« Je vécus les plus belles années de mon enfance en compagnie de Bill. Dès la sortie de l école, et quel que soit le temps, nous partions courir jusqu à la tombée de la nuit. Grand-mère avait tenu sa promesse. Elle ne s occupait que de le nourrir. Pourtant, malgré elle, elle s était prise d affection pour Bill. Comme il était parfaitement dressé, il restait sur sa couverture jusqu à ce qu on l aut...",Il ne reste plus que 1 exemplaire(s) en stock.,Diapositive précédente des détails du produit,0 avis,Broché – 14 mars 2008,‏,‏,‏,‏,Non disponible,Romans et Littérature Française,https://www.amazon.fr/Vie-chiens-Dorine-Geneux/dp/2916497625,2025-09-03T17:53:26.437350
The Cider House Rules: A Novel,John Irving,"19,24€",https://m.media-amazon.com/images/I/81j33gSxSAL._SY466_.jpg,Pas de description,Habituellement expédié sous 7 à 8 jours,"4,5 sur 5 étoiles",3 425 évaluations,"8,89 €",‏,‏,‏,‏,Non disponible,Romans et Littérature Française,https://www.amazon.fr/Cider-House-Rules-Novel/dp/0345417941,2025-09-03T17:53:32.458162
The Glass Bead Game,Hermann Hesse,"23,20€",https://m.media-amazon.com/images/I/715K6tS9e8L._SY425_.jpg,"The final novel of Hermann Hesse, for which he won the Nobel Prize for Literature in 1946,",En stock,"4,5 sur 5 étoiles",1 264 évaluations,"1,80 €",‏,‏,‏,‏,Non disponible,Romans et Littérature Française,https://www.amazon.fr/Glass-Bead-Game-Magister-Ludi/dp/0312278497,2025-09-03T17:53:40.675156
Djibouti: A Novel,Elmore Leonard,Prix non disponible,https://m.media-amazon.com/images/I/61HLG0b7HFL._SY466_.jpg,“Elmore Leonard is in a class of one….The greatest crime writer who ever lived.”—Dennis Lehane,Habituellement expédié sous 6 à 7 mois,"3,9 sur 5 étoiles",407 évaluations,"3,89 €",‏,‏,‏,‏,Non disponible,Romans et Littérature Française,https://www.amazon.fr/Djibouti-Novel-Elmore-Leonard/dp/0062008315,2025-09-03T17:53:47.593636
"Sharpe’s Triumph: The Battle of Assaye, September 1803",Bernard Cornwell,"5,05€",https://m.media-amazon.com/images/I/71rKuevSaGL._SY522_.jpg,"The latest of Cornwell’s perennially popular Sharpe adventures, returning, like Sharpe’s Tiger, to India, and culminating with the battle at Assaye which Wellington considered his greatest victory. Repackaged in the fantastic new Sharpe look.",Il ne reste plus que 1 exemplaire(s) en stock.,"4,5 sur 5 étoiles",4 767 évaluations,"6,99 €",‏,‏,‏,,Non disponible,Romans et Littérature Française,https://www.amazon.fr/Sharpes-Triumph-Bernard-Cornwell/dp/0006510302,2025-09-03T17:53:55.559706
Counter-Clock World,Philip K. Dick,"13,41€",https://m.media-amazon.com/images/I/51ImSkSr7cL._SY466_.jpg,"Beano Fiction Beano Dennis et Gnasher Attack Of The Evil Veg, 9780755503599 - Ce livre est en anglais.",Il ne reste plus que 7 exemplaire(s) en stock (d'autres exemplaires sont en cours d'acheminement).,"4,2 sur 5 étoiles",201 évaluations,"6,49 €",‏,‏,‏,‏,Non disponible,Romans et Littérature Française,https://www.amazon.fr/Counter-Clock-World-Philip-K-Dick/dp/0007127707,2025-09-03T17:54:04.745532
Sido suivi de Les Vrilles de la vigne (Edition pédagogique) BAC,Colette,"6,20€",https://m.media-amazon.com/images/I/81sm08ArfLL._SY522_.jpg,Pas de description,En stock,"4,6 sur 5 étoiles",1 162 évaluations,"2,95 €",‏,‏,‏,‏,Non disponible,Romans et Littérature Française,https://www.amazon.fr/Sido-suivi-Vrilles-vigne-p%C3%A9dagogique/dp/225310440X,2025-09-03T17:54:12.088494
Antigone,Jean Anouilh,"6,50€",https://m.media-amazon.com/images/I/71EoBhWCc4L._SY522_.jpg,"""L'Antigone de Sophocle, lue et relue et que je connaissais par coeur depuis toujours, a été un choc soudain pour moi pendant la guerre, le jour des petites affiches rouges. Je l'ai réécrite à ma façon, avec la résonance de la tragédie que nous étions alors en train de vivre."" Jean Anouilh.",En stock,"4,6 sur 5 étoiles",6 115 évaluations,Poche – 8 juin 2016,‏,‏,‏,‏,Non disponible,Romans et Littérature Française,https://www.amazon.fr/Antigone-Jean-Anouilh/dp/2710381419,2025-09-03T17:54:18.079266
"Mes forêts: Suivi de Le paysage, l'intime, la poésie",Hélène Dorion,"5,90€",https://m.media-amazon.com/images/I/51Tk3NjQZ5L._SY425_.jpg,"Hélène Dorion, première Québécoise vivante au programme du Baccalauréat, vit environnée de lacs et de forêts, de fleuves et de rivages, de brumes de mémoire et de vastes estuaires où la pensée s’évase. À travers cette expérience immersive dans la forêt des mots, elle nous invite à traverser les paysages pour aller vers « ce que l’on nomme humanité ». En supplément, un dossier consacré à la poésie,...",En stock,"4,6 sur 5 étoiles",449 évaluations,"4,99 €",‏,‏,‏,,Non disponible,Romans et Littérature Française,https://www.amazon.fr/Mes-for%C3%AAts-paysage-lintime-po%C3%A9sie/dp/2362294390,2025-09-03T17:54:26.398947
La prof,Freida McFadden,"22,00€",https://m.media-amazon.com/images/I/71LPmlL7IaL._SY466_.jpg,"Chaque matin, Eve se lève et embrasse tendrement son mari, Nate. Ils partent au travail ensemble, au lycée où elle enseigne les mathématiques et où Nate est professeur d’anglais. Une vie parfaite, réglée comme du papier à musique. Tranquille.Pourtant, l’année dernière, l’école a été secouée par un scandale. Un professeur a été licencié parce qu’il aurait eu une liaison avec Addie, une élève. Et ce...",En stock,"4,4 sur 5 étoiles",5 398 évaluations,"12,99 €",‏,‏,‏,‏,Non disponible,Romans et Littérature Française,https://www.amazon.fr/prof-Freida-McFadden/dp/2824629096,2025-09-03T17:54:35.199468
La sage-femme d'Auschwitz,Anna Stuart,Prix non disponible,https://m.media-amazon.com/images/I/71ubMzTUUfL._SY522_.jpg,"Lorsqu'elle arrive à Auschwitz, sous un ciel bas et gris, Ana est persuadée qu'elle ne survivra pas à l'enfer du camp. Mais elle possède une compétence que les nazis recherchent : elle est sage-femme. Son travail sera de donner naissance aux enfants des autres prisonnières. Une mission terrible car, dès qu'ils ont poussé leur premier cri, les nouveau-nés sont emmenés et donnés à des familles allem...",En stock,"4,7 sur 5 étoiles",8 659 évaluations,"20,00 €",‏,,‏,‏,Non disponible,Romans et Littérature Française,https://www.amazon.fr/sage-femme-dAuschwitz-Anna-Stuart/dp/2290396397,2025-09-03T17:54:42.860287
Toutes ses fautes,Andrea Mara,"9,90€",https://m.media-amazon.com/images/I/71IVwqHzc-L._SY522_.jpg,"Une disparition, quatre suspectes :les portes fermées ne dissimulent pas tout…",En stock,"4,3 sur 5 étoiles",4 057 évaluations,"19,90 €",‏,,‏,‏,Non disponible,Romans et Littérature Française,https://www.amazon.fr/Toutes-ses-fautes-Andrea-Mara/dp/B0DPK5QD8K,2025-09-03T17:54:50.350870
SANS TOI: UN VOYAGE POUR SURMONTER LA PERTE D'UN ÊTRE CHER,Sofia Conti,Prix non disponible,https://m.media-amazon.com/images/I/51tZy2DlDJL._SY466_.jpg,Pas de description,En stock,"4,6 sur 5 étoiles",44 évaluations,Broché – 16 février 2025,‏,,‏,‏,Non disponible,Romans et Littérature Française,https://www.amazon.fr/SANS-TOI-VOYAGE-SURMONTER-PERTE/dp/B0DXDS7ZWQ,2025-09-03T17:54:56.948557
L'heure des prédateurs,Giuliano da Empoli,"19,00€",https://m.media-amazon.com/images/I/81qNNL65TwL._SY466_.jpg,"""Aujourd'hui, l'heure des prédateurs a sonné et partout les choses évoluent d'une telle façon que tout ce qui doit être réglé le sera par le feu et par l'épée. Ce petit livre est le récit de cette conquête, écrit du point de vue d'un scribe aztèque et à sa manière, par images, plutôt que par concepts, dans le but de saisir le souffle d'un monde, au moment où il sombre dans l'abîme, et l'emprise gl...",En stock,"4,2 sur 5 étoiles",1 260 évaluations,"13,99 €",‏,,‏,‏,Non disponible,Romans et Littérature Française,https://www.amazon.fr/Lheure-pr%C3%A9dateurs-Giuliano-Empoli/dp/2073113206,2025-09-03T17:55:06.617493
"La Soeur de la tempête (Les sept Soeurs, Tome 2)",Lucinda Riley,"10,90€",https://m.media-amazon.com/images/I/81cKArJWVCL._SY522_.jpg,"À la mort de leur père, énigmatique milliardaire qui les a ramenées des quatre coins du monde et adoptées lorsqu’elles étaient bébés, Ally d’Aplièse et ses sœurs se retrouvent dans la maison de leur enfance, Atlantis, un magnifique château sur les bords du lac de Genève.Ally, la deuxième sœur au tempérament tempétueux, est navigatrice et musicienne. Lorsqu’une nouvelle tragédie la touche, la jeune...",En stock,"4,6 sur 5 étoiles",7 832 évaluations,"7,99 €",‏,‏,‏,‏,Non disponible,Romans et Littérature Française,https://www.amazon.fr/Soeur-temp%C3%AAte-sept-Soeurs/dp/2253262331,2025-09-03T17:55:14.070407
"Le Pumpkin Spice Café: La série TikTok à succès, pour les fans de romance cosy en 2025 !",Laurie Gilmore,Prix non disponible,https://m.media-amazon.com/images/I/71cnAkU1sNL._SY342_.jpg,"N’attendez plus : le phénomène TikTok planétaire arrive enfin en France ! Lorsque la tante de Jeanie lui confie le Pumpkin Spice Café, lieu de rencontre bien-aimé de la petite ville de Dream Harbor, la jeune femme saute sur l’occasion pour prendre un nouveau départ, loin de son travail de bureau déprimant. Logan, un agriculteur local, a beau se tenir à l’écart de la communauté et de ses ragots, l’...",Cet article paraîtra le 24 septembre 2025.,"4,2 sur 5 étoiles",405 évaluations,"Broché – Grand livre, 24 septembre 2025",‏,,‏,‏,Non disponible,Romans et Littérature Française,https://www.amazon.fr/Pumpkin-Spice-Caf%C3%A9-TikTok-romance/dp/B0F7B5JL7M,2025-09-03T17:55:22.176951
"La Soeur de l'ombre (Les sept Soeurs, Tome 3)",Lucinda Riley,"10,90€",https://m.media-amazon.com/images/I/81Vs+h+zwUL._SY522_.jpg,"À la mort de leur père, énigmatique milliardaire qui les a ramenées des quatre coins du monde et adoptées lorsqu’elles étaient bébés, Star d’Aplièse et ses sœurs se retrouvent dans la maison de leur enfance, Atlantis, un magnifique château sur les bords du lac de Genève. Pour héritage, elles reçoivent chacune un indice qui leur permettra peut-être de percer le mystère de leurs origines.Mais Star, ...",En stock,"4,6 sur 5 étoiles",14 415 évaluations,"7,99 €",‏,‏,‏,,Non disponible,Romans et Littérature Française,https://www.amazon.fr/Soeur-lombre-sept-Soeurs/dp/225326234X,2025-09-03T17:55:29.391068
Les gens qui m'appellent Liam ne me connaissent pas,Julie Madar,Prix non disponible,https://m.media-amazon.com/images/I/71yJ96F0P9L._SY466_.jpg,"Suivie par 900 000 personnes, Liam joue le jeu en postant régulièrement des moments intimes et heureux de sa vie. Mais derrière le filtre, la réalité et le quotidien de Léa reprennent. Mariée à un homme condamné à douze ans de prison et maman de quatre enfants dont une petite fille lourdement handicapée, son existence romancée ressemble davantage à une comédie dramatique qu’à la mélodie du bonheur...",Cet article paraîtra le 2 octobre 2025.,Diapositive précédente des détails du produit,0 avis,"12,99 €",‏,,‏,‏,Non disponible,Romans et Littérature Française,https://www.amazon.fr/gens-qui-mappellent-Liam-connaissent/dp/B0FBWB74G7,2025-09-03T17:55:35.477146
"Atlas (Les sept Soeurs, Tome 8): L'Histoire de Pa Salt",Lucinda Riley,"11,90€",https://m.media-amazon.com/images/I/81orea8a7iL._SY522_.jpg,"Les sept sœurs d’Aplièse, réunies à bord du",En stock,"4,7 sur 5 étoiles",12 287 évaluations,"7,99 €",‏,‏,‏,,Non disponible,Romans et Littérature Française,https://www.amazon.fr/sept-Soeurs-8-Lucinda-Riley/dp/2253262390,2025-09-03T17:55:42.879955
"La Soeur à la perle (Les sept Soeurs, Tome 4)",Lucinda Riley,"10,90€",https://m.media-amazon.com/images/I/818tWlYZY1L._SY522_.jpg,"À la mort de leur père, énigmatique milliardaire qui les a ramenées des quatre coins du monde et adoptées lorsqu’elles étaient bébés, Célaéno d’Aplièse et ses sœurs reçoivent chacune pour héritage un indice qui leur permettra de percer le mystère de leurs origines. Le sien conduira CeCe jusque dans la chaleur et la poussière rouge de l’Australie. Elle y croisera le destin de Kitty McBride qui, cen...",En stock,"4,7 sur 5 étoiles",11 021 évaluations,"7,99 €",‏,‏,‏,,Non disponible,Romans et Littérature Française,https://www.amazon.fr/Soeur-%C3%A0-perle-sept-Soeurs/dp/2253262358,2025-09-03T17:55:51.874555
"La Soeur de la lune (Les sept Soeurs, Tome 5)",Lucinda Riley,"10,90€",https://m.media-amazon.com/images/I/81P4mlu0foL._SY522_.jpg,"À la mort de son père, l’énigmatique milliardaire Pa Salt – surnommé ainsi par ses filles, adoptées aux quatre coins du monde –, Tiggy se réfugie dans les Highlands écossais où elle se consacre à sa passion : s’occuper des animaux du domaine de Kinnaird, dirigé par le mystérieux Charlie. Là, au cœur de la nature, elle retrouve une sorte de paix intérieure. Mais sur le domaine vit aussi Chilly, un ...",En stock,"4,6 sur 5 étoiles",12 429 évaluations,"7,99 €",‏,‏,‏,,Non disponible,Romans et Littérature Française,https://www.amazon.fr/Soeur-lune-sept-Soeurs/dp/2253262366,2025-09-03T17:56:01.763255
Les Guerriers de l'hiver,Olivier Norek,Prix non disponible,https://m.media-amazon.com/images/I/61sm2AQh8cL._SY522_.jpg,Le nouveau roman événement d'Olivier Norek,En stock,"4,6 sur 5 étoiles",3 398 évaluations,"9,99 €",‏,‏,‏,‏,Non disponible,Romans et Littérature Française,https://www.amazon.fr/Guerriers-lhiver-Olivier-Norek/dp/2266335227,2025-09-03T17:56:07.922734
Les secrets de la femme de ménage,Freida McFadden,"8,60€",https://m.media-amazon.com/images/I/71RMELKuocL._SY522_.jpg,"Avec ce nouvel emploi, Millie semble avoir une chance en or. Chez les Garrick, un couple fortuné qui possède un somptueux appartement avec vue sur Manhattan, elle fait le ménage et prépare les repas dans la magnifique cuisine. Mais elle ne tarde pas à déceler quelques ombres au tableau... Son patron, Douglas Garrick, est d'humeur de plus en plus changeante. Et pourquoi sa femme Wendy reste-t-elle ...",En stock,"4,5 sur 5 étoiles",16 108 évaluations,"8,49 €",‏,,‏,,Non disponible,Romans et Littérature Française,https://www.amazon.fr/secrets-femme-m%C3%A9nage-Freida-McFadden/dp/2290391190/ref=lp_301132_1_1,2025-09-03T17:56:17.791633
La femme de ménage,Freida McFadden,Prix non disponible,https://m.media-amazon.com/images/I/613H6840ArL._SY522_.jpg,"Chaque jour, Millie fait le ménage dans la belle maison des Winchester, une riche famille new-yorkaise. Elle récupère aussi leur fille à l'école et prépare les repas avant d'aller se coucher dans sa chambre, au grenier. Pour la jeune femme, ce nouveau travail est une chance inespérée. L'occasion de repartir de zéro. Mais, sous des dehors respectables, sa patronne se montre de plus en plus instable...",En stock,"4,5 sur 5 étoiles",29 366 évaluations,"8,49 €",‏,,‏,‏,Non disponible,Romans et Littérature Française,https://www.amazon.fr/femme-m%C3%A9nage-Freida-McFadden/dp/2290391174/ref=lp_301132_1_2,2025-09-03T17:56:24.327401
La psy,Freida McFadden,"8,60€",https://m.media-amazon.com/images/I/71cE6QbXHSL._SY522_.jpg,"Jeunes mariés, Tricia et Ethan recherchent la maison de leurs rêves. Alors qu'ils visitent le manoir isolé de la docteure Adrienne Hale, une psychiatre disparue trois ans plus tôt, ils se retrouvent piégés par une violente tempête de neige. Au grand effroi de Tricia, qui est persuadée que quelque chose de terrible s'est produit dans cette demeure. Et puis, il y a ces empreintes de pas récentes sur...",En stock,"4,4 sur 5 étoiles",8 822 évaluations,"8,49 €",‏,,‏,,Non disponible,Romans et Littérature Française,https://www.amazon.fr/psy-Freida-McFadden/dp/2290415626/ref=lp_301132_1_3,2025-09-03T17:56:31.695532
La femme de ménage se marie,Freida McFadden,Prix non disponible,https://m.media-amazon.com/images/I/81FGULEBXNL._SY522_.jpg,"Aujourd’hui est censé être le plus beau jour de la vie de Millie. La femme de ménage se marie avec Enzo, l’homme de ses rêves, et rien ne peut gâcher son bonheur. D’autant que ses parents, avec lesquels elle est brouillée depuis quinze ans, ont promis d’assister à la cérémonie.Mais alors qu’elle devrait se préoccuper uniquement de sa robe et de sa coiffure, Millie est confrontée à un sérieux probl...",En stock,"3,7 sur 5 étoiles",5 960 évaluations,"2,99 €",‏,‏,‏,‏,Non disponible,Romans et Littérature Française,https://www.amazon.fr/femme-m%C3%A9nage-se-marie/dp/2824629428/ref=lp_301132_1_4,2025-09-03T17:56:39.352435
"EASTPAK Padded PAK'R Sac à Dos, 24 L - Sunday Grey (Gris)",Auteur inconnu,"32,99€",https://m.media-amazon.com/images/I/912FNXgEz3L._AC_SX679_.jpg,"MATERIALES SOSTENIBLES, COLORES REFINADOS, CIERRES DE CREMALLERA SEGUROS, Y FABRICACION DE GRAN CALIDAD",,"4,7 sur 5 étoiles",74 678 évaluations,Expédié et vendu par Amazon.,Non disponible,Non disponible,Non disponible,Non disponible,Non disponible,Romans et Littérature Française,https://www.amazon.fr/EASTPAK-Padded-PAKR-Sac-Dos/dp/B003OJ8RAE/ref=lp_301132_1_5,2025-09-03T17:56:44.406792
"EASTPAK Padded PAK'R Sac à Dos, 24 L - Sunday Grey (Gris)",Auteur inconnu,"32,99€",https://m.media-amazon.com/images/I/912FNXgEz3L._AC_SX679_.jpg,"MATERIALES SOSTENIBLES, COLORES REFINADOS, CIERRES DE CREMALLERA SEGUROS, Y FABRICACION DE GRAN CALIDAD",,"4,7 sur 5 étoiles",74 678 évaluations,Expédié et vendu par Amazon.,Non disponible,Non disponible,Non disponible,Non disponible,Non disponible,Romans et Littérature Française,https://www.amazon.fr/EASTPAK-Padded-PAKR-Sac-Dos/dp/B003OJ8RAE/ref=is_sr_dp_1,2025-09-03T17:56:53.019916
"EASTPAK PAK'R Sac à dos rembourré 24 l Noir Glitsplash, 001|noir, 40 x 30 x 18, PAK'R REMBOURRÉ",Auteur inconnu,"53,13€",https://m.media-amazon.com/images/I/711kYfkFNXL._AC_SX679_.jpg,"Eastpak PADDED PAK'R Sac à dos, 24 L - GlitsplashBlack (Noir)",,"4,7 sur 5 étoiles",74 678 évaluations,74 678 évaluations globales,Non disponible,Non disponible,Non disponible,Non disponible,Non disponible,Romans et Littérature Française,https://www.amazon.fr/EASTPAK-Padded-PAKR-Sac-Dos/dp/B0DGL7M199/ref=is_sr_dp_2,2025-09-03T17:57:00.318139
"Eastpak PADDED PAK'R Sac à Dos, 24 L - Army Olive (Vert)",Auteur inconnu,"34,99€",https://m.media-amazon.com/images/I/81eANdZVigL._AC_SX679_.jpg,AUTHENTIC PADDED PAK'R - Color: Army Olive,En stock,"4,7 sur 5 étoiles",74 678 évaluations,Expédié et vendu par Amazon.,Non disponible,Non disponible,Non disponible,Non disponible,Non disponible,Romans et Littérature Française,https://www.amazon.fr/EASTPAK-Padded-PAKR-Sac-Dos/dp/B0965FRSXN/ref=is_sr_s_dp_3,2025-09-03T17:57:07.037572
"Eastpak PADDED PAK'R Sac à Dos, 24 L - Beet Burgundy (Rouge)",Auteur inconnu,"79,95 €",https://m.media-amazon.com/images/I/81kohm0j1PL._AC_SX679_.jpg,EASTPAK PADDED PAK'R Beet Sac à dos Bordeaux,,"4,7 sur 5 étoiles",74 678 évaluations,74 678 évaluations globales,Non disponible,Non disponible,Non disponible,Non disponible,Non disponible,Romans et Littérature Française,https://www.amazon.fr/EASTPAK-Padded-PAKR-Sac-Dos/dp/B0CP5NF682/ref=is_sr_s_dp_4,2025-09-03T17:57:15.404268
"EASTPAK Padded PAK'R Sac à Dos, 24 L - Black Denim (Gris)",Auteur inconnu,"34,99€",https://m.media-amazon.com/images/I/81xmBYRNzhL._AC_SX679_.jpg,"MATERIALES SOSTENIBLES, COLORES REFINADOS, CIERRES DE CREMALLERA SEGUROS, Y FABRICACION DE GRAN CALIDAD",En stock,"4,7 sur 5 étoiles",74 678 évaluations,Expédié et vendu par Amazon.,Non disponible,Non disponible,Non disponible,Non disponible,Non disponible,Romans et Littérature Française,https://www.amazon.fr/EASTPAK-Padded-PAKR-Sac-Dos/dp/B00MGON1SG/ref=is_sr_dp_5,2025-09-03T17:57:23.751348
"Eastpak Padded Pak'r Sac à Dos, 40 cm, 24 L, Broad Blue",Auteur inconnu,"62,15 €",https://m.media-amazon.com/images/I/61M4plW3DML._AC_SX679_.jpg,"Notre sac à dos emblématique pour le travail, les jeux et partout où la journée vous mène. Ajustez les bretelles rembourrées en fonction de votre style et rangez les essentiels à portée de main dans la poche avant.",,"4,7 sur 5 étoiles",74 678 évaluations,74 678 évaluations globales,Non disponible,Non disponible,Non disponible,Non disponible,Non disponible,Romans et Littérature Française,https://www.amazon.fr/EASTPAK-Padded-PAKR-Sac-Dos/dp/B0BSNXJJD8/ref=is_sr_s_dp_6,2025-09-03T17:57:31.533935
"EASTPAK Padded PAK'R Sac à Dos, 24 L - Sunday Grey (Gris)",Auteur inconnu,"32,99€",https://m.media-amazon.com/images/I/912FNXgEz3L._AC_SX679_.jpg,"MATERIALES SOSTENIBLES, COLORES REFINADOS, CIERRES DE CREMALLERA SEGUROS, Y FABRICACION DE GRAN CALIDAD",,"4,7 sur 5 étoiles",74 678 évaluations,Expédié et vendu par Amazon.,Non disponible,Non disponible,Non disponible,Non disponible,Non disponible,Romans et Littérature Française,https://www.amazon.fr/EASTPAK-Padded-PAKR-Sac-Dos/dp/B003OJ8RAE/ref=is_sr_dp_n,2025-09-03T17:57:38.540053
La prof,Freida McFadden,Prix non disponible,https://m.media-amazon.com/images/I/71LPmlL7IaL._SY466_.jpg,"Chaque matin, Eve se lève et embrasse tendrement son mari, Nate. Ils partent  au travail ensemble, au lycée où elle enseigne les mathématiques et où Nate est professeur d’anglais. Une vie parfaite, réglée comme du papier à musique. Tranquille.Pourtant, l’année dernière, l’école a été secouée par un scandale. Un professeur a été licencié parce qu’il aurait eu une liaison avec Addie, une élève. Et c...",Format Kindle,"4,4 sur 5 étoiles",5 398 évaluations,"22,00 €",‏,,‏,‏,Non disponible,Romans et Littérature Française,https://www.amazon.fr/prof-Freida-McFadden-ebook/dp/B0DZ2K4HKC/ref=lp_301132_1_7,2025-09-03T17:57:52.496219
Tant mieux,Amélie Nothomb,"19,90€",https://m.media-amazon.com/images/I/81GxKHa6ICL._SY466_.jpg,« Tant mieux : la version joyeuse du sang-froid » Amélie Nothomb,En stock,"4,4 sur 5 étoiles",186 évaluations,"12,99 €",‏,,‏,‏,Non disponible,Romans et Littérature Française,https://www.amazon.fr/Tant-mieux-Am%C3%A9lie-Nothomb/dp/2226504397/ref=lp_301132_1_8,2025-09-03T17:58:01.551800
Jamais 203,Kentin Jarno,"18,90€",https://m.media-amazon.com/images/I/814kAkj4WoL._SY425_.jpg,Une nouvelle romance pleine de suspense et d'émotions.,En stock,"4,4 sur 5 étoiles",211 évaluations,"9,99 €",‏,‏,‏,‏,Non disponible,Romans et Littérature Française,https://www.amazon.fr/Jamais-203-Kentin-Jarno/dp/2226493840/ref=lp_301132_1_9,2025-09-03T17:58:09.772643
Manon Lescaut,Abbé Prévost,Prix non disponible,https://m.media-amazon.com/images/I/61dcIlwc3wL._SY425_.jpg,"BAC 2023 Dossier pédagogique de Marc Stéphan.   Dès que le chevalier Des Grieux aperçoit Manon Lescaut, il tombe irrémédiablement amoureux de la séduisante jeune femme et s'enfuit avec elle. Mais, très vite, la mystérieuse Manon trompe le sage chevalier et l'entraîne dans une lente descente aux enfers... Passion, trahisons, jeux, prostitution et emprisonnements jalonnent l'histoire devenue légenda...",En stock,"4,6 sur 5 étoiles",1 550 évaluations,"1,99 €",‏,‏,‏,‏,Non disponible,Romans et Littérature Française,https://www.amazon.fr/Manon-Lescaut-Abb%C3%A9-Pr%C3%A9vost/dp/B09TQYNX71/ref=lp_301132_1_11,2025-09-03T17:58:21.522709
À retardement : Nouveauté Franck Thilliez 2025 - L'auteur de thriller préféré des français - Une enquête de Sharko et de son équipe,Franck Thilliez,Prix non disponible,https://m.media-amazon.com/images/I/81AgQ1oWrTL._SY466_.jpg,"Quand on bascule dans la folie, il est souvent trop tard !",Format Kindle,"4,6 sur 5 étoiles",3 193 évaluations,"22,90 €",‏,,‏,‏,Non disponible,Romans et Littérature Française,https://www.amazon.fr/retardement-Nouveaut%C3%A9-Thilliez-thriller-fran%C3%A7ais-ebook/dp/B0DZFTBQ8K/ref=sr_1_52,2025-09-03T18:00:32.431886
À retardement,Franck Thilliez,"0,00€",https://m.media-amazon.com/images/I/81Q2akwnkKL._SX342_.jpg,"Quand on bascule dans la folie, il est souvent trop tard !","Livres audio Audible 

                        – Version intégrale","4,6 sur 5 étoiles",3 193 évaluations,"16,99 €",Non disponible,,,Non disponible,Non disponible,Romans et Littérature Française,https://www.amazon.fr/Audible-%C3%80-retardement/dp/B0F1G9ZTVQ/ref=sr_1_52,2025-09-03T18:00:42.187086
À retardement,Franck Thilliez,Prix non disponible,https://m.media-amazon.com/images/I/61LwGXVIyeL._SY385_.jpg,"Quand on bascule dans la folie, il est souvent trop tard !",En stock,"4,6 sur 5 étoiles",3 193 évaluations,"16,99 €",‏,‏,‏,Non disponible,Non disponible,Romans et Littérature Française,https://www.amazon.fr/%C3%80-retardement-Franck-Thilliez/dp/B0F59LJNHD/ref=sr_1_52,2025-09-03T18:00:49.901451
Lakestone - tome 2,Sarah Rivens,Prix non disponible,https://m.media-amazon.com/images/I/819DUv4HFfL._SY466_.jpg,"Huit mois se sont écoulés depuis la chute de Kai du haut de la falaise. Son corps reste introuvable, et l’ombre du mercenaire hante toujours Iris. Tout semble la ramener à Kai, à son souvenir, aussi vif que troublant. Tandis que les autres avancent, elle reste prisonnière de ce qu’il a laissé derrière lui.À Ewing, le calme n’est qu’une illusion : une vague de morts mystérieuses secoue la ville, et...",En stock,"4,8 sur 5 étoiles",2 864 évaluations,"9,99 €",‏,,‏,‏,Non disponible,Romans et Littérature Française,https://www.amazon.fr/Lakestone-2-Sarah-Rivens/dp/2017286214/ref=sr_1_53,2025-09-03T18:00:57.162873
"Lakestone: Lakestone, tome 2",Sarah Rivens,"0,00€",https://m.media-amazon.com/images/I/81LrO6eJy8L._SX342_.jpg,"Huit mois se sont écoulés depuis la chute de Kai du haut de la falaise. Son corps reste introuvable, et l'ombre du mercenaire hante toujours Iris. Tout semble la ramener à Kai, à son souvenir, aussi vif que troublant. Tandis que les autres avancent, elle reste prisonnière de ce qu'il a laissé derrière lui.","Livres audio Audible 

                        – Version intégrale","4,8 sur 5 étoiles",2 864 évaluations,"9,99 €",Non disponible,,,en lire plus,Non disponible,Romans et Littérature Française,https://www.amazon.fr/Audible-Lakestone-tome-2/dp/B0F48W29RQ/ref=sr_1_53,2025-09-03T18:01:08.007915
La Très Catastrophique Visite du Zoo,Joël Dicker,"19,00€",https://m.media-amazon.com/images/I/61XTKdou8OL._SY425_.jpg,LE livre à mettre entre toutes les mains,En stock,"4,2 sur 5 étoiles",4 109 évaluations,"14,99 €",‏,‏,‏,‏,Non disponible,Romans et Littérature Française,https://www.amazon.fr/Tr%C3%A8s-Catastrophique-Visite-Zoo/dp/2889730743/ref=sr_1_54,2025-09-03T18:01:16.679447
La Très Catastrophique Visite du Zoo,Joël Dicker,Prix non disponible,https://m.media-amazon.com/images/I/81DwS3TbI9L._SY425_.jpg,"LE livre à mettre entre toutes les mains""Pendant des années, dans la petite ville où j'ai grandi, les esprits restèrent marqués par les évènements qui se produisirent au zoo local un vendredi de décembre, à quelques jours de Noël. Et pendant toutes ces années, personne ne sut la vérité sur ce qui s'était réellement passé là-bas. Jusqu'à ce livre."" À la veille de Noël, une visite scolaire dans un z...",Format Kindle,"4,2 sur 5 étoiles",4 109 évaluations,"19,00 €",‏,,‏,‏,Non disponible,Romans et Littérature Française,https://www.amazon.fr/Tr%C3%A8s-Catastrophique-Visite-Zoo-ebook/dp/B0DS3VJDQR/ref=sr_1_54,2025-09-03T18:01:25.419985
"Valerie Perrin Changer L'eau Des Fleurs Poche Livres, 24 avril 2019",Valérie Perrin,"10,40€",https://m.media-amazon.com/images/I/61JCU-RfIqL._SY522_.jpg,"Violette Toussaint est garde-cimetière dans une petite ville de Bourgogne. Les gens de passage et les habitués viennent se confier et se réchauffer dans sa loge. Avec la petite équipe de fossoyeurs et le jeune curé, elle forme une famille décalée. Mais quels événements ont mené Violette dans cet univers où le tragique et le cocasse s’entremêlent ?Après le succès des",En stock,"4,6 sur 5 étoiles",25 497 évaluations,"9,99 €",‏,,‏,,Non disponible,Romans et Littérature Française,https://www.amazon.fr/Changer-leau-fleurs-Val%C3%A9rie-Perrin/dp/2253238023/ref=sr_1_55,2025-09-03T18:01:40.203632
Changer l'eau des fleurs,Valérie Perrin,Prix non disponible,https://m.media-amazon.com/images/I/81YBqL+o6lL._SY466_.jpg,"Violette Toussaint est garde-cimetière dans une petite ville de Bourgogne. Les gens de passage et les habitués viennent se réchauffer dans sa loge où rires et larmes se mélangent au café qu’elle leur offre. Son quotidien est rythmé par leurs confidences. Un jour, parce qu’un homme et une femme ont décidé de reposer ensemble dans son carré de terre, tout bascule. Des liens qui unissent vivants et m...",Format Kindle,"4,6 sur 5 étoiles",25 497 évaluations,"22,50 €",‏,,‏,‏,Non disponible,Romans et Littérature Française,https://www.amazon.fr/Changer-leau-fleurs-Val%C3%A9rie-Perrin-ebook/dp/B0799PSX5K/ref=sr_1_55,2025-09-03T18:01:47.317102
Changer l'eau des fleurs,Valérie Perrin,"0,00€",https://m.media-amazon.com/images/I/91H3WVxC5nL._SX342_.jpg,"Violette Toussaint est garde-cimetière dans une petite ville de Bourgogne. Les gens de passage et les habitués viennent se réchauffer dans sa loge où rires et larmes se mélangent au café qu'elle leur offre. Son quotidien est rythmé par leurs confidences. Un jour, parce qu'un homme et une femme ont décidé de reposer ensemble dans son carré de terre, tout bascule. Des liens qui unissent vivants et m...","Livres audio Audible 

                        – Version intégrale","4,6 sur 5 étoiles",25 497 évaluations,"9,99 €",Non disponible,,,en lire plus,Non disponible,Romans et Littérature Française,https://www.amazon.fr/Audible-Changer-leau-des-fleurs/dp/B09LZ4Y6MN/ref=sr_1_55,2025-09-03T18:01:55.054022
Changer l'eau des fleurs,Valérie Perrin,"22,50€",https://m.media-amazon.com/images/I/71m1nkcF2EL._SY466_.jpg,"Violette Toussaint est garde-cimetière dans une petite ville de Bourgogne. Les gens de passage et les habitués viennent se réchauffer dans sa loge où rires et larmes se mélangent au café qu'elle leur offre. Son quotidien est rythmé par leurs confidences. Un jour, parce qu'un homme et une femme ont décidé de reposer ensemble dans son carré de terre, tout bascule. Des liens qui unissent vivants et m...",En stock,"4,6 sur 5 étoiles",25 497 évaluations,"9,99 €",‏,,‏,,Non disponible,Romans et Littérature Française,https://www.amazon.fr/Changer-leau-fleurs-Val%C3%A9rie-Perrin/dp/2226403043/ref=sr_1_55,2025-09-03T18:02:03.798958
Changer l'eau des fleurs: Livre audio 2 CD MP3,Valérie Perrin,"28,90€",https://m.media-amazon.com/images/I/81T02NZIAJL._SY425_.jpg,"Violette Toussaint est garde-cimetière dans une petite ville de Bourgogne. Les gens de passage et les habitués viennent se réchauffer dans sa loge où rires et larmes se mélangent au café qu’elle leur offre. Son quotidien est rythmé par leurs confidences. Un jour, parce qu’un homme et une femme ont décidé de reposer ensemble dans son carré de terre, tout bascule. Des liens qui unissent vivants et m...",Il ne reste plus que 4 exemplaire(s) en stock (d'autres exemplaires sont en cours d'acheminement).,"4,6 sur 5 étoiles",25 497 évaluations,"9,99 €",‏,‏,‏,en lire plus,Non disponible,Romans et Littérature Française,https://www.amazon.fr/Changer-leau-fleurs-Livre-audio/dp/B0948JTDB7/ref=sr_1_55,2025-09-03T18:02:12.786354
Là où chantent les écrevisses,Delia Owens,Prix non disponible,https://m.media-amazon.com/images/I/81A4nzP1dOL._SY522_.jpg,« Un superbe hymne à la nature. »,En stock,"4,6 sur 5 étoiles",9 837 évaluations,"8,49 €",‏,,‏,‏,Non disponible,Romans et Littérature Française,https://www.amazon.fr/L%C3%A0-chantent-%C3%A9crevisses-Delia-Owens/dp/2757889974/ref=sr_1_56,2025-09-03T18:02:19.497522
Là où chantent les écrevisses,Delia Owens,Prix non disponible,https://m.media-amazon.com/images/I/81Vn+X6Y3bL._SY466_.jpg,Traduit de l’anglais (Etats-Unis) par Marc Amfreville,Format Kindle,"4,6 sur 5 étoiles",9 837 évaluations,"22,50 €",‏,,‏,‏,Non disponible,Romans et Littérature Française,https://www.amazon.fr/L%C3%A0-chantent-%C3%A9crevisses-Delia-Owens-ebook/dp/B081S34QPP/ref=sr_1_56,2025-09-03T18:02:24.727369
Là où chantent les écrevisses,Delia Owens,"0,00€",https://m.media-amazon.com/images/I/81NuQYb9AHL._SX342_.jpg,"Pendant des années, les rumeurs les plus folles ont couru sur ""la Fille des marais"" de Barkley Cove, une petite ville de Caroline du Nord. Pourtant, Kya n'est pas cette fille sauvage et analphabète que tous imaginent et craignent.","Livres audio Audible 

                        – Version intégrale","4,6 sur 5 étoiles",9 837 évaluations,"8,49 €",Non disponible,,,Non disponible,Non disponible,Romans et Littérature Française,https://www.amazon.fr/L%C3%A0-o%C3%B9-chantent-les-%C3%A9crevisses/dp/B08FXMYDWL/ref=sr_1_56,2025-09-03T18:02:31.755085
Là où chantent les écrevisses,Delia Owens,"22,50€",https://m.media-amazon.com/images/I/61kzn3dLLDL._SY466_.jpg,Traduit de l’anglais (Etats-Unis) par Marc Amfreville,Il ne reste plus que 1 exemplaire(s) en stock (d'autres exemplaires sont en cours d'acheminement).,"4,6 sur 5 étoiles",9 837 évaluations,"8,49 €",‏,‏,‏,‏,Non disponible,Romans et Littérature Française,https://www.amazon.fr/L%C3%A0-chantent-%C3%A9crevisses-Delia-Owens/dp/2021412865/ref=sr_1_56,2025-09-03T18:02:39.695425
Là où chantent les écrevisses: Livre audio 2 CD MP3,Delia Owens,Prix non disponible,https://m.media-amazon.com/images/I/71O74RXpr3L._SY425_.jpg,"Pendant des années, les rumeurs les plus folles ont couru sur « la Fille des marais » de Barkley Cove, une petite ville de Caroline du Nord. Pourtant, Kya n’est pas cette fille sauvage et analphabète que tous imaginent et craignent.À l’âge de dix ans, abandonnée par sa famille, elle doit apprendre à survivre seule dans le marais, devenu pour elle un refuge naturel et une protection. Sa rencontre a...",Il ne reste plus que 3 exemplaire(s) en stock (d'autres exemplaires sont en cours d'acheminement).,"4,6 sur 5 étoiles",9 837 évaluations,"8,49 €",‏,‏,‏,Non disponible,Non disponible,Romans et Littérature Française,https://www.amazon.fr/L%C3%A0-o%C3%B9-chantent-%C3%A9crevisses-Livre/dp/B0898WJ6MY/ref=sr_1_56,2025-09-03T18:02:47.316324
L'Homme sans nom,Jack Beaumont,Prix non disponible,https://m.media-amazon.com/images/I/81-5V911lwL._SY522_.jpg,"Espion aux multiples légendes, Alec de Payns travaille à la DGSE, les services secrets extérieurs français. Quand une mission en Sicile tourne mal, il comprend qu’une taupe a infiltré son équipe. Alors qu’une enquête s’ouvre en interne, de Payns est envoyé au Pakistan dans une usine de produits agricoles soupçonnée de fabriquer des armes chimiques. Quel lien unit ces deux missions pourtant si diff...",Disponible pour expédition d'ici 1 à 2 jours,"4,5 sur 5 étoiles",199 évaluations,"13,99 €",‏,‏,‏,‏,Non disponible,Romans et Littérature Française,https://www.amazon.fr/LHomme-sans-nom-Jack-Beaumont/dp/2253242829/ref=sr_1_57,2025-09-03T18:02:56.101538
L'Homme sans nom,Jack Beaumont,Prix non disponible,https://m.media-amazon.com/images/I/81dbqo2Nk3L._SY522_.jpg,Le premier thriller puissant et réaliste d'un ancien agent de la DGSE,Format Kindle,"4,5 sur 5 étoiles",199 évaluations,"9,90 €",‏,lisez avec notre  appli gratuite,‏,‏,Non disponible,Romans et Littérature Française,https://www.amazon.fr/LHomme-sans-nom-Jack-Beaumont-ebook/dp/B0BXZKD41R/ref=sr_1_57,2025-09-03T18:03:03.965917
L'homme sans nom,Jack Beaumont,"15,82 €",https://m.media-amazon.com/images/I/61uEA5ehCHL._SY522_.jpg,Le premier thriller puissant et réaliste d'un ancien agent de la DGSE,"Broché – Grand livre, 6 avril 2023","4,5 sur 5 étoiles",199 évaluations,"13,99 €",‏,‏,‏,‏,Non disponible,Romans et Littérature Française,https://www.amazon.fr/Lhomme-sans-nom-Jack-Beaumont/dp/274994841X/ref=sr_1_57,2025-09-03T18:03:10.091100
Un automne pour te pardonner - poche: Seasons Tome 1,Morgane Moncomble,"8,90€",https://m.media-amazon.com/images/I/81iiOMEmlGL._SY522_.jpg,La série phénomène de Morgane Moncomble enfin en poche !,En stock,"4,6 sur 5 étoiles",2 994 évaluations,"9,99 €",‏,‏,‏,,Non disponible,Romans et Littérature Française,https://www.amazon.fr/automne-pour-pardonner-poche-Seasons/dp/275567119X/ref=sr_1_58,2025-09-03T18:03:18.290581
Un automne pour te pardonner : Seasons Tome 1,Morgane Moncomble,Prix non disponible,https://m.media-amazon.com/images/I/81MbgaKUS-L._SY466_.jpg,"Avocate en devenir, Camélia est passionnée de crimes non résolus.",Format Kindle,"4,6 sur 5 étoiles",2 994 évaluations,"17,00 €",‏,,‏,en lire plus,Non disponible,Romans et Littérature Française,https://www.amazon.fr/automne-pour-pardonner-Seasons-ebook/dp/B0C24B27TG/ref=sr_1_58,2025-09-03T18:03:26.424354
Un automne pour te pardonner: Seasons 1,Morgane Moncomble,"0,00€",https://m.media-amazon.com/images/I/81ardtX+arL._SX342_.jpg,"Avocate en devenir, Camélia est passionnée de crimes non résolus. Ca tombe bien, Rory Cavendish, son ancien bourreau, vient de mourir mystérieusement. Le présumé coupable du meurtre, c'est lui. Lou McAllister.","Livres audio Audible 

                        – Version intégrale","4,6 sur 5 étoiles",2 994 évaluations,"9,99 €",Non disponible,,,en lire plus,Non disponible,Romans et Littérature Française,https://www.amazon.fr/automne-pour-pardonner-Seasons/dp/B0CTRY3M2Y/ref=sr_1_58,2025-09-03T18:03:33.430999
Un automne pour te pardonner: Seasons Tome 1,Morgane Moncomble,"17,00€",https://m.media-amazon.com/images/I/81Upbm40BZL._SY466_.jpg,"Avocate en devenir, Camélia est passionnée de crimes non résolus.",En stock,"4,6 sur 5 étoiles",2 994 évaluations,"9,99 €",‏,‏,‏,,Non disponible,Romans et Littérature Française,https://www.amazon.fr/automne-pour-pardonner-Seasons/dp/275566939X/ref=sr_1_58,2025-09-03T18:03:41.615137
La sage-femme de Berlin,Anna Stuart,"8,90€",https://m.media-amazon.com/images/I/71FPJDTtexL._SY522_.jpg,"Grâce au courage d'Ester et d'autres de ses codétenues à Auschwitz, plusieurs bébés, nés dans le camp, ont réussi à survivre. Chacun a été tatoué du numéro de déportée de sa mère. Ester a elle-même donné la vie à une petite Pippa, qui lui a été retirée au profit d'une famille allemande. À la libération du camp, Ester fait partie des rares rescapés. Dès lors, elle n'aura de cesse de retrouver son e...",En stock,"4,6 sur 5 étoiles",1 769 évaluations,"11,99 €",‏,,‏,,Non disponible,Romans et Littérature Française,https://www.amazon.fr/sage-femme-Berlin-Anna-Stuart/dp/2290411426/ref=sr_1_59,2025-09-03T18:03:49.245128
La sage-femme de Berlin : Le roman Best-Seller inspiré d'une incroyable histoire vraie.,Anna Stuart,Prix non disponible,https://m.media-amazon.com/images/I/81AV-56xyXL._SY466_.jpg,"Dans l'enfer d'Auschwitz, Ester caresse doucement les cheveux de Pippa, son bébé. C'est un miracle que sa petite fille soit blonde, car grâce à ce détail l'enfant pourra rester en vie. Bientôt, les nazis viendront prendre son bébé pour le donner à une famille allemande. Mais Ester veut croire qu'un jour, après la guerre, elle retrouvera sa Pippa... Secrètement, la jeune femme a tatoué son numéro d...",Format Kindle,"4,6 sur 5 étoiles",1 769 évaluations,"22,00 €",‏,,‏,‏,Non disponible,Romans et Littérature Française,https://www.amazon.fr/sage-femme-Berlin-Anna-Stuart-ebook/dp/B0CTJ6D9M3/ref=sr_1_59,2025-09-03T18:03:57.355026
La sage-femme de Berlin - Femmes de guerre: Women of War - Tome 2,Anna Stuart,"0,00€",https://m.media-amazon.com/images/I/91EEPVZ7YLL._SX342_.jpg,""" Que vaut-il mieux ? Que votre enfant meure avec vous, ou qu'il reste en vie loin de vous ? ""","Livres audio Audible 

                        – Version intégrale","4,6 sur 5 étoiles",1 769 évaluations,"11,99 €",Non disponible,,,Non disponible,Non disponible,Romans et Littérature Française,https://www.amazon.fr/sage-femme-Berlin-Femmes-guerre-Women/dp/B0DQLZQRCG/ref=sr_1_59,2025-09-03T18:04:04.272454
La sage-femme de Berlin: Le roman Best-Seller inspiré d'une incroyable histoire vraie.,Anna Stuart,"22,00€",https://m.media-amazon.com/images/I/81AV-56xyXL._SY466_.jpg,"Dans l'enfer d'Auschwitz, Ester caresse doucement les cheveux de Pippa, son bébé. C'est un miracle que sa petite fille soit blonde, car grâce à ce détail l'enfant pourra rester en vie. Bientôt, les nazis viendront prendre son bébé pour le donner à une famille allemande. Mais Ester veut croire qu'un jour, après la guerre, elle retrouvera sa Pippa... Secrètement, la jeune femme a tatoué son numéro d...",En stock,"4,6 sur 5 étoiles",1 769 évaluations,"11,99 €",‏,‏,‏,,Non disponible,Romans et Littérature Française,https://www.amazon.fr/sage-femme-Berlin-Anna-Stuart/dp/2824623322/ref=sr_1_59,2025-09-03T18:04:11.975194
La Dernière allumette,Marie Vareille,Prix non disponible,https://m.media-amazon.com/images/I/81uofyYLuUL._SY466_.jpg,"Depuis plus de vingt ans, Abigaëlle vit recluse dans un couvent en Bourgogne. Sa vie d’avant ? Elle l’a en grande partie oubliée. Elle est même incapable de se rappeler l’événement qui a fait basculer sa destinée et l’a poussée à se retirer du monde. De loin, elle observe la vie parisienne de Gabriel, son grand frère dont la brillante carrière d’artiste et l’imaginaire rempli de poésie sont encens...",Format Kindle,"4,6 sur 5 étoiles",3 756 évaluations,"20,90 €",‏,,‏,‏,Non disponible,Romans et Littérature Française,https://www.amazon.fr/Derni%C3%A8re-allumette-Marie-Vareille-ebook/dp/B0CPRVZ9GW/ref=sr_1_60,2025-09-03T18:04:21.171658
La Dernière Allumette: Suivi d'un entretien avec l'autrice,Marie Vareille,"0,00€",https://m.media-amazon.com/images/I/81HQJXTAz2L._SX342_.jpg,"Depuis plus de vingt ans, Abigaëlle vit recluse dans un couvent en Bourgogne. Sa vie d’avant ? Elle l’a en grande partie oubliée. Elle est même incapable de se rappeler l’événement qui a fait basculer sa destinée et l’a poussée à se retirer du monde.","Livres audio Audible 

                        – Version intégrale","4,6 sur 5 étoiles",3 756 évaluations,"6,99 €",Non disponible,,,en lire plus,Non disponible,Romans et Littérature Française,https://www.amazon.fr/Derni%C3%A8re-Allumette-Suivi-entretien-lautrice/dp/B0CVQRJM79/ref=sr_1_60,2025-09-03T18:04:28.586178
La dernière allumette - Finaliste du Prix Maison de la Presse,Marie Vareille,"20,90€",https://m.media-amazon.com/images/I/61sTARIJnLL._SY466_.jpg,"Depuis plus de vingt ans, Abigaëlle vit recluse dans un couvent en Bourgogne. Sa vie d’avant ? Elle l’a en grande partie oubliée. Elle est même incapable de se rappeler l’événement qui a fait basculer sa destinée et l’a poussée à se retirer du monde.",En stock,"4,6 sur 5 étoiles",3 756 évaluations,"6,99 €",‏,,‏,,Non disponible,Romans et Littérature Française,https://www.amazon.fr/derni%C3%A8re-allumette-Marie-Vareille/dp/2368129537/ref=sr_1_60,2025-09-03T18:04:37.063948
La Dernière Allumette,Marie Vareille,"8,90€",https://m.media-amazon.com/images/I/715xVsipdlL._SY522_.jpg,"Depuis plus de vingt ans, Abigaëlle vit recluse dans un couvent en Bourgogne. Sa vie d’avant ? Elle l’a en grande partie oubliée. Elle est même incapable de se rappeler l’événement qui a fait basculer sa destinée et l’a poussée à se retirer du monde. De loin, elle observe la vie parisienne de Gabriel, son grand frère, dont la brillante carrière d’artiste et l’imaginaire rempli de poésie sont encen...",En stock,"4,6 sur 5 étoiles",3 756 évaluations,"6,99 €",‏,‏,‏,,Non disponible,Romans et Littérature Française,https://www.amazon.fr/Derni%C3%A8re-Allumette-Marie-Vareille/dp/2253251038/ref=sr_1_60,2025-09-03T18:04:46.428926
La Dernière Allumette: Livre audio 1 CD MP3 - Suivi d'un entretien avec l'autrice,Marie Vareille,"24,50€",https://m.media-amazon.com/images/I/71Bjl76KuML._SY425_.jpg,"Depuis plus de vingt ans, Abigaëlle vit recluse dans un couvent en Bourgogne. Sa vie d’avant ? Elle l’a en grande partie oubliée. Elle est même incapable de se rappeler l’événement qui a fait basculer sa destinée et l’a poussée à se retirer du monde.De loin, elle observe la vie parisienne de Gabriel, son grand frère, dont la brillante carrière d’artiste et l’imaginaire rempli de poésie sont encens...",Il ne reste plus que 2 exemplaire(s) en stock (d'autres exemplaires sont en cours d'acheminement).,"4,6 sur 5 étoiles",3 756 évaluations,"6,99 €",‏,‏,‏,en lire plus,Non disponible,Romans et Littérature Française,https://www.amazon.fr/Derni%C3%A8re-Allumette-Livre-entretien-lautrice/dp/B0CPHNBDR2/ref=sr_1_60,2025-09-03T18:04:53.352439
Plus jamais sans moi,Maud Ankaoua,"8,40€",https://m.media-amazon.com/images/I/51wDT92Z4eL._SY522_.jpg,"Avez-vous déjà vécu l'amour vrai ? Constance, brillante avocate, a obtenu le poste dont elle rêvait dans un cabinet d'élite. Pourtant, à l'approche de la quarantaine, elle se sent fragile, peu sûre d'elle... Très amoureuse de Lucas, elle attend depuis des mois que celui-ci quitte sa femme. Son contrat tout juste signé, Constance découvre qu'elle doit effectuer une période d'essai d'un genre... peu...",En stock,"4,6 sur 5 étoiles",3 513 évaluations,"12,99 €",‏,,,,Non disponible,Romans et Littérature Française,https://www.amazon.fr/Plus-jamais-sans-Maud-Ankaoua/dp/2290412317/ref=sr_1_61,2025-09-03T18:05:01.210820
Plus jamais sans moi (Romans de développement personnel),Maud Ankaoua,Prix non disponible,https://m.media-amazon.com/images/I/71sxXpUl+NL._SY466_.jpg,"Et s'il était temps pour vous de rencontrer enfin le grand amour ? Constance, avocate brillante, a obtenu le poste qu'elle convoitait dans un cabinet d'élite. Pourtant, à l'approche de la quarantaine, elle se sent fragile et peu sûre d'elle. Très amoureuse de Lucas, elle attend que celui-ci quitte sa femme comme il le lui a promis. Alors qu'elle vient de signer son contrat, Constance découvre qu'e...",Format Kindle,"4,6 sur 5 étoiles",3 513 évaluations,"18,90 €",‏,,‏,‏,Non disponible,Romans et Littérature Française,https://www.amazon.fr/Plus-jamais-Romans-d%C3%A9veloppement-personnel-ebook/dp/B0BNPFB88H/ref=sr_1_61,2025-09-03T18:05:09.348369
Plus jamais sans moi,Maud Ankaoua,"0,00€",https://m.media-amazon.com/images/I/81o0v6Uq0uL._SX342_.jpg,Et s'il était temps pour vous de rencontrer enfin le grand amour ?,"Livres audio Audible 

                        – Version intégrale","4,6 sur 5 étoiles",3 513 évaluations,"12,99 €",Non disponible,,,en lire plus,Non disponible,Romans et Littérature Française,https://www.amazon.fr/Audible-Plus-jamais-sans-moi/dp/B0BQRGKPKZ/ref=sr_1_61,2025-09-03T18:05:15.459394
Plus jamais sans moi,Maud Ankaoua,"18,90€",https://m.media-amazon.com/images/I/61GjhbslspL._SY466_.jpg,Et s'il était temps pour vous de rencontrer enfin le grand amour ?,En stock,"4,6 sur 5 étoiles",3 513 évaluations,"12,99 €",‏,,‏,‏,Non disponible,Romans et Littérature Française,https://www.amazon.fr/Plus-jamais-sans-Maud-Ankaoua/dp/2416008382/ref=sr_1_61,2025-09-03T18:05:23.328029
La chirurgienne,Leslie Wolfe,Prix non disponible,https://m.media-amazon.com/images/I/71xKvLKuUmL._SY522_.jpg,"Anne Wiley a tout pour elle : un mariage heureux, une belle maison et surtout une brillante carrière de chirurgienne cardiaque qui a fait la renommée de l'hôpital où elle exerce. En dix ans, elle n'a jamais perdu personne sur sa table d'opération. Jusqu'au jour où le coeur de son patient refuse de redémarrer. Et lorsque Anne reconnaît le visage de l'homme allongé devant elle, sa main se fige. Quel...",En stock,"4,3 sur 5 étoiles",38 évaluations,Poche – 9 avril 2025,‏,‏,‏,‏,Non disponible,Romans et Littérature Française,https://www.amazon.fr/chirurgienne-Leslie-Wolfe/dp/2290422886/ref=sr_1_62,2025-09-03T18:05:32.683229
Sur tes traces,Harlan Coben,"9,30€",https://m.media-amazon.com/images/I/61BSSzU4nOL._SY522_.jpg,"Il y a cinq ans, David prenait perpétuité pour le meurtre de son enfant.  Aujourd'hui, David apprend que son fils est vivant...",En stock,"4,4 sur 5 étoiles",2 126 évaluations,"15,99 €",‏,,‏,‏,Non disponible,Romans et Littérature Française,https://www.amazon.fr/Sur-tes-traces-Harlan-Coben/dp/2266341685/ref=sr_1_63,2025-09-03T18:05:40.466493
Sur tes traces,Harlan Coben,Prix non disponible,https://m.media-amazon.com/images/I/71ypc9P1GKL._SY522_.jpg,"Il y a cinq ans, David prenait perpétuité pour le meurtre de son enfant.Aujourd'hui, David apprend que son fils est vivant...Il y a cinq ans, David avait tout : un mariage heureux, un petit garçon, Matthew.Aujourd'hui, David est en prison à vie pour le meurtre de son fils.Délire alcoolique ? Crise psychotique ? Que s'est-il passé cette nuit-là ?David n'a plus aucun souvenir.Un jour, son ex-belle-s...",Format Kindle,"4,4 sur 5 étoiles",2 126 évaluations,"22,90 €",‏,,‏,‏,Non disponible,Romans et Littérature Française,https://www.amazon.fr/Sur-tes-traces-Harlan-Coben-ebook/dp/B0CCQ119W1/ref=sr_1_63,2025-09-03T18:05:48.277187
Sur tes traces,Harlan Coben,"0,00€",https://m.media-amazon.com/images/I/71YNEIuZfTL._SX342_.jpg,​Où trouver la force de se battre quand on a tout perdu ?,"Livres audio Audible 

                        – Version intégrale","4,4 sur 5 étoiles",2 126 évaluations,"15,99 €",Non disponible,,,Non disponible,Non disponible,Romans et Littérature Française,https://www.amazon.fr/Audible-Sur-tes-traces/dp/B0CJCD381Q/ref=sr_1_63,2025-09-03T18:05:56.183144
Sur tes traces,Harlan Coben,"22,90€",https://m.media-amazon.com/images/I/615hZf2TcqL._SY522_.jpg,"Il y a cinq ans, David prenait perpétuité pour le meurtre de son enfant.  Aujourd'hui, David apprend que son fils est vivant...",En stock,"4,4 sur 5 étoiles",2 126 évaluations,"15,99 €",‏,,‏,‏,Non disponible,Romans et Littérature Française,https://www.amazon.fr/Sur-tes-traces-Harlan-Coben/dp/2714495109/ref=sr_1_63,2025-09-03T18:06:03.260811
Sur tes traces,Harlan Coben,"22,90€",https://m.media-amazon.com/images/I/51L+DmkKWQL._SY342_.jpg,​Où trouver la force de se battre quand on a tout perdu ?,Il ne reste plus que 4 exemplaire(s) en stock (d'autres exemplaires sont en cours d'acheminement).,"4,4 sur 5 étoiles",2 126 évaluations,"15,99 €",‏,‏,‏,Non disponible,Non disponible,Romans et Littérature Française,https://www.amazon.fr/Sur-tes-traces-Harlan-Coben/dp/B0C7Z84WRJ/ref=sr_1_63,2025-09-03T18:06:08.311146
Leonid Petrov T2: L'âme d'une Reine,Nanou Ad,Prix non disponible,https://m.media-amazon.com/images/I/81O1soFms+L._SY385_.jpg,"Après avoir été capturée par Leonid Petrov, « le prince des enfers », Anna voit sa vie basculer. Au milieu du chaos, de la mort et de la violence, ils ont appris à s’aimer. Mais pour la garder, il va devoir affronter ceux qui veulent les séparer. Car les ennemis rôdent et l’alliance entre les trois grandes familles de la mafia russe n’a jamais été aussi fragile. Les Petrov se dressent, plus unis q...",Cet article paraîtra le 10 septembre 2025.,Diapositive précédente des détails du produit,0 avis,"9,99 €",‏,‏,‏,‏,Non disponible,Romans et Littérature Française,https://www.amazon.fr/Leonid-Petrov-T2-L%C3%A2me-Reine/dp/2824628898/ref=sr_1_64,2025-09-03T18:06:14.359253
Leonid Petrov T2 : L'âme d'une Reine,Nanou Ad,Prix non disponible,https://m.media-amazon.com/images/I/81C-0LkGOIL._SY466_.jpg,"Après avoir été capturée par Leonid Petrov, « le prince des enfers », Anna voit sa vie basculer. Au milieu du chaos, de la mort et de la violence, ils ont appris à s’aimer.  Mais pour la garder, il va devoir affronter ceux qui veulent les séparer.  Car les ennemis rôdent et l’alliance entre les trois grandes familles de la mafia russe n’a jamais été aussi fragile. Les Petrov se dressent, plus unis...",Format Kindle,Diapositive précédente des détails du produit,0 avis,"20,90 €",‏,lisez avec notre  appli gratuite,‏,Non disponible,Non disponible,Romans et Littérature Française,https://www.amazon.fr/Leonid-Petrov-T2-L%C3%A2me-Reine-ebook/dp/B0FHKNVL91/ref=sr_1_64,2025-09-03T18:06:20.929187
"Onyx Storm (French Edition): The Empyrean, Book 3",Rebecca Yarros,"0,00€",https://m.media-amazon.com/images/I/91rYgYmPdXL._SX342_.jpg,"La guerre prend un tournant massif mais le plus grand risque vient désormais de l'intérieur. Plus amoureuse que jamais, Violet est bien décidée à affronter les ténèbres.","Livres audio Audible 

                        – Version intégrale","4,6 sur 5 étoiles",1 064 évaluations,"12,99 €",Non disponible,,,Non disponible,Non disponible,Romans et Littérature Française,https://www.amazon.fr/Onyx-Storm-French-Empyrean-Book/dp/B0DSY9N4HL/ref=sr_1_65,2025-09-03T18:06:46.343683
Onyx Storm - Version française : The Empyrean Tome 3 (Fourth wing),Rebecca Yarros,Prix non disponible,https://m.media-amazon.com/images/I/81zf9RTRmYL._SY466_.jpg,"Prix Kindle : 38,97 €TVA incluse",Format Kindle,"4,6 sur 5 étoiles",1 064 évaluations,"29,95 €",‏,,‏,‏,Non disponible,Romans et Littérature Française,https://www.amazon.fr/Onyx-Storm-Version-fran%C3%A7aise-Empyrean-ebook/dp/B0DSJFF1QN/ref=sr_1_65,2025-09-03T18:06:55.065658
Onyx Storm - Version française - Broché: The Empyrean Tome 3,Rebecca Yarros,Prix non disponible,https://m.media-amazon.com/images/I/91tvP0j+r3L._SY466_.jpg,Pas de description,En stock,"4,6 sur 5 étoiles",1 064 évaluations,"12,99 €",‏,,‏,‏,Non disponible,Romans et Littérature Française,https://www.amazon.fr/Onyx-Storm-Version-fran%C3%A7aise-Empyrean/dp/275567315X/ref=sr_1_65,2025-09-03T18:07:01.642152
Onyx Storm - Version française - Cartonné: The Empyrean Tome 3,Rebecca Yarros,"29,95€",https://m.media-amazon.com/images/I/716pu27G0UL._SY342_.jpg,Pas de description,En stock,"4,6 sur 5 étoiles",1 064 évaluations,"12,99 €",‏,,‏,‏,Non disponible,Romans et Littérature Française,https://www.amazon.fr/Onyx-Storm-fran%C3%A7aise-Cartonn%C3%A9-Empyrean/dp/2755671491/ref=sr_1_65,2025-09-03T18:07:07.669139
"Lakestone - tome 1: Après Captive, le nouveau roman phénomène de Sarah Rivens",Sarah Rivens,"20,00€",https://m.media-amazon.com/images/I/81dm40luYyL._SY466_.jpg,"Dans la tranquillité trompeuse de la ville d'Ewing aux États-Unis, Iris, confinée à la bibliothèque, est plongée dans ses révisions. À des kilomètres de là, un mercenaire affronte le froid tranchant de la nuit, aussi glaciale que le cadavre qu'il vient d’enterrer.Ils n’ont rien en commun, pourtant tous deux ont le même objectif : amasser assez d'argent. Iris, pour payer ses frais de scolarité à l'...",En stock,"4,7 sur 5 étoiles",3 211 évaluations,"9,99 €",‏,,‏,,Non disponible,Romans et Littérature Française,https://www.amazon.fr/Lakestone-Captive-nouveau-ph%C3%A9nom%C3%A8ne-Rivens/dp/2017207039/ref=sr_1_66,2025-09-03T18:07:17.041476
Lakestone: Lakestone 1,Sarah Rivens,"0,00€",https://m.media-amazon.com/images/I/91gyj-nAFxL._SX342_.jpg,"Dans la tranquillité trompeuse de la ville d'Ewing aux États-Unis, Iris, confinée à la bibliothèque, est plongée dans ses révisions. À des kilomètres de là, un mercenaire affronte le froid tranchant de la nuit, aussi glaciale que le cadavre qu'il vient d’enterrer. Ils n’ont rien en commun, pourtant tous deux ont le même objectif : amasser assez d'argent. Iris, pour payer ses frais de scolarité à l...","Livres audio Audible 

                        – Version intégrale","4,7 sur 5 étoiles",3 211 évaluations,"9,99 €",Non disponible,,,Non disponible,Non disponible,Romans et Littérature Française,https://www.amazon.fr/Audible-Lakestone-1/dp/B0CQ4YQLW8/ref=sr_1_66,2025-09-03T18:07:24.475673
Lakestone - tome 1 (Romantic Suspense),Sarah Rivens,Prix non disponible,https://m.media-amazon.com/images/I/81dm40luYyL._SY466_.jpg,"Dans la tranquillité trompeuse de la ville d'Ewing aux États-Unis, Iris, confinée à la bibliothèque, est plongée dans ses révisions. À des kilomètres de là, un mercenaire affronte le froid tranchant de la nuit, aussi glaciale que le cadavre qu'il vient d’enterrer.Ils n’ont rien en commun, pourtant tous deux ont le même objectif  : amasser assez d'argent. Iris, pour payer ses frais de scolarité à l...",Format Kindle,"4,7 sur 5 étoiles",3 211 évaluations,"20,00 €",‏,,‏,‏,Non disponible,Romans et Littérature Française,https://www.amazon.fr/Lakestone-1-Sarah-Rivens-ebook/dp/B0CGM3KN1C/ref=sr_1_66,2025-09-03T18:07:32.112135
L'Alchimiste,Paulo Coelho,Prix non disponible,https://m.media-amazon.com/images/I/61QD6IeAA7L._SY522_.jpg,"Santiago, un jeune berger andalou, part à la recherche d'un trésor enfoui au pied des Pyramides. Lorsqu'il rencontre l'Alchimiste dans le désert, celui-ci lui apprend à écouter son coeur, à lire les signes du destin et, par-dessus tout, à aller au bout de ses rêves. Merveilleux conte philosophique destiné à l'enfant qui sommeille en chaque être, ce livre a déjà marqué une génération de lecteurs.",En stock,"4,6 sur 5 étoiles",10 414 évaluations,"5,49 €",‏,,‏,‏,Non disponible,Romans et Littérature Française,https://www.amazon.fr/LAlchimiste-Paulo-Coelho/dp/2290258067/ref=sr_1_67,2025-09-03T18:07:40.350526
L'Alchimiste,Paulo Coelho,"0,00€",https://m.media-amazon.com/images/I/91YWjVXcDZL._SX342_.jpg,"Santiago, un jeune berger andalou, part à la recherche d'un trésor enfoui au pied des Pyramides. Lorsqu'il rencontre l'Alchimiste dans le désert, celui-ci lui apprend à écouter son coeur, à lire les signes du destin et, par-dessus tout, à aller au bout de son rêve.","Livres audio Audible 

                        – Version intégrale","4,6 sur 5 étoiles",10 414 évaluations,"5,49 €",Non disponible,,,Non disponible,Non disponible,Romans et Littérature Française,https://www.amazon.fr/LAlchimiste/dp/B08QB51D48/ref=sr_1_67,2025-09-03T18:07:48.016250
L'Alchimiste,Paulo Coelho,Prix non disponible,https://m.media-amazon.com/images/I/81Yl44WhIXL._SY466_.jpg,"«Mon cœur craint de souffrir, dit le jeune homme à l’alchimiste, une nuit qu’ils regardaient le ciel sans lune. Dis-lui que la crainte de la souffrance est pire que la souffrance elle-même. Et qu’aucun cœur n’a jamais souffert alors qu’il était à la poursuite de ses rêves». Santiago, un jeune berger andalou, part à la recherche d’un trésor enfoui au pied des Pyramides. Lorsqu’il rencontre l’Alchim...",Format Kindle,"4,6 sur 5 étoiles",10 414 évaluations,"2,53 €",Non disponible,,‏,‏,Non disponible,Romans et Littérature Française,https://www.amazon.fr/LAlchimiste-Paulo-Coelho-ebook/dp/B00K858H0M/ref=sr_1_67,2025-09-03T18:07:53.102790
L'Alchimiste,Paulo Coelho,Prix non disponible,https://m.media-amazon.com/images/I/61QTHD3+nSL._SY466_.jpg,"""Accomplir sa légende personnelle est la seule et unique obligation de l´homme."" ""Mon coeur craint de souffrir, dit le jeune homme à l'Alchimiste, une nuit qu'ils regardaient le ciel sans lune. - Dis-lui que la crainte de la souffrance est pire que la souffrance elle-même. Et qu'aucun coeur n'a jamais souffert alors qu'il était à la poursuite de ses rêves."" Santiago, un jeune berger andalou, part ...",En stock,"4,6 sur 5 étoiles",10 414 évaluations,"5,49 €",‏,‏,‏,‏,Non disponible,Romans et Littérature Française,https://www.amazon.fr/LAlchimiste-Nouvelle-%C3%89dition-Illustr%C3%A9e-Coelho/dp/2081394707/ref=sr_1_67,2025-09-03T18:08:00.888642
L'Alchimiste,Paulo Coelho,"21,90€",https://m.media-amazon.com/images/I/41VbfCI-ZyL._SY425_.jpg,Pas de description,Habituellement expédié sous 1 à 3 mois,"4,6 sur 5 étoiles",10 414 évaluations,"5,49 €",‏,‏,‏,Non disponible,Non disponible,Romans et Littérature Française,https://www.amazon.fr/LAlchimiste-Paulo-Coelho/dp/2072915600/ref=sr_1_67,2025-09-03T18:08:09.444646
L'Alchimiste,Paulo Coelho,Prix non disponible,https://m.media-amazon.com/images/I/71a9Y788v8L._SY425_.jpg,Pas de description,Il ne reste plus que 3 exemplaire(s) en stock.,"4,6 sur 5 étoiles",10 414 évaluations,"5,49 €",‏,‏,‏,‏,Non disponible,Romans et Littérature Française,https://www.amazon.fr/LAlchimiste-Paulo-Coelho/dp/2910188132/ref=sr_1_67,2025-09-03T18:08:14.918714
L'Alchimiste (coffret 2 CD),Collectif,Prix non disponible,https://m.media-amazon.com/images/I/411RI37ZvrL._SY342_.jpg,Pas de description,Il ne reste plus que 1 exemplaire(s) en stock.,"4,6 sur 5 étoiles",10 414 évaluations,"5,49 €",‏,‏,‏,Non disponible,Non disponible,Romans et Littérature Française,https://www.amazon.fr/LAlchimiste-coffret-2-CD-Collectif/dp/2921997339/ref=sr_1_67,2025-09-03T18:08:21.075299
La Maison vide,Laurent Mauvignier,Prix non disponible,https://m.media-amazon.com/images/I/61L44WIYLZL._SY425_.jpg,"En 1976, mon père a rouvert la maison qu’il avait reçue de sa mère, restée fermée pendant vingt ans. À l’intérieur : un piano, une commode au marbre ébréché, une Légion d’honneur, des photographies sur lesquelles un visage a été découpé aux ciseaux. Une maison peuplée de récits, où se croisent deux guerres mondiales, la vie rurale de la première moitié du vingtième siècle, mais aussi Marguerite, m...",Habituellement expédié sous 1 à 4 semaines,"4,0 sur 5 étoiles",1 évaluation,"17,99 €",‏,‏,‏,‏,Non disponible,Romans et Littérature Française,https://www.amazon.fr/Maison-vide-Laurent-Mauvignier/dp/2707356743/ref=sr_1_68,2025-09-03T18:08:30.653352
La maison vide,Laurent Mauvignier,Prix non disponible,https://m.media-amazon.com/images/I/61o2m+8cRKL._SY425_.jpg,"En 1976, mon père a rouvert la maison qu’il avait reçue de sa mère, restée fermée pendant vingt ans. À l’intérieur : un piano, une commode au marbre ébréché, une Légion d’honneur, des photographies sur lesquelles un visage a été découpé aux ciseaux. Une maison peuplée de récits, où se croisent deux guerres mondiales, la vie rurale de la première moitié du vingtième siècle, mais aussi Marguerite, m...",Format Kindle,"4,0 sur 5 étoiles",1 évaluation,"25,00 €",‏,,‏,‏,Non disponible,Romans et Littérature Française,https://www.amazon.fr/maison-vide-Laurent-Mauvignier-ebook/dp/B0FFBJFDRF/ref=sr_1_68,2025-09-03T18:08:35.191682
Respire !: Le Plan est toujours parfait,Maud Ankaoua,"7,90€",https://m.media-amazon.com/images/I/51ZB7SUuqDL._SY522_.jpg,"""Tu ne le sais pas encore mais tu es exactement là où tu dois être."" Malo, 30 ans, virtuose de la finance à qui tout réussit, est appelé à Bangkok pour aider une entreprise en difficulté. Quelques semaines après son arrivée, il surprend une conversation qui l'anéantit : il ne lui resterait plus que quelques mois à vivre... Au moment où il perd tout espoir, une vieille dame lui propose un pacte étr...",En stock,"4,6 sur 5 étoiles",6 717 évaluations,"7,99 €",‏,,‏,,Non disponible,Romans et Littérature Française,https://www.amazon.fr/Respire-Plan-est-toujours-parfait/dp/2290380342/ref=sr_1_69,2025-09-03T18:08:43.971904
Respire !: Le plan est toujours parfait (Roman Eyrolles),Maud Ankaoua,Prix non disponible,https://m.media-amazon.com/images/I/81OTAmauR0L._SY466_.jpg,"Malo, 30 ans, virtuose de la stratégie, est appelé à Bangkok pour redresser une entreprise en diffi culté. Quelques semaines après son arrivée, il surprend une conversation qui l’anéantit : il ne lui resterait que peu de temps à vivre… Au moment où il perd tout espoir, une vieille dame lui propose un pacte étrange : en échange de 30 jours de la vie du jeune homme, elle le met au défi . Sera-t-il p...",Format Kindle,"4,6 sur 5 étoiles",6 717 évaluations,"16,00 €",‏,,‏,‏,Non disponible,Romans et Littérature Française,https://www.amazon.fr/Respire-toujours-parfait-Roman-Eyrolles-ebook/dp/B0832C2L5V/ref=sr_1_69,2025-09-03T18:08:52.171614
Respire !: Le plan est toujours parfait,Maud Ankaoua,"0,00€",https://m.media-amazon.com/images/I/81esIxqnsCL._SX342_.jpg,Pas de description,"Livres audio Audible 

                        – Version intégrale","4,6 sur 5 étoiles",6 717 évaluations,"7,99 €",Non disponible,,,Non disponible,Non disponible,Romans et Littérature Française,https://www.amazon.fr/Respire-plan-est-toujours-parfait/dp/B095Z2YG9P/ref=sr_1_69,2025-09-03T18:09:00.439822
Respire ! Le plan est toujours parfait,Maud Ankaoua,"16,00€",https://m.media-amazon.com/images/I/61+A9TZe-aL._SY466_.jpg,Et s'il existait un Plan ? Si tout ce que nous vivions avait été placé sur notre chemin pour nous permettre de nous accomplir ?,En stock,"4,6 sur 5 étoiles",6 717 évaluations,"7,99 €",‏,,‏,,Non disponible,Romans et Littérature Française,https://www.amazon.fr/Respire-plan-est-toujours-parfait/dp/2212572387/ref=sr_1_69,2025-09-03T18:09:08.180906
La nuit au coeur,Nathacha Appanah,Prix non disponible,https://m.media-amazon.com/images/I/81yoSjdEGJL._SY466_.jpg,"""De ces nuits et de ces vies, de ces femmes qui courent, de ces coeurs qui luttent, de ces instants qui sont si accablants qu'ils ne rentrent pas dans la mesure du temps, il a fallu faire quelque chose. Il y a l'impossibilité de la vérité entière à chaque page mais la quête désespérée d'une justesse au plus près de la vie, de la nuit, du coeur, du corps, de l'esprit. De ces trois femmes, il a fall...",En stock,"4,3 sur 5 étoiles",15 évaluations,"14,99 €",‏,,‏,‏,Non disponible,Romans et Littérature Française,https://www.amazon.fr/nuit-au-coeur-Nathacha-Appanah/dp/2073080022/ref=sr_1_70,2025-09-03T18:09:14.787792
La nuit au cœur,Nathacha Appanah,Prix non disponible,https://m.media-amazon.com/images/I/81kwwE8deyL._SY466_.jpg,"""De ces nuits et de ces vies, de ces femmes qui courent, de ces cœurs qui luttent, de ces instants qui sont si accablants qu’ils ne rentrent pas dans la mesure du temps, il a fallu faire quelque chose. Il y a l’impossibilité de la vérité entière à chaque page mais la quête désespérée d’une justesse au plus près de la vie, de la nuit, du cœur, du corps, de l’esprit.De ces trois femmes, il a fallu c...",Format Kindle,"4,3 sur 5 étoiles",15 évaluations,"21,00 €",‏,,‏,‏,Non disponible,Romans et Littérature Française,https://www.amazon.fr/nuit-au-c%C5%93ur-Nathacha-Appanah-ebook/dp/B0FCCZZK51/ref=sr_1_70,2025-09-03T18:09:22.166891
La nuit au coeur,Nathacha Appanah,"0,00€",https://m.media-amazon.com/images/I/91d6d2dE1GL._SX342_.jpg,"« De ces nuits et de ces vies, de ces femmes qui courent, de ces cœurs qui luttent, de ces instants qui sont si accablants qu’ils ne rentrent pas dans la mesure du temps, il a fallu faire quelque chose. Il y a l’impossibilité de la vérité entière à chaque page mais la quête désespérée d’une justesse au plus près de la vie, de la nuit, du cœur, du corps, de l’esprit.","Livres audio Audible 

                        – Version intégrale","4,3 sur 5 étoiles",15 évaluations,"14,99 €",Non disponible,,,Non disponible,Non disponible,Romans et Littérature Française,https://www.amazon.fr/Audible-La-nuit-au-coeur/dp/B0FH29R9QJ/ref=sr_1_70,2025-09-03T18:09:28.298895
Post mortem: Prix du Quai des Orfèvres 2025,Olivier Tournut,"9,90€",https://m.media-amazon.com/images/I/71UrEuWRKiL._SY522_.jpg,"""Une œuvre pas belle à voir"" : telle est la façon dont la scène de crime a été décrite à la capitaine Isabelle Le Peletier avant son arrivée sur les lieux. Mais rien n'aurait pu la préparer à une telle horreur. Dans un grand appartement parisien, vide de tout meuble, le corps d'un homme l'attend assis sur une chaise, nu et atrocement mutilé. Sur son avant-bras, un étrange tatouage. Le clou du spec...",En stock,"4,2 sur 5 étoiles",1 717 évaluations,"7,99 €",‏,‏,‏,,Non disponible,Romans et Littérature Française,https://www.amazon.fr/Post-mortem-Prix-Quai-Orf%C3%A8vres/dp/2213727813/ref=sr_1_71,2025-09-03T18:09:36.908053
Post mortem : Prix du Quai des Orfèvres 2025,Olivier Tournut,Prix non disponible,https://m.media-amazon.com/images/I/71sExJ3vojL._SY522_.jpg,"""Une œuvre pas belle à voir"" : telle est la façon dont la scène de crime a été décrite à la capitaine Isabelle Le Peletier avant son arrivée sur les lieux. Mais rien n'aurait pu la préparer à une telle horreur. Dans un grand appartement parisien, vide de tout meuble, le corps d'un homme l'attend assis sur une chaise, nu et atrocement mutilé. Sur son avant-bras, un étrange tatouage. Le clou du spec...",Format Kindle,"4,2 sur 5 étoiles",1 717 évaluations,"9,90 €",‏,lisez avec notre  appli gratuite,‏,‏,Non disponible,Romans et Littérature Française,https://www.amazon.fr/Post-mortem-Prix-Quai-Orf%C3%A8vres-ebook/dp/B0DHGSJXRL/ref=sr_1_71,2025-09-03T18:09:44.986052
Post mortem,Olivier Tournut,"0,00€",https://m.media-amazon.com/images/I/810-F+9w4HL._SX342_.jpg,"""Une œuvre pas belle à voir"" : telle est la façon dont la scène de crime a été décrite à la capitaine Isabelle Le Peletier avant son arrivée sur les lieux. Mais rien n’aurait pu la préparer à une telle horreur. Dans un grand appartement parisien, vide de tout meuble, le corps d’un homme l’attend assis sur une chaise, nu et atrocement mutilé. Sur son avant-bras, un étrange tatouage. Le clou du spec...","Livres audio Audible 

                        – Version intégrale","4,2 sur 5 étoiles",1 717 évaluations,"7,99 €",Non disponible,,,avis laissé en france le 7 février 2025achat vérifié,Non disponible,Romans et Littérature Française,https://www.amazon.fr/Audible-Studios-on-Brilliance-mortem/dp/B0DK7BCQNM/ref=sr_1_71,2025-09-03T18:09:51.577899
Post mortem,Olivier Tournut,"14,95 €",https://m.media-amazon.com/images/I/41ltQnLXUrL._SY466_.jpg,Pas de description,"Broché – Grands caractères, 15 mai 2025","4,2 sur 5 étoiles",1 717 évaluations,"7,99 €",‏,‏,‏,‏,Non disponible,Romans et Littérature Française,https://www.amazon.fr/Post-mortem-Olivier-Tournut/dp/2363608801/ref=sr_1_71,2025-09-03T18:10:00.178029
La bonne mère,Mathilda Di Matteo,"20,90€",https://m.media-amazon.com/images/I/71z9hmYmD6L._SY425_.jpg,""" Certains disent qu'elle est vulgaire. Moi, je dirais qu'elle est solaire. Un soleil de canicule, du genre incendiaire. "" Huit cents kilomètres séparent Clara de sa mère, Véro, depuis qu'elle a quitté Marseille. Ce week-end, elle lui présente Raphaël. Un girafon, pense Véro en le voyant. Il l'agace avec son pedigree bourgeois, ses mots compliqués et sa bouche fermée comme une huître. Elle n'aurai...",En stock,"4,1 sur 5 étoiles",10 évaluations,"15,99 €",‏,‏,‏,‏,Non disponible,Romans et Littérature Française,https://www.amazon.fr/bonne-m%C3%A8re-Mathilda-Matteo/dp/2378805071/ref=sr_1_72,2025-09-03T18:10:07.705182
La bonne mère,Mathilda Di Matteo,Prix non disponible,https://m.media-amazon.com/images/I/81MbLjkNZSL._SY425_.jpg,""" Certains disent qu'elle est vulgaire. Moi, je dirais qu'elle est solaire. Un soleil de canicule, du genre incendiaire. ""Huit cents kilomètres séparent Clara de sa mère, Véro, depuis qu'elle a quitté Marseille. Ce week-end, elle lui présente Raphaël. Un girafon, pense Véro en le voyant. Il l'agace avec son pedigree bourgeois, ses mots compliqués et sa bouche fermée comme une huître. Elle n'aurait...",Format Kindle,"4,1 sur 5 étoiles",10 évaluations,"20,90 €",‏,,‏,‏,Non disponible,Romans et Littérature Française,https://www.amazon.fr/bonne-m%C3%A8re-Mathilda-Matteo-ebook/dp/B0FFDJHQ41/ref=sr_1_72,2025-09-03T18:10:14.554757
La Bonne Mère,Mathilda di Matteo,"0,00€",https://m.media-amazon.com/images/I/915BjdC-MTL._SX342_.jpg,"800 km : c’est la distance qui sépare Clara de Véro, sa mère, depuis qu’elle a quitté Marseille pour faire des études brillantes à Paris.  Ce week-end, pour la première fois, Clara rend visite à ses parents accompagnée. Raphaël est avec elle. Raphaël et ses gestes feutrés, son élégance naturelle, son pedigree bourgeois. À ses côtés, Clara gomme les rondeurs de son accent, lisse ses émotions, cache...","Livres audio Audible 

                        – Version intégrale","4,1 sur 5 étoiles",10 évaluations,"15,99 €",Non disponible,,,Non disponible,Non disponible,Romans et Littérature Française,https://www.amazon.fr/Audible-La-Bonne-M%C3%A8re/dp/B0FKTMMS73/ref=sr_1_72,2025-09-03T18:10:22.212141
Un hiver pour te résister - poche: Seasons Tome 2,Morgane Moncomble,"8,90€",https://m.media-amazon.com/images/I/81l3L5wUgcL._SY522_.jpg,La série phénomène de Morgane Moncomble enfin en poche !,En stock,"4,6 sur 5 étoiles",1 856 évaluations,"9,99 €",‏,‏,‏,‏,Non disponible,Romans et Littérature Française,https://www.amazon.fr/hiver-pour-r%C3%A9sister-poche-Seasons/dp/2755679549/ref=sr_1_73,2025-09-03T18:10:29.930135
Un hiver pour te résister : Seasons Tome 2,Morgane Moncomble,Prix non disponible,https://m.media-amazon.com/images/I/810Nq4opNHL._SY522_.jpg,"Star montante du patinage artistique, Lily n’a qu’un seul objectif : remporter la médaille d’or au Championnat Mondial. Lorsqu’elle rencontre son nouveau partenaire, elle est aux anges.",Format Kindle,"4,6 sur 5 étoiles",1 856 évaluations,"17,00 €",‏,,‏,‏,Non disponible,Romans et Littérature Française,https://www.amazon.fr/hiver-pour-r%C3%A9sister-Seasons-ebook/dp/B0CQ8PXFR5/ref=sr_1_73,2025-09-03T18:10:36.555225
Un hiver pour te résister: Seasons 2,Morgane Moncomble,"0,00€",https://m.media-amazon.com/images/I/81SCbK6cHBL._SX342_.jpg,"Star montante du patinage artistique, Lily n'a qu'un seul objectif : remporter la médaille d'or au Championnat Mondial. Lorsqu'elle rencontre son nouveau partenaire, elle est aux anges.  Son modèle de toujours, c'est lui : Orion Williams.  L'homme qu'elle se surprend à mépriser dès leur première rencontre…  Champion maudit, Orion ne rêve que d'une chose : arrêter le patinage artistique. Quand son ...","Livres audio Audible 

                        – Version intégrale","4,6 sur 5 étoiles",1 856 évaluations,"9,99 €",Non disponible,,,Non disponible,Non disponible,Romans et Littérature Française,https://www.amazon.fr/hiver-pour-r%C3%A9sister-Seasons/dp/B0CTBBNNZQ/ref=sr_1_73,2025-09-03T18:10:44.577448
Un hiver pour te résister: Seasons Tome 2,Morgane Moncomble,"17,00€",https://m.media-amazon.com/images/I/81wO39C92uL._SY522_.jpg,"Star montante du patinage artistique, Lily n’a qu’un seul objectif : remporter la médaille d’or au Championnat Mondial. Lorsqu’elle rencontre son nouveau partenaire, elle est aux anges.",En stock,"4,6 sur 5 étoiles",1 856 évaluations,"9,99 €",‏,‏,‏,,Non disponible,Romans et Littérature Française,https://www.amazon.fr/hiver-pour-r%C3%A9sister-Seasons/dp/2755670398/ref=sr_1_73,2025-09-03T18:10:52.904200
Finistère,Anne Berest,"23,90€",https://m.media-amazon.com/images/I/71ijcIgL97L._SY466_.jpg,"Anne Berest, une fois encore, nous livre une magnifique reflexion sur la famille.",En stock,"3,7 sur 5 étoiles",15 évaluations,"12,99 €",‏,,‏,‏,Non disponible,Romans et Littérature Française,https://www.amazon.fr/Finist%C3%A8re-Anne-Berest/dp/2226487182/ref=sr_1_74,2025-09-03T18:10:58.898119
Finistère,Anne Berest,Prix non disponible,https://m.media-amazon.com/images/I/71TuAPywO3L._SY466_.jpg,"Anne Berest, une fois encore, nous livre une magnifique reflexion sur la famille.",Format Kindle,"3,7 sur 5 étoiles",15 évaluations,"23,90 €",‏,,‏,‏,Non disponible,Romans et Littérature Française,https://www.amazon.fr/Finist%C3%A8re-Anne-Berest-ebook/dp/B0F6QWHZSD/ref=sr_1_74,2025-09-03T18:11:06.172255
Finistère,Anne Berest,"0,00€",https://m.media-amazon.com/images/I/81iZkdB7x3L._SX342_.jpg,"« En 2021, juste après la publication de","Livres audio Audible 

                        – Version intégrale","3,7 sur 5 étoiles",15 évaluations,"12,99 €",Non disponible,,,Non disponible,Non disponible,Romans et Littérature Française,https://www.amazon.fr/Audible-Finist%C3%A8re/dp/B0FHHT8261/ref=sr_1_74,2025-09-03T18:11:12.475801
Finistère: Livre audio 1 CD MP3,Anne Berest,Prix non disponible,https://m.media-amazon.com/images/I/01PkLIhTX3L.gif,"À partir de ses souvenirs d'enfance en Bretagne, la région d'origine de sa famille paternelle, l'autrice explore les liens entre la vie de ses ancêtres et l'histoire régionale, des premières coopératives paysannes à mai 1968, en passant par l'occupation allemande d'un village du Léon et la destruction de Brest.",Cet article paraîtra le 15 octobre 2025.,"3,7 sur 5 étoiles",15 évaluations,"12,99 €",‏,‏,‏,Non disponible,Non disponible,Romans et Littérature Française,https://www.amazon.fr/Finist%C3%A8re-Livre-audio-CD-MP3/dp/B0FDFNB4GB/ref=sr_1_74,2025-09-03T18:11:20.929426
Les Assassins de l'aube,Michel Bussi,Prix non disponible,https://m.media-amazon.com/images/I/71KYwOYRSbL._SY522_.jpg,"Un thriller tropical et une invitation au voyage dans une Guadeloupe à l'histoire mouvementée, loin des clichés touristiques mais au plus près de sa réalité actuelle et passée",En stock,"4,4 sur 5 étoiles",2 240 évaluations,"15,99 €",‏,,‏,‏,Non disponible,Romans et Littérature Française,https://www.amazon.fr/Assassins-laube-Michel-Bussi/dp/2266353268/ref=sr_1_75,2025-09-03T18:11:29.212331
Les Assassins de l'aube,Michel Bussi,Prix non disponible,https://m.media-amazon.com/images/I/81MQF0c7NEL._SY522_.jpg,"La Guadeloupe, une île paradisiaque... terre de tous les dangers",Format Kindle,"4,4 sur 5 étoiles",2 240 évaluations,"22,90 €",‏,,‏,‏,Non disponible,Romans et Littérature Française,https://www.amazon.fr/Assassins-laube-Michel-Bussi-ebook/dp/B0DFHX1NQ8/ref=sr_1_75,2025-09-03T18:11:35.685415
Les Assassins de l'aube,Michel Bussi,"0,00€",https://m.media-amazon.com/images/I/91B-Vw9JhEL._SX342_.jpg,"La Guadeloupe, une île paradisiaque... terre de tous les dangers","Livres audio Audible 

                        – Version intégrale","4,4 sur 5 étoiles",2 240 évaluations,"15,99 €",Non disponible,,,en lire plus,Non disponible,Romans et Littérature Française,https://www.amazon.fr/Audible-Les-Assassins-de-laube/dp/B0DH4QVRC7/ref=sr_1_75,2025-09-03T18:11:42.757200
Les Assassins de l'aube,Michel Bussi,"22,90€",https://m.media-amazon.com/images/I/71f7fzbi8pL._SY522_.jpg,"La Guadeloupe, une île paradisiaque... terre de tous les dangers",En stock,"4,4 sur 5 étoiles",2 240 évaluations,"15,99 €",‏,‏,‏,,Non disponible,Romans et Littérature Française,https://www.amazon.fr/Assassins-laube-Nouveaut%C3%A9-Michel-thriller/dp/2258210607/ref=sr_1_75,2025-09-03T18:11:51.909578
Les Assassins de l'aube,Michel Bussi,Prix non disponible,https://m.media-amazon.com/images/I/615Xl+q5VWL._SY385_.jpg,"La Guadeloupe, une île paradisiaque... terre de tous les dangers",,"4,4 sur 5 étoiles",2 240 évaluations,"15,99 €",‏,‏,‏,en lire plus,Non disponible,Romans et Littérature Française,https://www.amazon.fr/Assassins-laube-Michel-Bussi/dp/B0DJSBFDW2/ref=sr_1_75,2025-09-03T18:12:01.387431
Toutes les vies,Rebeka Warrior,"20,90€",https://m.media-amazon.com/images/I/61+kCrJHdaL._SY466_.jpg,"« Une nuit, dans notre bicoque sur la plage, j’ai fait un drôle de cauchemar.La mort contournait la moustiquaire et tentait perfidement de s’introduire dans notre lit.Elle attendait tapie dans l’ombre que je m’endorme pour s’infiltrer et prendre Pauline.C’était elle qu’elle voulait.Elle s’en fichait de moi.Je lui mettais des bâtons dans les roues.Ça ne lui plaisait pas.Je passais la nuit à monter ...",En stock,"4,2 sur 5 étoiles",24 évaluations,"14,99 €",‏,‏,‏,‏,Non disponible,Romans et Littérature Française,https://www.amazon.fr/Toutes-vies-Rebeka-Warrior/dp/2234097711/ref=sr_1_76,2025-09-03T18:12:10.154104
Toutes les vies (La Bleue),Rebeka Warrior,Prix non disponible,https://m.media-amazon.com/images/I/61pf4ZLy32L._SY466_.jpg,"« Une nuit, dans notre bicoque sur la plage, j’ai fait un drôle de cauchemar.La mort contournait la moustiquaire et tentait perfidement de s’introduire dans notre lit.Elle attendait tapie dans l’ombre que je m’endorme pour s’infiltrer et prendre Pauline.C’était elle qu’elle voulait.Elle s’en fichait de moi.Je lui mettais des bâtons dans les roues.Ça ne lui plaisait pas.Je passais la nuit à monter ...",Format Kindle,"4,2 sur 5 étoiles",24 évaluations,"20,90 €",‏,,‏,‏,Non disponible,Romans et Littérature Française,https://www.amazon.fr/Toutes-vies-Bleue-Rebeka-Warrior-ebook/dp/B0FFKSSQYV/ref=sr_1_76,2025-09-03T18:12:15.043574
Toutes les vies,Rebeka Warrior,"0,00€",https://m.media-amazon.com/images/I/71gFN3O9bkL._SX342_.jpg,"« Une nuit, dans notre bicoque sur la plage, j'ai fait un drôle de cauchemar. La mort contournait la moustiquaire et tentait perfidement de s'introduire dans notre lit. Elle attendait tapie dans l'ombre que je m'endorme pour s'infiltrer et prendre Pauline. C'était elle qu'elle voulait. Elle s'en fichait de moi. Je lui mettais des bâtons dans les roues. Ça ne lui plaisait pas. Je passais la nuit à ...",Précommander,"4,2 sur 5 étoiles",24 évaluations,"14,99 €",Non disponible,,,Non disponible,Non disponible,Romans et Littérature Française,https://www.amazon.fr/Audible-Toutes-les-vies/dp/B0FJY8SNW5/ref=sr_1_76,2025-09-03T18:12:21.717593
Désenchantées,Marie Vareille,"9,20€",https://m.media-amazon.com/images/I/71aRseP30lL._SY522_.jpg,"La disparition de Sarah Leroy, quinze ans, a bouleversé la petite bourgade de Bouville-sur-Mer et ému la France entière. Dans chaque foyer, chaque bistrot, on élaborait des hypothèses, mais ce qui est vraiment arrivé, personne ne l’a jamais su. Vingt ans plus tard, Fanny revient sur les lieux de ce drame qui a marqué sa jeunesse. Et c’est tout un passé qui resurgit... Car l’histoire de Sarah Leroy...",En stock,"4,6 sur 5 étoiles",5 620 évaluations,"5,99 €",‏,‏,‏,‏,Non disponible,Romans et Littérature Française,https://www.amazon.fr/D%C3%A9senchant%C3%A9es-Marie-Vareille/dp/2253244430/ref=sr_1_77,2025-09-03T18:12:31.577325
Désenchantées,Marie Vareille,Prix non disponible,https://m.media-amazon.com/images/I/81v+2o7I6TL._SY466_.jpg,"La disparition de Sarah Leroy, quinze ans, a bouleversé la petite bourgade de Bouville-sur-Mer et ému la France entière. Dans chaque foyer, chaque bistrot, on élaborait des hypothèses, mais ce qui est vraiment arrivé, personne ne l’a jamais su.Vingt ans plus tard, Fanny revient sur les lieux de ce drame qui a marqué sa jeunesse. Et c’est tout un passé qu’elle avait préféré oublier qui resurgit... ...",Format Kindle,"4,6 sur 5 étoiles",5 620 évaluations,"17,90 €",‏,,‏,‏,Non disponible,Romans et Littérature Française,https://www.amazon.fr/D%C3%A9senchant%C3%A9es-Marie-Vareille-ebook/dp/B0BTPQ722B/ref=sr_1_77,2025-09-03T18:12:39.820131
Désenchantées,Marie Vareille,"0,00€",https://m.media-amazon.com/images/I/81kYbclLveL._SX342_.jpg,"""Nous étions quatre. Angélique, qui, Dieu sait, n'avait rien d'un ange, Morgane, qu'on qualifierait aujourd'hui de ""haut potentiel"", Jasmine, charitablement renommée ""la fille de la femme de ménage"" dans les journaux et le rapport de police, et Sarah Leroy. À moins que vous n'ayez passé les vingt dernières années à hiberner dans un igloo au Groenland, il est de toute évidence inutile de présenter ...","Livres audio Audible 

                        – Version intégrale","4,6 sur 5 étoiles",5 620 évaluations,"5,99 €",Non disponible,,,Non disponible,Non disponible,Romans et Littérature Française,https://www.amazon.fr/Audible-D%C3%A9senchant%C3%A9es/dp/B09YV5W43H/ref=sr_1_77,2025-09-03T18:12:48.843739
Désenchantées,Marie Vareille,"17,90€",https://m.media-amazon.com/images/I/81giBt1ZuaL._SY466_.jpg,"La disparition de Sarah Leroy, quinze ans, a bouleversé la petite bourgade de Bouville-sur-Mer et ému la France entière. Dans chaque foyer, chaque bistrot, on élaborait des hypothèses, mais ce qui est vraiment arrivé, personne ne l’a jamais su.",Il ne reste plus que 2 exemplaire(s) en stock.,"4,6 sur 5 étoiles",5 620 évaluations,"5,99 €",‏,,‏,,Non disponible,Romans et Littérature Française,https://www.amazon.fr/D%C3%A9senchant%C3%A9es-Marie-Vareille/dp/2368128034/ref=sr_1_77,2025-09-03T18:12:54.688066
Son odeur après la pluie,Cédric Sapin-Defour,"8,90€",https://m.media-amazon.com/images/I/71CTc3jrUrL._SY522_.jpg,"C’est une histoire d’amour, de vie et de mort entre un homme et son bouvier bernois, Ubac, qui, en même temps qu’il grandit, prend une place toujours plus centrale dans le quotidien du narrateur. Certaines pages, Ubac pue le chien, les suivantes, on oublie qu’il en est un, et l’on observe ces deux êtres s’aimant, tout simplement. Un lien mystérieux qui, se passant de mots, nous tient en haleine. U...",En stock,"4,4 sur 5 étoiles",3 218 évaluations,"8,99 €",‏,‏,‏,‏,Non disponible,Romans et Littérature Française,https://www.amazon.fr/odeur-apr%C3%A8s-pluie-C%C3%A9dric-Sapin-Defour/dp/2253248576/ref=sr_1_78,2025-09-03T18:13:04.275072
Son odeur après la pluie (La Bleue),Cédric Sapin-Defour,Prix non disponible,https://m.media-amazon.com/images/I/71Ufhs9WpHL._SY466_.jpg,"C’est une histoire d’amour, de vie et de mort. Sur quel autre trépied la littérature  danse-t-elle depuis des siècles  ? Dans",Format Kindle,"4,4 sur 5 étoiles",3 218 évaluations,"20,90 €",‏,,‏,‏,Non disponible,Romans et Littérature Française,https://www.amazon.fr/Son-odeur-apr%C3%A8s-pluie-Bleue-ebook/dp/B0BXBF5996/ref=sr_1_78,2025-09-03T18:13:12.430597
Son odeur après la pluie: Préface de Jean-Paul Dubois,Cédric Sapin-Defour,"0,00€",https://m.media-amazon.com/images/I/81HvTvxWOtL._SX342_.jpg,"C’est une histoire d’amour, de vie et de mort entre un homme et son chien. Un bouvier bernois, Ubac, qui, en même temps qu’il grandit, prend une place toujours plus centrale dans les jours du narrateur. Certaines pages, Ubac pue le chien, les suivantes, on oublie qu’il en est un, et l’on observe ces deux êtres s’aimant tout simplement. Un amour mystérieux qui, se passant de mots, nous tient en hal...","Livres audio Audible 

                        – Version intégrale","4,4 sur 5 étoiles",3 218 évaluations,"8,99 €",Non disponible,,,,Non disponible,Romans et Littérature Française,https://www.amazon.fr/Son-odeur-apr%C3%A8s-pluie-Jean-Paul/dp/B0CQ4V8V7D/ref=sr_1_78,2025-09-03T18:13:20.097394
Son odeur après la pluie,Cédric Sapin-Defour,"20,90€",https://m.media-amazon.com/images/I/71YbP9Wj1TL._SY466_.jpg,"C’est une histoire d’amour, de vie et de mort. Sur quel autre trépied la littérature danse-t-elle depuis des siècles ? Dans",En stock,"4,4 sur 5 étoiles",3 218 évaluations,"8,99 €",‏,‏,‏,‏,Non disponible,Romans et Littérature Française,https://www.amazon.fr/odeur-apr%C3%A8s-pluie-C%C3%A9dric-Sapin-Defour/dp/2234093961/ref=sr_1_78,2025-09-03T18:13:28.430600
Son odeur après la pluie: Livre audio 1 CD MP3 - Suivi d'un entretien avec l'auteur,Cédric Sapin-Defour,"24,50€",https://m.media-amazon.com/images/I/71sk4GpGdKL._SY425_.jpg,"C’est une histoire d’amour, de vie et de mort entre un homme et son chien. Un bouvier bernois, Ubac, qui, en même temps qu’il grandit, prend une place toujours plus centrale dans les jours du narrateur. Certaines pages, Ubac pue le chien, les suivantes, on oublie qu’il en est un, et l’on observe ces deux êtres s’aimant tout simplement. Un amour mystérieux qui, se passant de mots, nous tient en hal...",Il ne reste plus que 7 exemplaire(s) en stock (d'autres exemplaires sont en cours d'acheminement).,"4,4 sur 5 étoiles",3 218 évaluations,"8,99 €",‏,‏,‏,,Non disponible,Romans et Littérature Française,https://www.amazon.fr/Son-odeur-apr%C3%A8s-pluie-entretien/dp/B0D1TTBCTX/ref=sr_1_78,2025-09-03T18:13:36.408509
Une invitée particulière - Recommandé par l'autrice de La femme de ménage,Nelle Lamarr,"8,60€",https://m.media-amazon.com/images/I/71gWuWyyzZL._SY522_.jpg,"Avenante, polie et serviable, Tanya est l'invitée que tout le monde rêve d'accueillir chez soi. Dans le cadre d'un programme d'échange, cette étudiante britannique vient d'emménager pour un an dans la luxueuse maison de la famille Merritt, à Los Angeles. Pour Natalie, inconsolable depuis la mort tragique d'Anabel, sa fille aînée, cette nouvelle arrivée sera peut-être l'occasion de faire enfin son ...",En stock,"4,2 sur 5 étoiles",771 évaluations,"12,99 €",‏,,‏,‏,Non disponible,Romans et Littérature Française,https://www.amazon.fr/Une-invit%C3%A9e-particuli%C3%A8re-Recommand%C3%A9-lautrice/dp/2290401374/ref=sr_1_79,2025-09-03T18:13:45.189256
"Une invitée particulière : Elle vit chez vous, dans votre maison. Mais savez-vous vraiment pourquoi ?",Nelle Lamarr,Prix non disponible,https://m.media-amazon.com/images/I/81rW8yn7UCL._SY466_.jpg,"Avec ses longs cheveux blonds et sa silhouette élancée, Tanya est l'invitée parfaite. Dans le cadre d'un programme d'échange, cette étudiante britannique vient d'emménager pour un an dans la luxueuse maison de la famille Merritt à Los Angeles. Pour Natalie, qui pleure toujours la mort d'Anabel, sa fille aînée, la présence de la jeune étudiante est une distraction qui semble bienvenue. Mais au fil ...",Format Kindle,"4,2 sur 5 étoiles",771 évaluations,"8,60 €",‏,lisez avec notre  appli gratuite,‏,‏,Non disponible,Romans et Littérature Française,https://www.amazon.fr/Une-invit%C3%A9e-particuli%C3%A8re-savez-vous-vraiment-ebook/dp/B0CQ8QW465/ref=sr_1_79,2025-09-03T18:13:51.483117
"Une invitée particulière: Elle vit chez vous, dans votre maison. Mais savez-vous vraiment pourquoi ?",Nelle Lamarr,"22,50 €",https://m.media-amazon.com/images/I/81rW8yn7UCL._SY466_.jpg,"Avec ses longs cheveux blonds et sa silhouette élancée, Tanya est l'invitée parfaite. Dans le cadre d'un programme d'échange, cette étudiante britannique vient d'emménager pour un an dans la luxueuse maison de la famille Merritt à Los Angeles. Pour Natalie, qui pleure toujours la mort d'Anabel, sa fille aînée, la présence de la jeune étudiante est une distraction qui semble bienvenue. Mais au fil ...","Broché – Grand livre, 10 janvier 2024","4,2 sur 5 étoiles",771 évaluations,"12,99 €",‏,‏,‏,‏,Non disponible,Romans et Littérature Française,https://www.amazon.fr/Une-invit%C3%A9e-particuli%C3%A8re-savez-vous-vraiment/dp/2824623160/ref=sr_1_79,2025-09-03T18:13:58.309528
Où les étoiles tombent,Cédric Sapin-Defour,"22,50€",https://m.media-amazon.com/images/I/71VFVAmbRjL._SY466_.jpg,"Le vendredi 12 août 2022, au bout d’une vallée étincelante dans la province de Bolzano, un couple affranchi de toute contrainte s’envole l’un à la suite de l’autre, en parapente. Cédric et Mathilde, deux passionnés de montagne, ont mille fois fait le geste de se jeter dans l’air pur.Cédric se tourne, il ne voit plus Mathilde. Dans le halètement des minutes incertaines le menant jusqu’au lieu de la...",En stock,"4,2 sur 5 étoiles",45 évaluations,"15,99 €",‏,‏,‏,‏,Non disponible,Romans et Littérature Française,https://www.amazon.fr/O%C3%B9-%C3%A9toiles-tombent-C%C3%A9dric-Sapin-Defour/dp/2234097002/ref=sr_1_80,2025-09-03T18:14:07.426217
Où les étoiles tombent (La Bleue),Cédric Sapin-Defour,Prix non disponible,https://m.media-amazon.com/images/I/71uedhWgdUL._SY466_.jpg,"Le vendredi 12 août 2022, au bout d’une vallée étincelante dans la province de Bolzano, un couple affranchi de toute contrainte s’envole l’un à la suite de l’autre, en parapente. Cédric et Mathilde, deux passionnés de montagne, ont mille fois fait le geste de se jeter dans l’air pur.Cédric se tourne, il ne voit plus Mathilde. Dans le halètement des minutes incertaines le menant jusqu’au lieu de la...",Format Kindle,"4,2 sur 5 étoiles",45 évaluations,"22,50 €",‏,,‏,‏,Non disponible,Romans et Littérature Française,https://www.amazon.fr/%C3%A9toiles-tombent-Bleue-C%C3%A9dric-Sapin-Defour-ebook/dp/B0FFG3F4WR/ref=sr_1_80,2025-09-03T18:14:14.640853
Où les étoiles tombent,Cédric Sapin-Defour,"0,00€",https://m.media-amazon.com/images/I/81qsBUR7nSL._SX342_.jpg,"Le vendredi 12 août 2022, au bout d’une vallée étincelante dans la province de Bolzano, un couple affranchi de toute contrainte s’envole l’un à la suite de l’autre, en parapente. Cédric et Mathilde, deux passionnés de montagne, ont mille fois fait le geste de se jeter dans l’air pur. Cédric se tourne, il ne voit plus Mathilde. Dans le halètement des minutes incertaines le menant jusqu’au lieu de l...","Livres audio Audible 

                        – Version intégrale","4,2 sur 5 étoiles",45 évaluations,"15,99 €",Non disponible,,,Non disponible,Non disponible,Romans et Littérature Française,https://www.amazon.fr/Audible-O%C3%B9-les-%C3%A9toiles-tombent/dp/B0FCYQ5H8C/ref=sr_1_80,2025-09-03T18:14:19.936179
Où les étoiles tombent: Livre audio 1 CD MP3,Cédric Sapin-Defour,Prix non disponible,https://m.media-amazon.com/images/I/71Yhw0JopTL._SY425_.jpg,"Le vendredi 12 août 2022, au bout d’une vallée étincelante dans la province de Bolzano, un couple affranchi de toute contrainte s’envole l’un à la suite de l’autre, en parapente. Cédric et Mathilde, deux passionnés de montagne, ont mille fois fait le geste de se jeter dans l’air pur. Cédric se tourne, il ne voit plus Mathilde. Dans le halètement des minutes incertaines le menant jusqu’au lieu de l...",Cet article paraîtra le 17 septembre 2025.,"4,2 sur 5 étoiles",45 évaluations,"15,99 €",‏,‏,‏,Non disponible,Non disponible,Romans et Littérature Française,https://www.amazon.fr/O%C3%B9-%C3%A9toiles-tombent-Livre-audio/dp/B0F6ZHWT4M/ref=sr_1_80,2025-09-03T18:14:28.888104
Une jeunesse au temps de la Shoah: Extraits d'Une vie,Simone Veil,"5,90€",https://m.media-amazon.com/images/I/81YpBGslFHL._SY522_.jpg,L’idée d’extraire de ma biographie les quelques passages qui peuvent être regardés comme d’utile pédagogie vis-à-vis de la jeunesse d’aujourd’hui m’a paru séduisante. Simone Veil. Cette édition pédagogique regroupe les quatre premiers chapitres d’Une vie et couvre la période 1927-1954. Ce que Simone Veil a vécu durant ces années – où elle passa d’une enfance protégée à l’horreur des camps de conce...,En stock,"4,7 sur 5 étoiles",2 350 évaluations,Poche – 1 septembre 2010,‏,‏,‏,,Non disponible,Romans et Littérature Française,https://www.amazon.fr/Une-vie-jeunesse-temps-Shoah/dp/2253127620/ref=sr_1_81,2025-09-03T18:14:57.198697
The Hallmarked Man: Cormoran Strike Book 8,Robert Galbraith,Prix non disponible,https://m.media-amazon.com/images/I/819s6imvivL._SY466_.jpg,Pas de description,En stock,Diapositive précédente des détails du produit,0 avis,"19,99 €",‏,‏,‏,‏,Non disponible,Romans et Littérature Française,https://www.amazon.fr/Hallmarked-Man-Cormoran-Strike-Book/dp/1408723794/ref=sr_1_82,2025-09-03T18:15:05.791616
The Hallmarked Man: Cormoran Strike Book 8 (English Edition),Robert Galbraith,Prix non disponible,https://m.media-amazon.com/images/I/819s6imvivL._SY466_.jpg,"Prix Kindle : 19,97 €TVA incluse",Format Kindle,Diapositive précédente des détails du produit,0 avis,"38,56 €",‏,,‏,‏,Non disponible,Romans et Littérature Française,https://www.amazon.fr/Hallmarked-Man-Cormoran-Strike-English-ebook/dp/B0DS571XMN/ref=sr_1_82,2025-09-03T18:15:12.944318
"The Hallmarked Man: Cormoran Strike, Book 8",Robert Galbraith,"0,00€",https://m.media-amazon.com/images/I/91jfoEt9SEL._SX342_.jpg,FIND OUT WHAT IS NEXT FOR STRIKE AND ROBIN,"Livres audio Audible 

                        – Version intégrale",Diapositive précédente des détails du produit,0 avis,"19,99 €",Non disponible,,,,Non disponible,Romans et Littérature Française,https://www.amazon.fr/Hallmarked-Man-Cormoran-Strike-Book/dp/B0DSJMQLRC/ref=sr_1_82,2025-09-03T18:15:19.976051
The Hallmarked Man: Cormoran Strike Book 8,Robert Galbraith,Prix non disponible,https://m.media-amazon.com/images/I/819s6imvivL._SY466_.jpg,Pas de description,Habituellement expédié sous 2 à 3 jours,Diapositive précédente des détails du produit,0 avis,"19,99 €",‏,‏,‏,‏,Non disponible,Romans et Littérature Française,https://www.amazon.fr/Hallmarked-Man-Cormoran-Strike-Book/dp/1408723786/ref=sr_1_82,2025-09-03T18:15:28.061461
"Norferville : Roman nouveauté 2024 de Franck Thilliez, Par l'auteur de thrillers préféré des français, Roman policier ambitieux par l'auteur du best seller ""La Faille""",Franck Thilliez,"9,60€",https://m.media-amazon.com/images/I/61vuKtfy1HL._SY522_.jpg,"Dans l'univers hostile du Grand Nord, personne ne vous entend crier.",En stock,"4,5 sur 5 étoiles",4 477 évaluations,"16,99 €",‏,,‏,‏,Non disponible,Romans et Littérature Française,https://www.amazon.fr/Norferville-nouveaut%C3%A9-Thilliez-thrillers-ambitieux/dp/2266349023/ref=sr_1_83,2025-09-03T18:15:36.229536
Norferville,Franck Thilliez,Prix non disponible,https://m.media-amazon.com/images/I/817Uo4t44QL._SY466_.jpg,"Dans l'univers hostile du Grand Nord, personne ne vous entend crier.",Format Kindle,"4,5 sur 5 étoiles",4 477 évaluations,"22,90 €",‏,,‏,‏,Non disponible,Romans et Littérature Française,https://www.amazon.fr/Norferville-Nouveaut%C3%A9-Thilliez-thriller-fran%C3%A7ais-ebook/dp/B0CVZ2Q5QQ/ref=sr_1_83,2025-09-03T18:15:42.140475
Norferville,Franck Thilliez,"0,00€",https://m.media-amazon.com/images/I/81pIT2ZBPML._SX342_.jpg,"Dans l'univers hostile du Grand Nord, personne ne vous entend crier.","Livres audio Audible 

                        – Version intégrale","4,5 sur 5 étoiles",4 477 évaluations,"16,99 €",Non disponible,,,en lire plus,Non disponible,Romans et Littérature Française,https://www.amazon.fr/Audible-Norferville/dp/B0CYLSC5LT/ref=sr_1_83,2025-09-03T18:15:50.141028
Norferville,Franck Thilliez,"22,90€",https://m.media-amazon.com/images/I/41-nZBgEQ8L._SY445_SX342_.jpg,"Dans l'univers hostile du Grand Nord, personne ne vous entend crier.",En stock,"4,5 sur 5 étoiles",4 477 évaluations,"16,99 €",‏,,‏,‏,Non disponible,Romans et Littérature Française,https://www.amazon.fr/Norferville-Nouveaut%C3%A9-Thilliez-thriller-fran%C3%A7ais/dp/2265157791/ref=sr_1_83,2025-09-03T18:15:55.106360
Norferville,Franck Thilliez,"23,90€",https://m.media-amazon.com/images/I/51TS31Zx+1L._SY385_.jpg,"Dans l'univers hostile du Grand Nord, personne ne vous entend crier.",Il ne reste plus que 10 exemplaire(s) en stock (d'autres exemplaires sont en cours d'acheminement).,"4,5 sur 5 étoiles",4 477 évaluations,"16,99 €",‏,‏,‏,,Non disponible,Romans et Littérature Française,https://www.amazon.fr/Norferville-Franck-Thilliez/dp/B0CW5YCFR4/ref=sr_1_83,2025-09-03T18:16:02.996596
Un printemps pour te succomber - poche: Seasons Tome 3,Morgane Moncomble,"8,90€",https://m.media-amazon.com/images/I/81tX2Fbj7kL._SY522_.jpg,La série phénomène de Morgane Moncomble enfin en poche !,En stock,"4,7 sur 5 étoiles",1 574 évaluations,"9,99 €",‏,‏,‏,‏,Non disponible,Romans et Littérature Française,https://www.amazon.fr/printemps-pour-succomber-poche-Seasons/dp/2755681187/ref=sr_1_84,2025-09-03T18:16:11.741619
Un printemps pour te succomber : Seasons Tome 3,Morgane Moncomble,Prix non disponible,https://m.media-amazon.com/images/I/81aHGvb3XWL._SY522_.jpg,"Fleuriste fauchée, Nolia se tourne vers son ultime espoir pour s’en sortir : sa famille. Elle ne pensait cependant pas que le prix à payer pour son aide serait de se marier. Avec son ex. Face à l’adversité, incapable de retourner vers son passé toxique, elle décide de s’allier à un inconnu dans le plus grand mensonge de sa vie.",Format Kindle,"4,7 sur 5 étoiles",1 574 évaluations,"17,00 €",‏,,‏,‏,Non disponible,Romans et Littérature Française,https://www.amazon.fr/printemps-pour-succomber-Seasons-t-ebook/dp/B0CQ8M4V7J/ref=sr_1_84,2025-09-03T18:16:20.550351
"Un printemps pour te succomber: Seasons, Tome 3",Morgane Moncomble,"0,00€",https://m.media-amazon.com/images/I/81Ae6atTUJL._SX342_.jpg,"Fleuriste fauchée, Nolia se tourne vers son ultime espoir pour s'en sortir : sa famille. Elle ne pensait cependant pas que le prix à payer pour son aide serait de se marier. Avec son ex. Face à l'adversité, incapable de retourner vers son passé toxique, elle décide de s'allier à un inconnu dans le plus grand mensonge de sa vie.  L'heureux élu, c'est lui : Camille Levesque.  Fondateur d'une applica...","Livres audio Audible 

                        – Version intégrale","4,7 sur 5 étoiles",1 574 évaluations,"9,99 €",Non disponible,,,en lire plus,Non disponible,Romans et Littérature Française,https://www.amazon.fr/printemps-pour-succomber-Seasons/dp/B0CZ4N85TW/ref=sr_1_84,2025-09-03T18:16:28.741155
Un printemps pour te succomber: Seasons Tome 3,Morgane Moncomble,"17,00€",https://m.media-amazon.com/images/I/81C5XgruNvL._SY522_.jpg,"Fleuriste fauchée, Nolia se tourne vers son ultime espoir pour s’en sortir : sa famille. Elle ne pensait cependant pas que le prix à payer pour son aide serait de se marier. Avec son ex. Face à l’adversité, incapable de retourner vers son passé toxique, elle décide de s’allier à un inconnu dans le plus grand mensonge de sa vie.",En stock,"4,7 sur 5 étoiles",1 574 évaluations,"9,99 €",‏,‏,‏,,Non disponible,Romans et Littérature Française,https://www.amazon.fr/printemps-pour-succomber-Seasons/dp/2755670401/ref=sr_1_84,2025-09-03T18:16:36.718246
Un secret - Prix Goncourt des Lycéens 2004 & Grand prix des Lectrices de Elle 2005,Philippe Grimbert,"6,90€",https://m.media-amazon.com/images/I/81pzfKob4zL._SY522_.jpg,"Souvent les enfants s’inventent une famille, une autre origine, d’autres parents.Le narrateur de ce livre, lui, s’est inventé un frère. Un frère aîné, plus beau, plus fort, qu’il évoque devant les copains de vacances, les étrangers, ceux qui ne vérifieront pas… Et puis un jour, il découvre la vérité, impressionnante, terrifiante presque. Et c’est alors toute une histoire familiale, lourde, complex...",En stock,"4,5 sur 5 étoiles",4 250 évaluations,"5,49 €",‏,‏,‏,‏,Non disponible,Romans et Littérature Française,https://www.amazon.fr/secret-Grand-prix-Lectrices-Elle/dp/2253117188/ref=sr_1_85,2025-09-03T18:16:46.428714
Un secret Le film (Littérature Française),Philippe Grimbert,Prix non disponible,https://m.media-amazon.com/images/I/816GunqzwYL._SY425_.jpg,"Philippe Grimbert est psychanalyste. Il a précédemment publié trois essais, Psychanalyse de la chanson (Les Belles Lettres 1996), Pas de fumée sans Freud (Armand Colin 1999, Hachette Littérature 2001) et Chantons sous la psy (Hachette Littérature 2002). La petite robe de Paul, paru chez Grasset en septembre 2001, était son premier roman. Un secret est son deuxième roman. Le Livre: Au commencement ...",Format Kindle,"4,5 sur 5 étoiles",4 250 évaluations,"8,10 €",‏,,‏,‏,Non disponible,Romans et Littérature Française,https://www.amazon.fr/secret-film-Litt%C3%A9rature-Fran%C3%A7aise-ebook/dp/B005OOXR7U/ref=sr_1_85,2025-09-03T18:16:54.764207
Un secret,Philippe Grimbert,"0,00€",https://m.media-amazon.com/images/I/911o07DtcDL._SX342_.jpg,"Souvent les enfants s'inventent une famille, une autre origine, d'autres parents. Le narrateur de ce livre, lui, s'est inventé un frère. Un frère aîné, plus beau, plus fort, qu'il évoque devant les copains de vacances, les étrangers, ceux qui ne vérifieront pas... Et puis un jour, il découvre la vérité, impressionnante, terrifiante presque. Et c'est alors toute une histoire familiale, lourde, comp...","Livres audio Audible 

                        – Version intégrale","4,5 sur 5 étoiles",4 250 évaluations,"5,49 €",Non disponible,,,Non disponible,Non disponible,Romans et Littérature Française,https://www.amazon.fr/Un-secret/dp/B01CUXXLYG/ref=sr_1_85,2025-09-03T18:17:01.970960
Un secret,Philippe Grimbert,Prix non disponible,https://m.media-amazon.com/images/I/81IPmL8PP4L._SY466_.jpg,"R240036241. UN SECRET.. 2005. In-8. Relié. Bon état, Couv. convenable, Dos satisfaisant, Intérieur frais. 151 pages.. Avec Jaquette. . . Classification Dewey : 840-Littératures des langues romanes. Littérature française",Il ne reste plus que 12 exemplaire(s) en stock.,"4,5 sur 5 étoiles",4 250 évaluations,"5,49 €",‏,‏,‏,‏,Non disponible,Romans et Littérature Française,https://www.amazon.fr/secret-Philippe-Grimbert/dp/2744178659/ref=sr_1_85,2025-09-03T18:17:10.152671
Un secret - Prix Goncourt des Lycéens 2004 et Prix des Lectrices de Elle 2005,Philippe Grimbert,Prix non disponible,https://m.media-amazon.com/images/I/91MPiXmqMoL._SY425_.jpg,"""Aussi longtemps que possible, j'avais retardé le moment de savoir : je m'écorchais aux barbelés d'un enclos de silence"", Ph. G. Après La Petite robe de Paul, Philippe Grimbert explore de nouveau le territoire du secret, livrant, cette fois, une part intime de sa propre histoire.",Il ne reste plus que 1 exemplaire(s) en stock.,"4,5 sur 5 étoiles",4 250 évaluations,"5,49 €",‏,‏,‏,‏,Non disponible,Romans et Littérature Française,https://www.amazon.fr/secret-Prix-Goncourt-Lyc%C3%A9ens-Lectrices/dp/224667011X/ref=sr_1_85,2025-09-03T18:17:17.569247
Un secret - Grand prix des Lectrices de Elle 2005,Philippe Grimbert,"15,80€",https://m.media-amazon.com/images/I/91w-MgdCoeL._SY342_.jpg,"Philippe Grimbert est psychanalyste. Il a précédemment publié trois essais, Psychanalyse de la chanson (Les Belles Lettres 1996), Pas de fumée sans Freud (Armand Colin 1999, Hachette Littérature 2001) et Chantons sous la psy (Hachette Littérature 2002). La petite robe de Paul, paru chez Grasset en septembre 2001, était son premier roman. Un secret est son deuxième roman. Le Livre: Au commencement ...",Il ne reste plus que 14 exemplaire(s) en stock (d'autres exemplaires sont en cours d'acheminement).,"4,5 sur 5 étoiles",4 250 évaluations,"5,49 €",‏,‏,‏,‏,Non disponible,Romans et Littérature Française,https://www.amazon.fr/secret-Grand-prix-Lectrices-Elle/dp/2246670128/ref=sr_1_85,2025-09-03T18:17:25.567378
Un secret,Philippe Grimbert,"16,80€",https://m.media-amazon.com/images/I/71C3dksff-L._SY425_.jpg,"Les enfants s'inventent souvent une famille... Le narrateur, lui, s'est inventé un frère. Un frère aîné, beau, fort, qu'il évoque devant les copains de vacances, ceux qui ne pourront vérifier. Puis, un jour, il découvre le « secret » familial. Il lui faut alors reconstituer toute une histoire, complexe, tragique, qui le ramène aux temps de l'Holocauste, et aux millions de disparus sur qui s'est ab...",Il ne reste plus que 2 exemplaire(s) en stock (d'autres exemplaires sont en cours d'acheminement).,"4,5 sur 5 étoiles",4 250 évaluations,"5,49 €",‏,‏,‏,,Non disponible,Romans et Littérature Française,https://www.amazon.fr/secret-Philippe-Grimbert/dp/2356410031/ref=sr_1_85,2025-09-03T18:17:33.508277
"Meurtres sur le glacier (Laura Badía, criminologue)",Cristian Perfumo,Prix non disponible,https://m.media-amazon.com/images/I/81vWVgHVoeL._SY466_.jpg,"Le corps congelé d'un touriste apparaît dans le glacier le plus grand de Patagonie. Il est mort sur la glace, d'une balle dans le ventre, il y a trente ans.",Format Kindle,"4,4 sur 5 étoiles",4 544 évaluations,"17,99 €",Non disponible,,‏,‏,Non disponible,Romans et Littérature Française,https://www.amazon.fr/Meurtres-glacier-Laura-Bad%C3%ADa-criminologue-ebook/dp/B0CW1JHD4K/ref=sr_1_86,2025-09-03T18:17:42.154167
Meurtres sur le glacier,Cristian Perfumo,Prix non disponible,https://m.media-amazon.com/images/I/71+1N-XE0+L._SY466_.jpg,"Le corps congelé d'un touriste apparaît dans le glacier le plus grand de Patagonie. Il est mort sur la glace, d'une balle dans le ventre, il y a trente ans.",En stock,"4,4 sur 5 étoiles",4 544 évaluations,"3,99 €",‏,‏,‏,‏,Non disponible,Romans et Littérature Française,https://www.amazon.fr/Meurtres-sur-glacier-Cristian-Perfumo/dp/B0CX8FGK8X/ref=sr_1_86,2025-09-03T18:17:49.481964
"Meurtres sur le glacier: Laura Badia, criminologue",Cristian Perfumo,"0,00€",https://m.media-amazon.com/images/I/81cjfrVHiwL._SX342_.jpg,"Le corps congelé d'un touriste apparaît dans le glacier le plus grand de Patagonie. Il est mort sur la glace, d'une balle dans le ventre, il y a trente ans.  Mais toi, qui te nommes Julían et vis à Barcelone, tu ignores que cela changera ta vie.  Pour le comprendre, d'abord tu devras savoir que ton père avait un frère dont il ne t'a jamais parlé. Ensuite, que ce frère vient de mourir. Et pour fini...","Livres audio Audible 

                        – Version intégrale","4,4 sur 5 étoiles",4 544 évaluations,"3,99 €",Non disponible,,,Non disponible,Non disponible,Romans et Littérature Française,https://www.amazon.fr/Meurtres-sur-glacier-Laura-criminologue/dp/B0DRPS7F92/ref=sr_1_86,2025-09-03T18:17:58.200882
The Devil's Sons - Tome 5,Chloé Wallerand,Prix non disponible,https://m.media-amazon.com/images/I/818yixrT56L._SY425_.jpg,"La fuite n’est plus une option. Pour vivre en paix, les Devil’s Sons n’ont pas d’autre choix que de prendre les armes. Le temps est venu pour eux d’affronter leurs plus grands ennemis.",Format Kindle,"4,8 sur 5 étoiles",1 490 évaluations,"19,90 €",‏,,‏,‏,Non disponible,Romans et Littérature Française,https://www.amazon.fr/Devils-Sons-5-Chlo%C3%A9-Wallerand-ebook/dp/B0F2R39WRR/ref=sr_1_87,2025-09-03T18:18:04.852014
THE DEVIL´S SONS : TOME 5,Chloé Wallerand,Prix non disponible,https://m.media-amazon.com/images/I/81OhcBthmTL._SY425_.jpg,"La fuite n’est plus une option. Pour vivre en paix, les Devil’s Sons n’ont pas d’autres choix que de prendre les armes. Le temps est venu pour eux d’affronter leurs plus grands ennemis.",En stock,"4,8 sur 5 étoiles",1 490 évaluations,"5,99 €",‏,‏,‏,‏,Non disponible,Romans et Littérature Française,https://www.amazon.fr/DEVIL%C2%B4S-SONS-5-Chlo%C3%A9-Wallerand/dp/2381512292/ref=sr_1_87,2025-09-03T18:18:12.561889
"The Devil's Sons: The Devil's Sons, Tome 5",Chloé Wallerand,"0,00€",https://m.media-amazon.com/images/I/91XrMlO-7mL._SX342_.jpg,"La fuite n'est plus une option. Pour vivre en paix, les Devil's Sons n'ont pas d'autres choix que de prendre les armes. Le temps est venu pour eux d'affronter leurs plus grands ennemis. ""Je n'ai pas su me soumettre au destin effroyable que me réservait Tarek. Ma soif de liberté, indomptable, m'a poussée à demander de l'aide aux membres de ma famille. Désormais, les Devil's Sons, les Reapers of Dea...","Livres audio Audible 

                        – Version intégrale","4,8 sur 5 étoiles",1 489 évaluations,"5,99 €",Non disponible,,,Non disponible,Non disponible,Romans et Littérature Française,https://www.amazon.fr/Devils-Sons/dp/B0FBGF778G/ref=sr_1_87,2025-09-03T18:18:21.027574
Breathe,Eva Sorn,Prix non disponible,https://m.media-amazon.com/images/I/61nX4SFiauL._SY466_.jpg,« Je te promets de t’aimer pour cette vie et pour toutes les autres »,En stock,"4,5 sur 5 étoiles",787 évaluations,"7,99 €",‏,,‏,‏,Non disponible,Romans et Littérature Française,https://www.amazon.fr/Breathe-Eva-Sorn/dp/248717840X/ref=sr_1_88,2025-09-03T18:18:29.655263
Breathe,Eva Sorn,Prix non disponible,https://m.media-amazon.com/images/I/7184BmzsxJL._SY466_.jpg,"Romy ne rêve plus que d’une chose : Hawaï. Les paysages paradisiaques, l’eau chaude, les couchers de soleil, le sable à perte de vue…",Format Kindle,"4,5 sur 5 étoiles",787 évaluations,"17,90 €",‏,,‏,‏,Non disponible,Romans et Littérature Française,https://www.amazon.fr/Breathe-Eva-Sorn-ebook/dp/B0DN4S8FF5/ref=sr_1_88,2025-09-03T18:18:35.582063
Breathe,Eva Sorn,"0,00€",https://m.media-amazon.com/images/I/91eLnAqq-PL._SX342_.jpg,Romy ne rêve plus que d'une chose : Hawaï.,Précommander,"4,5 sur 5 étoiles",787 évaluations,"7,99 €",Non disponible,,,Non disponible,Non disponible,Romans et Littérature Française,https://www.amazon.fr/Audible-Breathe/dp/B0FN4MVB97/ref=sr_1_88,2025-09-03T18:18:42.877679
ET SI JE N'ETAIS PAS DIEU ?: Chroniques d'un chat,Stefania Gander,Prix non disponible,https://m.media-amazon.com/images/I/61ceygZBn7L._SY425_.jpg,"La vie quotidienne d'un chat domestique, depuis le moment où il est adopté, racontée par le chat lui-même. Un long monologue, une comédie des malentendus où le point de vue félin et celui des humains ne coïncident pas toujours, mais donnent lieu à une histoire irrésistible d'amour et d'amitié, à la fois amusante et émouvante. Un livre qui a déjà vendu des milliers d'exemplaires en Italie, avec une...",En stock,"4,4 sur 5 étoiles",722 évaluations,"6,99 €",‏,,‏,‏,Non disponible,Romans et Littérature Française,https://www.amazon.fr/SI-NETAIS-PAS-DIEU-Chroniques/dp/B0DJLFQ2ZL/ref=sr_1_89,2025-09-03T18:18:51.945340
ET SI JE N'ETAIS PAS DIEU ?: Chroniques d'un chat,Stefania Gander,Prix non disponible,https://m.media-amazon.com/images/I/71p8-xYWjPL._SY425_.jpg,"La vie quotidienne d'un chat domestique, depuis le moment où il est adopté, racontée par le chat lui-même. Un long monologue, une comédie des malentendus où le point de vue félin et celui des humains ne coïncident pas toujours, mais donnent lieu à une histoire irrésistible, à la fois amusante et émouvante d'amour et d'amitié.Un livre qui a déjà vendu des milliers d'exemplaires en Italie, avec une ...",Format Kindle,"4,4 sur 5 étoiles",722 évaluations,"23,21 €",‏,,‏,‏,Non disponible,Romans et Littérature Française,https://www.amazon.fr/SI-NETAIS-PAS-DIEU-Chroniques-ebook/dp/B0DJ7614D7/ref=sr_1_89,2025-09-03T18:19:01.412477
ET SI JE N'ETAIS PAS DIEU ?: Chroniques d'un chat,Stefania Gander,"23,21€",https://m.media-amazon.com/images/I/61-1jc1MzrL._SY466_.jpg,"La vie quotidienne d'un chat domestique, depuis le moment où il est adopté, racontée par le chat lui-même. Un long monologue, une comédie des malentendus où le point de vue félin et celui des humains ne coïncident pas toujours, mais donnent lieu à une histoire irrésistible d'amour et d'amitié, à la fois amusante et émouvante. Un livre qui a déjà vendu des milliers d'exemplaires en Italie, avec une...",En stock,"4,4 sur 5 étoiles",722 évaluations,"6,99 €",‏,,‏,‏,Non disponible,Romans et Littérature Française,https://www.amazon.fr/SI-NETAIS-PAS-DIEU-Chroniques/dp/B0DJWM9GGR/ref=sr_1_89,2025-09-03T18:19:08.918932
