titre,url,prix,auteur,note,nombre_avis,format,image_url,date_scraping,description,stock,isbn,editeur,date_publication,pages,rang_vente,categorie,page_source,image,etoiles,timestamp,page
Les secrets de la famille Ballock,#,"19,90 €",Dan Achache,"3,9 sur 5 étoiles, détails de l’évaluation",50,Broché,https://m.media-amazon.com/images/I/71+G9wFL10L._AC_UY218_.jpg,2025-09-04T19:18:27.850960,Description non disponible depuis la recherche,Stock non disponible,ISBN non disponible,Éditeur non disponible,Date non disponible,Nombre de pages non disponible,Rang de vente non disponible,Science-Fiction,141.0,,,,
"La mort c'est ma vie: Dr. Philippe Boxho, le médecin légiste qui fait parler les morts.",https://www.amazon.fr/mort-cest-vie-Philippe-m%C3%A9decin/dp/2931300160,"19,90€",Philippe Boxho,,23 évaluations,"Broché – Grand livre, 27 août 2025",,2025-09-03T11:16:06.302247,"« Ce qui a motivé mon choix de la médecine légale ?Le hasard. J’avais 18 ans, l’âge où tout est possible, et la prêtrise me tentait beaucoup, j’adorais étudier les évangiles, rencontrer les gens, aider ceux qui en avaient besoin, et je me sentais prêt à m’y engager.Mais j’ai choisi de faire des étud...",En stock,,,,,Non disponible,Science-Fiction,,https://m.media-amazon.com/images/I/81VyKEiT+zL._SY342_.jpg,"4,6 sur 5 étoiles",,
"Chut, ma puce: Un thriller palpitant au suspens incroyable (Les enquêtes de l'inspectrice Josie Quinn t. 11)",https://www.amazon.fr/Chut-puce-palpitant-incroyable-linspectrice-ebook/dp/B0F14G5J9W,Prix non disponible,Lisa Regan,,401 évaluations,"11,98 €",,2025-09-03T11:16:12.609798,"Vêtue d’un pyjama couvert d’étoiles, la petite fille est parfaitement immobile, les bras bien croisés sur la poitrine. Les fleurs sauvages qui ornent ses cheveux s’éparpillent dans l’herbe sous l’effet de la brise. Ses lèvres sont légèrement entrouvertes, comme pour murmurer bonne nuit pour la toute...",Format Kindle,,,,,Non disponible,Science-Fiction,,https://m.media-amazon.com/images/I/81-ohxX4N1L._SY342_.jpg,"4,5 sur 5 étoiles",,
The Hallmarked Man: Cormoran Strike Book 8 (English Edition),https://www.amazon.fr/Hallmarked-Man-Cormoran-Strike-English-ebook/dp/B0DS571XMN,Prix non disponible,Robert Galbraith,,0 avis,"38,56 €",,2025-09-03T11:16:24.170913,'A triumph of storytelling',Format Kindle,,,,,Non disponible,Science-Fiction,,https://m.media-amazon.com/images/I/819s6imvivL._SY342_.jpg,Diapositive précédente des détails du produit,,
"Mort sur la Seine: Enquête, mystère et romance au XIXe siècle (Détectives en jupons)",https://www.amazon.fr/Mort-sur-Seine-Enqu%C3%AAte-D%C3%A9tectives-ebook/dp/B0FG2HDG3S,Prix non disponible,S.D. Fischer,,11 évaluations,"25,00 €",,2025-09-03T11:16:34.322112,"Enquête, mystère et romance sous la Monarchie de Juillet !",Format Kindle,,,,,Non disponible,Science-Fiction,,https://m.media-amazon.com/images/I/61eP8+oIvOL._SY342_.jpg,"4,8 sur 5 étoiles",,
The Hallmarked Man: Cormoran Strike Book 8,https://www.amazon.fr/Hallmarked-Man-Cormoran-Strike-Book/dp/1408723794,Prix non disponible,Robert Galbraith,,0 avis,"19,99 €",,2025-09-03T11:16:38.982372,'A triumph of storytelling',En stock,,,,,Non disponible,Science-Fiction,,https://m.media-amazon.com/images/I/819s6imvivL._SY342_.jpg,Diapositive précédente des détails du produit,,
La belle-mère parfaite,https://www.amazon.fr/belle-m%C3%A8re-parfaite-SL-Harker-ebook/dp/B0FLVH9RC1,Prix non disponible,SL Harker,,54 évaluations,"10,99 €",,2025-09-03T11:16:44.714389,"« Je suis coincée dans cette maison jusqu'à ce que mon mari revienne de voyage, et je vais devoir trouver le moyen de vivre avec cette femme dans cet endroit sombre et froid. Je crains qu'au fond d'elle-même, elle ne soit quelque peu déséquilibrée et qu’elle ne cache un sombre secret ».",Format Kindle,,,,,Non disponible,Science-Fiction,,https://m.media-amazon.com/images/I/717KO-AuXQL._SY342_.jpg,"3,9 sur 5 étoiles",,
"Tu deviendras bourreau : Thriller policier captivant — Exécution numérique 'live', otage en sursis, course contre la mort (Les enquêtes de l’inspectrice Georgina Stuart t. 5)",https://www.amazon.fr/deviendras-bourreau-captivant-Ex%C3%A9cution-linspectrice-ebook/dp/B0FJBR54TL,Prix non disponible,Emma  De Luca,,7 évaluations,"17,92 €",,2025-09-03T11:16:50.910754,Une vidéo en direct.Une étudiante captive.Six heures avant l'exécution.,Format Kindle,,,,,Non disponible,Science-Fiction,,https://m.media-amazon.com/images/I/71o-SwIumSL._SY342_.jpg,"4,6 sur 5 étoiles",,
"38, rue de Londres: De l'impunité, Pinochet et le nazi de Patagonie",https://www.amazon.fr/38-rue-Londres-limpunit%C3%A9-Patagonie/dp/2226493441,Prix non disponible,Philippe Sands,,0 avis,"16,99 €",,2025-09-03T11:16:56.635322,"Dans la soirée du 16 octobre 1998, le dictateur chilien Augusto Pinochet est arrêté dans une clinique de Londres.",En stock,,,,,Non disponible,Science-Fiction,,https://m.media-amazon.com/images/I/91LckzzOVZL._SY342_.jpg,Diapositive précédente des détails du produit,,
Le Couple d'à côté,https://www.amazon.fr/Couple-d%C3%A0-c%C3%B4t%C3%A9-Shari-LAPENA/dp/2266286277/ref=sr_1_19,Prix non disponible,Shari Lapena,,3 290 évaluations,"12,99 €",,2025-09-03T11:17:14.850620,"Ce soir, Anne et Marco sont invités à dîner chez leurs voisins, le couple d'à côté. Comme la baby-sitter annule au dernier moment et que les maisons sont mitoyennes, Marco convainc Anne de laisser Cora, 6 mois, dans son berceau et d'emporter le babyphone. Tout se passe comme prévu malgré la chaleur ...",Disponible pour expédition d'ici 1 à 2 jours,,,,,Non disponible,Science-Fiction,,https://m.media-amazon.com/images/I/61Nbz2AipTL._SY342_.jpg,"4,2 sur 5 étoiles",,
Le couple d'à côté : thriller psychologique par Shari Lapena,https://www.amazon.fr/couple-d%C3%A0-c%C3%B4t%C3%A9-Shari-LAPENA-ebook/dp/B07575KKML/ref=sr_1_19,Prix non disponible,Shari Lapena,,3 290 évaluations,"8,10 €",,2025-09-03T11:17:19.364190,"Ne vous fiez pas au bonheur de façade...Anne et Marco sont invités à dîner chez leurs voisins. Au dernier moment, la baby-sitter leur fait faux bond. Qu'à cela ne tienne : ils emportent avec eux le babyphone et passeront toutes les demi-heures surveiller le bébé. La soirée s'étire. La dernière fois ...",Format Kindle,,,,,Non disponible,Science-Fiction,,https://m.media-amazon.com/images/I/71HgaiUrxYL._SY342_.jpg,"4,2 sur 5 étoiles",,
Le couple d'à côté,https://www.amazon.fr/Le-couple-d%C3%A0-c%C3%B4t%C3%A9/dp/B07DJMVRX5/ref=sr_1_19,"0,00€",Shari Lapena,,3 290 évaluations,"12,99 €",,2025-09-03T11:17:24.087209,"Le soir où Anne et Marco sont invités à dîner chez leurs voisins, la baby-sitter leur fait faux bond. Après six mois de pouponnage et de dépression post-partum, ils avaient pourtant bien besoin de se divertir. Marco, surtout. Qu'à cela ne tienne, insiste ce dernier : les maisons sont mitoyennes, ils...","Livres audio Audible 

                        – Version intégrale",,,,,Non disponible,Science-Fiction,,https://m.media-amazon.com/images/I/91uIdnOWx4L._SX342_.jpg,"4,2 sur 5 étoiles",,
Le couple d'à côté : thriller psychologique par Shari Lapena,https://www.amazon.fr/Couple-d%C3%A0-c%C3%B4t%C3%A9-Shari-LAPENA/dp/2258137659/ref=sr_1_19,"22,90 €",Shari Lapena,,3 290 évaluations,"12,99 €",,2025-09-03T11:17:30.174989,Ne vous fiez pas au bonheur de façade...,"Broché – Grand livre, 21 septembre 2017",,,,,Non disponible,Science-Fiction,,https://m.media-amazon.com/images/I/71liI3Au1pL._SY342_.jpg,"4,2 sur 5 étoiles",,
Le couple d'à côté,https://www.amazon.fr/couple-d%C3%A0-c%C3%B4t%C3%A9-Shari-LAPENA/dp/B07B5WB6G1/ref=sr_1_19,Prix non disponible,Shari Lapena,,3 290 évaluations,"12,99 €",,2025-09-03T11:17:36.559800,Vous ne savez jamais ce qui se passe de l'autre côté du mur.,Habituellement expédié sous 3 à 4 jours,,,,,Non disponible,Science-Fiction,,https://m.media-amazon.com/images/I/61dM4nXQf7L._SY342_.jpg,"4,2 sur 5 étoiles",,
Lakestone - tome 2,https://www.amazon.fr/Lakestone-2-Sarah-Rivens/dp/2017286214/ref=sr_1_20,Prix non disponible,Sarah Rivens,,2 859 évaluations,"9,99 €",,2025-09-03T11:17:42.215706,"Huit mois se sont écoulés depuis la chute de Kai du haut de la falaise. Son corps reste introuvable, et l’ombre du mercenaire hante toujours Iris. Tout semble la ramener à Kai, à son souvenir, aussi vif que troublant. Tandis que les autres avancent, elle reste prisonnière de ce qu’il a laissé derriè...",En stock,,,,,Non disponible,Science-Fiction,,https://m.media-amazon.com/images/I/819DUv4HFfL._SY342_.jpg,"4,8 sur 5 étoiles",,
"Lakestone: Lakestone, tome 2",https://www.amazon.fr/Audible-Lakestone-tome-2/dp/B0F48W29RQ/ref=sr_1_20,"0,00€",Sarah Rivens,,2 859 évaluations,"9,99 €",,2025-09-03T11:17:46.543989,"Huit mois se sont écoulés depuis la chute de Kai du haut de la falaise. Son corps reste introuvable, et l'ombre du mercenaire hante toujours Iris. Tout semble la ramener à Kai, à son souvenir, aussi vif que troublant. Tandis que les autres avancent, elle reste prisonnière de ce qu'il a laissé derriè...","Livres audio Audible 

                        – Version intégrale",,,,,Non disponible,Science-Fiction,,https://m.media-amazon.com/images/I/81LrO6eJy8L._SX342_.jpg,"4,8 sur 5 étoiles",,
Lakestone - tome 2,https://www.amazon.fr/Lakestone-2-Sarah-Rivens-ebook/dp/B0DQT8Y3R9/ref=sr_1_20,Prix non disponible,Sarah Rivens,,2 859 évaluations,"20,00 €",,2025-09-03T11:17:51.001030,"Huit mois se sont écoulés depuis la chute de Kai du haut de la falaise. Son corps reste introuvable, et l’ombre du mercenaire hante toujours Iris. Tout semble la ramener à Kai, à son souvenir, aussi vif que troublant. Tandis que les autres avancent, elle reste prisonnière de ce qu’il a laissé derriè...",Format Kindle,,,,,Non disponible,Science-Fiction,,https://m.media-amazon.com/images/I/81WtCdelaML._SY342_.jpg,"4,8 sur 5 étoiles",,
La Très Catastrophique Visite du Zoo,https://www.amazon.fr/Tr%C3%A8s-Catastrophique-Visite-Zoo/dp/B0DZ2X2JS5/ref=sr_1_21,"0,00€",Joël Dicker,,4 096 évaluations,"14,99 €",,2025-09-03T11:17:55.255936,""" Pendant des années, dans la petite ville où j’ai grandi, les esprits restèrent marqués par les évènements qui se produisirent au zoo local un vendredi de décembre, à quelques jours de Noël. Et pendant toutes ces années, personne ne sut la vérité sur ce qui s’était réellement passé là-bas. Jusqu’à ...","Livres audio Audible 

                        – Version intégrale",,,,,Non disponible,Science-Fiction,,https://m.media-amazon.com/images/I/81lipiEAp1L._SX342_.jpg,"4,2 sur 5 étoiles",,
La Très Catastrophique Visite du Zoo,https://www.amazon.fr/Tr%C3%A8s-Catastrophique-Visite-Zoo-ebook/dp/B0DS3VJDQR/ref=sr_1_21,Prix non disponible,Joël Dicker,,4 096 évaluations,"19,00 €",,2025-09-03T11:18:00.794991,"LE livre à mettre entre toutes les mains""Pendant des années, dans la petite ville où j'ai grandi, les esprits restèrent marqués par les évènements qui se produisirent au zoo local un vendredi de décembre, à quelques jours de Noël. Et pendant toutes ces années, personne ne sut la vérité sur ce qui s'...",Format Kindle,,,,,Non disponible,Science-Fiction,,https://m.media-amazon.com/images/I/81DwS3TbI9L._SY342_.jpg,"4,2 sur 5 étoiles",,
"Norferville : Roman nouveauté 2024 de Franck Thilliez, Par l'auteur de thrillers préféré des français, Roman policier ambitieux par l'auteur du best seller ""La Faille""",https://www.amazon.fr/Norferville-nouveaut%C3%A9-Thilliez-thrillers-ambitieux/dp/2266349023/ref=sr_1_35,"9,60€",Franck Thilliez,,4 474 évaluations,"16,99 €",,2025-09-03T11:18:17.216925,"Dans l'univers hostile du Grand Nord, personne ne vous entend crier.",En stock,,,,,Non disponible,Science-Fiction,,https://m.media-amazon.com/images/I/61vuKtfy1HL._SY342_.jpg,"4,5 sur 5 étoiles",,
Norferville,https://www.amazon.fr/Norferville-Nouveaut%C3%A9-Thilliez-thriller-fran%C3%A7ais-ebook/dp/B0CVZ2Q5QQ/ref=sr_1_35,Prix non disponible,Franck Thilliez,,4 474 évaluations,"22,90 €",,2025-09-03T11:18:21.603387,"Dans l'univers hostile du Grand Nord, personne ne vous entend crier.",Format Kindle,,,,,Non disponible,Science-Fiction,,https://m.media-amazon.com/images/I/817Uo4t44QL._SY342_.jpg,"4,5 sur 5 étoiles",,
Norferville,https://www.amazon.fr/Audible-Norferville/dp/B0CYLSC5LT/ref=sr_1_35,"0,00€",Franck Thilliez,,4 474 évaluations,"16,99 €",,2025-09-03T11:18:26.032393,"Dans l'univers hostile du Grand Nord, personne ne vous entend crier.","Livres audio Audible 

                        – Version intégrale",,,,,Non disponible,Science-Fiction,,https://m.media-amazon.com/images/I/81pIT2ZBPML._SX342_.jpg,"4,5 sur 5 étoiles",,
Norferville,https://www.amazon.fr/Norferville-Nouveaut%C3%A9-Thilliez-thriller-fran%C3%A7ais/dp/2265157791/ref=sr_1_35,"22,90€",Franck Thilliez,,4 474 évaluations,"16,99 €",,2025-09-03T11:18:31.665557,"Dans l'univers hostile du Grand Nord, personne ne vous entend crier.",En stock,,,,,Non disponible,Science-Fiction,,https://m.media-amazon.com/images/I/61TlrAqx4QL._SY342_.jpg,"4,5 sur 5 étoiles",,
Norferville,https://www.amazon.fr/Norferville-Franck-Thilliez/dp/B0CW5YCFR4/ref=sr_1_35,"23,90€",Franck Thilliez,,4 474 évaluations,"16,99 €",,2025-09-03T11:18:37.685013,"Dans l'univers hostile du Grand Nord, personne ne vous entend crier.",Il ne reste plus que 10 exemplaire(s) en stock (d'autres exemplaires sont en cours d'acheminement).,,,,,Non disponible,Science-Fiction,,https://m.media-amazon.com/images/I/51TS31Zx+1L._SY342_.jpg,"4,5 sur 5 étoiles",,
The Devil's Sons - Tome 5,https://www.amazon.fr/Devils-Sons-5-Chlo%C3%A9-Wallerand-ebook/dp/B0F2R39WRR/ref=sr_1_36,Prix non disponible,Chloé Wallerand,,1 477 évaluations,"19,90 €",,2025-09-03T11:18:44.281848,"La fuite n’est plus une option. Pour vivre en paix, les Devil’s Sons n’ont pas d’autre choix que de prendre les armes. Le temps est venu pour eux d’affronter leurs plus grands ennemis.",Format Kindle,,,,,Non disponible,Science-Fiction,,https://m.media-amazon.com/images/I/818yixrT56L._SY342_.jpg,"4,8 sur 5 étoiles",,
THE DEVIL´S SONS : TOME 5,https://www.amazon.fr/DEVIL%C2%B4S-SONS-5-Chlo%C3%A9-Wallerand/dp/2381512292/ref=sr_1_36,Prix non disponible,Chloé Wallerand,,1 477 évaluations,"5,99 €",,2025-09-03T11:18:50.041855,"La fuite n’est plus une option. Pour vivre en paix, les Devil’s Sons n’ont pas d’autres choix que de prendre les armes. Le temps est venu pour eux d’affronter leurs plus grands ennemis.",En stock,,,,,Non disponible,Science-Fiction,,https://m.media-amazon.com/images/I/81OhcBthmTL._SY342_.jpg,"4,8 sur 5 étoiles",,
"The Devil's Sons: The Devil's Sons, Tome 5",https://www.amazon.fr/Devils-Sons/dp/B0FBGF778G/ref=sr_1_36,"0,00€",Chloé Wallerand,,1 477 évaluations,"5,99 €",,2025-09-03T11:18:54.890758,"La fuite n'est plus une option. Pour vivre en paix, les Devil's Sons n'ont pas d'autres choix que de prendre les armes. Le temps est venu pour eux d'affronter leurs plus grands ennemis. ""Je n'ai pas su me soumettre au destin effroyable que me réservait Tarek. Ma soif de liberté, indomptable, m'a pou...","Livres audio Audible 

                        – Version intégrale",,,,,Non disponible,Science-Fiction,,https://m.media-amazon.com/images/I/91XrMlO-7mL._SX342_.jpg,"4,8 sur 5 étoiles",,
Rien ne t'efface,https://www.amazon.fr/Rien-ne-tefface-Michel-Bussi/dp/226632084X/ref=sr_1_37,"9,60€",Michel Bussi,,6 473 évaluations,"13,99 €",,2025-09-03T11:19:01.597694,"Par amour pour un enfant, que seriez-vous prêt à faire ?",Disponible pour expédition d'ici 1 à 2 jours,,,,,Non disponible,Science-Fiction,,https://m.media-amazon.com/images/I/61ifgrACjML._SY342_.jpg,"4,2 sur 5 étoiles",,
Rien ne t'efface : l'adaptation en série du roman de Michel Bussi diffusée sur TF1,https://www.amazon.fr/Rien-ne-tefface-Michel-BUSSI-ebook/dp/B08PHTGS41/ref=sr_1_37,Prix non disponible,Michel Bussi,,6 473 évaluations,"3,49 €",,2025-09-03T11:19:07.889913,"Par amour pour un enfant, que seriez-vous prêt à faire ? Maddi, elle, ira jusqu'au bout... Une intrigue magistrale, un twist virtuose pour le nouveau suspense 100% Bussi.",Format Kindle,,,,,Non disponible,Science-Fiction,,https://m.media-amazon.com/images/I/81IJDiNhHsL._SY342_.jpg,"4,2 sur 5 étoiles",,
Valentina - Tome 01,https://www.amazon.fr/Valentina-01-Azra-Reed/dp/2755677414/ref=sr_1_51,"19,95€",Azra Reed,,539 évaluations,"11,99 €",,2025-09-03T11:19:27.420229,"Ce monde ne t’attendra pas, Valentina.",En stock,,,,,Non disponible,Science-Fiction,,https://m.media-amazon.com/images/I/81WUwFpzGrL._SY342_.jpg,"4,5 sur 5 étoiles",,
Valentina - Tome 01,https://www.amazon.fr/Valentina-01-Azra-Reed-ebook/dp/B0D7Q5FY4B/ref=sr_1_51,Prix non disponible,Azra Reed,,539 évaluations,"19,95 €",,2025-09-03T11:19:33.572758,"Ce monde ne t’attendra pas, Valentina.",Format Kindle,,,,,Non disponible,Science-Fiction,,https://m.media-amazon.com/images/I/81SBECZvcEL._SY342_.jpg,"4,5 sur 5 étoiles",,
Valentina: Tome 1,https://www.amazon.fr/Audible-Valentina-tome-1/dp/B0DH9DBYCV/ref=sr_1_51,"0,00€",Azra Reed,,539 évaluations,"11,99 €",,2025-09-03T11:19:38.948770,"Ce monde ne t'attendra pas, Valentina.  Valentina n'aspire qu'à fuir la violence et la pauvreté de Tepito. Elle est portée par l'espoir d'un avenir meilleur, pour elle et sa grand-mère. loin des règlements de comptes meurtriers qui rythment le quotidien de son quartier.  Pourtant, en voulant aider l...","Livres audio Audible 

                        – Version intégrale",,,,,Non disponible,Science-Fiction,,https://m.media-amazon.com/images/I/913zSi7SzxL._SX342_.jpg,"4,5 sur 5 étoiles",,
La Porte à Côté: un thriller psychologique redoutablement efficace,https://www.amazon.fr/Porte-C%C3%B4t%C3%A9-thriller-psychologique-redoutablement-ebook/dp/B0F62ZLG1W/ref=sr_1_52,Prix non disponible,Alex Sol,,553 évaluations,"18,00 €",,2025-09-03T11:19:43.840188,"""Ce n'est pas le noir qui fait peur, c'est ce qu'il cache.""",Format Kindle,,,,,Non disponible,Science-Fiction,,https://m.media-amazon.com/images/I/71KHVsaDTpL._SY342_.jpg,"4,2 sur 5 étoiles",,
La Porte à Côté,https://www.amazon.fr/Porte-%C3%A0-C%C3%B4t%C3%A9-Alex-Sol/dp/2494206448/ref=sr_1_52,Prix non disponible,Alex Sol,,553 évaluations,Broché – 12 juin 2025,,2025-09-03T11:19:49.084880,"""Ce n'est pas le noir qui fait peur, c'est ce qu'il cache.""",En stock,,,,,Non disponible,Science-Fiction,,https://m.media-amazon.com/images/I/61gOu3DYnsL._SY342_.jpg,"4,2 sur 5 étoiles",,
La porte à côté,https://www.amazon.fr/Audible-La-porte-%C3%A0-c%C3%B4t%C3%A9/dp/B0FDQQFMDF/ref=sr_1_52,"0,00€",Alex Sol,,553 évaluations,"18,00 €",,2025-09-03T11:19:53.109841,"Fanny a tout pour être heureuse. Une grossesse qui se déroule sans le moindre souci, un mari aimant, un travail qu'elle adore, et une maison lumineuse choisie avec soin dans un quartier sans histoire. Elle qui n'a jamais su se faire des amis a même noué un lien fort avec Marion, la nounou des voisin...",Précommander,,,,,Non disponible,Science-Fiction,,https://m.media-amazon.com/images/I/81dBjFszfdL._SX342_.jpg,"4,2 sur 5 étoiles",,
La Meute. Nouveauté poche 2025. L'une des révélations du monde du thriller.,https://www.amazon.fr/Meute-Nouveaut%C3%A9-poche-r%C3%A9v%C3%A9lations-thriller/dp/2266348531/ref=sr_1_53,"9,90€",Olivier Bal,,664 évaluations,"13,99 €",,2025-09-03T11:19:58.483280,Un duo d'enquêteurs s'attellent à une affaire glaçante croisant fanatisme et quêtes identitaires.,En stock,,,,,Non disponible,Science-Fiction,,https://m.media-amazon.com/images/I/61GlZuNUn3L._SY342_.jpg,"4,2 sur 5 étoiles",,
La Meute,https://www.amazon.fr/Audible-La-Meute/dp/B0F1N22ZRZ/ref=sr_1_53,"0,00€",Olivier Bal,,664 évaluations,"13,99 €",,2025-09-03T11:20:02.495474,Un duo d'enquêteurs s'attellent à une affaire glaçante croisant fanatisme et quêtes identitaires.,"Livres audio Audible 

                        – Version intégrale",,,,,Non disponible,Science-Fiction,,https://m.media-amazon.com/images/I/81m37deXkbL._SX342_.jpg,"4,2 sur 5 étoiles",,
La Meute,https://www.amazon.fr/Meute-Olivier-Bal-ebook/dp/B0CXDZL775/ref=sr_1_53,Prix non disponible,Olivier Bal,,664 évaluations,"21,90 €",,2025-09-03T11:20:06.993280,"Février 2024. « L’Ange noir » a encore frappé. Chaque fois, sa victime est enterrée vivante et meurt étouffée. à la sous-direction de l’antiterrorisme, Sofia Giordano cherche à mettre la main sur ce tueur qui s’en prend à des notables partout en France. Elle est bientôt rejointe par le lieutenant Ga...",Format Kindle,,,,,Non disponible,Science-Fiction,,https://m.media-amazon.com/images/I/81KId+-QrkL._SY342_.jpg,"4,2 sur 5 étoiles",,
La meute,https://www.amazon.fr/meute-Olivier-Bal/dp/2374485986/ref=sr_1_53,"21,90€",Olivier Bal,,664 évaluations,"13,99 €",,2025-09-03T11:20:13.599739,"LA MEUTE, UN THRILLER PASSIONNANT :",En stock,,,,,Non disponible,Science-Fiction,,https://m.media-amazon.com/images/I/61-gqP1-R9L._SY342_.jpg,"4,2 sur 5 étoiles",,
Valentina - Tome 02,https://www.amazon.fr/Valentina-02-Azra-Reed/dp/2755677422/ref=sr_1_67,"19,95€",Azra Reed,,489 évaluations,"9,99 €",,2025-09-03T11:20:30.416721,"Peu importe où tu iras,",En stock,,,,,Non disponible,Science-Fiction,,https://m.media-amazon.com/images/I/81jgzQyX7uL._SY342_.jpg,"4,6 sur 5 étoiles",,
Valentina - T02,https://www.amazon.fr/Valentina-T02-Azra-Reed-ebook/dp/B0DPQLKV17/ref=sr_1_67,Prix non disponible,Azra Reed,,489 évaluations,"19,95 €",,2025-09-03T11:20:36.661955,"Peu importe où tu iras,",Format Kindle,,,,,Non disponible,Science-Fiction,,https://m.media-amazon.com/images/I/81ed98bsfKL._SY342_.jpg,"4,6 sur 5 étoiles",,
Valentina Tome 2: Valentina 2,https://www.amazon.fr/Valentina-Tome-2/dp/B0DN84SYDB/ref=sr_1_67,"0,00€",Azra Reed,,489 évaluations,"9,99 €",,2025-09-03T11:20:42.028104,"Peu importe où tu iras, hermosa, je finis toujours par récupérer ce qui m'appartient.  La guerre des cartels scellera-t-elle le destin de Valentina ?  Prisonnière des griffes d'Angel Cortès, elle ne peut compter que sur elle-même. À moins que l'homme qui l'avait capturée ne vienne la sauver ?  Penda...","Livres audio Audible 

                        – Version intégrale",,,,,Non disponible,Science-Fiction,,https://m.media-amazon.com/images/I/91lphooAZiL._SX342_.jpg,"4,6 sur 5 étoiles",,
Trop inacceptable: Les Frères Hayes - Livre 2,https://www.amazon.fr/Trop-inacceptable-Fr%C3%A8res-Hayes-Livre/dp/B0DC6WF12K/ref=sr_1_68,Prix non disponible,I. A. Dice,,1 962 évaluations,Broché – 12 septembre 2024,,2025-09-03T11:20:48.157236,Pas de description,En stock,,,,,Non disponible,Science-Fiction,,https://m.media-amazon.com/images/I/61tCj4zrrPL._SY342_.jpg,"4,7 sur 5 étoiles",,
Trop inacceptable: Les Frères Hayes - Livre 2,https://www.amazon.fr/Trop-inacceptable-Fr%C3%A8res-Hayes-Livre-ebook/dp/B0D2L4RR5T/ref=sr_1_68,Prix non disponible,I. A. Dice,,1 962 évaluations,"17,92 €",,2025-09-03T11:20:53.699026,Pas de description,Format Kindle,,,,,Non disponible,Science-Fiction,,https://m.media-amazon.com/images/I/81L8cwfVHTL._SY342_.jpg,"4,7 sur 5 étoiles",,
La Vérité sur l'Affaire Harry Quebert,https://www.amazon.fr/V%C3%A9rit%C3%A9-sur-lAffaire-Harry-Quebert/dp/2889730085/ref=sr_1_69,"9,90€",Joël Dicker,,16 205 évaluations,"12,99 €",,2025-09-03T11:20:59.580790,Qui a tué Nola Kellergan?,En stock,,,,,Non disponible,Science-Fiction,,https://m.media-amazon.com/images/I/71wS24rY6dL._SY342_.jpg,"4,5 sur 5 étoiles",,
La Vérité sur l'Affaire Harry Quebert,https://www.amazon.fr/V%C3%A9rit%C3%A9-sur-lAffaire-Harry-Quebert-ebook/dp/B09NVWDKMG/ref=sr_1_69,Prix non disponible,Joël Dicker,,16 205 évaluations,"23,00 €",,2025-09-03T11:21:05.720120,"Qui a tué Nola Kellergan?À la fin de l'été 1975, à Aurora, dans le New Hampshire, Nola Kellergan, une jeune fille de quinze ans, disparaît dans des conditions mystérieuses. Au printemps 2008, à New York, Marcus Goldman, jeune écrivain à succès, est incapable d'écrire le nouveau roman qu'il doit reme...",Format Kindle,,,,,Non disponible,Science-Fiction,,https://m.media-amazon.com/images/I/71GV0FQxZZL._SY342_.jpg,"4,5 sur 5 étoiles",,
La Vérité sur l'affaire Harry Quebert,https://www.amazon.fr/V%C3%A9rit%C3%A9-sur-laffaire-Harry-Quebert/dp/B0BYNQV859/ref=sr_1_69,"0,00€",Joël Dicker,,16 205 évaluations,"12,99 €",,2025-09-03T11:21:10.247062,Qui a tué Nola Kellergan?,"Livres audio Audible 

                        – Version intégrale",,,,,Non disponible,Science-Fiction,,https://m.media-amazon.com/images/I/81548dLQaQL._SX342_.jpg,"4,5 sur 5 étoiles",,
La Vérité sur l'Affaire Harry Quebert,https://www.amazon.fr/V%C3%A9rit%C3%A9-sur-lAffaire-Harry-Quebert/dp/2889730069/ref=sr_1_69,"23,00€",Joël Dicker,,16 205 évaluations,"12,99 €",,2025-09-03T11:21:16.656531,Qui a tué Nola Kellergan?,En stock,,,,,Non disponible,Science-Fiction,,https://m.media-amazon.com/images/I/61XT+FKlZEL._SY342_.jpg,"4,5 sur 5 étoiles",,
La Vérité sur l'affaire Harry Quebert: Livre audio 2 CD MP3,https://www.amazon.fr/V%C3%A9rit%C3%A9-sur-laffaire-Harry-Quebert/dp/2356415823/ref=sr_1_69,"24,90€",Joël Dicker,,16 205 évaluations,"12,99 €",,2025-09-03T11:21:21.243655,"Marcus Goldman, auteur d’un premier best-seller, est en panne d’inspiration. Quand il apprend que son mentor, le célèbre écrivain Harry Quebert, est le suspect numéro un d’un crime qui remonte à plus de trente ans, il se précipite à son secours. Dans le jardin de Quebert, on a retrouvé le corps de N...",En stock,,,,,Non disponible,Science-Fiction,,https://m.media-amazon.com/images/I/81Ar-OS51QL._SY342_.jpg,"4,5 sur 5 étoiles",,
"Une mort bien fâcheuse (Le Murder Club enquête, Tome 4)",https://www.amazon.fr/mort-bien-f%C3%A2cheuse-Murder-enqu%C3%AAte/dp/2253195936/ref=sr_1_323,"10,40 €",Richard Osman,"4,7 sur 5 étoiles, détails de l’évaluation",37,Poche,https://m.media-amazon.com/images/I/714GpYoavRL._AC_UY218_.jpg,2025-09-04T08:34:59.364402,Description non disponible depuis la recherche,Stock non disponible,ISBN non disponible,Éditeur non disponible,Date non disponible,Nombre de pages non disponible,Rang de vente non disponible,Science-Fiction,21.0,,,,
Cadavres en famille,https://www.amazon.fr/Cadavres-en-famille-Jeneva-Rose-ebook/dp/B0F8BFXSBG/ref=sr_1_324,"9,99 €",Jeneva Rose,"4,5 sur 5 étoiles, détails de l’évaluation",113,Format Kindle,https://m.media-amazon.com/images/I/91-5wR9ya0L._AC_UY218_.jpg,2025-09-04T08:34:59.366927,Description non disponible depuis la recherche,Stock non disponible,ISBN non disponible,Éditeur non disponible,Date non disponible,Nombre de pages non disponible,Rang de vente non disponible,Science-Fiction,21.0,,,,
Le Cri,https://www.amazon.fr/Cri-Nicolas-BEUGLET/dp/2266279866/ref=sr_1_325,"9,60 €",Nicolas Beuglet,"4,4 sur 5 étoiles, détails de l’évaluation",4 175,Poche,https://m.media-amazon.com/images/I/71HLEwEjkHL._AC_UY218_.jpg,2025-09-04T08:34:59.370250,Description non disponible depuis la recherche,Stock non disponible,ISBN non disponible,Éditeur non disponible,Date non disponible,Nombre de pages non disponible,Rang de vente non disponible,Science-Fiction,21.0,,,,
Hope is Blue (Rubis),https://www.amazon.fr/Hope-Blue-Rubis-Aya-Estrela-ebook/dp/B0FJFK17MT/ref=sr_1_326,"5,99 €",Aya Estrela,Note non disponible,0 avis,Format Kindle,https://m.media-amazon.com/images/I/81J-WAqgAKL._AC_UY218_.jpg,2025-09-04T08:34:59.372899,Description non disponible depuis la recherche,Stock non disponible,ISBN non disponible,Éditeur non disponible,Date non disponible,Nombre de pages non disponible,Rang de vente non disponible,Science-Fiction,21.0,,,,
Le Serpent majuscule,https://www.amazon.fr/Serpent-majuscule-Pierre-Lemaitre/dp/B09L5JT1YL/ref=sr_1_327,"8,70 €",Pierre Lemaitre,"4,2 sur 5 étoiles, détails de l’évaluation",5 111,Poche,https://m.media-amazon.com/images/I/71KJMkH0ouL._AC_UY218_.jpg,2025-09-04T08:34:59.376372,Description non disponible depuis la recherche,Stock non disponible,ISBN non disponible,Éditeur non disponible,Date non disponible,Nombre de pages non disponible,Rang de vente non disponible,Science-Fiction,21.0,,,,
"Forces spéciales, Les guerriers du 10",https://www.amazon.fr/Forces-sp%C3%A9ciales-guerriers-du-10/dp/2372543733/ref=sr_1_328,"27,00 €",de Nicolas S. et Jean-Charles Sanchez | 21 novembre 2024,"4,8 sur 5 étoiles, détails de l’évaluation",66,Broché,https://m.media-amazon.com/images/I/511GelPUmWL._AC_UY218_.jpg,2025-09-04T08:34:59.378726,Description non disponible depuis la recherche,Stock non disponible,ISBN non disponible,Éditeur non disponible,Date non disponible,Nombre de pages non disponible,Rang de vente non disponible,Science-Fiction,21.0,,,,
À couper le souffle,https://www.amazon.fr/%C3%80-couper-souffle-Alexis-Laipsker-ebook/dp/B0DX4T3BYQ/ref=sr_1_329,"14,99 €",Alexis Laipsker,"4,6 sur 5 étoiles, détails de l’évaluation",373,Format Kindle,https://m.media-amazon.com/images/I/81d8XKzIIdL._AC_UY218_.jpg,2025-09-04T08:34:59.381242,Description non disponible depuis la recherche,Stock non disponible,ISBN non disponible,Éditeur non disponible,Date non disponible,Nombre de pages non disponible,Rang de vente non disponible,Science-Fiction,21.0,,,,
Blake & Mortimer - Tome 31 - La Menace atlante,https://www.amazon.fr/Blake-Mortimer-31-Menace-atlante/dp/2870973101/ref=sr_1_330,"17,50 €",de Sente Yves et Van Dongen Peter | 21 novembre 2025,Note non disponible,0 avis,Broché,https://m.media-amazon.com/images/I/01PkLIhTX3L._AC_UY218_.gif,2025-09-04T08:34:59.383769,Description non disponible depuis la recherche,Stock non disponible,ISBN non disponible,Éditeur non disponible,Date non disponible,Nombre de pages non disponible,Rang de vente non disponible,Science-Fiction,21.0,,,,
Cannibale,https://www.amazon.fr/Cannibale-Didier-Daeninckx/dp/2070408833/ref=sr_1_333,"5,80 €",Didier Daeninckx,"4,5 sur 5 étoiles, détails de l’évaluation",1 772,Poche,https://m.media-amazon.com/images/I/71JSO316EeL._AC_UY218_.jpg,2025-09-04T08:34:59.392996,Description non disponible depuis la recherche,Stock non disponible,ISBN non disponible,Éditeur non disponible,Date non disponible,Nombre de pages non disponible,Rang de vente non disponible,Science-Fiction,21.0,,,,
La toile du silence - Tome 1 Little Stranger,https://www.amazon.fr/toile-silence-Little-Stranger-ebook/dp/B0F2CT8W3D/ref=sr_1_334,"11,99 €",Leigh Rivers,"4,3 sur 5 étoiles, détails de l’évaluation",218,Format Kindle,https://m.media-amazon.com/images/I/81Xy4ZIbRHL._AC_UY218_.jpg,2025-09-04T08:34:59.395509,Description non disponible depuis la recherche,Stock non disponible,ISBN non disponible,Éditeur non disponible,Date non disponible,Nombre de pages non disponible,Rang de vente non disponible,Science-Fiction,21.0,,,,
The Inmate: From the Sunday Times Bestselling Author of The Housemaid,https://www.amazon.fr/Inmate-Sunday-Bestselling-Author-Housemaid/dp/1464221383/ref=sr_1_335,"10,36 €",Freida McFadden,"4,3 sur 5 étoiles, détails de l’évaluation",208 690,Broché,https://m.media-amazon.com/images/I/51HLjEjHuOL._AC_UY218_.jpg,2025-09-04T08:34:59.398707,Description non disponible depuis la recherche,Stock non disponible,ISBN non disponible,Éditeur non disponible,Date non disponible,Nombre de pages non disponible,Rang de vente non disponible,Science-Fiction,21.0,,,,
Papi Mariole,https://www.amazon.fr/Papi-Mariole-Beno%C3%AEt-Philippon/dp/2253253197/ref=sr_1_336,"9,20 €",Benoît Philippon,"4,3 sur 5 étoiles, détails de l’évaluation",393,Poche,https://m.media-amazon.com/images/I/711GSmlujPL._AC_UY218_.jpg,2025-09-04T08:34:59.401871,Description non disponible depuis la recherche,Stock non disponible,ISBN non disponible,Éditeur non disponible,Date non disponible,Nombre de pages non disponible,Rang de vente non disponible,Science-Fiction,21.0,,,,
Amitiés assassines,https://www.amazon.fr/Amiti%C3%A9s-assassines-Jeneva-ROSE/dp/2266341189/ref=sr_1_337,"9,60 €",Jeneva ROSE,"4,2 sur 5 étoiles, détails de l’évaluation",109,Poche,https://m.media-amazon.com/images/I/61tagpg28vL._AC_UY218_.jpg,2025-09-04T08:34:59.405152,Description non disponible depuis la recherche,Stock non disponible,ISBN non disponible,Éditeur non disponible,Date non disponible,Nombre de pages non disponible,Rang de vente non disponible,Science-Fiction,21.0,,,,
"Profanation (Les Enquêtes du département V, Tome 2)",https://www.amazon.fr/Profanation-Jussi-Adler-Olsen/dp/2253179035/ref=sr_1_338,"9,90 €",Jussi Adler-Olsen,"4,4 sur 5 étoiles, détails de l’évaluation",3 181,Poche,https://m.media-amazon.com/images/I/815TgMTSuaL._AC_UY218_.jpg,2025-09-04T08:34:59.408461,Description non disponible depuis la recherche,Stock non disponible,ISBN non disponible,Éditeur non disponible,Date non disponible,Nombre de pages non disponible,Rang de vente non disponible,Science-Fiction,21.0,,,,
Blanche-Neige: Les contes interdits,https://www.amazon.fr/Blanche-Neige-contes-interdits-Louis-pier-Sicard/dp/2849336165/ref=sr_1_339,"14,90 €",Louis-Pier Sicard,"4,3 sur 5 étoiles, détails de l’évaluation",1 190,Broché,https://m.media-amazon.com/images/I/71iEeW0It2L._AC_UY218_.jpg,2025-09-04T08:34:59.411212,Description non disponible depuis la recherche,Stock non disponible,ISBN non disponible,Éditeur non disponible,Date non disponible,Nombre de pages non disponible,Rang de vente non disponible,Science-Fiction,21.0,,,,
L'Empire des monstres - Tome 2 Le Trône,https://www.amazon.fr/LEmpire-monstres-Tr%C3%B4ne-Orlane-Gray/dp/2487267186/ref=sr_1_340,"19,90 €",Orlane Gray,"4,7 sur 5 étoiles, détails de l’évaluation",51,Broché,https://m.media-amazon.com/images/I/618VsqHQ6ZL._AC_UY218_.jpg,2025-09-04T08:34:59.413868,Description non disponible depuis la recherche,Stock non disponible,ISBN non disponible,Éditeur non disponible,Date non disponible,Nombre de pages non disponible,Rang de vente non disponible,Science-Fiction,21.0,,,,
L'Archipel des oubliés,https://www.amazon.fr/LArchipel-oubli%C3%A9s-Nicolas-Beuglet/dp/2266332848/ref=sr_1_339,"9,00 €",Nicolas Beuglet,"4,3 sur 5 étoiles, détails de l’évaluation",1 308,Poche,https://m.media-amazon.com/images/I/61k02op6AUL._AC_UY218_.jpg,2025-09-04T08:35:10.524603,Description non disponible depuis la recherche,Stock non disponible,ISBN non disponible,Éditeur non disponible,Date non disponible,Nombre de pages non disponible,Rang de vente non disponible,Science-Fiction,22.0,,,,
Jusqu'à l'amor,https://www.amazon.fr/Jusqu%C3%A0-lamor-Ang%C3%A9lina-Delcroix/dp/2755675853/ref=sr_1_340,"8,90 €",Angélina Delcroix,"3,6 sur 5 étoiles, détails de l’évaluation",12,Poche,https://m.media-amazon.com/images/I/719pgPgb7+L._AC_UY218_.jpg,2025-09-04T08:35:10.526637,Description non disponible depuis la recherche,Stock non disponible,ISBN non disponible,Éditeur non disponible,Date non disponible,Nombre de pages non disponible,Rang de vente non disponible,Science-Fiction,22.0,,,,
"De l'ombre, il surgira. Nouveauté poche 2025. Un thriller terrifiant dans la tête d'un serial killer.",https://www.amazon.fr/surgira-Nouveaut%C3%A9-thriller-terrifiant-killer/dp/2266349066/ref=sr_1_341,"8,40 €",de Alaina URQUHART et Séverine Quelet | 3 juillet 2025,"4,7 sur 5 étoiles, détails de l’évaluation",4,Poche,https://m.media-amazon.com/images/I/61Tz7A1VE3L._AC_UY218_.jpg,2025-09-04T08:35:10.529264,Description non disponible depuis la recherche,Stock non disponible,ISBN non disponible,Éditeur non disponible,Date non disponible,Nombre de pages non disponible,Rang de vente non disponible,Science-Fiction,22.0,,,,
Ils étaient dix,https://www.amazon.fr/Ils-%C3%A9taient-dix/dp/B08WJ8H5RV/ref=sr_1_342,"0,00 €",Livres audio Audible,"4,7 sur 5 étoiles, détails de l’évaluation",1 561,Livres audio Audible,https://m.media-amazon.com/images/I/91BT-P5TYAL._AC_UY218_.jpg,2025-09-04T08:35:10.532236,Description non disponible depuis la recherche,Stock non disponible,ISBN non disponible,Éditeur non disponible,Date non disponible,Nombre de pages non disponible,Rang de vente non disponible,Science-Fiction,22.0,,,,
Vendredi 13: Les enquêtes du commandant Gabriel Gerfaut Tome 13,https://www.amazon.fr/Vendredi-13-enqu%C3%AAtes-commandant-Gabriel-ebook/dp/B0D81G1DBG/ref=sr_1_343,"25,00 €",Gilles Milo-Vacéri,"4,6 sur 5 étoiles, détails de l’évaluation",970,Format Kindle,https://m.media-amazon.com/images/I/81QfGZ7TJyL._AC_UY218_.jpg,2025-09-04T08:35:10.534421,Description non disponible depuis la recherche,Stock non disponible,ISBN non disponible,Éditeur non disponible,Date non disponible,Nombre de pages non disponible,Rang de vente non disponible,Science-Fiction,22.0,,,,
Le Revenant d'Albanie : Les aventures d'Aurel le consul,https://www.amazon.fr/Revenant-dAlbanie-aventures-dAurel-consul-ebook/dp/B0DYDQ86TQ/ref=sr_1_344,"14,99 €",Jean-Christophe Rufin,"4,0 sur 5 étoiles, détails de l’évaluation",494,Format Kindle,https://m.media-amazon.com/images/I/81qFS3MoScL._AC_UY218_.jpg,2025-09-04T08:35:10.537578,Description non disponible depuis la recherche,Stock non disponible,ISBN non disponible,Éditeur non disponible,Date non disponible,Nombre de pages non disponible,Rang de vente non disponible,Science-Fiction,22.0,,,,
La Mémoire fantôme,https://www.amazon.fr/M%C3%A9moire-fant%C3%B4me-Franck-THILLIEZ/dp/226620503X/ref=sr_1_345,"9,00 €",Franck Thilliez,"4,4 sur 5 étoiles, détails de l’évaluation",4 672,Poche,https://m.media-amazon.com/images/I/61ygN0T1ohL._AC_UY218_.jpg,2025-09-04T08:35:10.540937,Description non disponible depuis la recherche,Stock non disponible,ISBN non disponible,Éditeur non disponible,Date non disponible,Nombre de pages non disponible,Rang de vente non disponible,Science-Fiction,22.0,,,,
Les morsures de l'ombre,https://www.amazon.fr/morsures-lombre-Karine-Giebel/dp/226618136X/ref=sr_1_346,"8,10 €",Karine Giebel,"4,4 sur 5 étoiles, détails de l’évaluation",1 440,Poche,https://m.media-amazon.com/images/I/61-IRARpRsL._AC_UY218_.jpg,2025-09-04T08:35:10.544287,Description non disponible depuis la recherche,Stock non disponible,ISBN non disponible,Éditeur non disponible,Date non disponible,Nombre de pages non disponible,Rang de vente non disponible,Science-Fiction,22.0,,,,
Sharko,https://www.amazon.fr/Sharko-Franck-THILLIEZ/dp/2266286455/ref=sr_1_349,"9,90 €",Franck Thilliez,"4,6 sur 5 étoiles, détails de l’évaluation",4 198,Poche,https://m.media-amazon.com/images/I/519Y2MJFfML._AC_UY218_.jpg,2025-09-04T08:35:10.553654,Description non disponible depuis la recherche,Stock non disponible,ISBN non disponible,Éditeur non disponible,Date non disponible,Nombre de pages non disponible,Rang de vente non disponible,Science-Fiction,22.0,,,,
"Miséricorde (Les Enquêtes du département V, Tome 1): Les Dossiers oubliés",https://www.amazon.fr/Mis%C3%A9ricorde-Jussi-Adler-Olsen/dp/2253173614/ref=sr_1_350,"9,90 €",Jussi Adler-Olsen,"4,4 sur 5 étoiles, détails de l’évaluation",5 088,Poche,https://m.media-amazon.com/images/I/81l8x+nWU4L._AC_UY218_.jpg,2025-09-04T08:35:10.557055,Description non disponible depuis la recherche,Stock non disponible,ISBN non disponible,Éditeur non disponible,Date non disponible,Nombre de pages non disponible,Rang de vente non disponible,Science-Fiction,22.0,,,,
The Housemaid's Wedding: A Short Story,https://www.amazon.fr/Housemaids-Wedding-Short-Story/dp/B0DLHLBK74/ref=sr_1_351,"3,99 €",Freida McFadden,"3,9 sur 5 étoiles, détails de l’évaluation",80 589,Broché,https://m.media-amazon.com/images/I/71AQWDUx1bL._AC_UY218_.jpg,2025-09-04T08:35:10.559409,Description non disponible depuis la recherche,Stock non disponible,ISBN non disponible,Éditeur non disponible,Date non disponible,Nombre de pages non disponible,Rang de vente non disponible,Science-Fiction,22.0,,,,
La Femme au dragon rouge,https://www.amazon.fr/Femme-au-dragon-rouge/dp/2266341227/ref=sr_1_352,"10,70 €",José Rodrigues Dos Santos,"4,5 sur 5 étoiles, détails de l’évaluation",772,Poche,https://m.media-amazon.com/images/I/710K5akShLL._AC_UY218_.jpg,2025-09-04T08:35:10.562456,Description non disponible depuis la recherche,Stock non disponible,ISBN non disponible,Éditeur non disponible,Date non disponible,Nombre de pages non disponible,Rang de vente non disponible,Science-Fiction,22.0,,,,
AFFAIRES CRIMINELLES N°4 - La revue True Crime de McSkyz (4),https://www.amazon.fr/AFFAIRES-CRIMINELLES-N%C2%B04-revue-McSkyz/dp/2959343530/ref=sr_1_353,"14,90 €",Magazine,Note non disponible,0 avis,Magazine,https://m.media-amazon.com/images/I/71M1ZZmWMLL._AC_UY218_.jpg,2025-09-04T08:35:10.564435,Description non disponible depuis la recherche,Stock non disponible,ISBN non disponible,Éditeur non disponible,Date non disponible,Nombre de pages non disponible,Rang de vente non disponible,Science-Fiction,22.0,,,,
Puzzle,https://www.amazon.fr/Puzzle-Franck-Thilliez/dp/2266246445/ref=sr_1_354,"9,60 €",Franck Thilliez,"4,3 sur 5 étoiles, détails de l’évaluation",2 818,Poche,https://m.media-amazon.com/images/I/61SeU40SE5L._AC_UY218_.jpg,2025-09-04T08:35:10.567671,Description non disponible depuis la recherche,Stock non disponible,ISBN non disponible,Éditeur non disponible,Date non disponible,Nombre de pages non disponible,Rang de vente non disponible,Science-Fiction,22.0,,,,
Le Fantôme de Fort Boyard: cosy mystery à l'Oléronaise,https://www.amazon.fr/Fant%C3%B4me-Fort-Boyard-mystery-lOl%C3%A9ronaise/dp/B0F26FFWFC/ref=sr_1_355,"12,90 €",Agnès de Bonneville,"4,4 sur 5 étoiles, détails de l’évaluation",171,Broché,https://m.media-amazon.com/images/I/61zFbYYUk5L._AC_UY218_.jpg,2025-09-04T08:35:10.570127,Description non disponible depuis la recherche,Stock non disponible,ISBN non disponible,Éditeur non disponible,Date non disponible,Nombre de pages non disponible,Rang de vente non disponible,Science-Fiction,22.0,,,,
"Il ne s'appelait pas Nolan ! : Roman à suspense, thriller, dès 12 ans: Le récit captivant d’une adolescente, alerte sur les dangers des rencontres virtuelles",https://www.amazon.fr/sappelait-pas-Nolan-adolescente-rencontres/dp/2959710711/ref=sr_1_356,"12,90 €",Caroline Portier,"4,8 sur 5 étoiles, détails de l’évaluation",24,Broché,https://m.media-amazon.com/images/I/71RiKLEfiyL._AC_UY218_.jpg,2025-09-04T08:35:10.572172,Description non disponible depuis la recherche,Stock non disponible,ISBN non disponible,Éditeur non disponible,Date non disponible,Nombre de pages non disponible,Rang de vente non disponible,Science-Fiction,22.0,,,,
La Fille cachée,https://www.amazon.fr/Fille-cach%C3%A9e-Lisa-Gardner/dp/2253181641/ref=sr_1_355,"9,70 €",Lisa Gardner,"4,2 sur 5 étoiles, détails de l’évaluation",3 401,Poche,https://m.media-amazon.com/images/I/81IHdSQ0N3L._AC_UY218_.jpg,2025-09-04T08:35:20.051898,Description non disponible depuis la recherche,Stock non disponible,ISBN non disponible,Éditeur non disponible,Date non disponible,Nombre de pages non disponible,Rang de vente non disponible,Science-Fiction,23.0,,,,
On se reverra (Hauteville Suspense),https://www.amazon.fr/se-reverra-Lisa-Jewell-ebook/dp/B0796Y63Y7/ref=sr_1_356,"5,99 €",Lisa Jewell,"4,3 sur 5 étoiles, détails de l’évaluation",17 922,Format Kindle,https://m.media-amazon.com/images/I/71VkLtRqWPL._AC_UY218_.jpg,2025-09-04T08:35:20.055260,Description non disponible depuis la recherche,Stock non disponible,ISBN non disponible,Éditeur non disponible,Date non disponible,Nombre de pages non disponible,Rang de vente non disponible,Science-Fiction,23.0,,,,
La Femme à l'étage (Hauteville Suspense),https://www.amazon.fr/Femme-%C3%A0-l%C3%A9tage-Rachel-Hawkins-ebook/dp/B08YD1TCGX/ref=sr_1_357,"5,99 €",Rachel Hawkins,"4,2 sur 5 étoiles, détails de l’évaluation",518,Format Kindle,https://m.media-amazon.com/images/I/81H2rHy-avL._AC_UY218_.jpg,2025-09-04T08:35:20.057823,Description non disponible depuis la recherche,Stock non disponible,ISBN non disponible,Éditeur non disponible,Date non disponible,Nombre de pages non disponible,Rang de vente non disponible,Science-Fiction,23.0,,,,
La Trilogie berlinoise - Tome 2,https://www.amazon.fr/Trilogie-berlinoise-2-Pierre-Boisserie/dp/B0C7Z9ZYST/ref=sr_1_358,"23,00 €",Pierre Boisserie,"4,8 sur 5 étoiles, détails de l’évaluation",21,Relié,https://m.media-amazon.com/images/I/61eoRqDbd+L._AC_UY218_.jpg,2025-09-04T08:35:20.060420,Description non disponible depuis la recherche,Stock non disponible,ISBN non disponible,Éditeur non disponible,Date non disponible,Nombre de pages non disponible,Rang de vente non disponible,Science-Fiction,23.0,,,,
"Trauma(s) : Et chaque fois, mourir un peu - Livre 2:: Roman policier de Karine Giebel, Le nouveau thriller de l'autrice aux 2 millions de livres vendus, Livre nouveauté 2024",https://www.amazon.fr/Trauma-policier-thriller-lautrice-nouveaut%C3%A9/dp/2385771365/ref=sr_1_359,"24,00 €",Karine Giebel,"4,6 sur 5 étoiles, détails de l’évaluation",844,Broché,https://m.media-amazon.com/images/I/71Zxgsk31EL._AC_UY218_.jpg,2025-09-04T08:35:20.063725,Description non disponible depuis la recherche,Stock non disponible,ISBN non disponible,Éditeur non disponible,Date non disponible,Nombre de pages non disponible,Rang de vente non disponible,Science-Fiction,23.0,,,,
Une si lente agonie (Presses de la Cité Noir),https://www.amazon.fr/Une-lente-agonie-Elizabeth-George-ebook/dp/B0FHWW4226/ref=sr_1_360,"15,99 €",de Elizabeth George et Nathalie Serval | 2 octobre 2025,Note non disponible,0 avis,Format Kindle,https://m.media-amazon.com/images/I/81WZYTxTh3L._AC_UY218_.jpg,2025-09-04T08:35:20.066837,Description non disponible depuis la recherche,Stock non disponible,ISBN non disponible,Éditeur non disponible,Date non disponible,Nombre de pages non disponible,Rang de vente non disponible,Science-Fiction,23.0,,,,
A Curse for True Love: The unmissable final book in the Once Upon a Broken Heart series from global fantasy phenomenon,https://www.amazon.fr/Curse-True-Love-thrilling-Broken/dp/1529399327/ref=sr_1_361,"12,12 €",Stephanie Garber,"4,5 sur 5 étoiles, détails de l’évaluation",26 097,Broché,https://m.media-amazon.com/images/I/91EHaC+M-RL._AC_UY218_.jpg,2025-09-04T08:35:20.070305,Description non disponible depuis la recherche,Stock non disponible,ISBN non disponible,Éditeur non disponible,Date non disponible,Nombre de pages non disponible,Rang de vente non disponible,Science-Fiction,23.0,,,,
The Impossible Fortune: The new novel in the multi-million copy bestselling murder mystery series,https://www.amazon.fr/Impossible-Fortune-multi-million-bestselling-mystery/dp/0241743990/ref=sr_1_362,"19,41 €",Richard Osman,Note non disponible,0 avis,Broché,https://m.media-amazon.com/images/I/71eTwnmHa3L._AC_UY218_.jpg,2025-09-04T08:35:20.074529,Description non disponible depuis la recherche,Stock non disponible,ISBN non disponible,Éditeur non disponible,Date non disponible,Nombre de pages non disponible,Rang de vente non disponible,Science-Fiction,23.0,,,,
"Le Jeudi suivant (Le Murder Club enquête, Tome 2)",https://www.amazon.fr/Jeudi-suivant-Murder-Club-enqu%C3%AAte/dp/2253941441/ref=sr_1_365,"9,70 €",Richard Osman,"4,5 sur 5 étoiles, détails de l’évaluation",128,Poche,https://m.media-amazon.com/images/I/71aIFLkBRgL._AC_UY218_.jpg,2025-09-04T08:35:20.083788,Description non disponible depuis la recherche,Stock non disponible,ISBN non disponible,Éditeur non disponible,Date non disponible,Nombre de pages non disponible,Rang de vente non disponible,Science-Fiction,23.0,,,,
Le mystère de Vivaldi (Les Archives secrètes du Vatican t. 1),https://www.amazon.fr/myst%C3%A8re-Vivaldi-Archives-secr%C3%A8tes-Vatican-ebook/dp/B0D65G8998/ref=sr_1_366,"7,99 €",Gary McAvoy,"4,3 sur 5 étoiles, détails de l’évaluation",494,Format Kindle,https://m.media-amazon.com/images/I/91clNjVqonL._AC_UY218_.jpg,2025-09-04T08:35:20.086376,Description non disponible depuis la recherche,Stock non disponible,ISBN non disponible,Éditeur non disponible,Date non disponible,Nombre de pages non disponible,Rang de vente non disponible,Science-Fiction,23.0,,,,
RENFORT COLLÈGUE: Chroniques d’un flic de terrain,https://www.amazon.fr/RENFORT-COLL%C3%88GUE-Chroniques-flic-terrain/dp/B0F4MXCZMD/ref=sr_1_367,"16,00 €",Alexandre Vigier,"4,8 sur 5 étoiles, détails de l’évaluation",52,Broché,https://m.media-amazon.com/images/I/616P5J2Z5gL._AC_UY218_.jpg,2025-09-04T08:35:20.088896,Description non disponible depuis la recherche,Stock non disponible,ISBN non disponible,Éditeur non disponible,Date non disponible,Nombre de pages non disponible,Rang de vente non disponible,Science-Fiction,23.0,,,,
REVELATION WAYWARD PINES - EPISODE 1,https://www.amazon.fr/REVELATION-WAYWARD-PINES-EPISODE-1/dp/2404080202/ref=sr_1_368,"7,90 €",Blake Crouch,"4,4 sur 5 étoiles, détails de l’évaluation",330,Poche,https://m.media-amazon.com/images/I/81+58rFnCiL._AC_UY218_.jpg,2025-09-04T08:35:20.092046,Description non disponible depuis la recherche,Stock non disponible,ISBN non disponible,Éditeur non disponible,Date non disponible,Nombre de pages non disponible,Rang de vente non disponible,Science-Fiction,23.0,,,,
"Le collectionneur de flèches: Un polar en Patagonie (Laura Badía, criminologue)",https://www.amazon.fr/collectionneur-fl%C3%A8ches-polar-Patagonie-ebook/dp/B091J37KB6/ref=sr_1_369,"3,99 €",Cristian Perfumo,"4,0 sur 5 étoiles, détails de l’évaluation",1 889,Format Kindle,https://m.media-amazon.com/images/I/81Ncv4jQ42L._AC_UY218_.jpg,2025-09-04T08:35:20.095008,Description non disponible depuis la recherche,Stock non disponible,ISBN non disponible,Éditeur non disponible,Date non disponible,Nombre de pages non disponible,Rang de vente non disponible,Science-Fiction,23.0,,,,
La prophétie de Petrus (Les Archives secrètes du Vatican t. 3),https://www.amazon.fr/proph%C3%A9tie-Petrus-Archives-secr%C3%A8tes-Vatican-ebook/dp/B0F6VYGJ8P/ref=sr_1_370,"7,99 €",Gary McAvoy,"4,5 sur 5 étoiles, détails de l’évaluation",160,Format Kindle,https://m.media-amazon.com/images/I/91bx7pzKuLL._AC_UY218_.jpg,2025-09-04T08:35:20.097862,Description non disponible depuis la recherche,Stock non disponible,ISBN non disponible,Éditeur non disponible,Date non disponible,Nombre de pages non disponible,Rang de vente non disponible,Science-Fiction,23.0,,,,
Que le meilleur gagne,https://www.amazon.fr/meilleur-gagne-Jorn-Lier-Horst-ebook/dp/B0DRXM87FQ/ref=sr_1_371,"9,49 €",Jorn Lier Horst,"4,4 sur 5 étoiles, détails de l’évaluation",400,Format Kindle,https://m.media-amazon.com/images/I/71cyY-FSOuL._AC_UY218_.jpg,2025-09-04T08:35:20.101171,Description non disponible depuis la recherche,Stock non disponible,ISBN non disponible,Éditeur non disponible,Date non disponible,Nombre de pages non disponible,Rang de vente non disponible,Science-Fiction,23.0,,,,
L'Été d'avant,https://www.amazon.fr/L%C3%89t%C3%A9-davant-Lisa-Gardner/dp/2253253200/ref=sr_1_372,"9,90 €",Lisa Gardner,"4,2 sur 5 étoiles, détails de l’évaluation",2 481,Poche,https://m.media-amazon.com/images/I/81+LSUB7AkL._AC_UY218_.jpg,2025-09-04T08:35:20.104389,Description non disponible depuis la recherche,Stock non disponible,ISBN non disponible,Éditeur non disponible,Date non disponible,Nombre de pages non disponible,Rang de vente non disponible,Science-Fiction,23.0,,,,
Ne me remerciez pas ! : Prix du Quai des Orfèvres 2024,https://www.amazon.fr/Ne-remerciez-pas-Prix-Orf%C3%A8vres-ebook/dp/B0CJVLCMYY/ref=sr_1_371,"7,99 €",Martial Caroff,"3,6 sur 5 étoiles, détails de l’évaluation",849,Format Kindle,https://m.media-amazon.com/images/I/71P-BgPav7L._AC_UY218_.jpg,2025-09-04T08:35:32.674123,Description non disponible depuis la recherche,Stock non disponible,ISBN non disponible,Éditeur non disponible,Date non disponible,Nombre de pages non disponible,Rang de vente non disponible,Science-Fiction,24.0,,,,
"Le Graal du diable (La Saga du Soleil Noir, Tome 6)",https://www.amazon.fr/Saga-Soleil-Noir-Eric-Giacometti/dp/2253079340/ref=sr_1_372,"9,90 €",Jacques Ravenne,"4,5 sur 5 étoiles, détails de l’évaluation",913,Poche,https://m.media-amazon.com/images/I/71AI1NdRCvL._AC_UY218_.jpg,2025-09-04T08:35:32.677738,Description non disponible depuis la recherche,Stock non disponible,ISBN non disponible,Éditeur non disponible,Date non disponible,Nombre de pages non disponible,Rang de vente non disponible,Science-Fiction,24.0,,,,
Le Chat du bibliothécaire: Le Noël de Charlie Harris (10),https://www.amazon.fr/Chat-biblioth%C3%A9caire-No%C3%ABl-Charlie-Harris/dp/2290416991/ref=sr_1_373,"14,90 €",Miranda James,Note non disponible,0 avis,Broché,https://m.media-amazon.com/images/I/71a1Ag983RL._AC_UY218_.jpg,2025-09-04T08:35:32.680671,Description non disponible depuis la recherche,Stock non disponible,ISBN non disponible,Éditeur non disponible,Date non disponible,Nombre de pages non disponible,Rang de vente non disponible,Science-Fiction,24.0,,,,
"Le manuscrit perdu des Chevaliers: Un thriller historique captivant au cœur du Moyen Âge mêlant croisades, légendes et un héritage interdit ressurgissant dans le présent.",https://www.amazon.fr/manuscrit-perdu-Chevaliers-historique-ressurgissant/dp/2958084728/ref=sr_1_374,"16,00 €",JF LEGER,"3,7 sur 5 étoiles, détails de l’évaluation",493,Broché,https://m.media-amazon.com/images/I/71vEc07slWL._AC_UY218_.jpg,2025-09-04T08:35:32.682904,Description non disponible depuis la recherche,Stock non disponible,ISBN non disponible,Éditeur non disponible,Date non disponible,Nombre de pages non disponible,Rang de vente non disponible,Science-Fiction,24.0,,,,
La disparition de Stephanie Mailer,https://www.amazon.fr/La-disparition-de-Stephanie-Mailer/dp/B07CVH4DB8/ref=sr_1_375,"0,00 €",Livres audio Audible,"4,2 sur 5 étoiles, détails de l’évaluation",9 903,Livres audio Audible,https://m.media-amazon.com/images/I/914LqZkrCUL._AC_UY218_.jpg,2025-09-04T08:35:32.686035,Description non disponible depuis la recherche,Stock non disponible,ISBN non disponible,Éditeur non disponible,Date non disponible,Nombre de pages non disponible,Rang de vente non disponible,Science-Fiction,24.0,,,,
Le Mystère de Notre-Dame: Un voyage captivant au cœur des secrets de Paris.,https://www.amazon.fr/Myst%C3%A8re-Notre-Dame-voyage-captivant-secrets/dp/B0DVPNVGFS/ref=sr_1_376,"11,95 €",Clara Deschamps,"4,6 sur 5 étoiles, détails de l’évaluation",7,Broché,https://m.media-amazon.com/images/I/712ImEV1ehL._AC_UY218_.jpg,2025-09-04T08:35:32.688036,Description non disponible depuis la recherche,Stock non disponible,ISBN non disponible,Éditeur non disponible,Date non disponible,Nombre de pages non disponible,Rang de vente non disponible,Science-Fiction,24.0,,,,
Sang d'encre au 36,https://www.amazon.fr/Sang-dencre-au-Herv%C3%A9-JOURDAIN/dp/2266202987/ref=sr_1_377,"8,70 €",Hervé Jourdain,"4,2 sur 5 étoiles, détails de l’évaluation",1 659,Poche,https://m.media-amazon.com/images/I/61ogIcOIF4L._AC_UY218_.jpg,2025-09-04T08:35:32.690190,Description non disponible depuis la recherche,Stock non disponible,ISBN non disponible,Éditeur non disponible,Date non disponible,Nombre de pages non disponible,Rang de vente non disponible,Science-Fiction,24.0,,,,
Pandemia,https://www.amazon.fr/Pandemia-Franck-THILLIEZ/dp/2266270303/ref=sr_1_378,"10,30 €",Franck Thilliez,"4,5 sur 5 étoiles, détails de l’évaluation",3 982,Poche,https://m.media-amazon.com/images/I/61dYitbs1gL._AC_UY218_.jpg,2025-09-04T08:35:32.693506,Description non disponible depuis la recherche,Stock non disponible,ISBN non disponible,Éditeur non disponible,Date non disponible,Nombre de pages non disponible,Rang de vente non disponible,Science-Fiction,24.0,,,,
"Bleus, blancs, rouges",https://www.amazon.fr/Bleus-blancs-rouges-Benjamin-Dierstein/dp/2080470752/ref=sr_1_381,"24,50 €",Benjamin Dierstein,"4,2 sur 5 étoiles, détails de l’évaluation",117,Broché,https://m.media-amazon.com/images/I/71ICnpi4lpL._AC_UY218_.jpg,2025-09-04T08:35:32.702364,Description non disponible depuis la recherche,Stock non disponible,ISBN non disponible,Éditeur non disponible,Date non disponible,Nombre de pages non disponible,Rang de vente non disponible,Science-Fiction,24.0,,,,
Qui meurt à Noel ?,https://www.amazon.fr/Qui-meurt-Noel-Ang%C3%A9lina-Delcroix/dp/2755663081/ref=sr_1_382,"7,90 €",Angélina Delcroix,"4,2 sur 5 étoiles, détails de l’évaluation",181,Poche,https://m.media-amazon.com/images/I/71bR1w76xzL._AC_UY218_.jpg,2025-09-04T08:35:32.704689,Description non disponible depuis la recherche,Stock non disponible,ISBN non disponible,Éditeur non disponible,Date non disponible,Nombre de pages non disponible,Rang de vente non disponible,Science-Fiction,24.0,,,,
"Le Secret Atlas : un roman policier de Steve Berry, un thriller qui vous plonge dans une nouvelle enquête de Cotton Malone, roman nouveauté 2024 au coeur de la Seconde Guerre mondiale",https://www.amazon.fr/Secret-Atlas-policier-thriller-nouveaut%C3%A9/dp/2266349937/ref=sr_1_383,"10,30 €",Steve Berry,"4,5 sur 5 étoiles, détails de l’évaluation",312,Poche,https://m.media-amazon.com/images/I/81dOqd23lqL._AC_UY218_.jpg,2025-09-04T08:35:32.708159,Description non disponible depuis la recherche,Stock non disponible,ISBN non disponible,Éditeur non disponible,Date non disponible,Nombre de pages non disponible,Rang de vente non disponible,Science-Fiction,24.0,,,,
The Devil's Sons - Tome 1,https://www.amazon.fr/Devils-Sons-1-Chlo%C3%A9-Wallerand-ebook/dp/B0BJGYLRF8/ref=sr_1_384,"8,90 €",Chloé Wallerand,"4,7 sur 5 étoiles, détails de l’évaluation",3 570,Format Kindle,https://m.media-amazon.com/images/I/81KbGVSfT8L._AC_UY218_.jpg,2025-09-04T08:35:32.711043,Description non disponible depuis la recherche,Stock non disponible,ISBN non disponible,Éditeur non disponible,Date non disponible,Nombre de pages non disponible,Rang de vente non disponible,Science-Fiction,24.0,,,,
La Constance du prédateur,https://www.amazon.fr/Constance-du-pr%C3%A9dateur-Maxime-Chattam/dp/2266311271/ref=sr_1_385,"9,90 €",Maxime Chattam,"4,5 sur 5 étoiles, détails de l’évaluation",3 107,Poche,https://m.media-amazon.com/images/I/61A8iwfCWSL._AC_UY218_.jpg,2025-09-04T08:35:32.714439,Description non disponible depuis la recherche,Stock non disponible,ISBN non disponible,Éditeur non disponible,Date non disponible,Nombre de pages non disponible,Rang de vente non disponible,Science-Fiction,24.0,,,,
La Boîte à magie,https://www.amazon.fr/Bo%C3%AEte-%C3%A0-magie-Camilla-L%C3%A4ckberg-ebook/dp/B09XBFH645/ref=sr_1_386,"10,99 €",Camilla Läckberg,"4,3 sur 5 étoiles, détails de l’évaluation",2 255,Format Kindle,https://m.media-amazon.com/images/I/81JxCzsmd8L._AC_UY218_.jpg,2025-09-04T08:35:32.717903,Description non disponible depuis la recherche,Stock non disponible,ISBN non disponible,Éditeur non disponible,Date non disponible,Nombre de pages non disponible,Rang de vente non disponible,Science-Fiction,24.0,,,,
Révolution bleue - La petite princesse,https://www.amazon.fr/R%C3%A9volution-bleue-princesse-Jean-Pierre-Goux/dp/2416022253/ref=sr_1_387,"9,90 €",Jean-Pierre Goux,"4,6 sur 5 étoiles, détails de l’évaluation",83,Poche,https://m.media-amazon.com/images/I/81urUgZ1GIL._AC_UY218_.jpg,2025-09-04T08:35:32.720440,Description non disponible depuis la recherche,Stock non disponible,ISBN non disponible,Éditeur non disponible,Date non disponible,Nombre de pages non disponible,Rang de vente non disponible,Science-Fiction,24.0,,,,
L'Île des chasseurs d'oiseaux (ROUERGUE LITTER),https://www.amazon.fr/L%C3%8Ele-chasseurs-doiseaux-Peter-May-ebook/dp/B005WTOOQ0/ref=sr_1_388,"9,99 €",Peter May,"4,4 sur 5 étoiles, détails de l’évaluation",1 999,Format Kindle,https://m.media-amazon.com/images/I/81JmOfPqLHL._AC_UY218_.jpg,2025-09-04T08:35:32.723672,Description non disponible depuis la recherche,Stock non disponible,ISBN non disponible,Éditeur non disponible,Date non disponible,Nombre de pages non disponible,Rang de vente non disponible,Science-Fiction,24.0,,,,
Le Syndrome E (1),https://www.amazon.fr/Syndrome-1-Franck-Thilliez/dp/2266211722/ref=sr_1_387,"9,60 €",Franck Thilliez,"4,5 sur 5 étoiles, détails de l’évaluation",2 341,Poche,https://m.media-amazon.com/images/I/71OAYRZfO0L._AC_UY218_.jpg,2025-09-04T08:35:43.589411,Description non disponible depuis la recherche,Stock non disponible,ISBN non disponible,Éditeur non disponible,Date non disponible,Nombre de pages non disponible,Rang de vente non disponible,Science-Fiction,25.0,,,,
Chaud devant ! (Une enquête de Piper Harris – Tome 1) (Les enquêtes de Piper Harris),https://www.amazon.fr/Chaud-devant-enqu%C3%AAte-Piper-Harris-ebook/dp/B0FCDJ8YLH/ref=sr_1_388,Prix non disponible,Deany Ray,"4,1 sur 5 étoiles, détails de l’évaluation",74,Format Kindle,https://m.media-amazon.com/images/I/810vSz1QgXL._AC_UY218_.jpg,2025-09-04T08:35:43.591879,Description non disponible depuis la recherche,Stock non disponible,ISBN non disponible,Éditeur non disponible,Date non disponible,Nombre de pages non disponible,Rang de vente non disponible,Science-Fiction,25.0,,,,
Le Reliquaire de Madeleine (Les Chroniques de Madeleine t. 2),https://www.amazon.fr/Reliquaire-Madeleine-Chroniques-t-ebook/dp/B0BTWLHBYK/ref=sr_1_389,"8,99 €",Gary McAvoy,"4,4 sur 5 étoiles, détails de l’évaluation",615,Format Kindle,https://m.media-amazon.com/images/I/91zL1oaB4HL._AC_UY218_.jpg,2025-09-04T08:35:43.594359,Description non disponible depuis la recherche,Stock non disponible,ISBN non disponible,Éditeur non disponible,Date non disponible,Nombre de pages non disponible,Rang de vente non disponible,Science-Fiction,25.0,,,,
Beautiful Sinner,https://www.amazon.fr/Beautiful-Sinner-Anita-Rigins/dp/2371266280/ref=sr_1_390,"17,90 €",Anita Rigins,"4,6 sur 5 étoiles, détails de l’évaluation",1 078,Broché,https://m.media-amazon.com/images/I/81spo1WrgXL._AC_UY218_.jpg,2025-09-04T08:35:43.597585,Description non disponible depuis la recherche,Stock non disponible,ISBN non disponible,Éditeur non disponible,Date non disponible,Nombre de pages non disponible,Rang de vente non disponible,Science-Fiction,25.0,,,,
AtomKa (3),https://www.amazon.fr/AtomKa-3-Franck-Thilliez/dp/2266239457/ref=sr_1_391,"9,90 €",Franck Thilliez,"4,5 sur 5 étoiles, détails de l’évaluation",2 553,Poche,https://m.media-amazon.com/images/I/714NvHRDGyL._AC_UY218_.jpg,2025-09-04T08:35:43.601076,Description non disponible depuis la recherche,Stock non disponible,ISBN non disponible,Éditeur non disponible,Date non disponible,Nombre de pages non disponible,Rang de vente non disponible,Science-Fiction,25.0,,,,
Monster,https://www.amazon.fr/Monster-Cynthia-Havendean/dp/2925009468/ref=sr_1_392,"23,16 €",Cynthia Havendean,"4,4 sur 5 étoiles, détails de l’évaluation",1 483,Broché,https://m.media-amazon.com/images/I/61A-Dm2kzrL._AC_UY218_.jpg,2025-09-04T08:35:43.603040,Description non disponible depuis la recherche,Stock non disponible,ISBN non disponible,Éditeur non disponible,Date non disponible,Nombre de pages non disponible,Rang de vente non disponible,Science-Fiction,25.0,,,,
Black-Out (Les thrillers de John Milton t. 10),https://www.amazon.fr/Black-Out-thrillers-John-Milton-t-ebook/dp/B0FMKHNHXL/ref=sr_1_393,Prix non disponible,Mark Dawson,"4,5 sur 5 étoiles, détails de l’évaluation",45,Format Kindle,https://m.media-amazon.com/images/I/81OFcY3ZqrL._AC_UY218_.jpg,2025-09-04T08:35:43.605077,Description non disponible depuis la recherche,Stock non disponible,ISBN non disponible,Éditeur non disponible,Date non disponible,Nombre de pages non disponible,Rang de vente non disponible,Science-Fiction,25.0,,,,
La belle et la bête,https://www.amazon.fr/belle-b%C3%AAte-Simon-Brousseau/dp/284933667X/ref=sr_1_394,"14,90 €",Simon Rousseau,"4,6 sur 5 étoiles, détails de l’évaluation",800,Broché,https://m.media-amazon.com/images/I/61FVTL5-QNL._AC_UY218_.jpg,2025-09-04T08:35:43.608251,Description non disponible depuis la recherche,Stock non disponible,ISBN non disponible,Éditeur non disponible,Date non disponible,Nombre de pages non disponible,Rang de vente non disponible,Science-Fiction,25.0,,,,
Serrer les dents,https://www.amazon.fr/Serrer-dents-Marie-Laure-Brunel-Dupin/dp/2290418269/ref=sr_1_397,"8,90 €",Marie-Laure Brunel-Dupin,"4,4 sur 5 étoiles, détails de l’évaluation",240,Poche,https://m.media-amazon.com/images/I/71qfitjQ69L._AC_UY218_.jpg,2025-09-04T08:35:43.618613,Description non disponible depuis la recherche,Stock non disponible,ISBN non disponible,Éditeur non disponible,Date non disponible,Nombre de pages non disponible,Rang de vente non disponible,Science-Fiction,25.0,,,,
Les veuves,https://www.amazon.fr/veuves-Pascal-Engman-ebook/dp/B0F3P2WR8M/ref=sr_1_398,"16,99 €",de Pascal Engman et Catherine Renaud | 5 mars 2025,"4,5 sur 5 étoiles, détails de l’évaluation",19,Format Kindle,https://m.media-amazon.com/images/I/71v64-jHAdL._AC_UY218_.jpg,2025-09-04T08:35:43.621884,Description non disponible depuis la recherche,Stock non disponible,ISBN non disponible,Éditeur non disponible,Date non disponible,Nombre de pages non disponible,Rang de vente non disponible,Science-Fiction,25.0,,,,
Malaven,https://www.amazon.fr/Audible-Malaven/dp/B0F9FRSTZS/ref=sr_1_399,"0,00 €",Livres audio Audible,"4,2 sur 5 étoiles, détails de l’évaluation",213,Livres audio Audible,https://m.media-amazon.com/images/I/81JZO4aTP3L._AC_UY218_.jpg,2025-09-04T08:35:43.624840,Description non disponible depuis la recherche,Stock non disponible,ISBN non disponible,Éditeur non disponible,Date non disponible,Nombre de pages non disponible,Rang de vente non disponible,Science-Fiction,25.0,,,,
Identité inconnue (Thrillers),https://www.amazon.fr/Identit%C3%A9-inconnue-Thrillers-Patricia-Cornwell-ebook/dp/B0F4QY5JB8/ref=sr_1_400,"15,99 €",Patricia Cornwell,"4,1 sur 5 étoiles, détails de l’évaluation",205,Format Kindle,https://m.media-amazon.com/images/I/81PIx8czt+L._AC_UY218_.jpg,2025-09-04T08:35:43.627286,Description non disponible depuis la recherche,Stock non disponible,ISBN non disponible,Éditeur non disponible,Date non disponible,Nombre de pages non disponible,Rang de vente non disponible,Science-Fiction,25.0,,,,
Crâne d'os,https://www.amazon.fr/Audible-Cr%C3%A2ne-dos/dp/B0F6YC5Z4F/ref=sr_1_401,"0,00 €",Livres audio Audible,"4,2 sur 5 étoiles, détails de l’évaluation",68,Livres audio Audible,https://m.media-amazon.com/images/I/814DDBkBMEL._AC_UY218_.jpg,2025-09-04T08:35:43.630477,Description non disponible depuis la recherche,Stock non disponible,ISBN non disponible,Éditeur non disponible,Date non disponible,Nombre de pages non disponible,Rang de vente non disponible,Science-Fiction,25.0,,,,
La Trilogie berlinoise - Tome 1,https://www.amazon.fr/Trilogie-berlinoise-1-Pierre-Boisserie/dp/B092PG4316/ref=sr_1_402,"23,00 €",Pierre Boisserie,"4,6 sur 5 étoiles, détails de l’évaluation",87,Relié,https://m.media-amazon.com/images/I/615XC8IC6XL._AC_UY218_.jpg,2025-09-04T08:35:43.632673,Description non disponible depuis la recherche,Stock non disponible,ISBN non disponible,Éditeur non disponible,Date non disponible,Nombre de pages non disponible,Rang de vente non disponible,Science-Fiction,25.0,,,,
Disparue à cette adresse (Belfond noir),https://www.amazon.fr/Disparue-cette-adresse-Linwood-Barclay-ebook/dp/B0CPB9LR6Y/ref=sr_1_403,"16,99 €",Linwood Barclay,"4,2 sur 5 étoiles, détails de l’évaluation",374,Format Kindle,https://m.media-amazon.com/images/I/81SB1B4RepL._AC_UY218_.jpg,2025-09-04T08:35:43.636163,Description non disponible depuis la recherche,Stock non disponible,ISBN non disponible,Éditeur non disponible,Date non disponible,Nombre de pages non disponible,Rang de vente non disponible,Science-Fiction,25.0,,,,
Marques de fabrique - Lauréat du prix Polar + du roman noir historique,https://www.amazon.fr/Marques-fabrique-C%C3%A9cile-Baudin/dp/2264082968/ref=sr_1_404,"9,20 €",Cécile Baudin,"4,3 sur 5 étoiles, détails de l’évaluation",308,Poche,https://m.media-amazon.com/images/I/616M+LykUhL._AC_UY218_.jpg,2025-09-04T08:35:43.639102,Description non disponible depuis la recherche,Stock non disponible,ISBN non disponible,Éditeur non disponible,Date non disponible,Nombre de pages non disponible,Rang de vente non disponible,Science-Fiction,25.0,,,,
Anges d'ombres: Un thriller addictif à vous glacer le sang (Les Enquêtes de l'Agent Spécial Beth Katz t. 2),https://www.amazon.fr/Anges-dombres-thriller-addictif-Enqu%C3%AAtes-ebook/dp/B0CP3YXBLP/ref=sr_1_403,"16,99 €",D.K. Hood,"4,4 sur 5 étoiles, détails de l’évaluation",1 842,Format Kindle,https://m.media-amazon.com/images/I/81wqytDARlL._AC_UY218_.jpg,2025-09-04T08:35:54.134547,Description non disponible depuis la recherche,Stock non disponible,ISBN non disponible,Éditeur non disponible,Date non disponible,Nombre de pages non disponible,Rang de vente non disponible,Science-Fiction,26.0,,,,
Meurtre dans les lavandes: Un cosy mystery en Provence,https://www.amazon.fr/Meurtre-dans-lavandes-mystery-Provence-ebook/dp/B0D8BVLYXJ/ref=sr_1_404,"14,90 €",Ena Fitzbel,"4,2 sur 5 étoiles, détails de l’évaluation",304,Format Kindle,https://m.media-amazon.com/images/I/81L9W3b7E9L._AC_UY218_.jpg,2025-09-04T08:35:54.137137,Description non disponible depuis la recherche,Stock non disponible,ISBN non disponible,Éditeur non disponible,Date non disponible,Nombre de pages non disponible,Rang de vente non disponible,Science-Fiction,26.0,,,,
Un oeil dans la nuit,https://www.amazon.fr/oeil-dans-nuit-Bernard-Minier/dp/2266340050/ref=sr_1_405,"9,60 €",Bernard Minier,"4,2 sur 5 étoiles, détails de l’évaluation",3 514,Poche,https://m.media-amazon.com/images/I/61spfE38NmL._AC_UY218_.jpg,2025-09-04T08:35:54.140553,Description non disponible depuis la recherche,Stock non disponible,ISBN non disponible,Éditeur non disponible,Date non disponible,Nombre de pages non disponible,Rang de vente non disponible,Science-Fiction,26.0,,,,
Éclipse totale: Une enquête de Harry Hole,https://www.amazon.fr/%C3%89clipse-totale-enqu%C3%AAte-Harry-Hole/dp/2073087868/ref=sr_1_406,"10,50 €",Jo Nesbø,"4,4 sur 5 étoiles, détails de l’évaluation",998,Poche,https://m.media-amazon.com/images/I/81UcdDaI4gL._AC_UY218_.jpg,2025-09-04T08:35:54.144186,Description non disponible depuis la recherche,Stock non disponible,ISBN non disponible,Éditeur non disponible,Date non disponible,Nombre de pages non disponible,Rang de vente non disponible,Science-Fiction,26.0,,,,
The Black Loch: an explosive return to the hebrides and the internationally bestselling Lewis Thrillers (English Edition),https://www.amazon.fr/Black-Loch-explosive-internationally-bestselling-ebook/dp/B0CNLZQCYT/ref=sr_1_407,"6,49 €",Peter May,"4,4 sur 5 étoiles, détails de l’évaluation",7 126,Format Kindle,https://m.media-amazon.com/images/I/81lZUNJ93qL._AC_UY218_.jpg,2025-09-04T08:35:54.148110,Description non disponible depuis la recherche,Stock non disponible,ISBN non disponible,Éditeur non disponible,Date non disponible,Nombre de pages non disponible,Rang de vente non disponible,Science-Fiction,26.0,,,,
COCO LAVANDE,https://www.amazon.fr/COCO-LAVANDE-Louis-GRAWET/dp/B0FP2M7187/ref=sr_1_408,"10,54 €",de Louis GRAWET | 26 août 2025,Note non disponible,0 avis,Broché,https://m.media-amazon.com/images/I/61qn7z2HOoL._AC_UY218_.jpg,2025-09-04T08:35:54.151316,Description non disponible depuis la recherche,Stock non disponible,ISBN non disponible,Éditeur non disponible,Date non disponible,Nombre de pages non disponible,Rang de vente non disponible,Science-Fiction,26.0,,,,
Grim and Oro Dueling Crowns Edition,https://www.amazon.fr/Grim-Dueling-Crowns-Alex-Aster/dp/1419785621/ref=sr_1_409,"24,69 €",Alex Aster,Note non disponible,0 avis,Relié,https://m.media-amazon.com/images/I/71DESv3wfaL._AC_UY218_.jpg,2025-09-04T08:35:54.155708,Description non disponible depuis la recherche,Stock non disponible,ISBN non disponible,Éditeur non disponible,Date non disponible,Nombre de pages non disponible,Rang de vente non disponible,Science-Fiction,26.0,,,,
DESTRUCTION WAYWARD PINES - EPISODE 3,https://www.amazon.fr/DESTRUCTION-WAYWARD-PINES-EPISODE-3/dp/2404080229/ref=sr_1_410,"7,90 €",Blake Crouch,"4,6 sur 5 étoiles, détails de l’évaluation",275,Poche,https://m.media-amazon.com/images/I/81TwNmHEUSL._AC_UY218_.jpg,2025-09-04T08:35:54.158863,Description non disponible depuis la recherche,Stock non disponible,ISBN non disponible,Éditeur non disponible,Date non disponible,Nombre de pages non disponible,Rang de vente non disponible,Science-Fiction,26.0,,,,
L'Étoile du désert,https://www.amazon.fr/L%C3%89toile-du-d%C3%A9sert-Michael-Connelly/dp/225324970X/ref=sr_1_413,"9,70 €",Michael Connelly,"4,5 sur 5 étoiles, détails de l’évaluation",2 278,Poche,https://m.media-amazon.com/images/I/71TTrZ9hXtL._AC_UY218_.jpg,2025-09-04T08:35:54.168269,Description non disponible depuis la recherche,Stock non disponible,ISBN non disponible,Éditeur non disponible,Date non disponible,Nombre de pages non disponible,Rang de vente non disponible,Science-Fiction,26.0,,,,
Le Bureau des affaires occultes: Le Bureau des affaires occultes 1,https://www.amazon.fr/Le-Bureau-des-affaires-occultes/dp/B096XZ597P/ref=sr_1_414,"0,00 €",Livres audio Audible,"4,4 sur 5 étoiles, détails de l’évaluation",6 953,Livres audio Audible,https://m.media-amazon.com/images/I/81tn2Y+z5fL._AC_UY218_.jpg,2025-09-04T08:35:54.171401,Description non disponible depuis la recherche,Stock non disponible,ISBN non disponible,Éditeur non disponible,Date non disponible,Nombre de pages non disponible,Rang de vente non disponible,Science-Fiction,26.0,,,,
I.R.$ - Tome 25 - Trente milliards de dollars,https://www.amazon.fr/I-R-25-Trente-milliards-dollars/dp/2808214715/ref=sr_1_415,"13,95 €",de Desberg Stephen et Duarte Carlos Rafael | 30 mai 2025,"3,9 sur 5 étoiles, détails de l’évaluation",8,Broché,https://m.media-amazon.com/images/I/71Qe35UMqzL._AC_UY218_.jpg,2025-09-04T08:35:54.174512,Description non disponible depuis la recherche,Stock non disponible,ISBN non disponible,Éditeur non disponible,Date non disponible,Nombre de pages non disponible,Rang de vente non disponible,Science-Fiction,26.0,,,,
The Sons of Death - tome 2,https://www.amazon.fr/Sons-Death-2-Laura-Ezrena-ebook/dp/B0FH5KR8HL/ref=sr_1_416,"7,99 €",Laura Ezrena,"4,7 sur 5 étoiles, détails de l’évaluation",53,Format Kindle,https://m.media-amazon.com/images/I/818M14-7f9L._AC_UY218_.jpg,2025-09-04T08:35:54.176734,Description non disponible depuis la recherche,Stock non disponible,ISBN non disponible,Éditeur non disponible,Date non disponible,Nombre de pages non disponible,Rang de vente non disponible,Science-Fiction,26.0,,,,
Hooked (Never After t. 1),https://www.amazon.fr/Hooked-Never-After-t-1-ebook/dp/B0BRQN42SG/ref=sr_1_417,"6,99 €",Emily Mcintire,"4,4 sur 5 étoiles, détails de l’évaluation",870,Format Kindle,https://m.media-amazon.com/images/I/816EtZOy9jL._AC_UY218_.jpg,2025-09-04T08:35:54.179154,Description non disponible depuis la recherche,Stock non disponible,ISBN non disponible,Éditeur non disponible,Date non disponible,Nombre de pages non disponible,Rang de vente non disponible,Science-Fiction,26.0,,,,
Féminicide,https://www.amazon.fr/F%C3%A9minicide-Pascal-Engman-ebook/dp/B0CQYMQR5D/ref=sr_1_418,"7,99 €",Pascal Engman,"4,2 sur 5 étoiles, détails de l’évaluation",124,Format Kindle,https://m.media-amazon.com/images/I/71Nq260-OaL._AC_UY218_.jpg,2025-09-04T08:35:54.182548,Description non disponible depuis la recherche,Stock non disponible,ISBN non disponible,Éditeur non disponible,Date non disponible,Nombre de pages non disponible,Rang de vente non disponible,Science-Fiction,26.0,,,,
Terminus Elicius,https://www.amazon.fr/Terminus-Elicius-Karine-Giebel/dp/2266223720/ref=sr_1_419,"8,10 €",Karine Giebel,"4,3 sur 5 étoiles, détails de l’évaluation",1 156,Poche,https://m.media-amazon.com/images/I/61QyOCKUE7L._AC_UY218_.jpg,2025-09-04T08:35:54.185788,Description non disponible depuis la recherche,Stock non disponible,ISBN non disponible,Éditeur non disponible,Date non disponible,Nombre de pages non disponible,Rang de vente non disponible,Science-Fiction,26.0,,,,
Tu es de la famille maintenant,https://www.amazon.fr/Tu-famille-maintenant-Jack-Stainton-ebook/dp/B0FLJTJSCL/ref=sr_1_420,"13,70 €",Jack Stainton,"4,2 sur 5 étoiles, détails de l’évaluation",62,Format Kindle,https://m.media-amazon.com/images/I/91qo81mPMuL._AC_UY218_.jpg,2025-09-04T08:35:54.188086,Description non disponible depuis la recherche,Stock non disponible,ISBN non disponible,Éditeur non disponible,Date non disponible,Nombre de pages non disponible,Rang de vente non disponible,Science-Fiction,26.0,,,,
Compter les oiseaux Compter les chapeaux,https://www.amazon.fr/Compter-oiseaux-chapeaux-Christine-Thepot/dp/2955047929/ref=sr_1_419,"14,99 €",Christine Thepot Gayon,"4,1 sur 5 étoiles, détails de l’évaluation",829,Broché,https://m.media-amazon.com/images/I/71XuHkrR+wL._AC_UY218_.jpg,2025-09-04T08:36:04.396739,Description non disponible depuis la recherche,Stock non disponible,ISBN non disponible,Éditeur non disponible,Date non disponible,Nombre de pages non disponible,Rang de vente non disponible,Science-Fiction,27.0,,,,
Pour que l'amour nous répare,https://www.amazon.fr/Pour-que-lamour-nous-r%C3%A9pare/dp/237448825X/ref=sr_1_420,"20,90 €",Coralie Janne,"4,4 sur 5 étoiles, détails de l’évaluation",276,Broché,https://m.media-amazon.com/images/I/615ZVa7wBxL._AC_UY218_.jpg,2025-09-04T08:36:04.399297,Description non disponible depuis la recherche,Stock non disponible,ISBN non disponible,Éditeur non disponible,Date non disponible,Nombre de pages non disponible,Rang de vente non disponible,Science-Fiction,27.0,,,,
XIII Trilogy : Jones - Tome 3 - La Danse du soleil,https://www.amazon.fr/XIII-Trilogy-Jones-Danse-soleil/dp/2505130744/ref=sr_1_421,"13,95 €",de Yann et TaDuc Olivier | 24 octobre 2025,Note non disponible,0 avis,Broché,https://m.media-amazon.com/images/I/81qOycK06oL._AC_UY218_.jpg,2025-09-04T08:36:04.402553,Description non disponible depuis la recherche,Stock non disponible,ISBN non disponible,Éditeur non disponible,Date non disponible,Nombre de pages non disponible,Rang de vente non disponible,Science-Fiction,27.0,,,,
Derrière la haine,https://www.amazon.fr/Derri%C3%A8re-haine-Barbara-ABEL/dp/2266239465/ref=sr_1_422,"8,10 €",Barbara Abel,"4,3 sur 5 étoiles, détails de l’évaluation",1 550,Poche,https://m.media-amazon.com/images/I/61I5NmQ+6ZL._AC_UY218_.jpg,2025-09-04T08:36:04.405916,Description non disponible depuis la recherche,Stock non disponible,ISBN non disponible,Éditeur non disponible,Date non disponible,Nombre de pages non disponible,Rang de vente non disponible,Science-Fiction,27.0,,,,
Au bout de la route (Une aventure de Jack Reacher),https://www.amazon.fr/bout-route-aventure-Jack-Reacher-ebook/dp/B0FMYRW6PQ/ref=sr_1_423,"15,99 €",Lee Child,Note non disponible,0 avis,Format Kindle,https://m.media-amazon.com/images/I/81qMomXqNKL._AC_UY218_.jpg,2025-09-04T08:36:04.408318,Description non disponible depuis la recherche,Stock non disponible,ISBN non disponible,Éditeur non disponible,Date non disponible,Nombre de pages non disponible,Rang de vente non disponible,Science-Fiction,27.0,,,,
Ne reste que la nuit,https://www.amazon.fr/reste-que-nuit-Rose-Mallai/dp/2494202272/ref=sr_1_424,"19,00 €",Rose Mallai,"4,2 sur 5 étoiles, détails de l’évaluation",122,Broché,https://m.media-amazon.com/images/I/71mDiieHCbL._AC_UY218_.jpg,2025-09-04T08:36:04.410273,Description non disponible depuis la recherche,Stock non disponible,ISBN non disponible,Éditeur non disponible,Date non disponible,Nombre de pages non disponible,Rang de vente non disponible,Science-Fiction,27.0,,,,
La mue,https://www.amazon.fr/Audible-La-mue/dp/B0DTT8D4C3/ref=sr_1_425,"0,00 €",Livres audio Audible,"4,4 sur 5 étoiles, détails de l’évaluation",430,Livres audio Audible,https://m.media-amazon.com/images/I/91BNRbZE0AL._AC_UY218_.jpg,2025-09-04T08:36:04.413527,Description non disponible depuis la recherche,Stock non disponible,ISBN non disponible,Éditeur non disponible,Date non disponible,Nombre de pages non disponible,Rang de vente non disponible,Science-Fiction,27.0,,,,
L'Ile du Diable,https://www.amazon.fr/LIle-du-Diable-Nicolas-BEUGLET/dp/2266307592/ref=sr_1_426,"8,10 €",Nicolas Beuglet,"4,4 sur 5 étoiles, détails de l’évaluation",3 061,Poche,https://m.media-amazon.com/images/I/61dOTG8xSiL._AC_UY218_.jpg,2025-09-04T08:36:04.416772,Description non disponible depuis la recherche,Stock non disponible,ISBN non disponible,Éditeur non disponible,Date non disponible,Nombre de pages non disponible,Rang de vente non disponible,Science-Fiction,27.0,,,,
Roi blanc,https://www.amazon.fr/Roi-blanc-Juan-G%C3%B3mez-Jurado/dp/226634904X/ref=sr_1_429,"9,90 €",Juan Gómez-Jurado,"4,5 sur 5 étoiles, détails de l’évaluation",1 207,Poche,https://m.media-amazon.com/images/I/61qMVkJ9CWL._AC_UY218_.jpg,2025-09-04T08:36:04.425855,Description non disponible depuis la recherche,Stock non disponible,ISBN non disponible,Éditeur non disponible,Date non disponible,Nombre de pages non disponible,Rang de vente non disponible,Science-Fiction,27.0,,,,
Pistes noires,https://www.amazon.fr/Pistes-noires-Viveca-Sten-ebook/dp/B0FDTB76CW/ref=sr_1_430,"14,99 €",de Viveca Sten et Anna Postel | 17 septembre 2025,Note non disponible,0 avis,Format Kindle,https://m.media-amazon.com/images/I/81f8BCRw58L._AC_UY218_.jpg,2025-09-04T08:36:04.428934,Description non disponible depuis la recherche,Stock non disponible,ISBN non disponible,Éditeur non disponible,Date non disponible,Nombre de pages non disponible,Rang de vente non disponible,Science-Fiction,27.0,,,,
Un avion sans elle - Prix Maison de la Presse 2012,https://www.amazon.fr/avion-sans-elle-Maison-Presse/dp/2266233890/ref=sr_1_431,"9,60 €",Michel Bussi,"4,3 sur 5 étoiles, détails de l’évaluation",5 619,Poche,https://m.media-amazon.com/images/I/71EmySHr1vL._AC_UY218_.jpg,2025-09-04T08:36:04.432228,Description non disponible depuis la recherche,Stock non disponible,ISBN non disponible,Éditeur non disponible,Date non disponible,Nombre de pages non disponible,Rang de vente non disponible,Science-Fiction,27.0,,,,
The Bucket List (Heart Players t. 1),https://www.amazon.fr/Bucket-List-Heart-Players-t-ebook/dp/B0BRKYWZKB/ref=sr_1_432,"19,90 €",Alice DesMerveilles,"4,6 sur 5 étoiles, détails de l’évaluation",2 724,Format Kindle,https://m.media-amazon.com/images/I/81fdb-v3qzL._AC_UY218_.jpg,2025-09-04T08:36:04.435021,Description non disponible depuis la recherche,Stock non disponible,ISBN non disponible,Éditeur non disponible,Date non disponible,Nombre de pages non disponible,Rang de vente non disponible,Science-Fiction,27.0,,,,
Le préjudice d'Heather V. (Thriller),https://www.amazon.fr/pr%C3%A9judice-dHeather-V-Thriller-ebook/dp/B0F5HKZXCQ/ref=sr_1_433,"9,99 €",T.M. Logan,"4,5 sur 5 étoiles, détails de l’évaluation",2,Format Kindle,https://m.media-amazon.com/images/I/81EWRIhODkL._AC_UY218_.jpg,2025-09-04T08:36:04.437474,Description non disponible depuis la recherche,Stock non disponible,ISBN non disponible,Éditeur non disponible,Date non disponible,Nombre de pages non disponible,Rang de vente non disponible,Science-Fiction,27.0,,,,
SNIPER (Soldats d'Elite t.6),https://www.amazon.fr/SNIPER-Soldats-dElite-Audrey-Martinez-ebook/dp/B0FKHK4SK7/ref=sr_1_434,"16,00 €",Audrey Martinez,"4,7 sur 5 étoiles, détails de l’évaluation",185,Format Kindle,https://m.media-amazon.com/images/I/81Y+zdsNE7L._AC_UY218_.jpg,2025-09-04T08:36:04.439925,Description non disponible depuis la recherche,Stock non disponible,ISBN non disponible,Éditeur non disponible,Date non disponible,Nombre de pages non disponible,Rang de vente non disponible,Science-Fiction,27.0,,,,
Pas une preuve: Un polar incroyablement efficace (Les enquêtes de Jenna Alton & David Kane t. 8),https://www.amazon.fr/Pas-une-preuve-incroyablement-efficace-ebook/dp/B0F2GMJS3F/ref=sr_1_435,"5,99 €",D.K.  Hood,Note non disponible,0 avis,Format Kindle,https://m.media-amazon.com/images/I/815CHCrUzML._AC_UY218_.jpg,2025-09-04T08:36:04.441959,Description non disponible depuis la recherche,Stock non disponible,ISBN non disponible,Éditeur non disponible,Date non disponible,Nombre de pages non disponible,Rang de vente non disponible,Science-Fiction,27.0,,,,
L'accompagnante: Un thriller psychologique haletant avec un rebondissement totalement inattendu,https://www.amazon.fr/Laccompagnante-psychologique-rebondissement-totalement-inattendu-ebook/dp/B0F89KKLN1/ref=sr_1_436,"14,76 €",Jo Crow,"4,3 sur 5 étoiles, détails de l’évaluation",390,Format Kindle,https://m.media-amazon.com/images/I/71dS-XI7YFL._AC_UY218_.jpg,2025-09-04T08:36:04.443947,Description non disponible depuis la recherche,Stock non disponible,ISBN non disponible,Éditeur non disponible,Date non disponible,Nombre de pages non disponible,Rang de vente non disponible,Science-Fiction,27.0,,,,
Une cachette mystérieuse (Un thriller du FBI de Lauren Lamb — tome 5),https://www.amazon.fr/cachette-myst%C3%A9rieuse-thriller-Lauren-Lamb-ebook/dp/B0FNXFCC7G/ref=sr_1_435,"4,99 €",Kate Bold,Note non disponible,0 avis,Format Kindle,https://m.media-amazon.com/images/I/81F5W5wB9oL._AC_UY218_.jpg,2025-09-04T08:36:14.276624,Description non disponible depuis la recherche,Stock non disponible,ISBN non disponible,Éditeur non disponible,Date non disponible,Nombre de pages non disponible,Rang de vente non disponible,Science-Fiction,28.0,,,,
Affaire Classée: une enquête de l'horloger (thriller policier),https://www.amazon.fr/Affaire-Class%C3%A9e-lhorloger-thriller-policier-ebook/dp/B0CW1DWGJD/ref=sr_1_436,"19,90 €",Pierre Schreiber,"4,6 sur 5 étoiles, détails de l’évaluation",2 383,Format Kindle,https://m.media-amazon.com/images/I/819lFOBewpL._AC_UY218_.jpg,2025-09-04T08:36:14.278802,Description non disponible depuis la recherche,Stock non disponible,ISBN non disponible,Éditeur non disponible,Date non disponible,Nombre de pages non disponible,Rang de vente non disponible,Science-Fiction,28.0,,,,
Baignades,https://www.amazon.fr/Baignades-Andr%C3%A9e-Michaud-ebook/dp/B0DKPKMCPH/ref=sr_1_437,"13,99 €",de Andrée A. Michaud | 5 novembre 2024,"3,9 sur 5 étoiles, détails de l’évaluation",171,Format Kindle,https://m.media-amazon.com/images/I/91CcuI2zIOL._AC_UY218_.jpg,2025-09-04T08:36:14.281784,Description non disponible depuis la recherche,Stock non disponible,ISBN non disponible,Éditeur non disponible,Date non disponible,Nombre de pages non disponible,Rang de vente non disponible,Science-Fiction,28.0,,,,
Les Jeunes Noyées: Un thriller absolument renversant (Les enquêtes de l'inspectrice Josie Quinn t. 13),https://www.amazon.fr/Jeunes-Noy%C3%A9es-absolument-renversant-linspectrice-ebook/dp/B0F79LCPPQ/ref=sr_1_438,"4,99 €",de Lisa Regan et Marion McGuinness | 21 octobre 2025,Note non disponible,0 avis,Format Kindle,https://m.media-amazon.com/images/I/81vHoUYqD8L._AC_UY218_.jpg,2025-09-04T08:36:14.283840,Description non disponible depuis la recherche,Stock non disponible,ISBN non disponible,Éditeur non disponible,Date non disponible,Nombre de pages non disponible,Rang de vente non disponible,Science-Fiction,28.0,,,,
Things Fall Apart: A Novel,https://www.amazon.fr/Things-Fall-Apart-Chinua-Achebe/dp/0385474547/ref=sr_1_439,"11,49 €",Chinua Achebe,"4,4 sur 5 étoiles, détails de l’évaluation",13 719,Broché,https://m.media-amazon.com/images/I/91NtvTU0xEL._AC_UY218_.jpg,2025-09-04T08:36:14.287556,Description non disponible depuis la recherche,Stock non disponible,ISBN non disponible,Éditeur non disponible,Date non disponible,Nombre de pages non disponible,Rang de vente non disponible,Science-Fiction,28.0,,,,
Sunrise on the Reaping,https://www.amazon.fr/Sunrise-Reaping-Suzanne-Collins/dp/070234057X/ref=sr_1_440,"24,22 €",Suzanne Collins,"4,7 sur 5 étoiles, détails de l’évaluation",71 660,Relié,https://m.media-amazon.com/images/I/71mC7kMhg6L._AC_UY218_.jpg,2025-09-04T08:36:14.291036,Description non disponible depuis la recherche,Stock non disponible,ISBN non disponible,Éditeur non disponible,Date non disponible,Nombre de pages non disponible,Rang de vente non disponible,Science-Fiction,28.0,,,,
Les enquêtes de l'inspecteur Higgins - Tome 57 Le yoga de l'assassin,https://www.amazon.fr/enqu%C3%AAtes-linspecteur-Higgins-yoga-lassassin/dp/2374489183/ref=sr_1_441,"14,90 €",Christian Jacq,"4,6 sur 5 étoiles, détails de l’évaluation",124,Broché,https://m.media-amazon.com/images/I/61VBvXjenBL._AC_UY218_.jpg,2025-09-04T08:36:14.293589,Description non disponible depuis la recherche,Stock non disponible,ISBN non disponible,Éditeur non disponible,Date non disponible,Nombre de pages non disponible,Rang de vente non disponible,Science-Fiction,28.0,,,,
Les Manuscrits perdus,https://www.amazon.fr/Manuscrits-perdus-Steve-Berry-ebook/dp/B0DVBB4X6D/ref=sr_1_442,"15,99 €",Steve Berry,"4,4 sur 5 étoiles, détails de l’évaluation",72,Format Kindle,https://m.media-amazon.com/images/I/81qiUZL4nSL._AC_UY218_.jpg,2025-09-04T08:36:14.296103,Description non disponible depuis la recherche,Stock non disponible,ISBN non disponible,Éditeur non disponible,Date non disponible,Nombre de pages non disponible,Rang de vente non disponible,Science-Fiction,28.0,,,,
"Je suis Olivia : Thriller psychologique noir — Huis clos, paranoïa, obsession amoureuse (Collection ""Thriller Familial Noir"")",https://www.amazon.fr/suis-Olivia-psychologique-obsession-Collection-ebook/dp/B0F8874FV2/ref=sr_1_445,"17,92 €",Emma De Luca,"4,2 sur 5 étoiles, détails de l’évaluation",592,Format Kindle,https://m.media-amazon.com/images/I/71H70a7ZgFL._AC_UY218_.jpg,2025-09-04T08:36:14.304269,Description non disponible depuis la recherche,Stock non disponible,ISBN non disponible,Éditeur non disponible,Date non disponible,Nombre de pages non disponible,Rang de vente non disponible,Science-Fiction,28.0,,,,
Je reviens te chercher,https://www.amazon.fr/Je-reviens-chercher-Guillaume-Musso-ebook/dp/B078QYD4LB/ref=sr_1_446,"7,99 €",Guillaume Musso,"4,2 sur 5 étoiles, détails de l’évaluation",4 598,Format Kindle,https://m.media-amazon.com/images/I/81LyYWZi0nL._AC_UY218_.jpg,2025-09-04T08:36:14.307796,Description non disponible depuis la recherche,Stock non disponible,ISBN non disponible,Éditeur non disponible,Date non disponible,Nombre de pages non disponible,Rang de vente non disponible,Science-Fiction,28.0,,,,
Le jeu des menteurs,https://www.amazon.fr/jeu-menteurs-Anita-Rigins/dp/2755681136/ref=sr_1_447,"8,90 €",Anita Rigins,"4,7 sur 5 étoiles, détails de l’évaluation",553,Poche,https://m.media-amazon.com/images/I/71yHBN7Iy4L._AC_UY218_.jpg,2025-09-04T08:36:14.311049,Description non disponible depuis la recherche,Stock non disponible,ISBN non disponible,Éditeur non disponible,Date non disponible,Nombre de pages non disponible,Rang de vente non disponible,Science-Fiction,28.0,,,,
Les P'tites Poules - Album collector (Tomes 01 à 04) (01),https://www.amazon.fr/Ptites-Poules-Album-collector-Tomes/dp/2266177052/ref=sr_1_448,"15,10 €",Christian Jolibois,"4,9 sur 5 étoiles, détails de l’évaluation",758,Relié,https://m.media-amazon.com/images/I/71P-Zf7X7hL._AC_UY218_.jpg,2025-09-04T08:36:14.313157,Description non disponible depuis la recherche,Stock non disponible,ISBN non disponible,Éditeur non disponible,Date non disponible,Nombre de pages non disponible,Rang de vente non disponible,Science-Fiction,28.0,,,,
Le Chant du silence,https://www.amazon.fr/Chant-du-silence-J%C3%A9r%C3%B4me-Loubry/dp/2253245666/ref=sr_1_449,"9,40 €",Jérôme Loubry,"4,3 sur 5 étoiles, détails de l’évaluation",3 796,Poche,https://m.media-amazon.com/images/I/71nxeM-HItL._AC_UY218_.jpg,2025-09-04T08:36:14.315976,Description non disponible depuis la recherche,Stock non disponible,ISBN non disponible,Éditeur non disponible,Date non disponible,Nombre de pages non disponible,Rang de vente non disponible,Science-Fiction,28.0,,,,
Mort de peur (Les enquêtes de Détective Kay Hunter t. 1),https://www.amazon.fr/Mort-peur-enqu%C3%AAtes-D%C3%A9tective-Hunter-ebook/dp/B0DTRWZLCD/ref=sr_1_450,"0,99 €",Rachel Amphlett,"4,2 sur 5 étoiles, détails de l’évaluation",842,Format Kindle,https://m.media-amazon.com/images/I/819kUzAmm5L._AC_UY218_.jpg,2025-09-04T08:36:14.318616,Description non disponible depuis la recherche,Stock non disponible,ISBN non disponible,Éditeur non disponible,Date non disponible,Nombre de pages non disponible,Rang de vente non disponible,Science-Fiction,28.0,,,,
La Condamnation des vivants,https://www.amazon.fr/Condamnation-vivants-Marco-Franchi-ebook/dp/B0F17KC4NG/ref=sr_1_451,"14,99 €",Marco De Franchi,"4,2 sur 5 étoiles, détails de l’évaluation",70,Format Kindle,https://m.media-amazon.com/images/I/81xPKRHqefL._AC_UY218_.jpg,2025-09-04T08:36:14.321188,Description non disponible depuis la recherche,Stock non disponible,ISBN non disponible,Éditeur non disponible,Date non disponible,Nombre de pages non disponible,Rang de vente non disponible,Science-Fiction,28.0,,,,
Le Medium (Suspense et Sentiments),https://www.amazon.fr/Medium-suspense-Julia-Salvador-ebook/dp/B08J448KKT/ref=sr_1_452,"7,99 €",Julia Salvador,"4,4 sur 5 étoiles, détails de l’évaluation",5 904,Format Kindle,https://m.media-amazon.com/images/I/91Amo0wuRJL._AC_UY218_.jpg,2025-09-04T08:36:14.323660,Description non disponible depuis la recherche,Stock non disponible,ISBN non disponible,Éditeur non disponible,Date non disponible,Nombre de pages non disponible,Rang de vente non disponible,Science-Fiction,28.0,,,,
"669 (La Saga du soleil Noir, Tome 5)",https://www.amazon.fr/Saga-soleil-Noir-Eric-Giacometti/dp/B0BVQD6WDS/ref=sr_1_451,"9,90 €",Jacques Ravenne,"4,6 sur 5 étoiles, détails de l’évaluation",1 499,Poche,https://m.media-amazon.com/images/I/71ZLJiURBZL._AC_UY218_.jpg,2025-09-04T08:36:27.375333,Description non disponible depuis la recherche,Stock non disponible,ISBN non disponible,Éditeur non disponible,Date non disponible,Nombre de pages non disponible,Rang de vente non disponible,Science-Fiction,29.0,,,,
La Formule de Dieu,https://www.amazon.fr/formule-Dieu-Jos%C3%A9-Rodrigues-SANTOS/dp/2266236563/ref=sr_1_452,"10,70 €",José Rodrigues Dos Santos,"4,4 sur 5 étoiles, détails de l’évaluation",2 409,Poche,https://m.media-amazon.com/images/I/61UOFVbQeUL._AC_UY218_.jpg,2025-09-04T08:36:27.378243,Description non disponible depuis la recherche,Stock non disponible,ISBN non disponible,Éditeur non disponible,Date non disponible,Nombre de pages non disponible,Rang de vente non disponible,Science-Fiction,29.0,,,,
Cataclysmes - Nouveauté James Rollins 2025 - Le grand retour du maître du roman d'aventures - Une aventure de la Sigma Force (Fleuve noir),https://www.amazon.fr/Cataclysmes-Nouveaut%C3%A9-Rollins-daventures-aventure-ebook/dp/B0DT4YH4C1/ref=sr_1_453,"14,99 €",James Rollins,"4,4 sur 5 étoiles, détails de l’évaluation",176,Format Kindle,https://m.media-amazon.com/images/I/81haM5X9MtL._AC_UY218_.jpg,2025-09-04T08:36:27.381367,Description non disponible depuis la recherche,Stock non disponible,ISBN non disponible,Éditeur non disponible,Date non disponible,Nombre de pages non disponible,Rang de vente non disponible,Science-Fiction,29.0,,,,
Le Nid du coucou,https://www.amazon.fr/Nid-du-coucou-Camilla-L%C3%A4ckberg-ebook/dp/B0D1YJ646X/ref=sr_1_454,"14,99 €",Camilla Läckberg,"4,4 sur 5 étoiles, détails de l’évaluation",2 521,Format Kindle,https://m.media-amazon.com/images/I/71SBeIeZYbL._AC_UY218_.jpg,2025-09-04T08:36:27.384565,Description non disponible depuis la recherche,Stock non disponible,ISBN non disponible,Éditeur non disponible,Date non disponible,Nombre de pages non disponible,Rang de vente non disponible,Science-Fiction,29.0,,,,
Vendanges mortelles à Pornic. Une enquête du commissaire Dupin : une série diffusée sur France TV,https://www.amazon.fr/Vendanges-mortelles-Pornic-enqu%C3%AAte-commissaire/dp/225820836X/ref=sr_1_455,"22,00 €",Jean-Luc Bannalec,"4,3 sur 5 étoiles, détails de l’évaluation",87,Broché,https://m.media-amazon.com/images/I/61Fhye2HK9L._AC_UY218_.jpg,2025-09-04T08:36:27.387257,Description non disponible depuis la recherche,Stock non disponible,ISBN non disponible,Éditeur non disponible,Date non disponible,Nombre de pages non disponible,Rang de vente non disponible,Science-Fiction,29.0,,,,
JELANI,https://www.amazon.fr/JELANI-J%C3%A9ly/dp/B0DV3WQDQ7/ref=sr_1_456,"24,00 €",de Jély | 25 janvier 2025,"5,0 sur 5 étoiles, détails de l’évaluation",37,Relié,https://m.media-amazon.com/images/I/61gILdjo1IL._AC_UY218_.jpg,2025-09-04T08:36:27.390330,Description non disponible depuis la recherche,Stock non disponible,ISBN non disponible,Éditeur non disponible,Date non disponible,Nombre de pages non disponible,Rang de vente non disponible,Science-Fiction,29.0,,,,
Soeurs,https://www.amazon.fr/S%C5%93urs-Bernard-MINIER/dp/2266291890/ref=sr_1_457,"9,60 €",Bernard Minier,"4,3 sur 5 étoiles, détails de l’évaluation",5 999,Poche,https://m.media-amazon.com/images/I/61tgDageGCL._AC_UY218_.jpg,2025-09-04T08:36:27.393647,Description non disponible depuis la recherche,Stock non disponible,ISBN non disponible,Éditeur non disponible,Date non disponible,Nombre de pages non disponible,Rang de vente non disponible,Science-Fiction,29.0,,,,
Parce que je t'aime,https://www.amazon.fr/Parce-que-taime-Guillaume-MUSSO/dp/2266276204/ref=sr_1_458,"9,30 €",Guillaume Musso,"4,5 sur 5 étoiles, détails de l’évaluation",7 969,Poche,https://m.media-amazon.com/images/I/61CuakvL2VL._AC_UY218_.jpg,2025-09-04T08:36:27.397055,Description non disponible depuis la recherche,Stock non disponible,ISBN non disponible,Éditeur non disponible,Date non disponible,Nombre de pages non disponible,Rang de vente non disponible,Science-Fiction,29.0,,,,
"Abysses: Abysses, Tome 1",https://www.amazon.fr/Audible-Abysses-Tome-1/dp/B0F7LTSSRY/ref=sr_1_461,"0,00 €",Livres audio Audible,"4,7 sur 5 étoiles, détails de l’évaluation",97,Livres audio Audible,https://m.media-amazon.com/images/I/91QqbuP33fL._AC_UY218_.jpg,2025-09-04T08:36:27.406937,Description non disponible depuis la recherche,Stock non disponible,ISBN non disponible,Éditeur non disponible,Date non disponible,Nombre de pages non disponible,Rang de vente non disponible,Science-Fiction,29.0,,,,
Chained,https://www.amazon.fr/Chained-Dune-Serra/dp/2487986034/ref=sr_1_462,"19,90 €",Dune Serra,"4,3 sur 5 étoiles, détails de l’évaluation",63,Broché,https://m.media-amazon.com/images/I/61fUb4UPK1L._AC_UY218_.jpg,2025-09-04T08:36:27.409571,Description non disponible depuis la recherche,Stock non disponible,ISBN non disponible,Éditeur non disponible,Date non disponible,Nombre de pages non disponible,Rang de vente non disponible,Science-Fiction,29.0,,,,
Les Poupées,https://www.amazon.fr/Poup%C3%A9es-Alexis-Laipsker/dp/2266331310/ref=sr_1_463,"9,00 €",Alexis Laipsker,"4,5 sur 5 étoiles, détails de l’évaluation",1 116,Poche,https://m.media-amazon.com/images/I/71WiCfZVdxL._AC_UY218_.jpg,2025-09-04T08:36:27.412879,Description non disponible depuis la recherche,Stock non disponible,ISBN non disponible,Éditeur non disponible,Date non disponible,Nombre de pages non disponible,Rang de vente non disponible,Science-Fiction,29.0,,,,
Le Meurtre de Roger Ackroyd,https://www.amazon.fr/Le-Meurtre-de-Roger-Ackroyd/dp/B01M1EFDJU/ref=sr_1_464,"0,00 €",Livres audio Audible,"4,4 sur 5 étoiles, détails de l’évaluation",1 794,Livres audio Audible,https://m.media-amazon.com/images/I/91kMWnH79EL._AC_UY218_.jpg,2025-09-04T08:36:27.416180,Description non disponible depuis la recherche,Stock non disponible,ISBN non disponible,Éditeur non disponible,Date non disponible,Nombre de pages non disponible,Rang de vente non disponible,Science-Fiction,29.0,,,,
Memento mori (dark romance),https://www.amazon.fr/Memento-mori-dark-romance-Heli-ebook/dp/B0FNMG4LPQ/ref=sr_1_465,"4,99 €",de Heli Eny et Lily Degaigne | 5 septembre 2025,Note non disponible,0 avis,Format Kindle,https://m.media-amazon.com/images/I/91uyTGVvxqL._AC_UY218_.jpg,2025-09-04T08:36:27.420175,Description non disponible depuis la recherche,Stock non disponible,ISBN non disponible,Éditeur non disponible,Date non disponible,Nombre de pages non disponible,Rang de vente non disponible,Science-Fiction,29.0,,,,
Le Tueur d’à côté 2: Un thriller psychologique implacable (Le Tueur d'à côté),https://www.amazon.fr/Tueur-d%C3%A0-c%C3%B4t%C3%A9-psychologique-implacable-ebook/dp/B0FKCWXWQN/ref=sr_1_466,"0,89 €",Olivier LLAMBI,"4,1 sur 5 étoiles, détails de l’évaluation",37,Format Kindle,https://m.media-amazon.com/images/I/81ja-51pUNL._AC_UY218_.jpg,2025-09-04T08:36:27.421884,Description non disponible depuis la recherche,Stock non disponible,ISBN non disponible,Éditeur non disponible,Date non disponible,Nombre de pages non disponible,Rang de vente non disponible,Science-Fiction,29.0,,,,
The Man Who Died Twice: The second novel in the multi-million copy bestselling murder mystery series (The Thursday Murder Club Book 2) (English Edition),https://www.amazon.fr/Man-Who-Died-Twice-multi-million-ebook/dp/B08GS1BT6T/ref=sr_1_467,"8,99 €",Richard Osman,"4,6 sur 5 étoiles, détails de l’évaluation",101 181,Format Kindle,https://m.media-amazon.com/images/I/71C+HjUCoFL._AC_UY218_.jpg,2025-09-04T08:36:27.425209,Description non disponible depuis la recherche,Stock non disponible,ISBN non disponible,Éditeur non disponible,Date non disponible,Nombre de pages non disponible,Rang de vente non disponible,Science-Fiction,29.0,,,,
Voici demain : Le nouveau thriller événement de Valentin Musso – Nouveauté 2025 (Roman),https://www.amazon.fr/Voici-demain-thriller-%C3%A9v%C3%A9nement-Nouveaut%C3%A9-ebook/dp/B0DZKLTDG5/ref=sr_1_468,"14,99 €",Valentin Musso,"4,0 sur 5 étoiles, détails de l’évaluation",222,Format Kindle,https://m.media-amazon.com/images/I/71IyjF7ff5L._AC_UY218_.jpg,2025-09-04T08:36:27.428323,Description non disponible depuis la recherche,Stock non disponible,ISBN non disponible,Éditeur non disponible,Date non disponible,Nombre de pages non disponible,Rang de vente non disponible,Science-Fiction,29.0,,,,
Le complot du mimosa: cosy mystery à l'Oléronaise,https://www.amazon.fr/complot-mimosa-cosy-mystery-lOl%C3%A9ronaise/dp/B0D98JQJGG/ref=sr_1_467,"11,90 €",Agnès de Bonneville,"4,2 sur 5 étoiles, détails de l’évaluation",347,Broché,https://m.media-amazon.com/images/I/71SxDK9xkbL._AC_UY218_.jpg,2025-09-04T08:36:38.898741,Description non disponible depuis la recherche,Stock non disponible,ISBN non disponible,Éditeur non disponible,Date non disponible,Nombre de pages non disponible,Rang de vente non disponible,Science-Fiction,30.0,,,,
Nulle part où revenir,https://www.amazon.fr/Nulle-part-revenir-Henry-Wise-ebook/dp/B0F4RYS4Z5/ref=sr_1_468,"15,99 €",Henry Wise,"4,4 sur 5 étoiles, détails de l’évaluation",3,Format Kindle,https://m.media-amazon.com/images/I/819a3LAtI2L._AC_UY218_.jpg,2025-09-04T08:36:38.901158,Description non disponible depuis la recherche,Stock non disponible,ISBN non disponible,Éditeur non disponible,Date non disponible,Nombre de pages non disponible,Rang de vente non disponible,Science-Fiction,30.0,,,,
Harry Dickson - Tome 3 - Le Vampire aux yeux rouges,https://www.amazon.fr/Harry-Dickson-Vampire-yeux-rouges/dp/2808507704/ref=sr_1_469,"15,95 €","de Vergari Luana, Headline Doug, et al. | 29 août 2025",Note non disponible,0 avis,Relié,https://m.media-amazon.com/images/I/81WaFzcRHOL._AC_UY218_.jpg,2025-09-04T08:36:38.904820,Description non disponible depuis la recherche,Stock non disponible,ISBN non disponible,Éditeur non disponible,Date non disponible,Nombre de pages non disponible,Rang de vente non disponible,Science-Fiction,30.0,,,,
The Teacher: A Psychological Thriller (English Edition),https://www.amazon.fr/Teacher-Psychological-Thriller-English-ebook/dp/B0CGWBB9XG/ref=sr_1_470,"16,64 €",Freida McFadden,"4,3 sur 5 étoiles, détails de l’évaluation",219 618,Format Kindle,https://m.media-amazon.com/images/I/81u6ROdRgkL._AC_UY218_.jpg,2025-09-04T08:36:38.907673,Description non disponible depuis la recherche,Stock non disponible,ISBN non disponible,Éditeur non disponible,Date non disponible,Nombre de pages non disponible,Rang de vente non disponible,Science-Fiction,30.0,,,,
N'éteins pas la lumière,https://www.amazon.fr/N%C3%A9teins-pas-lumi%C3%A8re-Bernard-Minier/dp/226625510X/ref=sr_1_471,"10,30 €",Bernard Minier,"4,4 sur 5 étoiles, détails de l’évaluation",4 007,Poche,https://m.media-amazon.com/images/I/71DDbOL1HVL._AC_UY218_.jpg,2025-09-04T08:36:38.910940,Description non disponible depuis la recherche,Stock non disponible,ISBN non disponible,Éditeur non disponible,Date non disponible,Nombre de pages non disponible,Rang de vente non disponible,Science-Fiction,30.0,,,,
Hurlements,https://www.amazon.fr/Hurlements-Alexis-Laipsker/dp/2266338862/ref=sr_1_472,"9,00 €",Alexis Laipsker,"4,6 sur 5 étoiles, détails de l’évaluation",796,Poche,https://m.media-amazon.com/images/I/61cPzi7laRL._AC_UY218_.jpg,2025-09-04T08:36:38.914188,Description non disponible depuis la recherche,Stock non disponible,ISBN non disponible,Éditeur non disponible,Date non disponible,Nombre de pages non disponible,Rang de vente non disponible,Science-Fiction,30.0,,,,
De colère et d'amour: Inspiré d'une histoire vraie (tome 1),https://www.amazon.fr/col%C3%A8re-damour-Inspir%C3%A9-histoire-vraie/dp/2487903007/ref=sr_1_473,"19,90 €",Jeanne YLISS,"4,6 sur 5 étoiles, détails de l’évaluation",163,Broché,https://m.media-amazon.com/images/I/61hnFWxyLrL._AC_UY218_.jpg,2025-09-04T08:36:38.916694,Description non disponible depuis la recherche,Stock non disponible,ISBN non disponible,Éditeur non disponible,Date non disponible,Nombre de pages non disponible,Rang de vente non disponible,Science-Fiction,30.0,,,,
"The Silent Patient: The record-breaking, multimillion copy Sunday Times bestselling thriller and TikTok sensation",https://www.amazon.fr/Silent-Patient-Alex-Michaelides/dp/1409181634/ref=sr_1_474,"10,50 €",Alex Michaelides,"4,2 sur 5 étoiles, détails de l’évaluation",362 882,Broché,https://m.media-amazon.com/images/I/81JJPDNlxSL._AC_UY218_.jpg,2025-09-04T08:36:38.920899,Description non disponible depuis la recherche,Stock non disponible,ISBN non disponible,Éditeur non disponible,Date non disponible,Nombre de pages non disponible,Rang de vente non disponible,Science-Fiction,30.0,,,,
Rêver,https://www.amazon.fr/R%C3%AAver-Franck-THILLIEZ/dp/2266276549/ref=sr_1_477,"9,90 €",Franck Thilliez,"4,4 sur 5 étoiles, détails de l’évaluation",3 008,Poche,https://m.media-amazon.com/images/I/61uJTLq94VL._AC_UY218_.jpg,2025-09-04T08:36:38.930236,Description non disponible depuis la recherche,Stock non disponible,ISBN non disponible,Éditeur non disponible,Date non disponible,Nombre de pages non disponible,Rang de vente non disponible,Science-Fiction,30.0,,,,
"Résurrection (La Saga du Soleil Noir, Tome 4)",https://www.amazon.fr/R%C3%A9surrection-Saga-Soleil-Noir-Giacometti/dp/2253079367/ref=sr_1_478,"9,90 €",Éric Giacometti,"4,6 sur 5 étoiles, détails de l’évaluation",1 754,Poche,https://m.media-amazon.com/images/I/71JzboRkAsL._AC_UY218_.jpg,2025-09-04T08:36:38.933695,Description non disponible depuis la recherche,Stock non disponible,ISBN non disponible,Éditeur non disponible,Date non disponible,Nombre de pages non disponible,Rang de vente non disponible,Science-Fiction,30.0,,,,
La Tante d'Amérique: cosy mystery à l'Oléronaise,https://www.amazon.fr/Tante-dAm%C3%A9rique-cosy-mystery-lOl%C3%A9ronaise/dp/B0DBMM3SG2/ref=sr_1_479,"11,90 €",Agnès de Bonneville,"4,4 sur 5 étoiles, détails de l’évaluation",377,Broché,https://m.media-amazon.com/images/I/71Put8-FmJL._AC_UY218_.jpg,2025-09-04T08:36:38.935973,Description non disponible depuis la recherche,Stock non disponible,ISBN non disponible,Éditeur non disponible,Date non disponible,Nombre de pages non disponible,Rang de vente non disponible,Science-Fiction,30.0,,,,
"Par Deux fois tu mourras (Les Francs Royaumes, Tome 1)",https://www.amazon.fr/Deux-fois-mourras-Francs-Royaumes/dp/225324385X/ref=sr_1_480,"9,90 €",Éric Fouassier,"4,8 sur 5 étoiles, détails de l’évaluation",53,Poche,https://m.media-amazon.com/images/I/81UGW6blriL._AC_UY218_.jpg,2025-09-04T08:36:38.938583,Description non disponible depuis la recherche,Stock non disponible,ISBN non disponible,Éditeur non disponible,Date non disponible,Nombre de pages non disponible,Rang de vente non disponible,Science-Fiction,30.0,,,,
Coulisses mortelles: une enquête de l'horloger (thriller policier),https://www.amazon.fr/Coulisses-mortelles-lhorloger-thriller-policier-ebook/dp/B0BN6QQ6L5/ref=sr_1_481,"19,90 €",Pierre Schreiber,"4,3 sur 5 étoiles, détails de l’évaluation",4 548,Format Kindle,https://m.media-amazon.com/images/I/919XpudEg9L._AC_UY218_.jpg,2025-09-04T08:36:38.940731,Description non disponible depuis la recherche,Stock non disponible,ISBN non disponible,Éditeur non disponible,Date non disponible,Nombre de pages non disponible,Rang de vente non disponible,Science-Fiction,30.0,,,,
"La Relique du chaos (La Saga Soleil noir, Tome 3)",https://www.amazon.fr/Relique-chaos-Saga-Soleil-noir/dp/2253258261/ref=sr_1_482,"9,90 €",Éric Giacometti,"4,6 sur 5 étoiles, détails de l’évaluation",1 973,Poche,https://m.media-amazon.com/images/I/71D+P6nvvJL._AC_UY218_.jpg,2025-09-04T08:36:38.944239,Description non disponible depuis la recherche,Stock non disponible,ISBN non disponible,Éditeur non disponible,Date non disponible,Nombre de pages non disponible,Rang de vente non disponible,Science-Fiction,30.0,,,,
Le Cercle,https://www.amazon.fr/Cercle-Bernard-Minier-ebook/dp/B00MUYAN2Y/ref=sr_1_483,"8,99 €",Bernard Minier,"4,4 sur 5 étoiles, détails de l’évaluation",4 133,Format Kindle,https://m.media-amazon.com/images/I/A1hpQbfUooL._AC_UY218_.jpg,2025-09-04T08:36:38.947455,Description non disponible depuis la recherche,Stock non disponible,ISBN non disponible,Éditeur non disponible,Date non disponible,Nombre de pages non disponible,Rang de vente non disponible,Science-Fiction,30.0,,,,
"La Danse macabre (Lara, Tome 3)",https://www.amazon.fr/Danse-macabre-Lara-3/dp/2253103667/ref=sr_1_484,"10,90 €",Marie-Bernadette Dupuy,"4,6 sur 5 étoiles, détails de l’évaluation",1 141,Poche,https://m.media-amazon.com/images/I/71bAY0czNUL._AC_UY218_.jpg,2025-09-04T08:36:38.950760,Description non disponible depuis la recherche,Stock non disponible,ISBN non disponible,Éditeur non disponible,Date non disponible,Nombre de pages non disponible,Rang de vente non disponible,Science-Fiction,30.0,,,,
Le Serpent majuscule,https://www.amazon.fr/Serpent-majuscule-Pierre-Lemaitre-ebook/dp/B092CL3Q6Q/ref=sr_1_327,"3,99 €",Pierre Lemaitre,"4,2 sur 5 étoiles, détails de l’évaluation",5 113,Format Kindle,https://m.media-amazon.com/images/I/71IbucfbXFL._AC_UY218_.jpg,2025-09-04T18:27:39.195001,Description non disponible depuis la recherche,Stock non disponible,ISBN non disponible,Éditeur non disponible,Date non disponible,Nombre de pages non disponible,Rang de vente non disponible,Science-Fiction,21.0,,,,
Profanation: La deuxième enquête du département V,https://www.amazon.fr/Profanation-deuxi%C3%A8me-d%C3%A9partement-Jussi-Adler-Olsen-ebook/dp/B0CW1945YJ/ref=sr_1_338,"9,99 €",Jussi Adler-Olsen,"4,4 sur 5 étoiles, détails de l’évaluation",3 183,Format Kindle,https://m.media-amazon.com/images/I/81lvady5agL._AC_UY218_.jpg,2025-09-04T18:27:39.228323,Description non disponible depuis la recherche,Stock non disponible,ISBN non disponible,Éditeur non disponible,Date non disponible,Nombre de pages non disponible,Rang de vente non disponible,Science-Fiction,21.0,,,,
Ils étaient dix,https://www.amazon.fr/Ils-%C3%A9taient-dix-Agatha-Christie/dp/2253241784/ref=sr_1_342,"7,90 €",Agatha Christie,"4,7 sur 5 étoiles, détails de l’évaluation",1 562,Poche,https://m.media-amazon.com/images/I/718kfu30DGL._AC_UY218_.jpg,2025-09-04T18:27:49.047673,Description non disponible depuis la recherche,Stock non disponible,ISBN non disponible,Éditeur non disponible,Date non disponible,Nombre de pages non disponible,Rang de vente non disponible,Science-Fiction,22.0,,,,
Une si lente agonie (Presses de la Cité Noir),https://www.amazon.fr/lente-agonie-Presses-Cit%C3%A9-Noir-ebook/dp/B0FHWW4226/ref=sr_1_360,"15,99 €",de Elizabeth George et Nathalie Serval | 2 octobre 2025,Note non disponible,0 avis,Format Kindle,https://m.media-amazon.com/images/I/81WZYTxTh3L._AC_UY218_.jpg,2025-09-04T18:27:59.470240,Description non disponible depuis la recherche,Stock non disponible,ISBN non disponible,Éditeur non disponible,Date non disponible,Nombre de pages non disponible,Rang de vente non disponible,Science-Fiction,23.0,,,,
The Impossible Fortune: The new novel in the multi-million copy bestselling murder mystery series (The Thursday Murder Club) (English Edition),https://www.amazon.fr/Impossible-Fortune-multi-million-bestselling-Thursday-ebook/dp/B0DJ1TQH16/ref=sr_1_362,"14,99 €",Richard Osman,Note non disponible,0 avis,Format Kindle,https://m.media-amazon.com/images/I/71eTwnmHa3L._AC_UY218_.jpg,2025-09-04T18:27:59.477678,Description non disponible depuis la recherche,Stock non disponible,ISBN non disponible,Éditeur non disponible,Date non disponible,Nombre de pages non disponible,Rang de vente non disponible,Science-Fiction,23.0,,,,
"Bleus, Blancs, Rouges",https://www.amazon.fr/Bleus-Blancs-Rouges-Benjamin-Dierstein-ebook/dp/B0DSLSM78K/ref=sr_1_381,"8,49 €",Benjamin Dierstein,"4,2 sur 5 étoiles, détails de l’évaluation",117,Format Kindle,https://m.media-amazon.com/images/I/81Fna9RzOPL._AC_UY218_.jpg,2025-09-04T18:28:08.439448,Description non disponible depuis la recherche,Stock non disponible,ISBN non disponible,Éditeur non disponible,Date non disponible,Nombre de pages non disponible,Rang de vente non disponible,Science-Fiction,24.0,,,,
Le meurtre de Roger Ackroyd (Nouvelle traduction révisée),https://www.amazon.fr/meurtre-Ackroyd-Nouvelle-traduction-r%C3%A9vis%C3%A9e/dp/2702435831/ref=sr_1_464,"7,40 €",Agatha Christie,"4,4 sur 5 étoiles, détails de l’évaluation",1 796,Poche,https://m.media-amazon.com/images/I/71RjK5+7z6L._AC_UY218_.jpg,2025-09-04T18:28:59.608650,Description non disponible depuis la recherche,Stock non disponible,ISBN non disponible,Éditeur non disponible,Date non disponible,Nombre de pages non disponible,Rang de vente non disponible,Science-Fiction,29.0,,,,
Parfois je mens,https://www.amazon.fr/Parfois-je-mens-Alice-Feeney/dp/238122517X/ref=sr_1_643,"8,95 €",Alice Feeney,"4,0 sur 5 étoiles, détails de l’évaluation",775,Poche,https://m.media-amazon.com/images/I/416vY6QW6eL._AC_UY218_.jpg,2025-09-04T18:28:16.747668,Description non disponible depuis la recherche,Stock non disponible,ISBN non disponible,Éditeur non disponible,Date non disponible,Nombre de pages non disponible,Rang de vente non disponible,Science-Fiction,41.0,,,,
L'IMPOSSIBLE DISPARITION (WHITE FOREST t. 4),https://www.amazon.fr/FONDATION-ATLANTIDE-WHITE-FOREST-t-ebook/dp/B0D6L6XFJW/ref=sr_1_644,"3,00 €",Alexis Aubenque,"4,0 sur 5 étoiles, détails de l’évaluation",150,Format Kindle,https://m.media-amazon.com/images/I/81JzstMpw2L._AC_UY218_.jpg,2025-09-04T18:28:16.750044,Description non disponible depuis la recherche,Stock non disponible,ISBN non disponible,Éditeur non disponible,Date non disponible,Nombre de pages non disponible,Rang de vente non disponible,Science-Fiction,41.0,,,,
Broken Country: THE MOST ADDICTIVE LOVE STORY OF THE SUMMER - THE INSTANT SUNDAY TIMES & NYT BESTSELLER (English Edition),https://www.amazon.fr/Broken-Country-addictive-story-English-ebook/dp/B0DB84QKZQ/ref=sr_1_645,"10,99 €",Clare Leslie Hall,"4,5 sur 5 étoiles, détails de l’évaluation",44 345,Format Kindle,https://m.media-amazon.com/images/I/817jfSeK-DL._AC_UY218_.jpg,2025-09-04T18:28:16.753441,Description non disponible depuis la recherche,Stock non disponible,ISBN non disponible,Éditeur non disponible,Date non disponible,Nombre de pages non disponible,Rang de vente non disponible,Science-Fiction,41.0,,,,
Leurs secrets,https://www.amazon.fr/Leurs-secrets-Ang%C3%A9lina-Delcroix/dp/2755681942/ref=sr_1_646,"7,90 €",Angélina Delcroix,Note non disponible,0 avis,Broché,https://m.media-amazon.com/images/I/81ZL3JnxBoL._AC_UY218_.jpg,2025-09-04T18:28:16.756284,Description non disponible depuis la recherche,Stock non disponible,ISBN non disponible,Éditeur non disponible,Date non disponible,Nombre de pages non disponible,Rang de vente non disponible,Science-Fiction,41.0,,,,
Et avec votre esprit,https://www.amazon.fr/avec-votre-esprit-Alexis-LAIPSKER/dp/2266313908/ref=sr_1_647,"9,30 €",Alexis Laipsker,"4,4 sur 5 étoiles, détails de l’évaluation",877,Poche,https://m.media-amazon.com/images/I/71nmkm8kB3L._AC_UY218_.jpg,2025-09-04T18:28:16.759771,Description non disponible depuis la recherche,Stock non disponible,ISBN non disponible,Éditeur non disponible,Date non disponible,Nombre de pages non disponible,Rang de vente non disponible,Science-Fiction,41.0,,,,
Le Backpacker Killer,https://www.amazon.fr/traque-du-Backpacker-killer/dp/2017234680/ref=sr_1_648,"17,95 €",McSkyz,"4,7 sur 5 étoiles, détails de l’évaluation",75,Relié,https://m.media-amazon.com/images/I/81VQTGg-iCL._AC_UY218_.jpg,2025-09-04T18:28:16.763014,Description non disponible depuis la recherche,Stock non disponible,ISBN non disponible,Éditeur non disponible,Date non disponible,Nombre de pages non disponible,Rang de vente non disponible,Science-Fiction,41.0,,,,
ULURU: Le prix des étoiles,https://www.amazon.fr/ULURU-prix-%C3%A9toiles-Gabriel-Kerguelen-ebook/dp/B0FM8HX9YK/ref=sr_1_649,"19,99 €",Gabriel Kerguelen,ULURU: Le prix des étoiles,19,Format Kindle,https://m.media-amazon.com/images/I/71mh0Riq-VL._AC_UY218_.jpg,2025-09-04T18:28:16.765060,Description non disponible depuis la recherche,Stock non disponible,ISBN non disponible,Éditeur non disponible,Date non disponible,Nombre de pages non disponible,Rang de vente non disponible,Science-Fiction,41.0,,,,
XIII - Tome 29 - Moscow - Spaso House,https://www.amazon.fr/XIII-29-Moscow-Spaso-House/dp/2505124302/ref=sr_1_650,"13,95 €",de Sente Yves et Jigounov Iouri | 25 octobre 2024,"4,6 sur 5 étoiles, détails de l’évaluation",114,Broché,https://m.media-amazon.com/images/I/71cEZ5SZqLL._AC_UY218_.jpg,2025-09-04T18:28:16.768546,Description non disponible depuis la recherche,Stock non disponible,ISBN non disponible,Éditeur non disponible,Date non disponible,Nombre de pages non disponible,Rang de vente non disponible,Science-Fiction,41.0,,,,
La Princesse déchue: Mafia et Dark Romance (The Fallen t. 2),https://www.amazon.fr/Princesse-d%C3%A9chue-Mafia-Romance-Fallen-ebook/dp/B0CW1CK2S8/ref=sr_1_653,"18,98 €",Gabrielle Sands,"4,7 sur 5 étoiles, détails de l’évaluation",798,Format Kindle,https://m.media-amazon.com/images/I/81tocTYkqdL._AC_UY218_.jpg,2025-09-04T18:28:16.776748,Description non disponible depuis la recherche,Stock non disponible,ISBN non disponible,Éditeur non disponible,Date non disponible,Nombre de pages non disponible,Rang de vente non disponible,Science-Fiction,41.0,,,,
Le Bouclier des Oiselles - Tome 01 (relié collector) (01),https://www.amazon.fr/Bouclier-Oiselles-01-reli%C3%A9-collector/dp/2385661675/ref=sr_1_654,"28,90 €",Devney Perry,"5,0 sur 5 étoiles, détails de l’évaluation",1,Relié,https://m.media-amazon.com/images/I/71geREECuTL._AC_UY218_.jpg,2025-09-04T18:28:16.779491,Description non disponible depuis la recherche,Stock non disponible,ISBN non disponible,Éditeur non disponible,Date non disponible,Nombre de pages non disponible,Rang de vente non disponible,Science-Fiction,41.0,,,,
Une voisine encombrante,https://www.amazon.fr/Une-voisine-encombrante-Shari-Lapena/dp/2266323857/ref=sr_1_655,"8,40 €",Shari Lapena,"4,3 sur 5 étoiles, détails de l’évaluation",819,Poche,https://m.media-amazon.com/images/I/61ViK9FN4dL._AC_UY218_.jpg,2025-09-04T18:28:16.782651,Description non disponible depuis la recherche,Stock non disponible,ISBN non disponible,Éditeur non disponible,Date non disponible,Nombre de pages non disponible,Rang de vente non disponible,Science-Fiction,41.0,,,,
Arsène Lupin - Gentleman Cambrioleur - édition à l'occasion de la série Netflix,https://www.amazon.fr/Ars%C3%A8ne-gentleman-cambrioleur-Maurice-Leblanc/dp/2016285168/ref=sr_1_656,"14,00 €",Maurice Leblanc,"4,6 sur 5 étoiles, détails de l’évaluation",2 530,Broché,https://m.media-amazon.com/images/I/91Mlu6abp3L._AC_UY218_.jpg,2025-09-04T18:28:16.785987,Description non disponible depuis la recherche,Stock non disponible,ISBN non disponible,Éditeur non disponible,Date non disponible,Nombre de pages non disponible,Rang de vente non disponible,Science-Fiction,41.0,,,,
Penguin Readers Level 3: Sherlock Holmes Short Stories (ELT Graded Reader),https://www.amazon.fr/Penguin-Readers-Level-Sherlock-Stories/dp/0241588987/ref=sr_1_657,"9,70 €",Arthur Conan Doyle,"4,6 sur 5 étoiles, détails de l’évaluation",48,Broché,https://m.media-amazon.com/images/I/81xUs2ZqJKL._AC_UY218_.jpg,2025-09-04T18:28:16.788844,Description non disponible depuis la recherche,Stock non disponible,ISBN non disponible,Éditeur non disponible,Date non disponible,Nombre de pages non disponible,Rang de vente non disponible,Science-Fiction,41.0,,,,
Sombres cœurs: Un thriller palpitant impossible à lâcher (Les Enquêtes de l'Agent Spécial Beth Katz t. 3),https://www.amazon.fr/Sombres-c%C5%93urs-thriller-palpitant-impossible-ebook/dp/B0D54BVXRR/ref=sr_1_658,"10,99 €",D.K.  Hood,"4,4 sur 5 étoiles, détails de l’évaluation",1 316,Format Kindle,https://m.media-amazon.com/images/I/810Ic4XmekL._AC_UY218_.jpg,2025-09-04T18:28:16.791001,Description non disponible depuis la recherche,Stock non disponible,ISBN non disponible,Éditeur non disponible,Date non disponible,Nombre de pages non disponible,Rang de vente non disponible,Science-Fiction,41.0,,,,
Ici et maintenant,https://www.amazon.fr/Ici-maintenant-Liane-Moriarty-ebook/dp/B0DRF25MVJ/ref=sr_1_659,"15,99 €",Liane Moriarty,"4,2 sur 5 étoiles, détails de l’évaluation",469,Format Kindle,https://m.media-amazon.com/images/I/71CP5r1OKwL._AC_UY218_.jpg,2025-09-04T18:28:16.794356,Description non disponible depuis la recherche,Stock non disponible,ISBN non disponible,Éditeur non disponible,Date non disponible,Nombre de pages non disponible,Rang de vente non disponible,Science-Fiction,41.0,,,,
Les Héritières de Löwenhof : le secret de Mathilda,https://www.amazon.fr/H%C3%A9riti%C3%A8res-L%C3%B6wenhof-secret-Mathilda/dp/2385290286/ref=sr_1_660,"10,50 €",Corina Bomann,"4,5 sur 5 étoiles, détails de l’évaluation",1 037,Broché,https://m.media-amazon.com/images/I/81NRrjA6sJL._AC_UY218_.jpg,2025-09-04T18:28:16.797822,Description non disponible depuis la recherche,Stock non disponible,ISBN non disponible,Éditeur non disponible,Date non disponible,Nombre de pages non disponible,Rang de vente non disponible,Science-Fiction,41.0,,,,
"Les Enquêtes d'Hannah Swensen, tome 4: Meurtres et tarte au citron meringuée",https://www.amazon.fr/Enqu%C3%AAtes-dHannah-Swensen-Meurtres-meringu%C3%A9e/dp/B0CJBF1TCX/ref=sr_1_659,"6,95 €",Joanne Fluke,"4,5 sur 5 étoiles, détails de l’évaluation",530,Poche,https://m.media-amazon.com/images/I/71ZcxpWeRKL._AC_UY218_.jpg,2025-09-04T18:28:26.892051,Description non disponible depuis la recherche,Stock non disponible,ISBN non disponible,Éditeur non disponible,Date non disponible,Nombre de pages non disponible,Rang de vente non disponible,Science-Fiction,42.0,,,,
Le Royaume perdu,https://www.amazon.fr/Royaume-perdu-Eric-Giacometti/dp/2253244015/ref=sr_1_660,"9,90 €",Éric Giacometti,"4,5 sur 5 étoiles, détails de l’évaluation",1 159,Poche,https://m.media-amazon.com/images/I/810xKE21+iL._AC_UY218_.jpg,2025-09-04T18:28:26.895980,Description non disponible depuis la recherche,Stock non disponible,ISBN non disponible,Éditeur non disponible,Date non disponible,Nombre de pages non disponible,Rang de vente non disponible,Science-Fiction,42.0,,,,
Le Mystère de la maison aux trois ormes,https://www.amazon.fr/Myst%C3%A8re-maison-aux-trois-ormes/dp/2266354310/ref=sr_1_661,"9,60 €",Valentin Musso,"4,1 sur 5 étoiles, détails de l’évaluation",463,Poche,https://m.media-amazon.com/images/I/61QkQCBE4FL._AC_UY218_.jpg,2025-09-04T18:28:26.899523,Description non disponible depuis la recherche,Stock non disponible,ISBN non disponible,Éditeur non disponible,Date non disponible,Nombre de pages non disponible,Rang de vente non disponible,Science-Fiction,42.0,,,,
Les Enquêtes d'Hannah Swensen - Tome 8: Meurtres et tarte au citron vert,https://www.amazon.fr/Enqu%C3%AAtes-dHannah-Swensen-Meurtres-citron/dp/B0DH7XQY4P/ref=sr_1_662,"6,95 €",Joanne Fluke,"4,5 sur 5 étoiles, détails de l’évaluation",313,Poche,https://m.media-amazon.com/images/I/41ZJPxmpQ8L._AC_UY218_.jpg,2025-09-04T18:28:26.903149,Description non disponible depuis la recherche,Stock non disponible,ISBN non disponible,Éditeur non disponible,Date non disponible,Nombre de pages non disponible,Rang de vente non disponible,Science-Fiction,42.0,,,,
Petiote,https://www.amazon.fr/Petiote-Beno%C3%AEt-Philippon/dp/2253195375/ref=sr_1_663,"8,90 €",Benoît Philippon,"4,4 sur 5 étoiles, détails de l’évaluation",144,Poche,https://m.media-amazon.com/images/I/71Ujmqh-64L._AC_UY218_.jpg,2025-09-04T18:28:26.906460,Description non disponible depuis la recherche,Stock non disponible,ISBN non disponible,Éditeur non disponible,Date non disponible,Nombre de pages non disponible,Rang de vente non disponible,Science-Fiction,42.0,,,,
Les Légendes - Tome 2 - Blood Vipers,https://www.amazon.fr/L%C3%A9gendes-2-Blood-Vipers/dp/2226497196/ref=sr_1_664,"19,90 €",de Dahlia Blake | 17 septembre 2025,Note non disponible,0 avis,Broché,https://m.media-amazon.com/images/I/71ovlT9vdhL._AC_UY218_.jpg,2025-09-04T18:28:26.910762,Description non disponible depuis la recherche,Stock non disponible,ISBN non disponible,Éditeur non disponible,Date non disponible,Nombre de pages non disponible,Rang de vente non disponible,Science-Fiction,42.0,,,,
Un petit souvenir de toi,https://www.amazon.fr/petit-souvenir-toi-Nadine-Mousselet/dp/2266351869/ref=sr_1_665,"8,40 €",Nadine Mousselet,"4,5 sur 5 étoiles, détails de l’évaluation",27,Poche,https://m.media-amazon.com/images/I/71TaeIkMt2L._AC_UY218_.jpg,2025-09-04T18:28:26.913355,Description non disponible depuis la recherche,Stock non disponible,ISBN non disponible,Éditeur non disponible,Date non disponible,Nombre de pages non disponible,Rang de vente non disponible,Science-Fiction,42.0,,,,
Louve noire,https://www.amazon.fr/Louve-noire-Juan-G%C3%B3mez-Jurado/dp/2266340212/ref=sr_1_666,"9,90 €",Juan Gómez-Jurado,"4,4 sur 5 étoiles, détails de l’évaluation",1 536,Poche,https://m.media-amazon.com/images/I/61MssxXTi5L._AC_UY218_.jpg,2025-09-04T18:28:26.917297,Description non disponible depuis la recherche,Stock non disponible,ISBN non disponible,Éditeur non disponible,Date non disponible,Nombre de pages non disponible,Rang de vente non disponible,Science-Fiction,42.0,,,,
La volonté de vivre (Les enquêtes de Détective Kay Hunter t. 2),https://www.amazon.fr/volont%C3%A9-vivre-enqu%C3%AAtes-D%C3%A9tective-Hunter-ebook/dp/B0DTRRWJ18/ref=sr_1_669,"3,99 €",Rachel Amphlett,"4,2 sur 5 étoiles, détails de l’évaluation",354,Format Kindle,https://m.media-amazon.com/images/I/81QUFeQjsuL._AC_UY218_.jpg,2025-09-04T18:28:26.926884,Description non disponible depuis la recherche,Stock non disponible,ISBN non disponible,Éditeur non disponible,Date non disponible,Nombre de pages non disponible,Rang de vente non disponible,Science-Fiction,42.0,,,,
The Last Devil To Die: The Thursday Murder Club 4,https://www.amazon.fr/Last-Devil-Die-Thursday-Murder/dp/0241992400/ref=sr_1_670,"12,12 €",Richard Osman,"4,7 sur 5 étoiles, détails de l’évaluation",75 364,Broché,https://m.media-amazon.com/images/I/71KxJWnYxZL._AC_UY218_.jpg,2025-09-04T18:28:26.930406,Description non disponible depuis la recherche,Stock non disponible,ISBN non disponible,Éditeur non disponible,Date non disponible,Nombre de pages non disponible,Rang de vente non disponible,Science-Fiction,42.0,,,,
Le Cheptel,https://www.amazon.fr/Cheptel-C%C3%A9line-DENJEAN/dp/2266298720/ref=sr_1_671,"10,70 €",Céline Denjean,"4,5 sur 5 étoiles, détails de l’évaluation",1 354,Poche,https://m.media-amazon.com/images/I/61vflSJpsXL._AC_UY218_.jpg,2025-09-04T18:28:26.932738,Description non disponible depuis la recherche,Stock non disponible,ISBN non disponible,Éditeur non disponible,Date non disponible,Nombre de pages non disponible,Rang de vente non disponible,Science-Fiction,42.0,,,,
Les Garçons de Biloxi,https://www.amazon.fr/Audible-Les-Gar%C3%A7ons-de-Biloxi/dp/B0F29YFB3Y/ref=sr_1_672,"0,00 €",Livres audio Audible,"4,2 sur 5 étoiles, détails de l’évaluation",298,Livres audio Audible,https://m.media-amazon.com/images/I/81Qg8aBVtfL._AC_UY218_.jpg,2025-09-04T18:28:26.936001,Description non disponible depuis la recherche,Stock non disponible,ISBN non disponible,Éditeur non disponible,Date non disponible,Nombre de pages non disponible,Rang de vente non disponible,Science-Fiction,42.0,,,,
Je suis né du diable,https://www.amazon.fr/Je-suis-n%C3%A9-du-diable-ebook/dp/B0FFWP3F5D/ref=sr_1_673,"14,99 €",de Jean-Christophe Grangé | 15 octobre 2025,Note non disponible,0 avis,Format Kindle,https://m.media-amazon.com/images/I/81pberrhHpL._AC_UY218_.jpg,2025-09-04T18:28:26.939910,Description non disponible depuis la recherche,Stock non disponible,ISBN non disponible,Éditeur non disponible,Date non disponible,Nombre de pages non disponible,Rang de vente non disponible,Science-Fiction,42.0,,,,
La Petite Sirène: Les contes interdits,https://www.amazon.fr/Petite-Sir%C3%A8ne-Sylvain-Johnson/dp/2849336408/ref=sr_1_674,"14,90 €",Sylvain Johnson,"4,5 sur 5 étoiles, détails de l’évaluation",783,Broché,https://m.media-amazon.com/images/I/71DWCAf1neL._AC_UY218_.jpg,2025-09-04T18:28:26.942815,Description non disponible depuis la recherche,Stock non disponible,ISBN non disponible,Éditeur non disponible,Date non disponible,Nombre de pages non disponible,Rang de vente non disponible,Science-Fiction,42.0,,,,
À l'abri des regards: Les enquêtes de Lucas Lievens et Elise Duromain,https://www.amazon.fr/labri-regards-enqu%C3%AAtes-Lievens-Duromain/dp/B0F1TK7NRG/ref=sr_1_675,"0,00 €",Livres audio Audible,"4,5 sur 5 étoiles, détails de l’évaluation",2 895,Livres audio Audible,https://m.media-amazon.com/images/I/81VVRB3r6-L._AC_UY218_.jpg,2025-09-04T18:28:26.945843,Description non disponible depuis la recherche,Stock non disponible,ISBN non disponible,Éditeur non disponible,Date non disponible,Nombre de pages non disponible,Rang de vente non disponible,Science-Fiction,42.0,,,,
La Prisonnière du diable,https://www.amazon.fr/Prisonni%C3%A8re-du-diable-Celia-Aaron/dp/1643667122/ref=sr_1_676,"14,99 €",Celia Aaron,"4,4 sur 5 étoiles, détails de l’évaluation",423,Broché,https://m.media-amazon.com/images/I/71RkJ7VYedL._AC_UY218_.jpg,2025-09-04T18:28:26.948870,Description non disponible depuis la recherche,Stock non disponible,ISBN non disponible,Éditeur non disponible,Date non disponible,Nombre de pages non disponible,Rang de vente non disponible,Science-Fiction,42.0,,,,
Joue à mon jeu (Série de romans « 100 » - Tome 5): Une romance ennemis à amants,https://www.amazon.fr/Joue-mon-jeu-S%C3%A9rie-romans/dp/B0F7RJ38RK/ref=sr_1_675,"18,00 €",Lara Adrian,"4,6 sur 5 étoiles, détails de l’évaluation",163,Broché,https://m.media-amazon.com/images/I/51jbWEK194L._AC_UY218_.jpg,2025-09-04T18:28:35.836632,Description non disponible depuis la recherche,Stock non disponible,ISBN non disponible,Éditeur non disponible,Date non disponible,Nombre de pages non disponible,Rang de vente non disponible,Science-Fiction,43.0,,,,
AFFAIRES CRIMINELLES N°2 - La revue True Crime de McSkyz,https://www.amazon.fr/AFFAIRES-CRIMINELLES-N%C2%B02-revue-McSkyz/dp/2959343514/ref=sr_1_676,"14,90 €",de McSkyz | 13 mars 2025,"4,8 sur 5 étoiles, détails de l’évaluation",34,Broché,https://m.media-amazon.com/images/I/71KvvJxAfnL._AC_UY218_.jpg,2025-09-04T18:28:35.838966,Description non disponible depuis la recherche,Stock non disponible,ISBN non disponible,Éditeur non disponible,Date non disponible,Nombre de pages non disponible,Rang de vente non disponible,Science-Fiction,43.0,,,,
"Un amour déchu: Mafia, mariage arrangé et dark romance (The Fallen t. 4)",https://www.amazon.fr/amour-d%C3%A9chu-mariage-arrang%C3%A9-romance-ebook/dp/B0DHSZCFVF/ref=sr_1_677,"21,09 €",Gabrielle Sands,"4,7 sur 5 étoiles, détails de l’évaluation",647,Format Kindle,https://m.media-amazon.com/images/I/819dnMYVlDL._AC_UY218_.jpg,2025-09-04T18:28:35.841012,Description non disponible depuis la recherche,Stock non disponible,ISBN non disponible,Éditeur non disponible,Date non disponible,Nombre de pages non disponible,Rang de vente non disponible,Science-Fiction,43.0,,,,
Le Cercle des mensonges,https://www.amazon.fr/Cercle-mensonges-C%C3%A9line-Denjean/dp/2266321250/ref=sr_1_678,"10,30 €",Céline Denjean,"4,5 sur 5 étoiles, détails de l’évaluation",932,Poche,https://m.media-amazon.com/images/I/71oBTBwpksL._AC_UY218_.jpg,2025-09-04T18:28:35.843442,Description non disponible depuis la recherche,Stock non disponible,ISBN non disponible,Éditeur non disponible,Date non disponible,Nombre de pages non disponible,Rang de vente non disponible,Science-Fiction,43.0,,,,
"Un Chalet sous la neige (Le Mystère Soline, Tome 3)",https://www.amazon.fr/Chalet-sous-neige-Myst%C3%A8re-Soline/dp/2253938858/ref=sr_1_679,"10,40 €",Marie-Bernadette Dupuy,"4,6 sur 5 étoiles, détails de l’évaluation",1 517,Poche,https://m.media-amazon.com/images/I/7194F2RlY1L._AC_UY218_.jpg,2025-09-04T18:28:35.846846,Description non disponible depuis la recherche,Stock non disponible,ISBN non disponible,Éditeur non disponible,Date non disponible,Nombre de pages non disponible,Rang de vente non disponible,Science-Fiction,43.0,,,,
"La Fureur de Frédégonde (Les Francs Royaumes, Tome 2)",https://www.amazon.fr/Fureur-Fr%C3%A9d%C3%A9gonde-Francs-Royaumes/dp/2253243868/ref=sr_1_680,"9,70 €",Éric Fouassier,"4,3 sur 5 étoiles, détails de l’évaluation",587,Poche,https://m.media-amazon.com/images/I/71yW5tZaRUL._AC_UY218_.jpg,2025-09-04T18:28:35.850337,Description non disponible depuis la recherche,Stock non disponible,ISBN non disponible,Éditeur non disponible,Date non disponible,Nombre de pages non disponible,Rang de vente non disponible,Science-Fiction,43.0,,,,
L'Héritage du Vatican,https://www.amazon.fr/LH%C3%A9ritage-du-Vatican-Steve-Berry/dp/2749182883/ref=sr_1_681,"23,90 €",Steve Berry,Note non disponible,0 avis,Broché,https://m.media-amazon.com/images/I/61aqKHnx+lL._AC_UY218_.jpg,2025-09-04T18:28:35.853237,Description non disponible depuis la recherche,Stock non disponible,ISBN non disponible,Éditeur non disponible,Date non disponible,Nombre de pages non disponible,Rang de vente non disponible,Science-Fiction,43.0,,,,
La MAdS 1: L'énigme des templiers,https://www.amazon.fr/MAdS-1-L%C3%A9nigme-templiers/dp/B0DMDHJ4JL/ref=sr_1_682,"17,00 €",Pascal LEBLANCS,"4,4 sur 5 étoiles, détails de l’évaluation",122,Broché,https://m.media-amazon.com/images/I/81RnSWA3VDL._AC_UY218_.jpg,2025-09-04T18:28:35.855935,Description non disponible depuis la recherche,Stock non disponible,ISBN non disponible,Éditeur non disponible,Date non disponible,Nombre de pages non disponible,Rang de vente non disponible,Science-Fiction,43.0,,,,
Skidamarink,https://www.amazon.fr/Skidamarink-Guillaume-Musso/dp/2253934798/ref=sr_1_685,"9,70 €",Guillaume Musso,"4,3 sur 5 étoiles, détails de l’évaluation",6 130,Poche,https://m.media-amazon.com/images/I/61Z0KhT7QDL._AC_UY218_.jpg,2025-09-04T18:28:35.864884,Description non disponible depuis la recherche,Stock non disponible,ISBN non disponible,Éditeur non disponible,Date non disponible,Nombre de pages non disponible,Rang de vente non disponible,Science-Fiction,43.0,,,,
"Blacksad - Tome 7 - Alors, tout tombe. Seconde partie",https://www.amazon.fr/Blacksad-Alors-tombe-Seconde-partie/dp/2205085336/ref=sr_1_686,"17,95 €",de Diaz Canales Juan et Guarnido Juanjo | 3 novembre 2023,"4,8 sur 5 étoiles, détails de l’évaluation",244,Broché,https://m.media-amazon.com/images/I/81Rz1pjPZIL._AC_UY218_.jpg,2025-09-04T18:28:35.868354,Description non disponible depuis la recherche,Stock non disponible,ISBN non disponible,Éditeur non disponible,Date non disponible,Nombre de pages non disponible,Rang de vente non disponible,Science-Fiction,43.0,,,,
Mission Pixel Perdu: Une aventure Minecraft,https://www.amazon.fr/Mission-Pixel-Perdu-aventure-Minecraft/dp/B0DXNXPYGW/ref=sr_1_687,"9,31 €",Lipig Kafé,"4,6 sur 5 étoiles, détails de l’évaluation",10,Broché,https://m.media-amazon.com/images/I/71p+RGHe4tL._AC_UY218_.jpg,2025-09-04T18:28:35.870344,Description non disponible depuis la recherche,Stock non disponible,ISBN non disponible,Éditeur non disponible,Date non disponible,Nombre de pages non disponible,Rang de vente non disponible,Science-Fiction,43.0,,,,
"Et chaque fois, mourir un peu - Livre 1 Blast",https://www.amazon.fr/chaque-fois-mourir-peu-nouveaut%C3%A9/dp/2385770350/ref=sr_1_688,"22,00 €",Karine Giebel,"4,4 sur 5 étoiles, détails de l’évaluation",1 058,Broché,https://m.media-amazon.com/images/I/71oWWymhqZL._AC_UY218_.jpg,2025-09-04T18:28:35.873685,Description non disponible depuis la recherche,Stock non disponible,ISBN non disponible,Éditeur non disponible,Date non disponible,Nombre de pages non disponible,Rang de vente non disponible,Science-Fiction,43.0,,,,
À l'Orée du Bois (Les Enquêtes d'Emily Slate t. 12),https://www.amazon.fr/lOr%C3%A9e-Bois-Enqu%C3%AAtes-dEmily-Slate-ebook/dp/B0FLWRQHRF/ref=sr_1_689,"5,99 €",Alex Sigmore,Note non disponible,0 avis,Format Kindle,https://m.media-amazon.com/images/I/91uAksLkDhL._AC_UY218_.jpg,2025-09-04T18:28:35.875351,Description non disponible depuis la recherche,Stock non disponible,ISBN non disponible,Éditeur non disponible,Date non disponible,Nombre de pages non disponible,Rang de vente non disponible,Science-Fiction,43.0,,,,
Survivantes,https://www.amazon.fr/Audible-Survivantes/dp/B0DY17LWBB/ref=sr_1_690,"0,00 €",Livres audio Audible,"4,4 sur 5 étoiles, détails de l’évaluation",459,Livres audio Audible,https://m.media-amazon.com/images/I/816aJWg80EL._AC_UY218_.jpg,2025-09-04T18:28:35.878595,Description non disponible depuis la recherche,Stock non disponible,ISBN non disponible,Éditeur non disponible,Date non disponible,Nombre de pages non disponible,Rang de vente non disponible,Science-Fiction,43.0,,,,
Le Poète - édition anniversaire,https://www.amazon.fr/Po%C3%A8te-%C3%A9dition-anniversaire-Michael-Connelly-ebook/dp/B08WRMDS98/ref=sr_1_691,"9,49 €",Michael Connelly,"4,6 sur 5 étoiles, détails de l’évaluation",758,Format Kindle,https://m.media-amazon.com/images/I/81bD+G1kzFL._AC_UY218_.jpg,2025-09-04T18:28:35.882154,Description non disponible depuis la recherche,Stock non disponible,ISBN non disponible,Éditeur non disponible,Date non disponible,Nombre de pages non disponible,Rang de vente non disponible,Science-Fiction,43.0,,,,
Le Signal,https://www.amazon.fr/Le-Signal/dp/B07L427NKS/ref=sr_1_692,"0,00 €",Livres audio Audible,"4,2 sur 5 étoiles, détails de l’évaluation",4 003,Livres audio Audible,https://m.media-amazon.com/images/I/81tV9UmxPgL._AC_UY218_.jpg,2025-09-04T18:28:35.885910,Description non disponible depuis la recherche,Stock non disponible,ISBN non disponible,Éditeur non disponible,Date non disponible,Nombre de pages non disponible,Rang de vente non disponible,Science-Fiction,43.0,,,,
WESTLEY: TOME 1 La Voix :Cette Fumée NOIRE,https://www.amazon.fr/WESTLEY-Voix-Cette-Fum%C3%A9e-NOIRE/dp/B0FPD16Z8W/ref=sr_1_691,"14,90 €",de MEYANN MFG | 30 août 2025,Note non disponible,0 avis,Broché,https://m.media-amazon.com/images/I/61II-5BqITL._AC_UY218_.jpg,2025-09-04T18:28:48.217327,Description non disponible depuis la recherche,Stock non disponible,ISBN non disponible,Éditeur non disponible,Date non disponible,Nombre de pages non disponible,Rang de vente non disponible,Science-Fiction,44.0,,,,
Espionnes. Six agents secrets d'exception,https://www.amazon.fr/Espionnes-Six-agents-secrets-dexception/dp/2258207134/ref=sr_1_692,"22,00 €",Marie-Laure Buisson,"4,5 sur 5 étoiles, détails de l’évaluation",128,Broché,https://m.media-amazon.com/images/I/61Sj3dbf-CL._AC_UY218_.jpg,2025-09-04T18:28:48.220690,Description non disponible depuis la recherche,Stock non disponible,ISBN non disponible,Éditeur non disponible,Date non disponible,Nombre de pages non disponible,Rang de vente non disponible,Science-Fiction,44.0,,,,
"Tu m'appartiens : Thriller policier palpitant — Disparition, stalker, obsession malsaine, impossible à lâcher (Les enquêtes de l’inspectrice Georgina Stuart t. 2)",https://www.amazon.fr/Tu-mappartiens-stup%C3%A9fiant-saisissant-linspectrice-ebook/dp/B0DKB6GSM4/ref=sr_1_693,"17,92 €",Emma De Luca,"4,4 sur 5 étoiles, détails de l’évaluation",1 510,Format Kindle,https://m.media-amazon.com/images/I/91j-XqD6JWL._AC_UY218_.jpg,2025-09-04T18:28:48.222945,Description non disponible depuis la recherche,Stock non disponible,ISBN non disponible,Éditeur non disponible,Date non disponible,Nombre de pages non disponible,Rang de vente non disponible,Science-Fiction,44.0,,,,
Un protecteur pour Kelli,https://www.amazon.fr/protecteur-pour-Kelli-Susan-Stoker/dp/1644994836/ref=sr_1_694,"15,81 €",Susan Stoker,Note non disponible,0 avis,Broché,https://m.media-amazon.com/images/I/71vD2FTpgYL._AC_UY218_.jpg,2025-09-04T18:28:48.225197,Description non disponible depuis la recherche,Stock non disponible,ISBN non disponible,Éditeur non disponible,Date non disponible,Nombre de pages non disponible,Rang de vente non disponible,Science-Fiction,44.0,,,,
La belle au bois dormant,https://www.amazon.fr/belle-au-bois-dormant/dp/2849336688/ref=sr_1_695,"14,90 €",Louis-Pier Sicard,"4,7 sur 5 étoiles, détails de l’évaluation",180,Broché,https://m.media-amazon.com/images/I/61-GUqQeYKL._AC_UY218_.jpg,2025-09-04T18:28:48.227934,Description non disponible depuis la recherche,Stock non disponible,ISBN non disponible,Éditeur non disponible,Date non disponible,Nombre de pages non disponible,Rang de vente non disponible,Science-Fiction,44.0,,,,
Pars vite et reviens tard - Classiques et Contemporains,https://www.amazon.fr/Pars-vite-reviens-tard-Vargas/dp/2210754879/ref=sr_1_696,"6,20 €",Fred Vargas,"4,4 sur 5 étoiles, détails de l’évaluation",2 608,Poche,https://m.media-amazon.com/images/I/71N5SSUVt-L._AC_UY218_.jpg,2025-09-04T18:28:48.231676,Description non disponible depuis la recherche,Stock non disponible,ISBN non disponible,Éditeur non disponible,Date non disponible,Nombre de pages non disponible,Rang de vente non disponible,Science-Fiction,44.0,,,,
Les Enquêtes d'Hannah Swensen - Tome 7: Meurtres et cheesecake aux cerises,https://www.amazon.fr/Enqu%C3%AAtes-dHannah-Swensen-Meurtres-cheesecake/dp/B0D6R3WCGV/ref=sr_1_697,"6,95 €",Joanne Fluke,"4,6 sur 5 étoiles, détails de l’évaluation",326,Poche,https://m.media-amazon.com/images/I/41fa7P4E4QL._AC_UY218_.jpg,2025-09-04T18:28:48.235169,Description non disponible depuis la recherche,Stock non disponible,ISBN non disponible,Éditeur non disponible,Date non disponible,Nombre de pages non disponible,Rang de vente non disponible,Science-Fiction,44.0,,,,
Les Blessures du silence,https://www.amazon.fr/Blessures-du-silence-Natacha-Calestreme/dp/2253238635/ref=sr_1_698,"9,20 €",Natacha Calestreme,"4,5 sur 5 étoiles, détails de l’évaluation",3 922,Poche,https://m.media-amazon.com/images/I/71045Lm6GwL._AC_UY218_.jpg,2025-09-04T18:28:48.238567,Description non disponible depuis la recherche,Stock non disponible,ISBN non disponible,Éditeur non disponible,Date non disponible,Nombre de pages non disponible,Rang de vente non disponible,Science-Fiction,44.0,,,,
"Angle mort, livre de poche de Paula Hawkins, Thriller passionnant par l'autrice du best seller ""La Fille du train"", Par la nouvelle reine du thriller, Livre nouveauté 2024",https://www.amazon.fr/Thriller-passionnant-lautrice-nouvelle-nouveaut%C3%A9/dp/2266337343/ref=sr_1_701,"7,70 €",Paula Hawkins,"3,4 sur 5 étoiles, détails de l’évaluation",328,Poche,https://m.media-amazon.com/images/I/61nsnuu7j8L._AC_UY218_.jpg,2025-09-04T18:28:48.248225,Description non disponible depuis la recherche,Stock non disponible,ISBN non disponible,Éditeur non disponible,Date non disponible,Nombre de pages non disponible,Rang de vente non disponible,Science-Fiction,44.0,,,,
Innocence mortelle (Les enquêtes de Détective Kay Hunter t. 3),https://www.amazon.fr/Innocence-mortelle-enqu%C3%AAtes-D%C3%A9tective-Hunter-ebook/dp/B0DWHJ395J/ref=sr_1_702,"3,99 €",Rachel Amphlett,"4,4 sur 5 étoiles, détails de l’évaluation",283,Format Kindle,https://m.media-amazon.com/images/I/81kqtRktQEL._AC_UY218_.jpg,2025-09-04T18:28:48.250688,Description non disponible depuis la recherche,Stock non disponible,ISBN non disponible,Éditeur non disponible,Date non disponible,Nombre de pages non disponible,Rang de vente non disponible,Science-Fiction,44.0,,,,
ENQUETE AU COLLEGE,https://www.amazon.fr/ENQUETE-AU-COLLEGE-Jean-Philippe-Arrou-Vignod/dp/2075085722/ref=sr_1_703,"7,70 €",Jean-Philippe Arrou-Vignod,"4,6 sur 5 étoiles, détails de l’évaluation",358,Broché,https://m.media-amazon.com/images/I/811c95OS7aL._AC_UY218_.jpg,2025-09-04T18:28:48.254286,Description non disponible depuis la recherche,Stock non disponible,ISBN non disponible,Éditeur non disponible,Date non disponible,Nombre de pages non disponible,Rang de vente non disponible,Science-Fiction,44.0,,,,
Moscou X,https://www.amazon.fr/Moscou-X-David-McCloskey-ebook/dp/B0DSLKJ66M/ref=sr_1_704,"16,99 €",David McCloskey,"4,2 sur 5 étoiles, détails de l’évaluation",137,Format Kindle,https://m.media-amazon.com/images/I/81oTNGjRpVL._AC_UY218_.jpg,2025-09-04T18:28:48.257565,Description non disponible depuis la recherche,Stock non disponible,ISBN non disponible,Éditeur non disponible,Date non disponible,Nombre de pages non disponible,Rang de vente non disponible,Science-Fiction,44.0,,,,
Ça te fait mal ? - broché,https://www.amazon.fr/%C3%87a-te-fait-mal-broch%C3%A9/dp/2385661160/ref=sr_1_705,"20,00 €",H. D. Carlton,"4,1 sur 5 étoiles, détails de l’évaluation",77,Broché,https://m.media-amazon.com/images/I/719mqxYf5LL._AC_UY218_.jpg,2025-09-04T18:28:48.260356,Description non disponible depuis la recherche,Stock non disponible,ISBN non disponible,Éditeur non disponible,Date non disponible,Nombre de pages non disponible,Rang de vente non disponible,Science-Fiction,44.0,,,,
Le prisonnier,https://www.amazon.fr/prisonnier-J-T-Geissinger-ebook/dp/B0F1Y85D11/ref=sr_1_706,"9,99 €",J.T. Geissinger,"4,4 sur 5 étoiles, détails de l’évaluation",151,Format Kindle,https://m.media-amazon.com/images/I/8157QWfvvSL._AC_UY218_.jpg,2025-09-04T18:28:48.262933,Description non disponible depuis la recherche,Stock non disponible,ISBN non disponible,Éditeur non disponible,Date non disponible,Nombre de pages non disponible,Rang de vente non disponible,Science-Fiction,44.0,,,,
La Nounou,https://www.amazon.fr/Nounou-SL-Harker/dp/B0D9YZC4SC/ref=sr_1_707,"8,43 €",SL Harker,"4,1 sur 5 étoiles, détails de l’évaluation",1 302,Broché,https://m.media-amazon.com/images/I/61xrb6IA9eL._AC_UY218_.jpg,2025-09-04T18:28:48.265364,Description non disponible depuis la recherche,Stock non disponible,ISBN non disponible,Éditeur non disponible,Date non disponible,Nombre de pages non disponible,Rang de vente non disponible,Science-Fiction,44.0,,,,
L'armée furieuse (Policier et thriller),https://www.amazon.fr/Larm%C3%A9e-furieuse-Policier-thriller-Vargas-ebook/dp/B07JWDQ6HV/ref=sr_1_708,"8,49 €",Fred Vargas,"4,4 sur 5 étoiles, détails de l’évaluation",1 816,Format Kindle,https://m.media-amazon.com/images/I/71cQJnucauL._AC_UY218_.jpg,2025-09-04T18:28:48.268718,Description non disponible depuis la recherche,Stock non disponible,ISBN non disponible,Éditeur non disponible,Date non disponible,Nombre de pages non disponible,Rang de vente non disponible,Science-Fiction,44.0,,,,
Les Egouts de Los Angeles (Harry Bosch t. 1),https://www.amazon.fr/Egouts-Los-Angeles-Harry-Bosch-ebook/dp/B009QOZXE4/ref=sr_1_707,"8,49 €",Michael Connelly,"4,3 sur 5 étoiles, détails de l’évaluation",2 465,Format Kindle,https://m.media-amazon.com/images/I/81v+E+oa29L._AC_UY218_.jpg,2025-09-04T18:28:56.852349,Description non disponible depuis la recherche,Stock non disponible,ISBN non disponible,Éditeur non disponible,Date non disponible,Nombre de pages non disponible,Rang de vente non disponible,Science-Fiction,45.0,,,,
Sakamoto Days - Tome 17,https://www.amazon.fr/Sakamoto-Days-17-Yuto-Suzuki/dp/2344062807/ref=sr_1_708,"7,20 €",Yuto Suzuki,"4,7 sur 5 étoiles, détails de l’évaluation",19,Broché,https://m.media-amazon.com/images/I/810RSulmMjL._AC_UY218_.jpg,2025-09-04T18:28:56.855064,Description non disponible depuis la recherche,Stock non disponible,ISBN non disponible,Éditeur non disponible,Date non disponible,Nombre de pages non disponible,Rang de vente non disponible,Science-Fiction,45.0,,,,
Boutons et dentelle,https://www.amazon.fr/Boutons-dentelle-Penelope-Sky-ebook/dp/B07434RRRV/ref=sr_1_709,"5,99 €",Penelope Sky,"4,5 sur 5 étoiles, détails de l’évaluation",2 660,Format Kindle,https://m.media-amazon.com/images/I/81EPTjIIpvL._AC_UY218_.jpg,2025-09-04T18:28:56.858163,Description non disponible depuis la recherche,Stock non disponible,ISBN non disponible,Éditeur non disponible,Date non disponible,Nombre de pages non disponible,Rang de vente non disponible,Science-Fiction,45.0,,,,
Conjuration Casanova,https://www.amazon.fr/Conjuration-Casanova-Eric-GIACOMETTI/dp/2266212931/ref=sr_1_710,"9,00 €",Éric Giacometti,"4,4 sur 5 étoiles, détails de l’évaluation",852,Poche,https://m.media-amazon.com/images/I/616vGff5ubL._AC_UY218_.jpg,2025-09-04T18:28:56.861441,Description non disponible depuis la recherche,Stock non disponible,ISBN non disponible,Éditeur non disponible,Date non disponible,Nombre de pages non disponible,Rang de vente non disponible,Science-Fiction,45.0,,,,
Marcas,https://www.amazon.fr/Marcas-Giacometti-Ravenne/dp/2253940135/ref=sr_1_711,"8,90 €",Jacques Ravenne,"4,5 sur 5 étoiles, détails de l’évaluation",1 560,Poche,https://m.media-amazon.com/images/I/61wY5lnn+VL._AC_UY218_.jpg,2025-09-04T18:28:56.865173,Description non disponible depuis la recherche,Stock non disponible,ISBN non disponible,Éditeur non disponible,Date non disponible,Nombre de pages non disponible,Rang de vente non disponible,Science-Fiction,45.0,,,,
Le Roi du silence: Lauréat du Prix HarperCollins 2025 dans la catégorie Polar,https://www.amazon.fr/Roi-silence-Laur%C3%A9at-HarperCollins-cat%C3%A9gorie/dp/B0DSBG6W1X/ref=sr_1_712,"8,30 €",Claire Favan,"4,3 sur 5 étoiles, détails de l’évaluation",433,Poche,https://m.media-amazon.com/images/I/81-cDqnB6sL._AC_UY218_.jpg,2025-09-04T18:28:56.868343,Description non disponible depuis la recherche,Stock non disponible,ISBN non disponible,Éditeur non disponible,Date non disponible,Nombre de pages non disponible,Rang de vente non disponible,Science-Fiction,45.0,,,,
Vous êtes cordialement invités 3: Retour à Beaunom,https://www.amazon.fr/Vous-%C3%AAtes-cordialement-invit%C3%A9s-Beaunom-ebook/dp/B0DS2QF65P/ref=sr_1_713,"5,99 €",Alex  Sol,"4,7 sur 5 étoiles, détails de l’évaluation",244,Format Kindle,https://m.media-amazon.com/images/I/81lIURHPqzL._AC_UY218_.jpg,2025-09-04T18:28:56.871338,Description non disponible depuis la recherche,Stock non disponible,ISBN non disponible,Éditeur non disponible,Date non disponible,Nombre de pages non disponible,Rang de vente non disponible,Science-Fiction,45.0,,,,
L'année de la sauterelle (Thrillers),https://www.amazon.fr/Lann%C3%A9e-sauterelle-Thrillers-Terry-Hayes-ebook/dp/B0CVB3K19S/ref=sr_1_714,"10,99 €",Terry Hayes,"4,1 sur 5 étoiles, détails de l’évaluation",598,Format Kindle,https://m.media-amazon.com/images/I/81+xJ3G9VqL._AC_UY218_.jpg,2025-09-04T18:28:56.874563,Description non disponible depuis la recherche,Stock non disponible,ISBN non disponible,Éditeur non disponible,Date non disponible,Nombre de pages non disponible,Rang de vente non disponible,Science-Fiction,45.0,,,,
L'Escadron volant - tome 2 - Les Courtisanes de Venise,https://www.amazon.fr/LEscadron-volant-2-Courtisanes-Venise-ebook/dp/B0F1733T3H/ref=sr_1_717,"9,99 €",Muriel Romana,"4,3 sur 5 étoiles, détails de l’évaluation",92,Format Kindle,https://m.media-amazon.com/images/I/81N07N4ZVKL._AC_UY218_.jpg,2025-09-04T18:28:56.884028,Description non disponible depuis la recherche,Stock non disponible,ISBN non disponible,Éditeur non disponible,Date non disponible,Nombre de pages non disponible,Rang de vente non disponible,Science-Fiction,45.0,,,,
Les Mouettes - Mission Iran,https://www.amazon.fr/Mouettes-Mission-Iran-Thomas-Cantaloube-ebook/dp/B0FH5RGK11/ref=sr_1_718,"14,99 €",Thomas Cantaloube,"4,5 sur 5 étoiles, détails de l’évaluation",12,Format Kindle,https://m.media-amazon.com/images/I/91wbwSCTJXL._AC_UY218_.jpg,2025-09-04T18:28:56.886765,Description non disponible depuis la recherche,Stock non disponible,ISBN non disponible,Éditeur non disponible,Date non disponible,Nombre de pages non disponible,Rang de vente non disponible,Science-Fiction,45.0,,,,
La Mâchoire de Caïn,https://www.amazon.fr/M%C3%A2choire-Ca%C3%AFn-Edward-Powys-Mathers/dp/2253940267/ref=sr_1_719,"14,90 €",de Edward Powys Mathers | 8 février 2023,"4,6 sur 5 étoiles, détails de l’évaluation",645,Broché,https://m.media-amazon.com/images/I/81QbotWOAAL._AC_UY218_.jpg,2025-09-04T18:28:56.889387,Description non disponible depuis la recherche,Stock non disponible,ISBN non disponible,Éditeur non disponible,Date non disponible,Nombre de pages non disponible,Rang de vente non disponible,Science-Fiction,45.0,,,,
Les Enquêtes d'Hannah Swensen - Tome 6: Meurtres et biscuits au sucre,https://www.amazon.fr/Enqu%C3%AAtes-dHannah-Swensen-Meurtres-biscuits/dp/B0D6QK3GPB/ref=sr_1_720,"7,20 €",Joanne Fluke,"4,6 sur 5 étoiles, détails de l’évaluation",400,Poche,https://m.media-amazon.com/images/I/41cUaX0al4L._AC_UY218_.jpg,2025-09-04T18:28:56.892988,Description non disponible depuis la recherche,Stock non disponible,ISBN non disponible,Éditeur non disponible,Date non disponible,Nombre de pages non disponible,Rang de vente non disponible,Science-Fiction,45.0,,,,
Cozy Crime Scenes: A Parodic Cute and Comfy Coloring Book for Adults – 40 Hand-Drawn Hygge vibes Crime Scenes to Color for Stress Relief: The perfect ... friends who love coloring - but not for kids,https://www.amazon.fr/Cozy-Crime-Scenes-Coloring-Hand-Drawn/dp/B0DVQV8ZTL/ref=sr_1_721,"11,99 €",Mira Luna,"4,8 sur 5 étoiles, détails de l’évaluation",1 095,Broché,https://m.media-amazon.com/images/I/71kcZzWDU3L._AC_UY218_.jpg,2025-09-04T18:28:56.895419,Description non disponible depuis la recherche,Stock non disponible,ISBN non disponible,Éditeur non disponible,Date non disponible,Nombre de pages non disponible,Rang de vente non disponible,Science-Fiction,45.0,,,,
La Vallée,https://www.amazon.fr/vall%C3%A9e-Bernard-Minier-ebook/dp/B084RQJX56/ref=sr_1_722,"8,99 €",Bernard Minier,"4,4 sur 5 étoiles, détails de l’évaluation",6 122,Format Kindle,https://m.media-amazon.com/images/I/81zrEmIGfiL._AC_UY218_.jpg,2025-09-04T18:28:56.898757,Description non disponible depuis la recherche,Stock non disponible,ISBN non disponible,Éditeur non disponible,Date non disponible,Nombre de pages non disponible,Rang de vente non disponible,Science-Fiction,45.0,,,,
Les hommes qui n'aimaient pas les femmes: Millénium 1,https://www.amazon.fr/hommes-qui-naimaient-pas-femmes/dp/B01CUZHZ0K/ref=sr_1_723,"0,00 €",Livres audio Audible,"4,5 sur 5 étoiles, détails de l’évaluation",1 845,Livres audio Audible,https://m.media-amazon.com/images/I/71G0pgj0xHL._AC_UY218_.jpg,2025-09-04T18:28:56.902188,Description non disponible depuis la recherche,Stock non disponible,ISBN non disponible,Éditeur non disponible,Date non disponible,Nombre de pages non disponible,Rang de vente non disponible,Science-Fiction,45.0,,,,
Giovanni Falcone,https://www.amazon.fr/Giovanni-Falcone-Roberto-Saviano/dp/207300699X/ref=sr_1_724,"25,00 €",Roberto Saviano,"4,3 sur 5 étoiles, détails de l’évaluation",176,Broché,https://m.media-amazon.com/images/I/71JkwKwDTYL._AC_UY218_.jpg,2025-09-04T18:28:56.905114,Description non disponible depuis la recherche,Stock non disponible,ISBN non disponible,Éditeur non disponible,Date non disponible,Nombre de pages non disponible,Rang de vente non disponible,Science-Fiction,45.0,,,,
El loco de Dios en el fin del mundo (Spanish Edition),https://www.amazon.fr/loco-Dios-fin-mundo-Spanish-ebook/dp/B0DVZV3CCT/ref=sr_1_723,"11,99 €",Javier Cercas,"4,5 sur 5 étoiles, détails de l’évaluation",2 972,Format Kindle,https://m.media-amazon.com/images/I/81wLKTG3-GL._AC_UY218_.jpg,2025-09-04T18:29:07.218247,Description non disponible depuis la recherche,Stock non disponible,ISBN non disponible,Éditeur non disponible,Date non disponible,Nombre de pages non disponible,Rang de vente non disponible,Science-Fiction,46.0,,,,
The Bullet That Missed: (The Thursday Murder Club 3),https://www.amazon.fr/Bullet-That-Missed-Thursday-Murder/dp/0241992389/ref=sr_1_724,"12,15 €",Richard Osman,"4,6 sur 5 étoiles, détails de l’évaluation",83 201,Broché,https://m.media-amazon.com/images/I/71VZHVFiywL._AC_UY218_.jpg,2025-09-04T18:29:07.221905,Description non disponible depuis la recherche,Stock non disponible,ISBN non disponible,Éditeur non disponible,Date non disponible,Nombre de pages non disponible,Rang de vente non disponible,Science-Fiction,46.0,,,,
Les Disparus de Tatihou,https://www.amazon.fr/Disparus-Tatihou-Nadine-Mousselet/dp/2266351842/ref=sr_1_725,"8,40 €",Nadine Mousselet,"4,4 sur 5 étoiles, détails de l’évaluation",28,Poche,https://m.media-amazon.com/images/I/71vFgAGWebL._AC_UY218_.jpg,2025-09-04T18:29:07.224603,Description non disponible depuis la recherche,Stock non disponible,ISBN non disponible,Éditeur non disponible,Date non disponible,Nombre de pages non disponible,Rang de vente non disponible,Science-Fiction,46.0,,,,
Dis adieu à la vie (Un thriller Alison Payne — tome 1),https://www.amazon.fr/Dis-adieu-thriller-Alison-Payne-ebook/dp/B0FJZPHJK5/ref=sr_1_726,"0,00 €",Blake Pierce,"4,0 sur 5 étoiles, détails de l’évaluation",109,Format Kindle,https://m.media-amazon.com/images/I/81zYJptcblL._AC_UY218_.jpg,2025-09-04T18:29:07.226397,Description non disponible depuis la recherche,Stock non disponible,ISBN non disponible,Éditeur non disponible,Date non disponible,Nombre de pages non disponible,Rang de vente non disponible,Science-Fiction,46.0,,,,
"Le livre des merveilles : La Saga du Soleil Noir : La Saga du Soleil noir, Tome 7 (Thrillers)",https://www.amazon.fr/livre-merveilles-Saga-Soleil-Thrillers-ebook/dp/B0DH8HD82L/ref=sr_1_727,"15,99 €",Éric Giacometti,"4,5 sur 5 étoiles, détails de l’évaluation",406,Format Kindle,https://m.media-amazon.com/images/I/81ZYsrgAy5L._AC_UY218_.jpg,2025-09-04T18:29:07.229921,Description non disponible depuis la recherche,Stock non disponible,ISBN non disponible,Éditeur non disponible,Date non disponible,Nombre de pages non disponible,Rang de vente non disponible,Science-Fiction,46.0,,,,
Tous tes secrets (Hauteville Suspense),https://www.amazon.fr/Tous-tes-secrets-Lisa-Jewell-ebook/dp/B07V4SXGNK/ref=sr_1_728,"5,99 €",Lisa Jewell,"4,2 sur 5 étoiles, détails de l’évaluation",8 013,Format Kindle,https://m.media-amazon.com/images/I/81-lpXZO-dL._AC_UY218_.jpg,2025-09-04T18:29:07.233357,Description non disponible depuis la recherche,Stock non disponible,ISBN non disponible,Éditeur non disponible,Date non disponible,Nombre de pages non disponible,Rang de vente non disponible,Science-Fiction,46.0,,,,
Surveiller et punir: Naissance de la prison,https://www.amazon.fr/Surveiller-punir-Naissance-Michel-Foucault/dp/2070729680/ref=sr_1_729,"14,50 €",Michel Foucault,"4,5 sur 5 étoiles, détails de l’évaluation",339,Poche,https://m.media-amazon.com/images/I/71ypC53ohWL._AC_UY218_.jpg,2025-09-04T18:29:07.236852,Description non disponible depuis la recherche,Stock non disponible,ISBN non disponible,Éditeur non disponible,Date non disponible,Nombre de pages non disponible,Rang de vente non disponible,Science-Fiction,46.0,,,,
Shining: Nouvelle traduction,https://www.amazon.fr/Audible-Shining-Nouvelle-traduction/dp/B0DK3F9QVL/ref=sr_1_730,"0,00 €",Livres audio Audible,"4,5 sur 5 étoiles, détails de l’évaluation",160,Livres audio Audible,https://m.media-amazon.com/images/I/71GchVVnEfL._AC_UY218_.jpg,2025-09-04T18:29:07.240047,Description non disponible depuis la recherche,Stock non disponible,ISBN non disponible,Éditeur non disponible,Date non disponible,Nombre de pages non disponible,Rang de vente non disponible,Science-Fiction,46.0,,,,
Chiens de sang,https://www.amazon.fr/Chiens-sang-Karine-Giebel/dp/2266207989/ref=sr_1_733,"7,40 €",Karine Giebel,"4,3 sur 5 étoiles, détails de l’évaluation",870,Poche,https://m.media-amazon.com/images/I/61DwNVBcFIL._AC_UY218_.jpg,2025-09-04T18:29:07.248792,Description non disponible depuis la recherche,Stock non disponible,ISBN non disponible,Éditeur non disponible,Date non disponible,Nombre de pages non disponible,Rang de vente non disponible,Science-Fiction,46.0,,,,
Oraison Funèbre,https://www.amazon.fr/Oraison-Fun%C3%A8bre-mme-Mary-Rhodes/dp/B0FK1Y6HKJ/ref=sr_1_734,"18,99 €",mme Mary Rhodes,"5,0 sur 5 étoiles, détails de l’évaluation",6,Broché,https://m.media-amazon.com/images/I/713DH5uVKiL._AC_UY218_.jpg,2025-09-04T18:29:07.250966,Description non disponible depuis la recherche,Stock non disponible,ISBN non disponible,Éditeur non disponible,Date non disponible,Nombre de pages non disponible,Rang de vente non disponible,Science-Fiction,46.0,,,,
Vertige,https://www.amazon.fr/Vertige-Franck-Thilliez/dp/226623322X/ref=sr_1_735,"9,00 €",Franck Thilliez,"4,4 sur 5 étoiles, détails de l’évaluation",1 894,Poche,https://m.media-amazon.com/images/I/61WNkvgCsGL._AC_UY218_.jpg,2025-09-04T18:29:07.254507,Description non disponible depuis la recherche,Stock non disponible,ISBN non disponible,Éditeur non disponible,Date non disponible,Nombre de pages non disponible,Rang de vente non disponible,Science-Fiction,46.0,,,,
Les Enquêtes d'Hannah Swensen tome 13 - Meurtres et gâteaux du diable,https://www.amazon.fr/Enqu%C3%AAtes-dHannah-Swensen-13-Meurtres/dp/2749181461/ref=sr_1_736,"15,90 €",Joanne Fluke,"4,5 sur 5 étoiles, détails de l’évaluation",144,Broché,https://m.media-amazon.com/images/I/61vNNHW2B2L._AC_UY218_.jpg,2025-09-04T18:29:07.258054,Description non disponible depuis la recherche,Stock non disponible,ISBN non disponible,Éditeur non disponible,Date non disponible,Nombre de pages non disponible,Rang de vente non disponible,Science-Fiction,46.0,,,,
"L'Effet papillon (Les Enquêtes du département V, Tome 5)",https://www.amazon.fr/LEffet-papillon-Jussi-Adler-Olsen/dp/2253092428/ref=sr_1_737,"10,90 €",Jussi Adler-Olsen,"4,3 sur 5 étoiles, détails de l’évaluation",2 886,Poche,https://m.media-amazon.com/images/I/811QkhMC5eL._AC_UY218_.jpg,2025-09-04T18:29:07.261572,Description non disponible depuis la recherche,Stock non disponible,ISBN non disponible,Éditeur non disponible,Date non disponible,Nombre de pages non disponible,Rang de vente non disponible,Science-Fiction,46.0,,,,
Justice Clandestine: une enquête de l'horloger (thriller policier),https://www.amazon.fr/Justice-Clandestine-lhorloger-thriller-policier-ebook/dp/B0CW1G8RSR/ref=sr_1_738,"19,90 €",Pierre Schreiber,"4,5 sur 5 étoiles, détails de l’évaluation",2 961,Format Kindle,https://m.media-amazon.com/images/I/912Ajx1XOXL._AC_UY218_.jpg,2025-09-04T18:29:07.263741,Description non disponible depuis la recherche,Stock non disponible,ISBN non disponible,Éditeur non disponible,Date non disponible,Nombre de pages non disponible,Rang de vente non disponible,Science-Fiction,46.0,,,,
All the Colours of the Dark: The Instant Sunday Times Bestseller – ‘a wonderful book’ (Richard Osman) (English Edition),https://www.amazon.fr/Colours-Dark-English-Chris-Whitaker-ebook/dp/B0C6PQCPTS/ref=sr_1_739,"6,49 €",Chris Whitaker,"4,6 sur 5 étoiles, détails de l’évaluation",83 320,Format Kindle,https://m.media-amazon.com/images/I/81s0e3LEFwL._AC_UY218_.jpg,2025-09-04T18:29:07.267554,Description non disponible depuis la recherche,Stock non disponible,ISBN non disponible,Éditeur non disponible,Date non disponible,Nombre de pages non disponible,Rang de vente non disponible,Science-Fiction,46.0,,,,
Clamser à Tataouine,https://www.amazon.fr/Audible-Clamser-%C3%A0-Tataouine/dp/B0FH75WW8W/ref=sr_1_740,"0,00 €",Livres audio Audible,"4,4 sur 5 étoiles, détails de l’évaluation",148,Livres audio Audible,https://m.media-amazon.com/images/I/819yz5ffi4L._AC_UY218_.jpg,2025-09-04T18:29:07.270344,Description non disponible depuis la recherche,Stock non disponible,ISBN non disponible,Éditeur non disponible,Date non disponible,Nombre de pages non disponible,Rang de vente non disponible,Science-Fiction,46.0,,,,
"Promesse (Les Enquêtes du département V, Tome 6)",https://www.amazon.fr/Promesse-Jussi-Adler-Olsen/dp/225323706X/ref=sr_1_739,"10,40 €",Jussi Adler-Olsen,"4,3 sur 5 étoiles, détails de l’évaluation",2 773,Poche,https://m.media-amazon.com/images/I/81sRWKuPu9L._AC_UY218_.jpg,2025-09-04T18:29:16.875734,Description non disponible depuis la recherche,Stock non disponible,ISBN non disponible,Éditeur non disponible,Date non disponible,Nombre de pages non disponible,Rang de vente non disponible,Science-Fiction,47.0,,,,
Maléfices,https://www.amazon.fr/Mal%C3%A9fices-Maxime-Chattam/dp/2266143751/ref=sr_1_740,"9,90 €",Maxime Chattam,"4,7 sur 5 étoiles, détails de l’évaluation",616,Poche,https://m.media-amazon.com/images/I/51v9-J565hL._AC_UY218_.jpg,2025-09-04T18:29:16.878544,Description non disponible depuis la recherche,Stock non disponible,ISBN non disponible,Éditeur non disponible,Date non disponible,Nombre de pages non disponible,Rang de vente non disponible,Science-Fiction,47.0,,,,
Le Tigre,https://www.amazon.fr/tigre-Jo%C3%ABl-Dicker/dp/2889730174/ref=sr_1_741,"4,90 €",Joël Dicker,"3,7 sur 5 étoiles, détails de l’évaluation",274,Poche,https://m.media-amazon.com/images/I/61GC6VkGkZL._AC_UY218_.jpg,2025-09-04T18:29:16.881686,Description non disponible depuis la recherche,Stock non disponible,ISBN non disponible,Éditeur non disponible,Date non disponible,Nombre de pages non disponible,Rang de vente non disponible,Science-Fiction,47.0,,,,
Ils resteront chez nous (Hauteville Suspense),https://www.amazon.fr/resteront-chez-nous-Hauteville-Suspense-ebook/dp/B0CFW1NHR3/ref=sr_1_742,"5,99 €",Lisa Jewell,"4,3 sur 5 étoiles, détails de l’évaluation",1 186,Format Kindle,https://m.media-amazon.com/images/I/81abI2ZeWsL._AC_UY218_.jpg,2025-09-04T18:29:16.885101,Description non disponible depuis la recherche,Stock non disponible,ISBN non disponible,Éditeur non disponible,Date non disponible,Nombre de pages non disponible,Rang de vente non disponible,Science-Fiction,47.0,,,,
Rouge Karma,https://www.amazon.fr/Rouge-Karma-Jean-Christophe-Grang%C3%A9/dp/2253249742/ref=sr_1_743,"10,90 €",Jean-Christophe Grangé,"4,0 sur 5 étoiles, détails de l’évaluation",2 827,Poche,https://m.media-amazon.com/images/I/71UjZvU0tPL._AC_UY218_.jpg,2025-09-04T18:29:16.888609,Description non disponible depuis la recherche,Stock non disponible,ISBN non disponible,Éditeur non disponible,Date non disponible,Nombre de pages non disponible,Rang de vente non disponible,Science-Fiction,47.0,,,,
Le mystère Nerval,https://www.amazon.fr/myst%C3%A8re-Nerval-Diane-Morel/dp/2264086092/ref=sr_1_744,"9,50 €",Diane Morel,"4,3 sur 5 étoiles, détails de l’évaluation",58,Poche,https://m.media-amazon.com/images/I/61VhAVOLaML._AC_UY218_.jpg,2025-09-04T18:29:16.892122,Description non disponible depuis la recherche,Stock non disponible,ISBN non disponible,Éditeur non disponible,Date non disponible,Nombre de pages non disponible,Rang de vente non disponible,Science-Fiction,47.0,,,,
Pour rien au monde,https://www.amazon.fr/Pour-rien-monde-Ken-Follett/dp/2253935174/ref=sr_1_745,"12,40 €",Ken Follett,"4,3 sur 5 étoiles, détails de l’évaluation",3 997,Poche,https://m.media-amazon.com/images/I/81bF3tan6vL._AC_UY218_.jpg,2025-09-04T18:29:16.895588,Description non disponible depuis la recherche,Stock non disponible,ISBN non disponible,Éditeur non disponible,Date non disponible,Nombre de pages non disponible,Rang de vente non disponible,Science-Fiction,47.0,,,,
Fighting Fantasy: The Warlock of Firetop Mountain (Collector's Edition),https://www.amazon.fr/Fighting-Fantasy-Warlock-Mountain-Collectors/dp/0702344400/ref=sr_1_746,"48,54 €",Édition en Anglais | de Ian Livingstone | 25 septembre 2025,"4,7 sur 5 étoiles, détails de l’évaluation",642,Relié,https://m.media-amazon.com/images/I/71Ao4Qy3osL._AC_UY218_.jpg,2025-09-04T18:29:16.899040,Description non disponible depuis la recherche,Stock non disponible,ISBN non disponible,Éditeur non disponible,Date non disponible,Nombre de pages non disponible,Rang de vente non disponible,Science-Fiction,47.0,,,,
La chambre de lactation,https://www.amazon.fr/chambre-lactation-Fr%C3%A9d%C3%A9ric-Soulier/dp/1980579520/ref=sr_1_749,"5,53 €",Frédéric Soulier,"4,0 sur 5 étoiles, détails de l’évaluation",1 534,Broché,https://m.media-amazon.com/images/I/617tqYVTtIL._AC_UY218_.jpg,2025-09-04T18:29:16.907791,Description non disponible depuis la recherche,Stock non disponible,ISBN non disponible,Éditeur non disponible,Date non disponible,Nombre de pages non disponible,Rang de vente non disponible,Science-Fiction,47.0,,,,
Absolute Batman Vol. 1: The Zoo,https://www.amazon.fr/Absolute-Batman-Vol-1-Zoo/dp/1799505251/ref=sr_1_750,"15,15 €",Scott Snyder,"4,7 sur 5 étoiles, détails de l’évaluation",254,Broché,https://m.media-amazon.com/images/I/8154VL++ZHL._AC_UY218_.jpg,2025-09-04T18:29:16.911136,Description non disponible depuis la recherche,Stock non disponible,ISBN non disponible,Éditeur non disponible,Date non disponible,Nombre de pages non disponible,Rang de vente non disponible,Science-Fiction,47.0,,,,
Blake & Mortimer - Tome 29 - Huit heures à Berlin,https://www.amazon.fr/Blake-Mortimer-Huit-heures-Berlin/dp/2870972369/ref=sr_1_751,"17,50 €","de Bocquet José-Louis, Fromental Jean-Luc, et al. | 25 novembre 2022","4,8 sur 5 étoiles, détails de l’évaluation",890,Broché,https://m.media-amazon.com/images/I/91Er7BfSbtL._AC_UY218_.jpg,2025-09-04T18:29:16.914542,Description non disponible depuis la recherche,Stock non disponible,ISBN non disponible,Éditeur non disponible,Date non disponible,Nombre de pages non disponible,Rang de vente non disponible,Science-Fiction,47.0,,,,
"La Puanteur de la vérité: L'histoire du tueur en série de Barcelone (Inspecteur Álex Cortés | Roman noir, thriller, policier, crime et mystère t. 1)",https://www.amazon.fr/Puanteur-v%C3%A9rit%C3%A9-Lhistoire-Barcelone-Inspecteur-ebook/dp/B0DLXXTYMY/ref=sr_1_752,"13,99 €",Riccardo Braccaioli,"4,3 sur 5 étoiles, détails de l’évaluation",668,Format Kindle,https://m.media-amazon.com/images/I/81AwheyreFL._AC_UY218_.jpg,2025-09-04T18:29:16.916738,Description non disponible depuis la recherche,Stock non disponible,ISBN non disponible,Éditeur non disponible,Date non disponible,Nombre de pages non disponible,Rang de vente non disponible,Science-Fiction,47.0,,,,
Sans un adieu,https://www.amazon.fr/Sans-adieu-Harlan-Coben/dp/2266216643/ref=sr_1_753,"9,60 €",Harlan Coben,"4,4 sur 5 étoiles, détails de l’évaluation",685,Poche,https://m.media-amazon.com/images/I/61wPywvjKaL._AC_UY218_.jpg,2025-09-04T18:29:16.920320,Description non disponible depuis la recherche,Stock non disponible,ISBN non disponible,Éditeur non disponible,Date non disponible,Nombre de pages non disponible,Rang de vente non disponible,Science-Fiction,47.0,,,,
Le Soir du rendez-vous: Un thriller psychologique qui va vous laisser sans voix,https://www.amazon.fr/Soir-rendez-vous-thriller-psychologique-laisser-ebook/dp/B0DP5J5ZLQ/ref=sr_1_754,"12,99 €",Samantha Hayes,"4,1 sur 5 étoiles, détails de l’évaluation",685,Format Kindle,https://m.media-amazon.com/images/I/A1I0QV2oFCL._AC_UY218_.jpg,2025-09-04T18:29:16.922512,Description non disponible depuis la recherche,Stock non disponible,ISBN non disponible,Éditeur non disponible,Date non disponible,Nombre de pages non disponible,Rang de vente non disponible,Science-Fiction,47.0,,,,
Bambi,https://www.amazon.fr/Bambi-Maude-Royer/dp/2849338869/ref=sr_1_755,"14,90 €",de Maude Royer | 13 juin 2024,"4,7 sur 5 étoiles, détails de l’évaluation",93,Broché,https://m.media-amazon.com/images/I/715nT1lWvoL._AC_UY218_.jpg,2025-09-04T18:29:16.927546,Description non disponible depuis la recherche,Stock non disponible,ISBN non disponible,Éditeur non disponible,Date non disponible,Nombre de pages non disponible,Rang de vente non disponible,Science-Fiction,47.0,,,,
Flagrant délice: (Les Thés meurtriers d’Oxford - Livre 3),https://www.amazon.fr/Flagrant-d%C3%A9lice-meurtriers-dOxford-Livre/dp/1922436542/ref=sr_1_756,"15,90 €",H.Y. Hanna,"4,5 sur 5 étoiles, détails de l’évaluation",1 551,Broché,https://m.media-amazon.com/images/I/71wJM6m60TL._AC_UY218_.jpg,2025-09-04T18:29:16.929731,Description non disponible depuis la recherche,Stock non disponible,ISBN non disponible,Éditeur non disponible,Date non disponible,Nombre de pages non disponible,Rang de vente non disponible,Science-Fiction,47.0,,,,
Floraison funèbre (Petits crimes et jardin secret ~ Tome 1): Enquêtes et humour dans un cosy mystery britannique,https://www.amazon.fr/Floraison-fun%C3%A8bre-Petits-crimes-jardin-ebook/dp/B0DQYRK8P2/ref=sr_1_755,"15,90 €",H.Y. Hanna,"4,4 sur 5 étoiles, détails de l’évaluation",656,Format Kindle,https://m.media-amazon.com/images/I/81My8aLpPUL._AC_UY218_.jpg,2025-09-04T18:29:28.099536,Description non disponible depuis la recherche,Stock non disponible,ISBN non disponible,Éditeur non disponible,Date non disponible,Nombre de pages non disponible,Rang de vente non disponible,Science-Fiction,48.0,,,,
CORALINE (ED 2019),https://www.amazon.fr/Coraline-Neil-Gaiman/dp/2226436863/ref=sr_1_756,"13,90 €",Neil Gaiman,"4,7 sur 5 étoiles, détails de l’évaluation",354,Broché,https://m.media-amazon.com/images/I/81yei+T+hYL._AC_UY218_.jpg,2025-09-04T18:29:28.102434,Description non disponible depuis la recherche,Stock non disponible,ISBN non disponible,Éditeur non disponible,Date non disponible,Nombre de pages non disponible,Rang de vente non disponible,Science-Fiction,48.0,,,,
Intuitio,https://www.amazon.fr/Intuitio-Laurent-Gounelle/dp/2253071447/ref=sr_1_757,"9,70 €",Laurent Gounelle,"4,4 sur 5 étoiles, détails de l’évaluation",1 997,Poche,https://m.media-amazon.com/images/I/61FITq5++DL._AC_UY218_.jpg,2025-09-04T18:29:28.106008,Description non disponible depuis la recherche,Stock non disponible,ISBN non disponible,Éditeur non disponible,Date non disponible,Nombre de pages non disponible,Rang de vente non disponible,Science-Fiction,48.0,,,,
L'imposture Warren - Le dossier à charge: La vérité derrière le couple qui a inspiré la saga Conjuring,https://www.amazon.fr/Limposture-Warren-dossier-derri%C3%A8re-Conjuring/dp/2501190238/ref=sr_1_758,"19,90 €",Occulture,"4,7 sur 5 étoiles, détails de l’évaluation",100,Broché,https://m.media-amazon.com/images/I/71xGenuBtcL._AC_UY218_.jpg,2025-09-04T18:29:28.109382,Description non disponible depuis la recherche,Stock non disponible,ISBN non disponible,Éditeur non disponible,Date non disponible,Nombre de pages non disponible,Rang de vente non disponible,Science-Fiction,48.0,,,,
"L'Affaire Eva Karel: Un thriller psychologique addictif au final choc (Collection ""Suspense Addict"")",https://www.amazon.fr/LAffaire-Eva-Karel-thriller-Collection-ebook/dp/B0DFDR9P21/ref=sr_1_759,"16,90 €",Oscar  Fedal,"4,3 sur 5 étoiles, détails de l’évaluation",705,Format Kindle,https://m.media-amazon.com/images/I/81kJnK6Q-2L._AC_UY218_.jpg,2025-09-04T18:29:28.111597,Description non disponible depuis la recherche,Stock non disponible,ISBN non disponible,Éditeur non disponible,Date non disponible,Nombre de pages non disponible,Rang de vente non disponible,Science-Fiction,48.0,,,,
Satan était un ange,https://www.amazon.fr/Satan-%C3%A9tait-ange-Karine-Giebel/dp/2266258656/ref=sr_1_760,"8,70 €",Karine Giebel,"4,4 sur 5 étoiles, détails de l’évaluation",1 091,Poche,https://m.media-amazon.com/images/I/61RUErl37AL._AC_UY218_.jpg,2025-09-04T18:29:28.114824,Description non disponible depuis la recherche,Stock non disponible,ISBN non disponible,Éditeur non disponible,Date non disponible,Nombre de pages non disponible,Rang de vente non disponible,Science-Fiction,48.0,,,,
Pas une ombre: Une course contre la montre haletante (Les enquêtes de Jenna Alton & David Kane t. 6),https://www.amazon.fr/Pas-une-ombre-haletante-enqu%C3%AAtes-ebook/dp/B0D3842JVB/ref=sr_1_761,"18,99 €",D.K. Hood,"4,4 sur 5 étoiles, détails de l’évaluation",619,Format Kindle,https://m.media-amazon.com/images/I/81SiyeWpI-L._AC_UY218_.jpg,2025-09-04T18:29:28.117204,Description non disponible depuis la recherche,Stock non disponible,ISBN non disponible,Éditeur non disponible,Date non disponible,Nombre de pages non disponible,Rang de vente non disponible,Science-Fiction,48.0,,,,
La Belle-sœur: Un thriller psychologique renversant,https://www.amazon.fr/Belle-s%C5%93ur-thriller-psychologique-renversant-ebook/dp/B0CW1G4RP2/ref=sr_1_762,"16,99 €",Sue Watson,"4,2 sur 5 étoiles, détails de l’évaluation",4 058,Format Kindle,https://m.media-amazon.com/images/I/81TzZlBmOrL._AC_UY218_.jpg,2025-09-04T18:29:28.119534,Description non disponible depuis la recherche,Stock non disponible,ISBN non disponible,Éditeur non disponible,Date non disponible,Nombre de pages non disponible,Rang de vente non disponible,Science-Fiction,48.0,,,,
Yi Jing,https://www.amazon.fr/Yi-Jing-Cyrille-J-D-Javary/dp/2226239308/ref=sr_1_765,"29,90 €",Cyrille J.-D. Javary,"4,4 sur 5 étoiles, détails de l’évaluation",326,Broché,https://m.media-amazon.com/images/I/71CVGZg0bWL._AC_UY218_.jpg,2025-09-04T18:29:28.128259,Description non disponible depuis la recherche,Stock non disponible,ISBN non disponible,Éditeur non disponible,Date non disponible,Nombre de pages non disponible,Rang de vente non disponible,Science-Fiction,48.0,,,,
On m'a volé ma vie,https://www.amazon.fr/ma-vol%C3%A9-vie/dp/237735128X/ref=sr_1_766,"8,95 €",Jaycee Dugard,"4,6 sur 5 étoiles, détails de l’évaluation",805,Poche,https://m.media-amazon.com/images/I/61PqVXFvhPL._AC_UY218_.jpg,2025-09-04T18:29:28.131099,Description non disponible depuis la recherche,Stock non disponible,ISBN non disponible,Éditeur non disponible,Date non disponible,Nombre de pages non disponible,Rang de vente non disponible,Science-Fiction,48.0,,,,
"Le Duc de Penford Hall: Les Mystères de Tante Dimity, t. 0",https://www.amazon.fr/Duc-Penford-Hall-Myst%C3%A8res-Dimity/dp/2386432297/ref=sr_1_767,"14,90 €",Nancy Atherton,"4,5 sur 5 étoiles, détails de l’évaluation",20,Broché,https://m.media-amazon.com/images/I/91r9RrAW3SL._AC_UY218_.jpg,2025-09-04T18:29:28.134593,Description non disponible depuis la recherche,Stock non disponible,ISBN non disponible,Éditeur non disponible,Date non disponible,Nombre de pages non disponible,Rang de vente non disponible,Science-Fiction,48.0,,,,
Le Code: Livre de Thriller au suspense et à l'intrigue dignes d'un roman de fiction,https://www.amazon.fr/Code-Thriller-suspense-lintrigue-fiction-ebook/dp/B0F1LDD2DD/ref=sr_1_768,"4,99 €",de John Junior Lemah | 15 mars 2025,"4,3 sur 5 étoiles, détails de l’évaluation",101,Format Kindle,https://m.media-amazon.com/images/I/81nWiqsVX0L._AC_UY218_.jpg,2025-09-04T18:29:28.137732,Description non disponible depuis la recherche,Stock non disponible,ISBN non disponible,Éditeur non disponible,Date non disponible,Nombre de pages non disponible,Rang de vente non disponible,Science-Fiction,48.0,,,,
La disparition d'Aubrey Whitaker,https://www.amazon.fr/disparition-dAubrey-Whitaker-Manon-Charlotte-ebook/dp/B0DNXY7MZK/ref=sr_1_769,"14,99 €",Manon Charlotte,"4,5 sur 5 étoiles, détails de l’évaluation",403,Format Kindle,https://m.media-amazon.com/images/I/71ZAebsX3HL._AC_UY218_.jpg,2025-09-04T18:29:28.139784,Description non disponible depuis la recherche,Stock non disponible,ISBN non disponible,Éditeur non disponible,Date non disponible,Nombre de pages non disponible,Rang de vente non disponible,Science-Fiction,48.0,,,,
LA NOUVELLE BONNE DE L'ÉPOUSE,https://www.amazon.fr/NOUVELLE-BONNE-L%C3%89POUSE-Amora-Sway-ebook/dp/B0FHVBWGM6/ref=sr_1_770,"12,65 €",Amora  Sway,"4,0 sur 5 étoiles, détails de l’évaluation",99,Format Kindle,https://m.media-amazon.com/images/I/91XZA2Z-NBL._AC_UY218_.jpg,2025-09-04T18:29:28.142690,Description non disponible depuis la recherche,Stock non disponible,ISBN non disponible,Éditeur non disponible,Date non disponible,Nombre de pages non disponible,Rang de vente non disponible,Science-Fiction,48.0,,,,
La Chasse,https://www.amazon.fr/Chasse-Bernard-Minier-ebook/dp/B08XZCK4V7/ref=sr_1_771,"8,99 €",Bernard Minier,"4,3 sur 5 étoiles, détails de l’évaluation",4 340,Format Kindle,https://m.media-amazon.com/images/I/91rxYfL+KmL._AC_UY218_.jpg,2025-09-04T18:29:28.146240,Description non disponible depuis la recherche,Stock non disponible,ISBN non disponible,Éditeur non disponible,Date non disponible,Nombre de pages non disponible,Rang de vente non disponible,Science-Fiction,48.0,,,,
Il reste la poussière : Prix Landerneau Polar 2016 (Sueurs froides),https://www.amazon.fr/reste-poussi%C3%A8re-Prix-Landerneau-Polar-ebook/dp/B01AIYAGMY/ref=sr_1_772,"7,99 €",Sandrine Collette,"4,2 sur 5 étoiles, détails de l’évaluation",999,Format Kindle,https://m.media-amazon.com/images/I/91zK7LIwDUL._AC_UY218_.jpg,2025-09-04T18:29:28.149393,Description non disponible depuis la recherche,Stock non disponible,ISBN non disponible,Éditeur non disponible,Date non disponible,Nombre de pages non disponible,Rang de vente non disponible,Science-Fiction,48.0,,,,
"Pas de pot pour la jardinière (Agatha Raisin enquête, Tome 3)",https://www.amazon.fr/pour-jardini%C3%A8re-Agatha-Raisin-enqu%C3%AAte/dp/2253253324/ref=sr_1_771,"6,90 €",M. C. Beaton,"4,4 sur 5 étoiles, détails de l’évaluation",1 894,Poche,https://m.media-amazon.com/images/I/71+WyP-ZjtL._AC_UY218_.jpg,2025-09-04T18:29:36.852796,Description non disponible depuis la recherche,Stock non disponible,ISBN non disponible,Éditeur non disponible,Date non disponible,Nombre de pages non disponible,Rang de vente non disponible,Science-Fiction,49.0,,,,
Le Tueur intime,https://www.amazon.fr/Tueur-intime-Claire-FAVAN/dp/2266310062/ref=sr_1_772,"10,30 €",Claire Favan,"4,5 sur 5 étoiles, détails de l’évaluation",1 438,Poche,https://m.media-amazon.com/images/I/71dQz2Nyx0L._AC_UY218_.jpg,2025-09-04T18:29:36.856233,Description non disponible depuis la recherche,Stock non disponible,ISBN non disponible,Éditeur non disponible,Date non disponible,Nombre de pages non disponible,Rang de vente non disponible,Science-Fiction,49.0,,,,
Les secrets de la famille Becker,https://www.amazon.fr/secrets-famille-Becker-Manon-Charlotte-ebook/dp/B09X1L4GC4/ref=sr_1_773,"0,00 €",Manon Charlotte,"4,3 sur 5 étoiles, détails de l’évaluation",9 742,Format Kindle,https://m.media-amazon.com/images/I/81BZQg-PgbL._AC_UY218_.jpg,2025-09-04T18:29:36.859724,Description non disponible depuis la recherche,Stock non disponible,ISBN non disponible,Éditeur non disponible,Date non disponible,Nombre de pages non disponible,Rang de vente non disponible,Science-Fiction,49.0,,,,
Hamish Macbeth 27 - Meurtres en cascade,https://www.amazon.fr/Hamish-Macbeth-27-Meurtres-cascade/dp/2226491015/ref=sr_1_774,"14,90 €",M. C. Beaton,Note non disponible,0 avis,Broché,https://m.media-amazon.com/images/I/01PkLIhTX3L._AC_UY218_.gif,2025-09-04T18:29:36.862022,Description non disponible depuis la recherche,Stock non disponible,ISBN non disponible,Éditeur non disponible,Date non disponible,Nombre de pages non disponible,Rang de vente non disponible,Science-Fiction,49.0,,,,
L'enfer à payer (Les enquêtes de Détective Kay Hunter t. 4),https://www.amazon.fr/Lenfer-payer-enqu%C3%AAtes-D%C3%A9tective-Hunter-ebook/dp/B0DXL676TH/ref=sr_1_775,"3,99 €",Rachel Amphlett,"4,3 sur 5 étoiles, détails de l’évaluation",239,Format Kindle,https://m.media-amazon.com/images/I/813SM-noFuL._AC_UY218_.jpg,2025-09-04T18:29:36.864830,Description non disponible depuis la recherche,Stock non disponible,ISBN non disponible,Éditeur non disponible,Date non disponible,Nombre de pages non disponible,Rang de vente non disponible,Science-Fiction,49.0,,,,
Courir Vers Toi (Série de romans « 100 » - Tome 4): Une romance de garde du corps,https://www.amazon.fr/Courir-Vers-Toi-S%C3%A9rie-romans/dp/B0F13BH9ZB/ref=sr_1_776,"18,00 €",Lara Adrian,"4,6 sur 5 étoiles, détails de l’évaluation",370,Broché,https://m.media-amazon.com/images/I/61G0fYG+bAL._AC_UY218_.jpg,2025-09-04T18:29:36.866986,Description non disponible depuis la recherche,Stock non disponible,ISBN non disponible,Éditeur non disponible,Date non disponible,Nombre de pages non disponible,Rang de vente non disponible,Science-Fiction,49.0,,,,
Douce France,https://www.amazon.fr/Douce-France-C%C3%A9line-Cl%C3%A9ber/dp/2810012636/ref=sr_1_777,"18,00 €",Céline Cléber,"4,2 sur 5 étoiles, détails de l’évaluation",67,Broché,https://m.media-amazon.com/images/I/81IvvAgLXAL._AC_UY218_.jpg,2025-09-04T18:29:36.869898,Description non disponible depuis la recherche,Stock non disponible,ISBN non disponible,Éditeur non disponible,Date non disponible,Nombre de pages non disponible,Rang de vente non disponible,Science-Fiction,49.0,,,,
L'Illusionniste: une enquête de l'Horloger (thriller policier),https://www.amazon.fr/LIllusionniste-enqu%C3%AAte-lHorloger-thriller-policier-ebook/dp/B0F5BYDH5R/ref=sr_1_778,"6,99 €",Pierre Schreiber,Note non disponible,0 avis,Format Kindle,https://m.media-amazon.com/images/I/91KL5dswGwL._AC_UY218_.jpg,2025-09-04T18:29:36.871955,Description non disponible depuis la recherche,Stock non disponible,ISBN non disponible,Éditeur non disponible,Date non disponible,Nombre de pages non disponible,Rang de vente non disponible,Science-Fiction,49.0,,,,
Notre Famille Parfaite: Un thriller psychologique captivant,https://www.amazon.fr/Notre-Famille-Parfaite-psychologique-captivant-ebook/dp/B0FNQ2T8SJ/ref=sr_1_781,"22,14 €",Nicola Marsh,Note non disponible,0 avis,Format Kindle,https://m.media-amazon.com/images/I/81sPrRW1dbL._AC_UY218_.jpg,2025-09-04T18:29:36.880366,Description non disponible depuis la recherche,Stock non disponible,ISBN non disponible,Éditeur non disponible,Date non disponible,Nombre de pages non disponible,Rang de vente non disponible,Science-Fiction,49.0,,,,
Matrices,https://www.amazon.fr/Audible-Matrices/dp/B0D2LP1F4W/ref=sr_1_782,"0,00 €",Livres audio Audible,"4,4 sur 5 étoiles, détails de l’évaluation",1 266,Livres audio Audible,https://m.media-amazon.com/images/I/810Ipsw5UZL._AC_UY218_.jpg,2025-09-04T18:29:36.883256,Description non disponible depuis la recherche,Stock non disponible,ISBN non disponible,Éditeur non disponible,Date non disponible,Nombre de pages non disponible,Rang de vente non disponible,Science-Fiction,49.0,,,,
"La Valse des suspects (Lara, Tome 2)",https://www.amazon.fr/Valse-suspects-Lara-2/dp/225310356X/ref=sr_1_783,"10,90 €",Marie-Bernadette Dupuy,"4,6 sur 5 étoiles, détails de l’évaluation",1 359,Poche,https://m.media-amazon.com/images/I/710ML7LMb5L._AC_UY218_.jpg,2025-09-04T18:29:36.886598,Description non disponible depuis la recherche,Stock non disponible,ISBN non disponible,Éditeur non disponible,Date non disponible,Nombre de pages non disponible,Rang de vente non disponible,Science-Fiction,49.0,,,,
Une mort solitaire (Les enquêtes de Détective Kay Hunter t. 10),https://www.amazon.fr/mort-solitaire-enqu%C3%AAtes-D%C3%A9tective-Hunter-ebook/dp/B0F91FXSRX/ref=sr_1_784,"3,99 €",Rachel Amphlett,"4,3 sur 5 étoiles, détails de l’évaluation",104,Format Kindle,https://m.media-amazon.com/images/I/81JsUh9zYdL._AC_UY218_.jpg,2025-09-04T18:29:36.889176,Description non disponible depuis la recherche,Stock non disponible,ISBN non disponible,Éditeur non disponible,Date non disponible,Nombre de pages non disponible,Rang de vente non disponible,Science-Fiction,49.0,,,,
Mon âme au Diable: Tome 2 (Romance mafia),https://www.amazon.fr/Mon-%C3%A2me-Diable-Romance-mafia/dp/B0D1QQSFHS/ref=sr_1_785,"17,90 €",Clara Brunelli,"4,6 sur 5 étoiles, détails de l’évaluation",543,Broché,https://m.media-amazon.com/images/I/71kGw3GaNsL._AC_UY218_.jpg,2025-09-04T18:29:36.891262,Description non disponible depuis la recherche,Stock non disponible,ISBN non disponible,Éditeur non disponible,Date non disponible,Nombre de pages non disponible,Rang de vente non disponible,Science-Fiction,49.0,,,,
Meurtre à bord de l'Olympic: Un mystère historique des années 1920 sur l'Atlantique (Histoires de Voyages et de Meurtres t. 1),https://www.amazon.fr/Meurtre-bord-lOlympic-historique-lAtlantique-ebook/dp/B0F5BSZ4KJ/ref=sr_1_786,"13,70 €",Jennifer S. Alderson,Note non disponible,0 avis,Format Kindle,https://m.media-amazon.com/images/I/81pcxlCguVL._AC_UY218_.jpg,2025-09-04T18:29:36.893551,Description non disponible depuis la recherche,Stock non disponible,ISBN non disponible,Éditeur non disponible,Date non disponible,Nombre de pages non disponible,Rang de vente non disponible,Science-Fiction,49.0,,,,
Les Héritiers du Silence: thriller contemporain et fresque historique (Les Maîtres du Globe t. 2),https://www.amazon.fr/H%C3%A9ritiers-Silence-thriller-contemporain-historique-ebook/dp/B0FD787HBX/ref=sr_1_787,"6,99 €",Pierre Schreiber,Note non disponible,0 avis,Format Kindle,https://m.media-amazon.com/images/I/81+r6KlHYxL._AC_UY218_.jpg,2025-09-04T18:29:36.895411,Description non disponible depuis la recherche,Stock non disponible,ISBN non disponible,Éditeur non disponible,Date non disponible,Nombre de pages non disponible,Rang de vente non disponible,Science-Fiction,49.0,,,,
Le Frère de sang,https://www.amazon.fr/Fr%C3%A8re-sang-Jacques-RAVENNE/dp/2266176285/ref=sr_1_788,"9,60 €",Éric Giacometti,"4,5 sur 5 étoiles, détails de l’évaluation",718,Poche,https://m.media-amazon.com/images/I/71kSZT4jKfL._AC_UY218_.jpg,2025-09-04T18:29:36.898773,Description non disponible depuis la recherche,Stock non disponible,ISBN non disponible,Éditeur non disponible,Date non disponible,Nombre de pages non disponible,Rang de vente non disponible,Science-Fiction,49.0,,,,
Jojo's - Steel Ball Run - Coffret T01 à T12,https://www.amazon.fr/Jojos-Steel-Ball-Run-Coffret/dp/2413085017/ref=sr_1_787,"89,95 €",Hirohiko Araki,"5,0 sur 5 étoiles, détails de l’évaluation",9,Broché,https://m.media-amazon.com/images/I/81hN1P1YBeL._AC_UY218_.jpg,2025-09-04T18:29:45.129605,Description non disponible depuis la recherche,Stock non disponible,ISBN non disponible,Éditeur non disponible,Date non disponible,Nombre de pages non disponible,Rang de vente non disponible,Science-Fiction,50.0,,,,
Boucle d'or,https://www.amazon.fr/Boucle-dor-Yvan-Godbout/dp/2849336998/ref=sr_1_788,"14,90 €",Yvan Godbout,"4,6 sur 5 étoiles, détails de l’évaluation",539,Broché,https://m.media-amazon.com/images/I/71V+CO+PqeL._AC_UY218_.jpg,2025-09-04T18:29:45.132538,Description non disponible depuis la recherche,Stock non disponible,ISBN non disponible,Éditeur non disponible,Date non disponible,Nombre de pages non disponible,Rang de vente non disponible,Science-Fiction,50.0,,,,
LA DERNIÈRE CRYPTE (Les aventures d'Ulysse Vidal t. 1),https://www.amazon.fr/DERNI%C3%88RE-CRYPTE-aventures-dUlysse-Vidal-ebook/dp/B08CKSN4CV/ref=sr_1_789,"19,95 €",Fernando Gamboa,"4,2 sur 5 étoiles, détails de l’évaluation",5 732,Format Kindle,https://m.media-amazon.com/images/I/A1TJ8ewgZVL._AC_UY218_.jpg,2025-09-04T18:29:45.135593,Description non disponible depuis la recherche,Stock non disponible,ISBN non disponible,Éditeur non disponible,Date non disponible,Nombre de pages non disponible,Rang de vente non disponible,Science-Fiction,50.0,,,,
Scalpées dans la baie,https://www.amazon.fr/Scalp%C3%A9es-dans-baie-Nadine-Mousselet/dp/2266351834/ref=sr_1_790,"8,40 €",Nadine Mousselet,"4,3 sur 5 étoiles, détails de l’évaluation",67,Poche,https://m.media-amazon.com/images/I/6190T-IDFEL._AC_UY218_.jpg,2025-09-04T18:29:45.138854,Description non disponible depuis la recherche,Stock non disponible,ISBN non disponible,Éditeur non disponible,Date non disponible,Nombre de pages non disponible,Rang de vente non disponible,Science-Fiction,50.0,,,,
"Reine Rouge : Thriller, Roman policier nouveauté 2023 au plus de 2 millions d'exemplaires vendus et récompensé du prix du meilleur roman International au festival de Cognac (1)",https://www.amazon.fr/Reine-Rouge-dexemplaires-r%C3%A9compens%C3%A9-International/dp/2266329391/ref=sr_1_791,"9,90 €",Juan Gómez-Jurado,"4,3 sur 5 étoiles, détails de l’évaluation",4 173,Poche,https://m.media-amazon.com/images/I/61phV3Gb4iL._AC_UY218_.jpg,2025-09-04T18:29:45.142276,Description non disponible depuis la recherche,Stock non disponible,ISBN non disponible,Éditeur non disponible,Date non disponible,Nombre de pages non disponible,Rang de vente non disponible,Science-Fiction,50.0,,,,
La Fille d'avant,https://www.amazon.fr/Fille-davant-J-P-Delaney/dp/2253092568/ref=sr_1_792,"9,90 €",J.P. Delaney,"4,1 sur 5 étoiles, détails de l’évaluation",941,Poche,https://m.media-amazon.com/images/I/812sIXatb-L._AC_UY218_.jpg,2025-09-04T18:29:45.145638,Description non disponible depuis la recherche,Stock non disponible,ISBN non disponible,Éditeur non disponible,Date non disponible,Nombre de pages non disponible,Rang de vente non disponible,Science-Fiction,50.0,,,,
Les mensonges qui nous lient,https://www.amazon.fr/mensonges-qui-nous-lient-ebook/dp/B0FMKPNXR7/ref=sr_1_793,"0,00 €",Molly Black,"3,2 sur 5 étoiles, détails de l’évaluation",26,Format Kindle,https://m.media-amazon.com/images/I/81+gSrNT1uL._AC_UY218_.jpg,2025-09-04T18:29:45.147427,Description non disponible depuis la recherche,Stock non disponible,ISBN non disponible,Éditeur non disponible,Date non disponible,Nombre de pages non disponible,Rang de vente non disponible,Science-Fiction,50.0,,,,
L'Ultime secret du Christ,https://www.amazon.fr/LUltime-secret-Christ-Rodrigues-SANTOS/dp/2266245481/ref=sr_1_794,"9,90 €",José Rodrigues Dos Santos,"4,4 sur 5 étoiles, détails de l’évaluation",1 320,Poche,https://m.media-amazon.com/images/I/61GuO7L5oFL._AC_UY218_.jpg,2025-09-04T18:29:45.150874,Description non disponible depuis la recherche,Stock non disponible,ISBN non disponible,Éditeur non disponible,Date non disponible,Nombre de pages non disponible,Rang de vente non disponible,Science-Fiction,50.0,,,,
"19, River Street: Thriller psychologique, nouveauté 2024",https://www.amazon.fr/19-River-Street-psychologique-nouveaut%C3%A9/dp/2266345710/ref=sr_1_797,"8,70 €",Laure Rollier,"4,2 sur 5 étoiles, détails de l’évaluation",173,Poche,https://m.media-amazon.com/images/I/61sQAdX-tBL._AC_UY218_.jpg,2025-09-04T18:29:45.159548,Description non disponible depuis la recherche,Stock non disponible,ISBN non disponible,Éditeur non disponible,Date non disponible,Nombre de pages non disponible,Rang de vente non disponible,Science-Fiction,50.0,,,,
Je serai ton ombre (Hauteville Suspense),https://www.amazon.fr/serai-ton-ombre-Lisa-Jewell-ebook/dp/B09FXZ5KPN/ref=sr_1_798,"5,99 €",Lisa Jewell,"4,2 sur 5 étoiles, détails de l’évaluation",4 687,Format Kindle,https://m.media-amazon.com/images/I/81fyaxP9wSL._AC_UY218_.jpg,2025-09-04T18:29:45.162924,Description non disponible depuis la recherche,Stock non disponible,ISBN non disponible,Éditeur non disponible,Date non disponible,Nombre de pages non disponible,Rang de vente non disponible,Science-Fiction,50.0,,,,
Okavango,https://www.amazon.fr/Okavango-Caryl-F%C3%A9rey/dp/2073088066/ref=sr_1_799,"10,00 €",Caryl Férey,"4,4 sur 5 étoiles, détails de l’évaluation",920,Poche,https://m.media-amazon.com/images/I/71EorjfD9ZL._AC_UY218_.jpg,2025-09-04T18:29:45.166364,Description non disponible depuis la recherche,Stock non disponible,ISBN non disponible,Éditeur non disponible,Date non disponible,Nombre de pages non disponible,Rang de vente non disponible,Science-Fiction,50.0,,,,
Seul le silence,https://www.amazon.fr/Seul-silence-R-J-Ellory/dp/225312527X/ref=sr_1_800,"10,40 €",R. J. Ellory,"4,2 sur 5 étoiles, détails de l’évaluation",1 293,Poche,https://m.media-amazon.com/images/I/81PoDKTDMVL._AC_UY218_.jpg,2025-09-04T18:29:45.169785,Description non disponible depuis la recherche,Stock non disponible,ISBN non disponible,Éditeur non disponible,Date non disponible,Nombre de pages non disponible,Rang de vente non disponible,Science-Fiction,50.0,,,,
Les Enquêtes d'Hannah Swensen - Tome 5: Meurtres et cupcakes au caramel,https://www.amazon.fr/Enqu%C3%AAtes-dHannah-Swensen-Meurtres-cupcakes/dp/B0CVL3FKK3/ref=sr_1_801,"8,40 €",Joanne Fluke,"4,5 sur 5 étoiles, détails de l’évaluation",443,Poche,https://m.media-amazon.com/images/I/51DhRaipNGL._AC_UY218_.jpg,2025-09-04T18:29:45.173349,Description non disponible depuis la recherche,Stock non disponible,ISBN non disponible,Éditeur non disponible,Date non disponible,Nombre de pages non disponible,Rang de vente non disponible,Science-Fiction,50.0,,,,
Morts suspectes à Belle-Île: Les trois Brestoises - Tome 15,https://www.amazon.fr/Morts-suspectes-Belle-%C3%8Ele-trois-Brestoises-ebook/dp/B0FC5NXKR7/ref=sr_1_802,Prix non disponible,Pierre Pouchairet,"4,4 sur 5 étoiles, détails de l’évaluation",406,Format Kindle,https://m.media-amazon.com/images/I/71V+IHp7wzL._AC_UY218_.jpg,2025-09-04T18:29:45.175709,Description non disponible depuis la recherche,Stock non disponible,ISBN non disponible,Éditeur non disponible,Date non disponible,Nombre de pages non disponible,Rang de vente non disponible,Science-Fiction,50.0,,,,
Le dossier 1569,https://www.amazon.fr/dossier-1569-Jorn-Lier-Horst-ebook/dp/B0DV9B6CM7/ref=sr_1_803,"14,99 €",Jorn Lier Horst,"4,3 sur 5 étoiles, détails de l’évaluation",299,Format Kindle,https://m.media-amazon.com/images/I/91Iyhh+CdvL._AC_UY218_.jpg,2025-09-04T18:29:45.179181,Description non disponible depuis la recherche,Stock non disponible,ISBN non disponible,Éditeur non disponible,Date non disponible,Nombre de pages non disponible,Rang de vente non disponible,Science-Fiction,50.0,,,,
Tôt ou tarte: (Les Thés meurtriers d’Oxford ~ Livre 5),https://www.amazon.fr/T%C3%B4t-tarte-meurtriers-dOxford-Livre/dp/1922436704/ref=sr_1_804,"15,90 €",H.Y. Hanna,"4,5 sur 5 étoiles, détails de l’évaluation",1 375,Broché,https://m.media-amazon.com/images/I/71hJPjKwSgL._AC_UY218_.jpg,2025-09-04T18:29:45.181634,Description non disponible depuis la recherche,Stock non disponible,ISBN non disponible,Éditeur non disponible,Date non disponible,Nombre de pages non disponible,Rang de vente non disponible,Science-Fiction,50.0,,,,
"Les morts ont la parole: Philippe Boxho, médecin légiste, fait parler les cadavres. Âmes sensibles s abstenir !",https://www.amazon.fr/morts-ont-parole-cadavres-sensibles/dp/238075697X/ref=sr_1_19,"19,90 €",Philippe Boxho,"4,6 sur 5 étoiles, détails de l’évaluation",3 472,Broché,https://m.media-amazon.com/images/I/71xP2lzMlyL._AC_UY218_.jpg,2025-09-03T21:04:38.464901,Description non disponible depuis la recherche,Stock non disponible,ISBN non disponible,Éditeur non disponible,Date non disponible,Nombre de pages non disponible,Rang de vente non disponible,Science-Fiction,2.0,,,,
Le boyfriend,https://www.amazon.fr/boyfriend-Freida-McFadden/dp/2824627158/ref=sr_1_21,"22,00 €",Freida McFadden,Note non disponible,0 avis,Broché,https://m.media-amazon.com/images/I/71HhV5PusPL._AC_UY218_.jpg,2025-09-03T21:04:38.472294,Description non disponible depuis la recherche,Stock non disponible,ISBN non disponible,Éditeur non disponible,Date non disponible,Nombre de pages non disponible,Rang de vente non disponible,Science-Fiction,2.0,,,,
La Très Catastrophique Visite du Zoo,https://www.amazon.fr/Tr%C3%A8s-Catastrophique-Visite-Zoo/dp/B0DZ2X2JS5/ref=sr_1_22,"0,00 €",Livres audio Audible,"4,2 sur 5 étoiles, détails de l’évaluation",4 110,Livres audio Audible,https://m.media-amazon.com/images/I/81lipiEAp1L._AC_UY218_.jpg,2025-09-03T21:04:38.475835,Description non disponible depuis la recherche,Stock non disponible,ISBN non disponible,Éditeur non disponible,Date non disponible,Nombre de pages non disponible,Rang de vente non disponible,Science-Fiction,2.0,,,,
L'Homme sans nom,https://www.amazon.fr/LHomme-sans-nom-Jack-Beaumont-ebook/dp/B0BXZKD41R/ref=sr_1_23,"13,99 €",Jack Beaumont,"4,5 sur 5 étoiles, détails de l’évaluation",199,Format Kindle,https://m.media-amazon.com/images/I/81dbqo2Nk3L._AC_UY218_.jpg,2025-09-03T21:04:38.478742,Description non disponible depuis la recherche,Stock non disponible,ISBN non disponible,Éditeur non disponible,Date non disponible,Nombre de pages non disponible,Rang de vente non disponible,Science-Fiction,2.0,,,,
Un automne pour te pardonner - poche: Seasons Tome 1,https://www.amazon.fr/automne-pour-pardonner-poche-Seasons/dp/275567119X/ref=sr_1_24,"8,90 €",Morgane Moncomble,"4,6 sur 5 étoiles, détails de l’évaluation",2 994,Poche,https://m.media-amazon.com/images/I/81iiOMEmlGL._AC_UY218_.jpg,2025-09-03T21:04:38.482170,Description non disponible depuis la recherche,Stock non disponible,ISBN non disponible,Éditeur non disponible,Date non disponible,Nombre de pages non disponible,Rang de vente non disponible,Science-Fiction,2.0,,,,
The Hallmarked Man: Cormoran Strike Book 8,https://www.amazon.fr/Hallmarked-Man-Cormoran-Strike-Book/dp/1408723794/ref=sr_1_25,"23,16 €",Robert Galbraith,Note non disponible,0 avis,Broché,https://m.media-amazon.com/images/I/819s6imvivL._AC_UY218_.jpg,2025-09-03T21:04:38.486477,Description non disponible depuis la recherche,Stock non disponible,ISBN non disponible,Éditeur non disponible,Date non disponible,Nombre de pages non disponible,Rang de vente non disponible,Science-Fiction,2.0,,,,
La chirurgienne,https://www.amazon.fr/chirurgienne-Leslie-Wolfe/dp/2290422886/ref=sr_1_26,"8,80 €",Leslie Wolfe,"4,3 sur 5 étoiles, détails de l’évaluation",38,Poche,https://m.media-amazon.com/images/I/71xKvLKuUmL._AC_UY218_.jpg,2025-09-03T21:04:38.488776,Description non disponible depuis la recherche,Stock non disponible,ISBN non disponible,Éditeur non disponible,Date non disponible,Nombre de pages non disponible,Rang de vente non disponible,Science-Fiction,2.0,,,,
"Lakestone - tome 1: Après Captive, le nouveau roman phénomène de Sarah Rivens",https://www.amazon.fr/Lakestone-Captive-nouveau-ph%C3%A9nom%C3%A8ne-Rivens/dp/2017207039/ref=sr_1_29,"20,00 €",Sarah Rivens,"4,7 sur 5 étoiles, détails de l’évaluation",3 211,Broché,https://m.media-amazon.com/images/I/81dm40luYyL._AC_UY218_.jpg,2025-09-03T21:04:38.498609,Description non disponible depuis la recherche,Stock non disponible,ISBN non disponible,Éditeur non disponible,Date non disponible,Nombre de pages non disponible,Rang de vente non disponible,Science-Fiction,2.0,,,,
Sur tes traces,https://www.amazon.fr/Sur-tes-traces-Harlan-Coben/dp/2266341685/ref=sr_1_30,"9,30 €",Harlan Coben,"4,4 sur 5 étoiles, détails de l’évaluation",2 126,Poche,https://m.media-amazon.com/images/I/61BSSzU4nOL._AC_UY218_.jpg,2025-09-03T21:04:38.502703,Description non disponible depuis la recherche,Stock non disponible,ISBN non disponible,Éditeur non disponible,Date non disponible,Nombre de pages non disponible,Rang de vente non disponible,Science-Fiction,2.0,,,,
"La mort en face: Dr. Philippe Boxho, le médecin légiste qui fait parler les morts.",https://www.amazon.fr/mort-face-Philippe-m%C3%A9decin-l%C3%A9giste/dp/2380759782/ref=sr_1_31,"19,90 €",Philippe Boxho,"4,7 sur 5 étoiles, détails de l’évaluation",1 551,Broché,https://m.media-amazon.com/images/I/81XpC2+esxL._AC_UY218_.jpg,2025-09-03T21:04:38.505599,Description non disponible depuis la recherche,Stock non disponible,ISBN non disponible,Éditeur non disponible,Date non disponible,Nombre de pages non disponible,Rang de vente non disponible,Science-Fiction,2.0,,,,
Post mortem: Prix du Quai des Orfèvres 2025,https://www.amazon.fr/Post-mortem-Prix-Quai-Orf%C3%A8vres/dp/2213727813/ref=sr_1_32,"9,90 €",Olivier Tournut,"4,2 sur 5 étoiles, détails de l’évaluation",1 717,Poche,https://m.media-amazon.com/images/I/71UrEuWRKiL._AC_UY218_.jpg,2025-09-03T21:04:38.508972,Description non disponible depuis la recherche,Stock non disponible,ISBN non disponible,Éditeur non disponible,Date non disponible,Nombre de pages non disponible,Rang de vente non disponible,Science-Fiction,2.0,,,,
Les Assassins de l'aube,https://www.amazon.fr/Assassins-laube-Michel-Bussi/dp/2266353268/ref=sr_1_33,"9,30 €",Michel Bussi,"4,4 sur 5 étoiles, détails de l’évaluation",2 240,Poche,https://m.media-amazon.com/images/I/71KYwOYRSbL._AC_UY218_.jpg,2025-09-03T21:04:38.512593,Description non disponible depuis la recherche,Stock non disponible,ISBN non disponible,Éditeur non disponible,Date non disponible,Nombre de pages non disponible,Rang de vente non disponible,Science-Fiction,2.0,,,,
Désenchantées,https://www.amazon.fr/D%C3%A9senchant%C3%A9es-Marie-Vareille/dp/2253244430/ref=sr_1_34,"9,20 €",Marie Vareille,"4,6 sur 5 étoiles, détails de l’évaluation",5 620,Poche,https://m.media-amazon.com/images/I/71aRseP30lL._AC_UY218_.jpg,2025-09-03T21:04:38.516151,Description non disponible depuis la recherche,Stock non disponible,ISBN non disponible,Éditeur non disponible,Date non disponible,Nombre de pages non disponible,Rang de vente non disponible,Science-Fiction,2.0,,,,
Une invitée particulière - Recommandé par l'autrice de La femme de ménage,https://www.amazon.fr/Une-invit%C3%A9e-particuli%C3%A8re-Recommand%C3%A9-lautrice/dp/2290401374/ref=sr_1_35,"8,60 €",Nelle Lamarr,"4,2 sur 5 étoiles, détails de l’évaluation",771,Poche,https://m.media-amazon.com/images/I/71gWuWyyzZL._AC_UY218_.jpg,2025-09-03T21:04:38.519032,Description non disponible depuis la recherche,Stock non disponible,ISBN non disponible,Éditeur non disponible,Date non disponible,Nombre de pages non disponible,Rang de vente non disponible,Science-Fiction,2.0,,,,
"Norferville : Roman nouveauté 2024 de Franck Thilliez, Par l'auteur de thrillers préféré des français, Roman policier ambitieux par l'auteur du best seller ""La Faille""",https://www.amazon.fr/Norferville-nouveaut%C3%A9-Thilliez-thrillers-ambitieux/dp/2266349023/ref=sr_1_36,"9,60 €",Franck Thilliez,"4,5 sur 5 étoiles, détails de l’évaluation",4 477,Poche,https://m.media-amazon.com/images/I/61vuKtfy1HL._AC_UY218_.jpg,2025-09-03T21:04:38.522412,Description non disponible depuis la recherche,Stock non disponible,ISBN non disponible,Éditeur non disponible,Date non disponible,Nombre de pages non disponible,Rang de vente non disponible,Science-Fiction,2.0,,,,
"Meurtres sur le glacier (Laura Badía, criminologue)",https://www.amazon.fr/Meurtres-glacier-Laura-Bad%C3%ADa-criminologue-ebook/dp/B0CW1JHD4K/ref=sr_1_35,"3,99 €",Cristian Perfumo,"4,4 sur 5 étoiles, détails de l’évaluation",4 544,Format Kindle,https://m.media-amazon.com/images/I/81vWVgHVoeL._AC_UY218_.jpg,2025-09-03T21:04:48.506365,Description non disponible depuis la recherche,Stock non disponible,ISBN non disponible,Éditeur non disponible,Date non disponible,Nombre de pages non disponible,Rang de vente non disponible,Science-Fiction,3.0,,,,
"Chut, ma puce: Un thriller palpitant au suspens incroyable (Les enquêtes de l'inspectrice Josie Quinn t. 11)",https://www.amazon.fr/Chut-puce-palpitant-incroyable-linspectrice-ebook/dp/B0F14G5J9W/ref=sr_1_36,"11,98 €",Lisa Regan,"4,5 sur 5 étoiles, détails de l’évaluation",430,Format Kindle,https://m.media-amazon.com/images/I/81-ohxX4N1L._AC_UY218_.jpg,2025-09-03T21:04:48.509104,Description non disponible depuis la recherche,Stock non disponible,ISBN non disponible,Éditeur non disponible,Date non disponible,Nombre de pages non disponible,Rang de vente non disponible,Science-Fiction,3.0,,,,
The Devil's Sons - Tome 5,https://www.amazon.fr/Devils-Sons-5-Chlo%C3%A9-Wallerand-ebook/dp/B0F2R39WRR/ref=sr_1_37,"5,99 €",Chloé Wallerand,"4,8 sur 5 étoiles, détails de l’évaluation",1 490,Format Kindle,https://m.media-amazon.com/images/I/818yixrT56L._AC_UY218_.jpg,2025-09-03T21:04:48.512444,Description non disponible depuis la recherche,Stock non disponible,ISBN non disponible,Éditeur non disponible,Date non disponible,Nombre de pages non disponible,Rang de vente non disponible,Science-Fiction,3.0,,,,
Entretien avec un cadavre: Un médecin légiste fait parler les morts,https://www.amazon.fr/Entretien-avec-cadavre-m%C3%A9decin-l%C3%A9giste/dp/2380759057/ref=sr_1_38,"19,90 €",Philippe Boxho,"4,6 sur 5 étoiles, détails de l’évaluation",2 617,Broché,https://m.media-amazon.com/images/I/81k5mpBl+rL._AC_UY218_.jpg,2025-09-03T21:04:48.515421,Description non disponible depuis la recherche,Stock non disponible,ISBN non disponible,Éditeur non disponible,Date non disponible,Nombre de pages non disponible,Rang de vente non disponible,Science-Fiction,3.0,,,,
Rien ne t'efface,https://www.amazon.fr/Rien-ne-tefface-Michel-Bussi/dp/226632084X/ref=sr_1_39,"9,60 €",Michel Bussi,"4,2 sur 5 étoiles, détails de l’évaluation",6 479,Poche,https://m.media-amazon.com/images/I/61ifgrACjML._AC_UY218_.jpg,2025-09-03T21:04:48.518866,Description non disponible depuis la recherche,Stock non disponible,ISBN non disponible,Éditeur non disponible,Date non disponible,Nombre de pages non disponible,Rang de vente non disponible,Science-Fiction,3.0,,,,
Le Cercle de Finsbury,https://www.amazon.fr/Cercle-Finsbury-B-Paris/dp/2253195456/ref=sr_1_40,"8,70 €",B.A. Paris,"4,3 sur 5 étoiles, détails de l’évaluation",296,Poche,https://m.media-amazon.com/images/I/81Ov7JH8FAL._AC_UY218_.jpg,2025-09-03T21:04:48.523110,Description non disponible depuis la recherche,Stock non disponible,ISBN non disponible,Éditeur non disponible,Date non disponible,Nombre de pages non disponible,Rang de vente non disponible,Science-Fiction,3.0,,,,
Sous les eaux d'Avalon (Suspense Crime),https://www.amazon.fr/Sous-eaux-dAvalon-Suspense-Crime-ebook/dp/B0F8NVRCHX/ref=sr_1_41,"15,99 €",Michael Connelly,"4,0 sur 5 étoiles, détails de l’évaluation",914,Format Kindle,https://m.media-amazon.com/images/I/81wLu6QIgJL._AC_UY218_.jpg,2025-09-03T21:04:48.526692,Description non disponible depuis la recherche,Stock non disponible,ISBN non disponible,Éditeur non disponible,Date non disponible,Nombre de pages non disponible,Rang de vente non disponible,Science-Fiction,3.0,,,,
Lui & Moi,https://www.amazon.fr/Lui-Moi-Alice-Feeney/dp/2381223967/ref=sr_1_42,"8,95 €",Alice Feeney,"4,4 sur 5 étoiles, détails de l’évaluation",800,Poche,https://m.media-amazon.com/images/I/81kIQPLl3ML._AC_UY218_.jpg,2025-09-03T21:04:48.530081,Description non disponible depuis la recherche,Stock non disponible,ISBN non disponible,Éditeur non disponible,Date non disponible,Nombre de pages non disponible,Rang de vente non disponible,Science-Fiction,3.0,,,,
Dans mon ombre,https://www.amazon.fr/Dans-mon-ombre-Claire-McGowan/dp/2381229612/ref=sr_1_45,"8,95 €",Claire McGowan,"4,2 sur 5 étoiles, détails de l’évaluation",1 139,Poche,https://m.media-amazon.com/images/I/81HKSFpkBeL._AC_UY218_.jpg,2025-09-03T21:04:48.540046,Description non disponible depuis la recherche,Stock non disponible,ISBN non disponible,Éditeur non disponible,Date non disponible,Nombre de pages non disponible,Rang de vente non disponible,Science-Fiction,3.0,,,,
Un Jeu si Cruel,https://www.amazon.fr/Jeu-si-Cruel-Nina-Belle/dp/B0FHFM1W74/ref=sr_1_46,"21,99 €",Nina Belle,"4,6 sur 5 étoiles, détails de l’évaluation",102,Broché,https://m.media-amazon.com/images/I/71VpW9rorzL._AC_UY218_.jpg,2025-09-03T21:04:48.542725,Description non disponible depuis la recherche,Stock non disponible,ISBN non disponible,Éditeur non disponible,Date non disponible,Nombre de pages non disponible,Rang de vente non disponible,Science-Fiction,3.0,,,,
La Femme du serial killer - un suspense adapté en série par Paramount+,https://www.amazon.fr/Femme-serial-killer-suspense-Paramount-ebook/dp/B0FD53G4Q1/ref=sr_1_47,"15,99 €",Alice Hunter,"4,3 sur 5 étoiles, détails de l’évaluation",54,Format Kindle,https://m.media-amazon.com/images/I/71OnG5T1xfL._AC_UY218_.jpg,2025-09-03T21:04:48.546208,Description non disponible depuis la recherche,Stock non disponible,ISBN non disponible,Éditeur non disponible,Date non disponible,Nombre de pages non disponible,Rang de vente non disponible,Science-Fiction,3.0,,,,
La gouvernante,https://www.amazon.fr/gouvernante-Joy-Fielding/dp/B0DJSC7H7Z/ref=sr_1_48,"8,50 €",Joy Fielding,"4,4 sur 5 étoiles, détails de l’évaluation",816,Poche,https://m.media-amazon.com/images/I/617ptosFZjL._AC_UY218_.jpg,2025-09-03T21:04:48.548901,Description non disponible depuis la recherche,Stock non disponible,ISBN non disponible,Éditeur non disponible,Date non disponible,Nombre de pages non disponible,Rang de vente non disponible,Science-Fiction,3.0,,,,
Toutes les nuances de la nuit,https://www.amazon.fr/Toutes-nuances-nuit-Chris-Whitaker-ebook/dp/B0DP1FX8Y9/ref=sr_1_49,"16,99 €",Chris Whitaker,"4,5 sur 5 étoiles, détails de l’évaluation",335,Format Kindle,https://m.media-amazon.com/images/I/91ANcWm4XvL._AC_UY218_.jpg,2025-09-03T21:04:48.551425,Description non disponible depuis la recherche,Stock non disponible,ISBN non disponible,Éditeur non disponible,Date non disponible,Nombre de pages non disponible,Rang de vente non disponible,Science-Fiction,3.0,,,,
Son employée (Black Lab),https://www.amazon.fr/Son-employ%C3%A9e-Black-Samantha-Hayes-ebook/dp/B0F18VWNC9/ref=sr_1_50,"15,99 €",Samantha Hayes,"4,4 sur 5 étoiles, détails de l’évaluation",197,Format Kindle,https://m.media-amazon.com/images/I/71m1h91kq9L._AC_UY218_.jpg,2025-09-03T21:04:48.554775,Description non disponible depuis la recherche,Stock non disponible,ISBN non disponible,Éditeur non disponible,Date non disponible,Nombre de pages non disponible,Rang de vente non disponible,Science-Fiction,3.0,,,,
Purgatoire des innocents,https://www.amazon.fr/Purgatoire-innocents-Karine-Giebel/dp/2266246240/ref=sr_1_52,"9,60 €",Karine Giebel,"4,6 sur 5 étoiles, détails de l’évaluation",2 864,Poche,https://m.media-amazon.com/images/I/61uWcyCIjZL._AC_UY218_.jpg,2025-09-03T21:04:48.560985,Description non disponible depuis la recherche,Stock non disponible,ISBN non disponible,Éditeur non disponible,Date non disponible,Nombre de pages non disponible,Rang de vente non disponible,Science-Fiction,3.0,,,,
Surface,https://www.amazon.fr/Surface-Olivier-NOREK/dp/2266287990/ref=sr_1_51,"9,00 €",Olivier Norek,"4,6 sur 5 étoiles, détails de l’évaluation",7 089,Poche,https://m.media-amazon.com/images/I/61LRIXbGQ6L._AC_UY218_.jpg,2025-09-03T21:04:55.913412,Description non disponible depuis la recherche,Stock non disponible,ISBN non disponible,Éditeur non disponible,Date non disponible,Nombre de pages non disponible,Rang de vente non disponible,Science-Fiction,4.0,,,,
Captive - tome 2,https://www.amazon.fr/Captive-2-Sarah-Rivens/dp/2017206954/ref=sr_1_52,"20,90 €",Sarah Rivens,"4,7 sur 5 étoiles, détails de l’évaluation",4 881,Broché,https://m.media-amazon.com/images/I/81xSKdVI1qL._AC_UY218_.jpg,2025-09-03T21:04:55.916971,Description non disponible depuis la recherche,Stock non disponible,ISBN non disponible,Éditeur non disponible,Date non disponible,Nombre de pages non disponible,Rang de vente non disponible,Science-Fiction,4.0,,,,
Mirage,https://www.amazon.fr/Mirage-Camilla-L%C3%A4ckberg-ebook/dp/B0F31C3D6R/ref=sr_1_53,"17,99 €",Camilla Läckberg,"4,3 sur 5 étoiles, détails de l’évaluation",610,Format Kindle,https://m.media-amazon.com/images/I/81FIhKBMYDL._AC_UY218_.jpg,2025-09-03T21:04:55.920508,Description non disponible depuis la recherche,Stock non disponible,ISBN non disponible,Éditeur non disponible,Date non disponible,Nombre de pages non disponible,Rang de vente non disponible,Science-Fiction,4.0,,,,
La Meute. Nouveauté poche 2025. L'une des révélations du monde du thriller.,https://www.amazon.fr/Meute-Nouveaut%C3%A9-poche-r%C3%A9v%C3%A9lations-thriller/dp/2266348531/ref=sr_1_54,"9,90 €",Olivier Bal,"4,2 sur 5 étoiles, détails de l’évaluation",666,Poche,https://m.media-amazon.com/images/I/61GlZuNUn3L._AC_UY218_.jpg,2025-09-03T21:04:55.924062,Description non disponible depuis la recherche,Stock non disponible,ISBN non disponible,Éditeur non disponible,Date non disponible,Nombre de pages non disponible,Rang de vente non disponible,Science-Fiction,4.0,,,,
Repas de famille de Shari Lapena. Nouveauté poche 2025. Meurtres en famile. Par la reine du thriller psychologique.,https://www.amazon.fr/famille-Nouveaut%C3%A9-Meurtres-thriller-psychologique/dp/2266348035/ref=sr_1_55,"9,60 €",Shari Lapena,"4,2 sur 5 étoiles, détails de l’évaluation",706,Poche,https://m.media-amazon.com/images/I/61O9izsLq6L._AC_UY218_.jpg,2025-09-03T21:04:55.927695,Description non disponible depuis la recherche,Stock non disponible,ISBN non disponible,Éditeur non disponible,Date non disponible,Nombre de pages non disponible,Rang de vente non disponible,Science-Fiction,4.0,,,,
La Porte à Côté: un thriller psychologique redoutablement efficace,https://www.amazon.fr/Porte-C%C3%B4t%C3%A9-thriller-psychologique-redoutablement-ebook/dp/B0F62ZLG1W/ref=sr_1_56,"18,00 €",Alex Sol,"4,2 sur 5 étoiles, détails de l’évaluation",566,Format Kindle,https://m.media-amazon.com/images/I/71KHVsaDTpL._AC_UY218_.jpg,2025-09-03T21:04:55.930626,Description non disponible depuis la recherche,Stock non disponible,ISBN non disponible,Éditeur non disponible,Date non disponible,Nombre de pages non disponible,Rang de vente non disponible,Science-Fiction,4.0,,,,
La Fille sans nom: Un thriller mystérieux au suspense haletant (Les enquêtes de l'inspectrice Josie Quinn t. 2),https://www.amazon.fr/Fille-sans-nom-myst%C3%A9rieux-linspectrice-ebook/dp/B0CPQ6RV58/ref=sr_1_57,"17,99 €",Lisa  Regan,"4,4 sur 5 étoiles, détails de l’évaluation",2 571,Format Kindle,https://m.media-amazon.com/images/I/81UTPcgX6-L._AC_UY218_.jpg,2025-09-03T21:04:55.933000,Description non disponible depuis la recherche,Stock non disponible,ISBN non disponible,Éditeur non disponible,Date non disponible,Nombre de pages non disponible,Rang de vente non disponible,Science-Fiction,4.0,,,,
Verity - NE,https://www.amazon.fr/Verity-NE-Colleen-Hoover/dp/2755664339/ref=sr_1_58,"7,90 €",Colleen Hoover,"4,6 sur 5 étoiles, détails de l’évaluation",1 981,Poche,https://m.media-amazon.com/images/I/815uLu5bBML._AC_UY218_.jpg,2025-09-03T21:04:55.936583,Description non disponible depuis la recherche,Stock non disponible,ISBN non disponible,Éditeur non disponible,Date non disponible,Nombre de pages non disponible,Rang de vente non disponible,Science-Fiction,4.0,,,,
L'Épreuve du feu (Les enquêtes du Commissaire Brunetti t. 32),https://www.amazon.fr/L%C3%89preuve-feu-enqu%C3%AAtes-Commissaire-Brunetti-ebook/dp/B0FGZ9MM3T/ref=sr_1_61,"15,99 €",Donna Leon,"3,8 sur 5 étoiles, détails de l’évaluation",32,Format Kindle,https://m.media-amazon.com/images/I/81R1sZwudgL._AC_UY218_.jpg,2025-09-03T21:04:55.945758,Description non disponible depuis la recherche,Stock non disponible,ISBN non disponible,Éditeur non disponible,Date non disponible,Nombre de pages non disponible,Rang de vente non disponible,Science-Fiction,4.0,,,,
"38, rue de Londres: De l'impunité, Pinochet et le nazi de Patagonie",https://www.amazon.fr/38-rue-Londres-limpunit%C3%A9-Patagonie/dp/2226493441/ref=sr_1_62,"23,90 €",Broché,Note non disponible,0 avis,Broché,https://m.media-amazon.com/images/I/91LckzzOVZL._AC_UY218_.jpg,2025-09-03T21:04:55.949187,Description non disponible depuis la recherche,Stock non disponible,ISBN non disponible,Éditeur non disponible,Date non disponible,Nombre de pages non disponible,Rang de vente non disponible,Science-Fiction,4.0,,,,
H,https://www.amazon.fr/H-Bernard-Minier-ebook/dp/B0DTYXDD74/ref=sr_1_63,"15,99 €",Bernard Minier,"4,4 sur 5 étoiles, détails de l’évaluation",1 917,Format Kindle,https://m.media-amazon.com/images/I/81xKazaBzHL._AC_UY218_.jpg,2025-09-03T21:04:55.952646,Description non disponible depuis la recherche,Stock non disponible,ISBN non disponible,Éditeur non disponible,Date non disponible,Nombre de pages non disponible,Rang de vente non disponible,Science-Fiction,4.0,,,,
Suspect,https://www.amazon.fr/Suspect-Danielle-Steel/dp/2258203554/ref=sr_1_64,"20,90 €",Danielle Steel,"4,3 sur 5 étoiles, détails de l’évaluation",28,Broché,https://m.media-amazon.com/images/I/61XB406wo-L._AC_UY218_.jpg,2025-09-03T21:04:55.955631,Description non disponible depuis la recherche,Stock non disponible,ISBN non disponible,Éditeur non disponible,Date non disponible,Nombre de pages non disponible,Rang de vente non disponible,Science-Fiction,4.0,,,,
Douce folie meurtrière,https://www.amazon.fr/Douce-folie-meurtriere-Laura-Ezrena/dp/2379936919/ref=sr_1_65,"21,01 €",Laura Ezrena,"4,4 sur 5 étoiles, détails de l’évaluation",245,Broché,https://m.media-amazon.com/images/I/71WgjfvP47L._AC_UY218_.jpg,2025-09-03T21:04:55.959079,Description non disponible depuis la recherche,Stock non disponible,ISBN non disponible,Éditeur non disponible,Date non disponible,Nombre de pages non disponible,Rang de vente non disponible,Science-Fiction,4.0,,,,
Valentina - Tome 02,https://www.amazon.fr/Valentina-02-Azra-Reed/dp/2755677422/ref=sr_1_66,"19,95 €",Azra Reed,"4,6 sur 5 étoiles, détails de l’évaluation",492,Broché,https://m.media-amazon.com/images/I/81jgzQyX7uL._AC_UY218_.jpg,2025-09-03T21:04:55.962565,Description non disponible depuis la recherche,Stock non disponible,ISBN non disponible,Éditeur non disponible,Date non disponible,Nombre de pages non disponible,Rang de vente non disponible,Science-Fiction,4.0,,,,
Angélique,https://www.amazon.fr/Ang%C3%A9lique-Guillaume-Musso/dp/225310664X/ref=sr_1_67,"8,90 €",Guillaume Musso,"4,2 sur 5 étoiles, détails de l’évaluation",7 600,Poche,https://m.media-amazon.com/images/I/81ACzU0oTeL._AC_UY218_.jpg,2025-09-03T21:04:55.966142,Description non disponible depuis la recherche,Stock non disponible,ISBN non disponible,Éditeur non disponible,Date non disponible,Nombre de pages non disponible,Rang de vente non disponible,Science-Fiction,4.0,,,,
La vague,https://www.amazon.fr/Vague-Todd-STRASSER/dp/2266185691/ref=sr_1_68,"7,40 €",Todd Strasser,"4,6 sur 5 étoiles, détails de l’évaluation",3 998,Poche,https://m.media-amazon.com/images/I/617SHAEjKKL._AC_UY218_.jpg,2025-09-03T21:04:55.970011,Description non disponible depuis la recherche,Stock non disponible,ISBN non disponible,Éditeur non disponible,Date non disponible,Nombre de pages non disponible,Rang de vente non disponible,Science-Fiction,4.0,,,,
Sans soleil - tome 2 - Le Roi des ombres,https://www.amazon.fr/Sans-soleil-2-Roi-ombres-ebook/dp/B0DP1JD3P8/ref=sr_1_67,"14,99 €",Jean-Christophe Grangé,"4,4 sur 5 étoiles, détails de l’évaluation",1 751,Format Kindle,https://m.media-amazon.com/images/I/81h+JYqcLgL._AC_UY218_.jpg,2025-09-03T21:05:03.105776,Description non disponible depuis la recherche,Stock non disponible,ISBN non disponible,Éditeur non disponible,Date non disponible,Nombre de pages non disponible,Rang de vente non disponible,Science-Fiction,5.0,,,,
Mon coeur a déménagé,https://www.amazon.fr/Mon-coeur-d%C3%A9m%C3%A9nag%C3%A9-Michel-Bussi/dp/2266347101/ref=sr_1_68,"9,20 €",Michel Bussi,"4,5 sur 5 étoiles, détails de l’évaluation",4 170,Poche,https://m.media-amazon.com/images/I/61ED4thj+ML._AC_UY218_.jpg,2025-09-03T21:05:03.110207,Description non disponible depuis la recherche,Stock non disponible,ISBN non disponible,Éditeur non disponible,Date non disponible,Nombre de pages non disponible,Rang de vente non disponible,Science-Fiction,5.0,,,,
Trop inacceptable: Les Frères Hayes - Livre 2,https://www.amazon.fr/Trop-inacceptable-Fr%C3%A8res-Hayes-Livre/dp/B0DC6WF12K/ref=sr_1_70,"17,92 €",I. A. Dice,"4,7 sur 5 étoiles, détails de l’évaluation",1 973,Broché,https://m.media-amazon.com/images/I/61tCj4zrrPL._AC_UY218_.jpg,2025-09-03T21:05:03.117654,Description non disponible depuis la recherche,Stock non disponible,ISBN non disponible,Éditeur non disponible,Date non disponible,Nombre de pages non disponible,Rang de vente non disponible,Science-Fiction,5.0,,,,
Valentina - Tome 03,https://www.amazon.fr/Valentina-03-Azra-Reed/dp/2755677694/ref=sr_1_71,"19,95 €",Azra Reed,"4,6 sur 5 étoiles, détails de l’évaluation",298,Broché,https://m.media-amazon.com/images/I/81qCNh7Ar5L._AC_UY218_.jpg,2025-09-03T21:05:03.120925,Description non disponible depuis la recherche,Stock non disponible,ISBN non disponible,Éditeur non disponible,Date non disponible,Nombre de pages non disponible,Rang de vente non disponible,Science-Fiction,5.0,,,,
Sans soleil - tome 1 - Disco inferno,https://www.amazon.fr/Sans-soleil-1-Disco-inferno-ebook/dp/B0DNRS15KW/ref=sr_1_72,"14,99 €",Jean-Christophe Grangé,"4,3 sur 5 étoiles, détails de l’évaluation",2 005,Format Kindle,https://m.media-amazon.com/images/I/718UGZE--sL._AC_UY218_.jpg,2025-09-03T21:05:03.124098,Description non disponible depuis la recherche,Stock non disponible,ISBN non disponible,Éditeur non disponible,Date non disponible,Nombre de pages non disponible,Rang de vente non disponible,Science-Fiction,5.0,,,,
Rentre avant la nuit,https://www.amazon.fr/Rentre-avant-nuit-Lisa-Jewell/dp/2381226192/ref=sr_1_73,"8,95 €",Lisa Jewell,"4,4 sur 5 étoiles, détails de l’évaluation",5 791,Poche,https://m.media-amazon.com/images/I/81Yn89s1x9L._AC_UY218_.jpg,2025-09-03T21:05:03.127762,Description non disponible depuis la recherche,Stock non disponible,ISBN non disponible,Éditeur non disponible,Date non disponible,Nombre de pages non disponible,Rang de vente non disponible,Science-Fiction,5.0,,,,
Price of legacy (New romance),https://www.amazon.fr/Price-legacy-romance-Anita-Rigins-ebook/dp/B0DSJ859BP/ref=sr_1_74,"9,99 €",Anita Rigins,"4,4 sur 5 étoiles, détails de l’évaluation",394,Format Kindle,https://m.media-amazon.com/images/I/81qXutMNRNL._AC_UY218_.jpg,2025-09-03T21:05:03.131331,Description non disponible depuis la recherche,Stock non disponible,ISBN non disponible,Éditeur non disponible,Date non disponible,Nombre de pages non disponible,Rang de vente non disponible,Science-Fiction,5.0,,,,
Trop dur: Les Frères Hayes - Livre 5,https://www.amazon.fr/Trop-dur-Fr%C3%A8res-Hayes-Livre-ebook/dp/B0DHV2H7D9/ref=sr_1_77,"18,45 €",I. A. Dice,"4,7 sur 5 étoiles, détails de l’évaluation",1 337,Format Kindle,https://m.media-amazon.com/images/I/71WLo5nJGOL._AC_UY218_.jpg,2025-09-03T21:05:03.140045,Description non disponible depuis la recherche,Stock non disponible,ISBN non disponible,Éditeur non disponible,Date non disponible,Nombre de pages non disponible,Rang de vente non disponible,Science-Fiction,5.0,,,,
"Mauvaise graine: Meilleur polar suédois - Découvrez Failles, le nouveau polar scandinave de Sara Stromberg",https://www.amazon.fr/Mauvaise-graine-D%C3%A9couvrez-scandinave-Stromberg/dp/B0DSKGJWLH/ref=sr_1_78,"8,70 €",Sara Strömberg,"3,8 sur 5 étoiles, détails de l’évaluation",1 158,Poche,https://m.media-amazon.com/images/I/81vWckXluNL._AC_UY218_.jpg,2025-09-03T21:05:03.143828,Description non disponible depuis la recherche,Stock non disponible,ISBN non disponible,Éditeur non disponible,Date non disponible,Nombre de pages non disponible,Rang de vente non disponible,Science-Fiction,5.0,,,,
Au premier regard,https://www.amazon.fr/Au-premier-regard-Lisa-Gardner/dp/2253253405/ref=sr_1_79,"9,90 €",Lisa Gardner,"4,5 sur 5 étoiles, détails de l’évaluation",1 920,Poche,https://m.media-amazon.com/images/I/81Qrch7cBaL._AC_UY218_.jpg,2025-09-03T21:05:03.147440,Description non disponible depuis la recherche,Stock non disponible,ISBN non disponible,Éditeur non disponible,Date non disponible,Nombre de pages non disponible,Rang de vente non disponible,Science-Fiction,5.0,,,,
Trop gentil: Les Frères Hayes - Livre 3,https://www.amazon.fr/Trop-gentil-Fr%C3%A8res-Hayes-Livre/dp/B0DLGFYD7C/ref=sr_1_80,"18,45 €",I. A. Dice,"4,6 sur 5 étoiles, détails de l’évaluation",1 851,Broché,https://m.media-amazon.com/images/I/61iv7Us2izL._AC_UY218_.jpg,2025-09-03T21:05:03.150078,Description non disponible depuis la recherche,Stock non disponible,ISBN non disponible,Éditeur non disponible,Date non disponible,Nombre de pages non disponible,Rang de vente non disponible,Science-Fiction,5.0,,,,
Ton Dernier Soupir: Un thriller incontournable et captivant (Les enquêtes de l'inspectrice Josie Quinn t. 10),https://www.amazon.fr/Ton-Dernier-Soupir-incontournable-linspectrice-ebook/dp/B0DZ8CLXMB/ref=sr_1_81,"12,65 €",Lisa Regan,"4,5 sur 5 étoiles, détails de l’évaluation",714,Format Kindle,https://m.media-amazon.com/images/I/81NpwRwgOQL._AC_UY218_.jpg,2025-09-03T21:05:03.152544,Description non disponible depuis la recherche,Stock non disponible,ISBN non disponible,Éditeur non disponible,Date non disponible,Nombre de pages non disponible,Rang de vente non disponible,Science-Fiction,5.0,,,,
Captive 1.5 - Perfectly Wrong,https://www.amazon.fr/Captive-1-5-Perfectly-Sarah-Rivens/dp/2017206946/ref=sr_1_82,"20,00 €",Sarah Rivens,"4,6 sur 5 étoiles, détails de l’évaluation",1 875,Broché,https://m.media-amazon.com/images/I/71531vE64ML._AC_UY218_.jpg,2025-09-03T21:05:03.156159,Description non disponible depuis la recherche,Stock non disponible,ISBN non disponible,Éditeur non disponible,Date non disponible,Nombre de pages non disponible,Rang de vente non disponible,Science-Fiction,5.0,,,,
Derrière les portes,https://www.amazon.fr/Derri%C3%A8re-portes-B-Paris/dp/2253086444/ref=sr_1_83,"9,20 €",B.A. Paris,"4,3 sur 5 étoiles, détails de l’évaluation",1 523,Poche,https://m.media-amazon.com/images/I/81kMmHCR+JL._AC_UY218_.jpg,2025-09-03T21:05:03.159906,Description non disponible depuis la recherche,Stock non disponible,ISBN non disponible,Éditeur non disponible,Date non disponible,Nombre de pages non disponible,Rang de vente non disponible,Science-Fiction,5.0,,,,
Trop fort: Les Frères Hayes - Livre 4,https://www.amazon.fr/Trop-fort-Fr%C3%A8res-Hayes-Livre-ebook/dp/B0DHV1MT4H/ref=sr_1_84,"18,45 €",I. A. Dice,"4,7 sur 5 étoiles, détails de l’évaluation",1 436,Format Kindle,https://m.media-amazon.com/images/I/71ihlle8kWL._AC_UY218_.jpg,2025-09-03T21:05:03.162598,Description non disponible depuis la recherche,Stock non disponible,ISBN non disponible,Éditeur non disponible,Date non disponible,Nombre de pages non disponible,Rang de vente non disponible,Science-Fiction,5.0,,,,
"Toutes blessent, la dernière tue",https://www.amazon.fr/Toutes-blessent-derni%C3%A8re-Karine-Giebel/dp/2266291904/ref=sr_1_83,"10,70 €",Karine Giebel,"4,6 sur 5 étoiles, détails de l’évaluation",4 140,Poche,https://m.media-amazon.com/images/I/510yy2gzHJL._AC_UY218_.jpg,2025-09-03T21:05:12.844714,Description non disponible depuis la recherche,Stock non disponible,ISBN non disponible,Éditeur non disponible,Date non disponible,Nombre de pages non disponible,Rang de vente non disponible,Science-Fiction,6.0,,,,
La maison des mensonges,https://www.amazon.fr/maison-mensonges-John-Marrs/dp/2824629045/ref=sr_1_84,"8,90 €",John Marrs,"4,3 sur 5 étoiles, détails de l’évaluation",572,Poche,https://m.media-amazon.com/images/I/81S1pLmUMrL._AC_UY218_.jpg,2025-09-03T21:05:12.847558,Description non disponible depuis la recherche,Stock non disponible,ISBN non disponible,Éditeur non disponible,Date non disponible,Nombre de pages non disponible,Rang de vente non disponible,Science-Fiction,6.0,,,,
Un animal sauvage - Nouveauté Joël Dicker 2024,https://www.amazon.fr/animal-sauvage-Nouveaut%C3%A9-Jo%C3%ABl-Dicker-ebook/dp/B0CRX2XVK5/ref=sr_1_85,"16,99 €",Joël Dicker,"4,4 sur 5 étoiles, détails de l’évaluation",9 330,Format Kindle,https://m.media-amazon.com/images/I/71B-SHUek6L._AC_UY218_.jpg,2025-09-03T21:05:12.850945,Description non disponible depuis la recherche,Stock non disponible,ISBN non disponible,Éditeur non disponible,Date non disponible,Nombre de pages non disponible,Rang de vente non disponible,Science-Fiction,6.0,,,,
La Servante écarlate - Nouvelle traduction,https://www.amazon.fr/Servante-%C3%A9carlate-Nouvelle-traduction/dp/2221249941/ref=sr_1_86,"12,50 €",Margaret Atwood,"4,4 sur 5 étoiles, détails de l’évaluation",1 378,Poche,https://m.media-amazon.com/images/I/51H+qxDCtPL._AC_UY218_.jpg,2025-09-03T21:05:12.853763,Description non disponible depuis la recherche,Stock non disponible,ISBN non disponible,Éditeur non disponible,Date non disponible,Nombre de pages non disponible,Rang de vente non disponible,Science-Fiction,6.0,,,,
"Rappelle-toi – Le nouveau roman policier d'Harlan Coben - un thriller haletant mêlant suspense et enquête autour d'une mystérieuse disparition, où secrets et meurtres s'entrelacent.",https://www.amazon.fr/Rappelle-toi-policier-myst%C3%A9rieuse-disparition-sentrelacent/dp/2714499589/ref=sr_1_87,"23,00 €",Broché,Note non disponible,0 avis,Broché,https://m.media-amazon.com/images/I/61rvHuyeylL._AC_UY218_.jpg,2025-09-03T21:05:12.858375,Description non disponible depuis la recherche,Stock non disponible,ISBN non disponible,Éditeur non disponible,Date non disponible,Nombre de pages non disponible,Rang de vente non disponible,Science-Fiction,6.0,,,,
Thérèse Raquin,https://www.amazon.fr/Th%C3%A9r%C3%A8se-Raquin-d%C3%89mile-Zola-%C3%89mile/dp/B0C3ZG9L6J/ref=sr_1_88,"3,60 €",Émile Zola,"4,6 sur 5 étoiles, détails de l’évaluation",136,Broché,https://m.media-amazon.com/images/I/61XDyurX3GL._AC_UY218_.jpg,2025-09-03T21:05:12.861268,Description non disponible depuis la recherche,Stock non disponible,ISBN non disponible,Éditeur non disponible,Date non disponible,Nombre de pages non disponible,Rang de vente non disponible,Science-Fiction,6.0,,,,
"Leonid Petrov, prince des enfers",https://www.amazon.fr/Leonid-Petrov-prince-enfers-Nanou-ebook/dp/B0DQY6KKK2/ref=sr_1_89,"9,99 €",Nanou Ad,"4,7 sur 5 étoiles, détails de l’évaluation",506,Format Kindle,https://m.media-amazon.com/images/I/81fQBH9eKRL._AC_UY218_.jpg,2025-09-03T21:05:12.863918,Description non disponible depuis la recherche,Stock non disponible,ISBN non disponible,Éditeur non disponible,Date non disponible,Nombre de pages non disponible,Rang de vente non disponible,Science-Fiction,6.0,,,,
Tu ne la mérites pas: Un thriller psychologique captivant au dénouement inattendu,https://www.amazon.fr/m%C3%A9rites-pas-psychologique-captivant-d%C3%A9nouement-ebook/dp/B0F8JXWS5C/ref=sr_1_90,"14,99 €",Ruth  Heald,"4,2 sur 5 étoiles, détails de l’évaluation",1 274,Format Kindle,https://m.media-amazon.com/images/I/81q5lY2kPzL._AC_UY218_.jpg,2025-09-03T21:05:12.866383,Description non disponible depuis la recherche,Stock non disponible,ISBN non disponible,Éditeur non disponible,Date non disponible,Nombre de pages non disponible,Rang de vente non disponible,Science-Fiction,6.0,,,,
"Opération Zelensky, une mission de l'agence Mozart, tome 1",https://www.amazon.fr/Op%C3%A9ration-Zelensky-mission-lagence-Mozart/dp/2412099049/ref=sr_1_93,"8,90 €",Poche,"3,9 sur 5 étoiles, détails de l’évaluation",28,Poche,https://m.media-amazon.com/images/I/61eOOsjM9vL._AC_UY218_.jpg,2025-09-03T21:05:12.876393,Description non disponible depuis la recherche,Stock non disponible,ISBN non disponible,Éditeur non disponible,Date non disponible,Nombre de pages non disponible,Rang de vente non disponible,Science-Fiction,6.0,,,,
La Tombe de sa mère: Une intrigue incroyable doublée d'un suspense à vous ronger les sangs (Les enquêtes de l'inspectrice Josie Quinn t. 3),https://www.amazon.fr/Tombe-m%C3%A8re-intrigue-incroyable-linspectrice-ebook/dp/B0CPQ5FCBM/ref=sr_1_94,"17,99 €",Lisa Regan,"4,5 sur 5 étoiles, détails de l’évaluation",2 889,Format Kindle,https://m.media-amazon.com/images/I/81Td8VOO5SL._AC_UY218_.jpg,2025-09-03T21:05:12.879069,Description non disponible depuis la recherche,Stock non disponible,ISBN non disponible,Éditeur non disponible,Date non disponible,Nombre de pages non disponible,Rang de vente non disponible,Science-Fiction,6.0,,,,
La Traque d'Adeline - Tome 02 broché,https://www.amazon.fr/Traque-dAdeline-02-broch%C3%A9/dp/2385660407/ref=sr_1_95,"20,90 €",H. D. Carlton,"4,6 sur 5 étoiles, détails de l’évaluation",417,Broché,https://m.media-amazon.com/images/I/71Z9qtnTeIL._AC_UY218_.jpg,2025-09-03T21:05:12.882155,Description non disponible depuis la recherche,Stock non disponible,ISBN non disponible,Éditeur non disponible,Date non disponible,Nombre de pages non disponible,Rang de vente non disponible,Science-Fiction,6.0,,,,
Le Souffle du prédateur,https://www.amazon.fr/Souffle-du-pr%C3%A9dateur-Nora-Roberts-ebook/dp/B0FKPG429N/ref=sr_1_96,"14,99 €",Nora Roberts,"4,2 sur 5 étoiles, détails de l’évaluation",24,Format Kindle,https://m.media-amazon.com/images/I/71aIg6EsNAL._AC_UY218_.jpg,2025-09-03T21:05:12.884932,Description non disponible depuis la recherche,Stock non disponible,ISBN non disponible,Éditeur non disponible,Date non disponible,Nombre de pages non disponible,Rang de vente non disponible,Science-Fiction,6.0,,,,
"Mort sur la Seine: Enquête, mystère et romance au XIXe siècle (Détectives en jupons)",https://www.amazon.fr/Mort-sur-Seine-Enqu%C3%AAte-D%C3%A9tectives-ebook/dp/B0FG2HDG3S/ref=sr_1_97,"15,00 €",S.D. Fischer,"4,5 sur 5 étoiles, détails de l’évaluation",26,Format Kindle,https://m.media-amazon.com/images/I/61eP8+oIvOL._AC_UY218_.jpg,2025-09-03T21:05:12.888163,Description non disponible depuis la recherche,Stock non disponible,ISBN non disponible,Éditeur non disponible,Date non disponible,Nombre de pages non disponible,Rang de vente non disponible,Science-Fiction,6.0,,,,
La Fille au pair,https://www.amazon.fr/Fille-au-pair-Sidonie-Bonnec-ebook/dp/B0DVJ8FKCQ/ref=sr_1_98,"12,99 €",Sidonie Bonnec,"4,2 sur 5 étoiles, détails de l’évaluation",1 357,Format Kindle,https://m.media-amazon.com/images/I/71tzX8CcESL._AC_UY218_.jpg,2025-09-03T21:05:12.891576,Description non disponible depuis la recherche,Stock non disponible,ISBN non disponible,Éditeur non disponible,Date non disponible,Nombre de pages non disponible,Rang de vente non disponible,Science-Fiction,6.0,,,,
Hasard du crime,https://www.amazon.fr/Hasard-du-crime-Nora-Roberts/dp/2290408840/ref=sr_1_99,"8,70 €",Nora Roberts,"5,0 sur 5 étoiles, détails de l’évaluation",3,Poche,https://m.media-amazon.com/images/I/61ahwS07fCL._AC_UY218_.jpg,2025-09-03T21:05:12.894398,Description non disponible depuis la recherche,Stock non disponible,ISBN non disponible,Éditeur non disponible,Date non disponible,Nombre de pages non disponible,Rang de vente non disponible,Science-Fiction,6.0,,,,
Quand tu ouvriras les yeux: Le thriller glaçant de Pétronille Rostagnat qui a reçu le Grand Prix de L'Iris Noir Bruxelles,https://www.amazon.fr/Quand-ouvriras-yeux-P%C3%A9tronille-Rostagnat/dp/B0CQLFPDBN/ref=sr_1_100,"8,10 €",Pétronille Rostagnat,"4,2 sur 5 étoiles, détails de l’évaluation",1 508,Poche,https://m.media-amazon.com/images/I/91enWTwWdtL._AC_UY218_.jpg,2025-09-03T21:05:12.897871,Description non disponible depuis la recherche,Stock non disponible,ISBN non disponible,Éditeur non disponible,Date non disponible,Nombre de pages non disponible,Rang de vente non disponible,Science-Fiction,6.0,,,,
La lettre d'amour interdite,https://www.amazon.fr/lettre-damour-interdite-Lucinda-Riley/dp/2385291967/ref=sr_1_99,"10,90 €",Lucinda Riley,"4,4 sur 5 étoiles, détails de l’évaluation",4 497,Poche,https://m.media-amazon.com/images/I/81EY7AZvJNL._AC_UY218_.jpg,2025-09-03T21:05:20.126160,Description non disponible depuis la recherche,Stock non disponible,ISBN non disponible,Éditeur non disponible,Date non disponible,Nombre de pages non disponible,Rang de vente non disponible,Science-Fiction,7.0,,,,
The Housemaid: An absolutely addictive psychological thriller with a jaw-dropping twist (English Edition),https://www.amazon.fr/Housemaid-absolutely-addictive-psychological-jaw-dropping-ebook/dp/B09TWSRMCB/ref=sr_1_100,"13,18 €",Freida McFadden,"4,3 sur 5 étoiles, détails de l’évaluation",533 173,Format Kindle,https://m.media-amazon.com/images/I/8105fcMAVyL._AC_UY218_.jpg,2025-09-03T21:05:20.129868,Description non disponible depuis la recherche,Stock non disponible,ISBN non disponible,Éditeur non disponible,Date non disponible,Nombre de pages non disponible,Rang de vente non disponible,Science-Fiction,7.0,,,,
Les morsures du silence - Prix Maison de la presse 2025 (Suspense Crime),https://www.amazon.fr/morsures-silence-Maison-presse-Suspense-ebook/dp/B0D6731NLN/ref=sr_1_101,"14,99 €",Johana Gustawsson,"4,3 sur 5 étoiles, détails de l’évaluation",724,Format Kindle,https://m.media-amazon.com/images/I/81vSAxWykxL._AC_UY218_.jpg,2025-09-03T21:05:20.132646,Description non disponible depuis la recherche,Stock non disponible,ISBN non disponible,Éditeur non disponible,Date non disponible,Nombre de pages non disponible,Rang de vente non disponible,Science-Fiction,7.0,,,,
Le Livre des Baltimore,https://www.amazon.fr/Livre-Baltimore-Jo%C3%ABl-Dicker/dp/2889730115/ref=sr_1_102,"9,90 €",Joël Dicker,"4,4 sur 5 étoiles, détails de l’évaluation",13 006,Poche,https://m.media-amazon.com/images/I/711Ip7CSAOL._AC_UY218_.jpg,2025-09-03T21:05:20.136253,Description non disponible depuis la recherche,Stock non disponible,ISBN non disponible,Éditeur non disponible,Date non disponible,Nombre de pages non disponible,Rang de vente non disponible,Science-Fiction,7.0,,,,
Le Passager sans visage,https://www.amazon.fr/Passager-sans-visage-Nicolas-Beuglet/dp/2266323733/ref=sr_1_103,"9,00 €",Nicolas Beuglet,"4,3 sur 5 étoiles, détails de l’évaluation",2 708,Poche,https://m.media-amazon.com/images/I/71nJOJo92ML._AC_UY218_.jpg,2025-09-03T21:05:20.140355,Description non disponible depuis la recherche,Stock non disponible,ISBN non disponible,Éditeur non disponible,Date non disponible,Nombre de pages non disponible,Rang de vente non disponible,Science-Fiction,7.0,,,,
The Housemaid's Secret: A totally gripping psychological thriller with a shocking twist (English Edition),https://www.amazon.fr/Housemaids-Secret-gripping-psychological-thriller-ebook/dp/B0BGXYL3BZ/ref=sr_1_104,"9,71 €",Freida McFadden,"4,3 sur 5 étoiles, détails de l’évaluation",297 278,Format Kindle,https://m.media-amazon.com/images/I/81kZT7aHGIL._AC_UY218_.jpg,2025-09-03T21:05:20.144026,Description non disponible depuis la recherche,Stock non disponible,ISBN non disponible,Éditeur non disponible,Date non disponible,Nombre de pages non disponible,Rang de vente non disponible,Science-Fiction,7.0,,,,
Tu n'aurais pas dû venir ici,https://www.amazon.fr/Tu-naurais-pas-venir-ici/dp/2266353195/ref=sr_1_105,"9,00 €",Jeneva ROSE,"4,1 sur 5 étoiles, détails de l’évaluation",161,Poche,https://m.media-amazon.com/images/I/71MlC0jfJNL._AC_UY218_.jpg,2025-09-03T21:05:20.147552,Description non disponible depuis la recherche,Stock non disponible,ISBN non disponible,Éditeur non disponible,Date non disponible,Nombre de pages non disponible,Rang de vente non disponible,Science-Fiction,7.0,,,,
"Lord of Mysteries, Vol. 1",https://www.amazon.fr/Lord-Mysteries-Cuttlefish-Loves-Diving/dp/B0DQKLC79Z/ref=sr_1_106,"18,01 €",Cuttlefish That Loves Diving,"4,4 sur 5 étoiles, détails de l’évaluation",202,Broché,https://m.media-amazon.com/images/I/81BKBqWOY6L._AC_UY218_.jpg,2025-09-03T21:05:20.150447,Description non disponible depuis la recherche,Stock non disponible,ISBN non disponible,Éditeur non disponible,Date non disponible,Nombre de pages non disponible,Rang de vente non disponible,Science-Fiction,7.0,,,,
Dans l'ombre du Kremlin - Thriller Nouveauté 2025,https://www.amazon.fr/Dans-lombre-Kremlin-Thriller-Nouveaut%C3%A9/dp/2749960657/ref=sr_1_109,"21,95 €",Jack Beaumont,"4,8 sur 5 étoiles, détails de l’évaluation",5,Broché,https://m.media-amazon.com/images/I/61ly6rq3lsL._AC_UY218_.jpg,2025-09-03T21:05:20.159856,Description non disponible depuis la recherche,Stock non disponible,ISBN non disponible,Éditeur non disponible,Date non disponible,Nombre de pages non disponible,Rang de vente non disponible,Science-Fiction,7.0,,,,
Ses Ultimes Aveux: Un roman policier stupéfiant au suspens incroyable (Les enquêtes de l'inspectrice Josie Quinn t. 4),https://www.amazon.fr/Ses-Ultimes-Aveux-stup%C3%A9fiant-linspectrice-ebook/dp/B0D5CX4XLP/ref=sr_1_110,"10,99 €",Lisa Regan,"4,6 sur 5 étoiles, détails de l’évaluation",1 946,Format Kindle,https://m.media-amazon.com/images/I/81VTgXCVmcL._AC_UY218_.jpg,2025-09-03T21:05:20.162408,Description non disponible depuis la recherche,Stock non disponible,ISBN non disponible,Éditeur non disponible,Date non disponible,Nombre de pages non disponible,Rang de vente non disponible,Science-Fiction,7.0,,,,
Les effacées,https://www.amazon.fr/effac%C3%A9es-Bernard-Minier/dp/2266348523/ref=sr_1_111,"9,60 €",Bernard Minier,"4,3 sur 5 étoiles, détails de l’évaluation",3 154,Poche,https://m.media-amazon.com/images/I/61cSp+Pc8tL._AC_UY218_.jpg,2025-09-03T21:05:20.165811,Description non disponible depuis la recherche,Stock non disponible,ISBN non disponible,Éditeur non disponible,Date non disponible,Nombre de pages non disponible,Rang de vente non disponible,Science-Fiction,7.0,,,,
"Histoires Extraordinaires, mais Vraies !: Plus de 40 Histoires et anecdotes incroyables et captivantes pour enfants et ados !",https://www.amazon.fr/Histoires-Extraordinaires-mais-Vraies-incroyables/dp/B0FCD215KR/ref=sr_1_112,"13,90 €",Léna Ashberg,"4,4 sur 5 étoiles, détails de l’évaluation",14,Broché,https://m.media-amazon.com/images/I/71PwGcPugmL._AC_UY218_.jpg,2025-09-03T21:05:20.168946,Description non disponible depuis la recherche,Stock non disponible,ISBN non disponible,Éditeur non disponible,Date non disponible,Nombre de pages non disponible,Rang de vente non disponible,Science-Fiction,7.0,,,,
La Horde du Contrevent,https://www.amazon.fr/Horde-du-Contrevent-Alain-Damasio/dp/207292751X/ref=sr_1_113,"12,60 €",Alain Damasio,"4,5 sur 5 étoiles, détails de l’évaluation",2 556,Poche,https://m.media-amazon.com/images/I/81xxBCSH9eL._AC_UY218_.jpg,2025-09-03T21:05:20.172297,Description non disponible depuis la recherche,Stock non disponible,ISBN non disponible,Éditeur non disponible,Date non disponible,Nombre de pages non disponible,Rang de vente non disponible,Science-Fiction,7.0,,,,
Le Secret des Anges - Tome 2 Vendetta,https://www.amazon.fr/Secret-Anges-2-Vendetta/dp/2487986069/ref=sr_1_114,"19,90 €",Solène Luna,"4,8 sur 5 étoiles, détails de l’évaluation",142,Broché,https://m.media-amazon.com/images/I/61D20dJ1EjL._AC_UY218_.jpg,2025-09-03T21:05:20.175053,Description non disponible depuis la recherche,Stock non disponible,ISBN non disponible,Éditeur non disponible,Date non disponible,Nombre de pages non disponible,Rang de vente non disponible,Science-Fiction,7.0,,,,
La belle-mère parfaite,https://www.amazon.fr/belle-m%C3%A8re-parfaite-SL-Harker-ebook/dp/B0FLVH9RC1/ref=sr_1_115,"10,99 €",SL Harker,"3,9 sur 5 étoiles, détails de l’évaluation",56,Format Kindle,https://m.media-amazon.com/images/I/717KO-AuXQL._AC_UY218_.jpg,2025-09-03T21:05:20.177379,Description non disponible depuis la recherche,Stock non disponible,ISBN non disponible,Éditeur non disponible,Date non disponible,Nombre de pages non disponible,Rang de vente non disponible,Science-Fiction,7.0,,,,
Sans l'ombre d'un doute,https://www.amazon.fr/Sans-lombre-doute-Michael-Connelly/dp/2253254576/ref=sr_1_116,"9,90 €",Michael Connelly,"4,6 sur 5 étoiles, détails de l’évaluation",1 257,Poche,https://m.media-amazon.com/images/I/71zbte0kzbL._AC_UY218_.jpg,2025-09-03T21:05:20.180711,Description non disponible depuis la recherche,Stock non disponible,ISBN non disponible,Éditeur non disponible,Date non disponible,Nombre de pages non disponible,Rang de vente non disponible,Science-Fiction,7.0,,,,
Cinq coeurs en sursis,https://www.amazon.fr/Cinq-coeurs-sursis-Laure-Manel/dp/2253251127/ref=sr_1_115,"9,90 €",Laure Manel,"4,4 sur 5 étoiles, détails de l’évaluation",1 506,Poche,https://m.media-amazon.com/images/I/71rBnjWtk-L._AC_UY218_.jpg,2025-09-03T21:05:28.160665,Description non disponible depuis la recherche,Stock non disponible,ISBN non disponible,Éditeur non disponible,Date non disponible,Nombre de pages non disponible,Rang de vente non disponible,Science-Fiction,8.0,,,,
Les Ossements qu'elle a enterrés: Un thriller phénoménal et captivant (Les enquêtes de l'inspectrice Josie Quinn t. 5),https://www.amazon.fr/Ossements-quelle-enterr%C3%A9s-ph%C3%A9nom%C3%A9nal-linspectrice-ebook/dp/B0D1ZGHWG5/ref=sr_1_116,"17,99 €",Lisa Regan,"4,5 sur 5 étoiles, détails de l’évaluation",1 916,Format Kindle,https://m.media-amazon.com/images/I/81nWwDPr6aL._AC_UY218_.jpg,2025-09-03T21:05:28.163161,Description non disponible depuis la recherche,Stock non disponible,ISBN non disponible,Éditeur non disponible,Date non disponible,Nombre de pages non disponible,Rang de vente non disponible,Science-Fiction,8.0,,,,
Code 93,https://www.amazon.fr/Code-93-Olivier-NOREK/dp/2266249150/ref=sr_1_117,"8,70 €",Olivier Norek,"4,3 sur 5 étoiles, détails de l’évaluation",8 385,Poche,https://m.media-amazon.com/images/I/71rGH1QI0dL._AC_UY218_.jpg,2025-09-03T21:05:28.166768,Description non disponible depuis la recherche,Stock non disponible,ISBN non disponible,Éditeur non disponible,Date non disponible,Nombre de pages non disponible,Rang de vente non disponible,Science-Fiction,8.0,,,,
Sauvez son âme: Un thriller formidable que vous ne pourrez pas lâcher (Les enquêtes de l'inspectrice Josie Quinn t. 9),https://www.amazon.fr/Sauvez-son-%C3%A2me-formidable-linspectrice-ebook/dp/B0DYF7Y2XP/ref=sr_1_118,"12,99 €",Lisa  Regan,"4,5 sur 5 étoiles, détails de l’évaluation",851,Format Kindle,https://m.media-amazon.com/images/I/81SN9b89ALL._AC_UY218_.jpg,2025-09-03T21:05:28.169152,Description non disponible depuis la recherche,Stock non disponible,ISBN non disponible,Éditeur non disponible,Date non disponible,Nombre de pages non disponible,Rang de vente non disponible,Science-Fiction,8.0,,,,
Le Secret des Anges - Tome 1 Contrainte,https://www.amazon.fr/Secret-Anges-1-Contrainte-ebook/dp/B0F2CMY759/ref=sr_1_119,"9,99 €",Solène Luna,"4,6 sur 5 étoiles, détails de l’évaluation",160,Format Kindle,https://m.media-amazon.com/images/I/81AnJikdMnL._AC_UY218_.jpg,2025-09-03T21:05:28.171883,Description non disponible depuis la recherche,Stock non disponible,ISBN non disponible,Éditeur non disponible,Date non disponible,Nombre de pages non disponible,Rang de vente non disponible,Science-Fiction,8.0,,,,
"Collection Jules Verne - Sélection I - Contient 3 livres :: Voyage au centre de la Terre, Le Tour du monde en quatre-vingts jours, Vingt Mille Lieues sous les mers",https://www.amazon.fr/Collection-Jules-Verne-S%C3%A9lection-quatre-vingts/dp/8410981947/ref=sr_1_120,"16,95 €",RBA Coleccionables,"3,9 sur 5 étoiles, détails de l’évaluation",14,Relié,https://m.media-amazon.com/images/I/911E5rA-iBL._AC_UY218_.jpg,2025-09-03T21:05:28.174397,Description non disponible depuis la recherche,Stock non disponible,ISBN non disponible,Éditeur non disponible,Date non disponible,Nombre de pages non disponible,Rang de vente non disponible,Science-Fiction,8.0,,,,
Dis-lui au revoir: Thriller psychologique inspiré d'une histoire vraie (Mes romans noirs à suspense),https://www.amazon.fr/Dis-lui-revoir-psychologique-inspir%C3%A9-histoire-ebook/dp/B0CX57LPFR/ref=sr_1_121,"17,90 €",Jeanne Yliss,"4,4 sur 5 étoiles, détails de l’évaluation",6 207,Format Kindle,https://m.media-amazon.com/images/I/81-pq5vHkYL._AC_UY218_.jpg,2025-09-03T21:05:28.177718,Description non disponible depuis la recherche,Stock non disponible,ISBN non disponible,Éditeur non disponible,Date non disponible,Nombre de pages non disponible,Rang de vente non disponible,Science-Fiction,8.0,,,,
Le Syndrome du spaghetti,https://www.amazon.fr/syndr%C3%B4me-du-spaghetti-Marie-VAREILLE-ebook/dp/B08DCJNMY7/ref=sr_1_122,"7,99 €",Marie Vareille,"4,6 sur 5 étoiles, détails de l’évaluation",2 901,Format Kindle,https://m.media-amazon.com/images/I/71iYJw5W6hL._AC_UY218_.jpg,2025-09-03T21:05:28.181260,Description non disponible depuis la recherche,Stock non disponible,ISBN non disponible,Éditeur non disponible,Date non disponible,Nombre de pages non disponible,Rang de vente non disponible,Science-Fiction,8.0,,,,
Quelqu'un d'autre - Nouveau roman 2024 (Littérature Française),https://www.amazon.fr/Quelquun-dautre-Nouveau-Litt%C3%A9rature-Fran%C3%A7aise-ebook/dp/B0CPHZBTLV/ref=sr_1_125,"14,99 €",Guillaume Musso,"4,3 sur 5 étoiles, détails de l’évaluation",7 187,Format Kindle,https://m.media-amazon.com/images/I/71gqliL582L._AC_UY218_.jpg,2025-09-03T21:05:28.190906,Description non disponible depuis la recherche,Stock non disponible,ISBN non disponible,Éditeur non disponible,Date non disponible,Nombre de pages non disponible,Rang de vente non disponible,Science-Fiction,8.0,,,,
Jeunes disparues: Un suspense à vous couper le souffle (Les enquêtes de l'inspectrice Josie Quinn t. 1),https://www.amazon.fr/Jeunes-disparues-suspense-enqu%C3%AAtes-linspectrice-ebook/dp/B0CPQ5J26N/ref=sr_1_126,"17,99 €",Lisa Regan,"4,4 sur 5 étoiles, détails de l’évaluation",3 832,Format Kindle,https://m.media-amazon.com/images/I/81il56bDj6L._AC_UY218_.jpg,2025-09-03T21:05:28.193858,Description non disponible depuis la recherche,Stock non disponible,ISBN non disponible,Éditeur non disponible,Date non disponible,Nombre de pages non disponible,Rang de vente non disponible,Science-Fiction,8.0,,,,
"Menace sur Taïwan, une mission de l'agence Mozart, tome 2",https://www.amazon.fr/Menace-Ta%C3%AFwan-mission-lagence-Mozart/dp/2412099057/ref=sr_1_127,"8,90 €",Alain Bauer,"3,8 sur 5 étoiles, détails de l’évaluation",136,Poche,https://m.media-amazon.com/images/I/71vjjPSeVwL._AC_UY218_.jpg,2025-09-03T21:05:28.197657,Description non disponible depuis la recherche,Stock non disponible,ISBN non disponible,Éditeur non disponible,Date non disponible,Nombre de pages non disponible,Rang de vente non disponible,Science-Fiction,8.0,,,,
The Housemaid Is Watching: An absolutely gripping psychological thriller packed with twists (English Edition),https://www.amazon.fr/Housemaid-Watching-absolutely-gripping-psychological-ebook/dp/B0CK4YL5FM/ref=sr_1_128,"11,50 €",Freida McFadden,"4,2 sur 5 étoiles, détails de l’évaluation",232 997,Format Kindle,https://m.media-amazon.com/images/I/81YH7gwwdsL._AC_UY218_.jpg,2025-09-03T21:05:28.201194,Description non disponible depuis la recherche,Stock non disponible,ISBN non disponible,Éditeur non disponible,Date non disponible,Nombre de pages non disponible,Rang de vente non disponible,Science-Fiction,8.0,,,,
"Le Chant maléfique (Le Bureau des affaires occultes, Tome 4)",https://www.amazon.fr/Chant-mal%C3%A9fique-Bureau-affaires-occultes/dp/2253253480/ref=sr_1_129,"9,90 €",Éric Fouassier,"4,5 sur 5 étoiles, détails de l’évaluation",1 339,Poche,https://m.media-amazon.com/images/I/71Peii0YsDL._AC_UY218_.jpg,2025-09-03T21:05:28.204817,Description non disponible depuis la recherche,Stock non disponible,ISBN non disponible,Éditeur non disponible,Date non disponible,Nombre de pages non disponible,Rang de vente non disponible,Science-Fiction,8.0,,,,
Train d'enfer pour Ange rouge (Thriller t. 13053),https://www.amazon.fr/Train-denfer-Rouge-Thriller-13053-ebook/dp/B007TNBS7A/ref=sr_1_130,"9,99 €",Franck Thilliez,"4,4 sur 5 étoiles, détails de l’évaluation",5 498,Format Kindle,https://m.media-amazon.com/images/I/81uJ9RDUGLL._AC_UY218_.jpg,2025-09-03T21:05:28.208191,Description non disponible depuis la recherche,Stock non disponible,ISBN non disponible,Éditeur non disponible,Date non disponible,Nombre de pages non disponible,Rang de vente non disponible,Science-Fiction,8.0,,,,
Le Cercle des jours,https://www.amazon.fr/Cercle-jours-Ken-Follett-ebook/dp/B0DTRPWF9J/ref=sr_1_131,"17,99 €",Ken Follett,Note non disponible,0 avis,Format Kindle,https://m.media-amazon.com/images/I/81KWejhqpBL._AC_UY218_.jpg,2025-09-03T21:05:28.211878,Description non disponible depuis la recherche,Stock non disponible,ISBN non disponible,Éditeur non disponible,Date non disponible,Nombre de pages non disponible,Rang de vente non disponible,Science-Fiction,8.0,,,,
L'Enigme de la chambre 622,https://www.amazon.fr/LEnigme-chambre-622-Jo%C3%ABl-Dicker/dp/2889730026/ref=sr_1_132,"9,90 €",Joël Dicker,"4,2 sur 5 étoiles, détails de l’évaluation",12 932,Poche,https://m.media-amazon.com/images/I/710co50qFJL._AC_UY218_.jpg,2025-09-03T21:05:28.215435,Description non disponible depuis la recherche,Stock non disponible,ISBN non disponible,Éditeur non disponible,Date non disponible,Nombre de pages non disponible,Rang de vente non disponible,Science-Fiction,8.0,,,,
"Dix ans, noces de sang (Hauteville Suspense)",https://www.amazon.fr/Dix-noces-sang-Alice-Feeney-ebook/dp/B0BMW1FL5J/ref=sr_1_131,"5,99 €",Alice Feeney,"4,1 sur 5 étoiles, détails de l’évaluation",502,Format Kindle,https://m.media-amazon.com/images/I/819bWAUjnBL._AC_UY218_.jpg,2025-09-03T21:05:38.193828,Description non disponible depuis la recherche,Stock non disponible,ISBN non disponible,Éditeur non disponible,Date non disponible,Nombre de pages non disponible,Rang de vente non disponible,Science-Fiction,9.0,,,,
Au Bord De La Folie: Thriller Post-Apocalyptique (Série Edge of Collapse t. 2),https://www.amazon.fr/Au-Bord-Folie-Thriller-Post-Apocalyptique-ebook/dp/B0D71DP34S/ref=sr_1_132,"15,81 €",Kyla Stone,"4,5 sur 5 étoiles, détails de l’évaluation",1 660,Format Kindle,https://m.media-amazon.com/images/I/81K0m9bYCQL._AC_UY218_.jpg,2025-09-03T21:05:38.197029,Description non disponible depuis la recherche,Stock non disponible,ISBN non disponible,Éditeur non disponible,Date non disponible,Nombre de pages non disponible,Rang de vente non disponible,Science-Fiction,9.0,,,,
L'Affaire Alaska Sanders,https://www.amazon.fr/LAffaire-Alaska-Sanders-Jo%C3%ABl-Dicker/dp/2889730492/ref=sr_1_133,"9,90 €",Joël Dicker,"4,5 sur 5 étoiles, détails de l’évaluation",11 120,Poche,https://m.media-amazon.com/images/I/51O69SfO0JL._AC_UY218_.jpg,2025-09-03T21:05:38.200707,Description non disponible depuis la recherche,Stock non disponible,ISBN non disponible,Éditeur non disponible,Date non disponible,Nombre de pages non disponible,Rang de vente non disponible,Science-Fiction,9.0,,,,
L'Adversaire,https://www.amazon.fr/LAdversaire-Emmanuel-Carr%C3%A8re/dp/B0939ZG5V5/ref=sr_1_134,"6,20 €",Emmanuel Carrère,"4,4 sur 5 étoiles, détails de l’évaluation",2 773,Broché,https://m.media-amazon.com/images/I/61O5fbHcd8L._AC_UY218_.jpg,2025-09-03T21:05:38.204186,Description non disponible depuis la recherche,Stock non disponible,ISBN non disponible,Éditeur non disponible,Date non disponible,Nombre de pages non disponible,Rang de vente non disponible,Science-Fiction,9.0,,,,
Synopsix,https://www.amazon.fr/Synopsix-Ang%C3%A9lina-Delcroix/dp/2755693991/ref=sr_1_135,"8,50 €",Angélina Delcroix,"4,5 sur 5 étoiles, détails de l’évaluation",319,Poche,https://m.media-amazon.com/images/I/71KoI56BNrL._AC_UY218_.jpg,2025-09-03T21:05:38.207371,Description non disponible depuis la recherche,Stock non disponible,ISBN non disponible,Éditeur non disponible,Date non disponible,Nombre de pages non disponible,Rang de vente non disponible,Science-Fiction,9.0,,,,
Retrouvez-la vivante: Une intrigue pleine de mystère et de suspens (Les enquêtes de l'inspectrice Josie Quinn t. 8),https://www.amazon.fr/Retrouvez-vivante-intrigue-enqu%C3%AAtes-linspectrice-ebook/dp/B0DWLDSYZS/ref=sr_1_136,"11,98 €",Lisa Regan,"4,6 sur 5 étoiles, détails de l’évaluation",931,Format Kindle,https://m.media-amazon.com/images/I/81h41haOs+L._AC_UY218_.jpg,2025-09-03T21:05:38.209736,Description non disponible depuis la recherche,Stock non disponible,ISBN non disponible,Éditeur non disponible,Date non disponible,Nombre de pages non disponible,Rang de vente non disponible,Science-Fiction,9.0,,,,
Son Cri silencieux: Un thriller mystérieux et addictif (Les enquêtes de l'inspectrice Josie Quinn t. 6),https://www.amazon.fr/Son-Cri-silencieux-myst%C3%A9rieux-linspectrice-ebook/dp/B0DK2XV2RW/ref=sr_1_137,"12,99 €",Lisa  Regan,"4,6 sur 5 étoiles, détails de l’évaluation",1 397,Format Kindle,https://m.media-amazon.com/images/I/81hXIKKox3L._AC_UY218_.jpg,2025-09-03T21:05:38.212135,Description non disponible depuis la recherche,Stock non disponible,ISBN non disponible,Éditeur non disponible,Date non disponible,Nombre de pages non disponible,Rang de vente non disponible,Science-Fiction,9.0,,,,
Au Bord De L’effondrement : Thriller Post-Apocalyptique (Série Edge of Collapse t. 1),https://www.amazon.fr/Au-Bord-Leffondrement-Thriller-Post-Apocalyptique-ebook/dp/B0D32NF3FB/ref=sr_1_138,"15,81 €",Kyla Stone,"4,5 sur 5 étoiles, détails de l’évaluation",2 168,Format Kindle,https://m.media-amazon.com/images/I/81923GC2h9L._AC_UY218_.jpg,2025-09-03T21:05:38.215801,Description non disponible depuis la recherche,Stock non disponible,ISBN non disponible,Éditeur non disponible,Date non disponible,Nombre de pages non disponible,Rang de vente non disponible,Science-Fiction,9.0,,,,
Reste calme: Un thriller policier sombre et mystérieux (Les enquêtes de l'inspectrice Josie Quinn t. 7),https://www.amazon.fr/Reste-calme-thriller-myst%C3%A9rieux-linspectrice-ebook/dp/B0DS624MRW/ref=sr_1_141,"12,99 €",Lisa Regan,"4,4 sur 5 étoiles, détails de l’évaluation",1 179,Format Kindle,https://m.media-amazon.com/images/I/81nCxjqSjaL._AC_UY218_.jpg,2025-09-03T21:05:38.224177,Description non disponible depuis la recherche,Stock non disponible,ISBN non disponible,Éditeur non disponible,Date non disponible,Nombre de pages non disponible,Rang de vente non disponible,Science-Fiction,9.0,,,,
"Inside Mac, tome 2 (dark romance)",https://www.amazon.fr/Inside-Mac-2-dark-romance-ebook/dp/B0D2XXMKDQ/ref=sr_1_142,"5,99 €",Format Kindle,"4,8 sur 5 étoiles, détails de l’évaluation",1 585,Format Kindle,https://m.media-amazon.com/images/I/81NJXn1Dz3L._AC_UY218_.jpg,2025-09-03T21:05:38.227541,Description non disponible depuis la recherche,Stock non disponible,ISBN non disponible,Éditeur non disponible,Date non disponible,Nombre de pages non disponible,Rang de vente non disponible,Science-Fiction,9.0,,,,
Les Gens sont beaux,https://www.amazon.fr/Gens-sont-beaux-Baptiste-Beaulieu/dp/B09XTLSWNY/ref=sr_1_143,"16,90 €",Baptiste Beaulieu,"4,8 sur 5 étoiles, détails de l’évaluation",577,Relié,https://m.media-amazon.com/images/I/61sv6pXQCnL._AC_UY218_.jpg,2025-09-03T21:05:38.229982,Description non disponible depuis la recherche,Stock non disponible,ISBN non disponible,Éditeur non disponible,Date non disponible,Nombre de pages non disponible,Rang de vente non disponible,Science-Fiction,9.0,,,,
Les fleurs du mal : Les mystères de Honeychurch T10,https://www.amazon.fr/fleurs-mal-myst%C3%A8res-Honeychurch-T10-ebook/dp/B0FHWCQJDM/ref=sr_1_144,"11,99 €",Hannah Dennison,"4,3 sur 5 étoiles, détails de l’évaluation",29,Format Kindle,https://m.media-amazon.com/images/I/816lsWynsbL._AC_UY218_.jpg,2025-09-03T21:05:38.232588,Description non disponible depuis la recherche,Stock non disponible,ISBN non disponible,Éditeur non disponible,Date non disponible,Nombre de pages non disponible,Rang de vente non disponible,Science-Fiction,9.0,,,,
Thriller de l'avent - le roman maudit,https://www.amazon.fr/Thriller-lavent-maudit-Franck-Thilliez/dp/B0DYNPGSVB/ref=sr_1_145,"18,95 €",Franck Thilliez,Note non disponible,0 avis,Broché,https://m.media-amazon.com/images/I/61GExi99MFL._AC_UY218_.jpg,2025-09-03T21:05:38.236949,Description non disponible depuis la recherche,Stock non disponible,ISBN non disponible,Éditeur non disponible,Date non disponible,Nombre de pages non disponible,Rang de vente non disponible,Science-Fiction,9.0,,,,
Conte de fées,https://www.amazon.fr/Conte-f%C3%A9es-Stephen-King/dp/2253909130/ref=sr_1_146,"12,90 €",Stephen King,"4,5 sur 5 étoiles, détails de l’évaluation",1 639,Poche,https://m.media-amazon.com/images/I/71IwgsvLGPL._AC_UY218_.jpg,2025-09-03T21:05:38.240508,Description non disponible depuis la recherche,Stock non disponible,ISBN non disponible,Éditeur non disponible,Date non disponible,Nombre de pages non disponible,Rang de vente non disponible,Science-Fiction,9.0,,,,
On a tous une bonne raison de tuer: Thriller - Poche,https://www.amazon.fr/tous-une-bonne-raison-tuer/dp/2376101824/ref=sr_1_147,"8,95 €",Pétronille Rostagnat,"4,4 sur 5 étoiles, détails de l’évaluation",442,Poche,https://m.media-amazon.com/images/I/71xNTc8MgmL._AC_UY218_.jpg,2025-09-03T21:05:38.243904,Description non disponible depuis la recherche,Stock non disponible,ISBN non disponible,Éditeur non disponible,Date non disponible,Nombre de pages non disponible,Rang de vente non disponible,Science-Fiction,9.0,,,,
"Le cahier d'enquête de Franck Thilliez - Cahier de vacances adulte: Livre d'énigme et d'enquêtes criminelles à résoudre, par l'auteur de polar préféré des français, Quatre enquêtes au programme",https://www.amazon.fr/cahier-denqu%C3%AAte-Franck-Thilliez-vacances/dp/B0CW61PSK6/ref=sr_1_148,"9,95 €",Franck Thilliez,"4,3 sur 5 étoiles, détails de l’évaluation",144,Broché,https://m.media-amazon.com/images/I/61eKBisHLIL._AC_UY218_.jpg,2025-09-03T21:05:38.245986,Description non disponible depuis la recherche,Stock non disponible,ISBN non disponible,Éditeur non disponible,Date non disponible,Nombre de pages non disponible,Rang de vente non disponible,Science-Fiction,9.0,,,,
The Boyfriend: An Instant Sunday Times Bestseller from the Author of The Housemaid is Watching,https://www.amazon.fr/Boyfriend-Twisting-Psychological-Thriller-Housemaid/dp/1464221405/ref=sr_1_147,"11,50 €",Freida McFadden,"4,3 sur 5 étoiles, détails de l’évaluation",224 824,Broché,https://m.media-amazon.com/images/I/71E6eE7XBwL._AC_UY218_.jpg,2025-09-03T21:05:46.958545,Description non disponible depuis la recherche,Stock non disponible,ISBN non disponible,Éditeur non disponible,Date non disponible,Nombre de pages non disponible,Rang de vente non disponible,Science-Fiction,10.0,,,,
Ce que tu as fait de moi,https://www.amazon.fr/que-fait-moi-Karine-GIEBEL/dp/2266313274/ref=sr_1_148,"9,90 €",Karine Giebel,"4,4 sur 5 étoiles, détails de l’évaluation",3 363,Poche,https://m.media-amazon.com/images/I/51JjWGi85VL._AC_UY218_.jpg,2025-09-03T21:05:46.962090,Description non disponible depuis la recherche,Stock non disponible,ISBN non disponible,Éditeur non disponible,Date non disponible,Nombre de pages non disponible,Rang de vente non disponible,Science-Fiction,10.0,,,,
The Devil's Sons - Tome 4,https://www.amazon.fr/Devils-Sons-4-Chlo%C3%A9-Wallerand-ebook/dp/B0CXKKDJQW/ref=sr_1_149,"5,99 €",Chloé Wallerand,"4,7 sur 5 étoiles, détails de l’évaluation",1 943,Format Kindle,https://m.media-amazon.com/images/I/81lP-gCfJQL._AC_UY218_.jpg,2025-09-03T21:05:46.965500,Description non disponible depuis la recherche,Stock non disponible,ISBN non disponible,Éditeur non disponible,Date non disponible,Nombre de pages non disponible,Rang de vente non disponible,Science-Fiction,10.0,,,,
The South Girl - Tome 2: King's University,https://www.amazon.fr/South-Girl-Kings-University-ebook/dp/B0DH4XH9Q6/ref=sr_1_150,"5,99 €",Aya Estrela,"4,7 sur 5 étoiles, détails de l’évaluation",1 254,Format Kindle,https://m.media-amazon.com/images/I/8122xZvrmcL._AC_UY218_.jpg,2025-09-03T21:05:46.968833,Description non disponible depuis la recherche,Stock non disponible,ISBN non disponible,Éditeur non disponible,Date non disponible,Nombre de pages non disponible,Rang de vente non disponible,Science-Fiction,10.0,,,,
"Les Nuits de la peur bleue (Le Bureau des affaires occultes, Tome 3)",https://www.amazon.fr/Nuits-bleue-Bureau-affaires-occultes/dp/2253249602/ref=sr_1_151,"9,40 €",Éric Fouassier,"4,4 sur 5 étoiles, détails de l’évaluation",2 345,Poche,https://m.media-amazon.com/images/I/81pTF+deRIL._AC_UY218_.jpg,2025-09-03T21:05:46.972421,Description non disponible depuis la recherche,Stock non disponible,ISBN non disponible,Éditeur non disponible,Date non disponible,Nombre de pages non disponible,Rang de vente non disponible,Science-Fiction,10.0,,,,
Les enquêtes de l'inspecteur Higgins - Tome 58 Parfum de crime (58),https://www.amazon.fr/enqu%C3%AAtes-linspecteur-Higgins-Parfum-crime/dp/2374489477/ref=sr_1_152,"14,90 €",Christian Jacq,Note non disponible,0 avis,Broché,https://m.media-amazon.com/images/I/61aGpKiP4PL._AC_UY218_.jpg,2025-09-03T21:05:46.975417,Description non disponible depuis la recherche,Stock non disponible,ISBN non disponible,Éditeur non disponible,Date non disponible,Nombre de pages non disponible,Rang de vente non disponible,Science-Fiction,10.0,,,,
Entre deux mondes,https://www.amazon.fr/Entre-deux-mondes-Olivier-NOREK/dp/2266286382/ref=sr_1_153,"8,70 €",Olivier Norek,"4,6 sur 5 étoiles, détails de l’évaluation",7 147,Poche,https://m.media-amazon.com/images/I/7189lPI+UdL._AC_UY218_.jpg,2025-09-03T21:05:46.979035,Description non disponible depuis la recherche,Stock non disponible,ISBN non disponible,Éditeur non disponible,Date non disponible,Nombre de pages non disponible,Rang de vente non disponible,Science-Fiction,10.0,,,,
Glen Affric: Le nouveau thriller poche de Karine Giebel numéro 1 des ventes - Prix HarperCollins Poche,https://www.amazon.fr/Glen-Affric-nouveau-attendu-fran%C3%A7ais/dp/B0CQLFLBJM/ref=sr_1_154,"10,50 €",Karine Giebel,"4,6 sur 5 étoiles, détails de l’évaluation",1 435,Poche,https://m.media-amazon.com/images/I/71nqq4ozbvL._AC_UY218_.jpg,2025-09-03T21:05:46.982588,Description non disponible depuis la recherche,Stock non disponible,ISBN non disponible,Éditeur non disponible,Date non disponible,Nombre de pages non disponible,Rang de vente non disponible,Science-Fiction,10.0,,,,
Les Nouveaux Antisémites: Enquête d'une infiltrée dans les rangs de l'ultra-gauche,https://www.amazon.fr/Nouveaux-Antis%C3%A9mites-Enqu%C3%AAte-infiltr%C3%A9e-lultra-gauche/dp/2226497730/ref=sr_1_157,"20,90 €",Broché,Note non disponible,0 avis,Broché,https://m.media-amazon.com/images/I/61ckH2v1lfL._AC_UY218_.jpg,2025-09-03T21:05:46.992522,Description non disponible depuis la recherche,Stock non disponible,ISBN non disponible,Éditeur non disponible,Date non disponible,Nombre de pages non disponible,Rang de vente non disponible,Science-Fiction,10.0,,,,
Le Skinwalker: Les enquêtes du commandant Gabriel Gerfaut - Hors série,https://www.amazon.fr/Skinwalker-enqu%C3%AAtes-commandant-Gabriel-Gerfaut-ebook/dp/B0F8BR92TH/ref=sr_1_158,"2,99 €",Gilles Milo-Vacéri,"4,4 sur 5 étoiles, détails de l’évaluation",355,Format Kindle,https://m.media-amazon.com/images/I/81qqz8-wvoL._AC_UY218_.jpg,2025-09-03T21:05:46.994893,Description non disponible depuis la recherche,Stock non disponible,ISBN non disponible,Éditeur non disponible,Date non disponible,Nombre de pages non disponible,Rang de vente non disponible,Science-Fiction,10.0,,,,
La Faille,https://www.amazon.fr/Faille-Franck-Thilliez/dp/2266339583/ref=sr_1_159,"9,60 €",Franck Thilliez,"4,5 sur 5 étoiles, détails de l’évaluation",5 457,Poche,https://m.media-amazon.com/images/I/61HYwh59QAL._AC_UY218_.jpg,2025-09-03T21:05:46.998474,Description non disponible depuis la recherche,Stock non disponible,ISBN non disponible,Éditeur non disponible,Date non disponible,Nombre de pages non disponible,Rang de vente non disponible,Science-Fiction,10.0,,,,
La Doublure,https://www.amazon.fr/Doublure-M%C3%A9lissa-Costa/dp/2253244589/ref=sr_1_160,"10,90 €",Mélissa Da Costa,"4,2 sur 5 étoiles, détails de l’évaluation",4 798,Poche,https://m.media-amazon.com/images/I/71HIhYHkQKL._AC_UY218_.jpg,2025-09-03T21:05:47.002097,Description non disponible depuis la recherche,Stock non disponible,ISBN non disponible,Éditeur non disponible,Date non disponible,Nombre de pages non disponible,Rang de vente non disponible,Science-Fiction,10.0,,,,
Son Contact mortel: Un thriller policier au suspens haletant (Les enquêtes de l'inspectrice Josie Quinn t. 12),https://www.amazon.fr/Son-Contact-mortel-thriller-linspectrice-ebook/dp/B0F3J3ZPV9/ref=sr_1_161,"4,99 €",Format Kindle,Note non disponible,0 avis,Format Kindle,https://m.media-amazon.com/images/I/81-mOh50-+L._AC_UY218_.jpg,2025-09-03T21:05:47.004938,Description non disponible depuis la recherche,Stock non disponible,ISBN non disponible,Éditeur non disponible,Date non disponible,Nombre de pages non disponible,Rang de vente non disponible,Science-Fiction,10.0,,,,
Faux-semblant,https://www.amazon.fr/Faux-semblant-Jorn-Lier-Horst-ebook/dp/B0FDH2ZF5G/ref=sr_1_162,"14,99 €",Jorn Lier Horst,"4,4 sur 5 étoiles, détails de l’évaluation",24,Format Kindle,https://m.media-amazon.com/images/I/81iHBOs5RhL._AC_UY218_.jpg,2025-09-03T21:05:47.008825,Description non disponible depuis la recherche,Stock non disponible,ISBN non disponible,Éditeur non disponible,Date non disponible,Nombre de pages non disponible,Rang de vente non disponible,Science-Fiction,10.0,,,,
La Famille d'en face: Un thriller psychologique incroyable au final époustouflant,https://www.amazon.fr/Famille-den-face-psychologique-%C3%A9poustouflant-ebook/dp/B0CRS894KW/ref=sr_1_163,"15,99 €",Nicole  Trope,"4,2 sur 5 étoiles, détails de l’évaluation",4 275,Format Kindle,https://m.media-amazon.com/images/I/81VRQ9VeDIL._AC_UY218_.jpg,2025-09-03T21:05:47.011495,Description non disponible depuis la recherche,Stock non disponible,ISBN non disponible,Éditeur non disponible,Date non disponible,Nombre de pages non disponible,Rang de vente non disponible,Science-Fiction,10.0,,,,
Révolution bleue - La Clef des songes,https://www.amazon.fr/R%C3%A9volution-bleue-songes-Jean-Pierre-Goux/dp/2416019929/ref=sr_1_164,"22,90 €",Jean-Pierre Goux,Note non disponible,0 avis,Broché,https://m.media-amazon.com/images/I/81WaiSp+FeL._AC_UY218_.jpg,2025-09-03T21:05:47.014990,Description non disponible depuis la recherche,Stock non disponible,ISBN non disponible,Éditeur non disponible,Date non disponible,Nombre de pages non disponible,Rang de vente non disponible,Science-Fiction,10.0,,,,
Le réseau Corneille (Best-sellers),https://www.amazon.fr/R%C3%A9seau-Corneille-Best-sellers-Ken-FOLLETT-ebook/dp/B00AQY8ZRA/ref=sr_1_963,"9,99 €",Ken Follett,"4,4 sur 5 étoiles, détails de l’évaluation",2 870,Format Kindle,https://m.media-amazon.com/images/I/71MGl69IabL._AC_UY218_.jpg,2025-09-04T18:29:39.014377,Description non disponible depuis la recherche,Stock non disponible,ISBN non disponible,Éditeur non disponible,Date non disponible,Nombre de pages non disponible,Rang de vente non disponible,Science-Fiction,61.0,,,,
ILS ETAIENT DIX - T3 MANGA,https://www.amazon.fr/ILS-ETAIENT-DIX-T3-MANGA/dp/2889326160/ref=sr_1_964,"8,00 €",Agatha Christie,"5,0 sur 5 étoiles, détails de l’évaluation",3,Relié,https://m.media-amazon.com/images/I/81ZXNhTglgL._AC_UY218_.jpg,2025-09-04T18:29:39.016982,Description non disponible depuis la recherche,Stock non disponible,ISBN non disponible,Éditeur non disponible,Date non disponible,Nombre de pages non disponible,Rang de vente non disponible,Science-Fiction,61.0,,,,
Preuves d'amour: Tessa Leoni - Vol. 1,https://www.amazon.fr/Preuves-damour-Tessa-Leoni-Vol/dp/B0DXL95SSM/ref=sr_1_965,"0,00 €",Livres audio Audible,"4,4 sur 5 étoiles, détails de l’évaluation",3 504,Livres audio Audible,https://m.media-amazon.com/images/I/71pmgGvTdmL._AC_UY218_.jpg,2025-09-04T18:29:39.020532,Description non disponible depuis la recherche,Stock non disponible,ISBN non disponible,Éditeur non disponible,Date non disponible,Nombre de pages non disponible,Rang de vente non disponible,Science-Fiction,61.0,,,,
Le Chat du bibliothécaire: Le chat de la discorde (7),https://www.amazon.fr/Chat-biblioth%C3%A9caire-chat-discorde/dp/2290416967/ref=sr_1_966,"7,90 €",Miranda James,"4,6 sur 5 étoiles, détails de l’évaluation",181,Poche,https://m.media-amazon.com/images/I/71QpTckRF4L._AC_UY218_.jpg,2025-09-04T18:29:39.024036,Description non disponible depuis la recherche,Stock non disponible,ISBN non disponible,Éditeur non disponible,Date non disponible,Nombre de pages non disponible,Rang de vente non disponible,Science-Fiction,61.0,,,,
The Christmas Tree Farm,https://www.amazon.fr/Christmas-Tree-Farm-Laurie-Gilmore/dp/0008610746/ref=sr_1_967,"13,00 €",Laurie Gilmore,"4,1 sur 5 étoiles, détails de l’évaluation",20 533,Broché,https://m.media-amazon.com/images/I/81Z-ERVZh8L._AC_UY218_.jpg,2025-09-04T18:29:39.027657,Description non disponible depuis la recherche,Stock non disponible,ISBN non disponible,Éditeur non disponible,Date non disponible,Nombre de pages non disponible,Rang de vente non disponible,Science-Fiction,61.0,,,,
Le Mystère de la main rouge,https://www.amazon.fr/Myst%C3%A8re-main-rouge-Henri-Loevenbruck/dp/2266316370/ref=sr_1_968,"9,30 €",Henri Loevenbruck,"4,5 sur 5 étoiles, détails de l’évaluation",990,Poche,https://m.media-amazon.com/images/I/71maoIZ5TfL._AC_UY218_.jpg,2025-09-04T18:29:39.031232,Description non disponible depuis la recherche,Stock non disponible,ISBN non disponible,Éditeur non disponible,Date non disponible,Nombre de pages non disponible,Rang de vente non disponible,Science-Fiction,61.0,,,,
La MAdS 2: L'énigme du Nouveau Monde,https://www.amazon.fr/MAdS-L%C3%A9nigme-Nouveau-Monde/dp/B0DNQG7CPV/ref=sr_1_969,"17,00 €",Pascal LEBLANCS,"4,4 sur 5 étoiles, détails de l’évaluation",88,Broché,https://m.media-amazon.com/images/I/81IUvmVITKL._AC_UY218_.jpg,2025-09-04T18:29:39.033952,Description non disponible depuis la recherche,Stock non disponible,ISBN non disponible,Éditeur non disponible,Date non disponible,Nombre de pages non disponible,Rang de vente non disponible,Science-Fiction,61.0,,,,
Talisman: Le Talisman des territoires 1,https://www.amazon.fr/Audible-Talisman-territoires-1/dp/B0DK6ZDW9Z/ref=sr_1_970,"0,00 €",Livres audio Audible,"4,4 sur 5 étoiles, détails de l’évaluation",55,Livres audio Audible,https://m.media-amazon.com/images/I/81+mT++PTxL._AC_UY218_.jpg,2025-09-04T18:29:39.037175,Description non disponible depuis la recherche,Stock non disponible,ISBN non disponible,Éditeur non disponible,Date non disponible,Nombre de pages non disponible,Rang de vente non disponible,Science-Fiction,61.0,,,,
Scientific Examination of Documents: Methods and Techniques,https://www.amazon.fr/Scientific-Examination-Documents-Methods-Techniques/dp/1498768032/ref=sr_1_973,"109,68 €","Édition en Anglais | de David Ellen, Stephen Day, et al. | 8 mai 2018","5,0 sur 5 étoiles, détails de l’évaluation",7,Relié,https://m.media-amazon.com/images/I/81X0L-RoVVL._AC_UY218_.jpg,2025-09-04T18:29:39.048198,Description non disponible depuis la recherche,Stock non disponible,ISBN non disponible,Éditeur non disponible,Date non disponible,Nombre de pages non disponible,Rang de vente non disponible,Science-Fiction,61.0,,,,
Le Jeu du Chuchoteur,https://www.amazon.fr/Jeu-du-Chuchoteur-Donato-Carrisi/dp/2253181706/ref=sr_1_974,"8,90 €",Donato Carrisi,"4,3 sur 5 étoiles, détails de l’évaluation",1 100,Poche,https://m.media-amazon.com/images/I/7178DoLikCL._AC_UY218_.jpg,2025-09-04T18:29:39.051687,Description non disponible depuis la recherche,Stock non disponible,ISBN non disponible,Éditeur non disponible,Date non disponible,Nombre de pages non disponible,Rang de vente non disponible,Science-Fiction,61.0,,,,
Les os en silence (Les enquêtes de Détective Kay Hunter t. 7),https://www.amazon.fr/silence-enqu%C3%AAtes-D%C3%A9tective-Kay-Hunter-ebook/dp/B0F6L2H5DD/ref=sr_1_975,"3,99 €",Rachel Amphlett,"4,3 sur 5 étoiles, détails de l’évaluation",120,Format Kindle,https://m.media-amazon.com/images/I/81FTC9Fyw6L._AC_UY218_.jpg,2025-09-04T18:29:39.053523,Description non disponible depuis la recherche,Stock non disponible,ISBN non disponible,Éditeur non disponible,Date non disponible,Nombre de pages non disponible,Rang de vente non disponible,Science-Fiction,61.0,,,,
Guerilla 3 Le dernier combat,https://www.amazon.fr/Guerilla-dernier-combat-Laurent-Obertone/dp/238422008X/ref=sr_1_976,"21,00 €",Laurent Obertone,"4,6 sur 5 étoiles, détails de l’évaluation",489,Broché,https://m.media-amazon.com/images/I/71vcJnoF3kL._AC_UY218_.jpg,2025-09-04T18:29:39.056840,Description non disponible depuis la recherche,Stock non disponible,ISBN non disponible,Éditeur non disponible,Date non disponible,Nombre de pages non disponible,Rang de vente non disponible,Science-Fiction,61.0,,,,
La femme parfaite,https://www.amazon.fr/femme-parfaite-J-P-Delaney/dp/2253107573/ref=sr_1_977,"8,70 €",J.P. Delaney,"4,0 sur 5 étoiles, détails de l’évaluation",248,Poche,https://m.media-amazon.com/images/I/71JN5cYJeQL._AC_UY218_.jpg,2025-09-04T18:29:39.060252,Description non disponible depuis la recherche,Stock non disponible,ISBN non disponible,Éditeur non disponible,Date non disponible,Nombre de pages non disponible,Rang de vente non disponible,Science-Fiction,61.0,,,,
"Canal Historique: DEEP IMPACT 5 (suspense, espionnage, exotisme) (Deep Impact (suspense, aventure et espionnage))",https://www.amazon.fr/Canal-Historique-suspense-espionnage-exotisme-ebook/dp/B0DH95YYSY/ref=sr_1_978,"19,90 €",Pierre Schreiber,"4,5 sur 5 étoiles, détails de l’évaluation",516,Format Kindle,https://m.media-amazon.com/images/I/81U6-9WwOaL._AC_UY218_.jpg,2025-09-04T18:29:39.062363,Description non disponible depuis la recherche,Stock non disponible,ISBN non disponible,Éditeur non disponible,Date non disponible,Nombre de pages non disponible,Rang de vente non disponible,Science-Fiction,61.0,,,,
Grindadráp,https://www.amazon.fr/Grindadr%C3%A1p-Caryl-F%C3%A9rey-ebook/dp/B0DXQH58PG/ref=sr_1_979,"14,99 €",de Caryl Férey | 3 avril 2025,"4,0 sur 5 étoiles, détails de l’évaluation",162,Format Kindle,https://m.media-amazon.com/images/I/71K-AlQW4hL._AC_UY218_.jpg,2025-09-04T18:29:39.066165,Description non disponible depuis la recherche,Stock non disponible,ISBN non disponible,Éditeur non disponible,Date non disponible,Nombre de pages non disponible,Rang de vente non disponible,Science-Fiction,61.0,,,,
Classée sans suite - Une enquête de Liv Jensen - Nouveauté 2025 thriller Katrine Engberg - La nouvelle reine du thriller scandinave (Fleuve noir),https://www.amazon.fr/Class%C3%A9e-sans-suite-Nouveaut%C3%A9-scandinave-ebook/dp/B0DMTZ7FVY/ref=sr_1_980,"14,99 €",Katrine Engberg,"4,1 sur 5 étoiles, détails de l’évaluation",266,Format Kindle,https://m.media-amazon.com/images/I/81KrsEwYdUL._AC_UY218_.jpg,2025-09-04T18:29:39.069515,Description non disponible depuis la recherche,Stock non disponible,ISBN non disponible,Éditeur non disponible,Date non disponible,Nombre de pages non disponible,Rang de vente non disponible,Science-Fiction,61.0,,,,
Sous le ciel brisé 8: Thriller d'horreur apocalyptique,https://www.amazon.fr/Sous-ciel-bris%C3%A9-Thriller-apocalyptique/dp/B0F1LV715C/ref=sr_1_979,"15,81 €",Nick Clausen,"4,6 sur 5 étoiles, détails de l’évaluation",159,Broché,https://m.media-amazon.com/images/I/711znvU7G7L._AC_UY218_.jpg,2025-09-04T18:29:49.477702,Description non disponible depuis la recherche,Stock non disponible,ISBN non disponible,Éditeur non disponible,Date non disponible,Nombre de pages non disponible,Rang de vente non disponible,Science-Fiction,62.0,,,,
Le flambeur de la Caspienne (Littérature française),https://www.amazon.fr/flambeur-Caspienne-Litt%C3%A9rature-fran%C3%A7aise-ebook/dp/B08562TVY3/ref=sr_1_980,"9,00 €",Jean-Christophe Rufin,"4,1 sur 5 étoiles, détails de l’évaluation",2 054,Format Kindle,https://m.media-amazon.com/images/I/61eK9kwbWZL._AC_UY218_.jpg,2025-09-04T18:29:49.480592,Description non disponible depuis la recherche,Stock non disponible,ISBN non disponible,Éditeur non disponible,Date non disponible,Nombre de pages non disponible,Rang de vente non disponible,Science-Fiction,62.0,,,,
L'Egarée,https://www.amazon.fr/LEgar%C3%A9e-Donato-Carrisi/dp/2253259918/ref=sr_1_981,"8,70 €",Donato Carrisi,"4,5 sur 5 étoiles, détails de l’évaluation",1 136,Poche,https://m.media-amazon.com/images/I/81q9gyJuL8S._AC_UY218_.jpg,2025-09-04T18:29:49.483897,Description non disponible depuis la recherche,Stock non disponible,ISBN non disponible,Éditeur non disponible,Date non disponible,Nombre de pages non disponible,Rang de vente non disponible,Science-Fiction,62.0,,,,
L'Éducation des papillons (Suspense Crime),https://www.amazon.fr/L%C3%89ducation-papillons-Suspense-Donato-Carrisi-ebook/dp/B0DG5DT2JX/ref=sr_1_982,"9,49 €",Donato Carrisi,"4,5 sur 5 étoiles, détails de l’évaluation",200,Format Kindle,https://m.media-amazon.com/images/I/81uOFCf-SXL._AC_UY218_.jpg,2025-09-04T18:29:49.487051,Description non disponible depuis la recherche,Stock non disponible,ISBN non disponible,Éditeur non disponible,Date non disponible,Nombre de pages non disponible,Rang de vente non disponible,Science-Fiction,62.0,,,,
Sous le ciel brisé 5: Thriller d'horreur apocalyptique,https://www.amazon.fr/Sous-ciel-bris%C3%A9-Thriller-apocalyptique/dp/B0DZM1B1VF/ref=sr_1_983,"15,81 €",Nick Clausen,"4,5 sur 5 étoiles, détails de l’évaluation",115,Broché,https://m.media-amazon.com/images/I/71GMOhreT+L._AC_UY218_.jpg,2025-09-04T18:29:49.489263,Description non disponible depuis la recherche,Stock non disponible,ISBN non disponible,Éditeur non disponible,Date non disponible,Nombre de pages non disponible,Rang de vente non disponible,Science-Fiction,62.0,,,,
L'Appel du coucou,https://www.amazon.fr/LAppel-du-coucou-Robert-Galbraith/dp/2253001716/ref=sr_1_984,"10,40 €",Robert Galbraith,"4,3 sur 5 étoiles, détails de l’évaluation",1 677,Poche,https://m.media-amazon.com/images/I/715krWYHytL._AC_UY218_.jpg,2025-09-04T18:29:49.492466,Description non disponible depuis la recherche,Stock non disponible,ISBN non disponible,Éditeur non disponible,Date non disponible,Nombre de pages non disponible,Rang de vente non disponible,Science-Fiction,62.0,,,,
"Une pierre, deux proies: Un cosy-mystery pétillant teinté de romance (La demoiselle et le mousquetaire t. 5)",https://www.amazon.fr/Une-pierre-deux-proies-cosy-mystery-ebook/dp/B0F1GNS2F8/ref=sr_1_985,"15,00 €",S.D. Fischer,"4,8 sur 5 étoiles, détails de l’évaluation",623,Format Kindle,https://m.media-amazon.com/images/I/71CCEDxGqNL._AC_UY218_.jpg,2025-09-04T18:29:49.495162,Description non disponible depuis la recherche,Stock non disponible,ISBN non disponible,Éditeur non disponible,Date non disponible,Nombre de pages non disponible,Rang de vente non disponible,Science-Fiction,62.0,,,,
"The Right Move: A forced proximity, fake dating sports romance from the TikTok sensation and author of MILE HIGH",https://www.amazon.fr/Right-Move-Windy-City-Book/dp/1399728563/ref=sr_1_986,"12,12 €",Liz Tomforde,"4,6 sur 5 étoiles, détails de l’évaluation",89 770,Broché,https://m.media-amazon.com/images/I/81EIpF-ZnfL._AC_UY218_.jpg,2025-09-04T18:29:49.498263,Description non disponible depuis la recherche,Stock non disponible,ISBN non disponible,Éditeur non disponible,Date non disponible,Nombre de pages non disponible,Rang de vente non disponible,Science-Fiction,62.0,,,,
Le maître des Limbes,https://www.amazon.fr/ma%C3%AEtre-Limbes-Olivier-BAL/dp/2266306677/ref=sr_1_989,"9,90 €",Olivier Bal,"4,3 sur 5 étoiles, détails de l’évaluation",180,Poche,https://m.media-amazon.com/images/I/61Vu3eVAZhL._AC_UY218_.jpg,2025-09-04T18:29:49.505972,Description non disponible depuis la recherche,Stock non disponible,ISBN non disponible,Éditeur non disponible,Date non disponible,Nombre de pages non disponible,Rang de vente non disponible,Science-Fiction,62.0,,,,
Shatter Me,https://www.amazon.fr/Shatter-Me-Tahereh-Mafi/dp/1405291753/ref=sr_1_990,"12,12 €",Tahereh Mafi,"4,3 sur 5 étoiles, détails de l’évaluation",31 359,Broché,https://m.media-amazon.com/images/I/81VpXyXk4PL._AC_UY218_.jpg,2025-09-04T18:29:49.509439,Description non disponible depuis la recherche,Stock non disponible,ISBN non disponible,Éditeur non disponible,Date non disponible,Nombre de pages non disponible,Rang de vente non disponible,Science-Fiction,62.0,,,,
Un assassin parmi nous,https://www.amazon.fr/assassin-parmi-nous-Shari-LAPENA/dp/2266315633/ref=sr_1_991,"8,40 €",Shari Lapena,"4,2 sur 5 étoiles, détails de l’évaluation",699,Poche,https://m.media-amazon.com/images/I/71WiaQjUtML._AC_UY218_.jpg,2025-09-04T18:29:49.512932,Description non disponible depuis la recherche,Stock non disponible,ISBN non disponible,Éditeur non disponible,Date non disponible,Nombre de pages non disponible,Rang de vente non disponible,Science-Fiction,62.0,,,,
Hamish Macbeth 25 - Une Saint-Valentin explosive,https://www.amazon.fr/Hamish-Macbeth-25-Saint-Valentin-explosive-ebook/dp/B0DVGSL92J/ref=sr_1_992,"9,99 €",M. C. Beaton,"4,5 sur 5 étoiles, détails de l’évaluation",345,Format Kindle,https://m.media-amazon.com/images/I/81ByBgP+dwL._AC_UY218_.jpg,2025-09-04T18:29:49.515600,Description non disponible depuis la recherche,Stock non disponible,ISBN non disponible,Éditeur non disponible,Date non disponible,Nombre de pages non disponible,Rang de vente non disponible,Science-Fiction,62.0,,,,
Les Lions du Panshir,https://www.amazon.fr/Lions-du-Panshir-Ken-Follett/dp/2253042021/ref=sr_1_993,"9,20 €",Ken Follett,"4,1 sur 5 étoiles, détails de l’évaluation",3 169,Poche,https://m.media-amazon.com/images/I/61HWw9WNZ5L._AC_UY218_.jpg,2025-09-04T18:29:49.518743,Description non disponible depuis la recherche,Stock non disponible,ISBN non disponible,Éditeur non disponible,Date non disponible,Nombre de pages non disponible,Rang de vente non disponible,Science-Fiction,62.0,,,,
DC Finest: Batman: Red Skies,https://www.amazon.fr/DC-Finest-Batman-Red-Skies/dp/1799502732/ref=sr_1_994,"36,18 €",Édition en Anglais | de Various | 2 septembre 2025,Note non disponible,0 avis,Broché,https://m.media-amazon.com/images/I/816KeG421GL._AC_UY218_.jpg,2025-09-04T18:29:49.521670,Description non disponible depuis la recherche,Stock non disponible,ISBN non disponible,Éditeur non disponible,Date non disponible,Nombre de pages non disponible,Rang de vente non disponible,Science-Fiction,62.0,,,,
Da Vinci code,https://www.amazon.fr/Vinci-Code-Dan-Brown/dp/2709624931/ref=sr_1_995,"22,90 €",Dan Brown,"4,6 sur 5 étoiles, détails de l’évaluation",404,Broché,https://m.media-amazon.com/images/I/81WxCI8QOvL._AC_UY218_.jpg,2025-09-04T18:29:49.523786,Description non disponible depuis la recherche,Stock non disponible,ISBN non disponible,Éditeur non disponible,Date non disponible,Nombre de pages non disponible,Rang de vente non disponible,Science-Fiction,62.0,,,,
Tout Maigret - tome 1,https://www.amazon.fr/Tout-Maigret-T-Georges-SIMENON-ebook/dp/B07NZ8QNGD/ref=sr_1_996,"23,99 €",Georges Simenon,"4,6 sur 5 étoiles, détails de l’évaluation",480,Format Kindle,https://m.media-amazon.com/images/I/81ZKq7lj00L._AC_UY218_.jpg,2025-09-04T18:29:49.526496,Description non disponible depuis la recherche,Stock non disponible,ISBN non disponible,Éditeur non disponible,Date non disponible,Nombre de pages non disponible,Rang de vente non disponible,Science-Fiction,62.0,,,,
Femme de Ménage Tome 2 : L'Éclat Trompeur,https://www.amazon.fr/Femme-M%C3%A9nage-2-L%C3%89clat-Trompeur-ebook/dp/B0F77197K9/ref=sr_1_995,"13,61 €",Amandine FERRAC,"3,4 sur 5 étoiles, détails de l’évaluation",17,Format Kindle,https://m.media-amazon.com/images/I/81fWHmSmjXL._AC_UY218_.jpg,2025-09-04T18:29:58.807102,Description non disponible depuis la recherche,Stock non disponible,ISBN non disponible,Éditeur non disponible,Date non disponible,Nombre de pages non disponible,Rang de vente non disponible,Science-Fiction,63.0,,,,
La Méthode sicilienne,https://www.amazon.fr/M%C3%A9thode-sicilienne-Andrea-Camilleri/dp/2266353004/ref=sr_1_996,"8,70 €",Andrea Camilleri,"4,2 sur 5 étoiles, détails de l’évaluation",94,Poche,https://m.media-amazon.com/images/I/71tHl5tMNxL._AC_UY218_.jpg,2025-09-04T18:29:58.810255,Description non disponible depuis la recherche,Stock non disponible,ISBN non disponible,Éditeur non disponible,Date non disponible,Nombre de pages non disponible,Rang de vente non disponible,Science-Fiction,63.0,,,,
Piège à loup,https://www.amazon.fr/Pi%C3%A8ge-%C3%A0-loup-Aslak-Nore-ebook/dp/B0DWHKBXQ4/ref=sr_1_997,"17,99 €",Aslak Nore,"4,1 sur 5 étoiles, détails de l’évaluation",73,Format Kindle,https://m.media-amazon.com/images/I/71jPakvPRRL._AC_UY218_.jpg,2025-09-04T18:29:58.813455,Description non disponible depuis la recherche,Stock non disponible,ISBN non disponible,Éditeur non disponible,Date non disponible,Nombre de pages non disponible,Rang de vente non disponible,Science-Fiction,63.0,,,,
Les héritiers de l'Arctique,https://www.amazon.fr/h%C3%A9ritiers-lArctique-Aslak-Nore/dp/2264084952/ref=sr_1_998,"9,90 €",Aslak Nore,"3,9 sur 5 étoiles, détails de l’évaluation",94,Poche,https://m.media-amazon.com/images/I/71nUtbOk44L._AC_UY218_.jpg,2025-09-04T18:29:58.816806,Description non disponible depuis la recherche,Stock non disponible,ISBN non disponible,Éditeur non disponible,Date non disponible,Nombre de pages non disponible,Rang de vente non disponible,Science-Fiction,63.0,,,,
L'Aiguille creuse: Une aventure d'Arsène Lupin,https://www.amazon.fr/LAiguille-creuse-aventure-dArs%C3%A8ne-Lupin/dp/B09Z4JKQXC/ref=sr_1_999,"3,50 €",Maurice Leblanc,"4,6 sur 5 étoiles, détails de l’évaluation",31,Broché,https://m.media-amazon.com/images/I/51O4PJKagIL._AC_UY218_.jpg,2025-09-04T18:29:58.818772,Description non disponible depuis la recherche,Stock non disponible,ISBN non disponible,Éditeur non disponible,Date non disponible,Nombre de pages non disponible,Rang de vente non disponible,Science-Fiction,63.0,,,,
Sang d'encre,https://www.amazon.fr/Sang-dencre-Robert-Galbraith/dp/225325326X/ref=sr_1_1000,"14,90 €",Robert Galbraith,"4,2 sur 5 étoiles, détails de l’évaluation",242,Poche,https://m.media-amazon.com/images/I/71vV6ZPMf3L._AC_UY218_.jpg,2025-09-04T18:29:58.822134,Description non disponible depuis la recherche,Stock non disponible,ISBN non disponible,Éditeur non disponible,Date non disponible,Nombre de pages non disponible,Rang de vente non disponible,Science-Fiction,63.0,,,,
Lights Out: Tiktok's favourite dark and steamy romance (Into Darkness) (English Edition),https://www.amazon.fr/Lights-Out-Tiktoks-favourite-Darkness-ebook/dp/B0D4JHV59S/ref=sr_1_1001,"6,49 €",Navessa Allen,"4,4 sur 5 étoiles, détails de l’évaluation",65 296,Format Kindle,https://m.media-amazon.com/images/I/81OcgtUYWaL._AC_UY218_.jpg,2025-09-04T18:29:58.825450,Description non disponible depuis la recherche,Stock non disponible,ISBN non disponible,Éditeur non disponible,Date non disponible,Nombre de pages non disponible,Rang de vente non disponible,Science-Fiction,63.0,,,,
Noir comme l'orage,https://www.amazon.fr/Noir-comme-lorage-Sonja-Delzongle/dp/2266347594/ref=sr_1_1002,"10,30 €",Sonja Delzongle,"4,0 sur 5 étoiles, détails de l’évaluation",408,Poche,https://m.media-amazon.com/images/I/61aP-a1hZhL._AC_UY218_.jpg,2025-09-04T18:29:58.828640,Description non disponible depuis la recherche,Stock non disponible,ISBN non disponible,Éditeur non disponible,Date non disponible,Nombre de pages non disponible,Rang de vente non disponible,Science-Fiction,63.0,,,,
Juste après la vague,https://www.amazon.fr/Juste-apr%C3%A8s-vague-Sandrine-Collette/dp/2253237523/ref=sr_1_1005,"9,20 €",Sandrine Collette,"4,3 sur 5 étoiles, détails de l’évaluation",904,Poche,https://m.media-amazon.com/images/I/81aTih9Ad0L._AC_UY218_.jpg,2025-09-04T18:29:58.837664,Description non disponible depuis la recherche,Stock non disponible,ISBN non disponible,Éditeur non disponible,Date non disponible,Nombre de pages non disponible,Rang de vente non disponible,Science-Fiction,63.0,,,,
"Bretzel & beurre salé, enquête 6 - La vengeance est un plat qui se mange froid (Bretzel et beurre salé)",https://www.amazon.fr/Bretzel-beurre-sal%C3%A9-enqu%C3%AAte-vengeance-ebook/dp/B0DX7DZSSZ/ref=sr_1_1006,"9,99 €",Margot Le Moal,"4,6 sur 5 étoiles, détails de l’évaluation",238,Format Kindle,https://m.media-amazon.com/images/I/71-9ORzeTlL._AC_UY218_.jpg,2025-09-04T18:29:58.840327,Description non disponible depuis la recherche,Stock non disponible,ISBN non disponible,Éditeur non disponible,Date non disponible,Nombre de pages non disponible,Rang de vente non disponible,Science-Fiction,63.0,,,,
Noir comme l'enfer,https://www.amazon.fr/Noir-comme-lenfer-Anonyme-Bourbon/dp/2383992372/ref=sr_1_1007,"23,90 €",de Anonyme (Bourbon kid) et Cindy Colin-Kapen | 6 novembre 2025,Note non disponible,0 avis,Broché,https://m.media-amazon.com/images/I/511qEV1XqlL._AC_UY218_.jpg,2025-09-04T18:29:58.843846,Description non disponible depuis la recherche,Stock non disponible,ISBN non disponible,Éditeur non disponible,Date non disponible,Nombre de pages non disponible,Rang de vente non disponible,Science-Fiction,63.0,,,,
Les Fantômes de Versailles,https://www.amazon.fr/Fant%C3%B4mes-Versailles-Jacques-Forgeas-ebook/dp/B0DS54J53D/ref=sr_1_1008,"14,99 €",Jacques Forgeas,"4,3 sur 5 étoiles, détails de l’évaluation",156,Format Kindle,https://m.media-amazon.com/images/I/81Li0epdUnL._AC_UY218_.jpg,2025-09-04T18:29:58.846342,Description non disponible depuis la recherche,Stock non disponible,ISBN non disponible,Éditeur non disponible,Date non disponible,Nombre de pages non disponible,Rang de vente non disponible,Science-Fiction,63.0,,,,
"Meurtre sur le pas de sa porte: Un mystère victorien cosy d'herbes, de fantômes et d'une suspecte fort peu convenable",https://www.amazon.fr/Meurtre-sur-pas-porte-convenable/dp/B0F93KLKMM/ref=sr_1_1009,"11,59 €",Zia Bellamy,"4,3 sur 5 étoiles, détails de l’évaluation",80,Broché,https://m.media-amazon.com/images/I/71xzJpxx4PL._AC_UY218_.jpg,2025-09-04T18:29:58.848586,Description non disponible depuis la recherche,Stock non disponible,ISBN non disponible,Éditeur non disponible,Date non disponible,Nombre de pages non disponible,Rang de vente non disponible,Science-Fiction,63.0,,,,
"Coupable !: Thriller (Série Karen Blackstone, enquêtrice cold cases t. 5)",https://www.amazon.fr/Coupable-Thriller-S%C3%A9rie-Blackstone-enqu%C3%AAtrice-ebook/dp/B0F8SYJ9SL/ref=sr_1_1010,"20,00 €",Sébastien Theveny,"4,5 sur 5 étoiles, détails de l’évaluation",427,Format Kindle,https://m.media-amazon.com/images/I/81NX-eH24FL._AC_UY218_.jpg,2025-09-04T18:29:58.850792,Description non disponible depuis la recherche,Stock non disponible,ISBN non disponible,Éditeur non disponible,Date non disponible,Nombre de pages non disponible,Rang de vente non disponible,Science-Fiction,63.0,,,,
In Fine,https://www.amazon.fr/Fine-M-ATON/dp/B0F54LQP55/ref=sr_1_1011,"22,16 €",M. ATON,"4,8 sur 5 étoiles, détails de l’évaluation",68,Broché,https://m.media-amazon.com/images/I/61M10jHE3VL._AC_UY218_.jpg,2025-09-04T18:29:58.853064,Description non disponible depuis la recherche,Stock non disponible,ISBN non disponible,Éditeur non disponible,Date non disponible,Nombre de pages non disponible,Rang de vente non disponible,Science-Fiction,63.0,,,,
Sans issue,https://www.amazon.fr/Sans-issue-Joy-Fielding-ebook/dp/B0B23RCV16/ref=sr_1_1012,"6,99 €",Joy Fielding,"4,3 sur 5 étoiles, détails de l’évaluation",352,Format Kindle,https://m.media-amazon.com/images/I/816GBwJN6EL._AC_UY218_.jpg,2025-09-04T18:29:58.855725,Description non disponible depuis la recherche,Stock non disponible,ISBN non disponible,Éditeur non disponible,Date non disponible,Nombre de pages non disponible,Rang de vente non disponible,Science-Fiction,63.0,,,,
"La Ronde des soupçons (Lara, Tome 1)",https://www.amazon.fr/Ronde-soup%C3%A7ons-Lara-1/dp/2253242004/ref=sr_1_1011,"10,90 €",Marie-Bernadette Dupuy,"4,5 sur 5 étoiles, détails de l’évaluation",1 477,Poche,https://m.media-amazon.com/images/I/714T4GJ8NVL._AC_UY218_.jpg,2025-09-04T18:30:08.707742,Description non disponible depuis la recherche,Stock non disponible,ISBN non disponible,Éditeur non disponible,Date non disponible,Nombre de pages non disponible,Rang de vente non disponible,Science-Fiction,64.0,,,,
La Dernière tempête,https://www.amazon.fr/Derni%C3%A8re-temp%C3%AAte-Ragnar-J%C3%B3nasson/dp/2757891669/ref=sr_1_1012,"8,40 €",Ragnar Jónasson,"4,2 sur 5 étoiles, détails de l’évaluation",2 342,Poche,https://m.media-amazon.com/images/I/81TE5k5Pb1L._AC_UY218_.jpg,2025-09-04T18:30:08.710609,Description non disponible depuis la recherche,Stock non disponible,ISBN non disponible,Éditeur non disponible,Date non disponible,Nombre de pages non disponible,Rang de vente non disponible,Science-Fiction,64.0,,,,
Nobody's Fool (English Edition),https://www.amazon.fr/Nobodys-Fool-English-Harlan-Coben-ebook/dp/B0D94X1G8S/ref=sr_1_1013,"12,99 €",Harlan Coben,"4,5 sur 5 étoiles, détails de l’évaluation",12 298,Format Kindle,https://m.media-amazon.com/images/I/81z9HmIYbkL._AC_UY218_.jpg,2025-09-04T18:30:08.713997,Description non disponible depuis la recherche,Stock non disponible,ISBN non disponible,Éditeur non disponible,Date non disponible,Nombre de pages non disponible,Rang de vente non disponible,Science-Fiction,64.0,,,,
L'Appel du néant,https://www.amazon.fr/LAppel-du-n%C3%A9ant-Maxime-CHATTAM/dp/2266269097/ref=sr_1_1014,"10,30 €",Maxime Chattam,"4,4 sur 5 étoiles, détails de l’évaluation",2 643,Poche,https://m.media-amazon.com/images/I/61oLbNZ6MXL._AC_UY218_.jpg,2025-09-04T18:30:08.717292,Description non disponible depuis la recherche,Stock non disponible,ISBN non disponible,Éditeur non disponible,Date non disponible,Nombre de pages non disponible,Rang de vente non disponible,Science-Fiction,64.0,,,,
Blindly - Tome 1: Le premier roman de l'influenceur star Polatandhisbooks,https://www.amazon.fr/Blindly-premier-roman-linfluenceur-Polatandhisbooks/dp/2280600587/ref=sr_1_1015,"18,50 €",Polat Gokay,"4,1 sur 5 étoiles, détails de l’évaluation",144,Broché,https://m.media-amazon.com/images/I/71nFK5TBooL._AC_UY218_.jpg,2025-09-04T18:30:08.720157,Description non disponible depuis la recherche,Stock non disponible,ISBN non disponible,Éditeur non disponible,Date non disponible,Nombre de pages non disponible,Rang de vente non disponible,Science-Fiction,64.0,,,,
L'Inconnu de Port Bélon,https://www.amazon.fr/LInconnu-Port-B%C3%A9lon-Jean-Luc-BANNALEC/dp/2266281763/ref=sr_1_1016,"9,00 €",Jean-Luc Bannalec,"4,5 sur 5 étoiles, détails de l’évaluation",398,Poche,https://m.media-amazon.com/images/I/7115UFJdAYL._AC_UY218_.jpg,2025-09-04T18:30:08.723816,Description non disponible depuis la recherche,Stock non disponible,ISBN non disponible,Éditeur non disponible,Date non disponible,Nombre de pages non disponible,Rang de vente non disponible,Science-Fiction,64.0,,,,
Le Maître des illusions,https://www.amazon.fr/ma%C3%AEtre-illusions-Donna-Tartt/dp/2266317075/ref=sr_1_1017,"10,70 €",Donna Tartt,"4,0 sur 5 étoiles, détails de l’évaluation",856,Poche,https://m.media-amazon.com/images/I/71z6LtnErcL._AC_UY218_.jpg,2025-09-04T18:30:08.726239,Description non disponible depuis la recherche,Stock non disponible,ISBN non disponible,Éditeur non disponible,Date non disponible,Nombre de pages non disponible,Rang de vente non disponible,Science-Fiction,64.0,,,,
Momies,https://www.amazon.fr/Momies-Nadine-Mousselet/dp/2266351850/ref=sr_1_1018,"8,40 €",Nadine Mousselet,"4,1 sur 5 étoiles, détails de l’évaluation",18,Poche,https://m.media-amazon.com/images/I/71ZatNs4JBL._AC_UY218_.jpg,2025-09-04T18:30:08.728732,Description non disponible depuis la recherche,Stock non disponible,ISBN non disponible,Éditeur non disponible,Date non disponible,Nombre de pages non disponible,Rang de vente non disponible,Science-Fiction,64.0,,,,
LE PRIX DU SILENCE,https://www.amazon.fr/PRIX-DU-SILENCE-Christophe-Agnus/dp/2491812355/ref=sr_1_1021,"20,00 €",Christophe Agnus,"4,6 sur 5 étoiles, détails de l’évaluation",90,Broché,https://m.media-amazon.com/images/I/81eXNmfSFsL._AC_UY218_.jpg,2025-09-04T18:30:08.736827,Description non disponible depuis la recherche,Stock non disponible,ISBN non disponible,Éditeur non disponible,Date non disponible,Nombre de pages non disponible,Rang de vente non disponible,Science-Fiction,64.0,,,,
Les Enfants qui blessent,https://www.amazon.fr/Enfants-qui-blessent-Bj%C3%B6rg-%C3%86gisd%C3%B3ttir-ebook/dp/B0DWKQRVVY/ref=sr_1_1022,"15,99 €",Eva Björg Ægisdóttir,"4,3 sur 5 étoiles, détails de l’évaluation",127,Format Kindle,https://m.media-amazon.com/images/I/819BG9b56GL._AC_UY218_.jpg,2025-09-04T18:30:08.740116,Description non disponible depuis la recherche,Stock non disponible,ISBN non disponible,Éditeur non disponible,Date non disponible,Nombre de pages non disponible,Rang de vente non disponible,Science-Fiction,64.0,,,,
L'ombre du doute: Thriller judiciaire,https://www.amazon.fr/Lombre-du-doute-Suspense-psychologique-ebook/dp/B0CZ57TBXL/ref=sr_1_1023,"18,90 €",Jeanne Yliss,"4,3 sur 5 étoiles, détails de l’évaluation",1 526,Format Kindle,https://m.media-amazon.com/images/I/71r6I5J14kL._AC_UY218_.jpg,2025-09-04T18:30:08.742229,Description non disponible depuis la recherche,Stock non disponible,ISBN non disponible,Éditeur non disponible,Date non disponible,Nombre de pages non disponible,Rang de vente non disponible,Science-Fiction,64.0,,,,
Le Lagon,https://www.amazon.fr/Lagon-Catherine-Cooper-ebook/dp/B0DVDY1VMP/ref=sr_1_1024,"15,99 €",Catherine Cooper,"4,0 sur 5 étoiles, détails de l’évaluation",32,Format Kindle,https://m.media-amazon.com/images/I/81+-ZV-xSGL._AC_UY218_.jpg,2025-09-04T18:30:08.744869,Description non disponible depuis la recherche,Stock non disponible,ISBN non disponible,Éditeur non disponible,Date non disponible,Nombre de pages non disponible,Rang de vente non disponible,Science-Fiction,64.0,,,,
Clete,https://www.amazon.fr/Clete-James-Lee-Burke/dp/2743667117/ref=sr_1_1025,"23,00 €",James Lee Burke,"3,9 sur 5 étoiles, détails de l’évaluation",32,Broché,https://m.media-amazon.com/images/I/61rSr48FViL._AC_UY218_.jpg,2025-09-04T18:30:08.747760,Description non disponible depuis la recherche,Stock non disponible,ISBN non disponible,Éditeur non disponible,Date non disponible,Nombre de pages non disponible,Rang de vente non disponible,Science-Fiction,64.0,,,,
Les Mystères des Sorcières de Hallow Haven Complets: Tomes 1-15,https://www.amazon.fr/Myst%C3%A8res-Sorci%C3%A8res-Hallow-Haven-Complets-ebook/dp/B0F3XXHR44/ref=sr_1_1026,Prix non disponible,Mara Webb,"4,3 sur 5 étoiles, détails de l’évaluation",172,Format Kindle,https://m.media-amazon.com/images/I/718YO+3ItNL._AC_UY218_.jpg,2025-09-04T18:30:08.749568,Description non disponible depuis la recherche,Stock non disponible,ISBN non disponible,Éditeur non disponible,Date non disponible,Nombre de pages non disponible,Rang de vente non disponible,Science-Fiction,64.0,,,,
L'Ombre du Mégalithe: Lagarde enquête,https://www.amazon.fr/LOmbre-du-M%C3%A9galithe-Lagarde-enqu%C3%AAte-ebook/dp/B0FNK7S3W9/ref=sr_1_1027,"1,99 €",Josie Hack,Note non disponible,0 avis,Format Kindle,https://m.media-amazon.com/images/I/81HdgfF0ccL._AC_UY218_.jpg,2025-09-04T18:30:08.751163,Description non disponible depuis la recherche,Stock non disponible,ISBN non disponible,Éditeur non disponible,Date non disponible,Nombre de pages non disponible,Rang de vente non disponible,Science-Fiction,64.0,,,,
Qu'à jamais j'oublie,https://www.amazon.fr/Qu%C3%A0-jamais-joublie-Valentin-Musso/dp/2757891820/ref=sr_1_1028,"8,95 €",Valentin Musso,"4,5 sur 5 étoiles, détails de l’évaluation",1 637,Poche,https://m.media-amazon.com/images/I/71FjtHpgDfL._AC_UY218_.jpg,2025-09-04T18:30:08.754400,Description non disponible depuis la recherche,Stock non disponible,ISBN non disponible,Éditeur non disponible,Date non disponible,Nombre de pages non disponible,Rang de vente non disponible,Science-Fiction,64.0,,,,
UN AUTOMNE À RIVER FALLS...: PRIX COGNAC DU MEILLEUR ROMAN POLICIER,https://www.amazon.fr/AUTOMNE-RIVER-FALLS-MEILLEUR-POLICIER-ebook/dp/B08QR2YFXS/ref=sr_1_1027,"2,99 €",Alexis Aubenque,"4,2 sur 5 étoiles, détails de l’évaluation",3 795,Format Kindle,https://m.media-amazon.com/images/I/81shln-wb0L._AC_UY218_.jpg,2025-09-04T18:30:18.599540,Description non disponible depuis la recherche,Stock non disponible,ISBN non disponible,Éditeur non disponible,Date non disponible,Nombre de pages non disponible,Rang de vente non disponible,Science-Fiction,65.0,,,,
Des nœuds d'acier (Sueurs Froides),https://www.amazon.fr/noeuds-dacier-Sandrine-Collette-ebook/dp/B00AQO6FIG/ref=sr_1_1028,"6,99 €",Sandrine Collette,"4,1 sur 5 étoiles, détails de l’évaluation",1 628,Format Kindle,https://m.media-amazon.com/images/I/91j+wyOGHmL._AC_UY218_.jpg,2025-09-04T18:30:18.602712,Description non disponible depuis la recherche,Stock non disponible,ISBN non disponible,Éditeur non disponible,Date non disponible,Nombre de pages non disponible,Rang de vente non disponible,Science-Fiction,65.0,,,,
La Hantise du Manoir Blackstone: Royaume Ténébreux Tome 1,https://www.amazon.fr/Hantise-Manoir-Blackstone-Royaume-T%C3%A9n%C3%A9breux/dp/B0FFYZWV6H/ref=sr_1_1029,"15,81 €",Augustine Pierce,"4,1 sur 5 étoiles, détails de l’évaluation",24,Broché,https://m.media-amazon.com/images/I/615zBGcQ3sL._AC_UY218_.jpg,2025-09-04T18:30:18.604897,Description non disponible depuis la recherche,Stock non disponible,ISBN non disponible,Éditeur non disponible,Date non disponible,Nombre de pages non disponible,Rang de vente non disponible,Science-Fiction,65.0,,,,
Le Chauffeur (Les thrillers de John Milton t. 3),https://www.amazon.fr/Chauffeur-thrillers-John-Milton-t-ebook/dp/B0D5Y9J6YR/ref=sr_1_1030,"18,98 €",Mark Dawson,"4,3 sur 5 étoiles, détails de l’évaluation",890,Format Kindle,https://m.media-amazon.com/images/I/81BlBCJWQNL._AC_UY218_.jpg,2025-09-04T18:30:18.607707,Description non disponible depuis la recherche,Stock non disponible,ISBN non disponible,Éditeur non disponible,Date non disponible,Nombre de pages non disponible,Rang de vente non disponible,Science-Fiction,65.0,,,,
Le Réseau,https://www.amazon.fr/R%C3%A9seau-John-Grisham/dp/2253249998/ref=sr_1_1031,"9,40 €",John Grisham,"3,9 sur 5 étoiles, détails de l’évaluation",884,Poche,https://m.media-amazon.com/images/I/71JBVwC4sqL._AC_UY218_.jpg,2025-09-04T18:30:18.611209,Description non disponible depuis la recherche,Stock non disponible,ISBN non disponible,Éditeur non disponible,Date non disponible,Nombre de pages non disponible,Rang de vente non disponible,Science-Fiction,65.0,,,,
Strange Houses: The Chilling Japanese Mystery Sensation,https://www.amazon.fr/Strange-Houses-Uketsu/dp/1805335375/ref=sr_1_1032,"17,75 €",Uketsu,"4,0 sur 5 étoiles, détails de l’évaluation",709,Broché,https://m.media-amazon.com/images/I/71FuSvhtpVL._AC_UY218_.jpg,2025-09-04T18:30:18.614992,Description non disponible depuis la recherche,Stock non disponible,ISBN non disponible,Éditeur non disponible,Date non disponible,Nombre de pages non disponible,Rang de vente non disponible,Science-Fiction,65.0,,,,
Le Femme de chambre,https://www.amazon.fr/Femme-chambre-Sarah-Denzil-ebook/dp/B0DSGB9CMS/ref=sr_1_1033,"12,00 €",Sarah A.  Denzil,"4,2 sur 5 étoiles, détails de l’évaluation",1 373,Format Kindle,https://m.media-amazon.com/images/I/81CcsxntIHL._AC_UY218_.jpg,2025-09-04T18:30:18.617110,Description non disponible depuis la recherche,Stock non disponible,ISBN non disponible,Éditeur non disponible,Date non disponible,Nombre de pages non disponible,Rang de vente non disponible,Science-Fiction,65.0,,,,
Vulgata Dominum,https://www.amazon.fr/Vulgata-Dominum-Sloane-M-Gstar/dp/238690041X/ref=sr_1_1034,"22,00 €",Sloane M. Gstar,"4,6 sur 5 étoiles, détails de l’évaluation",352,Broché,https://m.media-amazon.com/images/I/716angZQnfL._AC_UY218_.jpg,2025-09-04T18:30:18.619641,Description non disponible depuis la recherche,Stock non disponible,ISBN non disponible,Éditeur non disponible,Date non disponible,Nombre de pages non disponible,Rang de vente non disponible,Science-Fiction,65.0,,,,
The Hawkman Omnibus by Geoff Johns (2025 Edition),https://www.amazon.fr/Hawkman-Omnibus-Geoff-Johns-2025/dp/1799502783/ref=sr_1_1037,"90,69 €","Édition en Anglais | de Geoff Johns, James Robinson, et al. | 2 septembre 2025",Note non disponible,0 avis,Relié,https://m.media-amazon.com/images/I/81un9fcRFTL._AC_UY218_.jpg,2025-09-04T18:30:18.629301,Description non disponible depuis la recherche,Stock non disponible,ISBN non disponible,Éditeur non disponible,Date non disponible,Nombre de pages non disponible,Rang de vente non disponible,Science-Fiction,65.0,,,,
Sakamoto Days - Tome 14,https://www.amazon.fr/Sakamoto-Days-14-Yuto-Suzuki/dp/2344060081/ref=sr_1_1038,"7,20 €",Yuto Suzuki,"4,8 sur 5 étoiles, détails de l’évaluation",39,Poche,https://m.media-amazon.com/images/I/81bgzc1kfQL._AC_UY218_.jpg,2025-09-04T18:30:18.632136,Description non disponible depuis la recherche,Stock non disponible,ISBN non disponible,Éditeur non disponible,Date non disponible,Nombre de pages non disponible,Rang de vente non disponible,Science-Fiction,65.0,,,,
Agatha Raisin enquête 9 - Sale temps pour les sorcières: Mystère et boule de cristal...,https://www.amazon.fr/Agatha-Raisin-enqu%C3%AAte-sorci%C3%A8res-Myst%C3%A8re/dp/2226400338/ref=sr_1_1039,"14,90 €",M. C. Beaton,"4,5 sur 5 étoiles, détails de l’évaluation",1 184,Broché,https://m.media-amazon.com/images/I/91rBp5anMML._AC_UY218_.jpg,2025-09-04T18:30:18.634822,Description non disponible depuis la recherche,Stock non disponible,ISBN non disponible,Éditeur non disponible,Date non disponible,Nombre de pages non disponible,Rang de vente non disponible,Science-Fiction,65.0,,,,
Smile,https://www.amazon.fr/Smile-Joyce-Kitten/dp/2755678224/ref=sr_1_1040,"19,00 €",Joyce Kitten,"4,2 sur 5 étoiles, détails de l’évaluation",164,Broché,https://m.media-amazon.com/images/I/81WozQq4BdL._AC_UY218_.jpg,2025-09-04T18:30:18.637654,Description non disponible depuis la recherche,Stock non disponible,ISBN non disponible,Éditeur non disponible,Date non disponible,Nombre de pages non disponible,Rang de vente non disponible,Science-Fiction,65.0,,,,
Méfions-nous de l'eau qui dort: Le phénomène du thriller finlandais,https://www.amazon.fr/M%C3%A9fions-nous-leau-qui-dort-HarperCollins-ebook/dp/B0F62Q7SH1/ref=sr_1_1041,"14,99 €",Elina Backman,"4,1 sur 5 étoiles, détails de l’évaluation",37,Format Kindle,https://m.media-amazon.com/images/I/81DJz+tRL4L._AC_UY218_.jpg,2025-09-04T18:30:18.640481,Description non disponible depuis la recherche,Stock non disponible,ISBN non disponible,Éditeur non disponible,Date non disponible,Nombre de pages non disponible,Rang de vente non disponible,Science-Fiction,65.0,,,,
Berserker: Dean,https://www.amazon.fr/Berserker-Dean-Julie-Christol-ebook/dp/B0FL7R44PG/ref=sr_1_1042,"18,99 €",Julie Christol,"4,6 sur 5 étoiles, détails de l’évaluation",125,Format Kindle,https://m.media-amazon.com/images/I/81Nf0AUEwvL._AC_UY218_.jpg,2025-09-04T18:30:18.643041,Description non disponible depuis la recherche,Stock non disponible,ISBN non disponible,Éditeur non disponible,Date non disponible,Nombre de pages non disponible,Rang de vente non disponible,Science-Fiction,65.0,,,,
Un dernier secret (Les enquêtes de Détective Mark Turpin t. 2),https://www.amazon.fr/dernier-secret-enqu%C3%AAtes-D%C3%A9tective-Turpin-ebook/dp/B0FMXXJXGN/ref=sr_1_1043,"3,99 €",Rachel Amphlett,"4,5 sur 5 étoiles, détails de l’évaluation",2,Format Kindle,https://m.media-amazon.com/images/I/81gpPTBNLfL._AC_UY218_.jpg,2025-09-04T18:30:18.644806,Description non disponible depuis la recherche,Stock non disponible,ISBN non disponible,Éditeur non disponible,Date non disponible,Nombre de pages non disponible,Rang de vente non disponible,Science-Fiction,65.0,,,,
La Glace noire,https://www.amazon.fr/GLACE-NOIRE-Michael-Connelly/dp/2253184357/ref=sr_1_1044,"9,90 €",Michael Connelly,"4,4 sur 5 étoiles, détails de l’évaluation",2 037,Poche,https://m.media-amazon.com/images/I/71MYuFKEgwL._AC_UY218_.jpg,2025-09-04T18:30:18.648524,Description non disponible depuis la recherche,Stock non disponible,ISBN non disponible,Éditeur non disponible,Date non disponible,Nombre de pages non disponible,Rang de vente non disponible,Science-Fiction,65.0,,,,
Suspects en baie de morlaix: Les enquêtes du Commandant l'Hostis - Tome 8,https://www.amazon.fr/Suspects-baie-morlaix-enqu%C3%AAtes-Commandant-ebook/dp/B0CYBSX58C/ref=sr_1_1043,"9,00 €",Gérard Croguennec,"4,2 sur 5 étoiles, détails de l’évaluation",334,Format Kindle,https://m.media-amazon.com/images/I/91BvGEbSDqL._AC_UY218_.jpg,2025-09-04T18:30:28.975807,Description non disponible depuis la recherche,Stock non disponible,ISBN non disponible,Éditeur non disponible,Date non disponible,Nombre de pages non disponible,Rang de vente non disponible,Science-Fiction,66.0,,,,
Les Promises,https://www.amazon.fr/Promises-Jean-Christophe-Grang%C3%A9/dp/2253195545/ref=sr_1_1044,"10,90 €",Jean-Christophe Grangé,"4,3 sur 5 étoiles, détails de l’évaluation",4 268,Poche,https://m.media-amazon.com/images/I/71zBcLMyO9L._AC_UY218_.jpg,2025-09-04T18:30:28.978618,Description non disponible depuis la recherche,Stock non disponible,ISBN non disponible,Éditeur non disponible,Date non disponible,Nombre de pages non disponible,Rang de vente non disponible,Science-Fiction,66.0,,,,
Une promesse mortelle (Les enquêtes de Détective Kay Hunter t. 13),https://www.amazon.fr/promesse-mortelle-enqu%C3%AAtes-D%C3%A9tective-Hunter-ebook/dp/B0FBKCWXCP/ref=sr_1_1045,"3,99 €",Rachel Amphlett,"4,4 sur 5 étoiles, détails de l’évaluation",58,Format Kindle,https://m.media-amazon.com/images/I/815jBh22+qL._AC_UY218_.jpg,2025-09-04T18:30:28.981205,Description non disponible depuis la recherche,Stock non disponible,ISBN non disponible,Éditeur non disponible,Date non disponible,Nombre de pages non disponible,Rang de vente non disponible,Science-Fiction,66.0,,,,
Guerilla 1 Le jour où tout s'embrasa: Le jour où tout s'embrasa,https://www.amazon.fr/Guerilla-jour-o%C3%B9-tout-sembrasa/dp/2384220063/ref=sr_1_1046,"21,00 €",Laurent Obertone,"4,6 sur 5 étoiles, détails de l’évaluation",1 802,Broché,https://m.media-amazon.com/images/I/61EjxU6-5cL._AC_UY218_.jpg,2025-09-04T18:30:28.984856,Description non disponible depuis la recherche,Stock non disponible,ISBN non disponible,Éditeur non disponible,Date non disponible,Nombre de pages non disponible,Rang de vente non disponible,Science-Fiction,66.0,,,,
Que serais-je sans toi ?,https://www.amazon.fr/Que-serais-je-sans-Guillaume-Musso-ebook/dp/B078QWFDJX/ref=sr_1_1047,"7,99 €",Guillaume Musso,"4,4 sur 5 étoiles, détails de l’évaluation",3 002,Format Kindle,https://m.media-amazon.com/images/I/81vGufX88uL._AC_UY218_.jpg,2025-09-04T18:30:28.988072,Description non disponible depuis la recherche,Stock non disponible,ISBN non disponible,Éditeur non disponible,Date non disponible,Nombre de pages non disponible,Rang de vente non disponible,Science-Fiction,66.0,,,,
Un passé caché,https://www.amazon.fr/pass%C3%A9-cach%C3%A9-Blake-Pierce-ebook/dp/B0FN6ZJHQM/ref=sr_1_1048,"0,00 €",Blake Pierce,"4,7 sur 5 étoiles, détails de l’évaluation",8,Format Kindle,https://m.media-amazon.com/images/I/81aKNFHbuPL._AC_UY218_.jpg,2025-09-04T18:30:28.989806,Description non disponible depuis la recherche,Stock non disponible,ISBN non disponible,Éditeur non disponible,Date non disponible,Nombre de pages non disponible,Rang de vente non disponible,Science-Fiction,66.0,,,,
"Elle Était Là Avant Moi: Elle a pris sa place. Maintenant, elle risque de subir son sort. Thriller domestique, Un suspense psychologique. Roman nouveauté 2025 (Thriller domestique psychologique)",https://www.amazon.fr/Elle-%C3%89tait-Avant-psychologique-psychologique-ebook/dp/B0FCDRBFY3/ref=sr_1_1049,"4,99 €",Vertige Littéraire,"3,9 sur 5 étoiles, détails de l’évaluation",32,Format Kindle,https://m.media-amazon.com/images/I/71ygbU9o2FL._AC_UY218_.jpg,2025-09-04T18:30:28.992243,Description non disponible depuis la recherche,Stock non disponible,ISBN non disponible,Éditeur non disponible,Date non disponible,Nombre de pages non disponible,Rang de vente non disponible,Science-Fiction,66.0,,,,
Tu tueras le roi,https://www.amazon.fr/Tu-tueras-roi-Sandrone-Dazieri/dp/2266305522/ref=sr_1_1050,"9,90 €",Sandrone Dazieri,"4,5 sur 5 étoiles, détails de l’évaluation",364,Poche,https://m.media-amazon.com/images/I/71vU5b7nZxL._AC_UY218_.jpg,2025-09-04T18:30:28.995548,Description non disponible depuis la recherche,Stock non disponible,ISBN non disponible,Éditeur non disponible,Date non disponible,Nombre de pages non disponible,Rang de vente non disponible,Science-Fiction,66.0,,,,
"Les Meurtres du Viaduc: Crimes du Yorkshire, Tome 1",https://www.amazon.fr/Meurtres-Viaduc-Crimes-Yorkshire-ebook/dp/B0FH59HZ9Q/ref=sr_1_1053,"15,81 €",Wes Markin,"4,2 sur 5 étoiles, détails de l’évaluation",97,Format Kindle,https://m.media-amazon.com/images/I/818aT5ym3DL._AC_UY218_.jpg,2025-09-04T18:30:29.003459,Description non disponible depuis la recherche,Stock non disponible,ISBN non disponible,Éditeur non disponible,Date non disponible,Nombre de pages non disponible,Rang de vente non disponible,Science-Fiction,66.0,,,,
"Une enquête d'Emily Roy et Alexis Castells, T1 : Block 46",https://www.amazon.fr/Une-enqu%C3%AAte-dEmily-Alexis-Castells-ebook/dp/B012TRUG9Q/ref=sr_1_1054,"6,99 €",Johana Gustawsson,"4,3 sur 5 étoiles, détails de l’évaluation",1 718,Format Kindle,https://m.media-amazon.com/images/I/81LgNg-9aJL._AC_UY218_.jpg,2025-09-04T18:30:29.006727,Description non disponible depuis la recherche,Stock non disponible,ISBN non disponible,Éditeur non disponible,Date non disponible,Nombre de pages non disponible,Rang de vente non disponible,Science-Fiction,66.0,,,,
Sakamoto Days - Tome 09,https://www.amazon.fr/Sakamoto-Days-09-Yuto-Suzuki/dp/2344055398/ref=sr_1_1055,"7,20 €",Yuto Suzuki,"4,9 sur 5 étoiles, détails de l’évaluation",63,Poche,https://m.media-amazon.com/images/I/81ZdMmKvszL._AC_UY218_.jpg,2025-09-04T18:30:29.009039,Description non disponible depuis la recherche,Stock non disponible,ISBN non disponible,Éditeur non disponible,Date non disponible,Nombre de pages non disponible,Rang de vente non disponible,Science-Fiction,66.0,,,,
Je veux maman: Karen Blackstone - Tome 2,https://www.amazon.fr/Je-veux-maman-Karen-Blackstone/dp/B0F18G1H2H/ref=sr_1_1056,"0,00 €",Livres audio Audible,"4,4 sur 5 étoiles, détails de l’évaluation",4 555,Livres audio Audible,https://m.media-amazon.com/images/I/919n1IW8SEL._AC_UY218_.jpg,2025-09-04T18:30:29.011689,Description non disponible depuis la recherche,Stock non disponible,ISBN non disponible,Éditeur non disponible,Date non disponible,Nombre de pages non disponible,Rang de vente non disponible,Science-Fiction,66.0,,,,
Vengeance du crime,https://www.amazon.fr/Vengeance-du-crime-Nora-Roberts/dp/2290408832/ref=sr_1_1057,"8,70 €",Nora Roberts,"4,6 sur 5 étoiles, détails de l’évaluation",370,Poche,https://m.media-amazon.com/images/I/61EflFqbBXL._AC_UY218_.jpg,2025-09-04T18:30:29.014264,Description non disponible depuis la recherche,Stock non disponible,ISBN non disponible,Éditeur non disponible,Date non disponible,Nombre de pages non disponible,Rang de vente non disponible,Science-Fiction,66.0,,,,
La Croix des Assassins (Poche),https://www.amazon.fr/Croix-Assassins-Poche-Jacques-RAVENNE/dp/2266185446/ref=sr_1_1058,"9,60 €",Jacques Ravenne,"4,4 sur 5 étoiles, détails de l’évaluation",692,Poche,https://m.media-amazon.com/images/I/71J25NWOjSL._AC_UY218_.jpg,2025-09-04T18:30:29.017991,Description non disponible depuis la recherche,Stock non disponible,ISBN non disponible,Éditeur non disponible,Date non disponible,Nombre de pages non disponible,Rang de vente non disponible,Science-Fiction,66.0,,,,
L'illusion du mal,https://www.amazon.fr/Lillusion-du-mal-Piergiorgio-Pulixi/dp/2351788885/ref=sr_1_1059,"13,20 €",Piergiorgio Pulixi,"4,5 sur 5 étoiles, détails de l’évaluation",416,Poche,https://m.media-amazon.com/images/I/818Ug9YNY-L._AC_UY218_.jpg,2025-09-04T18:30:29.021159,Description non disponible depuis la recherche,Stock non disponible,ISBN non disponible,Éditeur non disponible,Date non disponible,Nombre de pages non disponible,Rang de vente non disponible,Science-Fiction,66.0,,,,
Opération Lupo Rosso (Polar/Thriller),https://www.amazon.fr/Op%C3%A9ration-Lupo-Rosso-Gilles-Milo-Vac%C3%A9ri-ebook/dp/B0727S2TWM/ref=sr_1_1060,"26,00 €",Gilles Milo-Vacéri,"4,5 sur 5 étoiles, détails de l’évaluation",1 324,Format Kindle,https://m.media-amazon.com/images/I/81F2TDxwJOL._AC_UY218_.jpg,2025-09-04T18:30:29.023467,Description non disponible depuis la recherche,Stock non disponible,ISBN non disponible,Éditeur non disponible,Date non disponible,Nombre de pages non disponible,Rang de vente non disponible,Science-Fiction,66.0,,,,
"Ovnis, l'enquête déclassifiée",https://www.amazon.fr/Ovnis-lenqu%C3%AAte-d%C3%A9classifi%C3%A9e-Sylvain-Maisonneuve/dp/2226503250/ref=sr_1_1059,"19,90 €",Sylvain Maisonneuve,"4,2 sur 5 étoiles, détails de l’évaluation",67,Broché,https://m.media-amazon.com/images/I/71G6Hga8EvL._AC_UY218_.jpg,2025-09-04T18:30:39.110071,Description non disponible depuis la recherche,Stock non disponible,ISBN non disponible,Éditeur non disponible,Date non disponible,Nombre de pages non disponible,Rang de vente non disponible,Science-Fiction,67.0,,,,
The Perfect Son (English Edition),https://www.amazon.fr/Perfect-Son-gripping-psychological-breathtaking-ebook/dp/B07YBTCMPH/ref=sr_1_1060,"11,96 €",Freida McFadden,"4,4 sur 5 étoiles, détails de l’évaluation",124 993,Format Kindle,https://m.media-amazon.com/images/I/812qqCIwnXL._AC_UY218_.jpg,2025-09-04T18:30:39.112940,Description non disponible depuis la recherche,Stock non disponible,ISBN non disponible,Éditeur non disponible,Date non disponible,Nombre de pages non disponible,Rang de vente non disponible,Science-Fiction,67.0,,,,
Dans la tête de Sherlock Holmes L affaire du ticket scandaleux - Tome 2,https://www.amazon.fr/Dans-t%C3%AAte-Sherlock-Holmes-scandaleux/dp/B094T8VZX1/ref=sr_1_1061,"14,90 €",Benoit Dahan,"4,8 sur 5 étoiles, détails de l’évaluation",466,Relié,https://m.media-amazon.com/images/I/A1ldSTfqCuL._AC_UY218_.jpg,2025-09-04T18:30:39.115846,Description non disponible depuis la recherche,Stock non disponible,ISBN non disponible,Éditeur non disponible,Date non disponible,Nombre de pages non disponible,Rang de vente non disponible,Science-Fiction,67.0,,,,
L'énigme de la Stuga (Suspense Crime),https://www.amazon.fr/L%C3%A9nigme-Stuga-Suspense-Crime-Camilla-ebook/dp/B0BRQF9JKL/ref=sr_1_1062,"8,99 €",Camilla Grebe,"4,4 sur 5 étoiles, détails de l’évaluation",2 165,Format Kindle,https://m.media-amazon.com/images/I/71v-K3YgsmL._AC_UY218_.jpg,2025-09-04T18:30:39.119079,Description non disponible depuis la recherche,Stock non disponible,ISBN non disponible,Éditeur non disponible,Date non disponible,Nombre de pages non disponible,Rang de vente non disponible,Science-Fiction,67.0,,,,
Félonies et malaventures,https://www.amazon.fr/F%C3%A9lonies-malaventures-Jean-d-Aillon/dp/2264083395/ref=sr_1_1063,"9,90 €",Jean d' Aillon,"4,8 sur 5 étoiles, détails de l’évaluation",72,Poche,https://m.media-amazon.com/images/I/71Qwe8JMnRL._AC_UY218_.jpg,2025-09-04T18:30:39.121728,Description non disponible depuis la recherche,Stock non disponible,ISBN non disponible,Éditeur non disponible,Date non disponible,Nombre de pages non disponible,Rang de vente non disponible,Science-Fiction,67.0,,,,
"Le Vallon des loups (Le Mystère Soline, Tome 2)",https://www.amazon.fr/Vallon-loups-Myst%C3%A8re-Soline/dp/2253262978/ref=sr_1_1064,"10,40 €",Marie-Bernadette Dupuy,"4,6 sur 5 étoiles, détails de l’évaluation",1 399,Poche,https://m.media-amazon.com/images/I/8119gkzeZAL._AC_UY218_.jpg,2025-09-04T18:30:39.125138,Description non disponible depuis la recherche,Stock non disponible,ISBN non disponible,Éditeur non disponible,Date non disponible,Nombre de pages non disponible,Rang de vente non disponible,Science-Fiction,67.0,,,,
L'assassin de la rue Voltaire,https://www.amazon.fr/Lassassin-rue-Voltaire-Henri-Loevenbruck/dp/2266323741/ref=sr_1_1065,"9,90 €",Henri Loevenbruck,"4,4 sur 5 étoiles, détails de l’évaluation",669,Poche,https://m.media-amazon.com/images/I/61zI6DJQ+eL._AC_UY218_.jpg,2025-09-04T18:30:39.128339,Description non disponible depuis la recherche,Stock non disponible,ISBN non disponible,Éditeur non disponible,Date non disponible,Nombre de pages non disponible,Rang de vente non disponible,Science-Fiction,67.0,,,,
La Saignée,https://www.amazon.fr/saign%C3%A9e-C%C3%A9dric-Sire/dp/2253940143/ref=sr_1_1066,"9,20 €",Cédric Sire,"4,5 sur 5 étoiles, détails de l’évaluation",865,Poche,https://m.media-amazon.com/images/I/71vaMGXuaQL._AC_UY218_.jpg,2025-09-04T18:30:39.131696,Description non disponible depuis la recherche,Stock non disponible,ISBN non disponible,Éditeur non disponible,Date non disponible,Nombre de pages non disponible,Rang de vente non disponible,Science-Fiction,67.0,,,,
"Le Saut de l'ange: Tessa Leoni, Vol. 3",https://www.amazon.fr/Saut-lange-Tessa-Leoni-Vol/dp/B0DY1HCWGD/ref=sr_1_1069,"0,00 €",Livres audio Audible,"4,1 sur 5 étoiles, détails de l’évaluation",4 156,Livres audio Audible,https://m.media-amazon.com/images/I/81JGPBkqU6L._AC_UY218_.jpg,2025-09-04T18:30:39.140679,Description non disponible depuis la recherche,Stock non disponible,ISBN non disponible,Éditeur non disponible,Date non disponible,Nombre de pages non disponible,Rang de vente non disponible,Science-Fiction,67.0,,,,
Âmes animales,https://www.amazon.fr/%C3%82mes-animales-Jos%C3%A9-Rodrigues-Santos/dp/2266332430/ref=sr_1_1070,"10,70 €",José Rodrigues Dos Santos,"4,1 sur 5 étoiles, détails de l’évaluation",498,Poche,https://m.media-amazon.com/images/I/61zY7EJFkhL._AC_UY218_.jpg,2025-09-04T18:30:39.143554,Description non disponible depuis la recherche,Stock non disponible,ISBN non disponible,Éditeur non disponible,Date non disponible,Nombre de pages non disponible,Rang de vente non disponible,Science-Fiction,67.0,,,,
L'Appel: (format poche),https://www.amazon.fr/LAppel-format-poche-Julia-Salvador/dp/295893392X/ref=sr_1_1071,"12,99 €",Julia Salvador,"4,7 sur 5 étoiles, détails de l’évaluation",43,Broché,https://m.media-amazon.com/images/I/61nk+hkLYqL._AC_UY218_.jpg,2025-09-04T18:30:39.145390,Description non disponible depuis la recherche,Stock non disponible,ISBN non disponible,Éditeur non disponible,Date non disponible,Nombre de pages non disponible,Rang de vente non disponible,Science-Fiction,67.0,,,,
À bout de souffle ! La vérité en jeu,https://www.amazon.fr/%C3%80-bout-souffle-v%C3%A9rit%C3%A9-jeu/dp/B0F7R4VSGC/ref=sr_1_1072,"21,90 €",Alexis Bleines,"4,4 sur 5 étoiles, détails de l’évaluation",96,Broché,https://m.media-amazon.com/images/I/71kai1G2LpL._AC_UY218_.jpg,2025-09-04T18:30:39.147599,Description non disponible depuis la recherche,Stock non disponible,ISBN non disponible,Éditeur non disponible,Date non disponible,Nombre de pages non disponible,Rang de vente non disponible,Science-Fiction,67.0,,,,
Le Murmure des Oubliées,https://www.amazon.fr/Murmure-Oubli%C3%A9es-Fatima-Mezian/dp/2959802802/ref=sr_1_1073,"10,44 €",de Fatima Mezian | 17 février 2025,"4,8 sur 5 étoiles, détails de l’évaluation",188,Broché,https://m.media-amazon.com/images/I/51azECTh9vL._AC_UY218_.jpg,2025-09-04T18:30:39.150903,Description non disponible depuis la recherche,Stock non disponible,ISBN non disponible,Éditeur non disponible,Date non disponible,Nombre de pages non disponible,Rang de vente non disponible,Science-Fiction,67.0,,,,
Sakamoto Days - Tome 16,https://www.amazon.fr/Sakamoto-Days-16-Yuto-Suzuki/dp/2344061924/ref=sr_1_1074,"7,20 €",Yuto Suzuki,"4,7 sur 5 étoiles, détails de l’évaluation",25,Poche,https://m.media-amazon.com/images/I/819qU8Y1OiL._AC_UY218_.jpg,2025-09-04T18:30:39.153249,Description non disponible depuis la recherche,Stock non disponible,ISBN non disponible,Éditeur non disponible,Date non disponible,Nombre de pages non disponible,Rang de vente non disponible,Science-Fiction,67.0,,,,
Sakamoto Days - Tome 07,https://www.amazon.fr/Sakamoto-Days-07-Yuto-Suzuki/dp/2344054200/ref=sr_1_1075,"7,20 €",Yuto Suzuki,"4,8 sur 5 étoiles, détails de l’évaluation",94,Poche,https://m.media-amazon.com/images/I/81oPXyyBj-L._AC_UY218_.jpg,2025-09-04T18:30:39.155691,Description non disponible depuis la recherche,Stock non disponible,ISBN non disponible,Éditeur non disponible,Date non disponible,Nombre de pages non disponible,Rang de vente non disponible,Science-Fiction,67.0,,,,
Gravé dans le sable,https://www.amazon.fr/Grav%C3%A9-dans-sable-Michel-Bussi/dp/2266255479/ref=sr_1_1076,"9,00 €",Michel Bussi,"4,3 sur 5 étoiles, détails de l’évaluation",3 132,Poche,https://m.media-amazon.com/images/I/71TZsTlihQL._AC_UY218_.jpg,2025-09-04T18:30:39.159158,Description non disponible depuis la recherche,Stock non disponible,ISBN non disponible,Éditeur non disponible,Date non disponible,Nombre de pages non disponible,Rang de vente non disponible,Science-Fiction,67.0,,,,
"AMI, ENTENDS-TU CES FRÉQUENCES QUI TE TUENT ?",https://www.amazon.fr/AMI-ENTENDS-TU-CES-FR%C3%89QUENCES-TUENT/dp/B0DCYQ93WC/ref=sr_1_1075,"14,49 €",Patrick JAULENT,"4,4 sur 5 étoiles, détails de l’évaluation",52,Broché,https://m.media-amazon.com/images/I/71FF+r-81HL._AC_UY218_.jpg,2025-09-04T18:30:51.258198,Description non disponible depuis la recherche,Stock non disponible,ISBN non disponible,Éditeur non disponible,Date non disponible,Nombre de pages non disponible,Rang de vente non disponible,Science-Fiction,68.0,,,,
Westwell - tome 3,https://www.amazon.fr/Westwell-3-Lena-Kiefer-ebook/dp/B0DXHLCQ98/ref=sr_1_1076,"9,99 €",Lena Kiefer,"4,4 sur 5 étoiles, détails de l’évaluation",110,Format Kindle,https://m.media-amazon.com/images/I/71Thq8ZijQL._AC_UY218_.jpg,2025-09-04T18:30:51.261538,Description non disponible depuis la recherche,Stock non disponible,ISBN non disponible,Éditeur non disponible,Date non disponible,Nombre de pages non disponible,Rang de vente non disponible,Science-Fiction,68.0,,,,
Personne sur cette terre,https://www.amazon.fr/Personne-cette-terre-Victor-Arbol-ebook/dp/B0F34758QC/ref=sr_1_1077,"14,99 €",Victor Del Arbol,"4,4 sur 5 étoiles, détails de l’évaluation",69,Format Kindle,https://m.media-amazon.com/images/I/81GJIBwWslL._AC_UY218_.jpg,2025-09-04T18:30:51.264680,Description non disponible depuis la recherche,Stock non disponible,ISBN non disponible,Éditeur non disponible,Date non disponible,Nombre de pages non disponible,Rang de vente non disponible,Science-Fiction,68.0,,,,
Les enquêtes de l'inspecteur Higgins - Tome 56 Palme criminelle à Cannes,https://www.amazon.fr/enqu%C3%AAtes-linspecteur-Higgins-criminelle-Cannes/dp/2374489051/ref=sr_1_1078,"14,90 €",Christian Jacq,"4,5 sur 5 étoiles, détails de l’évaluation",126,Broché,https://m.media-amazon.com/images/I/61R-Gal+ldL._AC_UY218_.jpg,2025-09-04T18:30:51.267290,Description non disponible depuis la recherche,Stock non disponible,ISBN non disponible,Éditeur non disponible,Date non disponible,Nombre de pages non disponible,Rang de vente non disponible,Science-Fiction,68.0,,,,
Cap Canaille : Prix du Quai des Orfèvres 2021,https://www.amazon.fr/Cap-Canaille-Prix-Quai-Orf%C3%A8vres-ebook/dp/B08L3Q3KYN/ref=sr_1_1079,"6,99 €",Christophe Gavat,"4,2 sur 5 étoiles, détails de l’évaluation",4 562,Format Kindle,https://m.media-amazon.com/images/I/81vfaf2f6KL._AC_UY218_.jpg,2025-09-04T18:30:51.269921,Description non disponible depuis la recherche,Stock non disponible,ISBN non disponible,Éditeur non disponible,Date non disponible,Nombre de pages non disponible,Rang de vente non disponible,Science-Fiction,68.0,,,,
Laurie,https://www.amazon.fr/Laurie-Stephen-King-ebook/dp/B07P158TL2/ref=sr_1_1080,"0,00 €",Stephen King,"3,9 sur 5 étoiles, détails de l’évaluation",13 135,Format Kindle,https://m.media-amazon.com/images/I/91A61zVieqL._AC_UY218_.jpg,2025-09-04T18:30:51.271669,Description non disponible depuis la recherche,Stock non disponible,ISBN non disponible,Éditeur non disponible,Date non disponible,Nombre de pages non disponible,Rang de vente non disponible,Science-Fiction,68.0,,,,
Little Children: A totally gripping crime thriller full of suspense (Detective Kim Stone Book 22) (English Edition),https://www.amazon.fr/Little-Children-gripping-thriller-Detective-ebook/dp/B0F7HVSQVM/ref=sr_1_1081,"4,99 €",Angela Marsons,"4,8 sur 5 étoiles, détails de l’évaluation",5 053,Format Kindle,https://m.media-amazon.com/images/I/8199DKx+ckL._AC_UY218_.jpg,2025-09-04T18:30:51.274869,Description non disponible depuis la recherche,Stock non disponible,ISBN non disponible,Éditeur non disponible,Date non disponible,Nombre de pages non disponible,Rang de vente non disponible,Science-Fiction,68.0,,,,
Sakamoto Days - Tome 13,https://www.amazon.fr/Sakamoto-Days-13-Yuto-Suzuki/dp/2344058923/ref=sr_1_1082,"7,20 €",Yuto Suzuki,"4,8 sur 5 étoiles, détails de l’évaluation",41,Poche,https://m.media-amazon.com/images/I/81HbgiqRjaL._AC_UY218_.jpg,2025-09-04T18:30:51.277448,Description non disponible depuis la recherche,Stock non disponible,ISBN non disponible,Éditeur non disponible,Date non disponible,Nombre de pages non disponible,Rang de vente non disponible,Science-Fiction,68.0,,,,
"Tu es des nôtres : Thriller policier intense — Manipulation mentale, captivité et humiliation, twist final choc (Les enquêtes de l’inspectrice Georgina Stuart t. 4)",https://www.amazon.fr/n%C3%B4tres-Manipulation-captivit%C3%A9-humiliation-linspectrice-ebook/dp/B0F8JGZCVQ/ref=sr_1_1085,"17,92 €",Emma De Luca,"4,5 sur 5 étoiles, détails de l’évaluation",407,Format Kindle,https://m.media-amazon.com/images/I/91SMbXDgQXL._AC_UY218_.jpg,2025-09-04T18:30:51.285458,Description non disponible depuis la recherche,Stock non disponible,ISBN non disponible,Éditeur non disponible,Date non disponible,Nombre de pages non disponible,Rang de vente non disponible,Science-Fiction,68.0,,,,
Joueuse,https://www.amazon.fr/Joueuse-Benoit-Philippon/dp/2253241490/ref=sr_1_1086,"9,20 €",Benoît Philippon,"4,4 sur 5 étoiles, détails de l’évaluation",298,Poche,https://m.media-amazon.com/images/I/71xsKwUwbyL._AC_UY218_.jpg,2025-09-04T18:30:51.288911,Description non disponible depuis la recherche,Stock non disponible,ISBN non disponible,Éditeur non disponible,Date non disponible,Nombre de pages non disponible,Rang de vente non disponible,Science-Fiction,68.0,,,,
Red Falcon (Hearts on Ice t. 1),https://www.amazon.fr/Red-Falcon-Aurore-Payelle-ebook/dp/B0C8KPZMRS/ref=sr_1_1087,"5,99 €",Aurore Payelle,"4,5 sur 5 étoiles, détails de l’évaluation",3 217,Format Kindle,https://m.media-amazon.com/images/I/71F-N5xKcYL._AC_UY218_.jpg,2025-09-04T18:30:51.292269,Description non disponible depuis la recherche,Stock non disponible,ISBN non disponible,Éditeur non disponible,Date non disponible,Nombre de pages non disponible,Rang de vente non disponible,Science-Fiction,68.0,,,,
L'île des âmes,https://www.amazon.fr/L%C3%8Ele-%C3%A2mes-Piergiorgio-Pulixi/dp/2351788427/ref=sr_1_1088,"13,50 €",de Piergiorgio Pulixi | 5 mai 2022,"4,2 sur 5 étoiles, détails de l’évaluation",487,Poche,https://m.media-amazon.com/images/I/71eKsg6yFvL._AC_UY218_.jpg,2025-09-04T18:30:51.296375,Description non disponible depuis la recherche,Stock non disponible,ISBN non disponible,Éditeur non disponible,Date non disponible,Nombre de pages non disponible,Rang de vente non disponible,Science-Fiction,68.0,,,,
Défendre l'indéfendable,https://www.amazon.fr/D%C3%A9fendre-lind%C3%A9fendable-B%C3%A9atrice-Zavarro/dp/2372544322/ref=sr_1_1089,"21,00 €",Béatrice Zavarro,"4,0 sur 5 étoiles, détails de l’évaluation",1,Broché,https://m.media-amazon.com/images/I/61P7JNeh9ML._AC_UY218_.jpg,2025-09-04T18:30:51.299775,Description non disponible depuis la recherche,Stock non disponible,ISBN non disponible,Éditeur non disponible,Date non disponible,Nombre de pages non disponible,Rang de vente non disponible,Science-Fiction,68.0,,,,
Sakamoto Days - Tome 10,https://www.amazon.fr/Sakamoto-Days-10-Yuto-Suzuki/dp/2344056122/ref=sr_1_1090,"7,20 €",Yuto Suzuki,"5,0 sur 5 étoiles, détails de l’évaluation",57,Poche,https://m.media-amazon.com/images/I/81dTHQZvLQL._AC_UY218_.jpg,2025-09-04T18:30:51.302008,Description non disponible depuis la recherche,Stock non disponible,ISBN non disponible,Éditeur non disponible,Date non disponible,Nombre de pages non disponible,Rang de vente non disponible,Science-Fiction,68.0,,,,
"Eat me, Drink me : a cannibal love story (édition française)",https://www.amazon.fr/Eat-Drink-cannibal-%C3%A9dition-fran%C3%A7aise/dp/B0CK3M4VYG/ref=sr_1_1091,"19,00 €",Elodie Faiderbe,"4,6 sur 5 étoiles, détails de l’évaluation",546,Broché,https://m.media-amazon.com/images/I/61rRVDzjKOL._AC_UY218_.jpg,2025-09-04T18:30:51.304908,Description non disponible depuis la recherche,Stock non disponible,ISBN non disponible,Éditeur non disponible,Date non disponible,Nombre de pages non disponible,Rang de vente non disponible,Science-Fiction,68.0,,,,
Les Chiens de Détroit (Suspense Crime),https://www.amazon.fr/Chiens-D%C3%A9troit-J%C3%A9r%C3%B4me-Loubry-ebook/dp/B075SY8W92/ref=sr_1_1092,"7,49 €",Jérôme Loubry,"4,0 sur 5 étoiles, détails de l’évaluation",3 974,Format Kindle,https://m.media-amazon.com/images/I/8104tL5tzqL._AC_UY218_.jpg,2025-09-04T18:30:51.308187,Description non disponible depuis la recherche,Stock non disponible,ISBN non disponible,Éditeur non disponible,Date non disponible,Nombre de pages non disponible,Rang de vente non disponible,Science-Fiction,68.0,,,,
Les Enquêtes d'Hannah Swensen - tome 10 Meurtres et choux à la crème,https://www.amazon.fr/Enqu%C3%AAtes-dHannah-Swensen-Meurtres-choux/dp/2749177332/ref=sr_1_1091,"15,90 €",Joanne Fluke,"4,6 sur 5 étoiles, détails de l’évaluation",283,Broché,https://m.media-amazon.com/images/I/61lY9gVjZ1L._AC_UY218_.jpg,2025-09-04T18:31:02.549134,Description non disponible depuis la recherche,Stock non disponible,ISBN non disponible,Éditeur non disponible,Date non disponible,Nombre de pages non disponible,Rang de vente non disponible,Science-Fiction,69.0,,,,
"8,2 secondes",https://www.amazon.fr/8-2-secondes-Maxime-Chattam/dp/2226470093/ref=sr_1_1092,"22,90 €",Maxime Chattam,Note non disponible,0 avis,Broché,https://m.media-amazon.com/images/I/01PkLIhTX3L._AC_UY218_.gif,2025-09-04T18:31:02.551951,Description non disponible depuis la recherche,Stock non disponible,ISBN non disponible,Éditeur non disponible,Date non disponible,Nombre de pages non disponible,Rang de vente non disponible,Science-Fiction,69.0,,,,
Dis quand (Un thriller Alison Payne — tome 2),https://www.amazon.fr/Dis-quand-thriller-Alison-Payne-ebook/dp/B0FJZKBBRZ/ref=sr_1_1093,"3,49 €",Blake Pierce,"4,0 sur 5 étoiles, détails de l’évaluation",17,Format Kindle,https://m.media-amazon.com/images/I/71D0A490KlL._AC_UY218_.jpg,2025-09-04T18:31:02.553773,Description non disponible depuis la recherche,Stock non disponible,ISBN non disponible,Éditeur non disponible,Date non disponible,Nombre de pages non disponible,Rang de vente non disponible,Science-Fiction,69.0,,,,
Monsieur,https://www.amazon.fr/Monsieur-L-James/dp/2253262404/ref=sr_1_1094,"9,90 €",E L James,"4,2 sur 5 étoiles, détails de l’évaluation",2 403,Poche,https://m.media-amazon.com/images/I/81vooW4Qf7L._AC_UY218_.jpg,2025-09-04T18:31:02.557003,Description non disponible depuis la recherche,Stock non disponible,ISBN non disponible,Éditeur non disponible,Date non disponible,Nombre de pages non disponible,Rang de vente non disponible,Science-Fiction,69.0,,,,
Au-dessus de tout soupçon,https://www.amazon.fr/Au-dessus-tout-soup%C3%A7on-Diane-Jeffrey-ebook/dp/B0CTHR3MZ9/ref=sr_1_1095,"9,99 €",Diane Jeffrey,"4,2 sur 5 étoiles, détails de l’évaluation",175,Format Kindle,https://m.media-amazon.com/images/I/81-TOgyUnjL._AC_UY218_.jpg,2025-09-04T18:31:02.559448,Description non disponible depuis la recherche,Stock non disponible,ISBN non disponible,Éditeur non disponible,Date non disponible,Nombre de pages non disponible,Rang de vente non disponible,Science-Fiction,69.0,,,,
Piège mortel à Belle-Ile - Une enquête du commissaire Dupin,https://www.amazon.fr/Pi%C3%A8ge-mortel-Belle-Ile-enqu%C3%AAte-commissaire/dp/2266340042/ref=sr_1_1096,"9,00 €",Jean-Luc Bannalec,"4,3 sur 5 étoiles, détails de l’évaluation",230,Poche,https://m.media-amazon.com/images/I/71yv0CvTAEL._AC_UY218_.jpg,2025-09-04T18:31:02.562883,Description non disponible depuis la recherche,Stock non disponible,ISBN non disponible,Éditeur non disponible,Date non disponible,Nombre de pages non disponible,Rang de vente non disponible,Science-Fiction,69.0,,,,
"Le Nerf de la guerre, Bernard Petit. Nouveauté poche 2025. Le nouveau polar de l'ex patron du Quai des Orfèvres.",https://www.amazon.fr/guerre-Bernard-Nouveaut%C3%A9-nouveau-Orf%C3%A8vres/dp/226634899X/ref=sr_1_1097,"9,60 €",Bernard Petit,"4,4 sur 5 étoiles, détails de l’évaluation",54,Poche,https://m.media-amazon.com/images/I/61h12WcGU2L._AC_UY218_.jpg,2025-09-04T18:31:02.566192,Description non disponible depuis la recherche,Stock non disponible,ISBN non disponible,Éditeur non disponible,Date non disponible,Nombre de pages non disponible,Rang de vente non disponible,Science-Fiction,69.0,,,,
"L'Outsider: Holly Gibney, Vol. 1",https://www.amazon.fr/LOutsider/dp/B07PMSLTRG/ref=sr_1_1098,"0,00 €",Livres audio Audible,"4,4 sur 5 étoiles, détails de l’évaluation",2 822,Livres audio Audible,https://m.media-amazon.com/images/I/A1pqy64c0cL._AC_UY218_.jpg,2025-09-04T18:31:02.569466,Description non disponible depuis la recherche,Stock non disponible,ISBN non disponible,Éditeur non disponible,Date non disponible,Nombre de pages non disponible,Rang de vente non disponible,Science-Fiction,69.0,,,,
Etre une mère pour soi-même : devenir une femme libre et puissante,https://www.amazon.fr/Etre-une-m%C3%A8re-pour-soi-m%C3%AAme/dp/2266337475/ref=sr_1_1101,"9,60 €",Bethany Webster,"4,4 sur 5 étoiles, détails de l’évaluation",82,Poche,https://m.media-amazon.com/images/I/71VaNAkyesL._AC_UY218_.jpg,2025-09-04T18:31:02.578542,Description non disponible depuis la recherche,Stock non disponible,ISBN non disponible,Éditeur non disponible,Date non disponible,Nombre de pages non disponible,Rang de vente non disponible,Science-Fiction,69.0,,,,
"Lavande, savons et calissons - Crime à la savonnerie (Littérature Française)",https://www.amazon.fr/Lavande-savons-calissons-savonnerie-Litt%C3%A9rature-ebook/dp/B0DHKTL2TT/ref=sr_1_1102,"9,99 €",Jean Le Moal,"4,3 sur 5 étoiles, détails de l’évaluation",163,Format Kindle,https://m.media-amazon.com/images/I/717fJJ8BBCL._AC_UY218_.jpg,2025-09-04T18:31:02.581173,Description non disponible depuis la recherche,Stock non disponible,ISBN non disponible,Éditeur non disponible,Date non disponible,Nombre de pages non disponible,Rang de vente non disponible,Science-Fiction,69.0,,,,
The Prison Healer - tome 3 - The Blood Traitor: Le sang de la trahison,https://www.amazon.fr/Prison-Healer-Blood-Traitor-trahison/dp/201722152X/ref=sr_1_1103,"20,00 €",Lynette Noni,"4,8 sur 5 étoiles, détails de l’évaluation",147,Broché,https://m.media-amazon.com/images/I/819vvUMAqML._AC_UY218_.jpg,2025-09-04T18:31:02.584708,Description non disponible depuis la recherche,Stock non disponible,ISBN non disponible,Éditeur non disponible,Date non disponible,Nombre de pages non disponible,Rang de vente non disponible,Science-Fiction,69.0,,,,
Vox,https://www.amazon.fr/Vox-Christina-DALCHER/dp/2266297732/ref=sr_1_1104,"9,00 €",Christina Dalcher,"4,4 sur 5 étoiles, détails de l’évaluation",510,Poche,https://m.media-amazon.com/images/I/51cov+n095L._AC_UY218_.jpg,2025-09-04T18:31:02.588193,Description non disponible depuis la recherche,Stock non disponible,ISBN non disponible,Éditeur non disponible,Date non disponible,Nombre de pages non disponible,Rang de vente non disponible,Science-Fiction,69.0,,,,
L'Île au secret,https://www.amazon.fr/L%C3%AEle-au-secret-Ragnar-Jonasson/dp/2757887807/ref=sr_1_1105,"8,70 €",Ragnar Jónasson,"4,3 sur 5 étoiles, détails de l’évaluation",2 244,Poche,https://m.media-amazon.com/images/I/617HPKg7hdL._AC_UY218_.jpg,2025-09-04T18:31:02.591102,Description non disponible depuis la recherche,Stock non disponible,ISBN non disponible,Éditeur non disponible,Date non disponible,Nombre de pages non disponible,Rang de vente non disponible,Science-Fiction,69.0,,,,
En attendant le jour (Renée Ballard t. 1),https://www.amazon.fr/En-attendant-jour-Ren%C3%A9e-Ballard-ebook/dp/B07ND1488N/ref=sr_1_1106,"8,99 €",Michael Connelly,"4,3 sur 5 étoiles, détails de l’évaluation",2 534,Format Kindle,https://m.media-amazon.com/images/I/81nbqQcJRqL._AC_UY218_.jpg,2025-09-04T18:31:02.594472,Description non disponible depuis la recherche,Stock non disponible,ISBN non disponible,Éditeur non disponible,Date non disponible,Nombre de pages non disponible,Rang de vente non disponible,Science-Fiction,69.0,,,,
La Cage dorée: La vengeance d'une femme est douce et impitoyable,https://www.amazon.fr/Cage-dor%C3%A9e-vengeance-femme-impitoyable/dp/2330155948/ref=sr_1_1107,"10,20 €",Camilla Läckberg,"4,2 sur 5 étoiles, détails de l’évaluation",3 011,Poche,https://m.media-amazon.com/images/I/51v5eKBL36L._AC_UY218_.jpg,2025-09-04T18:31:02.598011,Description non disponible depuis la recherche,Stock non disponible,ISBN non disponible,Éditeur non disponible,Date non disponible,Nombre de pages non disponible,Rang de vente non disponible,Science-Fiction,69.0,,,,
Trouve le verbe de ta vie,https://www.amazon.fr/Trouve-verbe-vie-Sarah-Roubato/dp/2749956900/ref=sr_1_1108,"10,95 €",Sarah Roubato,"4,3 sur 5 étoiles, détails de l’évaluation",26,Broché,https://m.media-amazon.com/images/I/61QAkMBg65L._AC_UY218_.jpg,2025-09-04T18:31:02.601402,Description non disponible depuis la recherche,Stock non disponible,ISBN non disponible,Éditeur non disponible,Date non disponible,Nombre de pages non disponible,Rang de vente non disponible,Science-Fiction,69.0,,,,
Le chant des innocents,https://www.amazon.fr/chant-innocents-PREMIERE-ENQUETE-STREGA/dp/2404080288/ref=sr_1_1107,"10,90 €",Piergiorgio Pulixi,"4,3 sur 5 étoiles, détails de l’évaluation",349,Poche,https://m.media-amazon.com/images/I/71rLax2bDFL._AC_UY218_.jpg,2025-09-04T18:31:13.502263,Description non disponible depuis la recherche,Stock non disponible,ISBN non disponible,Éditeur non disponible,Date non disponible,Nombre de pages non disponible,Rang de vente non disponible,Science-Fiction,70.0,,,,
Baby - Tome 02,https://www.amazon.fr/Baby-02-Chang-Sheng/dp/2344067434/ref=sr_1_1108,"14,95 €",Chang Sheng,"5,0 sur 5 étoiles, détails de l’évaluation",4,Broché,https://m.media-amazon.com/images/I/718tk9eazlL._AC_UY218_.jpg,2025-09-04T18:31:13.504947,Description non disponible depuis la recherche,Stock non disponible,ISBN non disponible,Éditeur non disponible,Date non disponible,Nombre de pages non disponible,Rang de vente non disponible,Science-Fiction,70.0,,,,
Les Morsures du passé,https://www.amazon.fr/Morsures-du-pass%C3%A9-Lisa-Gardner-ebook/dp/B0BJTKLX57/ref=sr_1_1109,"9,49 €",Lisa Gardner,"4,3 sur 5 étoiles, détails de l’évaluation",2 544,Format Kindle,https://m.media-amazon.com/images/I/71e8Torc1XL._AC_UY218_.jpg,2025-09-04T18:31:13.508108,Description non disponible depuis la recherche,Stock non disponible,ISBN non disponible,Éditeur non disponible,Date non disponible,Nombre de pages non disponible,Rang de vente non disponible,Science-Fiction,70.0,,,,
"Randonnée Mortelle (Agatha Raisin enquête, Tome 4)",https://www.amazon.fr/Randonn%C3%A9e-Mortelle-Agatha-Raisin-enqu%C3%AAte/dp/2253253332/ref=sr_1_1110,"6,90 €",M. C. Beaton,"4,4 sur 5 étoiles, détails de l’évaluation",1 797,Poche,https://m.media-amazon.com/images/I/717ja3VI+nL._AC_UY218_.jpg,2025-09-04T18:31:13.511366,Description non disponible depuis la recherche,Stock non disponible,ISBN non disponible,Éditeur non disponible,Date non disponible,Nombre de pages non disponible,Rang de vente non disponible,Science-Fiction,70.0,,,,
Notre otage à Acapulco: Les énigmes d'Aurel le Consul,https://www.amazon.fr/Notre-Otage-Acapulco-Jean-Christophe-Rufin/dp/2073058973/ref=sr_1_1111,"9,50 €",Jean-Christophe Rufin,"4,4 sur 5 étoiles, détails de l’évaluation",1 375,Poche,https://m.media-amazon.com/images/I/71aH41-PosL._AC_UY218_.jpg,2025-09-04T18:31:13.515061,Description non disponible depuis la recherche,Stock non disponible,ISBN non disponible,Éditeur non disponible,Date non disponible,Nombre de pages non disponible,Rang de vente non disponible,Science-Fiction,70.0,,,,
La sorcière,https://www.amazon.fr/La-sorci%C3%A8re/dp/B086WMV2F1/ref=sr_1_1112,"0,00 €",Livres audio Audible,"4,3 sur 5 étoiles, détails de l’évaluation",3 655,Livres audio Audible,https://m.media-amazon.com/images/I/818qCDg9GWL._AC_UY218_.jpg,2025-09-04T18:31:13.518016,Description non disponible depuis la recherche,Stock non disponible,ISBN non disponible,Éditeur non disponible,Date non disponible,Nombre de pages non disponible,Rang de vente non disponible,Science-Fiction,70.0,,,,
"Terrain glissant: Nommé ""Meilleur polar"" par l'Académie suédoise du roman policier",https://www.amazon.fr/Terrain-glissant-Meilleur-lAcad%C3%A9mie-HarperCollins-ebook/dp/B0DZ46H82F/ref=sr_1_1113,"14,99 €",Sara Strömberg,"4,0 sur 5 étoiles, détails de l’évaluation",210,Format Kindle,https://m.media-amazon.com/images/I/81p8oRzghqL._AC_UY218_.jpg,2025-09-04T18:31:13.520403,Description non disponible depuis la recherche,Stock non disponible,ISBN non disponible,Éditeur non disponible,Date non disponible,Nombre de pages non disponible,Rang de vente non disponible,Science-Fiction,70.0,,,,
We Solve Murders: The Sunday Times #1 bestselling murder mystery from the author of The Thursday Murder Club (English Edition),https://www.amazon.fr/We-Solve-Murders-brand-new-Thursday-ebook/dp/B0CQ256S11/ref=sr_1_1114,"8,99 €",Richard Osman,"4,4 sur 5 étoiles, détails de l’évaluation",30 125,Format Kindle,https://m.media-amazon.com/images/I/71s5boe4CSL._AC_UY218_.jpg,2025-09-04T18:31:13.523817,Description non disponible depuis la recherche,Stock non disponible,ISBN non disponible,Éditeur non disponible,Date non disponible,Nombre de pages non disponible,Rang de vente non disponible,Science-Fiction,70.0,,,,
Cry Baby: Dark Romance - Edition française,https://www.amazon.fr/Cry-Baby-Dark-Romance-fran%C3%A7aise-ebook/dp/B0CR88QPKB/ref=sr_1_1117,"25,00 €",Wendy Sue Lawton,"4,5 sur 5 étoiles, détails de l’évaluation",1 754,Format Kindle,https://m.media-amazon.com/images/I/612ZQZb8LLL._AC_UY218_.jpg,2025-09-04T18:31:13.531676,Description non disponible depuis la recherche,Stock non disponible,ISBN non disponible,Éditeur non disponible,Date non disponible,Nombre de pages non disponible,Rang de vente non disponible,Science-Fiction,70.0,,,,
Comment j'ai retrouvé Xavier Dupont de Ligonnès,https://www.amazon.fr/Comment-retrouv%C3%A9-Xavier-Dupont-Ligonn%C3%A8s/dp/2253251879/ref=sr_1_1118,"8,70 €",Romain Puértolas,"4,1 sur 5 étoiles, détails de l’évaluation",552,Poche,https://m.media-amazon.com/images/I/71ojsEeSaJL._AC_UY218_.jpg,2025-09-04T18:31:13.535118,Description non disponible depuis la recherche,Stock non disponible,ISBN non disponible,Éditeur non disponible,Date non disponible,Nombre de pages non disponible,Rang de vente non disponible,Science-Fiction,70.0,,,,
La leçon du mal,https://www.amazon.fr/le%C3%A7on-du-mal-Y%C3%BBsuke-Kishi/dp/2264082585/ref=sr_1_1119,"10,40 €",Yûsuke Kishi,"4,1 sur 5 étoiles, détails de l’évaluation",362,Poche,https://m.media-amazon.com/images/I/61qRReKeJhL._AC_UY218_.jpg,2025-09-04T18:31:13.538750,Description non disponible depuis la recherche,Stock non disponible,ISBN non disponible,Éditeur non disponible,Date non disponible,Nombre de pages non disponible,Rang de vente non disponible,Science-Fiction,70.0,,,,
"Tante Dimity et le chantier maudit: Les Mystères de Tante Dimity, t. 3",https://www.amazon.fr/Tante-Dimity-chantier-maudit-Myst%C3%A8res/dp/2386431649/ref=sr_1_1120,"14,90 €",Nancy Atherton,"4,5 sur 5 étoiles, détails de l’évaluation",54,Broché,https://m.media-amazon.com/images/I/610wQ9s1r8L._AC_UY218_.jpg,2025-09-04T18:31:13.542334,Description non disponible depuis la recherche,Stock non disponible,ISBN non disponible,Éditeur non disponible,Date non disponible,Nombre de pages non disponible,Rang de vente non disponible,Science-Fiction,70.0,,,,
L'ombre de la baleine,https://www.amazon.fr/Lombre-baleine-Camilla-Grebe/dp/2253260142/ref=sr_1_1121,"9,40 €",Camilla Grebe,"4,2 sur 5 étoiles, détails de l’évaluation",3 393,Poche,https://m.media-amazon.com/images/I/61o1IzNx3gL._AC_UY218_.jpg,2025-09-04T18:31:13.545882,Description non disponible depuis la recherche,Stock non disponible,ISBN non disponible,Éditeur non disponible,Date non disponible,Nombre de pages non disponible,Rang de vente non disponible,Science-Fiction,70.0,,,,
L'Exécution,https://www.amazon.fr/LEx%C3%A9cution-Robert-Badinter/dp/2253011223/ref=sr_1_1122,"7,90 €",Robert Badinter,"4,7 sur 5 étoiles, détails de l’évaluation",302,Poche,https://m.media-amazon.com/images/I/71ryYnP02uL._AC_UY218_.jpg,2025-09-04T18:31:13.549417,Description non disponible depuis la recherche,Stock non disponible,ISBN non disponible,Éditeur non disponible,Date non disponible,Nombre de pages non disponible,Rang de vente non disponible,Science-Fiction,70.0,,,,
Point de glas sage: (Les Thés meurtriers d’Oxford ~ Livre 4),https://www.amazon.fr/Point-glas-sage-meurtriers-dOxford/dp/1922436623/ref=sr_1_1123,"15,90 €",H.Y. Hanna,"4,5 sur 5 étoiles, détails de l’évaluation",1 888,Broché,https://m.media-amazon.com/images/I/71UB34u4NaL._AC_UY218_.jpg,2025-09-04T18:31:13.551612,Description non disponible depuis la recherche,Stock non disponible,ISBN non disponible,Éditeur non disponible,Date non disponible,Nombre de pages non disponible,Rang de vente non disponible,Science-Fiction,70.0,,,,
Disparue,https://www.amazon.fr/Disparue-Lisa-Gardner/dp/2253127043/ref=sr_1_1124,"9,90 €",Lisa Gardner,"4,3 sur 5 étoiles, détails de l’évaluation",2 866,Poche,https://m.media-amazon.com/images/I/81iwxxghGBL._AC_UY218_.jpg,2025-09-04T18:31:13.555393,Description non disponible depuis la recherche,Stock non disponible,ISBN non disponible,Éditeur non disponible,Date non disponible,Nombre de pages non disponible,Rang de vente non disponible,Science-Fiction,70.0,,,,
Disparue,https://www.amazon.fr/Disparue-Lisa-Gardner/dp/2253127043/ref=sr_1_1123,"9,90 €",Lisa Gardner,"4,3 sur 5 étoiles, détails de l’évaluation",2 865,Poche,https://m.media-amazon.com/images/I/81iwxxghGBL._AC_UY218_.jpg,2025-09-04T11:48:09.344197,Description non disponible depuis la recherche,Stock non disponible,ISBN non disponible,Éditeur non disponible,Date non disponible,Nombre de pages non disponible,Rang de vente non disponible,Science-Fiction,71.0,,,,
The Tainted Cup: an exceptional fantasy mystery with a classic detective duo (English Edition),https://www.amazon.fr/Tainted-Cup-exceptional-fantasy-detective-ebook/dp/B0CDDMVJ64/ref=sr_1_1124,"4,49 €",Robert Jackson Bennett,"4,6 sur 5 étoiles, détails de l’évaluation",8 092,Format Kindle,https://m.media-amazon.com/images/I/91bc1yoT9EL._AC_UY218_.jpg,2025-09-04T11:48:09.347611,Description non disponible depuis la recherche,Stock non disponible,ISBN non disponible,Éditeur non disponible,Date non disponible,Nombre de pages non disponible,Rang de vente non disponible,Science-Fiction,71.0,,,,
Immortel,https://www.amazon.fr/Immortel-Jos%C3%A9-Rodrigues-dos-Santos/dp/2266316281/ref=sr_1_1125,"10,30 €",José Rodrigues Dos Santos,"4,4 sur 5 étoiles, détails de l’évaluation",1 045,Poche,https://m.media-amazon.com/images/I/61yzwtGYQRL._AC_UY218_.jpg,2025-09-04T11:48:09.350652,Description non disponible depuis la recherche,Stock non disponible,ISBN non disponible,Éditeur non disponible,Date non disponible,Nombre de pages non disponible,Rang de vente non disponible,Science-Fiction,71.0,,,,
Wonderland Avenue : Préface inédite de l'auteur (Harry Bosch t. 8),https://www.amazon.fr/Wonderland-Avenue-Pr%C3%A9face-in%C3%A9dite-lauteur-ebook/dp/B00F0EP2FO/ref=sr_1_1126,"11,99 €",Michael Connelly,"4,4 sur 5 étoiles, détails de l’évaluation",1 157,Format Kindle,https://m.media-amazon.com/images/I/81KmEw+9oDL._AC_UY218_.jpg,2025-09-04T11:48:09.353375,Description non disponible depuis la recherche,Stock non disponible,ISBN non disponible,Éditeur non disponible,Date non disponible,Nombre de pages non disponible,Rang de vente non disponible,Science-Fiction,71.0,,,,
Le village blessé: Une enquête de Nazer Baron - Tome 28,https://www.amazon.fr/village-bless%C3%A9-enqu%C3%AAte-Nazer-Baron-ebook/dp/B0FNBP55B8/ref=sr_1_1127,"6,99 €",Hervé Huguen,Note non disponible,0 avis,Format Kindle,https://m.media-amazon.com/images/I/81NkvK-YBzL._AC_UY218_.jpg,2025-09-04T11:48:09.356076,Description non disponible depuis la recherche,Stock non disponible,ISBN non disponible,Éditeur non disponible,Date non disponible,Nombre de pages non disponible,Rang de vente non disponible,Science-Fiction,71.0,,,,
L'affaire Eleanor Ferguson,https://www.amazon.fr/Laffaire-Eleanor-Ferguson-Manon-Charlotte-ebook/dp/B0BGYB85JV/ref=sr_1_1128,"12,99 €",Manon Charlotte,"4,2 sur 5 étoiles, détails de l’évaluation",4 282,Format Kindle,https://m.media-amazon.com/images/I/715g-sGwmmL._AC_UY218_.jpg,2025-09-04T11:48:09.358262,Description non disponible depuis la recherche,Stock non disponible,ISBN non disponible,Éditeur non disponible,Date non disponible,Nombre de pages non disponible,Rang de vente non disponible,Science-Fiction,71.0,,,,
Le Chalet: le best-seller hivernal selon le Sunday Times,https://www.amazon.fr/Chalet-best-seller-hivernal-selon-Sunday/dp/B0C7TW39DF/ref=sr_1_1129,"8,95 €",Catherine Cooper,"4,2 sur 5 étoiles, détails de l’évaluation",182,Poche,https://m.media-amazon.com/images/I/71518DnbQeL._AC_UY218_.jpg,2025-09-04T11:48:09.361759,Description non disponible depuis la recherche,Stock non disponible,ISBN non disponible,Éditeur non disponible,Date non disponible,Nombre de pages non disponible,Rang de vente non disponible,Science-Fiction,71.0,,,,
L'Heure bleue,https://www.amazon.fr/LHeure-bleue-nouveaut%C3%A9-best-seller-thriller-ebook/dp/B0CW1M5HG5/ref=sr_1_1130,"14,99 €","de Paula Hawkins, Pierre Szczeciner, et al. | 10 octobre 2024","3,7 sur 5 étoiles, détails de l’évaluation",277,Format Kindle,https://m.media-amazon.com/images/I/61J02iDatqL._AC_UY218_.jpg,2025-09-04T11:48:09.365884,Description non disponible depuis la recherche,Stock non disponible,ISBN non disponible,Éditeur non disponible,Date non disponible,Nombre de pages non disponible,Rang de vente non disponible,Science-Fiction,71.0,,,,
Retrouve-moi si tu peux (Hauteville Suspense),https://www.amazon.fr/Retrouve-moi-si-peux-S-K-Barnett-ebook/dp/B08QDRSBRS/ref=sr_1_1133,"5,99 €",S.K. Barnett,"4,2 sur 5 étoiles, détails de l’évaluation",581,Format Kindle,https://m.media-amazon.com/images/I/81PtlolXKYL._AC_UY218_.jpg,2025-09-04T11:48:09.376186,Description non disponible depuis la recherche,Stock non disponible,ISBN non disponible,Éditeur non disponible,Date non disponible,Nombre de pages non disponible,Rang de vente non disponible,Science-Fiction,71.0,,,,
"Histoire du 1er RPIMa, le régiment d'exception des forces spéciales",https://www.amazon.fr/Histoire-r%C3%A9giment-dexception-forces-sp%C3%A9ciales/dp/2372544098/ref=sr_1_1134,"22,00 €",Rémi Bernier,"4,2 sur 5 étoiles, détails de l’évaluation",20,Broché,https://m.media-amazon.com/images/I/61aquCjgO7L._AC_UY218_.jpg,2025-09-04T11:48:09.378951,Description non disponible depuis la recherche,Stock non disponible,ISBN non disponible,Éditeur non disponible,Date non disponible,Nombre de pages non disponible,Rang de vente non disponible,Science-Fiction,71.0,,,,
RÉGEAUCOURT: La nuit du Diable,https://www.amazon.fr/R%C3%89GEAUCOURT-nuit-Diable-No%C3%ABl-VARLET/dp/B0FNX7DCLM/ref=sr_1_1135,"9,86 €",de Noël VARLET et Sylvie VARLET | 25 août 2025,"5,0 sur 5 étoiles, détails de l’évaluation",1,Broché,https://m.media-amazon.com/images/I/51qYhRcU79L._AC_UY218_.jpg,2025-09-04T11:48:09.382282,Description non disponible depuis la recherche,Stock non disponible,ISBN non disponible,Éditeur non disponible,Date non disponible,Nombre de pages non disponible,Rang de vente non disponible,Science-Fiction,71.0,,,,
Sou Bou Tei T08,https://www.amazon.fr/Sou-Bou-Tei-Kazuhiro-Fujita/dp/2382818255/ref=sr_1_1136,"9,95 €",de Kazuhiro Fujita et Arnaud Takashashi | 20 août 2025,Note non disponible,0 avis,Broché,https://m.media-amazon.com/images/I/81kxr5k4lTL._AC_UY218_.jpg,2025-09-04T11:48:09.384911,Description non disponible depuis la recherche,Stock non disponible,ISBN non disponible,Éditeur non disponible,Date non disponible,Nombre de pages non disponible,Rang de vente non disponible,Science-Fiction,71.0,,,,
Meurtres et Carrot Cake: Les Enquêtes d'Hannah Swensen 9,https://www.amazon.fr/Meurtres-Carrot-Cake-Enqu%C3%AAtes-dHannah/dp/B0CHFZQM86/ref=sr_1_1137,"0,00 €",Livres audio Audible,"4,5 sur 5 étoiles, détails de l’évaluation",297,Livres audio Audible,https://m.media-amazon.com/images/I/81RYW1BZ-SL._AC_UY218_.jpg,2025-09-04T11:48:09.388175,Description non disponible depuis la recherche,Stock non disponible,ISBN non disponible,Éditeur non disponible,Date non disponible,Nombre de pages non disponible,Rang de vente non disponible,Science-Fiction,71.0,,,,
L'hiver du monde: Le siècle 2,https://www.amazon.fr/Lhiver-du-monde-si%C3%A8cle-2/dp/B01HEMYPSO/ref=sr_1_1138,"0,00 €",Livres audio Audible,"4,5 sur 5 étoiles, détails de l’évaluation",3 805,Livres audio Audible,https://m.media-amazon.com/images/I/71XGsiUHF7L._AC_UY218_.jpg,2025-09-04T11:48:09.391165,Description non disponible depuis la recherche,Stock non disponible,ISBN non disponible,Éditeur non disponible,Date non disponible,Nombre de pages non disponible,Rang de vente non disponible,Science-Fiction,71.0,,,,
The Road: Pulitzer Prize Winner,https://www.amazon.fr/Road-Cormac-McCarthy/dp/0307387895/ref=sr_1_1139,"11,88 €",Cormac McCarthy,"4,4 sur 5 étoiles, détails de l’évaluation",32 147,Broché,https://m.media-amazon.com/images/I/51M7XGLQTBL._AC_UY218_.jpg,2025-09-04T11:48:09.394957,Description non disponible depuis la recherche,Stock non disponible,ISBN non disponible,Éditeur non disponible,Date non disponible,Nombre de pages non disponible,Rang de vente non disponible,Science-Fiction,71.0,,,,
D'ombre et de silence,https://www.amazon.fr/Dombre-silence-Karine-GIEBEL/dp/226628715X/ref=sr_1_1140,"8,10 €",Karine Giebel,"4,3 sur 5 étoiles, détails de l’évaluation",635,Poche,https://m.media-amazon.com/images/I/51QSCOvOyqL._AC_UY218_.jpg,2025-09-04T11:48:09.398415,Description non disponible depuis la recherche,Stock non disponible,ISBN non disponible,Éditeur non disponible,Date non disponible,Nombre de pages non disponible,Rang de vente non disponible,Science-Fiction,71.0,,,,
Je suis tout près de toi (Suspense),https://www.amazon.fr/Je-suis-tout-pr%C3%A8s-toi-ebook/dp/B0CW16LWD1/ref=sr_1_1139,"7,99 €",Jaime Lynn Hendricks,"4,2 sur 5 étoiles, détails de l’évaluation",72,Format Kindle,https://m.media-amazon.com/images/I/81CmxWXAK5L._AC_UY218_.jpg,2025-09-04T11:48:21.804771,Description non disponible depuis la recherche,Stock non disponible,ISBN non disponible,Éditeur non disponible,Date non disponible,Nombre de pages non disponible,Rang de vente non disponible,Science-Fiction,72.0,,,,
Drame de pique,https://www.amazon.fr/Drame-pique-Sophie-H%C3%A9naff/dp/2253249491/ref=sr_1_1140,"8,90 €",Sophie Hénaff,"4,6 sur 5 étoiles, détails de l’évaluation",439,Poche,https://m.media-amazon.com/images/I/81RIPK4zKzL._AC_UY218_.jpg,2025-09-04T11:48:21.808150,Description non disponible depuis la recherche,Stock non disponible,ISBN non disponible,Éditeur non disponible,Date non disponible,Nombre de pages non disponible,Rang de vente non disponible,Science-Fiction,72.0,,,,
Rosy & John,https://www.amazon.fr/Rosy-John-Pierre-Lemaitre/dp/2253175951/ref=sr_1_1141,"7,20 €",Pierre Lemaitre,"4,2 sur 5 étoiles, détails de l’évaluation",3 152,Poche,https://m.media-amazon.com/images/I/81xZvmVvS2L._AC_UY218_.jpg,2025-09-04T11:48:21.810632,Description non disponible depuis la recherche,Stock non disponible,ISBN non disponible,Éditeur non disponible,Date non disponible,Nombre de pages non disponible,Rang de vente non disponible,Science-Fiction,72.0,,,,
L'Écho des ruines,https://www.amazon.fr/L%C3%89cho-ruines-Harald-Gilbers/dp/2702190863/ref=sr_1_1142,"22,90 €",Harald Gilbers,"4,2 sur 5 étoiles, détails de l’évaluation",28,Broché,https://m.media-amazon.com/images/I/81q9Rqz+EAL._AC_UY218_.jpg,2025-09-04T11:48:21.813342,Description non disponible depuis la recherche,Stock non disponible,ISBN non disponible,Éditeur non disponible,Date non disponible,Nombre de pages non disponible,Rang de vente non disponible,Science-Fiction,72.0,,,,
Sous le ciel brisé 7: Thriller d'horreur apocalyptique,https://www.amazon.fr/Sous-ciel-bris%C3%A9-Thriller-apocalyptique/dp/B0F1CHVH44/ref=sr_1_1143,"15,81 €",Nick Clausen,"4,6 sur 5 étoiles, détails de l’évaluation",118,Broché,https://m.media-amazon.com/images/I/7181doPwCLL._AC_UY218_.jpg,2025-09-04T11:48:21.815548,Description non disponible depuis la recherche,Stock non disponible,ISBN non disponible,Éditeur non disponible,Date non disponible,Nombre de pages non disponible,Rang de vente non disponible,Science-Fiction,72.0,,,,
Jeu de peaux,https://www.amazon.fr/Jeu-peaux-Anouk-Shutterberg/dp/2266322877/ref=sr_1_1144,"8,70 €",Anouk Shutterberg,"4,2 sur 5 étoiles, détails de l’évaluation",248,Poche,https://m.media-amazon.com/images/I/61wEORlgyWL._AC_UY218_.jpg,2025-09-04T11:48:21.819145,Description non disponible depuis la recherche,Stock non disponible,ISBN non disponible,Éditeur non disponible,Date non disponible,Nombre de pages non disponible,Rang de vente non disponible,Science-Fiction,72.0,,,,
L'Instant présent,https://www.amazon.fr/LInstant-pr%C3%A9sent-Guillaume-MUSSO/dp/2266276298/ref=sr_1_1145,"9,30 €",Guillaume Musso,"4,1 sur 5 étoiles, détails de l’évaluation",9 194,Poche,https://m.media-amazon.com/images/I/61cqz6cEPlL._AC_UY218_.jpg,2025-09-04T11:48:21.822173,Description non disponible depuis la recherche,Stock non disponible,ISBN non disponible,Éditeur non disponible,Date non disponible,Nombre de pages non disponible,Rang de vente non disponible,Science-Fiction,72.0,,,,
Le jour où l'OTAN a frappé: Roman d'espionnage,https://www.amazon.fr/jour-o%C3%B9-lOTAN-frapp%C3%A9-despionnage/dp/2940515964/ref=sr_1_1146,"26,00 €",de Max Lyskam | 26 juin 2025,"5,0 sur 5 étoiles, détails de l’évaluation",4,Broché,https://m.media-amazon.com/images/I/61cPud0U64L._AC_UY218_.jpg,2025-09-04T11:48:21.825110,Description non disponible depuis la recherche,Stock non disponible,ISBN non disponible,Éditeur non disponible,Date non disponible,Nombre de pages non disponible,Rang de vente non disponible,Science-Fiction,72.0,,,,
Plongée,https://www.amazon.fr/Plong%C3%A9e-T-J-Newman-ebook/dp/B0CWSBQJM9/ref=sr_1_1149,"12,99 €",T. J. Newman,"4,2 sur 5 étoiles, détails de l’évaluation",43,Format Kindle,https://m.media-amazon.com/images/I/81Vv3oJEv9L._AC_UY218_.jpg,2025-09-04T11:48:21.835478,Description non disponible depuis la recherche,Stock non disponible,ISBN non disponible,Éditeur non disponible,Date non disponible,Nombre de pages non disponible,Rang de vente non disponible,Science-Fiction,72.0,,,,
La Breizh Brigade - Tome 1: Bienvenue chez les Corrigan !,https://www.amazon.fr/Breizh-brigade-Bienvenue-chez-Corrigan/dp/B0D16RL974/ref=sr_1_1150,"8,95 €",Mo Malø,"3,9 sur 5 étoiles, détails de l’évaluation",194,Poche,https://m.media-amazon.com/images/I/41JiJ8GdlEL._AC_UY218_.jpg,2025-09-04T11:48:21.838962,Description non disponible depuis la recherche,Stock non disponible,ISBN non disponible,Éditeur non disponible,Date non disponible,Nombre de pages non disponible,Rang de vente non disponible,Science-Fiction,72.0,,,,
Filles de la mer,https://www.amazon.fr/Filles-mer-Mary-Lynn-BRACHT/dp/2266287540/ref=sr_1_1151,"9,00 €",Mary-Lynn Bracht,"4,6 sur 5 étoiles, détails de l’évaluation",1 040,Poche,https://m.media-amazon.com/images/I/61OTCCZHMjL._AC_UY218_.jpg,2025-09-04T11:48:21.842364,Description non disponible depuis la recherche,Stock non disponible,ISBN non disponible,Éditeur non disponible,Date non disponible,Nombre de pages non disponible,Rang de vente non disponible,Science-Fiction,72.0,,,,
L'homme aux cercles bleus: Commissaire Adamsberg 1,https://www.amazon.fr/Lhomme-aux-cercles-bleus-Commissaire/dp/B01CUYF6L6/ref=sr_1_1152,"0,00 €",Livres audio Audible,"4,2 sur 5 étoiles, détails de l’évaluation",1 732,Livres audio Audible,https://m.media-amazon.com/images/I/81kgOA2IJUL._AC_UY218_.jpg,2025-09-04T11:48:21.845494,Description non disponible depuis la recherche,Stock non disponible,ISBN non disponible,Éditeur non disponible,Date non disponible,Nombre de pages non disponible,Rang de vente non disponible,Science-Fiction,72.0,,,,
Le Palace,https://www.amazon.fr/Palace-Oc%C3%A9ane-Sukali/dp/2700286278/ref=sr_1_1153,"19,90 €",de Océane Sukali | 13 août 2025,"4,0 sur 5 étoiles, détails de l’évaluation",2,Broché,https://m.media-amazon.com/images/I/71HoB742wXL._AC_UY218_.jpg,2025-09-04T11:48:21.849083,Description non disponible depuis la recherche,Stock non disponible,ISBN non disponible,Éditeur non disponible,Date non disponible,Nombre de pages non disponible,Rang de vente non disponible,Science-Fiction,72.0,,,,
La Passion du crime: Athelstan #23,https://www.amazon.fr/Passion-crime-Athelstan-23/dp/2264085029/ref=sr_1_1154,"9,20 €",Paul Doherty,"4,7 sur 5 étoiles, détails de l’évaluation",55,Poche,https://m.media-amazon.com/images/I/61EJfos50+L._AC_UY218_.jpg,2025-09-04T11:48:21.851397,Description non disponible depuis la recherche,Stock non disponible,ISBN non disponible,Éditeur non disponible,Date non disponible,Nombre de pages non disponible,Rang de vente non disponible,Science-Fiction,72.0,,,,
Le Nouveau,https://www.amazon.fr/Nouveau-Keigo-Higashino/dp/2330176449/ref=sr_1_1155,"9,40 €",de Keigo Higashino et Sophie Refle | 5 avril 2023,"4,2 sur 5 étoiles, détails de l’évaluation",283,Poche,https://m.media-amazon.com/images/I/61978hnL7BL._AC_UY218_.jpg,2025-09-04T11:48:21.855903,Description non disponible depuis la recherche,Stock non disponible,ISBN non disponible,Éditeur non disponible,Date non disponible,Nombre de pages non disponible,Rang de vente non disponible,Science-Fiction,72.0,,,,
Mamie gangster,https://www.amazon.fr/Mamie-gangster-David-Walliams/dp/2226247203/ref=sr_1_1156,"14,90 €",David Walliams,"4,6 sur 5 étoiles, détails de l’évaluation",434,Broché,https://m.media-amazon.com/images/I/81-EKJUCAHL._AC_UY218_.jpg,2025-09-04T11:48:21.859003,Description non disponible depuis la recherche,Stock non disponible,ISBN non disponible,Éditeur non disponible,Date non disponible,Nombre de pages non disponible,Rang de vente non disponible,Science-Fiction,72.0,,,,
Attirance criminelle - Tome 1,https://www.amazon.fr/Attirance-criminelle-1-Jenn-Guerrieri/dp/2755679158/ref=sr_1_1155,"8,90 €",Jenn Guerrieri,"4,5 sur 5 étoiles, détails de l’évaluation",895,Poche,https://m.media-amazon.com/images/I/81b0uD0YdDL._AC_UY218_.jpg,2025-09-04T11:48:32.863045,Description non disponible depuis la recherche,Stock non disponible,ISBN non disponible,Éditeur non disponible,Date non disponible,Nombre de pages non disponible,Rang de vente non disponible,Science-Fiction,73.0,,,,
House of Leaves: The Remastered Full-Color Edition,https://www.amazon.fr/House-Leaves-Remastered-Mark-Danielewski/dp/0375703764/ref=sr_1_1156,"26,30 €",Mark Z. Danielewski,"4,6 sur 5 étoiles, détails de l’évaluation",12 534,Broché,https://m.media-amazon.com/images/I/711hUvzvB7L._AC_UY218_.jpg,2025-09-04T11:48:32.866182,Description non disponible depuis la recherche,Stock non disponible,ISBN non disponible,Éditeur non disponible,Date non disponible,Nombre de pages non disponible,Rang de vente non disponible,Science-Fiction,73.0,,,,
Les derniers vestiges (Les enquêtes de Détective Kay Hunter t. 6),https://www.amazon.fr/derniers-vestiges-enqu%C3%AAtes-D%C3%A9tective-Hunter-ebook/dp/B0F4PWT4K4/ref=sr_1_1157,"3,99 €",Rachel Amphlett,"4,3 sur 5 étoiles, détails de l’évaluation",174,Format Kindle,https://m.media-amazon.com/images/I/81LfC1EEBIL._AC_UY218_.jpg,2025-09-04T11:48:32.868724,Description non disponible depuis la recherche,Stock non disponible,ISBN non disponible,Éditeur non disponible,Date non disponible,Nombre de pages non disponible,Rang de vente non disponible,Science-Fiction,73.0,,,,
Alex Rider - Tome 1 - Stormbreaker (Coll.Réf.) - Version sans jaquette,https://www.amazon.fr/Alex-Rider-Stormbreaker-Coll-R%C3%A9f-jaquette/dp/2017027995/ref=sr_1_1158,"5,90 €","de Anthony Horowitz, Phil Schramm, et al. | 27 septembre 2017","4,6 sur 5 étoiles, détails de l’évaluation",199,Poche,https://m.media-amazon.com/images/I/81FGtrLrh9L._AC_UY218_.jpg,2025-09-04T11:48:32.871538,Description non disponible depuis la recherche,Stock non disponible,ISBN non disponible,Éditeur non disponible,Date non disponible,Nombre de pages non disponible,Rang de vente non disponible,Science-Fiction,73.0,,,,
Stone Mattress: Nine Wicked Tales,https://www.amazon.fr/Stone-Mattress-Nine-Wicked-Tales/dp/0804173508/ref=sr_1_1159,"10,43 €",Margaret Atwood,"4,1 sur 5 étoiles, détails de l’évaluation",3 251,Broché,https://m.media-amazon.com/images/I/61HQI3nr0FL._AC_UY218_.jpg,2025-09-04T11:48:32.875242,Description non disponible depuis la recherche,Stock non disponible,ISBN non disponible,Éditeur non disponible,Date non disponible,Nombre de pages non disponible,Rang de vente non disponible,Science-Fiction,73.0,,,,
Et que quelqu'un vous tende la main : Roman feel-good – Nouveauté Poche 2023,https://www.amazon.fr/que-quelquun-vous-tende-main/dp/2266332309/ref=sr_1_1160,"8,70 €",Carène Ponte,"4,5 sur 5 étoiles, détails de l’évaluation",1 805,Poche,https://m.media-amazon.com/images/I/61gjP4GifgL._AC_UY218_.jpg,2025-09-04T11:48:32.878419,Description non disponible depuis la recherche,Stock non disponible,ISBN non disponible,Éditeur non disponible,Date non disponible,Nombre de pages non disponible,Rang de vente non disponible,Science-Fiction,73.0,,,,
Islander - Tome 01,https://www.amazon.fr/Islander-01-Caryl-F%C3%A9rey/dp/2344043047/ref=sr_1_1161,"26,00 €",Caryl Férey,"4,2 sur 5 étoiles, détails de l’évaluation",18,Relié,https://m.media-amazon.com/images/I/812uc3wWtRL._AC_UY218_.jpg,2025-09-04T11:48:32.881086,Description non disponible depuis la recherche,Stock non disponible,ISBN non disponible,Éditeur non disponible,Date non disponible,Nombre de pages non disponible,Rang de vente non disponible,Science-Fiction,73.0,,,,
A Slowly Dying Cause: A Lynley Novel (English Edition),https://www.amazon.fr/Slowly-Dying-Cause-Lynley-English-ebook/dp/B0DRBJ9Y3L/ref=sr_1_1162,"10,99 €",Elizabeth George,Note non disponible,0 avis,Format Kindle,https://m.media-amazon.com/images/I/914jAcAFjVL._AC_UY218_.jpg,2025-09-04T11:48:32.885167,Description non disponible depuis la recherche,Stock non disponible,ISBN non disponible,Éditeur non disponible,Date non disponible,Nombre de pages non disponible,Rang de vente non disponible,Science-Fiction,73.0,,,,
Les oiseaux se cachent pour mourir,https://www.amazon.fr/oiseaux-cachent-pour-mourir/dp/2266211242/ref=sr_1_1165,"12,10 €",Colleen McCullough,"4,5 sur 5 étoiles, détails de l’évaluation",544,Poche,https://m.media-amazon.com/images/I/61H25WyZTLL._AC_UY218_.jpg,2025-09-04T11:48:32.894187,Description non disponible depuis la recherche,Stock non disponible,ISBN non disponible,Éditeur non disponible,Date non disponible,Nombre de pages non disponible,Rang de vente non disponible,Science-Fiction,73.0,,,,
Tremblez ! Crimes au Japon: 8 histoires criminelles vraies et flippantes au pays du soleil levant,https://www.amazon.fr/Tremblez-Crimes-Japon-criminelles-flippantes/dp/B0DWTDX34B/ref=sr_1_1166,"0,00 €",Livres audio Audible,"4,8 sur 5 étoiles, détails de l’évaluation",209,Livres audio Audible,https://m.media-amazon.com/images/I/91koqvSbowL._AC_UY218_.jpg,2025-09-04T11:48:32.897403,Description non disponible depuis la recherche,Stock non disponible,ISBN non disponible,Éditeur non disponible,Date non disponible,Nombre de pages non disponible,Rang de vente non disponible,Science-Fiction,73.0,,,,
Les Sept châtiments,https://www.amazon.fr/Sept-ch%C3%A2timents-Jordi-Llobregat/dp/2266326163/ref=sr_1_1167,"9,90 €",Jordi Llobregat,"4,4 sur 5 étoiles, détails de l’évaluation",323,Poche,https://m.media-amazon.com/images/I/71E+2j828NL._AC_UY218_.jpg,2025-09-04T11:48:32.900923,Description non disponible depuis la recherche,Stock non disponible,ISBN non disponible,Éditeur non disponible,Date non disponible,Nombre de pages non disponible,Rang de vente non disponible,Science-Fiction,73.0,,,,
Roches de sang,https://www.amazon.fr/Roches-sang-Olivier-Bal-ebook/dp/B0BZDFDJN5/ref=sr_1_1168,"8,99 €",Olivier Bal,"4,5 sur 5 étoiles, détails de l’évaluation",695,Format Kindle,https://m.media-amazon.com/images/I/81EEHXddc9L._AC_UY218_.jpg,2025-09-04T11:48:32.904067,Description non disponible depuis la recherche,Stock non disponible,ISBN non disponible,Éditeur non disponible,Date non disponible,Nombre de pages non disponible,Rang de vente non disponible,Science-Fiction,73.0,,,,
De si bons voisins,https://www.amazon.fr/Audible-De-si-bons-voisins/dp/B0FFGLSH18/ref=sr_1_1169,"0,00 €",Livres audio Audible,"4,3 sur 5 étoiles, détails de l’évaluation",206,Livres audio Audible,https://m.media-amazon.com/images/I/717OKiB6SzL._AC_UY218_.jpg,2025-09-04T11:48:32.907270,Description non disponible depuis la recherche,Stock non disponible,ISBN non disponible,Éditeur non disponible,Date non disponible,Nombre de pages non disponible,Rang de vente non disponible,Science-Fiction,73.0,,,,
Meurtres et pudding de Noël: Les enquêtes d'Hannah Swensen 11,https://www.amazon.fr/Meurtres-pudding-No%C3%ABl-enqu%C3%AAtes-dHannah/dp/B0DNRCP95P/ref=sr_1_1170,"0,00 €",Livres audio Audible,"4,4 sur 5 étoiles, détails de l’évaluation",196,Livres audio Audible,https://m.media-amazon.com/images/I/81siontqN0L._AC_UY218_.jpg,2025-09-04T11:48:32.910442,Description non disponible depuis la recherche,Stock non disponible,ISBN non disponible,Éditeur non disponible,Date non disponible,Nombre de pages non disponible,Rang de vente non disponible,Science-Fiction,73.0,,,,
Twisted (Never After t. 1),https://www.amazon.fr/Twisted-Never-After-t-1-ebook/dp/B0FJFFN2CV/ref=sr_1_1171,"6,99 €",Emily Mcintire,Note non disponible,0 avis,Format Kindle,https://m.media-amazon.com/images/I/81F98Cx5suL._AC_UY218_.jpg,2025-09-04T11:48:32.912976,Description non disponible depuis la recherche,Stock non disponible,ISBN non disponible,Éditeur non disponible,Date non disponible,Nombre de pages non disponible,Rang de vente non disponible,Science-Fiction,73.0,,,,
In Tenebris,https://www.amazon.fr/Tenebris-Maxime-Chattam-ebook/dp/B0F3JY8W13/ref=sr_1_1172,"8,99 €",Maxime Chattam,"4,6 sur 5 étoiles, détails de l’évaluation",31,Format Kindle,https://m.media-amazon.com/images/I/61kaKfjej8L._AC_UY218_.jpg,2025-09-04T11:48:32.914743,Description non disponible depuis la recherche,Stock non disponible,ISBN non disponible,Éditeur non disponible,Date non disponible,Nombre de pages non disponible,Rang de vente non disponible,Science-Fiction,73.0,,,,
L'Oiseau des ténèbres (Harry Bosch t. 7),https://www.amazon.fr/LOiseau-t%C3%A9n%C3%A8bres-Harry-Bosch-t-ebook/dp/B007UOTXRU/ref=sr_1_1171,"7,99 €",Michael Connelly,"4,3 sur 5 étoiles, détails de l’évaluation",2 058,Format Kindle,https://m.media-amazon.com/images/I/71KrUgmUqlL._AC_UY218_.jpg,2025-09-04T11:48:43.371879,Description non disponible depuis la recherche,Stock non disponible,ISBN non disponible,Éditeur non disponible,Date non disponible,Nombre de pages non disponible,Rang de vente non disponible,Science-Fiction,74.0,,,,
Une enquête d'Emily Roy et Alexis Castells : Mör,https://www.amazon.fr/Une-enqu%C3%AAte-dEmily-Alexis-Castells/dp/B089M54THY/ref=sr_1_1172,"8,95 €",Johana Gustawsson,"4,3 sur 5 étoiles, détails de l’évaluation",1 225,Poche,https://m.media-amazon.com/images/I/81WbXmCp8BL._AC_UY218_.jpg,2025-09-04T11:48:43.374464,Description non disponible depuis la recherche,Stock non disponible,ISBN non disponible,Éditeur non disponible,Date non disponible,Nombre de pages non disponible,Rang de vente non disponible,Science-Fiction,74.0,,,,
L'Illusion,https://www.amazon.fr/LIllusion-Maxime-Chattam/dp/2266311263/ref=sr_1_1173,"9,90 €",Maxime Chattam,"4,2 sur 5 étoiles, détails de l’évaluation",3 510,Poche,https://m.media-amazon.com/images/I/71wQhdsNDEL._AC_UY218_.jpg,2025-09-04T11:48:43.377885,Description non disponible depuis la recherche,Stock non disponible,ISBN non disponible,Éditeur non disponible,Date non disponible,Nombre de pages non disponible,Rang de vente non disponible,Science-Fiction,74.0,,,,
À coeurs perdus : Enquête sur la prostitution des mineures,https://www.amazon.fr/coeurs-perdus-Enqu%C3%AAte-prostitution-mineures/dp/2372543970/ref=sr_1_1174,"21,00 €",Claude Ardid,"4,3 sur 5 étoiles, détails de l’évaluation",35,Broché,https://m.media-amazon.com/images/I/61gU0gkCUNL._AC_UY218_.jpg,2025-09-04T11:48:43.380702,Description non disponible depuis la recherche,Stock non disponible,ISBN non disponible,Éditeur non disponible,Date non disponible,Nombre de pages non disponible,Rang de vente non disponible,Science-Fiction,74.0,,,,
Un secret mortel (Les enquêtes de Détective Kay Hunter t. 11),https://www.amazon.fr/secret-mortel-enqu%C3%AAtes-D%C3%A9tective-Hunter-ebook/dp/B0F9LQDXZK/ref=sr_1_1175,"3,99 €",Rachel Amphlett,"4,4 sur 5 étoiles, détails de l’évaluation",61,Format Kindle,https://m.media-amazon.com/images/I/71VkyK2--9L._AC_UY218_.jpg,2025-09-04T11:48:43.382664,Description non disponible depuis la recherche,Stock non disponible,ISBN non disponible,Éditeur non disponible,Date non disponible,Nombre de pages non disponible,Rang de vente non disponible,Science-Fiction,74.0,,,,
La Diagonale des reines,https://www.amazon.fr/Diagonale-reines-Bernard-Werber/dp/2253244562/ref=sr_1_1176,"9,70 €",Bernard Werber,"4,4 sur 5 étoiles, détails de l’évaluation",1 112,Poche,https://m.media-amazon.com/images/I/51rGOzivgrL._AC_UY218_.jpg,2025-09-04T11:48:43.386000,Description non disponible depuis la recherche,Stock non disponible,ISBN non disponible,Éditeur non disponible,Date non disponible,Nombre de pages non disponible,Rang de vente non disponible,Science-Fiction,74.0,,,,
"Duel - Deux cars scolaires qui disparaissent, un thriller au sommet par la nouvelle voix du genre",https://www.amazon.fr/Duel-scolaires-disparaissent-thriller-nouvelle/dp/2266348051/ref=sr_1_1177,"9,30 €",Frank Leduc,"4,4 sur 5 étoiles, détails de l’évaluation",229,Poche,https://m.media-amazon.com/images/I/71fQW7BXLtL._AC_UY218_.jpg,2025-09-04T11:48:43.389373,Description non disponible depuis la recherche,Stock non disponible,ISBN non disponible,Éditeur non disponible,Date non disponible,Nombre de pages non disponible,Rang de vente non disponible,Science-Fiction,74.0,,,,
L'Inuite,https://www.amazon.fr/LInuite-Mo-Mal%C3%B8/dp/B0DWS72LYW/ref=sr_1_1178,"9,90 €",Mo Malø,"4,2 sur 5 étoiles, détails de l’évaluation",145,Poche,https://m.media-amazon.com/images/I/41Y2Gse8dPL._AC_UY218_.jpg,2025-09-04T11:48:43.392749,Description non disponible depuis la recherche,Stock non disponible,ISBN non disponible,Éditeur non disponible,Date non disponible,Nombre de pages non disponible,Rang de vente non disponible,Science-Fiction,74.0,,,,
Mère (La famille t. 2),https://www.amazon.fr/Me%CC%80re-famille-t-Jack-Stainton-ebook/dp/B0FLLND4R7/ref=sr_1_1181,"13,70 €",Jack Stainton,"4,1 sur 5 étoiles, détails de l’évaluation",20,Format Kindle,https://m.media-amazon.com/images/I/81ib06qSnJL._AC_UY218_.jpg,2025-09-04T11:48:43.401741,Description non disponible depuis la recherche,Stock non disponible,ISBN non disponible,Éditeur non disponible,Date non disponible,Nombre de pages non disponible,Rang de vente non disponible,Science-Fiction,74.0,,,,
Les Détectives du Yorkshire - Édition collector - Tomes 1 & 2,https://www.amazon.fr/D%C3%A9tectives-Yorkshire-%C3%89dition-collector-Tomes/dp/2221269268/ref=sr_1_1182,"20,00 €",Julia Chapman,"4,8 sur 5 étoiles, détails de l’évaluation",27,Broché,https://m.media-amazon.com/images/I/71G7Mv46-wL._AC_UY218_.jpg,2025-09-04T11:48:43.403907,Description non disponible depuis la recherche,Stock non disponible,ISBN non disponible,Éditeur non disponible,Date non disponible,Nombre de pages non disponible,Rang de vente non disponible,Science-Fiction,74.0,,,,
Les Dames de Marlow enquêtent - vol. 3: Poison en huis clos,https://www.amazon.fr/Dames-Marlow-enqu%C3%AAtent-vol-Poison-ebook/dp/B0CJLY6WSP/ref=sr_1_1183,"7,99 €",Robert Thorogood,"4,5 sur 5 étoiles, détails de l’évaluation",235,Format Kindle,https://m.media-amazon.com/images/I/81IMQ5zAFAL._AC_UY218_.jpg,2025-09-04T11:48:43.407199,Description non disponible depuis la recherche,Stock non disponible,ISBN non disponible,Éditeur non disponible,Date non disponible,Nombre de pages non disponible,Rang de vente non disponible,Science-Fiction,74.0,,,,
"L'inconnue: livre lesbien, romance lesbienne",https://www.amazon.fr/Linconnue-livre-lesbien-romance-lesbienne-ebook/dp/B0FC91FGTC/ref=sr_1_1184,"9,99 €",de Juline | 6 juin 2025,"4,6 sur 5 étoiles, détails de l’évaluation",75,Format Kindle,https://m.media-amazon.com/images/I/61GCI1BJKPL._AC_UY218_.jpg,2025-09-04T11:48:43.409321,Description non disponible depuis la recherche,Stock non disponible,ISBN non disponible,Éditeur non disponible,Date non disponible,Nombre de pages non disponible,Rang de vente non disponible,Science-Fiction,74.0,,,,
N'avoue jamais,https://www.amazon.fr/Navoue-jamais-Lisa-Gardner/dp/2253249432/ref=sr_1_1185,"9,70 €",Lisa Gardner,"4,4 sur 5 étoiles, détails de l’évaluation",2 768,Poche,https://m.media-amazon.com/images/I/71-tp5Qk00L._AC_UY218_.jpg,2025-09-04T11:48:43.412777,Description non disponible depuis la recherche,Stock non disponible,ISBN non disponible,Éditeur non disponible,Date non disponible,Nombre de pages non disponible,Rang de vente non disponible,Science-Fiction,74.0,,,,
Son Crime Parfait (Les Enquêtes d'Emily Slate t. 1),https://www.amazon.fr/Crime-Parfait-Enqu%C3%AAtes-dEmily-Slate-ebook/dp/B0F44WC2H1/ref=sr_1_1186,"13,70 €",Alex Sigmore,"4,4 sur 5 étoiles, détails de l’évaluation",493,Format Kindle,https://m.media-amazon.com/images/I/91Mqy0VEqGL._AC_UY218_.jpg,2025-09-04T11:48:43.414835,Description non disponible depuis la recherche,Stock non disponible,ISBN non disponible,Éditeur non disponible,Date non disponible,Nombre de pages non disponible,Rang de vente non disponible,Science-Fiction,74.0,,,,
Wild,https://www.amazon.fr/Wild/dp/B08KY51QS2/ref=sr_1_1187,"0,00 €",Livres audio Audible,"4,5 sur 5 étoiles, détails de l’évaluation",1 102,Livres audio Audible,https://m.media-amazon.com/images/I/8145TtyP5nL._AC_UY218_.jpg,2025-09-04T11:48:43.418127,Description non disponible depuis la recherche,Stock non disponible,ISBN non disponible,Éditeur non disponible,Date non disponible,Nombre de pages non disponible,Rang de vente non disponible,Science-Fiction,74.0,,,,
Sors de ma vie,https://www.amazon.fr/Sors-ma-vie-Lisa-Unger-ebook/dp/B0170MVL4O/ref=sr_1_1188,"9,99 €",Lisa Unger,"3,8 sur 5 étoiles, détails de l’évaluation",45,Format Kindle,https://m.media-amazon.com/images/I/81y0NS9eePL._AC_UY218_.jpg,2025-09-04T11:48:43.421418,Description non disponible depuis la recherche,Stock non disponible,ISBN non disponible,Éditeur non disponible,Date non disponible,Nombre de pages non disponible,Rang de vente non disponible,Science-Fiction,74.0,,,,
The Murders at Fleat House: A compelling mystery from the author of the million-copy bestselling The Seven Sisters series (English Edition),https://www.amazon.fr/Murders-Fleat-House-Exhilarating-Bestselling-ebook/dp/B09HXNF65P/ref=sr_1_1187,"5,99 €",Lucinda Riley,"4,5 sur 5 étoiles, détails de l’évaluation",19 591,Format Kindle,https://m.media-amazon.com/images/I/710zLVOqV4L._AC_UY218_.jpg,2025-09-04T11:48:53.197313,Description non disponible depuis la recherche,Stock non disponible,ISBN non disponible,Éditeur non disponible,Date non disponible,Nombre de pages non disponible,Rang de vente non disponible,Science-Fiction,75.0,,,,
"Millénium, Tome 3 - La reine dans le palais des courants d'air: Millénium 3",https://www.amazon.fr/Mill%C3%A9nium-reine-dans-palais-courants-ebook/dp/B0062M9HFY/ref=sr_1_1188,"9,99 €",Stieg Larsson,"4,6 sur 5 étoiles, détails de l’évaluation",1 549,Format Kindle,https://m.media-amazon.com/images/I/71qQTUarlwS._AC_UY218_.jpg,2025-09-04T11:48:53.201043,Description non disponible depuis la recherche,Stock non disponible,ISBN non disponible,Éditeur non disponible,Date non disponible,Nombre de pages non disponible,Rang de vente non disponible,Science-Fiction,75.0,,,,
Sakamoto Days - Tome 15,https://www.amazon.fr/Sakamoto-Days-15-Yuto-Suzuki/dp/234406009X/ref=sr_1_1189,"7,20 €",Yuto Suzuki,"5,0 sur 5 étoiles, détails de l’évaluation",28,Poche,https://m.media-amazon.com/images/I/81eJbfOcnrL._AC_UY218_.jpg,2025-09-04T11:48:53.203291,Description non disponible depuis la recherche,Stock non disponible,ISBN non disponible,Éditeur non disponible,Date non disponible,Nombre de pages non disponible,Rang de vente non disponible,Science-Fiction,75.0,,,,
Germania,https://www.amazon.fr/Germania-Harald-Gilbers-ebook/dp/B01F0FOG36/ref=sr_1_1190,"9,99 €",Harald Gilbers,"4,3 sur 5 étoiles, détails de l’évaluation",706,Format Kindle,https://m.media-amazon.com/images/I/81G6zTkuATL._AC_UY218_.jpg,2025-09-04T11:48:53.206634,Description non disponible depuis la recherche,Stock non disponible,ISBN non disponible,Éditeur non disponible,Date non disponible,Nombre de pages non disponible,Rang de vente non disponible,Science-Fiction,75.0,,,,
Leave Me Behind: A Standalone Dark Military Romance with Enemies to Lovers Drama,https://www.amazon.fr/Leave-Me-Behind-Standalone-Military/dp/1464260125/ref=sr_1_1191,"12,12 €",K.M. Moronova,"4,3 sur 5 étoiles, détails de l’évaluation",21 641,Broché,https://m.media-amazon.com/images/I/81P6KsCS6CL._AC_UY218_.jpg,2025-09-04T11:48:53.209580,Description non disponible depuis la recherche,Stock non disponible,ISBN non disponible,Éditeur non disponible,Date non disponible,Nombre de pages non disponible,Rang de vente non disponible,Science-Fiction,75.0,,,,
De sang froid (Thrillers de Beatrix Rose t. 1),https://www.amazon.fr/sang-froid-Beatrix-Rose-t-ebook/dp/B07Z834V2B/ref=sr_1_1192,"0,99 €",Mark Dawson,"4,1 sur 5 étoiles, détails de l’évaluation",1 136,Format Kindle,https://m.media-amazon.com/images/I/81aW0n4tYdL._AC_UY218_.jpg,2025-09-04T11:48:53.212152,Description non disponible depuis la recherche,Stock non disponible,ISBN non disponible,Éditeur non disponible,Date non disponible,Nombre de pages non disponible,Rang de vente non disponible,Science-Fiction,75.0,,,,
Absolute Superman Vol. 1: Last Dust of Krypton,https://www.amazon.fr/Absolute-Superman-Vol-Last-Krypton/dp/1799505332/ref=sr_1_1193,"16,32 €",Édition en Anglais | de Jason Aaron et Rafa Sandoval | 19 août 2025,"4,6 sur 5 étoiles, détails de l’évaluation",63,Broché,https://m.media-amazon.com/images/I/81VyoNB+QAL._AC_UY218_.jpg,2025-09-04T11:48:53.216332,Description non disponible depuis la recherche,Stock non disponible,ISBN non disponible,Éditeur non disponible,Date non disponible,Nombre de pages non disponible,Rang de vente non disponible,Science-Fiction,75.0,,,,
Sakamoto Days - Tome 12,https://www.amazon.fr/Sakamoto-Days-12-Yuto-Suzuki/dp/2344057633/ref=sr_1_1194,"7,20 €",Yuto Suzuki,"4,9 sur 5 étoiles, détails de l’évaluation",39,Poche,https://m.media-amazon.com/images/I/815V8mpKHJL._AC_UY218_.jpg,2025-09-04T11:48:53.218909,Description non disponible depuis la recherche,Stock non disponible,ISBN non disponible,Éditeur non disponible,Date non disponible,Nombre de pages non disponible,Rang de vente non disponible,Science-Fiction,75.0,,,,
Pas un cri: Un thriller saisissant au suspense haletant (Les enquêtes de Jenna Alton & David Kane t. 3),https://www.amazon.fr/Pas-cri-thriller-saisissant-suspense-ebook/dp/B0DCBQBG2B/ref=sr_1_1197,"17,99 €",D.K. Hood,"4,4 sur 5 étoiles, détails de l’évaluation",4 955,Format Kindle,https://m.media-amazon.com/images/I/817Mb9A+X-L._AC_UY218_.jpg,2025-09-04T11:48:53.228946,Description non disponible depuis la recherche,Stock non disponible,ISBN non disponible,Éditeur non disponible,Date non disponible,Nombre de pages non disponible,Rang de vente non disponible,Science-Fiction,75.0,,,,
Ils étaient sept (1),https://www.amazon.fr/Ils-%C3%A9taient-sept-Christina-LARMER/dp/2266337491/ref=sr_1_1198,"8,70 €",Christina LARMER,"4,2 sur 5 étoiles, détails de l’évaluation",355,Poche,https://m.media-amazon.com/images/I/61svdVeKBqL._AC_UY218_.jpg,2025-09-04T11:48:53.232368,Description non disponible depuis la recherche,Stock non disponible,ISBN non disponible,Éditeur non disponible,Date non disponible,Nombre de pages non disponible,Rang de vente non disponible,Science-Fiction,75.0,,,,
En Eaux trøubles: entre thriller scandinave et cosy crime noir (Meurtres à Stockholm t. 1),https://www.amazon.fr/En-Eaux-tr%C3%B8ubles-Meurtres-Stockholm-ebook/dp/B0DWTBKDFM/ref=sr_1_1199,"0,00 €",Cs Duffy,"3,8 sur 5 étoiles, détails de l’évaluation",468,Format Kindle,https://m.media-amazon.com/images/I/81oKoijSo0L._AC_UY218_.jpg,2025-09-04T11:48:53.235550,Description non disponible depuis la recherche,Stock non disponible,ISBN non disponible,Éditeur non disponible,Date non disponible,Nombre de pages non disponible,Rang de vente non disponible,Science-Fiction,75.0,,,,
L'Intégrale des Mystères des Sorcières de l'Île de Pendle: Tomes 1-12,https://www.amazon.fr/LInt%C3%A9grale-Myst%C3%A8res-Sorci%C3%A8res-l%C3%8Ele-Pendle-ebook/dp/B0F9FMCW7F/ref=sr_1_1200,Prix non disponible,Mara Webb,"4,7 sur 5 étoiles, détails de l’évaluation",76,Format Kindle,https://m.media-amazon.com/images/I/71wEPcmvQ-L._AC_UY218_.jpg,2025-09-04T11:48:53.237974,Description non disponible depuis la recherche,Stock non disponible,ISBN non disponible,Éditeur non disponible,Date non disponible,Nombre de pages non disponible,Rang de vente non disponible,Science-Fiction,75.0,,,,
Ce qu’elle a laissé derrière elle (Les enquêtes de Martina Monroe t. 1),https://www.amazon.fr/quelle-laiss%C3%A9-derri%C3%A8re-enqu%C3%AAtes-Martina-ebook/dp/B0FDQ6NBB8/ref=sr_1_1201,"14,76 €",H.K. Christie,"4,4 sur 5 étoiles, détails de l’évaluation",87,Format Kindle,https://m.media-amazon.com/images/I/81YAYG3bUJL._AC_UY218_.jpg,2025-09-04T11:48:53.240177,Description non disponible depuis la recherche,Stock non disponible,ISBN non disponible,Éditeur non disponible,Date non disponible,Nombre de pages non disponible,Rang de vente non disponible,Science-Fiction,75.0,,,,
À même la peau,https://www.amazon.fr/%C3%80-m%C3%AAme-la-peau/dp/B07L42B175/ref=sr_1_1202,"0,00 €",Livres audio Audible,"4,4 sur 5 étoiles, détails de l’évaluation",2 620,Livres audio Audible,https://m.media-amazon.com/images/I/91yGdkSIsTL._AC_UY218_.jpg,2025-09-04T11:48:53.243785,Description non disponible depuis la recherche,Stock non disponible,ISBN non disponible,Éditeur non disponible,Date non disponible,Nombre de pages non disponible,Rang de vente non disponible,Science-Fiction,75.0,,,,
Agatha Raisin enquête 7 - A la claire fontaine: Mefiez-vous de l'eau qui dort !,https://www.amazon.fr/Agatha-Raisin-enqu%C3%AAte-fontaine-Mefiez-vous/dp/2226329986/ref=sr_1_1203,"14,90 €",M. C. Beaton,"4,3 sur 5 étoiles, détails de l’évaluation",1 355,Broché,https://m.media-amazon.com/images/I/81rd5+4bpOL._AC_UY218_.jpg,2025-09-04T11:48:53.247135,Description non disponible depuis la recherche,Stock non disponible,ISBN non disponible,Éditeur non disponible,Date non disponible,Nombre de pages non disponible,Rang de vente non disponible,Science-Fiction,75.0,,,,
La Maison hantée,https://www.amazon.fr/Maison-hant%C3%A9e-Shirley-Jackson/dp/2743637986/ref=sr_1_1204,"8,70 €",Shirley Jackson,"4,2 sur 5 étoiles, détails de l’évaluation",392,Poche,https://m.media-amazon.com/images/I/4111qam7d1L._AC_UY218_.jpg,2025-09-04T11:48:53.250005,Description non disponible depuis la recherche,Stock non disponible,ISBN non disponible,Éditeur non disponible,Date non disponible,Nombre de pages non disponible,Rang de vente non disponible,Science-Fiction,75.0,,,,
"Attaque Extraterrestre (Les Chroniques de l’Invasion, Tome 1) : Un Thriller de Science-fiction",https://www.amazon.fr/Attaque-Extraterrestre-Chroniques-lInvasion-Science-fiction-ebook/dp/B07D7GB3MX/ref=sr_1_4,"0,00 €",Morgan Rice,"4,0 sur 5 étoiles, détails de l’évaluation",,de Morgan Rice  | 26 juin 2018,,,,,,,,,,Science-Fiction,,,,2025-09-04T09:03:46.837880,1.0
3 nouvelles de science-fiction,https://www.amazon.fr/3-nouvelles-science-fiction-Ray-Bradbury/dp/B08924GFQF/ref=sr_1_5,"3,95 €",Isaac Asimov,"4,5 sur 5 étoiles, détails de l’évaluation",,"de Isaac Asimov , Ray Bradbury, et al. | 25 novembre 2020",,,,,,,,,,Science-Fiction,,,,2025-09-04T09:03:46.840261,1.0
Outsphere,https://www.amazon.fr/Outsphere-Guy-Roger-Duvert/dp/1794329897/ref=sr_1_6,"19,99 €",Guy-Roger Duvert,"4,3 sur 5 étoiles, détails de l’évaluation",,de Guy-Roger Duvert  et Benjamin Sjöberg | 2 mai 2019,,,,,,,,,,Science-Fiction,,,,2025-09-04T09:03:46.843066,1.0
Le Compagnon Télépathiqu E De L'alien: Une Romance De Science-fiction Torride Et Télépathique Entre Compagnons Du Destin,https://www.amazon.fr/Compagnon-T%C3%A9l%C3%A9pathiqu-Lalien-Science-fiction-T%C3%A9l%C3%A9pathique-ebook/dp/B0FP8XV9VY/ref=sr_1_7,Prix non disponible,de Declan Sidaway | 29 août 2025,Note non disponible,,de Declan Sidaway | 29 août 2025,,,,,,,,,,Science-Fiction,,,,2025-09-04T09:03:46.844767,1.0
Fondation: Le Cycle de Fondation 1,https://www.amazon.fr/Fondation-Cycle-1/dp/B07NVLB8SS/ref=sr_1_10,"0,00 €",Livres audio Audible,"4,6 sur 5 étoiles, détails de l’évaluation",,"de Isaac Asimov, Stéphane Ronchewski, et al.",,,,,,,,,,Science-Fiction,,,,2025-09-04T09:03:46.853200,1.0
Lie Au Prince Du Vide: Une Romance De Science-fiction Sombre Entre Compagnons Prédestinés Extraterrestres,https://www.amazon.fr/Lie-Prince-Vide-Science-fiction-Extraterrestres-ebook/dp/B0FNXRMNT5/ref=sr_1_11,Prix non disponible,de Declan Sidaway | 26 août 2025,Note non disponible,,de Declan Sidaway | 26 août 2025,,,,,,,,,,Science-Fiction,,,,2025-09-04T09:03:46.854913,1.0
Colonisation - Tome 01: Les naufragés de l'espace,https://www.amazon.fr/Colonisation-naufrag%C3%A9s-lespace-Denis-Pierre-Filippi/dp/2723499189/ref=sr_1_12,"15,00 €",Denis-Pierre Filippi,"4,4 sur 5 étoiles, détails de l’évaluation",,de Denis-Pierre Filippi  et Vincenzo Cucca | 10 janvier 2018,,,,,,,,,,Science-Fiction,,,,2025-09-04T09:03:46.857351,1.0
Le Lien Empathique Alien: Une Romance De Science-fiction Sur Un Guerrier Extraterrestre,https://www.amazon.fr/Lien-Empathique-Alien-Science-fiction-Extraterrestre-ebook/dp/B0FP41HF4Z/ref=sr_1_13,Prix non disponible,de Declan  Sidaway | 27 août 2025,Note non disponible,,de Declan  Sidaway | 27 août 2025,,,,,,,,,,Science-Fiction,,,,2025-09-04T09:03:46.859083,1.0
Le boyfriend,https://www.amazon.fr/boyfriend-Freida-McFadden/dp/2824627158/ref=sr_1_15,"22,00 €",Freida McFadden,Note non disponible,,de Freida McFadden  | 8 octobre 2025,,,,,,,,,,Science-Fiction,,,,2025-09-04T09:03:46.864576,1.0
Bernard Werber présente 20 récits d'anticipation et de science-fiction - Classiques et Contemporains: Progrès et rêves scientifiques,https://www.amazon.fr/Bernard-Werber-pr%C3%A9sente-danticipation-science-fiction/dp/2210750474/ref=sr_1_16,"5,40 €",Bernard Werber,"4,5 sur 5 étoiles, détails de l’évaluation",,"de Collectif, Bernard Werber , et al. | 22 avril 2016",,,,,,,,,,Science-Fiction,,,,2025-09-04T09:03:46.866388,1.0
Les Dieux eux-mêmes,https://www.amazon.fr/Dieux-eux-m%C3%AAmes-Isaac-Asimov/dp/2070419770/ref=sr_1_17,"10,00 €",Isaac Asimov,"4,7 sur 5 étoiles, détails de l’évaluation",,"de Isaac Asimov , Jane Fillion, et al. | 4 décembre 2002",,,,,,,,,,Science-Fiction,,,,2025-09-04T09:03:46.868174,1.0
La Fabrique des lendemains,https://www.amazon.fr/Fabrique-lendemains-Rich-Larson/dp/2253106925/ref=sr_1_18,"9,90 €",Rich Larson,"4,3 sur 5 étoiles, détails de l’évaluation",,de Rich Larson  | 4 janvier 2023,,,,,,,,,,Science-Fiction,,,,2025-09-04T09:03:46.871336,1.0
Colonie Une Mars (Colonie Mars t. 1),https://www.amazon.fr/Colonie-Une-Mars-t-ebook/dp/B0F2SKKGK8/ref=sr_1_19,"13,70 €",Gerald M. Kilby,"4,4 sur 5 étoiles, détails de l’évaluation",,de Gerald M. Kilby  et Justine Piret | 27 mars 2025,,,,,,,,,,Science-Fiction,,,,2025-09-04T09:03:46.873072,1.0
Le Grand Vaisseau,https://www.amazon.fr/Grand-Vaisseau-Robert-Reed/dp/2253195022/ref=sr_1_20,"8,60 €",de Robert Reed | 23 avril 2014,"3,5 sur 5 étoiles, détails de l’évaluation",,de Robert Reed | 23 avril 2014,,,,,,,,,,Science-Fiction,,,,2025-09-04T09:03:46.875914,1.0
Les Enfants d'Icare,https://www.amazon.fr/Enfants-dIcare-Arthur-C-Clarke/dp/281120945X/ref=sr_1_21,"8,95 €",Arthur C. Clarke,"4,3 sur 5 étoiles, détails de l’évaluation",,de Arthur C. Clarke  et Michel Deutsch | 26 septembre 2013,,,,,,,,,,Science-Fiction,,,,2025-09-04T09:03:46.878319,1.0
Ubik,https://www.amazon.fr/Ubik-Philip-K-Dick/dp/2290382647/ref=sr_1_22,"7,40 €",Philip K. Dick,"4,5 sur 5 étoiles, détails de l’évaluation",,de Philip K. Dick  et Hélène Collon | 4 janvier 2023,,,,,,,,,,Science-Fiction,,,,2025-09-04T09:03:46.881443,1.0
Colonie Une Mars,https://www.amazon.fr/Colonie-Une-Mars-Gerald-Kilby/dp/B0F4QKLQBC/ref=sr_1_19,"13,70 €",Gerald M. Kilby,"4,4 sur 5 étoiles, détails de l’évaluation",,de Gerald M. Kilby  et Justine Piret | 13 avril 2025,,,,,,,,,,Science-Fiction,,,,2025-09-04T09:08:42.129823,66.0
Les Enfants d'Icare (Science-Fiction),https://www.amazon.fr/Enfants-dIcare-Science-Fiction-Arthur-Clarke-ebook/dp/B00E806D8G/ref=sr_1_21,"5,99 €",Arthur C. Clarke,"4,3 sur 5 étoiles, détails de l’évaluation",,"de Arthur C. Clarke , Michel Deutsch, et al. | 26 septembre 2013",,,,,,,,,,Science-Fiction,,,,2025-09-04T09:08:42.133776,66.0
Ubik,https://www.amazon.fr/Ubik/dp/B092W5QWLX/ref=sr_1_22,"0,00 €",Livres audio Audible,"4,5 sur 5 étoiles, détails de l’évaluation",,"de Philip K. Dick, Damien Witecka, et al.",,,,,,,,,,Science-Fiction,,,,2025-09-04T09:08:42.135340,66.0
Bernard Werber présente 20 récits d'anticipation et de science-fiction - Classiques et Contemporains: Progrès et rêves scientifiques,https://www.amazon.fr/Bernard-Werber-pr%C3%A9sente-danticipation-science-fiction/dp/2210750474/ref=sr_1_15,"5,40 €",Bernard Werber,"4,5 sur 5 étoiles, détails de l’évaluation",,"de Collectif, Bernard Werber , et al. | 22 avril 2016",,,,,,,,,,Science-Fiction,,,,2025-09-04T09:12:51.946116,122.0
Le boyfriend,https://www.amazon.fr/boyfriend-Freida-McFadden/dp/2824627158/ref=sr_1_16,"22,00 €",Freida McFadden,Note non disponible,,de Freida McFadden  | 8 octobre 2025,,,,,,,,,,Science-Fiction,,,,2025-09-04T09:12:51.949302,122.0
Lie Au Prince Du Vide: Une Romance De Science-fiction Sombre Entre Compagnons Prédestinés Extraterrestres,https://www.amazon.fr/Lie-Prince-Vide-Science-fiction-Extraterrestres-ebook/dp/B0FNXRMNT5/ref=sr_1_7,Prix non disponible,de Declan Sidaway | 26 août 2025,Note non disponible,,de Declan Sidaway | 26 août 2025,,,,,,,,,,Science-Fiction,,,,2025-09-04T09:16:48.643573,176.0
Le Compagnon Télépathiqu E De L'alien: Une Romance De Science-fiction Torride Et Télépathique Entre Compagnons Du Destin,https://www.amazon.fr/Compagnon-T%C3%A9l%C3%A9pathiqu-Lalien-Science-fiction-T%C3%A9l%C3%A9pathique-ebook/dp/B0FP8XV9VY/ref=sr_1_10,Prix non disponible,de Declan Sidaway | 29 août 2025,Note non disponible,,de Declan Sidaway | 29 août 2025,,,,,,,,,,Science-Fiction,,,,2025-09-04T09:16:48.650483,176.0
Fondation: Le Cycle de Fondation 1,https://www.amazon.fr/Fondation-Cycle-1/dp/B07NVLB8SS/ref=sr_1_11,"0,00 €",Livres audio Audible,"4,6 sur 5 étoiles, détails de l’évaluation",,"de Isaac Asimov, Stéphane Ronchewski, et al.",,,,,,,,,,Science-Fiction,,,,2025-09-04T09:16:48.653434,176.0
Le Lien Empathique Alien: Une Romance De Science-fiction Sur Un Guerrier Extraterrestre,https://www.amazon.fr/Lien-Empathique-Alien-Science-fiction-Extraterrestre-ebook/dp/B0FP41HF4Z/ref=sr_1_12,Prix non disponible,de Declan  Sidaway | 27 août 2025,Note non disponible,,de Declan  Sidaway | 27 août 2025,,,,,,,,,,Science-Fiction,,,,2025-09-04T09:16:48.655105,176.0
Colonisation - Tome 01: Les naufragés de l'espace,https://www.amazon.fr/Colonisation-naufrag%C3%A9s-lespace-Denis-Pierre-Filippi/dp/2723499189/ref=sr_1_13,"15,00 €",Denis-Pierre Filippi,"4,4 sur 5 étoiles, détails de l’évaluation",,de Denis-Pierre Filippi  et Vincenzo Cucca | 10 janvier 2018,,,,,,,,,,Science-Fiction,,,,2025-09-04T09:16:48.657435,176.0
Trois portes vers l’Innommable: H.P. Lovecraft 's Miskatonic Archives (HP Lovecraft : Miskatonic Archives t. 1),https://www.amazon.fr/Trois-portes-vers-lInnommable-Miskatonic-ebook/dp/B0F74SZLDQ/ref=sr_1_18,"8,50 €",de JF MORLAES | 30 avril 2025,"4,6 sur 5 étoiles, détails de l’évaluation",,de JF MORLAES | 30 avril 2025,,,,,,,,,,Science-Fiction,,,,2025-09-04T09:17:24.879680,184.0
"Attaque Extraterrestre (Les Chroniques de l’Invasion, Tome 1) : Un Thriller de Science-fiction",https://www.amazon.fr/Attaque-Extraterrestre-Chroniques-lInvasion-Science-fiction-ebook/dp/B07D7GB3MX/ref=sr_1_1,"0,00 €",Morgan Rice,"4,0 sur 5 étoiles, détails de l’évaluation",,de Morgan Rice  | 26 juin 2018,,,,,,,,,,Science-Fiction,,,,2025-09-04T09:22:25.867743,254.0
3 nouvelles de science-fiction,https://www.amazon.fr/3-nouvelles-science-fiction-Ray-Bradbury/dp/B08924GFQF/ref=sr_1_2,"3,95 €",Isaac Asimov,"4,5 sur 5 étoiles, détails de l’évaluation",,"de Isaac Asimov , Ray Bradbury, et al. | 25 novembre 2020",,,,,,,,,,Science-Fiction,,,,2025-09-04T09:22:25.870223,254.0
Outsphere,https://www.amazon.fr/Outsphere-Guy-Roger-Duvert/dp/1794329897/ref=sr_1_3,"19,99 €",Guy-Roger Duvert,"4,3 sur 5 étoiles, détails de l’évaluation",,de Guy-Roger Duvert  et Benjamin Sjöberg | 2 mai 2019,,,,,,,,,,Science-Fiction,,,,2025-09-04T09:22:25.873183,254.0
Lie Au Prince Du Vide: Une Romance De Science-fiction Sombre Entre Compagnons Prédestinés Extraterrestres,https://www.amazon.fr/Lie-Prince-Vide-Science-fiction-Extraterrestres-ebook/dp/B0FNXRMNT5/ref=sr_1_4,Prix non disponible,de Declan Sidaway | 26 août 2025,Note non disponible,,de Declan Sidaway | 26 août 2025,,,,,,,,,,Science-Fiction,,,,2025-09-04T09:22:25.874925,254.0
Le Compagnon Télépathiqu E De L'alien: Une Romance De Science-fiction Torride Et Télépathique Entre Compagnons Du Destin,https://www.amazon.fr/Compagnon-T%C3%A9l%C3%A9pathiqu-Lalien-Science-fiction-T%C3%A9l%C3%A9pathique-ebook/dp/B0FP8XV9VY/ref=sr_1_5,Prix non disponible,de Declan Sidaway | 29 août 2025,Note non disponible,,de Declan Sidaway | 29 août 2025,,,,,,,,,,Science-Fiction,,,,2025-09-04T09:22:25.876668,254.0
Fondation: Le Cycle de Fondation 1,https://www.amazon.fr/Fondation-Cycle-1/dp/B07NVLB8SS/ref=sr_1_6,"0,00 €",Livres audio Audible,"4,6 sur 5 étoiles, détails de l’évaluation",,"de Isaac Asimov, Stéphane Ronchewski, et al.",,,,,,,,,,Science-Fiction,,,,2025-09-04T09:22:25.879725,254.0
Colonisation - Tome 01: Les naufragés de l'espace,https://www.amazon.fr/Colonisation-naufrag%C3%A9s-lespace-Denis-Pierre-Filippi/dp/2723499189/ref=sr_1_7,"15,00 €",Denis-Pierre Filippi,"4,4 sur 5 étoiles, détails de l’évaluation",,de Denis-Pierre Filippi  et Vincenzo Cucca | 10 janvier 2018,,,,,,,,,,Science-Fiction,,,,2025-09-04T09:22:25.882001,254.0
Le Lien Empathique Alien: Une Romance De Science-fiction Sur Un Guerrier Extraterrestre,https://www.amazon.fr/Lien-Empathique-Alien-Science-fiction-Extraterrestre-ebook/dp/B0FP41HF4Z/ref=sr_1_8,Prix non disponible,de Declan  Sidaway | 27 août 2025,Note non disponible,,de Declan  Sidaway | 27 août 2025,,,,,,,,,,Science-Fiction,,,,2025-09-04T09:22:25.883610,254.0
Bernard Werber présente 20 récits d'anticipation et de science-fiction - Classiques et Contemporains: Progrès et rêves scientifiques,https://www.amazon.fr/Bernard-Werber-pr%C3%A9sente-danticipation-science-fiction/dp/2210750474/ref=sr_1_9,"5,40 €",Bernard Werber,"4,5 sur 5 étoiles, détails de l’évaluation",,"de Collectif, Bernard Werber , et al. | 22 avril 2016",,,,,,,,,,Science-Fiction,,,,2025-09-04T09:22:25.885279,254.0
Le boyfriend,https://www.amazon.fr/boyfriend-Freida-McFadden/dp/2824627158/ref=sr_1_10,"22,00 €",Freida McFadden,Note non disponible,,de Freida McFadden  | 8 octobre 2025,,,,,,,,,,Science-Fiction,,,,2025-09-04T09:22:25.888004,254.0
Les Dieux eux-mêmes,https://www.amazon.fr/Dieux-eux-m%C3%AAmes-Isaac-Asimov/dp/2070419770/ref=sr_1_11,"10,00 €",Isaac Asimov,"4,7 sur 5 étoiles, détails de l’évaluation",,"de Isaac Asimov , Jane Fillion, et al. | 4 décembre 2002",,,,,,,,,,Science-Fiction,,,,2025-09-04T09:22:25.889667,254.0
Trois portes vers l’Innommable: H.P. Lovecraft 's Miskatonic Archives (HP Lovecraft : Miskatonic Archives t. 1),https://www.amazon.fr/Trois-portes-vers-lInnommable-Miskatonic-ebook/dp/B0F74SZLDQ/ref=sr_1_12,"8,50 €",de JF MORLAES | 30 avril 2025,"4,6 sur 5 étoiles, détails de l’évaluation",,de JF MORLAES | 30 avril 2025,,,,,,,,,,Science-Fiction,,,,2025-09-04T09:22:25.891681,254.0
Colonie Une Mars (Colonie Mars t. 1),https://www.amazon.fr/Colonie-Une-Mars-t-ebook/dp/B0F2SKKGK8/ref=sr_1_13,"13,70 €",Gerald M. Kilby,"4,4 sur 5 étoiles, détails de l’évaluation",,de Gerald M. Kilby  et Justine Piret | 27 mars 2025,,,,,,,,,,Science-Fiction,,,,2025-09-04T09:22:25.893327,254.0
Le Grand Vaisseau,https://www.amazon.fr/Grand-Vaisseau-Robert-Reed/dp/2253195022/ref=sr_1_14,"8,60 €",de Robert Reed | 23 avril 2014,"3,5 sur 5 étoiles, détails de l’évaluation",,de Robert Reed | 23 avril 2014,,,,,,,,,,Science-Fiction,,,,2025-09-04T09:22:25.895970,254.0
Les Enfants d'Icare,https://www.amazon.fr/Enfants-dIcare-Arthur-C-Clarke/dp/281120945X/ref=sr_1_15,"8,95 €",Arthur C. Clarke,"4,3 sur 5 étoiles, détails de l’évaluation",,de Arthur C. Clarke  et Michel Deutsch | 26 septembre 2013,,,,,,,,,,Science-Fiction,,,,2025-09-04T09:22:25.898154,254.0
Ubik,https://www.amazon.fr/Ubik-Philip-K-Dick/dp/2290382647/ref=sr_1_16,"7,40 €",Philip K. Dick,"4,5 sur 5 étoiles, détails de l’évaluation",,de Philip K. Dick  et Hélène Collon | 4 janvier 2023,,,,,,,,,,Science-Fiction,,,,2025-09-04T09:22:25.901029,254.0
Colonisation - Tome 01: Les naufragés de l'espace,https://www.amazon.fr/Colonisation-naufrag%C3%A9s-lespace-Denis-Pierre-Filippi/dp/2723499189/ref=sr_1_11,"15,00 €",Denis-Pierre Filippi,"4,4 sur 5 étoiles, détails de l’évaluation",,de Denis-Pierre Filippi  et Vincenzo Cucca | 10 janvier 2018,,,,,,,,,,Science-Fiction,,,,2025-09-04T09:37:28.670397,458.0
Bernard Werber présente 20 récits d'anticipation et de science-fiction - Classiques et Contemporains: Progrès et rêves scientifiques,https://www.amazon.fr/Bernard-Werber-pr%C3%A9sente-danticipation-science-fiction/dp/2210750474/ref=sr_1_13,"5,40 €",Bernard Werber,"4,5 sur 5 étoiles, détails de l’évaluation",,"de Collectif, Bernard Werber , et al. | 22 avril 2016",,,,,,,,,,Science-Fiction,,,,2025-09-04T09:37:28.673770,458.0
Les Dieux eux-mêmes,https://www.amazon.fr/Dieux-eux-m%C3%AAmes-Isaac-Asimov/dp/2070419770/ref=sr_1_15,"10,00 €",Isaac Asimov,"4,7 sur 5 étoiles, détails de l’évaluation",,"de Isaac Asimov , Jane Fillion, et al. | 4 décembre 2002",,,,,,,,,,Science-Fiction,,,,2025-09-04T09:37:28.677784,458.0
Trois portes vers l’Innommable: H.P. Lovecraft 's Miskatonic Archives (HP Lovecraft : Miskatonic Archives t. 1),https://www.amazon.fr/Trois-portes-vers-lInnommable-Miskatonic-ebook/dp/B0F74SZLDQ/ref=sr_1_17,"8,50 €",de JF MORLAES | 30 avril 2025,"4,6 sur 5 étoiles, détails de l’évaluation",,de JF MORLAES | 30 avril 2025,,,,,,,,,,Science-Fiction,,,,2025-09-04T09:37:28.682763,458.0
Colonie Une Mars (Colonie Mars t. 1),https://www.amazon.fr/Colonie-Une-Mars-t-ebook/dp/B0F2SKKGK8/ref=sr_1_18,"13,70 €",Gerald M. Kilby,"4,4 sur 5 étoiles, détails de l’évaluation",,de Gerald M. Kilby  et Justine Piret | 27 mars 2025,,,,,,,,,,Science-Fiction,,,,2025-09-04T09:37:28.684554,458.0
Le Grand Vaisseau,https://www.amazon.fr/Grand-Vaisseau-Robert-Reed/dp/2253195022/ref=sr_1_19,"8,60 €",de Robert Reed | 23 avril 2014,"3,5 sur 5 étoiles, détails de l’évaluation",,de Robert Reed | 23 avril 2014,,,,,,,,,,Science-Fiction,,,,2025-09-04T09:37:28.687271,458.0
Les Enfants d'Icare,https://www.amazon.fr/Enfants-dIcare-Arthur-C-Clarke/dp/281120945X/ref=sr_1_20,"8,95 €",Arthur C. Clarke,"4,3 sur 5 étoiles, détails de l’évaluation",,de Arthur C. Clarke  et Michel Deutsch | 26 septembre 2013,,,,,,,,,,Science-Fiction,,,,2025-09-04T09:37:28.689528,458.0
Ubik,https://www.amazon.fr/Ubik-Philip-K-Dick/dp/2290382647/ref=sr_1_21,"7,40 €",Philip K. Dick,"4,5 sur 5 étoiles, détails de l’évaluation",,de Philip K. Dick  et Hélène Collon | 4 janvier 2023,,,,,,,,,,Science-Fiction,,,,2025-09-04T09:37:28.692500,458.0
"Salvation, T1 : Les Portes de la délivrance",https://www.amazon.fr/Portes-d%C3%A9livrance-Salvation-T1-ebook/dp/B07HQQYJXC/ref=sr_1_22,"6,99 €",Peter F. Hamilton,"4,3 sur 5 étoiles, détails de l’évaluation",,de Peter F. Hamilton  et Nenad Savic | 3 novembre 2021,,,,,,,,,,Science-Fiction,,,,2025-09-04T09:37:28.695402,458.0
Le Lien Empathique Alien: Une Romance De Science-fiction Sur Un Guerrier Extraterrestre,https://www.amazon.fr/Lien-Empathique-Alien-Science-fiction-Extraterrestre-ebook/dp/B0FP41HF4Z/ref=sr_1_11,Prix non disponible,de Declan  Sidaway | 27 août 2025,Note non disponible,,de Declan  Sidaway | 27 août 2025,,,,,,,,,,Science-Fiction,,,,2025-09-04T09:40:13.509396,493.0
Les Dieux eux-mêmes,https://www.amazon.fr/Dieux-eux-m%C3%AAmes-Isaac-Asimov/dp/2070419770/ref=sr_1_16,"10,00 €",Isaac Asimov,"4,7 sur 5 étoiles, détails de l’évaluation",,"de Isaac Asimov , Jane Fillion, et al. | 4 décembre 2002",,,,,,,,,,Science-Fiction,,,,2025-09-04T09:40:13.520381,493.0
La Fabrique des lendemains,https://www.amazon.fr/Fabrique-lendemains-Rich-Larson/dp/2253106925/ref=sr_1_17,"9,90 €",Rich Larson,"4,3 sur 5 étoiles, détails de l’évaluation",,de Rich Larson  | 4 janvier 2023,,,,,,,,,,Science-Fiction,,,,2025-09-04T09:40:13.523366,493.0
Bernard Werber présente 20 récits d'anticipation et de science-fiction - Classiques et Contemporains: Progrès et rêves scientifiques,https://www.amazon.fr/Bernard-Werber-pr%C3%A9sente-danticipation-science-fiction/dp/2210750474/ref=sr_1_12,"5,40 €",Bernard Werber,"4,5 sur 5 étoiles, détails de l’évaluation",,"de Collectif, Bernard Werber , et al. | 22 avril 2016",,,,,,,,,,Science-Fiction,,,,2025-09-04T09:42:38.395407,526.0
Les Dieux eux-mêmes,https://www.amazon.fr/Dieux-eux-m%C3%AAmes-Isaac-Asimov/dp/2070419770/ref=sr_1_13,"10,00 €",Isaac Asimov,"4,7 sur 5 étoiles, détails de l’évaluation",,"de Isaac Asimov , Jane Fillion, et al. | 4 décembre 2002",,,,,,,,,,Science-Fiction,,,,2025-09-04T09:42:38.397162,526.0
Trois portes vers l’Innommable: H.P. Lovecraft 's Miskatonic Archives (HP Lovecraft : Miskatonic Archives t. 1),https://www.amazon.fr/Trois-portes-vers-lInnommable-Miskatonic-ebook/dp/B0F74SZLDQ/ref=sr_1_16,"8,50 €",de JF MORLAES | 30 avril 2025,"4,6 sur 5 étoiles, détails de l’évaluation",,de JF MORLAES | 30 avril 2025,,,,,,,,,,Science-Fiction,,,,2025-09-04T09:42:38.404286,526.0
Colonie Une Mars (Colonie Mars t. 1),https://www.amazon.fr/Colonie-Une-Mars-t-ebook/dp/B0F2SKKGK8/ref=sr_1_17,"13,70 €",Gerald M. Kilby,"4,4 sur 5 étoiles, détails de l’évaluation",,de Gerald M. Kilby  et Justine Piret | 27 mars 2025,,,,,,,,,,Science-Fiction,,,,2025-09-04T09:42:38.405991,526.0
Le Grand Vaisseau,https://www.amazon.fr/Grand-Vaisseau-Robert-Reed/dp/2253195022/ref=sr_1_18,"8,60 €",de Robert Reed | 23 avril 2014,"3,5 sur 5 étoiles, détails de l’évaluation",,de Robert Reed | 23 avril 2014,,,,,,,,,,Science-Fiction,,,,2025-09-04T09:42:38.408697,526.0
Les Enfants d'Icare,https://www.amazon.fr/Enfants-dIcare-Arthur-C-Clarke/dp/281120945X/ref=sr_1_19,"8,95 €",Arthur C. Clarke,"4,3 sur 5 étoiles, détails de l’évaluation",,de Arthur C. Clarke  et Michel Deutsch | 26 septembre 2013,,,,,,,,,,Science-Fiction,,,,2025-09-04T09:42:38.410953,526.0
Ubik,https://www.amazon.fr/Ubik-Philip-K-Dick/dp/2290382647/ref=sr_1_20,"7,40 €",Philip K. Dick,"4,5 sur 5 étoiles, détails de l’évaluation",,de Philip K. Dick  et Hélène Collon | 4 janvier 2023,,,,,,,,,,Science-Fiction,,,,2025-09-04T09:42:38.413911,526.0
"Salvation, T1 : Les Portes de la délivrance",https://www.amazon.fr/Portes-d%C3%A9livrance-Salvation-T1-ebook/dp/B07HQQYJXC/ref=sr_1_21,"6,99 €",Peter F. Hamilton,"4,3 sur 5 étoiles, détails de l’évaluation",,de Peter F. Hamilton  et Nenad Savic | 3 novembre 2021,,,,,,,,,,Science-Fiction,,,,2025-09-04T09:42:38.416799,526.0
Vaisseau Triton: La Guerre Des Descendants Livre 1,https://www.amazon.fr/Vaisseau-Triton-Guerre-Descendants-Livre-ebook/dp/B0FB42MH8T/ref=sr_1_22,"16,83 €",John Walker,"4,2 sur 5 étoiles, détails de l’évaluation",,de John Walker  | 27 mai 2025,,,,,,,,,,Science-Fiction,,,,2025-09-04T09:42:38.418553,526.0
Colonie Une Mars,https://www.amazon.fr/Colonie-Une-Mars-Gerald-Kilby/dp/B0F4QKLQBC/ref=sr_1_17,"13,70 €",Gerald M. Kilby,"4,4 sur 5 étoiles, détails de l’évaluation",,de Gerald M. Kilby  et Justine Piret | 13 avril 2025,,,,,,,,,,Science-Fiction,,,,2025-09-04T09:46:25.971459,575.0
Les Enfants d'Icare (Science-Fiction),https://www.amazon.fr/Enfants-dIcare-Science-Fiction-Arthur-Clarke-ebook/dp/B00E806D8G/ref=sr_1_19,"5,99 €",Arthur C. Clarke,"4,3 sur 5 étoiles, détails de l’évaluation",,"de Arthur C. Clarke , Michel Deutsch, et al. | 26 septembre 2013",,,,,,,,,,Science-Fiction,,,,2025-09-04T09:46:25.975053,575.0
Ubik,https://www.amazon.fr/Ubik/dp/B092W5QWLX/ref=sr_1_20,"0,00 €",Livres audio Audible,"4,5 sur 5 étoiles, détails de l’évaluation",,"de Philip K. Dick, Damien Witecka, et al.",,,,,,,,,,Science-Fiction,,,,2025-09-04T09:46:25.976506,575.0
"Salvation, T1 : Les Portes de la délivrance",https://www.amazon.fr/Salvation-T1-d%C3%A9livrance-Peter-Hamilton/dp/B09871PKC4/ref=sr_1_21,"8,90 €",Peter F. Hamilton,"4,3 sur 5 étoiles, détails de l’évaluation",,de Peter F. Hamilton  et Nenad Savic | 3 novembre 2021,,,,,,,,,,Science-Fiction,,,,2025-09-04T09:46:25.978237,575.0
Colonisation - Tome 01: Les naufragés de l'espace,https://www.amazon.fr/Colonisation-naufrag%C3%A9s-lespace-Denis-Pierre-Filippi/dp/2723499189/ref=sr_1_10,"15,00 €",Denis-Pierre Filippi,"4,4 sur 5 étoiles, détails de l’évaluation",,de Denis-Pierre Filippi  et Vincenzo Cucca | 10 janvier 2018,,,,,,,,,,Science-Fiction,,,,2025-09-04T09:49:19.880363,613.0
La Fabrique des lendemains,https://www.amazon.fr/Fabrique-lendemains-Rich-Larson/dp/2253106925/ref=sr_1_15,"9,90 €",Rich Larson,"4,3 sur 5 étoiles, détails de l’évaluation",,de Rich Larson  | 4 janvier 2023,,,,,,,,,,Science-Fiction,,,,2025-09-04T09:49:19.892220,613.0
"Salvation, T1 : Les Portes de la délivrance",https://www.amazon.fr/Portes-d%C3%A9livrance-Salvation-T1-ebook/dp/B07HQQYJXC/ref=sr_1_20,"6,99 €",Peter F. Hamilton,"4,3 sur 5 étoiles, détails de l’évaluation",,de Peter F. Hamilton  et Nenad Savic | 3 novembre 2021,,,,,,,,,,Science-Fiction,,,,2025-09-04T09:49:19.904762,613.0
Projet Dernière Chance,https://www.amazon.fr/Projet-Derni%C3%A8re-Chance-Andy-Weir/dp/B0B5KP9NCL/ref=sr_1_22,"9,95 €",Andy Weir,"4,6 sur 5 étoiles, détails de l’évaluation",,de Andy Weir  | 5 octobre 2022,,,,,,,,,,Science-Fiction,,,,2025-09-04T09:49:19.910600,613.0
Colonisation - Tome 01: Les naufragés de l'espace,https://www.amazon.fr/Colonisation-naufrag%C3%A9s-lespace-Denis-Pierre-Filippi/dp/2723499189/ref=sr_1_5,"15,00 €",Denis-Pierre Filippi,"4,4 sur 5 étoiles, détails de l’évaluation",,de Denis-Pierre Filippi  et Vincenzo Cucca | 10 janvier 2018,,,,,,,,,,Science-Fiction,,,,2025-09-04T09:50:46.142619,632.0
Bernard Werber présente 20 récits d'anticipation et de science-fiction - Classiques et Contemporains: Progrès et rêves scientifiques,https://www.amazon.fr/Bernard-Werber-pr%C3%A9sente-danticipation-science-fiction/dp/2210750474/ref=sr_1_7,"5,40 €",Bernard Werber,"4,5 sur 5 étoiles, détails de l’évaluation",,"de Collectif, Bernard Werber , et al. | 22 avril 2016",,,,,,,,,,Science-Fiction,,,,2025-09-04T09:50:46.147191,632.0
Les Dieux eux-mêmes,https://www.amazon.fr/Dieux-eux-m%C3%AAmes-Isaac-Asimov/dp/2070419770/ref=sr_1_8,"10,00 €",Isaac Asimov,"4,7 sur 5 étoiles, détails de l’évaluation",,"de Isaac Asimov , Jane Fillion, et al. | 4 décembre 2002",,,,,,,,,,Science-Fiction,,,,2025-09-04T09:50:46.148817,632.0
La Fabrique des lendemains,https://www.amazon.fr/Fabrique-lendemains-Rich-Larson/dp/2253106925/ref=sr_1_9,"9,90 €",Rich Larson,"4,3 sur 5 étoiles, détails de l’évaluation",,de Rich Larson  | 4 janvier 2023,,,,,,,,,,Science-Fiction,,,,2025-09-04T09:50:46.151701,632.0
Colonie Une Mars (Colonie Mars t. 1),https://www.amazon.fr/Colonie-Une-Mars-t-ebook/dp/B0F2SKKGK8/ref=sr_1_11,"13,70 €",Gerald M. Kilby,"4,4 sur 5 étoiles, détails de l’évaluation",,de Gerald M. Kilby  et Justine Piret | 27 mars 2025,,,,,,,,,,Science-Fiction,,,,2025-09-04T09:50:46.156137,632.0
Le Grand Vaisseau,https://www.amazon.fr/Grand-Vaisseau-Robert-Reed/dp/2253195022/ref=sr_1_12,"8,60 €",de Robert Reed | 23 avril 2014,"3,5 sur 5 étoiles, détails de l’évaluation",,de Robert Reed | 23 avril 2014,,,,,,,,,,Science-Fiction,,,,2025-09-04T09:50:46.158808,632.0
Les Enfants d'Icare,https://www.amazon.fr/Enfants-dIcare-Arthur-C-Clarke/dp/281120945X/ref=sr_1_13,"8,95 €",Arthur C. Clarke,"4,3 sur 5 étoiles, détails de l’évaluation",,de Arthur C. Clarke  et Michel Deutsch | 26 septembre 2013,,,,,,,,,,Science-Fiction,,,,2025-09-04T09:50:46.161038,632.0
"Salvation, T1 : Les Portes de la délivrance",https://www.amazon.fr/Portes-d%C3%A9livrance-Salvation-T1-ebook/dp/B07HQQYJXC/ref=sr_1_14,"6,99 €",Peter F. Hamilton,"4,3 sur 5 étoiles, détails de l’évaluation",,de Peter F. Hamilton  et Nenad Savic | 3 novembre 2021,,,,,,,,,,Science-Fiction,,,,2025-09-04T09:50:46.163883,632.0
Ubik,https://www.amazon.fr/Ubik-Philip-K-Dick/dp/2290382647/ref=sr_1_15,"7,40 €",Philip K. Dick,"4,5 sur 5 étoiles, détails de l’évaluation",,de Philip K. Dick  et Hélène Collon | 4 janvier 2023,,,,,,,,,,Science-Fiction,,,,2025-09-04T09:50:46.166811,632.0
Projet Dernière Chance,https://www.amazon.fr/Projet-Derni%C3%A8re-Chance-Andy-Weir/dp/B0B5KP9NCL/ref=sr_1_16,"9,95 €",Andy Weir,"4,6 sur 5 étoiles, détails de l’évaluation",,de Andy Weir  | 5 octobre 2022,,,,,,,,,,Science-Fiction,,,,2025-09-04T09:50:46.169561,632.0
Bernard Werber présente 20 récits d'anticipation et de science-fiction - Classiques et Contemporains: Progrès et rêves scientifiques,https://www.amazon.fr/Bernard-Werber-pr%C3%A9sente-danticipation-science-fiction/dp/2210750474/ref=sr_1_11,"5,40 €",Bernard Werber,"4,5 sur 5 étoiles, détails de l’évaluation",,"de Collectif, Bernard Werber , et al. | 22 avril 2016",,,,,,,,,,Science-Fiction,,,,2025-09-04T10:19:13.502386,996.0
Les Dieux eux-mêmes,https://www.amazon.fr/Dieux-eux-m%C3%AAmes-Isaac-Asimov/dp/2070419770/ref=sr_1_12,"10,00 €",Isaac Asimov,"4,7 sur 5 étoiles, détails de l’évaluation",,"de Isaac Asimov , Jane Fillion, et al. | 4 décembre 2002",,,,,,,,,,Science-Fiction,,,,2025-09-04T10:19:13.504096,996.0
La Fabrique des lendemains,https://www.amazon.fr/Fabrique-lendemains-Rich-Larson/dp/2253106925/ref=sr_1_13,"9,90 €",Rich Larson,"4,3 sur 5 étoiles, détails de l’évaluation",,de Rich Larson  | 4 janvier 2023,,,,,,,,,,Science-Fiction,,,,2025-09-04T10:19:13.507063,996.0
Colonie Une Mars (Colonie Mars t. 1),https://www.amazon.fr/Colonie-Une-Mars-t-ebook/dp/B0F2SKKGK8/ref=sr_1_16,"13,70 €",Gerald M. Kilby,"4,4 sur 5 étoiles, détails de l’évaluation",,de Gerald M. Kilby  et Justine Piret | 27 mars 2025,,,,,,,,,,Science-Fiction,,,,2025-09-04T10:19:13.514079,996.0
Le Grand Vaisseau,https://www.amazon.fr/Grand-Vaisseau-Robert-Reed/dp/2253195022/ref=sr_1_17,"8,60 €",de Robert Reed | 23 avril 2014,"3,5 sur 5 étoiles, détails de l’évaluation",,de Robert Reed | 23 avril 2014,,,,,,,,,,Science-Fiction,,,,2025-09-04T10:19:13.516719,996.0
Les Enfants d'Icare,https://www.amazon.fr/Enfants-dIcare-Arthur-C-Clarke/dp/281120945X/ref=sr_1_18,"8,95 €",Arthur C. Clarke,"4,3 sur 5 étoiles, détails de l’évaluation",,de Arthur C. Clarke  et Michel Deutsch | 26 septembre 2013,,,,,,,,,,Science-Fiction,,,,2025-09-04T10:19:13.518905,996.0
"Salvation, T1 : Les Portes de la délivrance",https://www.amazon.fr/Portes-d%C3%A9livrance-Salvation-T1-ebook/dp/B07HQQYJXC/ref=sr_1_19,"6,99 €",Peter F. Hamilton,"4,3 sur 5 étoiles, détails de l’évaluation",,de Peter F. Hamilton  et Nenad Savic | 3 novembre 2021,,,,,,,,,,Science-Fiction,,,,2025-09-04T10:19:13.521743,996.0
Vaisseau Triton: La Guerre Des Descendants Livre 1,https://www.amazon.fr/Vaisseau-Triton-Guerre-Descendants-Livre-ebook/dp/B0FB42MH8T/ref=sr_1_20,"16,83 €",John Walker,"4,2 sur 5 étoiles, détails de l’évaluation",,de John Walker  | 27 mai 2025,,,,,,,,,,Science-Fiction,,,,2025-09-04T10:19:13.523493,996.0
"Silo (Silo, Tome 1)",https://www.amazon.fr/Silo-1-Hugh-Howey/dp/2253183539/ref=sr_1_21,"10,20 €",Hugh Howey,"4,6 sur 5 étoiles, détails de l’évaluation",,de Hugh Howey  | 13 janvier 2016,,,,,,,,,,Science-Fiction,,,,2025-09-04T10:19:13.526453,996.0
Colonie Une Mars,https://www.amazon.fr/Colonie-Une-Mars-Gerald-Kilby/dp/B0F4QKLQBC/ref=sr_1_16,"13,70 €",Gerald M. Kilby,"4,4 sur 5 étoiles, détails de l’évaluation",,de Gerald M. Kilby  et Justine Piret | 13 avril 2025,,,,,,,,,,Science-Fiction,,,,2025-09-04T10:23:39.348229,1051.0
Les Enfants d'Icare (Science-Fiction),https://www.amazon.fr/Enfants-dIcare-Science-Fiction-Arthur-Clarke-ebook/dp/B00E806D8G/ref=sr_1_18,"5,99 €",Arthur C. Clarke,"4,3 sur 5 étoiles, détails de l’évaluation",,"de Arthur C. Clarke , Michel Deutsch, et al. | 26 septembre 2013",,,,,,,,,,Science-Fiction,,,,2025-09-04T10:23:39.352468,1051.0
"Salvation, T1 : Les Portes de la délivrance",https://www.amazon.fr/Salvation-T1-d%C3%A9livrance-Peter-Hamilton/dp/B09871PKC4/ref=sr_1_19,"8,90 €",Peter F. Hamilton,"4,3 sur 5 étoiles, détails de l’évaluation",,de Peter F. Hamilton  et Nenad Savic | 3 novembre 2021,,,,,,,,,,Science-Fiction,,,,2025-09-04T10:23:39.354253,1051.0
Trois portes vers l’Innommable: H.P. Lovecraft 's Miskatonic Archives (HP Lovecraft : Miskatonic Archives t. 1),https://www.amazon.fr/Trois-portes-vers-lInnommable-Miskatonic-ebook/dp/B0F74SZLDQ/ref=sr_1_13,"8,50 €",de JF MORLAES | 30 avril 2025,"4,6 sur 5 étoiles, détails de l’évaluation",,de JF MORLAES | 30 avril 2025,,,,,,,,,,Science-Fiction,,,,2025-09-04T10:25:48.047845,1079.0
Le Grand Vaisseau,https://www.amazon.fr/Grand-Vaisseau-Robert-Reed/dp/2253195022/ref=sr_1_16,"8,60 €",de Robert Reed | 23 avril 2014,"3,5 sur 5 étoiles, détails de l’évaluation",,de Robert Reed | 23 avril 2014,,,,,,,,,,Science-Fiction,,,,2025-09-04T10:25:48.055668,1079.0
RÉGÉNÉRATION - L’amour maternel contre l’intelligence artificielle médicale: Roman Thriller Bioéthique - Une mère face à son enfant devenu intelligence ... Par Pablo Delebel Book 3) (English Edition),https://www.amazon.fr/R%C3%89G%C3%89N%C3%89RATION-lintelligence-artificielle-Bio%C3%A9thique-intelligence-ebook/dp/B0FMKSDV1B/ref=sr_1_6,"10,54 €",Pablo DELEBEL,Note non disponible,,Édition en Anglais | de Pablo DELEBEL  | 14 août 2025,,,,,,,,,,Science-Fiction,,,,2025-09-04T11:35:59.530427,1330.0
Outsphere,https://www.amazon.fr/Outsphere-Guy-Roger-Duvert/dp/1794329897/ref=sr_1_7,"19,99 €",Guy-Roger Duvert,"4,3 sur 5 étoiles, détails de l’évaluation",,de Guy-Roger Duvert  et Benjamin Sjöberg | 2 mai 2019,,,,,,,,,,Science-Fiction,,,,2025-09-04T11:35:59.533266,1330.0
Ai-Ruh : Le Chaos Divin: Le thriller de science-fiction qui vous fera douter de la réalité,https://www.amazon.fr/Ai-Ruh-thriller-science-fiction-douter-r%C3%A9alit%C3%A9/dp/B0FMJB8T79/ref=sr_1_12,"8,99 €",Yann Le Scribe des Murmures,"5,0 sur 5 étoiles, détails de l’évaluation",,de Yann Le Scribe des Murmures  | 13 août 2025,,,,,,,,,,Science-Fiction,,,,2025-09-04T11:35:59.546295,1330.0
Le boyfriend,https://www.amazon.fr/boyfriend-Freida-McFadden/dp/2824627158/ref=sr_1_17,"22,00 €",Freida McFadden,Note non disponible,,de Freida McFadden  | 8 octobre 2025,,,,,,,,,,Science-Fiction,,,,2025-09-04T11:35:59.557038,1330.0
RÉGÉNÉRATION - L’amour maternel contre l’intelligence artificielle médicale: Roman Thriller Bioéthique - Une mère face à son enfant devenu intelligence ... Par Pablo Delebel Book 3) (English Edition),https://www.amazon.fr/R%C3%89G%C3%89N%C3%89RATION-lintelligence-artificielle-Bio%C3%A9thique-intelligence-ebook/dp/B0FMKSDV1B/ref=sr_1_3,"10,54 €",Pablo DELEBEL,Note non disponible,,Édition en Anglais | de Pablo DELEBEL  | 14 août 2025,,,,,,,,,,Science-Fiction,,,,2025-09-04T11:48:50.727292,1479.0
Outsphere,https://www.amazon.fr/Outsphere-Guy-Roger-Duvert/dp/1794329897/ref=sr_1_4,"19,99 €",Guy-Roger Duvert,"4,3 sur 5 étoiles, détails de l’évaluation",,de Guy-Roger Duvert  et Benjamin Sjöberg | 2 mai 2019,,,,,,,,,,Science-Fiction,,,,2025-09-04T11:48:50.730469,1479.0
Ai-Ruh : Le Chaos Divin: Le thriller de science-fiction qui vous fera douter de la réalité,https://www.amazon.fr/Ai-Ruh-thriller-science-fiction-douter-r%C3%A9alit%C3%A9/dp/B0FMJB8T79/ref=sr_1_7,"8,99 €",Yann Le Scribe des Murmures,"5,0 sur 5 étoiles, détails de l’évaluation",,de Yann Le Scribe des Murmures  | 13 août 2025,,,,,,,,,,Science-Fiction,,,,2025-09-04T11:48:50.738464,1479.0
Bernard Werber présente 20 récits d'anticipation et de science-fiction - Classiques et Contemporains: Progrès et rêves scientifiques,https://www.amazon.fr/Bernard-Werber-pr%C3%A9sente-danticipation-science-fiction/dp/2210750474/ref=sr_1_8,"5,40 €",Bernard Werber,"4,5 sur 5 étoiles, détails de l’évaluation",,"de Collectif, Bernard Werber , et al. | 22 avril 2016",,,,,,,,,,Science-Fiction,,,,2025-09-04T11:48:50.740240,1479.0
Les Dieux eux-mêmes,https://www.amazon.fr/Dieux-eux-m%C3%AAmes-Isaac-Asimov/dp/2070419770/ref=sr_1_9,"10,00 €",Isaac Asimov,"4,7 sur 5 étoiles, détails de l’évaluation",,"de Isaac Asimov , Jane Fillion, et al. | 4 décembre 2002",,,,,,,,,,Science-Fiction,,,,2025-09-04T11:48:50.742005,1479.0
Trois portes vers l’Innommable: H.P. Lovecraft 's Miskatonic Archives (HP Lovecraft : Miskatonic Archives t. 1),https://www.amazon.fr/Trois-portes-vers-lInnommable-Miskatonic-ebook/dp/B0F74SZLDQ/ref=sr_1_10,"8,50 €",de JF MORLAES | 30 avril 2025,"4,6 sur 5 étoiles, détails de l’évaluation",,de JF MORLAES | 30 avril 2025,,,,,,,,,,Science-Fiction,,,,2025-09-04T11:48:50.744189,1479.0
Le boyfriend,https://www.amazon.fr/boyfriend-Freida-McFadden/dp/2824627158/ref=sr_1_11,"22,00 €",Freida McFadden,Note non disponible,,de Freida McFadden  | 8 octobre 2025,,,,,,,,,,Science-Fiction,,,,2025-09-04T11:48:50.747068,1479.0
Colonie Une Mars (Colonie Mars t. 1),https://www.amazon.fr/Colonie-Une-Mars-t-ebook/dp/B0F2SKKGK8/ref=sr_1_12,"13,70 €",Gerald M. Kilby,"4,4 sur 5 étoiles, détails de l’évaluation",,de Gerald M. Kilby  et Justine Piret | 27 mars 2025,,,,,,,,,,Science-Fiction,,,,2025-09-04T11:48:50.748974,1479.0
Le Grand Vaisseau,https://www.amazon.fr/Grand-Vaisseau-Robert-Reed/dp/2253195022/ref=sr_1_13,"8,60 €",de Robert Reed | 23 avril 2014,"3,5 sur 5 étoiles, détails de l’évaluation",,de Robert Reed | 23 avril 2014,,,,,,,,,,Science-Fiction,,,,2025-09-04T11:48:50.751791,1479.0
Les Enfants d'Icare,https://www.amazon.fr/Enfants-dIcare-Arthur-C-Clarke/dp/281120945X/ref=sr_1_14,"8,95 €",Arthur C. Clarke,"4,3 sur 5 étoiles, détails de l’évaluation",,de Arthur C. Clarke  et Michel Deutsch | 26 septembre 2013,,,,,,,,,,Science-Fiction,,,,2025-09-04T11:48:50.754133,1479.0
"Salvation, T1 : Les Portes de la délivrance",https://www.amazon.fr/Portes-d%C3%A9livrance-Salvation-T1-ebook/dp/B07HQQYJXC/ref=sr_1_15,"6,99 €",Peter F. Hamilton,"4,3 sur 5 étoiles, détails de l’évaluation",,de Peter F. Hamilton  et Nenad Savic | 3 novembre 2021,,,,,,,,,,Science-Fiction,,,,2025-09-04T11:48:50.757196,1479.0
Vaisseau Triton: La Guerre Des Descendants Livre 1,https://www.amazon.fr/Vaisseau-Triton-Guerre-Descendants-Livre-ebook/dp/B0FB42MH8T/ref=sr_1_16,"16,83 €",John Walker,"4,2 sur 5 étoiles, détails de l’évaluation",,de John Walker  | 27 mai 2025,,,,,,,,,,Science-Fiction,,,,2025-09-04T11:48:50.759203,1479.0
Colonie Une Mars,https://www.amazon.fr/Colonie-Une-Mars-Gerald-Kilby/dp/B0F4QKLQBC/ref=sr_1_18,"13,70 €",Gerald M. Kilby,"4,4 sur 5 étoiles, détails de l’évaluation",,de Gerald M. Kilby  et Justine Piret | 13 avril 2025,,,,,,,,,,Science-Fiction,,,,2025-09-04T11:52:03.717505,1514.0
Les Enfants d'Icare (Science-Fiction),https://www.amazon.fr/Enfants-dIcare-Science-Fiction-Arthur-Clarke-ebook/dp/B00E806D8G/ref=sr_1_20,"5,99 €",Arthur C. Clarke,"4,3 sur 5 étoiles, détails de l’évaluation",,"de Arthur C. Clarke , Michel Deutsch, et al. | 26 septembre 2013",,,,,,,,,,Science-Fiction,,,,2025-09-04T11:52:03.721736,1514.0
Exhibition,https://www.amazon.fr/Exhibition-Jean-Marc-Vos-ebook/dp/B0FMTWS8YM/ref=sr_1_6,"14,99 €",Jean-Marc De Vos,"4,2 sur 5 étoiles, détails de l’évaluation",,de Jean-Marc De Vos  | 17 août 2025,,,,,,,,,,Science-Fiction,,,,2025-09-04T12:47:41.149131,2130.0
CEUX QU/0N L4155E: Les Aventures de ROB.1 et JEC.2,https://www.amazon.fr/CEUX-QU-0N-L4155E-Aventures/dp/B0FM9STZZ1/ref=sr_1_12,"8,99 €",de Adam Fillmore | 12 août 2025,"5,0 sur 5 étoiles, détails de l’évaluation",,de Adam Fillmore | 12 août 2025,,,,,,,,,,Science-Fiction,,,,2025-09-04T12:47:41.166889,2130.0
La Fabrique des lendemains,https://www.amazon.fr/Fabrique-lendemains-Rich-Larson/dp/2253106925/ref=sr_1_16,"9,90 €",Rich Larson,"4,3 sur 5 étoiles, détails de l’évaluation",,de Rich Larson  | 4 janvier 2023,,,,,,,,,,Science-Fiction,,,,2025-09-04T12:47:41.176127,2130.0
"Silo (Silo, Tome 1)",https://www.amazon.fr/Silo-1-Hugh-Howey/dp/2253183539/ref=sr_1_22,"10,20 €",Hugh Howey,"4,6 sur 5 étoiles, détails de l’évaluation",,de Hugh Howey  | 13 janvier 2016,,,,,,,,,,Science-Fiction,,,,2025-09-04T12:48:04.738692,2136.0
Exhibition,https://www.amazon.fr/Exhibition-Jean-Marc-Vos/dp/2931208035/ref=sr_1_6,"14,99 €",Jean-Marc De Vos,"4,2 sur 5 étoiles, détails de l’évaluation",,de Jean-Marc De Vos  | 18 août 2025,,,,,,,,,,Science-Fiction,,,,2025-09-04T13:15:49.574376,2166.0
Exhibition,https://www.amazon.fr/Exhibition-Jean-Marc-Vos-ebook/dp/B0FMTWS8YM/ref=sr_1_3,"14,99 €",Jean-Marc De Vos,"4,2 sur 5 étoiles, détails de l’évaluation",,de Jean-Marc De Vos  | 17 août 2025,,,,,,,,,,Science-Fiction,,,,2025-09-04T13:20:07.361728,2213.0
CEUX QU/0N L4155E: Les Aventures de ROB.1 et JEC.2,https://www.amazon.fr/CEUX-QU-0N-L4155E-Aventures/dp/B0FM9STZZ1/ref=sr_1_7,"8,99 €",de Adam Fillmore | 12 août 2025,"5,0 sur 5 étoiles, détails de l’évaluation",,de Adam Fillmore | 12 août 2025,,,,,,,,,,Science-Fiction,,,,2025-09-04T13:20:07.373775,2213.0
La Fabrique des lendemains,https://www.amazon.fr/Fabrique-lendemains-Rich-Larson/dp/2253106925/ref=sr_1_10,"9,90 €",Rich Larson,"4,3 sur 5 étoiles, détails de l’évaluation",,de Rich Larson  | 4 janvier 2023,,,,,,,,,,Science-Fiction,,,,2025-09-04T13:20:07.380851,2213.0
L'Homme sans nom,https://www.amazon.fr/LHomme-sans-nom-Jack-Beaumont/dp/2253242829/ref=sr_1_22,"9,90 €",Jack Beaumont,"4,5 sur 5 étoiles, détails de l’évaluation",202,Poche,https://m.media-amazon.com/images/I/81-5V911lwL._AC_UY218_.jpg,2025-09-04T18:19:39.583715,Description non disponible depuis la recherche,Stock non disponible,ISBN non disponible,Éditeur non disponible,Date non disponible,Nombre de pages non disponible,Rang de vente non disponible,Science-Fiction,2.0,,,,
Un automne pour te pardonner - poche: Seasons Tome 1,https://www.amazon.fr/automne-pour-pardonner-poche-Seasons/dp/275567119X/ref=sr_1_23,"8,90 €",Morgane Moncomble,"4,6 sur 5 étoiles, détails de l’évaluation",2 998,Poche,https://m.media-amazon.com/images/I/81iiOMEmlGL._AC_UY218_.jpg,2025-09-04T18:19:39.586874,Description non disponible depuis la recherche,Stock non disponible,ISBN non disponible,Éditeur non disponible,Date non disponible,Nombre de pages non disponible,Rang de vente non disponible,Science-Fiction,2.0,,,,
La Très Catastrophique Visite du Zoo,https://www.amazon.fr/Tr%C3%A8s-Catastrophique-Visite-Zoo/dp/B0DZ2X2JS5/ref=sr_1_24,"0,00 €",Livres audio Audible,"4,2 sur 5 étoiles, détails de l’évaluation",4 120,Livres audio Audible,https://m.media-amazon.com/images/I/81lipiEAp1L._AC_UY218_.jpg,2025-09-04T18:19:39.590153,Description non disponible depuis la recherche,Stock non disponible,ISBN non disponible,Éditeur non disponible,Date non disponible,Nombre de pages non disponible,Rang de vente non disponible,Science-Fiction,2.0,,,,
Valentina - Tome 01,https://www.amazon.fr/Valentina-01-Azra-Reed/dp/2755677414/ref=sr_1_50,"19,95 €",Azra Reed,"4,5 sur 5 étoiles, détails de l’évaluation",540,Broché,https://m.media-amazon.com/images/I/81WUwFpzGrL._AC_UY218_.jpg,2025-09-04T18:19:51.372664,Description non disponible depuis la recherche,Stock non disponible,ISBN non disponible,Éditeur non disponible,Date non disponible,Nombre de pages non disponible,Rang de vente non disponible,Science-Fiction,3.0,,,,
Purgatoire des innocents,https://www.amazon.fr/Purgatoire-innocents-Karine-Giebel/dp/2266246240/ref=sr_1_51,"9,60 €",Karine Giebel,"4,6 sur 5 étoiles, détails de l’évaluation",2 867,Poche,https://m.media-amazon.com/images/I/61uWcyCIjZL._AC_UY218_.jpg,2025-09-04T18:19:51.375230,Description non disponible depuis la recherche,Stock non disponible,ISBN non disponible,Éditeur non disponible,Date non disponible,Nombre de pages non disponible,Rang de vente non disponible,Science-Fiction,3.0,,,,
Surface,https://www.amazon.fr/Surface-Olivier-NOREK/dp/2266287990/ref=sr_1_52,"9,00 €",Olivier Norek,"4,6 sur 5 étoiles, détails de l’évaluation",7 096,Poche,https://m.media-amazon.com/images/I/61LRIXbGQ6L._AC_UY218_.jpg,2025-09-04T18:19:51.378794,Description non disponible depuis la recherche,Stock non disponible,ISBN non disponible,Éditeur non disponible,Date non disponible,Nombre de pages non disponible,Rang de vente non disponible,Science-Fiction,3.0,,,,
Son employée (Black Lab),https://www.amazon.fr/Son-employ%C3%A9e-Black-Samantha-Hayes-ebook/dp/B0F18VWNC9/ref=sr_1_51,"15,99 €",Samantha Hayes,"4,4 sur 5 étoiles, détails de l’évaluation",208,Format Kindle,https://m.media-amazon.com/images/I/71m1h91kq9L._AC_UY218_.jpg,2025-09-04T18:20:00.432149,Description non disponible depuis la recherche,Stock non disponible,ISBN non disponible,Éditeur non disponible,Date non disponible,Nombre de pages non disponible,Rang de vente non disponible,Science-Fiction,4.0,,,,
L'Épreuve du feu,https://www.amazon.fr/L%C3%89preuve-du-feu-Donna-Leon/dp/270219298X/ref=sr_1_61,"22,50 €",Donna Leon,"3,8 sur 5 étoiles, détails de l’évaluation",34,Broché,https://m.media-amazon.com/images/I/81R1sZwudgL._AC_UY218_.jpg,2025-09-04T18:20:00.460975,Description non disponible depuis la recherche,Stock non disponible,ISBN non disponible,Éditeur non disponible,Date non disponible,Nombre de pages non disponible,Rang de vente non disponible,Science-Fiction,4.0,,,,
Trop dur: Les Frères Hayes - Livre 5,https://www.amazon.fr/Trop-dur-Fr%C3%A8res-Hayes-Livre/dp/B0F3HNV78V/ref=sr_1_77,"18,45 €",I. A. Dice,"4,7 sur 5 étoiles, détails de l’évaluation",1 346,Broché,https://m.media-amazon.com/images/I/61zFfgf23hL._AC_UY218_.jpg,2025-09-04T18:20:08.663285,Description non disponible depuis la recherche,Stock non disponible,ISBN non disponible,Éditeur non disponible,Date non disponible,Nombre de pages non disponible,Rang de vente non disponible,Science-Fiction,5.0,,,,
Behind Hell,https://www.amazon.fr/Behind-Hell-Hely-Ka/dp/2487986085/ref=sr_1_83,"19,90 €",Hely Ka,Note non disponible,0 avis,Broché,https://m.media-amazon.com/images/I/61NsA1XnRlL._AC_UY218_.jpg,2025-09-04T18:20:08.679784,Description non disponible depuis la recherche,Stock non disponible,ISBN non disponible,Éditeur non disponible,Date non disponible,Nombre de pages non disponible,Rang de vente non disponible,Science-Fiction,5.0,,,,
Derrière les portes,https://www.amazon.fr/Derri%C3%A8re-portes-B-Paris/dp/2253086444/ref=sr_1_84,"9,20 €",B.A. Paris,"4,3 sur 5 étoiles, détails de l’évaluation",1 523,Poche,https://m.media-amazon.com/images/I/81kMmHCR+JL._AC_UY218_.jpg,2025-09-04T18:20:08.682955,Description non disponible depuis la recherche,Stock non disponible,ISBN non disponible,Éditeur non disponible,Date non disponible,Nombre de pages non disponible,Rang de vente non disponible,Science-Fiction,5.0,,,,
Trop fort: Les Frères Hayes - Livre 4,https://www.amazon.fr/Trop-fort-Fr%C3%A8res-Hayes-Livre-ebook/dp/B0DHV1MT4H/ref=sr_1_83,"18,45 €",I. A. Dice,"4,7 sur 5 étoiles, détails de l’évaluation",1 443,Format Kindle,https://m.media-amazon.com/images/I/71ihlle8kWL._AC_UY218_.jpg,2025-09-04T18:20:20.388706,Description non disponible depuis la recherche,Stock non disponible,ISBN non disponible,Éditeur non disponible,Date non disponible,Nombre de pages non disponible,Rang de vente non disponible,Science-Fiction,6.0,,,,
"Toutes blessent, la dernière tue",https://www.amazon.fr/Toutes-blessent-derni%C3%A8re-Karine-Giebel/dp/2266291904/ref=sr_1_84,"10,70 €",Karine Giebel,"4,6 sur 5 étoiles, détails de l’évaluation",4 143,Poche,https://m.media-amazon.com/images/I/510yy2gzHJL._AC_UY218_.jpg,2025-09-04T18:20:20.391904,Description non disponible depuis la recherche,Stock non disponible,ISBN non disponible,Éditeur non disponible,Date non disponible,Nombre de pages non disponible,Rang de vente non disponible,Science-Fiction,6.0,,,,
La maison des mensonges,https://www.amazon.fr/maison-mensonges-John-Marrs/dp/2824629045/ref=sr_1_85,"8,90 €",John Marrs,"4,3 sur 5 étoiles, détails de l’évaluation",573,Poche,https://m.media-amazon.com/images/I/81S1pLmUMrL._AC_UY218_.jpg,2025-09-04T18:20:20.394431,Description non disponible depuis la recherche,Stock non disponible,ISBN non disponible,Éditeur non disponible,Date non disponible,Nombre de pages non disponible,Rang de vente non disponible,Science-Fiction,6.0,,,,
Un animal sauvage - Nouveauté Joël Dicker 2024,https://www.amazon.fr/animal-sauvage-Nouveaut%C3%A9-Jo%C3%ABl-Dicker-ebook/dp/B0CRX2XVK5/ref=sr_1_86,"16,99 €",Joël Dicker,"4,4 sur 5 étoiles, détails de l’évaluation",9 339,Format Kindle,https://m.media-amazon.com/images/I/71B-SHUek6L._AC_UY218_.jpg,2025-09-04T18:20:20.397406,Description non disponible depuis la recherche,Stock non disponible,ISBN non disponible,Éditeur non disponible,Date non disponible,Nombre de pages non disponible,Rang de vente non disponible,Science-Fiction,6.0,,,,
La Servante écarlate - Nouvelle traduction,https://www.amazon.fr/Servante-%C3%A9carlate-Nouvelle-traduction/dp/2221249941/ref=sr_1_87,"12,50 €",Margaret Atwood,"4,4 sur 5 étoiles, détails de l’évaluation",1 379,Poche,https://m.media-amazon.com/images/I/51H+qxDCtPL._AC_UY218_.jpg,2025-09-04T18:20:20.399834,Description non disponible depuis la recherche,Stock non disponible,ISBN non disponible,Éditeur non disponible,Date non disponible,Nombre de pages non disponible,Rang de vente non disponible,Science-Fiction,6.0,,,,
"Rappelle-toi – Le nouveau roman policier d'Harlan Coben - un thriller haletant mêlant suspense et enquête autour d'une mystérieuse disparition, où secrets et meurtres s'entrelacent.",https://www.amazon.fr/Rappelle-toi-policier-myst%C3%A9rieuse-disparition-sentrelacent/dp/2714499589/ref=sr_1_88,"23,00 €",de Harlan Coben et Daphné Bernard | 25 septembre 2025,Note non disponible,0 avis,Broché,https://m.media-amazon.com/images/I/61rvHuyeylL._AC_UY218_.jpg,2025-09-04T18:20:20.404455,Description non disponible depuis la recherche,Stock non disponible,ISBN non disponible,Éditeur non disponible,Date non disponible,Nombre de pages non disponible,Rang de vente non disponible,Science-Fiction,6.0,,,,
Thérèse Raquin,https://www.amazon.fr/Th%C3%A9r%C3%A8se-Raquin-d%C3%89mile-Zola-%C3%89mile/dp/B0C3ZG9L6J/ref=sr_1_89,"3,60 €",Émile Zola,"4,6 sur 5 étoiles, détails de l’évaluation",138,Broché,https://m.media-amazon.com/images/I/61XDyurX3GL._AC_UY218_.jpg,2025-09-04T18:20:20.407131,Description non disponible depuis la recherche,Stock non disponible,ISBN non disponible,Éditeur non disponible,Date non disponible,Nombre de pages non disponible,Rang de vente non disponible,Science-Fiction,6.0,,,,
"Leonid Petrov, prince des enfers",https://www.amazon.fr/Leonid-Petrov-prince-enfers-Nanou-ebook/dp/B0DQY6KKK2/ref=sr_1_90,"9,99 €",Nanou Ad,"4,7 sur 5 étoiles, détails de l’évaluation",509,Format Kindle,https://m.media-amazon.com/images/I/81fQBH9eKRL._AC_UY218_.jpg,2025-09-04T18:20:20.409466,Description non disponible depuis la recherche,Stock non disponible,ISBN non disponible,Éditeur non disponible,Date non disponible,Nombre de pages non disponible,Rang de vente non disponible,Science-Fiction,6.0,,,,
Tu ne la mérites pas: Un thriller psychologique captivant au dénouement inattendu,https://www.amazon.fr/m%C3%A9rites-pas-psychologique-captivant-d%C3%A9nouement-ebook/dp/B0F8JXWS5C/ref=sr_1_93,"14,99 €",Ruth  Heald,"4,2 sur 5 étoiles, détails de l’évaluation",1 287,Format Kindle,https://m.media-amazon.com/images/I/81q5lY2kPzL._AC_UY218_.jpg,2025-09-04T18:20:20.417289,Description non disponible depuis la recherche,Stock non disponible,ISBN non disponible,Éditeur non disponible,Date non disponible,Nombre de pages non disponible,Rang de vente non disponible,Science-Fiction,6.0,,,,
"Opération Zelensky, une mission de l'agence Mozart, tome 1",https://www.amazon.fr/Op%C3%A9ration-Zelensky-mission-lagence-Mozart/dp/2412099049/ref=sr_1_94,"8,90 €",de Alain Bauer et Miceal Beausang-O'Griafa | 15 mai 2025,"3,9 sur 5 étoiles, détails de l’évaluation",28,Poche,https://m.media-amazon.com/images/I/61eOOsjM9vL._AC_UY218_.jpg,2025-09-04T18:20:20.420809,Description non disponible depuis la recherche,Stock non disponible,ISBN non disponible,Éditeur non disponible,Date non disponible,Nombre de pages non disponible,Rang de vente non disponible,Science-Fiction,6.0,,,,
La Tombe de sa mère: Une intrigue incroyable doublée d'un suspense à vous ronger les sangs (Les enquêtes de l'inspectrice Josie Quinn t. 3),https://www.amazon.fr/Tombe-m%C3%A8re-intrigue-incroyable-linspectrice-ebook/dp/B0CPQ5FCBM/ref=sr_1_95,"17,99 €",Lisa Regan,"4,5 sur 5 étoiles, détails de l’évaluation",2 893,Format Kindle,https://m.media-amazon.com/images/I/81Td8VOO5SL._AC_UY218_.jpg,2025-09-04T18:20:20.422981,Description non disponible depuis la recherche,Stock non disponible,ISBN non disponible,Éditeur non disponible,Date non disponible,Nombre de pages non disponible,Rang de vente non disponible,Science-Fiction,6.0,,,,
La Traque d'Adeline - Tome 02 broché,https://www.amazon.fr/Traque-dAdeline-02-broch%C3%A9/dp/2385660407/ref=sr_1_96,"20,90 €",H. D. Carlton,"4,6 sur 5 étoiles, détails de l’évaluation",417,Broché,https://m.media-amazon.com/images/I/71Z9qtnTeIL._AC_UY218_.jpg,2025-09-04T18:20:20.425629,Description non disponible depuis la recherche,Stock non disponible,ISBN non disponible,Éditeur non disponible,Date non disponible,Nombre de pages non disponible,Rang de vente non disponible,Science-Fiction,6.0,,,,
Le Souffle du prédateur,https://www.amazon.fr/Souffle-du-pr%C3%A9dateur-Nora-Roberts-ebook/dp/B0FKPG429N/ref=sr_1_97,"14,99 €",Nora Roberts,"4,3 sur 5 étoiles, détails de l’évaluation",27,Format Kindle,https://m.media-amazon.com/images/I/71aIg6EsNAL._AC_UY218_.jpg,2025-09-04T18:20:20.428167,Description non disponible depuis la recherche,Stock non disponible,ISBN non disponible,Éditeur non disponible,Date non disponible,Nombre de pages non disponible,Rang de vente non disponible,Science-Fiction,6.0,,,,
"Mort sur la Seine: Enquête, mystère et romance au XIXe siècle (Détectives en jupons)",https://www.amazon.fr/Mort-sur-Seine-Enqu%C3%AAte-D%C3%A9tectives-ebook/dp/B0FG2HDG3S/ref=sr_1_98,"15,00 €",S.D. Fischer,"4,6 sur 5 étoiles, détails de l’évaluation",35,Format Kindle,https://m.media-amazon.com/images/I/61eP8+oIvOL._AC_UY218_.jpg,2025-09-04T18:20:20.430895,Description non disponible depuis la recherche,Stock non disponible,ISBN non disponible,Éditeur non disponible,Date non disponible,Nombre de pages non disponible,Rang de vente non disponible,Science-Fiction,6.0,,,,
La Fille au pair,https://www.amazon.fr/Fille-au-pair-Sidonie-Bonnec-ebook/dp/B0DVJ8FKCQ/ref=sr_1_99,"12,99 €",Sidonie Bonnec,"4,2 sur 5 étoiles, détails de l’évaluation",1 360,Format Kindle,https://m.media-amazon.com/images/I/71tzX8CcESL._AC_UY218_.jpg,2025-09-04T18:20:20.433899,Description non disponible depuis la recherche,Stock non disponible,ISBN non disponible,Éditeur non disponible,Date non disponible,Nombre de pages non disponible,Rang de vente non disponible,Science-Fiction,6.0,,,,
Hasard du crime,https://www.amazon.fr/Hasard-du-crime-Nora-Roberts/dp/2290408840/ref=sr_1_100,"8,70 €",Nora Roberts,"5,0 sur 5 étoiles, détails de l’évaluation",3,Poche,https://m.media-amazon.com/images/I/61ahwS07fCL._AC_UY218_.jpg,2025-09-04T18:20:20.436341,Description non disponible depuis la recherche,Stock non disponible,ISBN non disponible,Éditeur non disponible,Date non disponible,Nombre de pages non disponible,Rang de vente non disponible,Science-Fiction,6.0,,,,
Quand tu ouvriras les yeux: Le thriller glaçant de Pétronille Rostagnat qui a reçu le Grand Prix de L'Iris Noir Bruxelles,https://www.amazon.fr/Quand-ouvriras-yeux-P%C3%A9tronille-Rostagnat/dp/B0CQLFPDBN/ref=sr_1_99,"8,10 €",Pétronille Rostagnat,"4,2 sur 5 étoiles, détails de l’évaluation",1 511,Poche,https://m.media-amazon.com/images/I/91enWTwWdtL._AC_UY218_.jpg,2025-09-04T18:20:29.794874,Description non disponible depuis la recherche,Stock non disponible,ISBN non disponible,Éditeur non disponible,Date non disponible,Nombre de pages non disponible,Rang de vente non disponible,Science-Fiction,7.0,,,,
La lettre d'amour interdite,https://www.amazon.fr/lettre-damour-interdite-Lucinda-Riley/dp/2385291967/ref=sr_1_100,"10,90 €",Lucinda Riley,"4,4 sur 5 étoiles, détails de l’évaluation",4 501,Poche,https://m.media-amazon.com/images/I/81EY7AZvJNL._AC_UY218_.jpg,2025-09-04T18:20:29.797983,Description non disponible depuis la recherche,Stock non disponible,ISBN non disponible,Éditeur non disponible,Date non disponible,Nombre de pages non disponible,Rang de vente non disponible,Science-Fiction,7.0,,,,
The Housemaid: An absolutely addictive psychological thriller with a jaw-dropping twist (English Edition),https://www.amazon.fr/Housemaid-absolutely-addictive-psychological-jaw-dropping-ebook/dp/B09TWSRMCB/ref=sr_1_101,"13,34 €",Freida McFadden,"4,3 sur 5 étoiles, détails de l’évaluation",533 509,Format Kindle,https://m.media-amazon.com/images/I/8105fcMAVyL._AC_UY218_.jpg,2025-09-04T18:20:29.801201,Description non disponible depuis la recherche,Stock non disponible,ISBN non disponible,Éditeur non disponible,Date non disponible,Nombre de pages non disponible,Rang de vente non disponible,Science-Fiction,7.0,,,,
Les morsures du silence - Prix Maison de la presse 2025 (Suspense Crime),https://www.amazon.fr/morsures-silence-Maison-presse-Suspense-ebook/dp/B0D6731NLN/ref=sr_1_102,"14,99 €",Johana Gustawsson,"4,3 sur 5 étoiles, détails de l’évaluation",728,Format Kindle,https://m.media-amazon.com/images/I/81vSAxWykxL._AC_UY218_.jpg,2025-09-04T18:20:29.803791,Description non disponible depuis la recherche,Stock non disponible,ISBN non disponible,Éditeur non disponible,Date non disponible,Nombre de pages non disponible,Rang de vente non disponible,Science-Fiction,7.0,,,,
Le Livre des Baltimore,https://www.amazon.fr/Livre-Baltimore-Jo%C3%ABl-Dicker/dp/2889730115/ref=sr_1_103,"9,90 €",Joël Dicker,"4,4 sur 5 étoiles, détails de l’évaluation",13 008,Poche,https://m.media-amazon.com/images/I/711Ip7CSAOL._AC_UY218_.jpg,2025-09-04T18:20:29.807038,Description non disponible depuis la recherche,Stock non disponible,ISBN non disponible,Éditeur non disponible,Date non disponible,Nombre de pages non disponible,Rang de vente non disponible,Science-Fiction,7.0,,,,
Le Passager sans visage,https://www.amazon.fr/Passager-sans-visage-Nicolas-Beuglet/dp/2266323733/ref=sr_1_104,"9,00 €",Nicolas Beuglet,"4,3 sur 5 étoiles, détails de l’évaluation",2 709,Poche,https://m.media-amazon.com/images/I/71nJOJo92ML._AC_UY218_.jpg,2025-09-04T18:20:29.810567,Description non disponible depuis la recherche,Stock non disponible,ISBN non disponible,Éditeur non disponible,Date non disponible,Nombre de pages non disponible,Rang de vente non disponible,Science-Fiction,7.0,,,,
The Housemaid's Secret: A totally gripping psychological thriller with a shocking twist (English Edition),https://www.amazon.fr/Housemaids-Secret-gripping-psychological-thriller-ebook/dp/B0BGXYL3BZ/ref=sr_1_105,"9,71 €",Freida McFadden,"4,3 sur 5 étoiles, détails de l’évaluation",297 458,Format Kindle,https://m.media-amazon.com/images/I/81kZT7aHGIL._AC_UY218_.jpg,2025-09-04T18:20:29.813621,Description non disponible depuis la recherche,Stock non disponible,ISBN non disponible,Éditeur non disponible,Date non disponible,Nombre de pages non disponible,Rang de vente non disponible,Science-Fiction,7.0,,,,
Tu n'aurais pas dû venir ici,https://www.amazon.fr/Tu-naurais-pas-venir-ici/dp/2266353195/ref=sr_1_106,"9,00 €",Jeneva ROSE,"4,0 sur 5 étoiles, détails de l’évaluation",162,Poche,https://m.media-amazon.com/images/I/71MlC0jfJNL._AC_UY218_.jpg,2025-09-04T18:20:29.816945,Description non disponible depuis la recherche,Stock non disponible,ISBN non disponible,Éditeur non disponible,Date non disponible,Nombre de pages non disponible,Rang de vente non disponible,Science-Fiction,7.0,,,,
"Lord of Mysteries, Vol. 1",https://www.amazon.fr/Lord-Mysteries-Cuttlefish-Loves-Diving/dp/B0DQKLC79Z/ref=sr_1_109,"18,14 €",Cuttlefish That Loves Diving,"4,3 sur 5 étoiles, détails de l’évaluation",207,Broché,https://m.media-amazon.com/images/I/81BKBqWOY6L._AC_UY218_.jpg,2025-09-04T18:20:29.824912,Description non disponible depuis la recherche,Stock non disponible,ISBN non disponible,Éditeur non disponible,Date non disponible,Nombre de pages non disponible,Rang de vente non disponible,Science-Fiction,7.0,,,,
Dans l'ombre du Kremlin - Thriller Nouveauté 2025,https://www.amazon.fr/Dans-lombre-Kremlin-Thriller-Nouveaut%C3%A9/dp/2749960657/ref=sr_1_110,"21,95 €",Jack Beaumont,"4,8 sur 5 étoiles, détails de l’évaluation",6,Broché,https://m.media-amazon.com/images/I/61ly6rq3lsL._AC_UY218_.jpg,2025-09-04T18:20:29.827616,Description non disponible depuis la recherche,Stock non disponible,ISBN non disponible,Éditeur non disponible,Date non disponible,Nombre de pages non disponible,Rang de vente non disponible,Science-Fiction,7.0,,,,
Ses Ultimes Aveux: Un roman policier stupéfiant au suspens incroyable (Les enquêtes de l'inspectrice Josie Quinn t. 4),https://www.amazon.fr/Ses-Ultimes-Aveux-stup%C3%A9fiant-linspectrice-ebook/dp/B0D5CX4XLP/ref=sr_1_111,"10,99 €",Lisa Regan,"4,6 sur 5 étoiles, détails de l’évaluation",1 952,Format Kindle,https://m.media-amazon.com/images/I/81VTgXCVmcL._AC_UY218_.jpg,2025-09-04T18:20:29.829686,Description non disponible depuis la recherche,Stock non disponible,ISBN non disponible,Éditeur non disponible,Date non disponible,Nombre de pages non disponible,Rang de vente non disponible,Science-Fiction,7.0,,,,
Les effacées,https://www.amazon.fr/effac%C3%A9es-Bernard-Minier/dp/2266348523/ref=sr_1_112,"9,60 €",Bernard Minier,"4,3 sur 5 étoiles, détails de l’évaluation",3 154,Poche,https://m.media-amazon.com/images/I/61cSp+Pc8tL._AC_UY218_.jpg,2025-09-04T18:20:29.832987,Description non disponible depuis la recherche,Stock non disponible,ISBN non disponible,Éditeur non disponible,Date non disponible,Nombre de pages non disponible,Rang de vente non disponible,Science-Fiction,7.0,,,,
"Histoires Extraordinaires, mais Vraies !: Plus de 40 Histoires et anecdotes incroyables et captivantes pour enfants et ados !",https://www.amazon.fr/Histoires-Extraordinaires-mais-Vraies-incroyables/dp/B0FCD215KR/ref=sr_1_113,"13,90 €",Léna Ashberg,"4,4 sur 5 étoiles, détails de l’évaluation",14,Broché,https://m.media-amazon.com/images/I/71PwGcPugmL._AC_UY218_.jpg,2025-09-04T18:20:29.835747,Description non disponible depuis la recherche,Stock non disponible,ISBN non disponible,Éditeur non disponible,Date non disponible,Nombre de pages non disponible,Rang de vente non disponible,Science-Fiction,7.0,,,,
La Horde du Contrevent,https://www.amazon.fr/Horde-du-Contrevent-Alain-Damasio/dp/207292751X/ref=sr_1_114,"12,60 €",Alain Damasio,"4,5 sur 5 étoiles, détails de l’évaluation",2 557,Poche,https://m.media-amazon.com/images/I/81xxBCSH9eL._AC_UY218_.jpg,2025-09-04T18:20:29.838741,Description non disponible depuis la recherche,Stock non disponible,ISBN non disponible,Éditeur non disponible,Date non disponible,Nombre de pages non disponible,Rang de vente non disponible,Science-Fiction,7.0,,,,
Le Secret des Anges - Tome 2 Vendetta (2),https://www.amazon.fr/Secret-Anges-2-Vendetta/dp/2487986069/ref=sr_1_115,"19,90 €",Solène Luna,"4,8 sur 5 étoiles, détails de l’évaluation",142,Broché,https://m.media-amazon.com/images/I/61pctvPcg8L._AC_UY218_.jpg,2025-09-04T18:20:29.841276,Description non disponible depuis la recherche,Stock non disponible,ISBN non disponible,Éditeur non disponible,Date non disponible,Nombre de pages non disponible,Rang de vente non disponible,Science-Fiction,7.0,,,,
La belle-mère parfaite,https://www.amazon.fr/belle-m%C3%A8re-parfaite-SL-Harker-ebook/dp/B0FLVH9RC1/ref=sr_1_116,"10,99 €",SL Harker,"3,9 sur 5 étoiles, détails de l’évaluation",63,Format Kindle,https://m.media-amazon.com/images/I/717KO-AuXQL._AC_UY218_.jpg,2025-09-04T18:20:29.843266,Description non disponible depuis la recherche,Stock non disponible,ISBN non disponible,Éditeur non disponible,Date non disponible,Nombre de pages non disponible,Rang de vente non disponible,Science-Fiction,7.0,,,,
Sans l'ombre d'un doute,https://www.amazon.fr/Sans-lombre-doute-Michael-Connelly/dp/2253254576/ref=sr_1_115,"9,90 €",Michael Connelly,"4,6 sur 5 étoiles, détails de l’évaluation",1 259,Poche,https://m.media-amazon.com/images/I/71zbte0kzbL._AC_UY218_.jpg,2025-09-04T18:20:40.680872,Description non disponible depuis la recherche,Stock non disponible,ISBN non disponible,Éditeur non disponible,Date non disponible,Nombre de pages non disponible,Rang de vente non disponible,Science-Fiction,8.0,,,,
Cinq coeurs en sursis,https://www.amazon.fr/Cinq-coeurs-sursis-Laure-Manel/dp/2253251127/ref=sr_1_116,"9,90 €",Laure Manel,"4,4 sur 5 étoiles, détails de l’évaluation",1 510,Poche,https://m.media-amazon.com/images/I/71rBnjWtk-L._AC_UY218_.jpg,2025-09-04T18:20:40.684085,Description non disponible depuis la recherche,Stock non disponible,ISBN non disponible,Éditeur non disponible,Date non disponible,Nombre de pages non disponible,Rang de vente non disponible,Science-Fiction,8.0,,,,
Les Ossements qu'elle a enterrés: Un thriller phénoménal et captivant (Les enquêtes de l'inspectrice Josie Quinn t. 5),https://www.amazon.fr/Ossements-quelle-enterr%C3%A9s-ph%C3%A9nom%C3%A9nal-linspectrice-ebook/dp/B0D1ZGHWG5/ref=sr_1_117,"17,99 €",Lisa Regan,"4,5 sur 5 étoiles, détails de l’évaluation",1 925,Format Kindle,https://m.media-amazon.com/images/I/81nWwDPr6aL._AC_UY218_.jpg,2025-09-04T18:20:40.686108,Description non disponible depuis la recherche,Stock non disponible,ISBN non disponible,Éditeur non disponible,Date non disponible,Nombre de pages non disponible,Rang de vente non disponible,Science-Fiction,8.0,,,,
Code 93,https://www.amazon.fr/Code-93-Olivier-NOREK/dp/2266249150/ref=sr_1_118,"8,70 €",Olivier Norek,"4,3 sur 5 étoiles, détails de l’évaluation",8 388,Poche,https://m.media-amazon.com/images/I/71rGH1QI0dL._AC_UY218_.jpg,2025-09-04T18:20:40.689273,Description non disponible depuis la recherche,Stock non disponible,ISBN non disponible,Éditeur non disponible,Date non disponible,Nombre de pages non disponible,Rang de vente non disponible,Science-Fiction,8.0,,,,
Sauvez son âme: Un thriller formidable que vous ne pourrez pas lâcher (Les enquêtes de l'inspectrice Josie Quinn t. 9),https://www.amazon.fr/Sauvez-son-%C3%A2me-formidable-linspectrice-ebook/dp/B0DYF7Y2XP/ref=sr_1_119,"12,99 €",Lisa  Regan,"4,5 sur 5 étoiles, détails de l’évaluation",857,Format Kindle,https://m.media-amazon.com/images/I/81SN9b89ALL._AC_UY218_.jpg,2025-09-04T18:20:40.691281,Description non disponible depuis la recherche,Stock non disponible,ISBN non disponible,Éditeur non disponible,Date non disponible,Nombre de pages non disponible,Rang de vente non disponible,Science-Fiction,8.0,,,,
Le Secret des Anges - Tome 1 Contrainte,https://www.amazon.fr/Secret-Anges-1-Contrainte-ebook/dp/B0F2CMY759/ref=sr_1_120,"9,99 €",Solène Luna,"4,6 sur 5 étoiles, détails de l’évaluation",160,Format Kindle,https://m.media-amazon.com/images/I/81AnJikdMnL._AC_UY218_.jpg,2025-09-04T18:20:40.693675,Description non disponible depuis la recherche,Stock non disponible,ISBN non disponible,Éditeur non disponible,Date non disponible,Nombre de pages non disponible,Rang de vente non disponible,Science-Fiction,8.0,,,,
"Collection Jules Verne - Sélection I - Contient 3 livres :: Voyage au centre de la Terre, Le Tour du monde en quatre-vingts jours, Vingt Mille Lieues sous les mers",https://www.amazon.fr/Collection-Jules-Verne-S%C3%A9lection-quatre-vingts/dp/8410981947/ref=sr_1_121,"16,95 €",RBA Coleccionables,"3,9 sur 5 étoiles, détails de l’évaluation",14,Relié,https://m.media-amazon.com/images/I/911E5rA-iBL._AC_UY218_.jpg,2025-09-04T18:20:40.695831,Description non disponible depuis la recherche,Stock non disponible,ISBN non disponible,Éditeur non disponible,Date non disponible,Nombre de pages non disponible,Rang de vente non disponible,Science-Fiction,8.0,,,,
Retrouvez-la vivante: Une intrigue pleine de mystère et de suspens (Les enquêtes de l'inspectrice Josie Quinn t. 8),https://www.amazon.fr/Retrouvez-vivante-intrigue-enqu%C3%AAtes-linspectrice-ebook/dp/B0DWLDSYZS/ref=sr_1_135,"11,98 €",Lisa Regan,"4,6 sur 5 étoiles, détails de l’évaluation",940,Format Kindle,https://m.media-amazon.com/images/I/81h41haOs+L._AC_UY218_.jpg,2025-09-04T18:20:52.678838,Description non disponible depuis la recherche,Stock non disponible,ISBN non disponible,Éditeur non disponible,Date non disponible,Nombre de pages non disponible,Rang de vente non disponible,Science-Fiction,9.0,,,,
Son Cri silencieux: Un thriller mystérieux et addictif (Les enquêtes de l'inspectrice Josie Quinn t. 6),https://www.amazon.fr/Son-Cri-silencieux-myst%C3%A9rieux-linspectrice-ebook/dp/B0DK2XV2RW/ref=sr_1_136,"12,99 €",Lisa  Regan,"4,6 sur 5 étoiles, détails de l’évaluation",1 401,Format Kindle,https://m.media-amazon.com/images/I/81hXIKKox3L._AC_UY218_.jpg,2025-09-04T18:20:52.680859,Description non disponible depuis la recherche,Stock non disponible,ISBN non disponible,Éditeur non disponible,Date non disponible,Nombre de pages non disponible,Rang de vente non disponible,Science-Fiction,9.0,,,,
Au Bord De L’effondrement : Thriller Post-Apocalyptique (Série Edge of Collapse t. 1),https://www.amazon.fr/Au-Bord-Leffondrement-Thriller-Post-Apocalyptique-ebook/dp/B0D32NF3FB/ref=sr_1_137,"15,81 €",Kyla Stone,"4,5 sur 5 étoiles, détails de l’évaluation",2 177,Format Kindle,https://m.media-amazon.com/images/I/81923GC2h9L._AC_UY218_.jpg,2025-09-04T18:20:52.683974,Description non disponible depuis la recherche,Stock non disponible,ISBN non disponible,Éditeur non disponible,Date non disponible,Nombre de pages non disponible,Rang de vente non disponible,Science-Fiction,9.0,,,,
Reste calme: Un thriller policier sombre et mystérieux (Les enquêtes de l'inspectrice Josie Quinn t. 7),https://www.amazon.fr/Reste-calme-thriller-myst%C3%A9rieux-linspectrice-ebook/dp/B0DS624MRW/ref=sr_1_138,"12,99 €",Lisa Regan,"4,4 sur 5 étoiles, détails de l’évaluation",1 186,Format Kindle,https://m.media-amazon.com/images/I/81nCxjqSjaL._AC_UY218_.jpg,2025-09-04T18:20:52.686080,Description non disponible depuis la recherche,Stock non disponible,ISBN non disponible,Éditeur non disponible,Date non disponible,Nombre de pages non disponible,Rang de vente non disponible,Science-Fiction,9.0,,,,
Dis-lui au revoir: Thriller psychologique inspiré d'une histoire vraie (Mes romans noirs à suspense),https://www.amazon.fr/Dis-lui-revoir-psychologique-inspir%C3%A9-histoire-ebook/dp/B0CX57LPFR/ref=sr_1_141,"17,90 €",Jeanne Yliss,"4,4 sur 5 étoiles, détails de l’évaluation",6 219,Format Kindle,https://m.media-amazon.com/images/I/81-pq5vHkYL._AC_UY218_.jpg,2025-09-04T18:20:52.694957,Description non disponible depuis la recherche,Stock non disponible,ISBN non disponible,Éditeur non disponible,Date non disponible,Nombre de pages non disponible,Rang de vente non disponible,Science-Fiction,9.0,,,,
Synopsix,https://www.amazon.fr/Synopsix-Ang%C3%A9lina-Delcroix/dp/2755693991/ref=sr_1_148,"8,50 €",Angélina Delcroix,"4,5 sur 5 étoiles, détails de l’évaluation",319,Poche,https://m.media-amazon.com/images/I/71KoI56BNrL._AC_UY218_.jpg,2025-09-04T18:21:01.820059,Description non disponible depuis la recherche,Stock non disponible,ISBN non disponible,Éditeur non disponible,Date non disponible,Nombre de pages non disponible,Rang de vente non disponible,Science-Fiction,10.0,,,,
Ce que tu as fait de moi,https://www.amazon.fr/que-fait-moi-Karine-GIEBEL/dp/2266313274/ref=sr_1_149,"9,90 €",Karine Giebel,"4,4 sur 5 étoiles, détails de l’évaluation",3 364,Poche,https://m.media-amazon.com/images/I/51JjWGi85VL._AC_UY218_.jpg,2025-09-04T18:21:01.823254,Description non disponible depuis la recherche,Stock non disponible,ISBN non disponible,Éditeur non disponible,Date non disponible,Nombre de pages non disponible,Rang de vente non disponible,Science-Fiction,10.0,,,,
The Devil's Sons - Tome 4,https://www.amazon.fr/Devils-Sons-4-Chlo%C3%A9-Wallerand-ebook/dp/B0CXKKDJQW/ref=sr_1_150,"5,99 €",Chloé Wallerand,"4,7 sur 5 étoiles, détails de l’évaluation",1 949,Format Kindle,https://m.media-amazon.com/images/I/81lP-gCfJQL._AC_UY218_.jpg,2025-09-04T18:21:01.826304,Description non disponible depuis la recherche,Stock non disponible,ISBN non disponible,Éditeur non disponible,Date non disponible,Nombre de pages non disponible,Rang de vente non disponible,Science-Fiction,10.0,,,,
The South Girl - Tome 2: King's University,https://www.amazon.fr/South-Girl-Kings-University-ebook/dp/B0DH4XH9Q6/ref=sr_1_151,"5,99 €",Aya Estrela,"4,7 sur 5 étoiles, détails de l’évaluation",1 261,Format Kindle,https://m.media-amazon.com/images/I/8122xZvrmcL._AC_UY218_.jpg,2025-09-04T18:21:01.829572,Description non disponible depuis la recherche,Stock non disponible,ISBN non disponible,Éditeur non disponible,Date non disponible,Nombre de pages non disponible,Rang de vente non disponible,Science-Fiction,10.0,,,,
"Les Nuits de la peur bleue (Le Bureau des affaires occultes, Tome 3)",https://www.amazon.fr/Nuits-bleue-Bureau-affaires-occultes/dp/2253249602/ref=sr_1_152,"9,40 €",Éric Fouassier,"4,4 sur 5 étoiles, détails de l’évaluation",2 349,Poche,https://m.media-amazon.com/images/I/81pTF+deRIL._AC_UY218_.jpg,2025-09-04T18:21:01.832724,Description non disponible depuis la recherche,Stock non disponible,ISBN non disponible,Éditeur non disponible,Date non disponible,Nombre de pages non disponible,Rang de vente non disponible,Science-Fiction,10.0,,,,
Les enquêtes de l'inspecteur Higgins - Tome 58 Parfum de crime (58),https://www.amazon.fr/enqu%C3%AAtes-linspecteur-Higgins-Parfum-crime/dp/2374489477/ref=sr_1_153,"14,90 €",Christian Jacq,Note non disponible,0 avis,Broché,https://m.media-amazon.com/images/I/61aGpKiP4PL._AC_UY218_.jpg,2025-09-04T18:21:01.835292,Description non disponible depuis la recherche,Stock non disponible,ISBN non disponible,Éditeur non disponible,Date non disponible,Nombre de pages non disponible,Rang de vente non disponible,Science-Fiction,10.0,,,,
Entre deux mondes,https://www.amazon.fr/Entre-deux-mondes-Olivier-NOREK/dp/2266286382/ref=sr_1_154,"8,70 €",Olivier Norek,"4,6 sur 5 étoiles, détails de l’évaluation",7 152,Poche,https://m.media-amazon.com/images/I/7189lPI+UdL._AC_UY218_.jpg,2025-09-04T18:21:01.838588,Description non disponible depuis la recherche,Stock non disponible,ISBN non disponible,Éditeur non disponible,Date non disponible,Nombre de pages non disponible,Rang de vente non disponible,Science-Fiction,10.0,,,,
Glen Affric: Le nouveau thriller poche de Karine Giebel numéro 1 des ventes - Prix HarperCollins Poche,https://www.amazon.fr/Glen-Affric-nouveau-attendu-fran%C3%A7ais/dp/B0CQLFLBJM/ref=sr_1_158,"10,50 €",Karine Giebel,"4,6 sur 5 étoiles, détails de l’évaluation",1 436,Poche,https://m.media-amazon.com/images/I/71nqq4ozbvL._AC_UY218_.jpg,2025-09-04T18:21:01.850576,Description non disponible depuis la recherche,Stock non disponible,ISBN non disponible,Éditeur non disponible,Date non disponible,Nombre de pages non disponible,Rang de vente non disponible,Science-Fiction,10.0,,,,
Le Skinwalker: Les enquêtes du commandant Gabriel Gerfaut - Hors série,https://www.amazon.fr/Skinwalker-enqu%C3%AAtes-commandant-Gabriel-Gerfaut-ebook/dp/B0F8BR92TH/ref=sr_1_159,"2,99 €",Gilles Milo-Vacéri,"4,4 sur 5 étoiles, détails de l’évaluation",356,Format Kindle,https://m.media-amazon.com/images/I/81qqz8-wvoL._AC_UY218_.jpg,2025-09-04T18:21:01.852615,Description non disponible depuis la recherche,Stock non disponible,ISBN non disponible,Éditeur non disponible,Date non disponible,Nombre de pages non disponible,Rang de vente non disponible,Science-Fiction,10.0,,,,
La Faille,https://www.amazon.fr/Faille-Franck-Thilliez/dp/2266339583/ref=sr_1_160,"9,60 €",Franck Thilliez,"4,5 sur 5 étoiles, détails de l’évaluation",5 457,Poche,https://m.media-amazon.com/images/I/61HYwh59QAL._AC_UY218_.jpg,2025-09-04T18:21:01.856016,Description non disponible depuis la recherche,Stock non disponible,ISBN non disponible,Éditeur non disponible,Date non disponible,Nombre de pages non disponible,Rang de vente non disponible,Science-Fiction,10.0,,,,
La Doublure,https://www.amazon.fr/Doublure-M%C3%A9lissa-Costa/dp/2253244589/ref=sr_1_161,"10,90 €",Mélissa Da Costa,"4,2 sur 5 étoiles, détails de l’évaluation",4 799,Poche,https://m.media-amazon.com/images/I/71HIhYHkQKL._AC_UY218_.jpg,2025-09-04T18:21:01.859251,Description non disponible depuis la recherche,Stock non disponible,ISBN non disponible,Éditeur non disponible,Date non disponible,Nombre de pages non disponible,Rang de vente non disponible,Science-Fiction,10.0,,,,
Son Contact mortel: Un thriller policier au suspens haletant (Les enquêtes de l'inspectrice Josie Quinn t. 12),https://www.amazon.fr/Son-Contact-mortel-thriller-linspectrice-ebook/dp/B0F3J3ZPV9/ref=sr_1_162,"4,99 €",de Lisa  Regan et Vincent Guilluy | 24 septembre 2025,Note non disponible,0 avis,Format Kindle,https://m.media-amazon.com/images/I/81-mOh50-+L._AC_UY218_.jpg,2025-09-04T18:21:01.862140,Description non disponible depuis la recherche,Stock non disponible,ISBN non disponible,Éditeur non disponible,Date non disponible,Nombre de pages non disponible,Rang de vente non disponible,Science-Fiction,10.0,,,,
Faux-semblant,https://www.amazon.fr/Faux-semblant-Jorn-Lier-Horst-ebook/dp/B0FDH2ZF5G/ref=sr_1_163,"14,99 €",Jorn Lier Horst,"4,4 sur 5 étoiles, détails de l’évaluation",27,Format Kindle,https://m.media-amazon.com/images/I/81iHBOs5RhL._AC_UY218_.jpg,2025-09-04T18:21:01.865260,Description non disponible depuis la recherche,Stock non disponible,ISBN non disponible,Éditeur non disponible,Date non disponible,Nombre de pages non disponible,Rang de vente non disponible,Science-Fiction,10.0,,,,
La Famille d'en face: Un thriller psychologique incroyable au final époustouflant,https://www.amazon.fr/Famille-den-face-psychologique-%C3%A9poustouflant-ebook/dp/B0CRS894KW/ref=sr_1_164,"15,99 €",Nicole  Trope,"4,2 sur 5 étoiles, détails de l’évaluation",4 280,Format Kindle,https://m.media-amazon.com/images/I/81VRQ9VeDIL._AC_UY218_.jpg,2025-09-04T18:21:01.867350,Description non disponible depuis la recherche,Stock non disponible,ISBN non disponible,Éditeur non disponible,Date non disponible,Nombre de pages non disponible,Rang de vente non disponible,Science-Fiction,10.0,,,,
Révolution bleue - La Clef des songes,https://www.amazon.fr/R%C3%A9volution-bleue-songes-Jean-Pierre-Goux/dp/2416019929/ref=sr_1_163,"22,90 €",Jean-Pierre Goux,"2,0 sur 5 étoiles, détails de l’évaluation",1,Broché,https://m.media-amazon.com/images/I/81WaiSp+FeL._AC_UY218_.jpg,2025-09-04T18:26:58.224527,Description non disponible depuis la recherche,Stock non disponible,ISBN non disponible,Éditeur non disponible,Date non disponible,Nombre de pages non disponible,Rang de vente non disponible,Science-Fiction,11.0,,,,
The Devil's Sons - Tome 3,https://www.amazon.fr/Devils-Sons-3-Chlo%C3%A9-Wallerand-ebook/dp/B0C9DQ83KV/ref=sr_1_164,"5,99 €",Chloé Wallerand,"4,8 sur 5 étoiles, détails de l’évaluation",2 186,Format Kindle,https://m.media-amazon.com/images/I/817qtjlhmTL._AC_UY218_.jpg,2025-09-04T18:26:58.228869,Description non disponible depuis la recherche,Stock non disponible,ISBN non disponible,Éditeur non disponible,Date non disponible,Nombre de pages non disponible,Rang de vente non disponible,Science-Fiction,11.0,,,,
"Omniscient Reader's Viewpoint (novel), Vol. 1",https://www.amazon.fr/Omniscient-Readers-Viewpoint-novel-Vol/dp/B0DK8D2642/ref=sr_1_165,"14,51 €",singNsong,"4,6 sur 5 étoiles, détails de l’évaluation",188,Broché,https://m.media-amazon.com/images/I/71iwyy-U0WL._AC_UY218_.jpg,2025-09-04T18:26:58.233098,Description non disponible depuis la recherche,Stock non disponible,ISBN non disponible,Éditeur non disponible,Date non disponible,Nombre de pages non disponible,Rang de vente non disponible,Science-Fiction,11.0,,,,
"Kiara, diamant écorché par le sang - Tome 2",https://www.amazon.fr/Kiara-diamant-%C3%A9corch%C3%A9-par-sang/dp/2809849919/ref=sr_1_166,"20,00 €",Hazel Diaz,"4,7 sur 5 étoiles, détails de l’évaluation",261,Broché,https://m.media-amazon.com/images/I/61HaTpyKE1L._AC_UY218_.jpg,2025-09-04T18:26:58.237174,Description non disponible depuis la recherche,Stock non disponible,ISBN non disponible,Éditeur non disponible,Date non disponible,Nombre de pages non disponible,Rang de vente non disponible,Science-Fiction,11.0,,,,
Famille parfaite,https://www.amazon.fr/Famille-parfaite-Lisa-Gardner/dp/2253237086/ref=sr_1_167,"9,90 €",Lisa Gardner,"4,3 sur 5 étoiles, détails de l’évaluation",7 118,Poche,https://m.media-amazon.com/images/I/81g0roNRJ9L._AC_UY218_.jpg,2025-09-04T18:26:58.241353,Description non disponible depuis la recherche,Stock non disponible,ISBN non disponible,Éditeur non disponible,Date non disponible,Nombre de pages non disponible,Rang de vente non disponible,Science-Fiction,11.0,,,,
L'ombre des légendes,https://www.amazon.fr/Lombre-l%C3%A9gendes-Sergue%C3%AF-Jirnov/dp/2889443027/ref=sr_1_168,"22,90 €",Sergueï Jirnov,"4,4 sur 5 étoiles, détails de l’évaluation",46,Broché,https://m.media-amazon.com/images/I/61Z98t3kCuL._AC_UY218_.jpg,2025-09-04T18:26:58.244319,Description non disponible depuis la recherche,Stock non disponible,ISBN non disponible,Éditeur non disponible,Date non disponible,Nombre de pages non disponible,Rang de vente non disponible,Science-Fiction,11.0,,,,
Par accident,https://www.amazon.fr/Par-accident-Harlan-COBEN/dp/2266292153/ref=sr_1_169,"9,00 €",Harlan Coben,"4,3 sur 5 étoiles, détails de l’évaluation",3 516,Poche,https://m.media-amazon.com/images/I/61rE+HwsgcL._AC_UY218_.jpg,2025-09-04T18:26:58.248177,Description non disponible depuis la recherche,Stock non disponible,ISBN non disponible,Éditeur non disponible,Date non disponible,Nombre de pages non disponible,Rang de vente non disponible,Science-Fiction,11.0,,,,
Requiem pour la dame blanche,https://www.amazon.fr/Requiem-pour-dame-blanche-Fouassier-ebook/dp/B0DYGK7HSB/ref=sr_1_170,"6,99 €",Eric Fouassier,"4,3 sur 5 étoiles, détails de l’évaluation",179,Format Kindle,https://m.media-amazon.com/images/I/71O5TfjzM0L._AC_UY218_.jpg,2025-09-04T18:26:58.252355,Description non disponible depuis la recherche,Stock non disponible,ISBN non disponible,Éditeur non disponible,Date non disponible,Nombre de pages non disponible,Rang de vente non disponible,Science-Fiction,11.0,,,,
You belong to me (French Edition),https://www.amazon.fr/Audible-You-belong-me-French/dp/B0FDKTFBDX/ref=sr_1_173,"0,00 €",Livres audio Audible,"4,5 sur 5 étoiles, détails de l’évaluation",2 247,Livres audio Audible,https://m.media-amazon.com/images/I/81y4rg7st4L._AC_UY218_.jpg,2025-09-04T18:26:58.262766,Description non disponible depuis la recherche,Stock non disponible,ISBN non disponible,Éditeur non disponible,Date non disponible,Nombre de pages non disponible,Rang de vente non disponible,Science-Fiction,11.0,,,,
Plus noir que noir,https://www.amazon.fr/Audible-Plus-noir-que/dp/B0DXVLQTQW/ref=sr_1_174,"0,00 €",Livres audio Audible,"4,5 sur 5 étoiles, détails de l’évaluation",452,Livres audio Audible,https://m.media-amazon.com/images/I/81doeoDdDRL._AC_UY218_.jpg,2025-09-04T18:26:58.266387,Description non disponible depuis la recherche,Stock non disponible,ISBN non disponible,Éditeur non disponible,Date non disponible,Nombre de pages non disponible,Rang de vente non disponible,Science-Fiction,11.0,,,,
Ne la réveillez pas,https://www.amazon.fr/Ne-r%C3%A9veillez-pas-Ang%C3%A9lina-DELCROIX/dp/2266292137/ref=sr_1_175,"9,00 €",Angélina Delcroix,"4,4 sur 5 étoiles, détails de l’évaluation",826,Poche,https://m.media-amazon.com/images/I/61ZeAEwxa3L._AC_UY218_.jpg,2025-09-04T18:26:58.269294,Description non disponible depuis la recherche,Stock non disponible,ISBN non disponible,Éditeur non disponible,Date non disponible,Nombre de pages non disponible,Rang de vente non disponible,Science-Fiction,11.0,,,,
Transylvania,https://www.amazon.fr/Transylvania-Nicolas-Beuglet/dp/2374489213/ref=sr_1_176,"21,90 €",de Nicolas Beuglet | 18 septembre 2025,Note non disponible,0 avis,Broché,https://m.media-amazon.com/images/I/61KajsRKw3L._AC_UY218_.jpg,2025-09-04T18:26:58.275380,Description non disponible depuis la recherche,Stock non disponible,ISBN non disponible,Éditeur non disponible,Date non disponible,Nombre de pages non disponible,Rang de vente non disponible,Science-Fiction,11.0,,,,
"Le Murder club du jeudi (Le Murder Club enquête, Tome 1)",https://www.amazon.fr/Murder-club-du-jeudi/dp/2253107654/ref=sr_1_177,"9,90 €",Richard Osman,"4,1 sur 5 étoiles, détails de l’évaluation",351,Poche,https://m.media-amazon.com/images/I/81BfeNnYysL._AC_UY218_.jpg,2025-09-04T18:26:58.279552,Description non disponible depuis la recherche,Stock non disponible,ISBN non disponible,Éditeur non disponible,Date non disponible,Nombre de pages non disponible,Rang de vente non disponible,Science-Fiction,11.0,,,,
Je crois que je l'ai tuée: quand une partie de cache-cache tourne au cauchemar...,https://www.amazon.fr/crois-que-lai-tu%C3%A9e-cache-cache-ebook/dp/B0DZNP91KM/ref=sr_1_178,"19,99 €",Andrea Mara,"4,4 sur 5 étoiles, détails de l’évaluation",494,Format Kindle,https://m.media-amazon.com/images/I/81qEyFE4baL._AC_UY218_.jpg,2025-09-04T18:26:58.284869,Description non disponible depuis la recherche,Stock non disponible,ISBN non disponible,Éditeur non disponible,Date non disponible,Nombre de pages non disponible,Rang de vente non disponible,Science-Fiction,11.0,,,,
Valentina - Tome 04,https://www.amazon.fr/Valentina-04-Azra-Reed/dp/2755677708/ref=sr_1_179,"19,95 €",Azra Reed,Note non disponible,0 avis,Broché,https://m.media-amazon.com/images/I/710AyzSHZGL._AC_UY218_.jpg,2025-09-04T18:26:58.287817,Description non disponible depuis la recherche,Stock non disponible,ISBN non disponible,Éditeur non disponible,Date non disponible,Nombre de pages non disponible,Rang de vente non disponible,Science-Fiction,11.0,,,,
J'aurais aimé te tuer: Un thriller captivant récompensé par le Prix Cognac du meilleur roman francophone,https://www.amazon.fr/Jaurais-aim%C3%A9-tuer-r%C3%A9compens%C3%A9-francophone/dp/B0BRPT1VYT/ref=sr_1_180,"8,10 €",Pétronille Rostagnat,"4,3 sur 5 étoiles, détails de l’évaluation",1 693,Poche,https://m.media-amazon.com/images/I/71v4TYXDanL._AC_UY218_.jpg,2025-09-04T18:26:58.291176,Description non disponible depuis la recherche,Stock non disponible,ISBN non disponible,Éditeur non disponible,Date non disponible,Nombre de pages non disponible,Rang de vente non disponible,Science-Fiction,11.0,,,,
"Kiara, diamant écorché par le sang - Tome 3",https://www.amazon.fr/Kiara-diamant-%C3%A9corch%C3%A9-par-sang/dp/2809849935/ref=sr_1_179,"20,00 €",Hazel Diaz,"4,7 sur 5 étoiles, détails de l’évaluation",213,Broché,https://m.media-amazon.com/images/I/61A1G+2lDHL._AC_UY218_.jpg,2025-09-04T18:27:07.440481,Description non disponible depuis la recherche,Stock non disponible,ISBN non disponible,Éditeur non disponible,Date non disponible,Nombre de pages non disponible,Rang de vente non disponible,Science-Fiction,12.0,,,,
The Devil's Sons - Tome 2,https://www.amazon.fr/Devils-Sons-2-Chlo%C3%A9-Wallerand-ebook/dp/B0BSNV5FWW/ref=sr_1_180,"5,99 €",Chloé Wallerand,"4,7 sur 5 étoiles, détails de l’évaluation",3 133,Format Kindle,https://m.media-amazon.com/images/I/81hDjYMfFeL._AC_UY218_.jpg,2025-09-04T18:27:07.443977,Description non disponible depuis la recherche,Stock non disponible,ISBN non disponible,Éditeur non disponible,Date non disponible,Nombre de pages non disponible,Rang de vente non disponible,Science-Fiction,12.0,,,,
Si je serais grande,https://www.amazon.fr/Si-serais-grande-Ang%C3%A9lina-Delcroix/dp/2755673761/ref=sr_1_181,"8,90 €",Angélina Delcroix,"4,5 sur 5 étoiles, détails de l’évaluation",286,Broché,https://m.media-amazon.com/images/I/71RptdzwZVL._AC_UY218_.jpg,2025-09-04T18:27:07.446332,Description non disponible depuis la recherche,Stock non disponible,ISBN non disponible,Éditeur non disponible,Date non disponible,Nombre de pages non disponible,Rang de vente non disponible,Science-Fiction,12.0,,,,
Mamie Luger,https://www.amazon.fr/Mamie-Luger-Benoit-Philippon/dp/2253241482/ref=sr_1_182,"8,90 €",Benoît Philippon,"4,6 sur 5 étoiles, détails de l’évaluation",2 353,Poche,https://m.media-amazon.com/images/I/71wQpTRB1SL._AC_UY218_.jpg,2025-09-04T18:27:07.449633,Description non disponible depuis la recherche,Stock non disponible,ISBN non disponible,Éditeur non disponible,Date non disponible,Nombre de pages non disponible,Rang de vente non disponible,Science-Fiction,12.0,,,,
Dernière Soirée,https://www.amazon.fr/Derni%C3%A8re-Soir%C3%A9e-Lisa-Gardner-ebook/dp/B0DNRRR329/ref=sr_1_183,"15,99 €",Lisa Gardner,"4,4 sur 5 étoiles, détails de l’évaluation",1 750,Format Kindle,https://m.media-amazon.com/images/I/81CXTXteKiL._AC_UY218_.jpg,2025-09-04T18:27:07.452810,Description non disponible depuis la recherche,Stock non disponible,ISBN non disponible,Éditeur non disponible,Date non disponible,Nombre de pages non disponible,Rang de vente non disponible,Science-Fiction,12.0,,,,
"7m2 (Les Enquêtes du département V, Tome 10)",https://www.amazon.fr/7m2-Enqu%C3%AAtes-d%C3%A9partement-Jussi-Adler-Olsen/dp/2253253464/ref=sr_1_184,"10,40 €",Jussi Adler-Olsen,"4,4 sur 5 étoiles, détails de l’évaluation",2 090,Poche,https://m.media-amazon.com/images/I/81+ip0x0fRL._AC_UY218_.jpg,2025-09-04T18:27:07.456224,Description non disponible depuis la recherche,Stock non disponible,ISBN non disponible,Éditeur non disponible,Date non disponible,Nombre de pages non disponible,Rang de vente non disponible,Science-Fiction,12.0,,,,
Protocole chaos - Quels sont les liens entre Trump et la Russie ?,https://www.amazon.fr/Protocole-chaos-Quels-liens-Russie/dp/2357208708/ref=sr_1_185,"22,50 €",José Rodrigues Dos Santos,"4,3 sur 5 étoiles, détails de l’évaluation",166,Broché,https://m.media-amazon.com/images/I/61lnBlJ-SXL._AC_UY218_.jpg,2025-09-04T18:27:07.459811,Description non disponible depuis la recherche,Stock non disponible,ISBN non disponible,Éditeur non disponible,Date non disponible,Nombre de pages non disponible,Rang de vente non disponible,Science-Fiction,12.0,,,,
The Southgirl : Tome 1 - Kings University,https://www.amazon.fr/Southgirl-1-Kings-University/dp/2381511849/ref=sr_1_186,"19,90 €",Aya Estrela,"4,6 sur 5 étoiles, détails de l’évaluation",1 361,Broché,https://m.media-amazon.com/images/I/91jNaX1dXXL._AC_UY218_.jpg,2025-09-04T18:27:07.462791,Description non disponible depuis la recherche,Stock non disponible,ISBN non disponible,Éditeur non disponible,Date non disponible,Nombre de pages non disponible,Rang de vente non disponible,Science-Fiction,12.0,,,,
La mauvaise fille,https://www.amazon.fr/mauvaise-fille-Dandy-Smith-ebook/dp/B0FHW8QW9D/ref=sr_1_189,"12,99 €",Dandy Smith,"4,1 sur 5 étoiles, détails de l’évaluation",16,Format Kindle,https://m.media-amazon.com/images/I/713W6cNcdyL._AC_UY218_.jpg,2025-09-04T18:27:07.472166,Description non disponible depuis la recherche,Stock non disponible,ISBN non disponible,Éditeur non disponible,Date non disponible,Nombre de pages non disponible,Rang de vente non disponible,Science-Fiction,12.0,,,,
Tu nous appartiens,https://www.amazon.fr/Tu-nous-appartiens-J-P-Delaney/dp/2253249785/ref=sr_1_190,"9,90 €",J.P. Delaney,"4,4 sur 5 étoiles, détails de l’évaluation",262,Poche,https://m.media-amazon.com/images/I/71xD6Te1qQL._AC_UY218_.jpg,2025-09-04T18:27:07.475526,Description non disponible depuis la recherche,Stock non disponible,ISBN non disponible,Éditeur non disponible,Date non disponible,Nombre de pages non disponible,Rang de vente non disponible,Science-Fiction,12.0,,,,
L'Infirmière,https://www.amazon.fr/LInfirmi%C3%A8re-Valerie-Keogh/dp/2253253251/ref=sr_1_191,"9,40 €",Valerie Keogh,"4,2 sur 5 étoiles, détails de l’évaluation",123,Poche,https://m.media-amazon.com/images/I/810sqRJbRzL._AC_UY218_.jpg,2025-09-04T18:27:07.479131,Description non disponible depuis la recherche,Stock non disponible,ISBN non disponible,Éditeur non disponible,Date non disponible,Nombre de pages non disponible,Rang de vente non disponible,Science-Fiction,12.0,,,,
Douce Menace,https://www.amazon.fr/Douce-Menace-L%C3%A9a-Simone-Allegria/dp/2226496319/ref=sr_1_192,"20,90 €",Léa Simone Allegria,Note non disponible,0 avis,Broché,https://m.media-amazon.com/images/I/81ul-QjugXL._AC_UY218_.jpg,2025-09-04T18:27:07.482500,Description non disponible depuis la recherche,Stock non disponible,ISBN non disponible,Éditeur non disponible,Date non disponible,Nombre de pages non disponible,Rang de vente non disponible,Science-Fiction,12.0,,,,
Sur les chemins du crime,https://www.amazon.fr/Sur-chemins-crime-Jacques-Dallest/dp/237254408X/ref=sr_1_193,"22,00 €",Jacques Dallest,"4,5 sur 5 étoiles, détails de l’évaluation",34,Broché,https://m.media-amazon.com/images/I/7195cAss03L._AC_UY218_.jpg,2025-09-04T18:27:07.486262,Description non disponible depuis la recherche,Stock non disponible,ISBN non disponible,Éditeur non disponible,Date non disponible,Nombre de pages non disponible,Rang de vente non disponible,Science-Fiction,12.0,,,,
L'île des damnés - poche,https://www.amazon.fr/L%C3%AEle-damn%C3%A9s-poche-Ang%C3%A9lina-Delcroix/dp/2755663979/ref=sr_1_194,"8,90 €",Angélina Delcroix,"4,4 sur 5 étoiles, détails de l’évaluation",461,Poche,https://m.media-amazon.com/images/I/81A5m+Xnb0L._AC_UY218_.jpg,2025-09-04T18:27:07.489487,Description non disponible depuis la recherche,Stock non disponible,ISBN non disponible,Éditeur non disponible,Date non disponible,Nombre de pages non disponible,Rang de vente non disponible,Science-Fiction,12.0,,,,
Dark Butterfly,https://www.amazon.fr/Dark-Butterfly-Sam-D-Blaven/dp/B0FJ8N14WM/ref=sr_1_195,"18,90 €",Sam D. Blaven,"4,7 sur 5 étoiles, détails de l’évaluation",79,Broché,https://m.media-amazon.com/images/I/71yoEBxJ30L._AC_UY218_.jpg,2025-09-04T18:27:07.491982,Description non disponible depuis la recherche,Stock non disponible,ISBN non disponible,Éditeur non disponible,Date non disponible,Nombre de pages non disponible,Rang de vente non disponible,Science-Fiction,12.0,,,,
Juste une ombre,https://www.amazon.fr/Juste-une-ombre-Karine-Giebel/dp/2266238574/ref=sr_1_196,"9,30 €",Karine Giebel,"4,5 sur 5 étoiles, détails de l’évaluation",2 454,Poche,https://m.media-amazon.com/images/I/710RMdubTRL._AC_UY218_.jpg,2025-09-04T18:27:07.494693,Description non disponible depuis la recherche,Stock non disponible,ISBN non disponible,Éditeur non disponible,Date non disponible,Nombre de pages non disponible,Rang de vente non disponible,Science-Fiction,12.0,,,,
Les Ressuscités,https://www.amazon.fr/Ressuscit%C3%A9s-Jacques-Ravenne/dp/2709674289/ref=sr_1_195,"20,90 €",Jacques Ravenne,"4,3 sur 5 étoiles, détails de l’évaluation",230,Broché,https://m.media-amazon.com/images/I/81OgtACPdtL._AC_UY218_.jpg,2025-09-04T18:27:19.686504,Description non disponible depuis la recherche,Stock non disponible,ISBN non disponible,Éditeur non disponible,Date non disponible,Nombre de pages non disponible,Rang de vente non disponible,Science-Fiction,13.0,,,,
Au bord de la défiance: Thriller Post-Apocalyptique (Série Edge of Collapse t. 5),https://www.amazon.fr/Au-bord-d%C3%A9fiance-Thriller-Post-Apocalyptique-ebook/dp/B0D8MFGMPM/ref=sr_1_196,"17,92 €",Kyla Stone,"4,6 sur 5 étoiles, détails de l’évaluation",1 283,Format Kindle,https://m.media-amazon.com/images/I/81D6E9Vy5rL._AC_UY218_.jpg,2025-09-04T18:27:19.689271,Description non disponible depuis la recherche,Stock non disponible,ISBN non disponible,Éditeur non disponible,Date non disponible,Nombre de pages non disponible,Rang de vente non disponible,Science-Fiction,13.0,,,,
"Le courant d'air: Une autrice n°1 des ventes de suspense en Irlande, un roman habilement construit",https://www.amazon.fr/courant-dair-suspense-habilement-construit/dp/2809850887/ref=sr_1_197,"23,00 €",Catherine Ryan Howard,"4,4 sur 5 étoiles, détails de l’évaluation",100,Broché,https://m.media-amazon.com/images/I/61rCwRytwPL._AC_UY218_.jpg,2025-09-04T18:27:19.692462,Description non disponible depuis la recherche,Stock non disponible,ISBN non disponible,Éditeur non disponible,Date non disponible,Nombre de pages non disponible,Rang de vente non disponible,Science-Fiction,13.0,,,,
La Chambre des morts,https://www.amazon.fr/Chambre-morts-Franck-Thilliez/dp/2266205013/ref=sr_1_198,"8,70 €",Franck Thilliez,"4,3 sur 5 étoiles, détails de l’évaluation",3 817,Poche,https://m.media-amazon.com/images/I/619wcNjN+6L._AC_UY218_.jpg,2025-09-04T18:27:19.696936,Description non disponible depuis la recherche,Stock non disponible,ISBN non disponible,Éditeur non disponible,Date non disponible,Nombre de pages non disponible,Rang de vente non disponible,Science-Fiction,13.0,,,,
Comme toi (Hauteville Suspense),https://www.amazon.fr/Comme-Milady-Suspense-Lisa-Jewell-ebook/dp/B07J1NM923/ref=sr_1_199,"5,99 €",Lisa Jewell,"4,4 sur 5 étoiles, détails de l’évaluation",16 458,Format Kindle,https://m.media-amazon.com/images/I/81ZGzufnUVL._AC_UY218_.jpg,2025-09-04T18:27:19.700115,Description non disponible depuis la recherche,Stock non disponible,ISBN non disponible,Éditeur non disponible,Date non disponible,Nombre de pages non disponible,Rang de vente non disponible,Science-Fiction,13.0,,,,
Surtensions,https://www.amazon.fr/Surtensions-Olivier-NOREK/dp/226627080X/ref=sr_1_200,"9,00 €",Olivier Norek,"4,5 sur 5 étoiles, détails de l’évaluation",6 281,Poche,https://m.media-amazon.com/images/I/71SUlpzEojL._AC_UY218_.jpg,2025-09-04T18:27:19.703344,Description non disponible depuis la recherche,Stock non disponible,ISBN non disponible,Éditeur non disponible,Date non disponible,Nombre de pages non disponible,Rang de vente non disponible,Science-Fiction,13.0,,,,
La Fée noire: Un coup de maître dès son premier roman,https://www.amazon.fr/F%C3%A9e-noire-ma%C3%AEtre-premier-roman/dp/2376101638/ref=sr_1_201,"8,00 €",Pétronille Rostagnat,"4,3 sur 5 étoiles, détails de l’évaluation",581,Poche,https://m.media-amazon.com/images/I/71ntj4IuYsL._AC_UY218_.jpg,2025-09-04T18:27:19.706512,Description non disponible depuis la recherche,Stock non disponible,ISBN non disponible,Éditeur non disponible,Date non disponible,Nombre de pages non disponible,Rang de vente non disponible,Science-Fiction,13.0,,,,
Le Serpent et la Mule,https://www.amazon.fr/Serpent-Mule-Marina-M-L/dp/2381511555/ref=sr_1_202,"19,90 €",Marina M.L,"4,7 sur 5 étoiles, détails de l’évaluation",2 123,Broché,https://m.media-amazon.com/images/I/81DB0laq5FL._AC_UY218_.jpg,2025-09-04T18:27:19.709317,Description non disponible depuis la recherche,Stock non disponible,ISBN non disponible,Éditeur non disponible,Date non disponible,Nombre de pages non disponible,Rang de vente non disponible,Science-Fiction,13.0,,,,
"Le Fantôme du Vicaire (Le Bureau des affaires occultes, Tome 2)",https://www.amazon.fr/Fant%C3%B4me-Vicaire-Bureau-affaires-occultes/dp/2253244023/ref=sr_1_205,"9,40 €",Éric Fouassier,"4,5 sur 5 étoiles, détails de l’évaluation",3 666,Poche,https://m.media-amazon.com/images/I/71bG8A3fSUL._AC_UY218_.jpg,2025-09-04T18:27:19.719129,Description non disponible depuis la recherche,Stock non disponible,ISBN non disponible,Éditeur non disponible,Date non disponible,Nombre de pages non disponible,Rang de vente non disponible,Science-Fiction,13.0,,,,
À qui sait attendre,https://www.amazon.fr/qui-sait-attendre-Michael-Connelly-ebook/dp/B0DSJDBYLH/ref=sr_1_206,"15,99 €",Michael Connelly,"4,4 sur 5 étoiles, détails de l’évaluation",897,Format Kindle,https://m.media-amazon.com/images/I/81WpcEZp3-L._AC_UY218_.jpg,2025-09-04T18:27:19.722563,Description non disponible depuis la recherche,Stock non disponible,ISBN non disponible,Éditeur non disponible,Date non disponible,Nombre de pages non disponible,Rang de vente non disponible,Science-Fiction,13.0,,,,
Toxic,https://www.amazon.fr/Toxic-Joyce-Kitten/dp/B09WYS8TH3/ref=sr_1_207,"17,40 €",Joyce Kitten,"4,6 sur 5 étoiles, détails de l’évaluation",3 270,Broché,https://m.media-amazon.com/images/I/71+0YsdjVdL._AC_UY218_.jpg,2025-09-04T18:27:19.724672,Description non disponible depuis la recherche,Stock non disponible,ISBN non disponible,Éditeur non disponible,Date non disponible,Nombre de pages non disponible,Rang de vente non disponible,Science-Fiction,13.0,,,,
Territoires,https://www.amazon.fr/Territoires-Olivier-NOREK/dp/226625278X/ref=sr_1_208,"8,70 €",Olivier Norek,"4,5 sur 5 étoiles, détails de l’évaluation",5 677,Poche,https://m.media-amazon.com/images/I/61CeLcz+r+L._AC_UY218_.jpg,2025-09-04T18:27:19.728178,Description non disponible depuis la recherche,Stock non disponible,ISBN non disponible,Éditeur non disponible,Date non disponible,Nombre de pages non disponible,Rang de vente non disponible,Science-Fiction,13.0,,,,
Sur la dalle,https://www.amazon.fr/Sur-dalle-Fred-Vargas-ebook/dp/B0BZW1RZ7F/ref=sr_1_209,"8,49 €",Fred Vargas,"4,1 sur 5 étoiles, détails de l’évaluation",4 978,Format Kindle,https://m.media-amazon.com/images/I/710d-76ao+L._AC_UY218_.jpg,2025-09-04T18:27:19.731358,Description non disponible depuis la recherche,Stock non disponible,ISBN non disponible,Éditeur non disponible,Date non disponible,Nombre de pages non disponible,Rang de vente non disponible,Science-Fiction,13.0,,,,
Le Dieu des Bois (Grand Prix des Lectrices ELLE Policier 2025),https://www.amazon.fr/Dieu-Bois-Grand-Lectrices-Policier-ebook/dp/B0DYVB1HNH/ref=sr_1_210,"16,99 €",Liz Moore,"4,4 sur 5 étoiles, détails de l’évaluation",313,Format Kindle,https://m.media-amazon.com/images/I/8118Dqb8VML._AC_UY218_.jpg,2025-09-04T18:27:19.733978,Description non disponible depuis la recherche,Stock non disponible,ISBN non disponible,Éditeur non disponible,Date non disponible,Nombre de pages non disponible,Rang de vente non disponible,Science-Fiction,13.0,,,,
D'entre les morts d'Alexis Laipsker. Nouveauté poche 2025. Un thriller nerveux et puissant.,https://www.amazon.fr/dAlexis-Laipsker-Nouveaut%C3%A9-thriller-puissant/dp/2266347071/ref=sr_1_211,"9,60 €",Alexis Laipsker,"4,3 sur 5 étoiles, détails de l’évaluation",559,Poche,https://m.media-amazon.com/images/I/71+AafHnp8L._AC_UY218_.jpg,2025-09-04T18:27:19.737472,Description non disponible depuis la recherche,Stock non disponible,ISBN non disponible,Éditeur non disponible,Date non disponible,Nombre de pages non disponible,Rang de vente non disponible,Science-Fiction,13.0,,,,
Troublemaker - Intégrale (Édition collector limitée),https://www.amazon.fr/Troublemaker-Int%C3%A9grale-%C3%89dition-collector-limit%C3%A9e/dp/2017335150/ref=sr_1_212,"39,90 €",Laura Swan,Note non disponible,0 avis,Relié,https://m.media-amazon.com/images/I/71+dU8eSHiL._AC_UY218_.jpg,2025-09-04T18:27:19.739647,Description non disponible depuis la recherche,Stock non disponible,ISBN non disponible,Éditeur non disponible,Date non disponible,Nombre de pages non disponible,Rang de vente non disponible,Science-Fiction,13.0,,,,
Au bord de la bravoure: Thriller Post-Apocalyptique (Série Edge of Collapse t. 7),https://www.amazon.fr/Au-bord-bravoure-Thriller-Post-Apocalyptique-ebook/dp/B0DCKJB426/ref=sr_1_211,"18,98 €",Kyla Stone,"4,7 sur 5 étoiles, détails de l’évaluation",1 809,Format Kindle,https://m.media-amazon.com/images/I/81u6RhY5jLL._AC_UY218_.jpg,2025-09-04T18:27:30.667629,Description non disponible depuis la recherche,Stock non disponible,ISBN non disponible,Éditeur non disponible,Date non disponible,Nombre de pages non disponible,Rang de vente non disponible,Science-Fiction,14.0,,,,
Au bord des ténèbres : Thriller post-apocalyptique (Série Edge of Collapse t. 3),https://www.amazon.fr/Au-bord-t%C3%A9n%C3%A8bres-Thriller-post-apocalyptique-ebook/dp/B0D36JQZGR/ref=sr_1_212,"16,87 €",Kyla Stone,"4,5 sur 5 étoiles, détails de l’évaluation",1 441,Format Kindle,https://m.media-amazon.com/images/I/81sSqRlB9yL._AC_UY218_.jpg,2025-09-04T18:27:30.670940,Description non disponible depuis la recherche,Stock non disponible,ISBN non disponible,Éditeur non disponible,Date non disponible,Nombre de pages non disponible,Rang de vente non disponible,Science-Fiction,14.0,,,,
My Dark prince - VF (New romance),https://www.amazon.fr/My-Dark-prince-New-romance-ebook/dp/B0F5HPKYFH/ref=sr_1_213,"9,99 €",Parker S. Huntington,"4,6 sur 5 étoiles, détails de l’évaluation",43,Format Kindle,https://m.media-amazon.com/images/I/81pB-n0MPpL._AC_UY218_.jpg,2025-09-04T18:27:30.674985,Description non disponible depuis la recherche,Stock non disponible,ISBN non disponible,Éditeur non disponible,Date non disponible,Nombre de pages non disponible,Rang de vente non disponible,Science-Fiction,14.0,,,,
Labyrinthes : Le nouveau Thriller du maître du polar – Nouveauté Poche 2023,https://www.amazon.fr/Labyrinthes-Franck-Thilliez/dp/2266332570/ref=sr_1_214,"9,00 €",Franck Thilliez,"4,2 sur 5 étoiles, détails de l’évaluation",3 738,Poche,https://m.media-amazon.com/images/I/61Um-o303hL._AC_UY218_.jpg,2025-09-04T18:27:30.678473,Description non disponible depuis la recherche,Stock non disponible,ISBN non disponible,Éditeur non disponible,Date non disponible,Nombre de pages non disponible,Rang de vente non disponible,Science-Fiction,14.0,,,,
The Pumpkin Spice Café,https://www.amazon.fr/Pumpkin-Spice-Caf%C3%A9-Laurie-Gilmore/dp/0008610673/ref=sr_1_215,"13,48 €",Laurie Gilmore,"3,8 sur 5 étoiles, détails de l’évaluation",57 118,Broché,https://m.media-amazon.com/images/I/81SY28F1TzL._AC_UY218_.jpg,2025-09-04T18:27:30.682358,Description non disponible depuis la recherche,Stock non disponible,ISBN non disponible,Éditeur non disponible,Date non disponible,Nombre de pages non disponible,Rang de vente non disponible,Science-Fiction,14.0,,,,
Nous rêvions juste de liberté,https://www.amazon.fr/revions-juste-libert%C3%A9-Henri-Loevenbruck/dp/2290119075/ref=sr_1_216,"9,40 €",Henri Loevenbruck,"4,6 sur 5 étoiles, détails de l’évaluation",2 263,Poche,https://m.media-amazon.com/images/I/618EFS8YceL._AC_UY218_.jpg,2025-09-04T18:27:30.685698,Description non disponible depuis la recherche,Stock non disponible,ISBN non disponible,Éditeur non disponible,Date non disponible,Nombre de pages non disponible,Rang de vente non disponible,Science-Fiction,14.0,,,,
Italian Mafia - Russian Mafia - Tome 2: Inédit Poche,https://www.amazon.fr/Italian-Mafia-Russian-In%C3%A9dit-Poche/dp/2017272825/ref=sr_1_217,"8,90 €",Emma Bardiau,"4,7 sur 5 étoiles, détails de l’évaluation",762,Poche,https://m.media-amazon.com/images/I/811uVnKwlPL._AC_UY218_.jpg,2025-09-04T18:27:30.689276,Description non disponible depuis la recherche,Stock non disponible,ISBN non disponible,Éditeur non disponible,Date non disponible,Nombre de pages non disponible,Rang de vente non disponible,Science-Fiction,14.0,,,,
"Kiara, diamant écorché par le sang - Tome 1",https://www.amazon.fr/Kiara-diamant-%C3%A9corch%C3%A9-par-sang/dp/2809849897/ref=sr_1_218,"20,00 €",Hazel Diaz,"4,5 sur 5 étoiles, détails de l’évaluation",343,Broché,https://m.media-amazon.com/images/I/61Q3CZF9T2L._AC_UY218_.jpg,2025-09-04T18:27:30.692707,Description non disponible depuis la recherche,Stock non disponible,ISBN non disponible,Éditeur non disponible,Date non disponible,Nombre de pages non disponible,Rang de vente non disponible,Science-Fiction,14.0,,,,
Meurtres pour rédemption,https://www.amazon.fr/Meurtres-pour-r%C3%A9demption-Karine-Giebel/dp/2266180746/ref=sr_1_221,"10,70 €",Karine Giebel,"4,5 sur 5 étoiles, détails de l’évaluation",2 767,Poche,https://m.media-amazon.com/images/I/51VDdOmfuXL._AC_UY218_.jpg,2025-09-04T18:27:30.702518,Description non disponible depuis la recherche,Stock non disponible,ISBN non disponible,Éditeur non disponible,Date non disponible,Nombre de pages non disponible,Rang de vente non disponible,Science-Fiction,14.0,,,,
Hell's Lake - Crescendo,https://www.amazon.fr/Hells-Lake-Crescendo-Alyxia-Fall-ebook/dp/B0F22XCHB5/ref=sr_1_222,"9,99 €",de Alyxia Fall | 3 avril 2025,"4,6 sur 5 étoiles, détails de l’évaluation",509,Format Kindle,https://m.media-amazon.com/images/I/81S-fss7-lL._AC_UY218_.jpg,2025-09-04T18:27:30.705737,Description non disponible depuis la recherche,Stock non disponible,ISBN non disponible,Éditeur non disponible,Date non disponible,Nombre de pages non disponible,Rang de vente non disponible,Science-Fiction,14.0,,,,
Les Éveillées,https://www.amazon.fr/%C3%89veill%C3%A9es-%C3%89ric-Giacometti/dp/2709674262/ref=sr_1_223,"20,90 €",Éric Giacometti,"4,2 sur 5 étoiles, détails de l’évaluation",224,Broché,https://m.media-amazon.com/images/I/71c3VMLL0jL._AC_UY218_.jpg,2025-09-04T18:27:30.709047,Description non disponible depuis la recherche,Stock non disponible,ISBN non disponible,Éditeur non disponible,Date non disponible,Nombre de pages non disponible,Rang de vente non disponible,Science-Fiction,14.0,,,,
Ouvre-moi,https://www.amazon.fr/Audible-Ouvre-moi/dp/B0F1DH8PYP/ref=sr_1_224,"0,00 €",Livres audio Audible,"4,4 sur 5 étoiles, détails de l’évaluation",578,Livres audio Audible,https://m.media-amazon.com/images/I/81S6s66PR+L._AC_UY218_.jpg,2025-09-04T18:27:30.712738,Description non disponible depuis la recherche,Stock non disponible,ISBN non disponible,Éditeur non disponible,Date non disponible,Nombre de pages non disponible,Rang de vente non disponible,Science-Fiction,14.0,,,,
Vous êtes cordialement invités,https://www.amazon.fr/Vous-%C3%AAtes-cordialement-invit%C3%A9s-paranormal-ebook/dp/B09DQ6KRXR/ref=sr_1_225,"1,50 €",Alex  Sol,"4,0 sur 5 étoiles, détails de l’évaluation",2 140,Format Kindle,https://m.media-amazon.com/images/I/81dIRaMAL6L._AC_UY218_.jpg,2025-09-04T18:27:30.717150,Description non disponible depuis la recherche,Stock non disponible,ISBN non disponible,Éditeur non disponible,Date non disponible,Nombre de pages non disponible,Rang de vente non disponible,Science-Fiction,14.0,,,,
La toile du Silence - Tome 2 Little Liar (2),https://www.amazon.fr/toile-Silence-Little-Liar/dp/2386900355/ref=sr_1_226,"22,00 €",Leigh Rivers,Note non disponible,0 avis,Broché,https://m.media-amazon.com/images/I/711nCKg0A1L._AC_UY218_.jpg,2025-09-04T18:27:30.722831,Description non disponible depuis la recherche,Stock non disponible,ISBN non disponible,Éditeur non disponible,Date non disponible,Nombre de pages non disponible,Rang de vente non disponible,Science-Fiction,14.0,,,,
Possession - Tome 01 Quand tu seras mienne (Broché),https://www.amazon.fr/Possession-Quand-seras-mienne-Broch%C3%A9/dp/2385661632/ref=sr_1_227,"18,90 €",Morgan Bridges,"4,2 sur 5 étoiles, détails de l’évaluation",48,Broché,https://m.media-amazon.com/images/I/61KiqGkU4mL._AC_UY218_.jpg,2025-09-04T18:27:30.726153,Description non disponible depuis la recherche,Stock non disponible,ISBN non disponible,Éditeur non disponible,Date non disponible,Nombre de pages non disponible,Rang de vente non disponible,Science-Fiction,14.0,,,,
"Ça aurait pu être le paradis (Siri Bergman, 1)",https://www.amazon.fr/aurait-%C3%AAtre-paradis-Siri-Bergman-ebook/dp/B0DCNYH8TS/ref=sr_1_228,"4,49 €",Camilla Grebe,"4,2 sur 5 étoiles, détails de l’évaluation",283,Format Kindle,https://m.media-amazon.com/images/I/711KAK0BTJL._AC_UY218_.jpg,2025-09-04T18:27:30.730605,Description non disponible depuis la recherche,Stock non disponible,ISBN non disponible,Éditeur non disponible,Date non disponible,Nombre de pages non disponible,Rang de vente non disponible,Science-Fiction,14.0,,,,
"Comment te croire ?: Par l'autrice de ""J'aurais aimé te tuer"" lauréat du Prix Cognac",https://www.amazon.fr/Comment-croire-lautrice-Jaurais-laur%C3%A9at/dp/B0DSKJVSL2/ref=sr_1_227,"8,10 €",Pétronille Rostagnat,"4,4 sur 5 étoiles, détails de l’évaluation",727,Poche,https://m.media-amazon.com/images/I/81QwQ21sudL._AC_UY218_.jpg,2025-09-04T18:27:40.425935,Description non disponible depuis la recherche,Stock non disponible,ISBN non disponible,Éditeur non disponible,Date non disponible,Nombre de pages non disponible,Rang de vente non disponible,Science-Fiction,15.0,,,,
Alex,https://www.amazon.fr/Alex-Pierre-Lemaitre/dp/2253166448/ref=sr_1_228,"9,40 €",Pierre Lemaitre,"4,4 sur 5 étoiles, détails de l’évaluation",7 175,Poche,https://m.media-amazon.com/images/I/71YTyXkwgjL._AC_UY218_.jpg,2025-09-04T18:27:40.429294,Description non disponible depuis la recherche,Stock non disponible,ISBN non disponible,Éditeur non disponible,Date non disponible,Nombre de pages non disponible,Rang de vente non disponible,Science-Fiction,15.0,,,,
The Pumpkin Spice Café Coloring Book,https://www.amazon.fr/Pumpkin-Spice-Caf%C3%A9-Coloring-Book/dp/0008759855/ref=sr_1_229,"13,55 €",Laurie Gilmore,"4,5 sur 5 étoiles, détails de l’évaluation",63,Broché,https://m.media-amazon.com/images/I/81DBARR7rvL._AC_UY218_.jpg,2025-09-04T18:27:40.431588,Description non disponible depuis la recherche,Stock non disponible,ISBN non disponible,Éditeur non disponible,Date non disponible,Nombre de pages non disponible,Rang de vente non disponible,Science-Fiction,15.0,,,,
"Inside MAC, tome 1 (dark romance)",https://www.amazon.fr/Inside-MAC-1-dark-romance-ebook/dp/B0CRVYN4TD/ref=sr_1_230,"0,00 €",de Heli Eny | 26 janvier 2024,"4,8 sur 5 étoiles, détails de l’évaluation",1 444,Format Kindle,https://m.media-amazon.com/images/I/81aHD-SZ0pL._AC_UY218_.jpg,2025-09-04T18:27:40.435095,Description non disponible depuis la recherche,Stock non disponible,ISBN non disponible,Éditeur non disponible,Date non disponible,Nombre de pages non disponible,Rang de vente non disponible,Science-Fiction,15.0,,,,
The Guilty Mother,https://www.amazon.fr/Guilty-Mother-Diane-Jeffrey/dp/B0DWS91DP7/ref=sr_1_231,"9,30 €",Diane Jeffrey,"4,9 sur 5 étoiles, détails de l’évaluation",10,Poche,https://m.media-amazon.com/images/I/71QXLtGCvrL._AC_UY218_.jpg,2025-09-04T18:27:40.437187,Description non disponible depuis la recherche,Stock non disponible,ISBN non disponible,Éditeur non disponible,Date non disponible,Nombre de pages non disponible,Rang de vente non disponible,Science-Fiction,15.0,,,,
"Twisted Kingdom, Royal Elite Tome 3",https://www.amazon.fr/Twisted-Kingdom-Royal-Elite-3/dp/2017306010/ref=sr_1_232,"8,90 €",Rina Kent,"4,7 sur 5 étoiles, détails de l’évaluation",368,Poche,https://m.media-amazon.com/images/I/81yrt--NTcL._AC_UY218_.jpg,2025-09-04T18:27:40.440209,Description non disponible depuis la recherche,Stock non disponible,ISBN non disponible,Éditeur non disponible,Date non disponible,Nombre de pages non disponible,Rang de vente non disponible,Science-Fiction,15.0,,,,
Sur leurs traces: Finaliste Prix Maison de la presse 2025 - le polar domestique de l'été !,https://www.amazon.fr/Sur-leurs-traces-Finaliste-domestique/dp/B0DSKKBMSH/ref=sr_1_233,"21,50 €",Pétronille Rostagnat,"4,5 sur 5 étoiles, détails de l’évaluation",307,Broché,https://m.media-amazon.com/images/I/81mvWCZFykL._AC_UY218_.jpg,2025-09-04T18:27:40.443503,Description non disponible depuis la recherche,Stock non disponible,ISBN non disponible,Éditeur non disponible,Date non disponible,Nombre de pages non disponible,Rang de vente non disponible,Science-Fiction,15.0,,,,
Nymphéas noirs,https://www.amazon.fr/Nymph%C3%A9as-noirs-Michel-Bussi/dp/2266222376/ref=sr_1_234,"9,60 €",Michel Bussi,"4,3 sur 5 étoiles, détails de l’évaluation",8 321,Poche,https://m.media-amazon.com/images/I/71HcCmXTy2L._AC_UY218_.jpg,2025-09-04T18:27:40.446941,Description non disponible depuis la recherche,Stock non disponible,ISBN non disponible,Éditeur non disponible,Date non disponible,Nombre de pages non disponible,Rang de vente non disponible,Science-Fiction,15.0,,,,
Dans son silence,https://www.amazon.fr/Dans-son-silence-Alex-Michaelides/dp/2253258199/ref=sr_1_237,"9,40 €",Alex Michaelides,"4,4 sur 5 étoiles, détails de l’évaluation",1 709,Poche,https://m.media-amazon.com/images/I/81vbdgx69qL._AC_UY218_.jpg,2025-09-04T18:27:40.456417,Description non disponible depuis la recherche,Stock non disponible,ISBN non disponible,Éditeur non disponible,Date non disponible,Nombre de pages non disponible,Rang de vente non disponible,Science-Fiction,15.0,,,,
Méfie-toi,https://www.amazon.fr/M%C3%A9fie-toi-thriller-policier-contemporain-nouveaut%C3%A9-ebook/dp/B0D8CMR6HJ/ref=sr_1_238,"15,99 €",Harlan Coben,"4,3 sur 5 étoiles, détails de l’évaluation",2 335,Format Kindle,https://m.media-amazon.com/images/I/81NpeIzw2eL._AC_UY218_.jpg,2025-09-04T18:27:40.459559,Description non disponible depuis la recherche,Stock non disponible,ISBN non disponible,Éditeur non disponible,Date non disponible,Nombre de pages non disponible,Rang de vente non disponible,Science-Fiction,15.0,,,,
Troublemaker - Tome 1,https://www.amazon.fr/Troublemaker-Laura-Swan/dp/2017206997/ref=sr_1_239,"20,00 €",Laura Swan,"4,6 sur 5 étoiles, détails de l’évaluation",981,Broché,https://m.media-amazon.com/images/I/8178F0IxJHL._AC_UY218_.jpg,2025-09-04T18:27:40.463053,Description non disponible depuis la recherche,Stock non disponible,ISBN non disponible,Éditeur non disponible,Date non disponible,Nombre de pages non disponible,Rang de vente non disponible,Science-Fiction,15.0,,,,
Castel Boy (French Edition),https://www.amazon.fr/Audible-Castel-Boy-French-Edition/dp/B0F9Z4CR36/ref=sr_1_240,"0,00 €",Livres audio Audible,"4,7 sur 5 étoiles, détails de l’évaluation",436,Livres audio Audible,https://m.media-amazon.com/images/I/919--JB9SwL._AC_UY218_.jpg,2025-09-04T18:27:40.466009,Description non disponible depuis la recherche,Stock non disponible,ISBN non disponible,Éditeur non disponible,Date non disponible,Nombre de pages non disponible,Rang de vente non disponible,Science-Fiction,15.0,,,,
Ils n'ont rien vu: le roman phénomène au Royaume-Uni,https://www.amazon.fr/Ils-nont-rien-ph%C3%A9nom%C3%A8ne-Royaume-Uni-ebook/dp/B0D3B7X33Z/ref=sr_1_241,"19,99 €",Andrea Mara,"4,2 sur 5 étoiles, détails de l’évaluation",2 221,Format Kindle,https://m.media-amazon.com/images/I/81r5FvdN14L._AC_UY218_.jpg,2025-09-04T18:27:40.468859,Description non disponible depuis la recherche,Stock non disponible,ISBN non disponible,Éditeur non disponible,Date non disponible,Nombre de pages non disponible,Rang de vente non disponible,Science-Fiction,15.0,,,,
Agatha Raisin 36 - Drôles d'oiseaux: Gare à ne pas se brûler les ailes !,https://www.amazon.fr/Agatha-Raisin-36-Dr%C3%B4les-doiseaux/dp/2226498745/ref=sr_1_242,"14,90 €",M. C. Beaton,"4,6 sur 5 étoiles, détails de l’évaluation",363,Broché,https://m.media-amazon.com/images/I/81j5jnJQ-XL._AC_UY218_.jpg,2025-09-04T18:27:40.472081,Description non disponible depuis la recherche,Stock non disponible,ISBN non disponible,Éditeur non disponible,Date non disponible,Nombre de pages non disponible,Rang de vente non disponible,Science-Fiction,15.0,,,,
La Lune était noire (Cal-Lévy- R. Pépin),https://www.amazon.fr/Lune-%C3%A9tait-noire-Cal-L%C3%A9vy-P%C3%A9pin-ebook/dp/B007UOU2T8/ref=sr_1_243,"7,99 €",Michael Connelly,"4,3 sur 5 étoiles, détails de l’évaluation",926,Format Kindle,https://m.media-amazon.com/images/I/71WFQ2QM14L._AC_UY218_.jpg,2025-09-04T18:27:40.474665,Description non disponible depuis la recherche,Stock non disponible,ISBN non disponible,Éditeur non disponible,Date non disponible,Nombre de pages non disponible,Rang de vente non disponible,Science-Fiction,15.0,,,,
Triangle Noir,https://www.amazon.fr/Triangle-Noir-Niko-Tackian-ebook/dp/B0CW1G39VV/ref=sr_1_244,"4,99 €",Niko Tackian,"4,2 sur 5 étoiles, détails de l’évaluation",720,Format Kindle,https://m.media-amazon.com/images/I/916mtXBk+6L._AC_UY218_.jpg,2025-09-04T18:27:40.478438,Description non disponible depuis la recherche,Stock non disponible,ISBN non disponible,Éditeur non disponible,Date non disponible,Nombre de pages non disponible,Rang de vente non disponible,Science-Fiction,15.0,,,,
Toxic - t.2 (Dark romance),https://www.amazon.fr/Toxic-Dark-romance-Joyce-Kitten/dp/B0B28FXGY7/ref=sr_1_243,"17,40 €",Joyce Kitten,"4,7 sur 5 étoiles, détails de l’évaluation",3 872,Broché,https://m.media-amazon.com/images/I/71SOKTBnEYL._AC_UY218_.jpg,2025-09-04T18:27:48.666286,Description non disponible depuis la recherche,Stock non disponible,ISBN non disponible,Éditeur non disponible,Date non disponible,Nombre de pages non disponible,Rang de vente non disponible,Science-Fiction,16.0,,,,
Prime time,https://www.amazon.fr/Prime-time-Maxime-Chattam-ebook/dp/B0DJQ2TVQG/ref=sr_1_244,"15,99 €",Maxime Chattam,"4,4 sur 5 étoiles, détails de l’évaluation",1 345,Format Kindle,https://m.media-amazon.com/images/I/91fQkjAAuaL._AC_UY218_.jpg,2025-09-04T18:27:48.670312,Description non disponible depuis la recherche,Stock non disponible,ISBN non disponible,Éditeur non disponible,Date non disponible,Nombre de pages non disponible,Rang de vente non disponible,Science-Fiction,16.0,,,,
Ils étaient dix,https://www.amazon.fr/Dix-petits-n%C3%A8gres-Agatha-Christie/dp/201000910X/ref=sr_1_245,"7,90 €",Agatha Christie,"4,6 sur 5 étoiles, détails de l’évaluation",174,Poche,https://m.media-amazon.com/images/I/81bDqD1Pt0L._AC_UY218_.jpg,2025-09-04T18:27:48.673075,Description non disponible depuis la recherche,Stock non disponible,ISBN non disponible,Éditeur non disponible,Date non disponible,Nombre de pages non disponible,Rang de vente non disponible,Science-Fiction,16.0,,,,
Il ment Un peu… Beaucoup (Suspense et Sentiments),https://www.amazon.fr/ment-peu-Beaucoup-Suspense-Sentiments-ebook/dp/B0DXRZ3J9Z/ref=sr_1_246,"18,99 €",Julia Salvador,"4,5 sur 5 étoiles, détails de l’évaluation",1 036,Format Kindle,https://m.media-amazon.com/images/I/71rA9aJs-NL._AC_UY218_.jpg,2025-09-04T18:27:48.676260,Description non disponible depuis la recherche,Stock non disponible,ISBN non disponible,Éditeur non disponible,Date non disponible,Nombre de pages non disponible,Rang de vente non disponible,Science-Fiction,16.0,,,,
Rien n'est vrai,https://www.amazon.fr/Audible-Rien-nest-vrai/dp/B0DP9TV51W/ref=sr_1_247,"0,00 €",Livres audio Audible,"4,4 sur 5 étoiles, détails de l’évaluation",1 220,Livres audio Audible,https://m.media-amazon.com/images/I/91UBQVeG8FL._AC_UY218_.jpg,2025-09-04T18:27:48.680220,Description non disponible depuis la recherche,Stock non disponible,ISBN non disponible,Éditeur non disponible,Date non disponible,Nombre de pages non disponible,Rang de vente non disponible,Science-Fiction,16.0,,,,
Le Manuscrit inachevé,https://www.amazon.fr/Manuscrit-inachev%C3%A9-Franck-THILLIEZ/dp/2266293001/ref=sr_1_248,"9,90 €",Franck Thilliez,"4,4 sur 5 étoiles, détails de l’évaluation",4 680,Poche,https://m.media-amazon.com/images/I/61WHAAjnaJL._AC_UY218_.jpg,2025-09-04T18:27:48.684344,Description non disponible depuis la recherche,Stock non disponible,ISBN non disponible,Éditeur non disponible,Date non disponible,Nombre de pages non disponible,Rang de vente non disponible,Science-Fiction,16.0,,,,
The Curious Incident of the Dog in the Night-time: The classic Sunday Times bestseller,https://www.amazon.fr/Curious-Incident-Dog-Night-time/dp/0099450259/ref=sr_1_249,"9,49 €",Mark Haddon,"4,5 sur 5 étoiles, détails de l’évaluation",34 480,Broché,https://m.media-amazon.com/images/I/61q11L2zo6L._AC_UY218_.jpg,2025-09-04T18:27:48.688816,Description non disponible depuis la recherche,Stock non disponible,ISBN non disponible,Éditeur non disponible,Date non disponible,Nombre de pages non disponible,Rang de vente non disponible,Science-Fiction,16.0,,,,
Impact,https://www.amazon.fr/Impact-Olivier-NOREK/dp/2266316427/ref=sr_1_250,"8,40 €",Olivier Norek,"4,3 sur 5 étoiles, détails de l’évaluation",2 762,Poche,https://m.media-amazon.com/images/I/61pRftCrXZL._AC_UY218_.jpg,2025-09-04T18:27:48.692380,Description non disponible depuis la recherche,Stock non disponible,ISBN non disponible,Éditeur non disponible,Date non disponible,Nombre de pages non disponible,Rang de vente non disponible,Science-Fiction,16.0,,,,
Le mystère de Lismore Island,https://www.amazon.fr/myst%C3%A8re-Lismore-Island-Manon-Charlotte-ebook/dp/B0CPMB1XF7/ref=sr_1_253,"12,99 €",Manon  Charlotte,"4,4 sur 5 étoiles, détails de l’évaluation",2 291,Format Kindle,https://m.media-amazon.com/images/I/71xGQq0AYNL._AC_UY218_.jpg,2025-09-04T18:27:48.702391,Description non disponible depuis la recherche,Stock non disponible,ISBN non disponible,Éditeur non disponible,Date non disponible,Nombre de pages non disponible,Rang de vente non disponible,Science-Fiction,16.0,,,,
Abysses - Tome 02,https://www.amazon.fr/Abysses-02-C-S-Quill/dp/2755679778/ref=sr_1_254,"19,95 €",C. S. Quill,Note non disponible,0 avis,Broché,https://m.media-amazon.com/images/I/81SURSZDqWL._AC_UY218_.jpg,2025-09-04T18:27:48.706889,Description non disponible depuis la recherche,Stock non disponible,ISBN non disponible,Éditeur non disponible,Date non disponible,Nombre de pages non disponible,Rang de vente non disponible,Science-Fiction,16.0,,,,
The Thursday Murder Club: The first novel in the multi-million copy bestselling murder mystery series (English Edition),https://www.amazon.fr/Thursday-Murder-Club-English-ebook/dp/B07S5D5TH7/ref=sr_1_255,"8,99 €",Richard Osman,"4,3 sur 5 étoiles, détails de l’évaluation",170 282,Format Kindle,https://m.media-amazon.com/images/I/71zrZf-nvTL._AC_UY218_.jpg,2025-09-04T18:27:48.711203,Description non disponible depuis la recherche,Stock non disponible,ISBN non disponible,Éditeur non disponible,Date non disponible,Nombre de pages non disponible,Rang de vente non disponible,Science-Fiction,16.0,,,,
Deuils de miel,https://www.amazon.fr/Deuils-miel-Franck-Thilliez/dp/2266205005/ref=sr_1_256,"8,70 €",Franck Thilliez,"4,4 sur 5 étoiles, détails de l’évaluation",3 858,Poche,https://m.media-amazon.com/images/I/61933WiE+rL._AC_UY218_.jpg,2025-09-04T18:27:48.714889,Description non disponible depuis la recherche,Stock non disponible,ISBN non disponible,Éditeur non disponible,Date non disponible,Nombre de pages non disponible,Rang de vente non disponible,Science-Fiction,16.0,,,,
"Agenda Scolaire 2025 2026 : Joli Planificateur Journalier Enfant | Pour Garçons et Filles de Primaire, Collège, et Lycée | Format A5 | Thème dessin enfant | Organisation Quotidienne",https://www.amazon.fr/Agenda-Scolaire-2025-2026-Planificateur/dp/B0FBLW44SJ/ref=sr_1_257,"13,60 €",de TAN HENG JUEY | 28 mai 2025,"3,0 sur 5 étoiles, détails de l’évaluation",2,Broché,https://m.media-amazon.com/images/I/71ai4Co7rzL._AC_UY218_.jpg,2025-09-04T18:27:48.717800,Description non disponible depuis la recherche,Stock non disponible,ISBN non disponible,Éditeur non disponible,Date non disponible,Nombre de pages non disponible,Rang de vente non disponible,Science-Fiction,16.0,,,,
Enquêtes avec McSkyz: Spécial serial killer,https://www.amazon.fr/Enqu%C3%AAtes-avec-McSkyz-Sp%C3%A9cial-serial/dp/2017324493/ref=sr_1_258,"9,95 €",de McSkyz | 7 mai 2025,"4,6 sur 5 étoiles, détails de l’évaluation",49,Broché,https://m.media-amazon.com/images/I/81fUjM-DEjL._AC_UY218_.jpg,2025-09-04T18:27:48.721143,Description non disponible depuis la recherche,Stock non disponible,ISBN non disponible,Éditeur non disponible,Date non disponible,Nombre de pages non disponible,Rang de vente non disponible,Science-Fiction,16.0,,,,
La Mère au foyer: Un thriller psychologique captivant servi par de multiples rebondissements,https://www.amazon.fr/M%C3%A8re-foyer-psychologique-captivant-rebondissements-ebook/dp/B0CSFZXHSN/ref=sr_1_259,"15,99 €",Nicole  Trope,"4,0 sur 5 étoiles, détails de l’évaluation",2 627,Format Kindle,https://m.media-amazon.com/images/I/81k8vt6f1FL._AC_UY218_.jpg,2025-09-04T18:27:48.723847,Description non disponible depuis la recherche,Stock non disponible,ISBN non disponible,Éditeur non disponible,Date non disponible,Nombre de pages non disponible,Rang de vente non disponible,Science-Fiction,16.0,,,,
La Clef et la Croix,https://www.amazon.fr/Clef-Croix-Eric-Giacometti/dp/2253253049/ref=sr_1_260,"10,40 €",Jacques Ravenne,"4,4 sur 5 étoiles, détails de l’évaluation",833,Poche,https://m.media-amazon.com/images/I/814wkI5GJrL._AC_UY218_.jpg,2025-09-04T18:27:48.728179,Description non disponible depuis la recherche,Stock non disponible,ISBN non disponible,Éditeur non disponible,Date non disponible,Nombre de pages non disponible,Rang de vente non disponible,Science-Fiction,16.0,,,,
Le Culte,https://www.amazon.fr/Culte-Camilla-L%C3%A4ckberg-ebook/dp/B0BZPTGB11/ref=sr_1_259,"10,99 €",Camilla Läckberg,"4,3 sur 5 étoiles, détails de l’évaluation",1 844,Format Kindle,https://m.media-amazon.com/images/I/91z6NGp4LuL._AC_UY218_.jpg,2025-09-04T18:27:57.264411,Description non disponible depuis la recherche,Stock non disponible,ISBN non disponible,Éditeur non disponible,Date non disponible,Nombre de pages non disponible,Rang de vente non disponible,Science-Fiction,17.0,,,,
L'Etranger dans la maison,https://www.amazon.fr/LEtranger-dans-maison-Shari-LAPENA/dp/2266300164/ref=sr_1_260,"8,10 €",Shari Lapena,"4,2 sur 5 étoiles, détails de l’évaluation",1 141,Poche,https://m.media-amazon.com/images/I/61q-awppm1L._AC_UY218_.jpg,2025-09-04T18:27:57.267711,Description non disponible depuis la recherche,Stock non disponible,ISBN non disponible,Éditeur non disponible,Date non disponible,Nombre de pages non disponible,Rang de vente non disponible,Science-Fiction,17.0,,,,
Ton dernier souffle,https://www.amazon.fr/Ton-dernier-souffle-P%C3%A9tronille-Rostagnat/dp/2376101611/ref=sr_1_261,"8,00 €",Pétronille Rostagnat,"4,3 sur 5 étoiles, détails de l’évaluation",657,Poche,https://m.media-amazon.com/images/I/618oIe0OXOL._AC_UY218_.jpg,2025-09-04T18:27:57.271989,Description non disponible depuis la recherche,Stock non disponible,ISBN non disponible,Éditeur non disponible,Date non disponible,Nombre de pages non disponible,Rang de vente non disponible,Science-Fiction,17.0,,,,
"Les Coeurs apaisés (Le Château des secrets, Tome 3)",https://www.amazon.fr/Coeurs-apais%C3%A9s-Ch%C3%A2teau-secrets/dp/2253248762/ref=sr_1_262,"10,40 €",Marie-Bernadette Dupuy,"4,6 sur 5 étoiles, détails de l’évaluation",1 192,Poche,https://m.media-amazon.com/images/I/81sQH57i1fL._AC_UY218_.jpg,2025-09-04T18:27:57.275103,Description non disponible depuis la recherche,Stock non disponible,ISBN non disponible,Éditeur non disponible,Date non disponible,Nombre de pages non disponible,Rang de vente non disponible,Science-Fiction,17.0,,,,
La Fille du train : Modèle aléatoire,https://www.amazon.fr/Fille-train-Mod%C3%A8le-al%C3%A9atoire/dp/2266254480/ref=sr_1_263,"9,00 €",Paula Hawkins,"3,9 sur 5 étoiles, détails de l’évaluation",11 050,Poche,https://m.media-amazon.com/images/I/51-jDTODecL._AC_UY218_.jpg,2025-09-04T18:27:57.278483,Description non disponible depuis la recherche,Stock non disponible,ISBN non disponible,Éditeur non disponible,Date non disponible,Nombre de pages non disponible,Rang de vente non disponible,Science-Fiction,17.0,,,,
La Vengeance aux yeux noirs (Thrillers),https://www.amazon.fr/Vengeance-aux-yeux-noirs-Thrillers-ebook/dp/B00Y2HZD3Q/ref=sr_1_264,"9,49 €",Lisa Gardner,"4,3 sur 5 étoiles, détails de l’évaluation",2 636,Format Kindle,https://m.media-amazon.com/images/I/61ZNGgi0eyL._AC_UY218_.jpg,2025-09-04T18:27:57.280749,Description non disponible depuis la recherche,Stock non disponible,ISBN non disponible,Éditeur non disponible,Date non disponible,Nombre de pages non disponible,Rang de vente non disponible,Science-Fiction,17.0,,,,
"La nuit des fous, Anouk Shutterberg: Livre policier nouveauté 2023, Thriller noir et passionnant, Roman policier lauréat du prix Noir sur Ormesson, Suite des enquêtes du capitaine Jourdain",https://www.amazon.fr/nuit-fous-Anouk-Shutterberg-passionnant/dp/2266345702/ref=sr_1_265,"9,30 €",Anouk Shutterberg,"4,3 sur 5 étoiles, détails de l’évaluation",548,Poche,https://m.media-amazon.com/images/I/71QNoS7yV4L._AC_UY218_.jpg,2025-09-04T18:27:57.283533,Description non disponible depuis la recherche,Stock non disponible,ISBN non disponible,Éditeur non disponible,Date non disponible,Nombre de pages non disponible,Rang de vente non disponible,Science-Fiction,17.0,,,,
Lucia,https://www.amazon.fr/Lucia-Bernard-Minier/dp/2266332201/ref=sr_1_266,"9,60 €",Bernard Minier,"4,2 sur 5 étoiles, détails de l’évaluation",4 147,Poche,https://m.media-amazon.com/images/I/613sKMvkskL._AC_UY218_.jpg,2025-09-04T18:27:57.286896,Description non disponible depuis la recherche,Stock non disponible,ISBN non disponible,Éditeur non disponible,Date non disponible,Nombre de pages non disponible,Rang de vente non disponible,Science-Fiction,17.0,,,,
Les Racines du Pouvoir: thriller contemporain et fresque historique (Les Maîtres du Globe t. 1),https://www.amazon.fr/Racines-Pouvoir-thriller-contemporain-historique-ebook/dp/B0F3DNV6X8/ref=sr_1_269,"19,90 €",Pierre Schreiber,"4,3 sur 5 étoiles, détails de l’évaluation",447,Format Kindle,https://m.media-amazon.com/images/I/716rr4wB0XL._AC_UY218_.jpg,2025-09-04T18:27:57.295433,Description non disponible depuis la recherche,Stock non disponible,ISBN non disponible,Éditeur non disponible,Date non disponible,Nombre de pages non disponible,Rang de vente non disponible,Science-Fiction,17.0,,,,
"Deux vérités, un mensonge (Hauteville Suspense)",https://www.amazon.fr/Deux-v%C3%A9rit%C3%A9s-mensonge-Hauteville-Suspense-ebook/dp/B0F22445DB/ref=sr_1_270,"9,99 €",Claire McGowan,"4,2 sur 5 étoiles, détails de l’évaluation",194,Format Kindle,https://m.media-amazon.com/images/I/81ESVvY2oKL._AC_UY218_.jpg,2025-09-04T18:27:57.298674,Description non disponible depuis la recherche,Stock non disponible,ISBN non disponible,Éditeur non disponible,Date non disponible,Nombre de pages non disponible,Rang de vente non disponible,Science-Fiction,17.0,,,,
Au bord de l’anarchie: Thriller Post-Apocalyptique (Série Edge of Collapse t. 4),https://www.amazon.fr/Au-bord-lanarchie-Thriller-Post-Apocalyptique-ebook/dp/B0D7WDT5BZ/ref=sr_1_271,"16,87 €",Kyla Stone,"4,6 sur 5 étoiles, détails de l’évaluation",1 830,Format Kindle,https://m.media-amazon.com/images/I/81aKrR-ylAL._AC_UY218_.jpg,2025-09-04T18:27:57.301582,Description non disponible depuis la recherche,Stock non disponible,ISBN non disponible,Éditeur non disponible,Date non disponible,Nombre de pages non disponible,Rang de vente non disponible,Science-Fiction,17.0,,,,
Sarek: Prix du meilleur Polar 2025,https://www.amazon.fr/Sarek-Ulf-Kvensler/dp/B0CVL41BYM/ref=sr_1_272,"10,20 €",Ulf Kvensler,"4,0 sur 5 étoiles, détails de l’évaluation",292,Poche,https://m.media-amazon.com/images/I/51IU19f9iOL._AC_UY218_.jpg,2025-09-04T18:27:57.304922,Description non disponible depuis la recherche,Stock non disponible,ISBN non disponible,Éditeur non disponible,Date non disponible,Nombre de pages non disponible,Rang de vente non disponible,Science-Fiction,17.0,,,,
Nightshade: The Brand New Blockbuster Thriller from the Number One Bestseller (English Edition),https://www.amazon.fr/Nightshade-Pre-Order-Blockbuster-Thriller-Bestseller-ebook/dp/B0DNMP89LH/ref=sr_1_273,"13,99 €",Michael Connelly,"4,3 sur 5 étoiles, détails de l’évaluation",29 637,Format Kindle,https://m.media-amazon.com/images/I/81as39NTyFL._AC_UY218_.jpg,2025-09-04T18:27:57.308337,Description non disponible depuis la recherche,Stock non disponible,ISBN non disponible,Éditeur non disponible,Date non disponible,Nombre de pages non disponible,Rang de vente non disponible,Science-Fiction,17.0,,,,
Emma,https://www.amazon.fr/Emma-Jean-Reno/dp/2266353179/ref=sr_1_274,"9,90 €",Jean Reno,"4,1 sur 5 étoiles, détails de l’évaluation",635,Poche,https://m.media-amazon.com/images/I/61rGc1QoE5L._AC_UY218_.jpg,2025-09-04T18:27:57.311659,Description non disponible depuis la recherche,Stock non disponible,ISBN non disponible,Éditeur non disponible,Date non disponible,Nombre de pages non disponible,Rang de vente non disponible,Science-Fiction,17.0,,,,
Robe de marié,https://www.amazon.fr/Robe-mari%C3%A9-Pierre-Lemaitre/dp/225312060X/ref=sr_1_275,"8,90 €",Pierre Lemaitre,"4,2 sur 5 étoiles, détails de l’évaluation",7 269,Poche,https://m.media-amazon.com/images/I/71V0cwg2VTL._AC_UY218_.jpg,2025-09-04T18:27:57.315100,Description non disponible depuis la recherche,Stock non disponible,ISBN non disponible,Éditeur non disponible,Date non disponible,Nombre de pages non disponible,Rang de vente non disponible,Science-Fiction,17.0,,,,
"1629, ou l'effrayante histoire des naufragés du Jakarta - Tome 02: Chapitre 2 - L'Île rouge",https://www.amazon.fr/1629-leffrayante-histoire-naufrag%C3%A9s-Jakarta/dp/2344058133/ref=sr_1_276,"35,00 €",Xavier Dorison,"4,6 sur 5 étoiles, détails de l’évaluation",72,Relié,https://m.media-amazon.com/images/I/91rVArpNrAL._AC_UY218_.jpg,2025-09-04T18:27:57.317804,Description non disponible depuis la recherche,Stock non disponible,ISBN non disponible,Éditeur non disponible,Date non disponible,Nombre de pages non disponible,Rang de vente non disponible,Science-Fiction,17.0,,,,
Le Code Rose (Grand Prix du Roman Historique 2023),https://www.amazon.fr/Code-Rose-Grand-Roman-Historique/dp/238122503X/ref=sr_1_275,"8,95 €",Kate Quinn,"4,5 sur 5 étoiles, détails de l’évaluation",1 392,Poche,https://m.media-amazon.com/images/I/81OlzMicQLL._AC_UY218_.jpg,2025-09-04T18:28:09.378248,Description non disponible depuis la recherche,Stock non disponible,ISBN non disponible,Éditeur non disponible,Date non disponible,Nombre de pages non disponible,Rang de vente non disponible,Science-Fiction,18.0,,,,
Trois vies par semaine,https://www.amazon.fr/Trois-vies-semaine-Michel-Bussi/dp/2266339001/ref=sr_1_276,"9,60 €",Michel Bussi,"4,3 sur 5 étoiles, détails de l’évaluation",4 744,Poche,https://m.media-amazon.com/images/I/616nI3S0YcL._AC_UY218_.jpg,2025-09-04T18:28:09.381664,Description non disponible depuis la recherche,Stock non disponible,ISBN non disponible,Éditeur non disponible,Date non disponible,Nombre de pages non disponible,Rang de vente non disponible,Science-Fiction,18.0,,,,
Le dernier message,https://www.amazon.fr/dernier-message-Nicolas-Beuglet/dp/2266316192/ref=sr_1_277,"8,70 €",Nicolas Beuglet,"4,4 sur 5 étoiles, détails de l’évaluation",2 800,Poche,https://m.media-amazon.com/images/I/61o0INeb20L._AC_UY218_.jpg,2025-09-04T18:28:09.385095,Description non disponible depuis la recherche,Stock non disponible,ISBN non disponible,Éditeur non disponible,Date non disponible,Nombre de pages non disponible,Rang de vente non disponible,Science-Fiction,18.0,,,,
Le Mystère de Tokyo: Un voyage au cœur des secrets du Japon.,https://www.amazon.fr/Myst%C3%A8re-Tokyo-voyage-secrets-Japon/dp/B0F6ZY73PN/ref=sr_1_278,"11,95 €",Clara Deschamps,"5,0 sur 5 étoiles, détails de l’évaluation",3,Broché,https://m.media-amazon.com/images/I/71OoFwgKuVL._AC_UY218_.jpg,2025-09-04T18:28:09.387347,Description non disponible depuis la recherche,Stock non disponible,ISBN non disponible,Éditeur non disponible,Date non disponible,Nombre de pages non disponible,Rang de vente non disponible,Science-Fiction,18.0,,,,
"Fais pas d’histoires: Quand votre mémoire vous trahit, l'écriture devient votre seule arme. Thriller psychologique glaçant.",https://www.amazon.fr/Fais-pas-dhistoires-l%C3%A9criture-psychologique-ebook/dp/B0FN83NM4N/ref=sr_1_279,"13,70 €",de Solène  Harcourt | 20 août 2025,"4,5 sur 5 étoiles, détails de l’évaluation",4,Format Kindle,https://m.media-amazon.com/images/I/71L2p6XRZLL._AC_UY218_.jpg,2025-09-04T18:28:09.389858,Description non disponible depuis la recherche,Stock non disponible,ISBN non disponible,Éditeur non disponible,Date non disponible,Nombre de pages non disponible,Rang de vente non disponible,Science-Fiction,18.0,,,,
Les Ténèbres de Mörkret (Suspense Crime),https://www.amazon.fr/T%C3%A9n%C3%A8bres-M%C3%B6rkret-Suspense-Crime-ebook/dp/B0F3D9TFLV/ref=sr_1_280,"15,99 €",Camilla Grebe,"4,2 sur 5 étoiles, détails de l’évaluation",376,Format Kindle,https://m.media-amazon.com/images/I/812Q2bjWnBL._AC_UY218_.jpg,2025-09-04T18:28:09.393117,Description non disponible depuis la recherche,Stock non disponible,ISBN non disponible,Éditeur non disponible,Date non disponible,Nombre de pages non disponible,Rang de vente non disponible,Science-Fiction,18.0,,,,
Dans les brumes de Capelans,https://www.amazon.fr/Dans-brumes-Capelans-Olivier-Norek/dp/2266332139/ref=sr_1_281,"9,60 €",Olivier Norek,"4,6 sur 5 étoiles, détails de l’évaluation",4 962,Poche,https://m.media-amazon.com/images/I/61N4roNgUaL._AC_UY218_.jpg,2025-09-04T18:28:09.396590,Description non disponible depuis la recherche,Stock non disponible,ISBN non disponible,Éditeur non disponible,Date non disponible,Nombre de pages non disponible,Rang de vente non disponible,Science-Fiction,18.0,,,,
Au nord de la frontière,https://www.amazon.fr/Au-nord-fronti%C3%A8re-R-J-Ellory-ebook/dp/B0CV2YV6C6/ref=sr_1_282,"13,99 €",R.J. Ellory,"4,2 sur 5 étoiles, détails de l’évaluation",369,Format Kindle,https://m.media-amazon.com/images/I/81S4f+Thg3L._AC_UY218_.jpg,2025-09-04T18:28:09.399778,Description non disponible depuis la recherche,Stock non disponible,ISBN non disponible,Éditeur non disponible,Date non disponible,Nombre de pages non disponible,Rang de vente non disponible,Science-Fiction,18.0,,,,
Gataca,https://www.amazon.fr/Gataca-2-Franck-Thilliez/dp/2266227602/ref=sr_1_285,"9,90 €",Franck Thilliez,"4,6 sur 5 étoiles, détails de l’évaluation",2 642,Poche,https://m.media-amazon.com/images/I/61PN4UnH+zL._AC_UY218_.jpg,2025-09-04T18:28:09.409110,Description non disponible depuis la recherche,Stock non disponible,ISBN non disponible,Éditeur non disponible,Date non disponible,Nombre de pages non disponible,Rang de vente non disponible,Science-Fiction,18.0,,,,
L’affaire de la rue Transnonain (Grand Prix des Lectrices ELLE 2025),https://www.amazon.fr/Laffaire-Transnonain-Grand-Prix-Lectrices-ebook/dp/B0DS6FBXR9/ref=sr_1_286,"14,99 €",Jérôme Chantreau,"4,3 sur 5 étoiles, détails de l’évaluation",257,Format Kindle,https://m.media-amazon.com/images/I/71u2h1B2yML._AC_UY218_.jpg,2025-09-04T18:28:09.412256,Description non disponible depuis la recherche,Stock non disponible,ISBN non disponible,Éditeur non disponible,Date non disponible,Nombre de pages non disponible,Rang de vente non disponible,Science-Fiction,18.0,,,,
Fallen Angel,https://www.amazon.fr/Fallen-Angel-Camille-Creati/dp/2017306177/ref=sr_1_287,"8,90 €",Camille Creati,"4,4 sur 5 étoiles, détails de l’évaluation",1 496,Poche,https://m.media-amazon.com/images/I/81Ws5VcSELL._AC_UY218_.jpg,2025-09-04T18:28:09.415504,Description non disponible depuis la recherche,Stock non disponible,ISBN non disponible,Éditeur non disponible,Date non disponible,Nombre de pages non disponible,Rang de vente non disponible,Science-Fiction,18.0,,,,
La fille qui venait la nuit,https://www.amazon.fr/fille-qui-venait-nuit-ebook/dp/B0DZCYVJG4/ref=sr_1_288,"12,99 €",Nelle Lamarr,"4,4 sur 5 étoiles, détails de l’évaluation",140,Format Kindle,https://m.media-amazon.com/images/I/710CwT6QcIL._AC_UY218_.jpg,2025-09-04T18:28:09.418129,Description non disponible depuis la recherche,Stock non disponible,ISBN non disponible,Éditeur non disponible,Date non disponible,Nombre de pages non disponible,Rang de vente non disponible,Science-Fiction,18.0,,,,
Le Club des amateurs de romans policiers - Tome 06 Meurtre en famille,https://www.amazon.fr/Club-amateurs-romans-policiers-Meurtre/dp/2749182719/ref=sr_1_289,"15,90 €",C. A. Larmer,"4,7 sur 5 étoiles, détails de l’évaluation",15,Broché,https://m.media-amazon.com/images/I/61ChAl6sCCL._AC_UY218_.jpg,2025-09-04T18:28:09.421501,Description non disponible depuis la recherche,Stock non disponible,ISBN non disponible,Éditeur non disponible,Date non disponible,Nombre de pages non disponible,Rang de vente non disponible,Science-Fiction,18.0,,,,
Je suis Pilgrim,https://www.amazon.fr/Je-suis-Pilgrim-Terry-Hayes/dp/2253001678/ref=sr_1_290,"12,40 €",Terry Hayes,"4,5 sur 5 étoiles, détails de l’évaluation",4 909,Poche,https://m.media-amazon.com/images/I/91uIPTFMhGL._AC_UY218_.jpg,2025-09-04T18:28:09.425014,Description non disponible depuis la recherche,Stock non disponible,ISBN non disponible,Éditeur non disponible,Date non disponible,Nombre de pages non disponible,Rang de vente non disponible,Science-Fiction,18.0,,,,
Hillmore University - tome 1 - Perfect enemies,https://www.amazon.fr/Hillmore-University-1-Perfect-enemies/dp/2017258423/ref=sr_1_291,"19,00 €",Eilema Decker,"4,1 sur 5 étoiles, détails de l’évaluation",32,Broché,https://m.media-amazon.com/images/I/81heIHGFNIL._AC_UY218_.jpg,2025-09-04T18:28:09.427728,Description non disponible depuis la recherche,Stock non disponible,ISBN non disponible,Éditeur non disponible,Date non disponible,Nombre de pages non disponible,Rang de vente non disponible,Science-Fiction,18.0,,,,
Darkbound,https://www.amazon.fr/Darkbound-Jo-Sanders-ebook/dp/B0D5HV3FSN/ref=sr_1_292,"9,99 €",Jo Sanders,"4,6 sur 5 étoiles, détails de l’évaluation",118,Format Kindle,https://m.media-amazon.com/images/I/71J2nPj6EGL._AC_UY218_.jpg,2025-09-04T18:28:09.430292,Description non disponible depuis la recherche,Stock non disponible,ISBN non disponible,Éditeur non disponible,Date non disponible,Nombre de pages non disponible,Rang de vente non disponible,Science-Fiction,18.0,,,,
The Sons of Death (French Edition): The Sons of Death - tome 1,https://www.amazon.fr/Sons-Death-French/dp/B0FDQSTYT9/ref=sr_1_291,"0,00 €",Livres audio Audible,"4,8 sur 5 étoiles, détails de l’évaluation",331,Livres audio Audible,https://m.media-amazon.com/images/I/91b97Vh0M4L._AC_UY218_.jpg,2025-09-04T18:28:19.066238,Description non disponible depuis la recherche,Stock non disponible,ISBN non disponible,Éditeur non disponible,Date non disponible,Nombre de pages non disponible,Rang de vente non disponible,Science-Fiction,19.0,,,,
Les cocottes bleues: Thriller psychologique | Domestic noir (Mes romans noirs à suspense),https://www.amazon.fr/cocottes-bleues-Thriller-psychologique-ebook/dp/B0CY99SBFB/ref=sr_1_292,"17,90 €",Jeanne Yliss,"4,2 sur 5 étoiles, détails de l’évaluation",2 063,Format Kindle,https://m.media-amazon.com/images/I/71xqLkkV+NL._AC_UY218_.jpg,2025-09-04T18:28:19.068192,Description non disponible depuis la recherche,Stock non disponible,ISBN non disponible,Éditeur non disponible,Date non disponible,Nombre de pages non disponible,Rang de vente non disponible,Science-Fiction,19.0,,,,
La Mère secrète: Un thriller psychologique qui va vous épater,https://www.amazon.fr/M%C3%A8re-secr%C3%A8te-thriller-psychologique-%C3%A9pater-ebook/dp/B0DQ5GDK9H/ref=sr_1_293,"10,99 €",Shalini Boland,"4,3 sur 5 étoiles, détails de l’évaluation",1 794,Format Kindle,https://m.media-amazon.com/images/I/814R5NFm53L._AC_UY218_.jpg,2025-09-04T18:28:19.070432,Description non disponible depuis la recherche,Stock non disponible,ISBN non disponible,Éditeur non disponible,Date non disponible,Nombre de pages non disponible,Rang de vente non disponible,Science-Fiction,19.0,,,,
Les Accoucheuses: Le couvent des Pascalines,https://www.amazon.fr/Accoucheuses-couvent-Pascalines-Alex-Sol/dp/2494206170/ref=sr_1_294,"14,99 €",Alex Sol,"4,2 sur 5 étoiles, détails de l’évaluation",1 858,Broché,https://m.media-amazon.com/images/I/71DdTcyBkeL._AC_UY218_.jpg,2025-09-04T18:28:19.073917,Description non disponible depuis la recherche,Stock non disponible,ISBN non disponible,Éditeur non disponible,Date non disponible,Nombre de pages non disponible,Rang de vente non disponible,Science-Fiction,19.0,,,,
Au bord de la survie: Thriller post-apocalyptique (Série Edge of Collapse t. 6),https://www.amazon.fr/Au-bord-survie-Thriller-post-apocalyptique-ebook/dp/B0DB6QSJG3/ref=sr_1_295,"17,92 €",Kyla Stone,"4,6 sur 5 étoiles, détails de l’évaluation",1 535,Format Kindle,https://m.media-amazon.com/images/I/81OLss0qTHL._AC_UY218_.jpg,2025-09-04T18:28:19.076953,Description non disponible depuis la recherche,Stock non disponible,ISBN non disponible,Éditeur non disponible,Date non disponible,Nombre de pages non disponible,Rang de vente non disponible,Science-Fiction,19.0,,,,
ON VOUS MENT : V2,https://www.amazon.fr/VOUS-MENT-V2-Patrick-JAULENT/dp/B0FNPM1RP5/ref=sr_1_296,"17,99 €",de Patrick JAULENT et Christine CARRON | 25 août 2025,"5,0 sur 5 étoiles, détails de l’évaluation",5,Broché,https://m.media-amazon.com/images/I/71YXjlz+VVL._AC_UY218_.jpg,2025-09-04T18:28:19.079384,Description non disponible depuis la recherche,Stock non disponible,ISBN non disponible,Éditeur non disponible,Date non disponible,Nombre de pages non disponible,Rang de vente non disponible,Science-Fiction,19.0,,,,
Never Lie (English Edition),https://www.amazon.fr/Never-Lie-addictive-psychological-thriller-ebook/dp/B0BBL2ZW73/ref=sr_1_297,"11,50 €",Freida McFadden,"4,3 sur 5 étoiles, détails de l’évaluation",268 793,Format Kindle,https://m.media-amazon.com/images/I/8196x-1wIOL._AC_UY218_.jpg,2025-09-04T18:28:19.083005,Description non disponible depuis la recherche,Stock non disponible,ISBN non disponible,Éditeur non disponible,Date non disponible,Nombre de pages non disponible,Rang de vente non disponible,Science-Fiction,19.0,,,,
Châtiment,https://www.amazon.fr/Ch%C3%A2timent-C%C3%A9line-Denjean/dp/2266346423/ref=sr_1_298,"9,90 €",Céline Denjean,"4,6 sur 5 étoiles, détails de l’évaluation",583,Poche,https://m.media-amazon.com/images/I/61WF0hRaUxL._AC_UY218_.jpg,2025-09-04T18:28:19.086663,Description non disponible depuis la recherche,Stock non disponible,ISBN non disponible,Éditeur non disponible,Date non disponible,Nombre de pages non disponible,Rang de vente non disponible,Science-Fiction,19.0,,,,
"Moi, Jules César",https://www.amazon.fr/Moi-Jules-C%C3%A9sar-Alfred-Montesquiou/dp/2370735384/ref=sr_1_301,"28,00 €","de Alfred de Montesquiou, Vérane Otéro, et al. | 10 avril 2025","4,7 sur 5 étoiles, détails de l’évaluation",21,Relié,https://m.media-amazon.com/images/I/51hzbow94BL._AC_UY218_.jpg,2025-09-04T18:28:19.096067,Description non disponible depuis la recherche,Stock non disponible,ISBN non disponible,Éditeur non disponible,Date non disponible,Nombre de pages non disponible,Rang de vente non disponible,Science-Fiction,19.0,,,,
Crépuscule Synthétique,https://www.amazon.fr/Cr%C3%A9puscule-Synth%C3%A9tique-Crapaud/dp/B0FMF7NLQG/ref=sr_1_302,"10,54 €",de Le Crapaud | 12 août 2025,"4,5 sur 5 étoiles, détails de l’évaluation",10,Broché,https://m.media-amazon.com/images/I/618S6ahk+wL._AC_UY218_.jpg,2025-09-04T18:28:19.099260,Description non disponible depuis la recherche,Stock non disponible,ISBN non disponible,Éditeur non disponible,Date non disponible,Nombre de pages non disponible,Rang de vente non disponible,Science-Fiction,19.0,,,,
"Toi, moi, elle: Un thriller psychologique vertigineux aux rebondissements stupéfiants",https://www.amazon.fr/Toi-moi-elle-psychologique-rebondissements-ebook/dp/B0DLWWGD44/ref=sr_1_303,"15,99 €",Sue Watson,"4,2 sur 5 étoiles, détails de l’évaluation",2 202,Format Kindle,https://m.media-amazon.com/images/I/71CKCQI5YRL._AC_UY218_.jpg,2025-09-04T18:28:19.101368,Description non disponible depuis la recherche,Stock non disponible,ISBN non disponible,Éditeur non disponible,Date non disponible,Nombre de pages non disponible,Rang de vente non disponible,Science-Fiction,19.0,,,,
Pas un souffle: Un polar complètement addictif (Les enquêtes de Jenna Alton & David Kane t. 7),https://www.amazon.fr/Pas-souffle-compl%C3%A8tement-addictif-enqu%C3%AAtes-ebook/dp/B0F1N6JQ6H/ref=sr_1_304,"10,99 €",D.K.  Hood,"4,5 sur 5 étoiles, détails de l’évaluation",328,Format Kindle,https://m.media-amazon.com/images/I/811Ov4rsZPL._AC_UY218_.jpg,2025-09-04T18:28:19.103841,Description non disponible depuis la recherche,Stock non disponible,ISBN non disponible,Éditeur non disponible,Date non disponible,Nombre de pages non disponible,Rang de vente non disponible,Science-Fiction,19.0,,,,
Meurtre mode d'emploi Tome 3 - Affaire classée,https://www.amazon.fr/Meurtre-mode-demploi-Affaire-Classee/dp/2203291109/ref=sr_1_305,"19,95 €",Holly Jackson,"4,7 sur 5 étoiles, détails de l’évaluation",22,Broché,https://m.media-amazon.com/images/I/813g7Ht3a6L._AC_UY218_.jpg,2025-09-04T18:28:19.106921,Description non disponible depuis la recherche,Stock non disponible,ISBN non disponible,Éditeur non disponible,Date non disponible,Nombre de pages non disponible,Rang de vente non disponible,Science-Fiction,19.0,,,,
The Secret of Secrets: A Novel,https://www.amazon.fr/Audible-Secret-Secrets-Novel/dp/B0DV19KJ4X/ref=sr_1_306,"0,00 €",Livres audio Audible,Note non disponible,0 avis,Livres audio Audible,https://m.media-amazon.com/images/I/813F0yyJr7L._AC_UY218_.jpg,2025-09-04T18:28:19.110992,Description non disponible depuis la recherche,Stock non disponible,ISBN non disponible,Éditeur non disponible,Date non disponible,Nombre de pages non disponible,Rang de vente non disponible,Science-Fiction,19.0,,,,
Très chers voisins : « Absolument incroyable. Les lecteurs vont flipper ! » Lisa Gardner (HarperCollins Noir),https://www.amazon.fr/Tr%C3%A8s-chers-voisins-incroyable-HarperCollins-ebook/dp/B0F3P54Q1C/ref=sr_1_307,"12,99 €",Jamie Day,"4,1 sur 5 étoiles, détails de l’évaluation",191,Format Kindle,https://m.media-amazon.com/images/I/81S2AzQkjiL._AC_UY218_.jpg,2025-09-04T18:28:19.115511,Description non disponible depuis la recherche,Stock non disponible,ISBN non disponible,Éditeur non disponible,Date non disponible,Nombre de pages non disponible,Rang de vente non disponible,Science-Fiction,19.0,,,,
Katabasis: INSTANT No.1 SUNDAY TIMES best-seller from the author of YELLOWFACE (English Edition),https://www.amazon.fr/Katabasis-SUNDAY-bestselling-YELLOWFACE-English-ebook/dp/B0CYPJCVYV/ref=sr_1_308,"16,31 €",R.F. Kuang,"4,3 sur 5 étoiles, détails de l’évaluation",260,Format Kindle,https://m.media-amazon.com/images/I/81YpIeJ10gL._AC_UY218_.jpg,2025-09-04T18:28:19.119573,Description non disponible depuis la recherche,Stock non disponible,ISBN non disponible,Éditeur non disponible,Date non disponible,Nombre de pages non disponible,Rang de vente non disponible,Science-Fiction,19.0,,,,
Cartel Princess,https://www.amazon.fr/Cartel-Princess-Ana-Scott-ebook/dp/B0FD1DM4YT/ref=sr_1_307,"9,99 €",Ana Scott,"4,5 sur 5 étoiles, détails de l’évaluation",53,Format Kindle,https://m.media-amazon.com/images/I/81Btt54XnWL._AC_UY218_.jpg,2025-09-04T18:28:29.258471,Description non disponible depuis la recherche,Stock non disponible,ISBN non disponible,Éditeur non disponible,Date non disponible,Nombre de pages non disponible,Rang de vente non disponible,Science-Fiction,20.0,,,,
Tragic & darker (dark romance),https://www.amazon.fr/Tragic-darker-romance-Cynthia-Havendean-ebook/dp/B0F36BZTL9/ref=sr_1_308,"6,99 €",Cynthia Havendean,"4,4 sur 5 étoiles, détails de l’évaluation",268,Format Kindle,https://m.media-amazon.com/images/I/91fN1fZHBQL._AC_UY218_.jpg,2025-09-04T18:28:29.261732,Description non disponible depuis la recherche,Stock non disponible,ISBN non disponible,Éditeur non disponible,Date non disponible,Nombre de pages non disponible,Rang de vente non disponible,Science-Fiction,20.0,,,,
Il était deux fois...,https://www.amazon.fr/%C3%A9tait-deux-fois-Franck-THILLIEZ/dp/2266316028/ref=sr_1_309,"10,30 €",Franck Thilliez,"4,4 sur 5 étoiles, détails de l’évaluation",5 689,Poche,https://m.media-amazon.com/images/I/71Un3gzVvCL._AC_UY218_.jpg,2025-09-04T18:28:29.265204,Description non disponible depuis la recherche,Stock non disponible,ISBN non disponible,Éditeur non disponible,Date non disponible,Nombre de pages non disponible,Rang de vente non disponible,Science-Fiction,20.0,,,,
Hansel et Gretel,https://www.amazon.fr/Hansel-Gretel-Yvan-Godbout/dp/2386900126/ref=sr_1_310,"14,90 €",Yvan Godbout,"4,5 sur 5 étoiles, détails de l’évaluation",632,Broché,https://m.media-amazon.com/images/I/71wwaNmx0yL._AC_UY218_.jpg,2025-09-04T18:28:29.267991,Description non disponible depuis la recherche,Stock non disponible,ISBN non disponible,Éditeur non disponible,Date non disponible,Nombre de pages non disponible,Rang de vente non disponible,Science-Fiction,20.0,,,,
Les Derniers Jours de nos pères,https://www.amazon.fr/Derniers-Jours-nos-p%C3%A8res/dp/2889730050/ref=sr_1_311,"8,90 €",Joël Dicker,"4,3 sur 5 étoiles, détails de l’évaluation",5 045,Poche,https://m.media-amazon.com/images/I/61EdgY08T1L._AC_UY218_.jpg,2025-09-04T18:28:29.271680,Description non disponible depuis la recherche,Stock non disponible,ISBN non disponible,Éditeur non disponible,Date non disponible,Nombre de pages non disponible,Rang de vente non disponible,Science-Fiction,20.0,,,,
The Tenant: The Instant Sunday Times Bestseller! A Dark & Twist-Laden Psychological Thriller from the Author of The Housemaid Books,https://www.amazon.fr/Tenant-Bestseller-Twist-Laden-Psychological-Housemaid/dp/1464228620/ref=sr_1_312,"12,12 €",Freida McFadden,"4,2 sur 5 étoiles, détails de l’évaluation",134 753,Broché,https://m.media-amazon.com/images/I/71wHwc-hazL._AC_UY218_.jpg,2025-09-04T18:28:29.274978,Description non disponible depuis la recherche,Stock non disponible,ISBN non disponible,Éditeur non disponible,Date non disponible,Nombre de pages non disponible,Rang de vente non disponible,Science-Fiction,20.0,,,,
Les Fantômes du Finistère - Nouvelle enquête du commissaire Dupin : suspense en terre bretonne. Un polar pour l'été !,https://www.amazon.fr/Fant%C3%B4mes-Finist%C3%A8re-Nouvelle-commissaire-bretonne/dp/226634742X/ref=sr_1_313,"8,70 €",Jean-Luc Bannalec,"4,4 sur 5 étoiles, détails de l’évaluation",240,Poche,https://m.media-amazon.com/images/I/61+z2TXRvDL._AC_UY218_.jpg,2025-09-04T18:28:29.278419,Description non disponible depuis la recherche,Stock non disponible,ISBN non disponible,Éditeur non disponible,Date non disponible,Nombre de pages non disponible,Rang de vente non disponible,Science-Fiction,20.0,,,,
"Un jour, ça finira mal (Essais - Documents)",https://www.amazon.fr/jour-finira-mal-Essais-Documents-ebook/dp/B0FJY4GL42/ref=sr_1_314,"14,99 €",Valentin Gendrot,Note non disponible,0 avis,Format Kindle,https://m.media-amazon.com/images/I/71Kd3LezNjL._AC_UY218_.jpg,2025-09-04T18:28:29.281187,Description non disponible depuis la recherche,Stock non disponible,ISBN non disponible,Éditeur non disponible,Date non disponible,Nombre de pages non disponible,Rang de vente non disponible,Science-Fiction,20.0,,,,
Arsène Lupin - La symphonie des coïncidences,https://www.amazon.fr/Ars%C3%A8ne-Lupin-co%C3%AFncidences-Patrick-Fert%C3%A9/dp/2813234699/ref=sr_1_317,"24,90 €",de Patrick Ferté | 28 août 2025,"4,0 sur 5 étoiles, détails de l’évaluation",2,Broché,https://m.media-amazon.com/images/I/71wcz6JFeYL._AC_UY218_.jpg,2025-09-04T18:28:29.290064,Description non disponible depuis la recherche,Stock non disponible,ISBN non disponible,Éditeur non disponible,Date non disponible,Nombre de pages non disponible,Rang de vente non disponible,Science-Fiction,20.0,,,,
"Tu as ma noirceur : Thriller policier glaçant — Victimes décapitées, tueur en série, secrets de famille (Les enquêtes de l’inspectrice Georgina Stuart t. 3)",https://www.amazon.fr/Tu-noirceur-Thriller-d%C3%A9capit%C3%A9es-linspectrice-ebook/dp/B0DS9SFHJZ/ref=sr_1_318,"17,92 €",Emma De Luca,"4,4 sur 5 étoiles, détails de l’évaluation",1 055,Format Kindle,https://m.media-amazon.com/images/I/811eIGPWTrL._AC_UY218_.jpg,2025-09-04T18:28:29.292314,Description non disponible depuis la recherche,Stock non disponible,ISBN non disponible,Éditeur non disponible,Date non disponible,Nombre de pages non disponible,Rang de vente non disponible,Science-Fiction,20.0,,,,
Peter Pan: Les contes interdits,https://www.amazon.fr/Peter-Pan-Simon-Rousseau/dp/2849336173/ref=sr_1_319,"14,90 €",Simon Rousseau,"4,5 sur 5 étoiles, détails de l’évaluation",1 078,Broché,https://m.media-amazon.com/images/I/71Hig+uYUsL._AC_UY218_.jpg,2025-09-04T18:28:29.295657,Description non disponible depuis la recherche,Stock non disponible,ISBN non disponible,Éditeur non disponible,Date non disponible,Nombre de pages non disponible,Rang de vente non disponible,Science-Fiction,20.0,,,,
Les maîtres du domaine,https://www.amazon.fr/ma%C3%AEtres-du-domaine-Jo-Nesbo-ebook/dp/B0F6CRLBFT/ref=sr_1_320,"14,99 €",Jo Nesbo,"4,3 sur 5 étoiles, détails de l’évaluation",144,Format Kindle,https://m.media-amazon.com/images/I/71FFHWLgUuL._AC_UY218_.jpg,2025-09-04T18:28:29.299053,Description non disponible depuis la recherche,Stock non disponible,ISBN non disponible,Éditeur non disponible,Date non disponible,Nombre de pages non disponible,Rang de vente non disponible,Science-Fiction,20.0,,,,
Ma vie sans moustache,https://www.amazon.fr/vie-sans-moustache-Romain-Pu%C3%A9rtolas/dp/2226502793/ref=sr_1_321,"19,90 €",Romain Puértolas,"4,2 sur 5 étoiles, détails de l’évaluation",80,Broché,https://m.media-amazon.com/images/I/716wFb1sZ9L._AC_UY218_.jpg,2025-09-04T18:28:29.301870,Description non disponible depuis la recherche,Stock non disponible,ISBN non disponible,Éditeur non disponible,Date non disponible,Nombre de pages non disponible,Rang de vente non disponible,Science-Fiction,20.0,,,,
SURVIVALISTE: Un thriller psychologique qui vous fera douter de tout,https://www.amazon.fr/SURVIVALISTE-thriller-psychologique-vous-douter/dp/2958726878/ref=sr_1_322,"17,00 €",Noémie BOURGOIS,"4,5 sur 5 étoiles, détails de l’évaluation",160,Broché,https://m.media-amazon.com/images/I/61fPNk7g26L._AC_UY218_.jpg,2025-09-04T18:28:29.304878,Description non disponible depuis la recherche,Stock non disponible,ISBN non disponible,Éditeur non disponible,Date non disponible,Nombre de pages non disponible,Rang de vente non disponible,Science-Fiction,20.0,,,,
"L'héritage de Mamie Colette: Un secret de famille, huit cousins et une villa en héritage",https://www.amazon.fr/Lh%C3%A9ritage-Mamie-Colette-famille-h%C3%A9ritage/dp/B0F131T3N5/ref=sr_1_323,"18,00 €",Vanessa Lahmi,"4,3 sur 5 étoiles, détails de l’évaluation",93,Broché,https://m.media-amazon.com/images/I/71RMhU1XKYL._AC_UY218_.jpg,2025-09-04T18:28:29.307311,Description non disponible depuis la recherche,Stock non disponible,ISBN non disponible,Éditeur non disponible,Date non disponible,Nombre de pages non disponible,Rang de vente non disponible,Science-Fiction,20.0,,,,
Un macabé à marée basse: cosy mystery à l'Oléronaise,https://www.amazon.fr/macab%C3%A9-mar%C3%A9e-basse-mystery-lOl%C3%A9ronaise/dp/B0D98NJLWM/ref=sr_1_324,"11,90 €",Agnès de Bonneville,"4,3 sur 5 étoiles, détails de l’évaluation",342,Broché,https://m.media-amazon.com/images/I/71WmFMhWwML._AC_UY218_.jpg,2025-09-04T18:28:29.309726,Description non disponible depuis la recherche,Stock non disponible,ISBN non disponible,Éditeur non disponible,Date non disponible,Nombre de pages non disponible,Rang de vente non disponible,Science-Fiction,20.0,,,,
Le crépuscule des anges,https://www.amazon.fr/cr%C3%A9puscule-anges-Fran%C3%A7ois-Aussanaire-ebook/dp/B0CYCQWLK6/ref=sr_1_483,"11,00 €",de François Aussanaire | 13 septembre 2024,"4,2 sur 5 étoiles, détails de l’évaluation",97,Format Kindle,https://m.media-amazon.com/images/I/71jRlYnTNuL._AC_UY218_.jpg,2025-09-04T08:36:00.709861,Description non disponible depuis la recherche,Stock non disponible,ISBN non disponible,Éditeur non disponible,Date non disponible,Nombre de pages non disponible,Rang de vente non disponible,Science-Fiction,31.0,,,,
The Heart Beat (Heart Players t. 2),https://www.amazon.fr/Heart-Beat-Players-t-ebook/dp/B0CHJVWGTF/ref=sr_1_484,"5,99 €",Alice DesMerveilles,"4,5 sur 5 étoiles, détails de l’évaluation",1 156,Format Kindle,https://m.media-amazon.com/images/I/91AdGjHQctL._AC_UY218_.jpg,2025-09-04T08:36:00.713123,Description non disponible depuis la recherche,Stock non disponible,ISBN non disponible,Éditeur non disponible,Date non disponible,Nombre de pages non disponible,Rang de vente non disponible,Science-Fiction,31.0,,,,
Méfiez-vous des anges,https://www.amazon.fr/M%C3%A9fiez-vous-anges-Olivier-Bal/dp/2266332244/ref=sr_1_485,"9,60 €",Olivier Bal,"4,5 sur 5 étoiles, détails de l’évaluation",584,Poche,https://m.media-amazon.com/images/I/61IWQTAZ9PL._AC_UY218_.jpg,2025-09-04T08:36:00.716529,Description non disponible depuis la recherche,Stock non disponible,ISBN non disponible,Éditeur non disponible,Date non disponible,Nombre de pages non disponible,Rang de vente non disponible,Science-Fiction,31.0,,,,
"La nuit du mal (La Saga Soleil noir, Tome 2)",https://www.amazon.fr/nuit-mal-Saga-Soleil-noir/dp/2253258253/ref=sr_1_486,"9,70 €",Éric Giacometti,"4,6 sur 5 étoiles, détails de l’évaluation",2 120,Poche,https://m.media-amazon.com/images/I/81+7BycP3RL._AC_UY218_.jpg,2025-09-04T08:36:00.719638,Description non disponible depuis la recherche,Stock non disponible,ISBN non disponible,Éditeur non disponible,Date non disponible,Nombre de pages non disponible,Rang de vente non disponible,Science-Fiction,31.0,,,,
Ils sont chez nous (Hauteville Suspense),https://www.amazon.fr/sont-chez-nous-Lisa-Jewell-ebook/dp/B08G1SZM87/ref=sr_1_487,"5,99 €",Lisa Jewell,"4,3 sur 5 étoiles, détails de l’évaluation",7 806,Format Kindle,https://m.media-amazon.com/images/I/71KIHG+hvrL._AC_UY218_.jpg,2025-09-04T08:36:00.722828,Description non disponible depuis la recherche,Stock non disponible,ISBN non disponible,Éditeur non disponible,Date non disponible,Nombre de pages non disponible,Rang de vente non disponible,Science-Fiction,31.0,,,,
Délivrance: La troisième enquête du département V,https://www.amazon.fr/D%C3%A9livrance-troisi%C3%A8me-d%C3%A9partement-Jussi-Adler-Olsen-ebook/dp/B0CW18TC9S/ref=sr_1_488,"9,99 €",Jussi Adler-Olsen,"4,4 sur 5 étoiles, détails de l’évaluation",3 416,Format Kindle,https://m.media-amazon.com/images/I/81iewowuL1L._AC_UY218_.jpg,2025-09-04T08:36:00.726036,Description non disponible depuis la recherche,Stock non disponible,ISBN non disponible,Éditeur non disponible,Date non disponible,Nombre de pages non disponible,Rang de vente non disponible,Science-Fiction,31.0,,,,
"Bayard et le crime d'Amboise (La saga d'Héloïse, l'apothicaire, Tome 1)",https://www.amazon.fr/Bayard-crime-dAmboise-dH%C3%A9lo%C3%AFse-lapothicaire/dp/2253243825/ref=sr_1_489,"9,20 €",de Éric Fouassier | 9 novembre 2022,"4,3 sur 5 étoiles, détails de l’évaluation",919,Poche,https://m.media-amazon.com/images/I/71DyBmTmanL._AC_UY218_.jpg,2025-09-04T08:36:00.729696,Description non disponible depuis la recherche,Stock non disponible,ISBN non disponible,Éditeur non disponible,Date non disponible,Nombre de pages non disponible,Rang de vente non disponible,Science-Fiction,31.0,,,,
Tu ne me dis pas tout (Prix des lectrices 2022),https://www.amazon.fr/dis-tout-Prix-lectrices-2022/dp/2381224610/ref=sr_1_490,"8,90 €",Kimberly McCreight,"4,2 sur 5 étoiles, détails de l’évaluation",1 471,Poche,https://m.media-amazon.com/images/I/71iWvMBaZNL._AC_UY218_.jpg,2025-09-04T08:36:00.733220,Description non disponible depuis la recherche,Stock non disponible,ISBN non disponible,Éditeur non disponible,Date non disponible,Nombre de pages non disponible,Rang de vente non disponible,Science-Fiction,31.0,,,,
Les Enquêtes d'Hannah Swensen - tome 14 Meurtres et roulé à la cannelle,https://www.amazon.fr/Enqu%C3%AAtes-dHannah-Swensen-Meurtres-cannelle/dp/2749181488/ref=sr_1_493,"15,90 €",Joanne Fluke,Note non disponible,0 avis,Broché,https://m.media-amazon.com/images/I/618Z+9mSS-L._AC_UY218_.jpg,2025-09-04T08:36:00.741958,Description non disponible depuis la recherche,Stock non disponible,ISBN non disponible,Éditeur non disponible,Date non disponible,Nombre de pages non disponible,Rang de vente non disponible,Science-Fiction,31.0,,,,
Le manoir des filles perdues,https://www.amazon.fr/manoir-filles-perdues-Grady-Hendrix/dp/2824630280/ref=sr_1_494,"22,90 €",de Grady Hendrix | 20 août 2025,"4,6 sur 5 étoiles, détails de l’évaluation",3,Broché,https://m.media-amazon.com/images/I/71UFf3TaY8L._AC_UY218_.jpg,2025-09-04T08:36:00.745019,Description non disponible depuis la recherche,Stock non disponible,ISBN non disponible,Éditeur non disponible,Date non disponible,Nombre de pages non disponible,Rang de vente non disponible,Science-Fiction,31.0,,,,
L'âme du mal: La trilogie du mal 1,https://www.amazon.fr/Audible-L%C3%A2me-mal-trilogie/dp/B0CSGBCVTR/ref=sr_1_495,"0,00 €",Livres audio Audible,"4,6 sur 5 étoiles, détails de l’évaluation",993,Livres audio Audible,https://m.media-amazon.com/images/I/81X+a1nrBML._AC_UY218_.jpg,2025-09-04T08:36:00.748114,Description non disponible depuis la recherche,Stock non disponible,ISBN non disponible,Éditeur non disponible,Date non disponible,Nombre de pages non disponible,Rang de vente non disponible,Science-Fiction,31.0,,,,
"George R. R. Martin's A Game of Thrones Leather-Cloth Boxed Set (Song of Ice and Fire Series): A Game of Thrones, A Clash of Kings, A Storm of Swords, A Feast for Crows, and A Dance with Dragons",https://www.amazon.fr/George-Martins-Thrones-Leather-Cloth-Boxed/dp/1101965487/ref=sr_1_496,"66,49 €",George R. R. Martin,"4,6 sur 5 étoiles, détails de l’évaluation",54 002,Reliure en cuir,https://m.media-amazon.com/images/I/71l3Wn5zfuL._AC_UY218_.jpg,2025-09-04T08:36:00.751840,Description non disponible depuis la recherche,Stock non disponible,ISBN non disponible,Éditeur non disponible,Date non disponible,Nombre de pages non disponible,Rang de vente non disponible,Science-Fiction,31.0,,,,
"Les Enquêtes d'Hannah Swensen, tome 1: Meurtres et pépites de chocolat",https://www.amazon.fr/Meurtres-p%C3%A9pites-chocolat-enqu%C3%AAtes-Swensen/dp/B0BTSB8XGJ/ref=sr_1_497,"6,95 €",Joanne Fluke,"4,3 sur 5 étoiles, détails de l’évaluation",932,Poche,https://m.media-amazon.com/images/I/71J2gRXzrhL._AC_UY218_.jpg,2025-09-04T08:36:00.755091,Description non disponible depuis la recherche,Stock non disponible,ISBN non disponible,Éditeur non disponible,Date non disponible,Nombre de pages non disponible,Rang de vente non disponible,Science-Fiction,31.0,,,,
La Valse des âmes,https://www.amazon.fr/Audible-La-Valse-des-%C3%A2mes/dp/B0DH8FPK8N/ref=sr_1_498,"0,00 €",Livres audio Audible,"4,6 sur 5 étoiles, détails de l’évaluation",770,Livres audio Audible,https://m.media-amazon.com/images/I/91s2NBAWF2L._AC_UY218_.jpg,2025-09-04T08:36:00.758176,Description non disponible depuis la recherche,Stock non disponible,ISBN non disponible,Éditeur non disponible,Date non disponible,Nombre de pages non disponible,Rang de vente non disponible,Science-Fiction,31.0,,,,
L'Île de Yule (Suspense Crime),https://www.amazon.fr/L%C3%8Ele-Suspense-Crime-Johana-Gustawsson-ebook/dp/B0BRQFTW5S/ref=sr_1_499,"8,99 €",Johana Gustawsson,"4,2 sur 5 étoiles, détails de l’évaluation",615,Format Kindle,https://m.media-amazon.com/images/I/81fUBJ8AeLL._AC_UY218_.jpg,2025-09-04T08:36:00.761267,Description non disponible depuis la recherche,Stock non disponible,ISBN non disponible,Éditeur non disponible,Date non disponible,Nombre de pages non disponible,Rang de vente non disponible,Science-Fiction,31.0,,,,
Sel: La neuvième enquête du Département V,https://www.amazon.fr/Sel-neuvi%C3%A8me-D%C3%A9partement-Jussi-Adler-Olsen-ebook/dp/B09V4G664P/ref=sr_1_500,"9,99 €",Jussi Adler-Olsen,"4,4 sur 5 étoiles, détails de l’évaluation",3 682,Format Kindle,https://m.media-amazon.com/images/I/81BI1WkpKkL._AC_UY218_.jpg,2025-09-04T08:36:00.764422,Description non disponible depuis la recherche,Stock non disponible,ISBN non disponible,Éditeur non disponible,Date non disponible,Nombre de pages non disponible,Rang de vente non disponible,Science-Fiction,31.0,,,,
Acide (Recamier noir),https://www.amazon.fr/Acide-Recamier-noir-Karine-Giebel-ebook/dp/B0FD4N3HBC/ref=sr_1_499,"13,99 €",Karine Giebel,Note non disponible,0 avis,Format Kindle,https://m.media-amazon.com/images/I/81d7DeCt01L._AC_UY218_.jpg,2025-09-04T08:36:10.717732,Description non disponible depuis la recherche,Stock non disponible,ISBN non disponible,Éditeur non disponible,Date non disponible,Nombre de pages non disponible,Rang de vente non disponible,Science-Fiction,32.0,,,,
L'Affaire Clara Miller,https://www.amazon.fr/LAffaire-Clara-Miller-Olivier-BAL/dp/2266315218/ref=sr_1_500,"9,60 €",Olivier Bal,"4,3 sur 5 étoiles, détails de l’évaluation",1 238,Poche,https://m.media-amazon.com/images/I/71K3zZ6LhFL._AC_UY218_.jpg,2025-09-04T08:36:10.721035,Description non disponible depuis la recherche,Stock non disponible,ISBN non disponible,Éditeur non disponible,Date non disponible,Nombre de pages non disponible,Rang de vente non disponible,Science-Fiction,32.0,,,,
Le Défi !: 150 quiz et jeux de culture générale pour toute la famille,https://www.amazon.fr/D%C3%A9fi-culture-g%C3%A9n%C3%A9rale-toute-famille/dp/B0BWMDZFZK/ref=sr_1_501,"9,90 €",Paul El Kharrat,"4,4 sur 5 étoiles, détails de l’évaluation",53,Broché,https://m.media-amazon.com/images/I/71iFmMe44bL._AC_UY218_.jpg,2025-09-04T08:36:10.723052,Description non disponible depuis la recherche,Stock non disponible,ISBN non disponible,Éditeur non disponible,Date non disponible,Nombre de pages non disponible,Rang de vente non disponible,Science-Fiction,32.0,,,,
Je suis Amélie Lenglet (Suspense Crime),https://www.amazon.fr/suis-Am%C3%A9lie-Lenglet-Suspense-Crime-ebook/dp/B0D21HL8F7/ref=sr_1_502,"9,49 €",Philippe Balland,"4,4 sur 5 étoiles, détails de l’évaluation",573,Format Kindle,https://m.media-amazon.com/images/I/810B088AsIL._AC_UY218_.jpg,2025-09-04T08:36:10.726733,Description non disponible depuis la recherche,Stock non disponible,ISBN non disponible,Éditeur non disponible,Date non disponible,Nombre de pages non disponible,Rang de vente non disponible,Science-Fiction,32.0,,,,
Complot,https://www.amazon.fr/Complot-Nicolas-BEUGLET/dp/226629122X/ref=sr_1_503,"9,60 €",Nicolas Beuglet,"4,4 sur 5 étoiles, détails de l’évaluation",3 248,Poche,https://m.media-amazon.com/images/I/71YrWPaJRqL._AC_UY218_.jpg,2025-09-04T08:36:10.730373,Description non disponible depuis la recherche,Stock non disponible,ISBN non disponible,Éditeur non disponible,Date non disponible,Nombre de pages non disponible,Rang de vente non disponible,Science-Fiction,32.0,,,,
Après,https://www.amazon.fr/Apr%C3%A8s-Stephen-King/dp/2253937029/ref=sr_1_504,"9,20 €",Stephen King,"4,3 sur 5 étoiles, détails de l’évaluation",2 626,Poche,https://m.media-amazon.com/images/I/71UF-dSwPuL._AC_UY218_.jpg,2025-09-04T08:36:10.733854,Description non disponible depuis la recherche,Stock non disponible,ISBN non disponible,Éditeur non disponible,Date non disponible,Nombre de pages non disponible,Rang de vente non disponible,Science-Fiction,32.0,,,,
Loch noir,https://www.amazon.fr/Loch-noir-Peter-May-ebook/dp/B0DXKR9XVN/ref=sr_1_505,"16,99 €",de Peter May et Ariane Bataille | 7 mai 2025,"4,3 sur 5 étoiles, détails de l’évaluation",253,Format Kindle,https://m.media-amazon.com/images/I/71RTQHygOkL._AC_UY218_.jpg,2025-09-04T08:36:10.737439,Description non disponible depuis la recherche,Stock non disponible,ISBN non disponible,Éditeur non disponible,Date non disponible,Nombre de pages non disponible,Rang de vente non disponible,Science-Fiction,32.0,,,,
L'Affaire Aurore S. (Polar/Thriller),https://www.amazon.fr/LAffaire-Aurore-S-Gilles-Milo-Vac%C3%A9ri-ebook/dp/B01N0ZWO93/ref=sr_1_506,"24,00 €",Gilles Milo-Vacéri,"4,2 sur 5 étoiles, détails de l’évaluation",2 090,Format Kindle,https://m.media-amazon.com/images/I/91fMoe5VPEL._AC_UY218_.jpg,2025-09-04T08:36:10.739739,Description non disponible depuis la recherche,Stock non disponible,ISBN non disponible,Éditeur non disponible,Date non disponible,Nombre de pages non disponible,Rang de vente non disponible,Science-Fiction,32.0,,,,
The Coworker: From the Sunday Times Bestselling Author of The Housemaid,https://www.amazon.fr/Coworker-Sunday-Bestselling-Author-Housemaid/dp/1464221340/ref=sr_1_509,"12,12 €",Freida McFadden,"4,1 sur 5 étoiles, détails de l’évaluation",127 796,Broché,https://m.media-amazon.com/images/I/713iT5ru5TL._AC_UY218_.jpg,2025-09-04T08:36:10.749349,Description non disponible depuis la recherche,Stock non disponible,ISBN non disponible,Éditeur non disponible,Date non disponible,Nombre de pages non disponible,Rang de vente non disponible,Science-Fiction,32.0,,,,
Le Sanctuaire des Vices - Tome 1 (1),https://www.amazon.fr/Sanctuaire-Vices-1/dp/2386900320/ref=sr_1_510,"23,00 €",Shay Carrot,Note non disponible,0 avis,Broché,https://m.media-amazon.com/images/I/61OhqjzlCNL._AC_UY218_.jpg,2025-09-04T08:36:10.752166,Description non disponible depuis la recherche,Stock non disponible,ISBN non disponible,Éditeur non disponible,Date non disponible,Nombre de pages non disponible,Rang de vente non disponible,Science-Fiction,32.0,,,,
"Dossier 64 (Les Enquêtes du département V, Tome 4)",https://www.amazon.fr/Dossier-64-Jussi-Adler-Olsen/dp/225309515X/ref=sr_1_511,"10,90 €",Jussi Adler-Olsen,"4,3 sur 5 étoiles, détails de l’évaluation",3 315,Poche,https://m.media-amazon.com/images/I/81x2ZfIWfML._AC_UY218_.jpg,2025-09-04T08:36:10.755520,Description non disponible depuis la recherche,Stock non disponible,ISBN non disponible,Éditeur non disponible,Date non disponible,Nombre de pages non disponible,Rang de vente non disponible,Science-Fiction,32.0,,,,
Wonder Woman by John Byrne Omnibus,https://www.amazon.fr/Wonder-Woman-John-Byrne-Omnibus/dp/1799502791/ref=sr_1_512,"90,47 €",John Byrne,"4,6 sur 5 étoiles, détails de l’évaluation",139,Relié,https://m.media-amazon.com/images/I/91sAFPfFSkL._AC_UY218_.jpg,2025-09-04T08:36:10.758406,Description non disponible depuis la recherche,Stock non disponible,ISBN non disponible,Éditeur non disponible,Date non disponible,Nombre de pages non disponible,Rang de vente non disponible,Science-Fiction,32.0,,,,
Double amnésie,https://www.amazon.fr/Double-amn%C3%A9sie-C%C3%A9line-DENJEAN/dp/2266310852/ref=sr_1_513,"10,30 €",Céline Denjean,"4,4 sur 5 étoiles, détails de l’évaluation",1 142,Poche,https://m.media-amazon.com/images/I/61wSgNa3zeL._AC_UY218_.jpg,2025-09-04T08:36:10.760800,Description non disponible depuis la recherche,Stock non disponible,ISBN non disponible,Éditeur non disponible,Date non disponible,Nombre de pages non disponible,Rang de vente non disponible,Science-Fiction,32.0,,,,
Une assez bonne mère ?: Un thriller psychologique stupéfiant (Grace Morton t. 1),https://www.amazon.fr/Une-assez-bonne-m%C3%A8re-psychologique-ebook/dp/B0DL626FKW/ref=sr_1_514,Prix non disponible,Nicole  Trope,"4,4 sur 5 étoiles, détails de l’évaluation",959,Format Kindle,https://m.media-amazon.com/images/I/81dDnFgI2lL._AC_UY218_.jpg,2025-09-04T08:36:10.762868,Description non disponible depuis la recherche,Stock non disponible,ISBN non disponible,Éditeur non disponible,Date non disponible,Nombre de pages non disponible,Rang de vente non disponible,Science-Fiction,32.0,,,,
La Ligne verte,https://www.amazon.fr/Ligne-verte-Stephen-King/dp/2253122920/ref=sr_1_515,"9,90 €",Stephen King,"4,8 sur 5 étoiles, détails de l’évaluation",1 195,Poche,https://m.media-amazon.com/images/I/91wJerZcbNL._AC_UY218_.jpg,2025-09-04T08:36:10.765973,Description non disponible depuis la recherche,Stock non disponible,ISBN non disponible,Éditeur non disponible,Date non disponible,Nombre de pages non disponible,Rang de vente non disponible,Science-Fiction,32.0,,,,
L'Opus Dictum (Les Archives secrètes du Vatican t. 2),https://www.amazon.fr/LOpus-Dictum-Archives-secr%C3%A8tes-Vatican-ebook/dp/B0DJYMP58Y/ref=sr_1_516,"7,99 €",Gary McAvoy,"4,4 sur 5 étoiles, détails de l’évaluation",397,Format Kindle,https://m.media-amazon.com/images/I/912w5l4IxiL._AC_UY218_.jpg,2025-09-04T08:36:10.768686,Description non disponible depuis la recherche,Stock non disponible,ISBN non disponible,Éditeur non disponible,Date non disponible,Nombre de pages non disponible,Rang de vente non disponible,Science-Fiction,32.0,,,,
Carnage - Tome 1,https://www.amazon.fr/Carnage-1-Shay-Carrot/dp/2849339385/ref=sr_1_515,"23,00 €",Shay Carrot,"4,5 sur 5 étoiles, détails de l’évaluation",1 402,Broché,https://m.media-amazon.com/images/I/71gDXhKny8L._AC_UY218_.jpg,2025-09-04T08:36:20.561813,Description non disponible depuis la recherche,Stock non disponible,ISBN non disponible,Éditeur non disponible,Date non disponible,Nombre de pages non disponible,Rang de vente non disponible,Science-Fiction,33.0,,,,
Une chose à cacher (Sang d'encre),https://www.amazon.fr/Une-chose-cacher-Elizabeth-George-ebook/dp/B0B5RDGV6B/ref=sr_1_516,"13,99 €",Elizabeth George,"4,3 sur 5 étoiles, détails de l’évaluation",1 157,Format Kindle,https://m.media-amazon.com/images/I/811i0wFZzQL._AC_UY218_.jpg,2025-09-04T08:36:20.564921,Description non disponible depuis la recherche,Stock non disponible,ISBN non disponible,Éditeur non disponible,Date non disponible,Nombre de pages non disponible,Rang de vente non disponible,Science-Fiction,33.0,,,,
Le Chien jaune,https://www.amazon.fr/Chien-jaune-Georges-Simenon/dp/2253142921/ref=sr_1_517,"7,40 €",Georges Simenon,"4,4 sur 5 étoiles, détails de l’évaluation",912,Poche,https://m.media-amazon.com/images/I/81-K+sxOmzL._AC_UY218_.jpg,2025-09-04T08:36:20.568083,Description non disponible depuis la recherche,Stock non disponible,ISBN non disponible,Éditeur non disponible,Date non disponible,Nombre de pages non disponible,Rang de vente non disponible,Science-Fiction,33.0,,,,
La trilogie de la Patagonie,https://www.amazon.fr/trilogie-Patagonie-Cristian-Perfumo-ebook/dp/B0BJVPP36J/ref=sr_1_518,"9,99 €",Cristian Perfumo,"4,1 sur 5 étoiles, détails de l’évaluation",463,Format Kindle,https://m.media-amazon.com/images/I/81OFeF6pZGL._AC_UY218_.jpg,2025-09-04T08:36:20.570582,Description non disponible depuis la recherche,Stock non disponible,ISBN non disponible,Éditeur non disponible,Date non disponible,Nombre de pages non disponible,Rang de vente non disponible,Science-Fiction,33.0,,,,
Jamais d'eux sans toi : thriller psychologique,https://www.amazon.fr/Jamais-deux-sans-toi-Alex-ebook/dp/B086H61X58/ref=sr_1_519,"18,00 €",Alex Sol,"4,3 sur 5 étoiles, détails de l’évaluation",3 367,Format Kindle,https://m.media-amazon.com/images/I/91zAY-E1FiL._AC_UY218_.jpg,2025-09-04T08:36:20.573124,Description non disponible depuis la recherche,Stock non disponible,ISBN non disponible,Éditeur non disponible,Date non disponible,Nombre de pages non disponible,Rang de vente non disponible,Science-Fiction,33.0,,,,
Let it burn (Romance Contemporaine),https://www.amazon.fr/Let-burn-Romance-Contemporaine-Marie-ebook/dp/B0F9YG798W/ref=sr_1_520,"5,99 €",Marie HJ,"4,8 sur 5 étoiles, détails de l’évaluation",353,Format Kindle,https://m.media-amazon.com/images/I/81DR2S656SL._AC_UY218_.jpg,2025-09-04T08:36:20.575285,Description non disponible depuis la recherche,Stock non disponible,ISBN non disponible,Éditeur non disponible,Date non disponible,Nombre de pages non disponible,Rang de vente non disponible,Science-Fiction,33.0,,,,
"Jusqu'au dernier battement : Après le succès ""Jana Berzelius"", le nouveau thriller d'Emelie Schepp avec une nouvelle héroïne ! (HarperCollins Noir)",https://www.amazon.fr/Jusquau-dernier-battement-Berzelius-HarperCollins-ebook/dp/B0F32HZSLN/ref=sr_1_521,"9,99 €",Emelie Schepp,"4,3 sur 5 étoiles, détails de l’évaluation",196,Format Kindle,https://m.media-amazon.com/images/I/71exLqn4suL._AC_UY218_.jpg,2025-09-04T08:36:20.578350,Description non disponible depuis la recherche,Stock non disponible,ISBN non disponible,Éditeur non disponible,Date non disponible,Nombre de pages non disponible,Rang de vente non disponible,Science-Fiction,33.0,,,,
REBELLION WAYWARD PINES - EPISODE 2,https://www.amazon.fr/REBELLION-WAYWARD-PINES-EPISODE-2/dp/2404080210/ref=sr_1_522,"7,90 €",Blake Crouch,"4,6 sur 5 étoiles, détails de l’évaluation",267,Poche,https://m.media-amazon.com/images/I/81aYu0CT3rL._AC_UY218_.jpg,2025-09-04T08:36:20.581343,Description non disponible depuis la recherche,Stock non disponible,ISBN non disponible,Éditeur non disponible,Date non disponible,Nombre de pages non disponible,Rang de vente non disponible,Science-Fiction,33.0,,,,
Tu paieras pour tes mensonges : Thriller policier noir — Roman captivant au suspense sombre et stupéfiant (Les enquêtes de l’inspectrice Georgina Stuart t. 1),https://www.amazon.fr/paieras-pour-tes-mensonges-linspectrice-ebook/dp/B0DJTGK9JV/ref=sr_1_525,"17,92 €",Emma De Luca,"4,2 sur 5 étoiles, détails de l’évaluation",2 024,Format Kindle,https://m.media-amazon.com/images/I/81gKXOTA3HL._AC_UY218_.jpg,2025-09-04T08:36:20.589493,Description non disponible depuis la recherche,Stock non disponible,ISBN non disponible,Éditeur non disponible,Date non disponible,Nombre de pages non disponible,Rang de vente non disponible,Science-Fiction,33.0,,,,
La Maison d'à côté,https://www.amazon.fr/Maison-d%C3%A0-c%C3%B4t%C3%A9-Lisa-Gardner/dp/2253167150/ref=sr_1_526,"9,90 €",Lisa Gardner,"4,3 sur 5 étoiles, détails de l’évaluation",5 000,Poche,https://m.media-amazon.com/images/I/81y5b83CgPL._AC_UY218_.jpg,2025-09-04T08:36:20.592728,Description non disponible depuis la recherche,Stock non disponible,ISBN non disponible,Éditeur non disponible,Date non disponible,Nombre de pages non disponible,Rang de vente non disponible,Science-Fiction,33.0,,,,
En secondes noces,https://www.amazon.fr/En-secondes-noces-Shari-Lapena/dp/2266338242/ref=sr_1_527,"9,00 €",Shari Lapena,"4,1 sur 5 étoiles, détails de l’évaluation",541,Poche,https://m.media-amazon.com/images/I/71WkBok2sBL._AC_UY218_.jpg,2025-09-04T08:36:20.596034,Description non disponible depuis la recherche,Stock non disponible,ISBN non disponible,Éditeur non disponible,Date non disponible,Nombre de pages non disponible,Rang de vente non disponible,Science-Fiction,33.0,,,,
L'Échange,https://www.amazon.fr/L%C3%89change-Rebecca-FLEET/dp/226628682X/ref=sr_1_528,"8,70 €",Rebecca Fleet,"4,0 sur 5 étoiles, détails de l’évaluation",412,Poche,https://m.media-amazon.com/images/I/71CdQFh6F4L._AC_UY218_.jpg,2025-09-04T08:36:20.599382,Description non disponible depuis la recherche,Stock non disponible,ISBN non disponible,Éditeur non disponible,Date non disponible,Nombre de pages non disponible,Rang de vente non disponible,Science-Fiction,33.0,,,,
"Holly: Holly Gibney, Vol. 3",https://www.amazon.fr/Audible-Holly/dp/B0CVL5VVHW/ref=sr_1_529,"0,00 €",Livres audio Audible,"4,4 sur 5 étoiles, détails de l’évaluation",1 498,Livres audio Audible,https://m.media-amazon.com/images/I/81oR1s62AQL._AC_UY218_.jpg,2025-09-04T08:36:20.602483,Description non disponible depuis la recherche,Stock non disponible,ISBN non disponible,Éditeur non disponible,Date non disponible,Nombre de pages non disponible,Rang de vente non disponible,Science-Fiction,33.0,,,,
Le Rituel de l'ombre,https://www.amazon.fr/Rituel-lombre-Jacques-RAVENNE/dp/226621294X/ref=sr_1_530,"9,00 €",Éric Giacometti,"4,4 sur 5 étoiles, détails de l’évaluation",863,Poche,https://m.media-amazon.com/images/I/61ipPopoQRL._AC_UY218_.jpg,2025-09-04T08:36:20.605128,Description non disponible depuis la recherche,Stock non disponible,ISBN non disponible,Éditeur non disponible,Date non disponible,Nombre de pages non disponible,Rang de vente non disponible,Science-Fiction,33.0,,,,
La Cabane dans les arbres,https://www.amazon.fr/Cabane-dans-arbres-Vera-Buck/dp/2351781546/ref=sr_1_531,"24,90 €",Vera Buck,"4,0 sur 5 étoiles, détails de l’évaluation",7,Broché,https://m.media-amazon.com/images/I/81WFFGw6R6L._AC_UY218_.jpg,2025-09-04T08:36:20.607795,Description non disponible depuis la recherche,Stock non disponible,ISBN non disponible,Éditeur non disponible,Date non disponible,Nombre de pages non disponible,Rang de vente non disponible,Science-Fiction,33.0,,,,
1991,https://www.amazon.fr/1991/dp/B0933HVZH4/ref=sr_1_532,"0,00 €",Livres audio Audible,"4,6 sur 5 étoiles, détails de l’évaluation",5 795,Livres audio Audible,https://m.media-amazon.com/images/I/913DjnoEoDS._AC_UY218_.jpg,2025-09-04T08:36:20.611011,Description non disponible depuis la recherche,Stock non disponible,ISBN non disponible,Éditeur non disponible,Date non disponible,Nombre de pages non disponible,Rang de vente non disponible,Science-Fiction,33.0,,,,
Meurtre au manoir,https://www.amazon.fr/Meurtre-au-manoir-Ahndoril-alex/dp/2283039908/ref=sr_1_531,"21,90 €",de Ahndoril alex | 8 mai 2025,"3,2 sur 5 étoiles, détails de l’évaluation",13,Broché,https://m.media-amazon.com/images/I/811UAk09fNL._AC_UY218_.jpg,2025-09-04T08:36:29.463622,Description non disponible depuis la recherche,Stock non disponible,ISBN non disponible,Éditeur non disponible,Date non disponible,Nombre de pages non disponible,Rang de vente non disponible,Science-Fiction,34.0,,,,
Alabama 1963,https://www.amazon.fr/Alabama-1963-Ludovic-Manchette/dp/2266314742/ref=sr_1_532,"8,70 €",Ludovic Manchette,"4,6 sur 5 étoiles, détails de l’évaluation",1 992,Poche,https://m.media-amazon.com/images/I/71BxnKwZM0L._AC_UY218_.jpg,2025-09-04T08:36:29.466832,Description non disponible depuis la recherche,Stock non disponible,ISBN non disponible,Éditeur non disponible,Date non disponible,Nombre de pages non disponible,Rang de vente non disponible,Science-Fiction,34.0,,,,
L’ENFER DE BOTTICELLI,https://www.amazon.fr/LENFER-BOTTICELLI-Stefano-Impellitteri/dp/B0FMPZXP37/ref=sr_1_533,"15,98 €",Stefano Impellitteri,"4,5 sur 5 étoiles, détails de l’évaluation",2,Broché,https://m.media-amazon.com/images/I/81S5jbAlJgL._AC_UY218_.jpg,2025-09-04T08:36:29.468895,Description non disponible depuis la recherche,Stock non disponible,ISBN non disponible,Éditeur non disponible,Date non disponible,Nombre de pages non disponible,Rang de vente non disponible,Science-Fiction,34.0,,,,
"Les Enquêtes d'Hannah Swensen, tome 3: Meurtres et muffins aux myrtilles",https://www.amazon.fr/Enqu%C3%AAtes-dHannah-Swensen-Meurtres-myrtilles/dp/B0C77568WP/ref=sr_1_534,"6,95 €",Joanne Fluke,"4,7 sur 5 étoiles, détails de l’évaluation",534,Poche,https://m.media-amazon.com/images/I/71pZzolVTYL._AC_UY218_.jpg,2025-09-04T08:36:29.472182,Description non disponible depuis la recherche,Stock non disponible,ISBN non disponible,Éditeur non disponible,Date non disponible,Nombre de pages non disponible,Rang de vente non disponible,Science-Fiction,34.0,,,,
Une chance de trop,https://www.amazon.fr/Une-chance-trop-Harlan-Coben/dp/2266207741/ref=sr_1_535,"9,00 €",Harlan Coben,"4,4 sur 5 étoiles, détails de l’évaluation",1 406,Poche,https://m.media-amazon.com/images/I/61zptNwWNmL._AC_UY218_.jpg,2025-09-04T08:36:29.475677,Description non disponible depuis la recherche,Stock non disponible,ISBN non disponible,Éditeur non disponible,Date non disponible,Nombre de pages non disponible,Rang de vente non disponible,Science-Fiction,34.0,,,,
Vous êtes cordialement invités 2,https://www.amazon.fr/Vous-%C3%AAtes-cordialement-invit%C3%A9s-2-ebook/dp/B0CMBMJJBM/ref=sr_1_536,"5,99 €",Alex  Sol,"4,5 sur 5 étoiles, détails de l’évaluation",682,Format Kindle,https://m.media-amazon.com/images/I/81Fo577EH0L._AC_UY218_.jpg,2025-09-04T08:36:29.478931,Description non disponible depuis la recherche,Stock non disponible,ISBN non disponible,Éditeur non disponible,Date non disponible,Nombre de pages non disponible,Rang de vente non disponible,Science-Fiction,34.0,,,,
Sauver sa peau,https://www.amazon.fr/Audible-Sauver-sa-peau/dp/B0FCYJ2GX4/ref=sr_1_537,"0,00 €",Livres audio Audible,"4,4 sur 5 étoiles, détails de l’évaluation",2 871,Livres audio Audible,https://m.media-amazon.com/images/I/91L4BaAIgRL._AC_UY218_.jpg,2025-09-04T08:36:29.482209,Description non disponible depuis la recherche,Stock non disponible,ISBN non disponible,Éditeur non disponible,Date non disponible,Nombre de pages non disponible,Rang de vente non disponible,Science-Fiction,34.0,,,,
"La fille, seule (Un Thriller à Suspense d’Ella Dark, FBI – Livre 1)",https://www.amazon.fr/fille-seule-Thriller-Suspense-dElla-ebook/dp/B08NWBVJPW/ref=sr_1_538,"0,00 €",Blake  Pierce,"4,2 sur 5 étoiles, détails de l’évaluation",2 752,Format Kindle,https://m.media-amazon.com/images/I/81vIWyDqDVL._AC_UY218_.jpg,2025-09-04T08:36:29.485302,Description non disponible depuis la recherche,Stock non disponible,ISBN non disponible,Éditeur non disponible,Date non disponible,Nombre de pages non disponible,Rang de vente non disponible,Science-Fiction,34.0,,,,
Territoires (édition collector),https://www.amazon.fr/Territoires-%C3%A9dition-collector-Stephen-King/dp/2226485848/ref=sr_1_541,"25,00 €",de Stephen King et Peter Straub | 29 octobre 2025,Note non disponible,0 avis,Relié,https://m.media-amazon.com/images/I/71XD+2XaCML._AC_UY218_.jpg,2025-09-04T08:36:29.495089,Description non disponible depuis la recherche,Stock non disponible,ISBN non disponible,Éditeur non disponible,Date non disponible,Nombre de pages non disponible,Rang de vente non disponible,Science-Fiction,34.0,,,,
Sakamoto Days - Starter Box (Tomes 01 à 05),https://www.amazon.fr/Sakamoto-Days-Starter-Box-Tomes/dp/2344063447/ref=sr_1_542,"35,00 €",Yuto Suzuki,"4,6 sur 5 étoiles, détails de l’évaluation",19,Broché,https://m.media-amazon.com/images/I/81Rez4SIgPL._AC_UY218_.jpg,2025-09-04T08:36:29.496965,Description non disponible depuis la recherche,Stock non disponible,ISBN non disponible,Éditeur non disponible,Date non disponible,Nombre de pages non disponible,Rang de vente non disponible,Science-Fiction,34.0,,,,
La librairie des chats noirs,https://www.amazon.fr/librairie-chats-noirs-Piergiorgio-Pulixi-ebook/dp/B0DKTNCXG9/ref=sr_1_543,"14,99 €",Piergiorgio Pulixi,"4,3 sur 5 étoiles, détails de l’évaluation",205,Format Kindle,https://m.media-amazon.com/images/I/71r+ZWaYTwL._AC_UY218_.jpg,2025-09-04T08:36:29.500165,Description non disponible depuis la recherche,Stock non disponible,ISBN non disponible,Éditeur non disponible,Date non disponible,Nombre de pages non disponible,Rang de vente non disponible,Science-Fiction,34.0,,,,
Blake & Mortimer - Tome 30 - Signé Olrik,https://www.amazon.fr/Blake-Mortimer-30-Sign%C3%A9-Olrik/dp/2870973098/ref=sr_1_544,"17,50 €",de Sente Yves et Juillard André | 31 octobre 2024,"4,7 sur 5 étoiles, détails de l’évaluation",397,Broché,https://m.media-amazon.com/images/I/51jYy9FRunL._AC_UY218_.jpg,2025-09-04T08:36:29.503918,Description non disponible depuis la recherche,Stock non disponible,ISBN non disponible,Éditeur non disponible,Date non disponible,Nombre de pages non disponible,Rang de vente non disponible,Science-Fiction,34.0,,,,
Le Medium: (format poche),https://www.amazon.fr/Medium-format-poche-Julia-Salvador/dp/2493697200/ref=sr_1_545,"12,99 €",Julia Salvador,"4,6 sur 5 étoiles, détails de l’évaluation",286,Broché,https://m.media-amazon.com/images/I/712f6DzQ7OL._AC_UY218_.jpg,2025-09-04T08:36:29.505872,Description non disponible depuis la recherche,Stock non disponible,ISBN non disponible,Éditeur non disponible,Date non disponible,Nombre de pages non disponible,Rang de vente non disponible,Science-Fiction,34.0,,,,
Opération Zelensky,https://www.amazon.fr/Op%C3%A9ration-Zelensky-Alain-Bauer-ebook/dp/B0F71NTDLC/ref=sr_1_546,"6,99 €",Alain Bauer,"4,0 sur 5 étoiles, détails de l’évaluation",119,Format Kindle,https://m.media-amazon.com/images/I/818kv5n2yuL._AC_UY218_.jpg,2025-09-04T08:36:29.507539,Description non disponible depuis la recherche,Stock non disponible,ISBN non disponible,Éditeur non disponible,Date non disponible,Nombre de pages non disponible,Rang de vente non disponible,Science-Fiction,34.0,,,,
"L'épouse docile : Thriller psychologique domestique — Disparition, secrets conjugaux et tueur en série (Collection ""Thriller Familial Noir"")",https://www.amazon.fr/L%C3%A9pouse-docile-psychologique-domestique-Disparition-ebook/dp/B0DQLWPDC2/ref=sr_1_547,"17,92 €",Emma De Luca,"4,2 sur 5 étoiles, détails de l’évaluation",2 394,Format Kindle,https://m.media-amazon.com/images/I/81GmL+3Yt4L._AC_UY218_.jpg,2025-09-04T08:36:29.510112,Description non disponible depuis la recherche,Stock non disponible,ISBN non disponible,Éditeur non disponible,Date non disponible,Nombre de pages non disponible,Rang de vente non disponible,Science-Fiction,34.0,,,,
Le Palais de l'infortune,https://www.amazon.fr/Palais-linfortune-Donna-Leon/dp/B0DWS1M6JT/ref=sr_1_548,"8,95 €",Donna Leon,"3,8 sur 5 étoiles, détails de l’évaluation",322,Poche,https://m.media-amazon.com/images/I/71MOKBlASWL._AC_UY218_.jpg,2025-09-04T08:36:29.513488,Description non disponible depuis la recherche,Stock non disponible,ISBN non disponible,Éditeur non disponible,Date non disponible,Nombre de pages non disponible,Rang de vente non disponible,Science-Fiction,34.0,,,,
"Permis de tuer: Gaza : génocide, négationnisme et hasbara",https://www.amazon.fr/Permis-tuer-g%C3%A9nocide-n%C3%A9gationnisme-hasbara/dp/2315024374/ref=sr_1_547,"21,90 €",Pascal Boniface,"4,7 sur 5 étoiles, détails de l’évaluation",31,Broché,https://m.media-amazon.com/images/I/61K2BZXh1GL._AC_UY218_.jpg,2025-09-04T08:36:40.499684,Description non disponible depuis la recherche,Stock non disponible,ISBN non disponible,Éditeur non disponible,Date non disponible,Nombre de pages non disponible,Rang de vente non disponible,Science-Fiction,35.0,,,,
"Felix Culpa - The Elite Tome 1: La nouvelle romance de Lorea Springs, autrice de Under the Ice",https://www.amazon.fr/Felix-Culpa-nouvelle-romance-Springs/dp/2017335177/ref=sr_1_548,"20,00 €",Lorea Springs,"4,5 sur 5 étoiles, détails de l’évaluation",52,Broché,https://m.media-amazon.com/images/I/91O21sQrNCL._AC_UY218_.jpg,2025-09-04T08:36:40.502631,Description non disponible depuis la recherche,Stock non disponible,ISBN non disponible,Éditeur non disponible,Date non disponible,Nombre de pages non disponible,Rang de vente non disponible,Science-Fiction,35.0,,,,
"Stella (Une enquête d'Eva, Mara et Vito Strega)",https://www.amazon.fr/Stella-enqu%C3%AAte-dEva-Mara-Strega-ebook/dp/B0DSG2LV7H/ref=sr_1_549,"16,99 €",Piergiorgio Pulixi,"4,4 sur 5 étoiles, détails de l’évaluation",129,Format Kindle,https://m.media-amazon.com/images/I/81XhKL5KJdL._AC_UY218_.jpg,2025-09-04T08:36:40.505128,Description non disponible depuis la recherche,Stock non disponible,ISBN non disponible,Éditeur non disponible,Date non disponible,Nombre de pages non disponible,Rang de vente non disponible,Science-Fiction,35.0,,,,
Vengeance,https://www.amazon.fr/Vengeance-Emma-Walker/dp/B0FHBMTN4R/ref=sr_1_550,"21,10 €",de Emma Walker et William Dorigny | 9 juillet 2025,"5,0 sur 5 étoiles, détails de l’évaluation",5,Broché,https://m.media-amazon.com/images/I/61nO+C44nDL._AC_UY218_.jpg,2025-09-04T08:36:40.507543,Description non disponible depuis la recherche,Stock non disponible,ISBN non disponible,Éditeur non disponible,Date non disponible,Nombre de pages non disponible,Rang de vente non disponible,Science-Fiction,35.0,,,,
Verity (English Edition),https://www.amazon.fr/Verity-English-Colleen-Hoover-ebook/dp/B07HJYTRMD/ref=sr_1_551,"5,28 €",Colleen Hoover,"4,4 sur 5 étoiles, détails de l’évaluation",407 713,Format Kindle,https://m.media-amazon.com/images/I/911BI3unxzL._AC_UY218_.jpg,2025-09-04T08:36:40.511063,Description non disponible depuis la recherche,Stock non disponible,ISBN non disponible,Éditeur non disponible,Date non disponible,Nombre de pages non disponible,Rang de vente non disponible,Science-Fiction,35.0,,,,
Intelligences,https://www.amazon.fr/Intelligences-Pelaez-Philippe/dp/2505127433/ref=sr_1_552,"18,50 €","de Pelaez Philippe, de Bénat Hugo, et al. | 29 août 2025",Note non disponible,0 avis,Relié,https://m.media-amazon.com/images/I/81h5d-drTZL._AC_UY218_.jpg,2025-09-04T08:36:40.514748,Description non disponible depuis la recherche,Stock non disponible,ISBN non disponible,Éditeur non disponible,Date non disponible,Nombre de pages non disponible,Rang de vente non disponible,Science-Fiction,35.0,,,,
La résurrection du pire,https://www.amazon.fr/r%C3%A9surrection-du-pire-Ang%C3%A9lina-Delcroix/dp/275567590X/ref=sr_1_553,"19,95 €",Angélina Delcroix,"4,3 sur 5 étoiles, détails de l’évaluation",129,Broché,https://m.media-amazon.com/images/I/81QXGEaWEyL._AC_UY218_.jpg,2025-09-04T08:36:40.517873,Description non disponible depuis la recherche,Stock non disponible,ISBN non disponible,Éditeur non disponible,Date non disponible,Nombre de pages non disponible,Rang de vente non disponible,Science-Fiction,35.0,,,,
Pas de secrets entre nous (Prix des Lectrices 2021),https://www.amazon.fr/secrets-entre-nous-Prix-Lectrices/dp/2381221727/ref=sr_1_554,"8,20 €",Samantha Downing,"4,0 sur 5 étoiles, détails de l’évaluation",1 489,Poche,https://m.media-amazon.com/images/I/81Nc79xQ4qL._AC_UY218_.jpg,2025-09-04T08:36:40.520847,Description non disponible depuis la recherche,Stock non disponible,ISBN non disponible,Éditeur non disponible,Date non disponible,Nombre de pages non disponible,Rang de vente non disponible,Science-Fiction,35.0,,,,
"Tu deviendras bourreau : Thriller policier captivant — Exécution numérique 'live', otage en sursis, course contre la mort (Les enquêtes de l’inspectrice Georgina Stuart t. 5)",https://www.amazon.fr/deviendras-bourreau-captivant-Ex%C3%A9cution-linspectrice-ebook/dp/B0FJBR54TL/ref=sr_1_557,"17,92 €",Emma  De Luca,"4,6 sur 5 étoiles, détails de l’évaluation",12,Format Kindle,https://m.media-amazon.com/images/I/71o-SwIumSL._AC_UY218_.jpg,2025-09-04T08:36:40.529087,Description non disponible depuis la recherche,Stock non disponible,ISBN non disponible,Éditeur non disponible,Date non disponible,Nombre de pages non disponible,Rang de vente non disponible,Science-Fiction,35.0,,,,
Le Petit Vieux des Batignolles,https://www.amazon.fr/Petit-Vieux-Batignolles-Emile-Gaboriau/dp/2081277921/ref=sr_1_558,"4,40 €",Émile Gaboriau,"4,0 sur 5 étoiles, détails de l’évaluation",1 120,Poche,https://m.media-amazon.com/images/I/718lJjdjF5L._AC_UY218_.jpg,2025-09-04T08:36:40.532558,Description non disponible depuis la recherche,Stock non disponible,ISBN non disponible,Éditeur non disponible,Date non disponible,Nombre de pages non disponible,Rang de vente non disponible,Science-Fiction,35.0,,,,
L'Héroïne déchue: Mafia et Dark Romance,https://www.amazon.fr/LH%C3%A9ro%C3%AFne-d%C3%A9chue-Mafia-Dark-Romance/dp/B0CZ7FK79D/ref=sr_1_559,"21,09 €",Gabrielle Sands,"4,6 sur 5 étoiles, détails de l’évaluation",1 343,Broché,https://m.media-amazon.com/images/I/71F8JaXRspL._AC_UY218_.jpg,2025-09-04T08:36:40.534615,Description non disponible depuis la recherche,Stock non disponible,ISBN non disponible,Éditeur non disponible,Date non disponible,Nombre de pages non disponible,Rang de vente non disponible,Science-Fiction,35.0,,,,
L'ange de la vengeance,https://www.amazon.fr/Lange-vengeance-Douglas-Preston-ebook/dp/B0DVDXJ6MP/ref=sr_1_560,"16,99 €",Douglas Preston,"4,5 sur 5 étoiles, détails de l’évaluation",166,Format Kindle,https://m.media-amazon.com/images/I/81kn9cJ65WL._AC_UY218_.jpg,2025-09-04T08:36:40.537237,Description non disponible depuis la recherche,Stock non disponible,ISBN non disponible,Éditeur non disponible,Date non disponible,Nombre de pages non disponible,Rang de vente non disponible,Science-Fiction,35.0,,,,
"FAKE BABY, REAL DISASTER !",https://www.amazon.fr/FAKE-BABY-DISASTER-No%C3%A9mie-Conte/dp/B0FK3VJJ3Y/ref=sr_1_561,"20,00 €",Noémie Conte,"4,7 sur 5 étoiles, détails de l’évaluation",208,Broché,https://m.media-amazon.com/images/I/61lQBui0k+L._AC_UY218_.jpg,2025-09-04T08:36:40.539768,Description non disponible depuis la recherche,Stock non disponible,ISBN non disponible,Éditeur non disponible,Date non disponible,Nombre de pages non disponible,Rang de vente non disponible,Science-Fiction,35.0,,,,
Ne lâche pas ma main,https://www.amazon.fr/Ne-l%C3%A2che-pas-ma-main/dp/2266244388/ref=sr_1_562,"9,00 €",Michel Bussi,"4,3 sur 5 étoiles, détails de l’évaluation",3 920,Poche,https://m.media-amazon.com/images/I/71ebNpzGSaL._AC_UY218_.jpg,2025-09-04T08:36:40.543015,Description non disponible depuis la recherche,Stock non disponible,ISBN non disponible,Éditeur non disponible,Date non disponible,Nombre de pages non disponible,Rang de vente non disponible,Science-Fiction,35.0,,,,
Project Hail Mary,https://www.amazon.fr/Project-Hail-Mary/dp/B08GB1RSYP/ref=sr_1_563,"11,26 €",Livres audio Audible,"4,7 sur 5 étoiles, détails de l’évaluation",159 903,Livres audio Audible,https://m.media-amazon.com/images/I/81wvR09gLRL._AC_UY218_.jpg,2025-09-04T08:36:40.545744,Description non disponible depuis la recherche,Stock non disponible,ISBN non disponible,Éditeur non disponible,Date non disponible,Nombre de pages non disponible,Rang de vente non disponible,Science-Fiction,35.0,,,,
Ne le dis à personne...,https://www.amazon.fr/Ne-dis-personne-Harlan-Coben/dp/2266207709/ref=sr_1_564,"9,00 €",Harlan Coben,"4,4 sur 5 étoiles, détails de l’évaluation",1 504,Poche,https://m.media-amazon.com/images/I/71pjj-Vdq1L._AC_UY218_.jpg,2025-09-04T08:36:40.549160,Description non disponible depuis la recherche,Stock non disponible,ISBN non disponible,Éditeur non disponible,Date non disponible,Nombre de pages non disponible,Rang de vente non disponible,Science-Fiction,35.0,,,,
Le mensonge des mères: Thriller domestique (Mes romans noirs à suspense),https://www.amazon.fr/mensonge-m%C3%A8res-Thriller-domestique-ebook/dp/B0CWLS9HL5/ref=sr_1_563,"17,90 €",Jeanne Yliss,"4,1 sur 5 étoiles, détails de l’évaluation",2 988,Format Kindle,https://m.media-amazon.com/images/I/71n-+GYS3QL._AC_UY218_.jpg,2025-09-04T08:36:52.566960,Description non disponible depuis la recherche,Stock non disponible,ISBN non disponible,Éditeur non disponible,Date non disponible,Nombre de pages non disponible,Rang de vente non disponible,Science-Fiction,36.0,,,,
Sakamoto Days - Tome 18,https://www.amazon.fr/Sakamoto-Days-18-Yuto-Suzuki/dp/2344064656/ref=sr_1_564,"7,20 €",Yuto Suzuki,"4,4 sur 5 étoiles, détails de l’évaluation",24,Broché,https://m.media-amazon.com/images/I/81wcbj8YtpL._AC_UY218_.jpg,2025-09-04T08:36:52.570206,Description non disponible depuis la recherche,Stock non disponible,ISBN non disponible,Éditeur non disponible,Date non disponible,Nombre de pages non disponible,Rang de vente non disponible,Science-Fiction,36.0,,,,
Anathème,https://www.amazon.fr/Anath%C3%A8me-Lily-Degaigne/dp/2379937869/ref=sr_1_565,"19,00 €",Lily Degaigne,"4,7 sur 5 étoiles, détails de l’évaluation",634,Broché,https://m.media-amazon.com/images/I/81o-7fmISBL._AC_UY218_.jpg,2025-09-04T08:36:52.572904,Description non disponible depuis la recherche,Stock non disponible,ISBN non disponible,Éditeur non disponible,Date non disponible,Nombre de pages non disponible,Rang de vente non disponible,Science-Fiction,36.0,,,,
"Le Piège de verre (La saga d'Héloïse, l'apothicaire, Tome 2)",https://www.amazon.fr/Pi%C3%A8ge-verre-saga-dH%C3%A9lo%C3%AFse-lapothicaire/dp/2253243833/ref=sr_1_566,"9,90 €",de Éric Fouassier | 9 novembre 2022,"4,6 sur 5 étoiles, détails de l’évaluation",144,Poche,https://m.media-amazon.com/images/I/71vpFmKnGVL._AC_UY218_.jpg,2025-09-04T08:36:52.576126,Description non disponible depuis la recherche,Stock non disponible,ISBN non disponible,Éditeur non disponible,Date non disponible,Nombre de pages non disponible,Rang de vente non disponible,Science-Fiction,36.0,,,,
Une enquête sous la neige d’Écosse: - Les aventures d'une lady (cosy mystery au XIXème siècle),https://www.amazon.fr/Une-enqu%C3%AAte-sous-neige-d%C3%89cosse-ebook/dp/B0DPNR7639/ref=sr_1_567,"14,99 €",Laurence Lopez Hodiesne,"4,2 sur 5 étoiles, détails de l’évaluation",438,Format Kindle,https://m.media-amazon.com/images/I/81GHHTE97xL._AC_UY218_.jpg,2025-09-04T08:36:52.578239,Description non disponible depuis la recherche,Stock non disponible,ISBN non disponible,Éditeur non disponible,Date non disponible,Nombre de pages non disponible,Rang de vente non disponible,Science-Fiction,36.0,,,,
Glacé,https://www.amazon.fr/Glac%C3%A9-Bernard-MINIER/dp/2266219979/ref=sr_1_568,"10,30 €",Bernard Minier,"4,4 sur 5 étoiles, détails de l’évaluation",5 549,Poche,https://m.media-amazon.com/images/I/61puDbR6iaL._AC_UY218_.jpg,2025-09-04T08:36:52.581503,Description non disponible depuis la recherche,Stock non disponible,ISBN non disponible,Éditeur non disponible,Date non disponible,Nombre de pages non disponible,Rang de vente non disponible,Science-Fiction,36.0,,,,
Tremblez !: 10 histoires criminelles vraies et flippantes,https://www.amazon.fr/Tremblez-histoires-criminelles-vraies-flippantes/dp/2253244074/ref=sr_1_569,"8,90 €",McSkyz,"4,8 sur 5 étoiles, détails de l’évaluation",999,Poche,https://m.media-amazon.com/images/I/71eZF8C9XBL._AC_UY218_.jpg,2025-09-04T08:36:52.584754,Description non disponible depuis la recherche,Stock non disponible,ISBN non disponible,Éditeur non disponible,Date non disponible,Nombre de pages non disponible,Rang de vente non disponible,Science-Fiction,36.0,,,,
Le Chuchoteur,https://www.amazon.fr/Chuchoteur-Donato-Carrisi/dp/2253157201/ref=sr_1_570,"9,90 €",Donato Carrisi,"4,3 sur 5 étoiles, détails de l’évaluation",2 903,Poche,https://m.media-amazon.com/images/I/71vuUMMumfL._AC_UY218_.jpg,2025-09-04T08:36:52.587922,Description non disponible depuis la recherche,Stock non disponible,ISBN non disponible,Éditeur non disponible,Date non disponible,Nombre de pages non disponible,Rang de vente non disponible,Science-Fiction,36.0,,,,
In Tenebris,https://www.amazon.fr/Tenebris-Maxime-Chattam/dp/2266138081/ref=sr_1_573,"9,90 €",Maxime Chattam,"4,7 sur 5 étoiles, détails de l’évaluation",749,Poche,https://m.media-amazon.com/images/I/610X1TKG+4L._AC_UY218_.jpg,2025-09-04T08:36:52.597141,Description non disponible depuis la recherche,Stock non disponible,ISBN non disponible,Éditeur non disponible,Date non disponible,Nombre de pages non disponible,Rang de vente non disponible,Science-Fiction,36.0,,,,
De force,https://www.amazon.fr/force-Karine-GIEBEL/dp/2266272985/ref=sr_1_574,"9,30 €",Karine Giebel,"4,3 sur 5 étoiles, détails de l’évaluation",1 726,Poche,https://m.media-amazon.com/images/I/61iD4U43jhL._AC_UY218_.jpg,2025-09-04T08:36:52.600391,Description non disponible depuis la recherche,Stock non disponible,ISBN non disponible,Éditeur non disponible,Date non disponible,Nombre de pages non disponible,Rang de vente non disponible,Science-Fiction,36.0,,,,
Les 3 P'tits Cochons: Les contes interdits,https://www.amazon.fr/3-Ptits-Cochons-Christian-Boivin/dp/2849336181/ref=sr_1_575,"14,90 €",Christian Boivin,"4,4 sur 5 étoiles, détails de l’évaluation",955,Broché,https://m.media-amazon.com/images/I/61VqswmKpjL._AC_UY218_.jpg,2025-09-04T08:36:52.603098,Description non disponible depuis la recherche,Stock non disponible,ISBN non disponible,Éditeur non disponible,Date non disponible,Nombre de pages non disponible,Rang de vente non disponible,Science-Fiction,36.0,,,,
Angor,https://www.amazon.fr/Audible-Angor/dp/B09PZ6D126/ref=sr_1_576,"0,00 €",Livres audio Audible,"4,4 sur 5 étoiles, détails de l’évaluation",4 271,Livres audio Audible,https://m.media-amazon.com/images/I/91Q-8ezeYZL._AC_UY218_.jpg,2025-09-04T08:36:52.606317,Description non disponible depuis la recherche,Stock non disponible,ISBN non disponible,Éditeur non disponible,Date non disponible,Nombre de pages non disponible,Rang de vente non disponible,Science-Fiction,36.0,,,,
Son Espionne royale vole au secours de Belinda - Tome 14,https://www.amazon.fr/Espionne-royale-vole-secours-Belinda-ebook/dp/B0FCYF9JDX/ref=sr_1_577,"9,99 €",Blandine Longre,"4,6 sur 5 étoiles, détails de l’évaluation",108,Format Kindle,https://m.media-amazon.com/images/I/716zdKtVfnL._AC_UY218_.jpg,2025-09-04T08:36:52.608881,Description non disponible depuis la recherche,Stock non disponible,ISBN non disponible,Éditeur non disponible,Date non disponible,Nombre de pages non disponible,Rang de vente non disponible,Science-Fiction,36.0,,,,
"Plus amère que la mort (Siri Bergman, 2)",https://www.amazon.fr/Plus-am%C3%A8re-mort-Siri-Bergman-ebook/dp/B0DCP18434/ref=sr_1_578,"4,49 €",Camilla Grebe,"4,0 sur 5 étoiles, détails de l’évaluation",191,Format Kindle,https://m.media-amazon.com/images/I/81P723rQEZL._AC_UY218_.jpg,2025-09-04T08:36:52.611244,Description non disponible depuis la recherche,Stock non disponible,ISBN non disponible,Éditeur non disponible,Date non disponible,Nombre de pages non disponible,Rang de vente non disponible,Science-Fiction,36.0,,,,
La femme du Médecin,https://www.amazon.fr/femme-du-M%C3%A9decin-Fiona-Sussman-ebook/dp/B0FB49XWG3/ref=sr_1_579,"19,99 €",Fiona Sussman,"4,3 sur 5 étoiles, détails de l’évaluation",119,Format Kindle,https://m.media-amazon.com/images/I/81IFBsUFSvL._AC_UY218_.jpg,2025-09-04T08:36:52.613521,Description non disponible depuis la recherche,Stock non disponible,ISBN non disponible,Éditeur non disponible,Date non disponible,Nombre de pages non disponible,Rang de vente non disponible,Science-Fiction,36.0,,,,
"Avant que tu ne meures (Siri Bergman, 3)",https://www.amazon.fr/Avant-que-meures-Siri-Bergman/dp/225324550X/ref=sr_1_580,"9,90 €",Camilla Grebe,Note non disponible,0 avis,Poche,https://m.media-amazon.com/images/I/71QKojQAnxL._AC_UY218_.jpg,2025-09-04T08:36:52.616238,Description non disponible depuis la recherche,Stock non disponible,ISBN non disponible,Éditeur non disponible,Date non disponible,Nombre de pages non disponible,Rang de vente non disponible,Science-Fiction,36.0,,,,
Le Fardeau du passé,https://www.amazon.fr/Fardeau-du-pass%C3%A9-Hjorth-Rosenfeldt/dp/2330208812/ref=sr_1_579,"23,50 €",Hjorth Et Rosenfeldt,Note non disponible,0 avis,Broché,https://m.media-amazon.com/images/I/61Ja912O34L._AC_UY218_.jpg,2025-09-04T08:37:01.115392,Description non disponible depuis la recherche,Stock non disponible,ISBN non disponible,Éditeur non disponible,Date non disponible,Nombre de pages non disponible,Rang de vente non disponible,Science-Fiction,37.0,,,,
Un visiteur inattendu - Classiques & Contemporains,https://www.amazon.fr/visiteur-inattendu-Classiques-Contemporains/dp/2210777569/ref=sr_1_580,"5,60 €",Agatha Christie,"4,5 sur 5 étoiles, détails de l’évaluation",388,Broché,https://m.media-amazon.com/images/I/71D5uOlpmjL._AC_UY218_.jpg,2025-09-04T08:37:01.118514,Description non disponible depuis la recherche,Stock non disponible,ISBN non disponible,Éditeur non disponible,Date non disponible,Nombre de pages non disponible,Rang de vente non disponible,Science-Fiction,37.0,,,,
Et Après...,https://www.amazon.fr/Apr%C3%A8s-Guillaume-Musso-ebook/dp/B078QYGV4T/ref=sr_1_581,"7,99 €",Guillaume Musso,"4,3 sur 5 étoiles, détails de l’évaluation",6 628,Format Kindle,https://m.media-amazon.com/images/I/81YG4LinlSL._AC_UY218_.jpg,2025-09-04T08:37:01.121693,Description non disponible depuis la recherche,Stock non disponible,ISBN non disponible,Éditeur non disponible,Date non disponible,Nombre de pages non disponible,Rang de vente non disponible,Science-Fiction,37.0,,,,
Les Refuges,https://www.amazon.fr/Refuges-J%C3%A9r%C3%B4me-Loubry/dp/2253181595/ref=sr_1_582,"9,40 €",Jérôme Loubry,"4,2 sur 5 étoiles, détails de l’évaluation",8 001,Poche,https://m.media-amazon.com/images/I/81O2SqEBdFL._AC_UY218_.jpg,2025-09-04T08:37:01.125044,Description non disponible depuis la recherche,Stock non disponible,ISBN non disponible,Éditeur non disponible,Date non disponible,Nombre de pages non disponible,Rang de vente non disponible,Science-Fiction,37.0,,,,
Millénium 8 - La Fille dans les griffes du lynx: Millénium 8,https://www.amazon.fr/Mill%C3%A9nium-Fille-dans-griffes-lynx/dp/2330212631/ref=sr_1_583,"23,80 €",Karin Smirnoff,Note non disponible,0 avis,Broché,https://m.media-amazon.com/images/I/61xrDLCrFGL._AC_UY218_.jpg,2025-09-04T08:37:01.128069,Description non disponible depuis la recherche,Stock non disponible,ISBN non disponible,Éditeur non disponible,Date non disponible,Nombre de pages non disponible,Rang de vente non disponible,Science-Fiction,37.0,,,,
"Le Triomphe des ténèbres (La Saga du soleil noir, Tome 1)",https://www.amazon.fr/Triomphe-t%C3%A9n%C3%A8bres-Saga-soleil-noir/dp/2253258245/ref=sr_1_584,"10,40 €",Jacques Ravenne,"4,5 sur 5 étoiles, détails de l’évaluation",2 002,Poche,https://m.media-amazon.com/images/I/81ck1NSTg3L._AC_UY218_.jpg,2025-09-04T08:37:01.131585,Description non disponible depuis la recherche,Stock non disponible,ISBN non disponible,Éditeur non disponible,Date non disponible,Nombre de pages non disponible,Rang de vente non disponible,Science-Fiction,37.0,,,,
"Le Mensonge de trop : thriller psychologique, nouveauté 2025, par Shari Lapena, l'auteure du Couple d'à côté (Presses de la Cité Noir)",https://www.amazon.fr/Mensonge-trop-thriller-psychologique-nouveaut%C3%A9-ebook/dp/B0DPRD7GWP/ref=sr_1_585,"7,99 €",Shari Lapena,"4,2 sur 5 étoiles, détails de l’évaluation",206,Format Kindle,https://m.media-amazon.com/images/I/81sC3yemABL._AC_UY218_.jpg,2025-09-04T08:37:01.134183,Description non disponible depuis la recherche,Stock non disponible,ISBN non disponible,Éditeur non disponible,Date non disponible,Nombre de pages non disponible,Rang de vente non disponible,Science-Fiction,37.0,,,,
L'Inconnue de la Seine,https://www.amazon.fr/LInconnue-Seine-Guillaume-Musso/dp/2253106631/ref=sr_1_586,"9,70 €",Guillaume Musso,"3,9 sur 5 étoiles, détails de l’évaluation",7 254,Poche,https://m.media-amazon.com/images/I/71WjmhtJqSL._AC_UY218_.jpg,2025-09-04T08:37:01.137462,Description non disponible depuis la recherche,Stock non disponible,ISBN non disponible,Éditeur non disponible,Date non disponible,Nombre de pages non disponible,Rang de vente non disponible,Science-Fiction,37.0,,,,
Plandémonium: l'intégrale,https://www.amazon.fr/Pland%C3%A9monium-lint%C3%A9grale-suis-R%C3%A9my-France/dp/B0D2B7FLSW/ref=sr_1_589,"59,00 €","de France, Je suis Rémy,","5,0 sur 5 étoiles, détails de l’évaluation",5,Broché,https://m.media-amazon.com/images/I/8150sJ2DnaL._AC_UY218_.jpg,2025-09-04T08:37:01.145373,Description non disponible depuis la recherche,Stock non disponible,ISBN non disponible,Éditeur non disponible,Date non disponible,Nombre de pages non disponible,Rang de vente non disponible,Science-Fiction,37.0,,,,
La mère de famille,https://www.amazon.fr/m%C3%A8re-famille-Valerie-Keogh-ebook/dp/B0F4KDNPHP/ref=sr_1_590,"12,99 €",Valerie Keogh,"4,1 sur 5 étoiles, détails de l’évaluation",71,Format Kindle,https://m.media-amazon.com/images/I/71Mt5+yxtSL._AC_UY218_.jpg,2025-09-04T08:37:01.147860,Description non disponible depuis la recherche,Stock non disponible,ISBN non disponible,Éditeur non disponible,Date non disponible,Nombre de pages non disponible,Rang de vente non disponible,Science-Fiction,37.0,,,,
The Broken Soul (Heart Players t. 3),https://www.amazon.fr/Broken-Soul-Heart-Players-t-ebook/dp/B0CX9G13HK/ref=sr_1_591,"5,99 €",Alice DesMerveilles,"4,7 sur 5 étoiles, détails de l’évaluation",923,Format Kindle,https://m.media-amazon.com/images/I/81gv9V2IfzL._AC_UY218_.jpg,2025-09-04T08:37:01.151022,Description non disponible depuis la recherche,Stock non disponible,ISBN non disponible,Éditeur non disponible,Date non disponible,Nombre de pages non disponible,Rang de vente non disponible,Science-Fiction,37.0,,,,
Le secret Madeleine (Les Chroniques de Madeleine t. 1),https://www.amazon.fr/secret-Madeleine-Gary-McAvoy-ebook/dp/B0B8G4MQZ7/ref=sr_1_592,"7,99 €",Gary McAvoy,"4,4 sur 5 étoiles, détails de l’évaluation",923,Format Kindle,https://m.media-amazon.com/images/I/91U5F7pxuuL._AC_UY218_.jpg,2025-09-04T08:37:01.153553,Description non disponible depuis la recherche,Stock non disponible,ISBN non disponible,Éditeur non disponible,Date non disponible,Nombre de pages non disponible,Rang de vente non disponible,Science-Fiction,37.0,,,,
Son mari parfait: Un thriller psychologique,https://www.amazon.fr/Son-mari-parfait-thriller-psychologique-ebook/dp/B0FN8F2BRX/ref=sr_1_593,"13,70 €",Jack Stainton,"3,0 sur 5 étoiles, détails de l’évaluation",2,Format Kindle,https://m.media-amazon.com/images/I/81SFxDW63nL._AC_UY218_.jpg,2025-09-04T08:37:01.155525,Description non disponible depuis la recherche,Stock non disponible,ISBN non disponible,Éditeur non disponible,Date non disponible,Nombre de pages non disponible,Rang de vente non disponible,Science-Fiction,37.0,,,,
Le Tueur d'à côté: Un thriller psychologique haletant,https://www.amazon.fr/Tueur-d%C3%A0-c%C3%B4t%C3%A9-thriller-psychologique-ebook/dp/B0FG7SR46K/ref=sr_1_594,"0,00 €",Olivier LLAMBI,"3,7 sur 5 étoiles, détails de l’évaluation",408,Format Kindle,https://m.media-amazon.com/images/I/81L-8sX886L._AC_UY218_.jpg,2025-09-04T08:37:01.157162,Description non disponible depuis la recherche,Stock non disponible,ISBN non disponible,Éditeur non disponible,Date non disponible,Nombre de pages non disponible,Rang de vente non disponible,Science-Fiction,37.0,,,,
Le Nom de la rose,https://www.amazon.fr/Nom-rose-Umberto-Eco/dp/2253033138/ref=sr_1_595,"8,90 €",Umberto Eco,"4,5 sur 5 étoiles, détails de l’évaluation",817,Poche,https://m.media-amazon.com/images/I/81W6mh0rv1L._AC_UY218_.jpg,2025-09-04T08:37:01.159962,Description non disponible depuis la recherche,Stock non disponible,ISBN non disponible,Éditeur non disponible,Date non disponible,Nombre de pages non disponible,Rang de vente non disponible,Science-Fiction,37.0,,,,
Captive - tome 1 : L'histoire d'Asher et Ella qui a déjà conquis plus de 7 millions de lecteurs (Dark Romance),https://www.amazon.fr/Captive-Lhistoire-conquis-millions-lecteurs-ebook/dp/B09WN3T2M1/ref=sr_1_596,"7,99 €",Sarah Rivens,"4,7 sur 5 étoiles, détails de l’évaluation",4 932,Format Kindle,https://m.media-amazon.com/images/I/718gkXyOf-L._AC_UY218_.jpg,2025-09-04T08:37:01.163149,Description non disponible depuis la recherche,Stock non disponible,ISBN non disponible,Éditeur non disponible,Date non disponible,Nombre de pages non disponible,Rang de vente non disponible,Science-Fiction,37.0,,,,
Le Chiffre de Cléopâtre: Un Thriller D’Adrian West (Adrian West Aventures t. 1),https://www.amazon.fr/Chiffre-Cl%C3%A9op%C3%A2tre-Thriller-DAdrian-Aventures-ebook/dp/B0DJ9SHCRC/ref=sr_1_595,"15,81 €",L.D. Goffigan,"4,2 sur 5 étoiles, détails de l’évaluation",658,Format Kindle,https://m.media-amazon.com/images/I/91HnGFvGc6L._AC_UY218_.jpg,2025-09-04T08:37:11.631578,Description non disponible depuis la recherche,Stock non disponible,ISBN non disponible,Éditeur non disponible,Date non disponible,Nombre de pages non disponible,Rang de vente non disponible,Science-Fiction,38.0,,,,
Je pensais t'épargner,https://www.amazon.fr/Je-pensais-t%C3%A9pargner-P%C3%A9tronille-Rostagnat/dp/B09HT7P4QR/ref=sr_1_596,"8,10 €",Pétronille Rostagnat,"4,4 sur 5 étoiles, détails de l’évaluation",665,Poche,https://m.media-amazon.com/images/I/81ptQbLfl+L._AC_UY218_.jpg,2025-09-04T08:37:11.634558,Description non disponible depuis la recherche,Stock non disponible,ISBN non disponible,Éditeur non disponible,Date non disponible,Nombre de pages non disponible,Rang de vente non disponible,Science-Fiction,38.0,,,,
Hope to Die,https://www.amazon.fr/Come-Harm-Cara-Hunter/dp/0241990165/ref=sr_1_597,"9,64 €",Cara Hunter,"4,4 sur 5 étoiles, détails de l’évaluation",6 797,Broché,https://m.media-amazon.com/images/I/91R-GRFo8eL._AC_UY218_.jpg,2025-09-04T08:37:11.638159,Description non disponible depuis la recherche,Stock non disponible,ISBN non disponible,Éditeur non disponible,Date non disponible,Nombre de pages non disponible,Rang de vente non disponible,Science-Fiction,38.0,,,,
Morts suspectes,https://www.amazon.fr/Morts-suspectes-Patricia-Cornwell/dp/2253253057/ref=sr_1_598,"9,90 €",Patricia Cornwell,"4,1 sur 5 étoiles, détails de l’évaluation",354,Poche,https://m.media-amazon.com/images/I/71PGGOs67mL._AC_UY218_.jpg,2025-09-04T08:37:11.641392,Description non disponible depuis la recherche,Stock non disponible,ISBN non disponible,Éditeur non disponible,Date non disponible,Nombre de pages non disponible,Rang de vente non disponible,Science-Fiction,38.0,,,,
À cœurs ouverts,https://www.amazon.fr/%C3%80-c%C5%93urs-ouverts-Leslie-Wolfe-ebook/dp/B0CX9C3N4M/ref=sr_1_599,"12,99 €",Leslie Wolfe,"4,2 sur 5 étoiles, détails de l’évaluation",64,Format Kindle,https://m.media-amazon.com/images/I/61BOuhhjNGL._AC_UY218_.jpg,2025-09-04T08:37:11.644005,Description non disponible depuis la recherche,Stock non disponible,ISBN non disponible,Éditeur non disponible,Date non disponible,Nombre de pages non disponible,Rang de vente non disponible,Science-Fiction,38.0,,,,
Mon âme au Diable: Tome 1 (Romance mafia),https://www.amazon.fr/Mon-%C3%A2me-Diable-Romance-mafia/dp/B0CWCF73M5/ref=sr_1_600,"17,90 €",Clara Brunelli,"4,6 sur 5 étoiles, détails de l’évaluation",517,Broché,https://m.media-amazon.com/images/I/71CIrFsCL7L._AC_UY218_.jpg,2025-09-04T08:37:11.646044,Description non disponible depuis la recherche,Stock non disponible,ISBN non disponible,Éditeur non disponible,Date non disponible,Nombre de pages non disponible,Rang de vente non disponible,Science-Fiction,38.0,,,,
Le Fantôme de l'Opéra,https://www.amazon.fr/Fant%C3%B4me-lOp%C3%A9ra-Gaston-Leroux/dp/2253009504/ref=sr_1_601,"6,90 €",Gaston Leroux,"4,4 sur 5 étoiles, détails de l’évaluation",385,Poche,https://m.media-amazon.com/images/I/61dJdhrbssL._AC_UY218_.jpg,2025-09-04T08:37:11.649108,Description non disponible depuis la recherche,Stock non disponible,ISBN non disponible,Éditeur non disponible,Date non disponible,Nombre de pages non disponible,Rang de vente non disponible,Science-Fiction,38.0,,,,
Jusqu'à ce que la mort nous unisse,https://www.amazon.fr/Jusqu%C3%A0-que-mort-nous-unisse/dp/2266214004/ref=sr_1_602,"9,00 €",Karine Giebel,"4,4 sur 5 étoiles, détails de l’évaluation",1 573,Poche,https://m.media-amazon.com/images/I/61t-R9xMiUL._AC_UY218_.jpg,2025-09-04T08:37:11.651550,Description non disponible depuis la recherche,Stock non disponible,ISBN non disponible,Éditeur non disponible,Date non disponible,Nombre de pages non disponible,Rang de vente non disponible,Science-Fiction,38.0,,,,
"Les Enquêtes d'Hannah Swensen, tome 2: Meurtres et charlotte aux fraises",https://www.amazon.fr/Meurtres-charlotte-fraises-enqu%C3%AAtes-Swensen/dp/B0BTS6QY41/ref=sr_1_605,"6,95 €",Joanne Fluke,"4,6 sur 5 étoiles, détails de l’évaluation",645,Poche,https://m.media-amazon.com/images/I/71TmXvsjHkL._AC_UY218_.jpg,2025-09-04T08:37:11.661558,Description non disponible depuis la recherche,Stock non disponible,ISBN non disponible,Éditeur non disponible,Date non disponible,Nombre de pages non disponible,Rang de vente non disponible,Science-Fiction,38.0,,,,
Luca,https://www.amazon.fr/Luca-Franck-THILLIEZ/dp/226630691X/ref=sr_1_606,"9,90 €",Franck Thilliez,"4,4 sur 5 étoiles, détails de l’évaluation",4 704,Poche,https://m.media-amazon.com/images/I/61BIUFMUJaL._AC_UY218_.jpg,2025-09-04T08:37:11.664877,Description non disponible depuis la recherche,Stock non disponible,ISBN non disponible,Éditeur non disponible,Date non disponible,Nombre de pages non disponible,Rang de vente non disponible,Science-Fiction,38.0,,,,
AFFAIRES CRIMINELLES N°3 - La revue True Crime de McSkyz (3),https://www.amazon.fr/AFFAIRES-CRIMINELLES-N%C2%B03-revue-McSkyz/dp/2959343522/ref=sr_1_607,"14,90 €",Magazine,"4,9 sur 5 étoiles, détails de l’évaluation",13,Magazine,https://m.media-amazon.com/images/I/71MU3umqI7L._AC_UY218_.jpg,2025-09-04T08:37:11.666736,Description non disponible depuis la recherche,Stock non disponible,ISBN non disponible,Éditeur non disponible,Date non disponible,Nombre de pages non disponible,Rang de vente non disponible,Science-Fiction,38.0,,,,
"Présumée coupable: Morgan Dane, T4",https://www.amazon.fr/Pr%C3%A9sum%C3%A9e-coupable-Morgan-Dane-T4-ebook/dp/B0DQ9BTSLJ/ref=sr_1_608,"9,99 €",Melinda Leigh,"4,6 sur 5 étoiles, détails de l’évaluation",17,Format Kindle,https://m.media-amazon.com/images/I/919x3txOygL._AC_UY218_.jpg,2025-09-04T08:37:11.669201,Description non disponible depuis la recherche,Stock non disponible,ISBN non disponible,Éditeur non disponible,Date non disponible,Nombre de pages non disponible,Rang de vente non disponible,Science-Fiction,38.0,,,,
Nuit,https://www.amazon.fr/Nuit-Bernard-MINIER/dp/2266283782/ref=sr_1_609,"9,90 €",Bernard Minier,"4,4 sur 5 étoiles, détails de l’évaluation",4 249,Poche,https://m.media-amazon.com/images/I/61-bumHssPL._AC_UY218_.jpg,2025-09-04T08:37:11.672496,Description non disponible depuis la recherche,Stock non disponible,ISBN non disponible,Éditeur non disponible,Date non disponible,Nombre de pages non disponible,Rang de vente non disponible,Science-Fiction,38.0,,,,
Carnage - Tome 2 (2),https://www.amazon.fr/Carnage-2-Shay-Carrot/dp/2849339407/ref=sr_1_610,"23,00 €",Shay Carrot,"4,6 sur 5 étoiles, détails de l’évaluation",395,Broché,https://m.media-amazon.com/images/I/7159k8mVzFL._AC_UY218_.jpg,2025-09-04T08:37:11.675096,Description non disponible depuis la recherche,Stock non disponible,ISBN non disponible,Éditeur non disponible,Date non disponible,Nombre de pages non disponible,Rang de vente non disponible,Science-Fiction,38.0,,,,
Coule la Seine: Une enquête du commissaire Adamsberg,https://www.amazon.fr/Coule-Seine-Fred-Vargas/dp/2290351296/ref=sr_1_611,"6,50 €",Fred Vargas,"4,4 sur 5 étoiles, détails de l’évaluation",898,Poche,https://m.media-amazon.com/images/I/612Bj+gwDlL._AC_UY218_.jpg,2025-09-04T08:37:11.678403,Description non disponible depuis la recherche,Stock non disponible,ISBN non disponible,Éditeur non disponible,Date non disponible,Nombre de pages non disponible,Rang de vente non disponible,Science-Fiction,38.0,,,,
La Prophétie des abeilles,https://www.amazon.fr/Proph%C3%A9tie-abeilles-Bernard-Werber/dp/2253936936/ref=sr_1_612,"9,40 €",Bernard Werber,"4,4 sur 5 étoiles, détails de l’évaluation",2 855,Poche,https://m.media-amazon.com/images/I/71h44L7PGeL._AC_UY218_.jpg,2025-09-04T08:37:11.681725,Description non disponible depuis la recherche,Stock non disponible,ISBN non disponible,Éditeur non disponible,Date non disponible,Nombre de pages non disponible,Rang de vente non disponible,Science-Fiction,38.0,,,,
La Patience du Diable,https://www.amazon.fr/Patience-du-Diable-Maxime-CHATTAM/dp/2266207075/ref=sr_1_611,"9,90 €",Maxime Chattam,"4,4 sur 5 étoiles, détails de l’évaluation",3 077,Poche,https://m.media-amazon.com/images/I/51X4tH-R2KL._AC_UY218_.jpg,2025-09-04T08:37:21.125441,Description non disponible depuis la recherche,Stock non disponible,ISBN non disponible,Éditeur non disponible,Date non disponible,Nombre de pages non disponible,Rang de vente non disponible,Science-Fiction,39.0,,,,
Irrésistible Caleb,https://www.amazon.fr/Audible-Irr%C3%A9sistible-Caleb/dp/B0FDQPTJ2G/ref=sr_1_612,"0,00 €",Livres audio Audible,"4,6 sur 5 étoiles, détails de l’évaluation",496,Livres audio Audible,https://m.media-amazon.com/images/I/815eZcQjQwL._AC_UY218_.jpg,2025-09-04T08:37:21.128128,Description non disponible depuis la recherche,Stock non disponible,ISBN non disponible,Éditeur non disponible,Date non disponible,Nombre de pages non disponible,Rang de vente non disponible,Science-Fiction,39.0,,,,
La Forêt des disparus,https://www.amazon.fr/For%C3%AAt-disparus-Olivier-Bal/dp/226632294X/ref=sr_1_613,"9,30 €",Olivier Bal,"4,5 sur 5 étoiles, détails de l’évaluation",989,Poche,https://m.media-amazon.com/images/I/61k6mJ7INKL._AC_UY218_.jpg,2025-09-04T08:37:21.131556,Description non disponible depuis la recherche,Stock non disponible,ISBN non disponible,Éditeur non disponible,Date non disponible,Nombre de pages non disponible,Rang de vente non disponible,Science-Fiction,39.0,,,,
"Et ensuite, le silence",https://www.amazon.fr/ensuite-silence-Rose-Mallai/dp/2494202159/ref=sr_1_614,"19,00 €",Rose Mallai,"4,3 sur 5 étoiles, détails de l’évaluation",314,Broché,https://m.media-amazon.com/images/I/71mKTrbcu6L._AC_UY218_.jpg,2025-09-04T08:37:21.133477,Description non disponible depuis la recherche,Stock non disponible,ISBN non disponible,Éditeur non disponible,Date non disponible,Nombre de pages non disponible,Rang de vente non disponible,Science-Fiction,39.0,,,,
The Proving Ground: The Brand New Blockbuster Lincoln Lawyer Thriller (Mickey Haller Series) (English Edition),https://www.amazon.fr/Proving-Ground-Blockbuster-Lincoln-Thriller-ebook/dp/B0DZ3XJS5V/ref=sr_1_615,"13,99 €",Michael Connelly,Note non disponible,0 avis,Format Kindle,https://m.media-amazon.com/images/I/811tJ1SbvGL._AC_UY218_.jpg,2025-09-04T08:37:21.137875,Description non disponible depuis la recherche,Stock non disponible,ISBN non disponible,Éditeur non disponible,Date non disponible,Nombre de pages non disponible,Rang de vente non disponible,Science-Fiction,39.0,,,,
La septième lune,https://www.amazon.fr/septi%C3%A8me-lune-Piergiorgio-Pulixi/dp/2404080679/ref=sr_1_616,"12,90 €",Piergiorgio Pulixi,"4,4 sur 5 étoiles, détails de l’évaluation",261,Poche,https://m.media-amazon.com/images/I/81eAwZEy2PL._AC_UY218_.jpg,2025-09-04T08:37:21.141326,Description non disponible depuis la recherche,Stock non disponible,ISBN non disponible,Éditeur non disponible,Date non disponible,Nombre de pages non disponible,Rang de vente non disponible,Science-Fiction,39.0,,,,
Habemus Bastard - Tome 2 - Un c ur sous une soutane,https://www.amazon.fr/Habemus-Bastard-sous-une-soutane/dp/2205211307/ref=sr_1_617,"21,50 €",de Vallée Sylvain et Schwartzmann Jacky | 4 octobre 2024,"4,7 sur 5 étoiles, détails de l’évaluation",45,Broché,https://m.media-amazon.com/images/I/71iAC6lpRDL._AC_UY218_.jpg,2025-09-04T08:37:21.144710,Description non disponible depuis la recherche,Stock non disponible,ISBN non disponible,Éditeur non disponible,Date non disponible,Nombre de pages non disponible,Rang de vente non disponible,Science-Fiction,39.0,,,,
À la vue de tous (Les enquêtes d'Elise Duromain et Lucas Lievens),https://www.amazon.fr/enqu%C3%AAtes-dElise-Duromain-Lucas-Lievens-ebook/dp/B0BYT4GGYH/ref=sr_1_618,"0,00 €",Alex Sol,"4,5 sur 5 étoiles, détails de l’évaluation",4 450,Format Kindle,https://m.media-amazon.com/images/I/91atchSTDSL._AC_UY218_.jpg,2025-09-04T08:37:21.147682,Description non disponible depuis la recherche,Stock non disponible,ISBN non disponible,Éditeur non disponible,Date non disponible,Nombre de pages non disponible,Rang de vente non disponible,Science-Fiction,39.0,,,,
Sous le ciel brisé 4: Thriller d'horreur apocalyptique,https://www.amazon.fr/Sous-ciel-bris%C3%A9-Thriller-apocalyptique/dp/B0DZ5HDBVK/ref=sr_1_621,"15,81 €",Nick Clausen,"4,5 sur 5 étoiles, détails de l’évaluation",156,Broché,https://m.media-amazon.com/images/I/71aRC-uD4bL._AC_UY218_.jpg,2025-09-04T08:37:21.155605,Description non disponible depuis la recherche,Stock non disponible,ISBN non disponible,Éditeur non disponible,Date non disponible,Nombre de pages non disponible,Rang de vente non disponible,Science-Fiction,39.0,,,,
Le Duc de la colère (Les Sept lords pécheurs t. 1),https://www.amazon.fr/Duc-col%C3%A8re-Sept-lords-p%C3%A9cheurs-ebook/dp/B0F1YRRTX5/ref=sr_1_622,"16,99 €",Mariah Stone,"4,3 sur 5 étoiles, détails de l’évaluation",181,Format Kindle,https://m.media-amazon.com/images/I/81b+5fcgltL._AC_UY218_.jpg,2025-09-04T08:37:21.158337,Description non disponible depuis la recherche,Stock non disponible,ISBN non disponible,Éditeur non disponible,Date non disponible,Nombre de pages non disponible,Rang de vente non disponible,Science-Fiction,39.0,,,,
Le Pot aux roses (Petits crimes et jardin secret ~ Tome 2),https://www.amazon.fr/roses-Petits-crimes-jardin-secret/dp/0645934658/ref=sr_1_623,"15,90 €",H.Y. Hanna,"4,4 sur 5 étoiles, détails de l’évaluation",425,Broché,https://m.media-amazon.com/images/I/710XtoyB+JL._AC_UY218_.jpg,2025-09-04T08:37:21.160610,Description non disponible depuis la recherche,Stock non disponible,ISBN non disponible,Éditeur non disponible,Date non disponible,Nombre de pages non disponible,Rang de vente non disponible,Science-Fiction,39.0,,,,
"LES PARRAINS DE LA RÉPUBLIQUE : mafia, politique et business en France: ""Corruption politique, réseaux d'influence, crime organisé, Argent sale et ... banditisme, enquête sur la mafia française""",https://www.amazon.fr/PARRAINS-R%C3%89PUBLIQUE-Corruption-dinfluence-banditisme/dp/B0F1G2J2S5/ref=sr_1_624,"13,90 €",Giovanni Milito,"5,0 sur 5 étoiles, détails de l’évaluation",4,Broché,https://m.media-amazon.com/images/I/61YdxR37rbL._AC_UY218_.jpg,2025-09-04T08:37:21.162506,Description non disponible depuis la recherche,Stock non disponible,ISBN non disponible,Éditeur non disponible,Date non disponible,Nombre de pages non disponible,Rang de vente non disponible,Science-Fiction,39.0,,,,
Strange Pictures,https://www.amazon.fr/Strange-Pictures-Uketsu/dp/2021578100/ref=sr_1_625,"19,90 €",Uketsu,"4,2 sur 5 étoiles, détails de l’évaluation",81,Broché,https://m.media-amazon.com/images/I/41zGr6U7JfL._AC_UY218_.jpg,2025-09-04T08:37:21.165029,Description non disponible depuis la recherche,Stock non disponible,ISBN non disponible,Éditeur non disponible,Date non disponible,Nombre de pages non disponible,Rang de vente non disponible,Science-Fiction,39.0,,,,
"Le Secret de Tante Dimity: Les Mystères de Tante Dimity, t. 2",https://www.amazon.fr/Secret-Tante-Dimity-Myst%C3%A8res-t/dp/238643141X/ref=sr_1_626,"14,90 €",Nancy Atherton,"4,6 sur 5 étoiles, détails de l’évaluation",80,Broché,https://m.media-amazon.com/images/I/91Uf8ZOxD0L._AC_UY218_.jpg,2025-09-04T08:37:21.168503,Description non disponible depuis la recherche,Stock non disponible,ISBN non disponible,Éditeur non disponible,Date non disponible,Nombre de pages non disponible,Rang de vente non disponible,Science-Fiction,39.0,,,,
Jurassic Park 1,https://www.amazon.fr/Audible-Jurassic-Park-1/dp/B0B3Y3NGF7/ref=sr_1_627,"0,00 €",Livres audio Audible,"4,7 sur 5 étoiles, détails de l’évaluation",327,Livres audio Audible,https://m.media-amazon.com/images/I/71mBMcQFSDL._AC_UY218_.jpg,2025-09-04T08:37:21.171602,Description non disponible depuis la recherche,Stock non disponible,ISBN non disponible,Éditeur non disponible,Date non disponible,Nombre de pages non disponible,Rang de vente non disponible,Science-Fiction,39.0,,,,
"Le disparu de l'Hôtel-Dieu (La saga d'Héloïse, l'apothicaire, Tome 3)",https://www.amazon.fr/disparu-lH%C3%B4tel-Dieu-saga-dH%C3%A9lo%C3%AFse-lapothicaire/dp/2253243841/ref=sr_1_628,"9,90 €",Éric Fouassier,"4,3 sur 5 étoiles, détails de l’évaluation",957,Poche,https://m.media-amazon.com/images/I/81VffSyYTAL._AC_UY218_.jpg,2025-09-04T08:37:21.174994,Description non disponible depuis la recherche,Stock non disponible,ISBN non disponible,Éditeur non disponible,Date non disponible,Nombre de pages non disponible,Rang de vente non disponible,Science-Fiction,39.0,,,,
La rivière noire (Les enquêtes d'Erlendur Sveinsson),https://www.amazon.fr/Rivi%C3%A8re-noire-Arnaldur-Indridason-ebook/dp/B005PS3QY4/ref=sr_1_627,"5,99 €",Arnaldur Indridason,"4,3 sur 5 étoiles, détails de l’évaluation",786,Format Kindle,https://m.media-amazon.com/images/I/71Ree0HqqJL._AC_UY218_.jpg,2025-09-04T08:37:28.644557,Description non disponible depuis la recherche,Stock non disponible,ISBN non disponible,Éditeur non disponible,Date non disponible,Nombre de pages non disponible,Rang de vente non disponible,Science-Fiction,40.0,,,,
Ne jamais dire jamais à un Comte (Le Cœur de l’enquête (les Kent) t. 5),https://www.amazon.fr/jamais-dire-Comte-C%C5%93ur-lenqu%C3%AAte-ebook/dp/B0F3BPYJJF/ref=sr_1_628,"15,99 €",Grace Callaway,"4,5 sur 5 étoiles, détails de l’évaluation",116,Format Kindle,https://m.media-amazon.com/images/I/819YggG6A4L._AC_UY218_.jpg,2025-09-04T08:37:28.646648,Description non disponible depuis la recherche,Stock non disponible,ISBN non disponible,Éditeur non disponible,Date non disponible,Nombre de pages non disponible,Rang de vente non disponible,Science-Fiction,40.0,,,,
Faux-Semblants: une enquête de l'horloger (thriller policier),https://www.amazon.fr/Faux-Semblants-enqu%C3%AAte-lhorloger-thriller-policier-ebook/dp/B0C8QGQLKR/ref=sr_1_629,"19,90 €",Pierre Schreiber,"4,4 sur 5 étoiles, détails de l’évaluation",3 005,Format Kindle,https://m.media-amazon.com/images/I/81PbqOpKneL._AC_UY218_.jpg,2025-09-04T08:37:28.648809,Description non disponible depuis la recherche,Stock non disponible,ISBN non disponible,Éditeur non disponible,Date non disponible,Nombre de pages non disponible,Rang de vente non disponible,Science-Fiction,40.0,,,,
Pourquoi tu pleures ?,https://www.amazon.fr/Pourquoi-tu-pleures-Am%C3%A9lie-Antoine-ebook/dp/B0BNK4QJXF/ref=sr_1_630,"5,99 €",Amélie Antoine,"4,0 sur 5 étoiles, détails de l’évaluation",1 338,Format Kindle,https://m.media-amazon.com/images/I/81c2wGt-NfL._AC_UY218_.jpg,2025-09-04T08:37:28.652327,Description non disponible depuis la recherche,Stock non disponible,ISBN non disponible,Éditeur non disponible,Date non disponible,Nombre de pages non disponible,Rang de vente non disponible,Science-Fiction,40.0,,,,
AfFFAIRES CRIMINELLES N°1 - La revue True Crime de McSkyz,https://www.amazon.fr/AfFFAIRES-CRIMINELLES-N%C2%B01-revue-McSkyz/dp/2959343506/ref=sr_1_631,"14,90 €",de McSkyz | 2 janvier 2025,"4,8 sur 5 étoiles, détails de l’évaluation",52,Broché,https://m.media-amazon.com/images/I/71IwAhKBlBL._AC_UY218_.jpg,2025-09-04T08:37:28.655185,Description non disponible depuis la recherche,Stock non disponible,ISBN non disponible,Éditeur non disponible,Date non disponible,Nombre de pages non disponible,Rang de vente non disponible,Science-Fiction,40.0,,,,
Cat Moments: Meow Life Coloring Book for Adults and Teens,https://www.amazon.fr/Cat-Moments-Coloring-Adults-Teens/dp/B0DV4QY3PG/ref=sr_1_632,"11,99 €",Hikaru Kotz,"4,8 sur 5 étoiles, détails de l’évaluation",1 082,Broché,https://m.media-amazon.com/images/I/71Emvn9--hL._AC_UY218_.jpg,2025-09-04T08:37:28.657131,Description non disponible depuis la recherche,Stock non disponible,ISBN non disponible,Éditeur non disponible,Date non disponible,Nombre de pages non disponible,Rang de vente non disponible,Science-Fiction,40.0,,,,
Travail soigné (Thrillers),https://www.amazon.fr/Travail-soign%C3%A9-Thrillers-Pierre-Lemaitre-ebook/dp/B00NGGXEHG/ref=sr_1_633,"8,99 €",Pierre Lemaitre,"4,1 sur 5 étoiles, détails de l’évaluation",4 318,Format Kindle,https://m.media-amazon.com/images/I/81nbnPwtftL._AC_UY218_.jpg,2025-09-04T08:37:28.660161,Description non disponible depuis la recherche,Stock non disponible,ISBN non disponible,Éditeur non disponible,Date non disponible,Nombre de pages non disponible,Rang de vente non disponible,Science-Fiction,40.0,,,,
Une mère sait toujours: Un thriller psychologique impossible à lâcher (Grace Morton t. 2),https://www.amazon.fr/Une-m%C3%A8re-sait-toujours-psychologique-ebook/dp/B0DQY8NVJW/ref=sr_1_634,"10,99 €",Nicole Trope,"4,2 sur 5 étoiles, détails de l’évaluation",1 164,Format Kindle,https://m.media-amazon.com/images/I/91J8qRaJKQL._AC_UY218_.jpg,2025-09-04T08:37:28.662435,Description non disponible depuis la recherche,Stock non disponible,ISBN non disponible,Éditeur non disponible,Date non disponible,Nombre de pages non disponible,Rang de vente non disponible,Science-Fiction,40.0,,,,
"Un jour, tu paieras: Justice et histoire à tiroirs",https://www.amazon.fr/jour-paieras-Justice-histoire-tiroirs/dp/B08SCYRW5M/ref=sr_1_637,"8,10 €",Pétronille Rostagnat,"4,4 sur 5 étoiles, détails de l’évaluation",449,Poche,https://m.media-amazon.com/images/I/81Jj4CsYh2L._AC_UY218_.jpg,2025-09-04T08:37:28.671162,Description non disponible depuis la recherche,Stock non disponible,ISBN non disponible,Éditeur non disponible,Date non disponible,Nombre de pages non disponible,Rang de vente non disponible,Science-Fiction,40.0,,,,
Au Clair de la Louve,https://www.amazon.fr/Au-Clair-Louve-Rime-Bervuy-ebook/dp/B07F425HNH/ref=sr_1_638,"15,00 €",Rime de Bervuy,"4,5 sur 5 étoiles, détails de l’évaluation",187,Format Kindle,https://m.media-amazon.com/images/I/81JrfwgeZhL._AC_UY218_.jpg,2025-09-04T08:37:28.673306,Description non disponible depuis la recherche,Stock non disponible,ISBN non disponible,Éditeur non disponible,Date non disponible,Nombre de pages non disponible,Rang de vente non disponible,Science-Fiction,40.0,,,,
Blade Runner 2019: The Complete Series Omnibus (English Edition),https://www.amazon.fr/Blade-Runner-2019-Complete-Omnibus-ebook/dp/B0DYG72QGT/ref=sr_1_639,"32,49 €",Mike Johnson,Note non disponible,0 avis,Format Kindle,https://m.media-amazon.com/images/I/71olRYHuOVL._AC_UY218_.jpg,2025-09-04T08:37:28.676256,Description non disponible depuis la recherche,Stock non disponible,ISBN non disponible,Éditeur non disponible,Date non disponible,Nombre de pages non disponible,Rang de vente non disponible,Science-Fiction,40.0,,,,
Noir Volcan,https://www.amazon.fr/Noir-Volcan-C%C3%A9cile-Coulon/dp/B09NN6Q1GV/ref=sr_1_640,"9,90 €",Cécile Coulon,"4,5 sur 5 étoiles, détails de l’évaluation",65,Broché,https://m.media-amazon.com/images/I/61ASR9dmRAL._AC_UY218_.jpg,2025-09-04T08:37:28.679352,Description non disponible depuis la recherche,Stock non disponible,ISBN non disponible,Éditeur non disponible,Date non disponible,Nombre de pages non disponible,Rang de vente non disponible,Science-Fiction,40.0,,,,
La trilogie écossaise,https://www.amazon.fr/trilogie-%C3%A9cossaise-chasseurs-doiseaux-braconnier/dp/2812607068/ref=sr_1_641,"28,40 €",Peter May,"4,6 sur 5 étoiles, détails de l’évaluation",148,Broché,https://m.media-amazon.com/images/I/819Yahh9SoL._AC_UY218_.jpg,2025-09-04T08:37:28.681458,Description non disponible depuis la recherche,Stock non disponible,ISBN non disponible,Éditeur non disponible,Date non disponible,Nombre de pages non disponible,Rang de vente non disponible,Science-Fiction,40.0,,,,
Lux,https://www.amazon.fr/Lux-Maxime-Chattam/dp/226631128X/ref=sr_1_642,"9,30 €",Maxime Chattam,"4,1 sur 5 étoiles, détails de l’évaluation",1 509,Poche,https://m.media-amazon.com/images/I/51CYu8qT22L._AC_UY218_.jpg,2025-09-04T08:37:28.685098,Description non disponible depuis la recherche,Stock non disponible,ISBN non disponible,Éditeur non disponible,Date non disponible,Nombre de pages non disponible,Rang de vente non disponible,Science-Fiction,40.0,,,,
Congo Requiem,https://www.amazon.fr/Congo-Requiem-Jean-Christophe-Grang%C3%A9-ebook/dp/B01DW1IEY2/ref=sr_1_643,"9,99 €",Jean-Christophe Grangé,"4,3 sur 5 étoiles, détails de l’évaluation",3 398,Format Kindle,https://m.media-amazon.com/images/I/71LyctzEvDL._AC_UY218_.jpg,2025-09-04T08:37:28.688295,Description non disponible depuis la recherche,Stock non disponible,ISBN non disponible,Éditeur non disponible,Date non disponible,Nombre de pages non disponible,Rang de vente non disponible,Science-Fiction,40.0,,,,
Les Sorcières du phare (Prix des lectrices 2025),https://www.amazon.fr/Sorci%C3%A8res-phare-Prix-lectrices-2025/dp/2381227385/ref=sr_1_644,"8,95 €",C. J. Cooke,"4,4 sur 5 étoiles, détails de l’évaluation",115,Poche,https://m.media-amazon.com/images/I/81pteIlxoPL._AC_UY218_.jpg,2025-09-04T08:37:28.691674,Description non disponible depuis la recherche,Stock non disponible,ISBN non disponible,Éditeur non disponible,Date non disponible,Nombre de pages non disponible,Rang de vente non disponible,Science-Fiction,40.0,,,,
Le voile de Madeleine (Les Chroniques de Madeleine t. 3),https://www.amazon.fr/voile-Madeleine-Chroniques-t-ebook/dp/B0CH3ZJWYS/ref=sr_1_803,"8,99 €",Gary McAvoy,"4,4 sur 5 étoiles, détails de l’évaluation",526,Format Kindle,https://m.media-amazon.com/images/I/91zWPp-xr0L._AC_UY218_.jpg,2025-09-04T18:29:17.935528,Description non disponible depuis la recherche,Stock non disponible,ISBN non disponible,Éditeur non disponible,Date non disponible,Nombre de pages non disponible,Rang de vente non disponible,Science-Fiction,51.0,,,,
Ennemis intimes,https://www.amazon.fr/Ennemis-intimes-Damien-Leban-ebook/dp/B0FB5YR781/ref=sr_1_804,"18,90 €",Damien Leban,"4,5 sur 5 étoiles, détails de l’évaluation",746,Format Kindle,https://m.media-amazon.com/images/I/81yhEfqBf5L._AC_UY218_.jpg,2025-09-04T18:29:17.937661,Description non disponible depuis la recherche,Stock non disponible,ISBN non disponible,Éditeur non disponible,Date non disponible,Nombre de pages non disponible,Rang de vente non disponible,Science-Fiction,51.0,,,,
Les Revenants de l'inspecteur Sadorski,https://www.amazon.fr/Revenants-linspecteur-Sadorski-Romain-Slocombe/dp/2221280172/ref=sr_1_805,"21,90 €",Romain Slocombe,Note non disponible,0 avis,Broché,https://m.media-amazon.com/images/I/61r0rNaD12L._AC_UY218_.jpg,2025-09-04T18:29:17.940245,Description non disponible depuis la recherche,Stock non disponible,ISBN non disponible,Éditeur non disponible,Date non disponible,Nombre de pages non disponible,Rang de vente non disponible,Science-Fiction,51.0,,,,
Shit !,https://www.amazon.fr/Shit-Jacky-Schwartzmann/dp/2253196142/ref=sr_1_806,"8,70 €",Jacky Schwartzmann,"4,3 sur 5 étoiles, détails de l’évaluation",445,Poche,https://m.media-amazon.com/images/I/71zu-ceZ8IL._AC_UY218_.jpg,2025-09-04T18:29:17.943667,Description non disponible depuis la recherche,Stock non disponible,ISBN non disponible,Éditeur non disponible,Date non disponible,Nombre de pages non disponible,Rang de vente non disponible,Science-Fiction,51.0,,,,
The Picture of Dorian Gray,https://www.amazon.fr/Picture-Dorian-Gray-Oscar-Wilde/dp/0141439572/ref=sr_1_807,"8,11 €",Oscar Wilde,"4,5 sur 5 étoiles, détails de l’évaluation",3 833,Broché,https://m.media-amazon.com/images/I/91ipAq0s0JL._AC_UY218_.jpg,2025-09-04T18:29:17.946709,Description non disponible depuis la recherche,Stock non disponible,ISBN non disponible,Éditeur non disponible,Date non disponible,Nombre de pages non disponible,Rang de vente non disponible,Science-Fiction,51.0,,,,
Nuit sombre et sacrée,https://www.amazon.fr/Nuit-sombre-sacr%C3%A9e-Michael-Connelly/dp/2253079316/ref=sr_1_808,"9,90 €",Michael Connelly,"4,3 sur 5 étoiles, détails de l’évaluation",2 690,Poche,https://m.media-amazon.com/images/I/81o8Y73JN4L._AC_UY218_.jpg,2025-09-04T18:29:17.950141,Description non disponible depuis la recherche,Stock non disponible,ISBN non disponible,Éditeur non disponible,Date non disponible,Nombre de pages non disponible,Rang de vente non disponible,Science-Fiction,51.0,,,,
Les lendemains qui chantent (Kónrad),https://www.amazon.fr/lendemains-qui-chantent-Arnaldur-Indridason-ebook/dp/B0DJPM14C2/ref=sr_1_809,"14,99 €",Arnaldur Indridason,"4,0 sur 5 étoiles, détails de l’évaluation",262,Format Kindle,https://m.media-amazon.com/images/I/81a9sgFijAL._AC_UY218_.jpg,2025-09-04T18:29:17.953448,Description non disponible depuis la recherche,Stock non disponible,ISBN non disponible,Éditeur non disponible,Date non disponible,Nombre de pages non disponible,Rang de vente non disponible,Science-Fiction,51.0,,,,
Un silence fatal (Les enquêtes de Détective Kay Hunter t. 14),https://www.amazon.fr/silence-fatal-enqu%C3%AAtes-D%C3%A9tective-Hunter-ebook/dp/B0FBSF1PTT/ref=sr_1_810,"3,99 €",Rachel Amphlett,"4,4 sur 5 étoiles, détails de l’évaluation",61,Format Kindle,https://m.media-amazon.com/images/I/81BlviZg-dL._AC_UY218_.jpg,2025-09-04T18:29:17.955295,Description non disponible depuis la recherche,Stock non disponible,ISBN non disponible,Éditeur non disponible,Date non disponible,Nombre de pages non disponible,Rang de vente non disponible,Science-Fiction,51.0,,,,
Cabossé,https://www.amazon.fr/Caboss%C3%A9-Beno%C3%AEt-Philippon/dp/2253242632/ref=sr_1_813,"8,90 €",Benoît Philippon,"4,4 sur 5 étoiles, détails de l’évaluation",428,Poche,https://m.media-amazon.com/images/I/71sYLnfzGYL._AC_UY218_.jpg,2025-09-04T18:29:17.965129,Description non disponible depuis la recherche,Stock non disponible,ISBN non disponible,Éditeur non disponible,Date non disponible,Nombre de pages non disponible,Rang de vente non disponible,Science-Fiction,51.0,,,,
"In Extremis, Anouk Shutterberg: Livre policier nouveauté 2025, Thriller noir, Roman policier par la lauréate du Prix Noir sur Ormesson 2023",https://www.amazon.fr/Extremis-Anouk-Shutterberg-policier-nouveaut%C3%A9-ebook/dp/B0DSY5ZG3Q/ref=sr_1_814,"12,99 €",Anouk Shutterberg,"4,2 sur 5 étoiles, détails de l’évaluation",171,Format Kindle,https://m.media-amazon.com/images/I/81TQ57cApkL._AC_UY218_.jpg,2025-09-04T18:29:17.967580,Description non disponible depuis la recherche,Stock non disponible,ISBN non disponible,Éditeur non disponible,Date non disponible,Nombre de pages non disponible,Rang de vente non disponible,Science-Fiction,51.0,,,,
"Blood of Hercules (French Edition): Villains of Lore, Tome 1",https://www.amazon.fr/Blood-Hercules-French-Villains-Lore/dp/B0F1TMLQ5L/ref=sr_1_815,"0,00 €",Livres audio Audible,"4,6 sur 5 étoiles, détails de l’évaluation",92,Livres audio Audible,https://m.media-amazon.com/images/I/81ZS7mKoxkL._AC_UY218_.jpg,2025-09-04T18:29:17.970664,Description non disponible depuis la recherche,Stock non disponible,ISBN non disponible,Éditeur non disponible,Date non disponible,Nombre de pages non disponible,Rang de vente non disponible,Science-Fiction,51.0,,,,
Les Pionnières - Tome 3 Un rêve à portée de main,https://www.amazon.fr/Pionni%C3%A8res-r%C3%AAve-%C3%A0-port%C3%A9e-main-ebook/dp/B0BJ15NCQC/ref=sr_1_816,"9,99 €","de Anna Jacobs, Catherine Delaruelle, et al. | 26 janvier 2023","4,4 sur 5 étoiles, détails de l’évaluation",783,Format Kindle,https://m.media-amazon.com/images/I/718DnndPr-L._AC_UY218_.jpg,2025-09-04T18:29:17.974829,Description non disponible depuis la recherche,Stock non disponible,ISBN non disponible,Éditeur non disponible,Date non disponible,Nombre de pages non disponible,Rang de vente non disponible,Science-Fiction,51.0,,,,
L-VATOR: Leveling,https://www.amazon.fr/L-VATOR-Leveling-Lage-Ender/dp/B0FH4W758J/ref=sr_1_817,"23,00 €",Lage Ender,"5,0 sur 5 étoiles, détails de l’évaluation",7,Broché,https://m.media-amazon.com/images/I/61YWMs92l7L._AC_UY218_.jpg,2025-09-04T18:29:17.976773,Description non disponible depuis la recherche,Stock non disponible,ISBN non disponible,Éditeur non disponible,Date non disponible,Nombre de pages non disponible,Rang de vente non disponible,Science-Fiction,51.0,,,,
Le temps est assassin,https://www.amazon.fr/temps-est-assassin-Michel-Bussi/dp/226627418X/ref=sr_1_818,"9,90 €",Michel Bussi,"4,2 sur 5 étoiles, détails de l’évaluation",5 957,Poche,https://m.media-amazon.com/images/I/61NrJ5BxawL._AC_UY218_.jpg,2025-09-04T18:29:17.979963,Description non disponible depuis la recherche,Stock non disponible,ISBN non disponible,Éditeur non disponible,Date non disponible,Nombre de pages non disponible,Rang de vente non disponible,Science-Fiction,51.0,,,,
Un sac de semences,https://www.amazon.fr/sac-semences-Laurent-Soler/dp/B096HPZMDF/ref=sr_1_819,"10,54 €",Laurent Soler,"3,7 sur 5 étoiles, détails de l’évaluation",251,Broché,https://m.media-amazon.com/images/I/71iMBx0-aVS._AC_UY218_.jpg,2025-09-04T18:29:17.982610,Description non disponible depuis la recherche,Stock non disponible,ISBN non disponible,Éditeur non disponible,Date non disponible,Nombre de pages non disponible,Rang de vente non disponible,Science-Fiction,51.0,,,,
Les Oubliés (Tome 1): Pourquoi Eux ? (Des Thrillers venus du froid),https://www.amazon.fr/Oubli%C3%A9s-Pourquoi-Thrillers-venus-froid-ebook/dp/B0DTKFYP98/ref=sr_1_820,"16,90 €",Oscar  Fedal,"4,3 sur 5 étoiles, détails de l’évaluation",349,Format Kindle,https://m.media-amazon.com/images/I/81-haDBwfJL._AC_UY218_.jpg,2025-09-04T18:29:17.984712,Description non disponible depuis la recherche,Stock non disponible,ISBN non disponible,Éditeur non disponible,Date non disponible,Nombre de pages non disponible,Rang de vente non disponible,Science-Fiction,51.0,,,,
Contre-Enquête - Comme un album de famille: Hors série - Gabriel Gerfaut - Jade Fontaine (Les enquêtes du commandant Gabriel Gerfaut t. 0),https://www.amazon.fr/Contre-Enqu%C3%AAte-famille-Fontaine-enqu%C3%AAtes-commandant-ebook/dp/B0DTKT7MFZ/ref=sr_1_819,"8,99 €",Gilles Milo-Vacéri,"4,1 sur 5 étoiles, détails de l’évaluation",275,Format Kindle,https://m.media-amazon.com/images/I/81Uk+lpiaVL._AC_UY218_.jpg,2025-09-04T18:29:28.496521,Description non disponible depuis la recherche,Stock non disponible,ISBN non disponible,Éditeur non disponible,Date non disponible,Nombre de pages non disponible,Rang de vente non disponible,Science-Fiction,52.0,,,,
Là où le bonheur s'est envolé,https://www.amazon.fr/L%C3%A0-o%C3%B9-bonheur-sest-envol%C3%A9/dp/B0DT9SQXY6/ref=sr_1_820,"0,00 €",Livres audio Audible,"4,1 sur 5 étoiles, détails de l’évaluation",2 229,Livres audio Audible,https://m.media-amazon.com/images/I/814rscP5d3L._AC_UY218_.jpg,2025-09-04T18:29:28.499608,Description non disponible depuis la recherche,Stock non disponible,ISBN non disponible,Éditeur non disponible,Date non disponible,Nombre de pages non disponible,Rang de vente non disponible,Science-Fiction,52.0,,,,
La Cité des morts,https://www.amazon.fr/Cit%C3%A9-morts-Kate-Mosse/dp/2383992356/ref=sr_1_821,"23,90 €",Kate Mosse,"4,0 sur 5 étoiles, détails de l’évaluation",1,Broché,https://m.media-amazon.com/images/I/61HPDZZdapL._AC_UY218_.jpg,2025-09-04T18:29:28.502337,Description non disponible depuis la recherche,Stock non disponible,ISBN non disponible,Éditeur non disponible,Date non disponible,Nombre de pages non disponible,Rang de vente non disponible,Science-Fiction,52.0,,,,
The Waiting: The Brand New Ballard & Bosch Thriller (Ballard and Bosch) (English Edition),https://www.amazon.fr/Waiting-Pre-order-Ballard-Thriller-English-ebook/dp/B0CTC685TB/ref=sr_1_822,"6,49 €",Michael Connelly,"4,5 sur 5 étoiles, détails de l’évaluation",55 759,Format Kindle,https://m.media-amazon.com/images/I/81bbAnkCMML._AC_UY218_.jpg,2025-09-04T18:29:28.506092,Description non disponible depuis la recherche,Stock non disponible,ISBN non disponible,Éditeur non disponible,Date non disponible,Nombre de pages non disponible,Rang de vente non disponible,Science-Fiction,52.0,,,,
Agatha Raisin enquête 1 - La quiche fatale,https://www.amazon.fr/Agatha-Raisin-enqu%C3%AAte-quiche-fatale-ebook/dp/B0F22XYCNX/ref=sr_1_823,"6,49 €",M. C. Beaton,"4,2 sur 5 étoiles, détails de l’évaluation",3 392,Format Kindle,https://m.media-amazon.com/images/I/81y48SW1PqL._AC_UY218_.jpg,2025-09-04T18:29:28.509433,Description non disponible depuis la recherche,Stock non disponible,ISBN non disponible,Éditeur non disponible,Date non disponible,Nombre de pages non disponible,Rang de vente non disponible,Science-Fiction,52.0,,,,
Pas d'évasion (Les enquêtes de Détective Kay Hunter t. 9),https://www.amazon.fr/Pas-d%C3%A9vasion-enqu%C3%AAtes-D%C3%A9tective-Hunter-ebook/dp/B0F91J1LNY/ref=sr_1_824,"3,99 €",Rachel Amphlett,"4,4 sur 5 étoiles, détails de l’évaluation",110,Format Kindle,https://m.media-amazon.com/images/I/815ASZQX7ML._AC_UY218_.jpg,2025-09-04T18:29:28.511935,Description non disponible depuis la recherche,Stock non disponible,ISBN non disponible,Éditeur non disponible,Date non disponible,Nombre de pages non disponible,Rang de vente non disponible,Science-Fiction,52.0,,,,
Kill Joy,https://www.amazon.fr/Kill-Joy-Holly-Jackson/dp/2203291184/ref=sr_1_825,"12,90 €",Holly Jackson,"5,0 sur 5 étoiles, détails de l’évaluation",2,Broché,https://m.media-amazon.com/images/I/81-WMD3UvsL._AC_UY218_.jpg,2025-09-04T18:29:28.514655,Description non disponible depuis la recherche,Stock non disponible,ISBN non disponible,Éditeur non disponible,Date non disponible,Nombre de pages non disponible,Rang de vente non disponible,Science-Fiction,52.0,,,,
"Remède de Cheval (Agatha Raisin enquête, Tome 2)",https://www.amazon.fr/Rem%C3%A8de-Cheval-Agatha-Raisin-enqu%C3%AAte/dp/2253253316/ref=sr_1_826,"6,90 €",M. C. Beaton,"4,3 sur 5 étoiles, détails de l’évaluation",2 491,Poche,https://m.media-amazon.com/images/I/71xlnIue7mL._AC_UY218_.jpg,2025-09-04T18:29:28.518570,Description non disponible depuis la recherche,Stock non disponible,ISBN non disponible,Éditeur non disponible,Date non disponible,Nombre de pages non disponible,Rang de vente non disponible,Science-Fiction,52.0,,,,
Mentira/ Lie,https://www.amazon.fr/Mentira-Lie-Care-Santos-Torres/dp/846831577X/ref=sr_1_829,"12,80 €",Care Santos,"4,6 sur 5 étoiles, détails de l’évaluation",3 134,Broché,https://m.media-amazon.com/images/I/91rhAHZkAeL._AC_UY218_.jpg,2025-09-04T18:29:28.528477,Description non disponible depuis la recherche,Stock non disponible,ISBN non disponible,Éditeur non disponible,Date non disponible,Nombre de pages non disponible,Rang de vente non disponible,Science-Fiction,52.0,,,,
Circle of Days: The epic new novel from the No. 1 bestselling author of The Pillars of the Earth (English Edition),https://www.amazon.fr/Circle-Days-English-Ken-Follett-ebook/dp/B0DJQX1GSC/ref=sr_1_830,"13,99 €",Ken Follett,Note non disponible,0 avis,Format Kindle,https://m.media-amazon.com/images/I/81aeo5NVMeL._AC_UY218_.jpg,2025-09-04T18:29:28.532534,Description non disponible depuis la recherche,Stock non disponible,ISBN non disponible,Éditeur non disponible,Date non disponible,Nombre de pages non disponible,Rang de vente non disponible,Science-Fiction,52.0,,,,
Les Ténèbres et la nuit,https://www.amazon.fr/T%C3%A9n%C3%A8bres-nuit-Michael-Connelly/dp/2253243949/ref=sr_1_831,"9,70 €",Michael Connelly,"4,4 sur 5 étoiles, détails de l’évaluation",2 304,Poche,https://m.media-amazon.com/images/I/71ww1ABAu3L._AC_UY218_.jpg,2025-09-04T18:29:28.536218,Description non disponible depuis la recherche,Stock non disponible,ISBN non disponible,Éditeur non disponible,Date non disponible,Nombre de pages non disponible,Rang de vente non disponible,Science-Fiction,52.0,,,,
LES LOCATAIRES,https://www.amazon.fr/LOCATAIRES-Fr%C3%A9d%C3%A9ric-BROEDERS/dp/2959416600/ref=sr_1_832,"18,99 €",de Frédéric BROEDERS | 10 mai 2025,"4,3 sur 5 étoiles, détails de l’évaluation",39,Broché,https://m.media-amazon.com/images/I/71m4KQox-cL._AC_UY218_.jpg,2025-09-04T18:29:28.539010,Description non disponible depuis la recherche,Stock non disponible,ISBN non disponible,Éditeur non disponible,Date non disponible,Nombre de pages non disponible,Rang de vente non disponible,Science-Fiction,52.0,,,,
"Victime 2117 (Les Enquêtes du département V, Tome 8)",https://www.amazon.fr/Victime-2117-Jussi-Adler-Olsen/dp/2253079278/ref=sr_1_833,"10,40 €",Jussi Adler-Olsen,"4,5 sur 5 étoiles, détails de l’évaluation",3 432,Poche,https://m.media-amazon.com/images/I/818ZoEvePBL._AC_UY218_.jpg,2025-09-04T18:29:28.542480,Description non disponible depuis la recherche,Stock non disponible,ISBN non disponible,Éditeur non disponible,Date non disponible,Nombre de pages non disponible,Rang de vente non disponible,Science-Fiction,52.0,,,,
Sauve-moi,https://www.amazon.fr/Sauve-moi-Guillaume-Musso-ebook/dp/B078QYYHB8/ref=sr_1_834,"7,99 €",Guillaume Musso,"4,3 sur 5 étoiles, détails de l’évaluation",6 471,Format Kindle,https://m.media-amazon.com/images/I/71dO2u15KZL._AC_UY218_.jpg,2025-09-04T18:29:28.545856,Description non disponible depuis la recherche,Stock non disponible,ISBN non disponible,Éditeur non disponible,Date non disponible,Nombre de pages non disponible,Rang de vente non disponible,Science-Fiction,52.0,,,,
La Fille d'encre et de lumière,https://www.amazon.fr/Fille-dencre-lumi%C3%A8re-Claudie-Wetterwald/dp/2266351370/ref=sr_1_835,"9,90 €",Claudie O. Wetterwald,"4,2 sur 5 étoiles, détails de l’évaluation",121,Poche,https://m.media-amazon.com/images/I/71i4-MrCHoL._AC_UY218_.jpg,2025-09-04T18:29:28.549043,Description non disponible depuis la recherche,Stock non disponible,ISBN non disponible,Éditeur non disponible,Date non disponible,Nombre de pages non disponible,Rang de vente non disponible,Science-Fiction,52.0,,,,
Not Quite Dead Yet: A Novel,https://www.amazon.fr/Not-Quite-Dead-Yet-Novel/dp/B0DK2SFWFV/ref=sr_1_836,"17,16 €",Holly Jackson,"4,3 sur 5 étoiles, détails de l’évaluation",2 607,Broché,https://m.media-amazon.com/images/I/71nCASKP+AL._AC_UY218_.jpg,2025-09-04T18:29:28.552770,Description non disponible depuis la recherche,Stock non disponible,ISBN non disponible,Éditeur non disponible,Date non disponible,Nombre de pages non disponible,Rang de vente non disponible,Science-Fiction,52.0,,,,
Hamish Macbeth 26 - Pas de fumée sans feu,https://www.amazon.fr/Hamish-Macbeth-26-fum%C3%A9e-sans/dp/2226491007/ref=sr_1_835,"14,90 €",M. C. Beaton,"4,6 sur 5 étoiles, détails de l’évaluation",304,Broché,https://m.media-amazon.com/images/I/81TDVBX72FL._AC_UY218_.jpg,2025-09-04T18:29:39.081239,Description non disponible depuis la recherche,Stock non disponible,ISBN non disponible,Éditeur non disponible,Date non disponible,Nombre de pages non disponible,Rang de vente non disponible,Science-Fiction,53.0,,,,
"Bonds of Hercules (édition française): Trilogie Villains of Lore, t. 2",https://www.amazon.fr/Bonds-Hercules-Villains-Lore-t/dp/2386432785/ref=sr_1_836,"22,90 €",Jasmine Mas,Note non disponible,0 avis,Broché,https://m.media-amazon.com/images/I/81SruYzC2cL._AC_UY218_.jpg,2025-09-04T18:29:39.083310,Description non disponible depuis la recherche,Stock non disponible,ISBN non disponible,Éditeur non disponible,Date non disponible,Nombre de pages non disponible,Rang de vente non disponible,Science-Fiction,53.0,,,,
Ce qu'elle a fait,https://www.amazon.fr/Ce-quelle-fait-Gregg-Olsen/dp/2494715334/ref=sr_1_837,"9,90 €",Gregg Olsen,"4,1 sur 5 étoiles, détails de l’évaluation",928,Broché,https://m.media-amazon.com/images/I/71XZXxh8SUL._AC_UY218_.jpg,2025-09-04T18:29:39.085570,Description non disponible depuis la recherche,Stock non disponible,ISBN non disponible,Éditeur non disponible,Date non disponible,Nombre de pages non disponible,Rang de vente non disponible,Science-Fiction,53.0,,,,
À bout de souffle: Les enquêtes de Lucas Lievens et Elise Duromain,https://www.amazon.fr/%C3%80-bout-souffle-vue-tous/dp/B0D59XNPH3/ref=sr_1_838,"0,00 €",Livres audio Audible,"4,4 sur 5 étoiles, détails de l’évaluation",2 289,Livres audio Audible,https://m.media-amazon.com/images/I/9156spZMa7L._AC_UY218_.jpg,2025-09-04T18:29:39.088241,Description non disponible depuis la recherche,Stock non disponible,ISBN non disponible,Éditeur non disponible,Date non disponible,Nombre de pages non disponible,Rang de vente non disponible,Science-Fiction,53.0,,,,
Les doigts rouges,https://www.amazon.fr/doigts-rouges-Marc-Villard/dp/2748505700/ref=sr_1_839,"3,99 €",Marc Villard,"4,6 sur 5 étoiles, détails de l’évaluation",286,Poche,https://m.media-amazon.com/images/I/71kyBDBpRML._AC_UY218_.jpg,2025-09-04T18:29:39.090674,Description non disponible depuis la recherche,Stock non disponible,ISBN non disponible,Éditeur non disponible,Date non disponible,Nombre de pages non disponible,Rang de vente non disponible,Science-Fiction,53.0,,,,
Los intocables intégrale collector,https://www.amazon.fr/intocables-int%C3%A9grale-collector-Amar-Lune/dp/2809852103/ref=sr_1_840,"29,95 €",Amar Lune,"4,8 sur 5 étoiles, détails de l’évaluation",8,Relié,https://m.media-amazon.com/images/I/41S6fsxRe+L._AC_UY218_.jpg,2025-09-04T18:29:39.093336,Description non disponible depuis la recherche,Stock non disponible,ISBN non disponible,Éditeur non disponible,Date non disponible,Nombre de pages non disponible,Rang de vente non disponible,Science-Fiction,53.0,,,,
Chambre 505: Meurtres à Åre,https://www.amazon.fr/Chambre-505-Meurtres-%C3%A0-%C3%85re-ebook/dp/B0DFK4DQ4T/ref=sr_1_841,"9,99 €",Viveca Sten,"4,3 sur 5 étoiles, détails de l’évaluation",750,Format Kindle,https://m.media-amazon.com/images/I/711c-A8+0vL._AC_UY218_.jpg,2025-09-04T18:29:39.096616,Description non disponible depuis la recherche,Stock non disponible,ISBN non disponible,Éditeur non disponible,Date non disponible,Nombre de pages non disponible,Rang de vente non disponible,Science-Fiction,53.0,,,,
Selfies: La septième enquête du Département V,https://www.amazon.fr/Selfies-septi%C3%A8me-D%C3%A9partement-Jussi-Adler-Olsen-ebook/dp/B06XFH7ZCL/ref=sr_1_842,"9,99 €",Jussi Adler-Olsen,"4,4 sur 5 étoiles, détails de l’évaluation",3 283,Format Kindle,https://m.media-amazon.com/images/I/91KQ+WlZr9L._AC_UY218_.jpg,2025-09-04T18:29:39.100018,Description non disponible depuis la recherche,Stock non disponible,ISBN non disponible,Éditeur non disponible,Date non disponible,Nombre de pages non disponible,Rang de vente non disponible,Science-Fiction,53.0,,,,
One by One: From the Sunday Times Bestselling Author of The Housemaid,https://www.amazon.fr/One-Sunday-Bestselling-Author-Housemaid/dp/1464221391/ref=sr_1_845,"12,15 €",Freida McFadden,"4,2 sur 5 étoiles, détails de l’évaluation",111 179,Broché,https://m.media-amazon.com/images/I/613bFacCFjL._AC_UY218_.jpg,2025-09-04T18:29:39.109355,Description non disponible depuis la recherche,Stock non disponible,ISBN non disponible,Éditeur non disponible,Date non disponible,Nombre de pages non disponible,Rang de vente non disponible,Science-Fiction,53.0,,,,
L'île des égarés,https://www.amazon.fr/L%C3%AEle-%C3%A9gar%C3%A9s-J-F-Leger/dp/2956201840/ref=sr_1_846,"15,00 €",JF LEGER,"3,9 sur 5 étoiles, détails de l’évaluation",496,Broché,https://m.media-amazon.com/images/I/71hK1MoxwxL._AC_UY218_.jpg,2025-09-04T18:29:39.111978,Description non disponible depuis la recherche,Stock non disponible,ISBN non disponible,Éditeur non disponible,Date non disponible,Nombre de pages non disponible,Rang de vente non disponible,Science-Fiction,53.0,,,,
Ward D: A Taut Psychological Thriller from the Author of The Housemaid is Watching,https://www.amazon.fr/Ward-D-Freida-McFadden/dp/1464228574/ref=sr_1_847,"12,12 €",Freida McFadden,"4,3 sur 5 étoiles, détails de l’évaluation",155 553,Broché,https://m.media-amazon.com/images/I/81+xMaNUlOL._AC_UY218_.jpg,2025-09-04T18:29:39.115020,Description non disponible depuis la recherche,Stock non disponible,ISBN non disponible,Éditeur non disponible,Date non disponible,Nombre de pages non disponible,Rang de vente non disponible,Science-Fiction,53.0,,,,
La Maison Silencieuse: Un thriller psychologique haletant et claustrophobe (Collection de Thrillers Psychologiques par H.M. Lynn),https://www.amazon.fr/Maison-Silencieuse-psychologique-claustrophobe-Psychologiques-ebook/dp/B0F7ZGY5M9/ref=sr_1_848,"15,81 €",H.M. Lynn,"4,0 sur 5 étoiles, détails de l’évaluation",196,Format Kindle,https://m.media-amazon.com/images/I/81EKZ00AfyL._AC_UY218_.jpg,2025-09-04T18:29:39.117055,Description non disponible depuis la recherche,Stock non disponible,ISBN non disponible,Éditeur non disponible,Date non disponible,Nombre de pages non disponible,Rang de vente non disponible,Science-Fiction,53.0,,,,
Précipice,https://www.amazon.fr/Audible-Pr%C3%A9cipice/dp/B0D6BWGZHM/ref=sr_1_849,"0,00 €",Livres audio Audible,"4,5 sur 5 étoiles, détails de l’évaluation",1 353,Livres audio Audible,https://m.media-amazon.com/images/I/91qn+xOes4L._AC_UY218_.jpg,2025-09-04T18:29:39.120423,Description non disponible depuis la recherche,Stock non disponible,ISBN non disponible,Éditeur non disponible,Date non disponible,Nombre de pages non disponible,Rang de vente non disponible,Science-Fiction,53.0,,,,
L'Ultime Avertissement,https://www.amazon.fr/LUltime-Avertissement-Nicolas-Beuglet/dp/2266352830/ref=sr_1_850,"8,90 €",Nicolas Beuglet,"4,0 sur 5 étoiles, détails de l’évaluation",721,Poche,https://m.media-amazon.com/images/I/61p1GyyqRnL._AC_UY218_.jpg,2025-09-04T18:29:39.123786,Description non disponible depuis la recherche,Stock non disponible,ISBN non disponible,Éditeur non disponible,Date non disponible,Nombre de pages non disponible,Rang de vente non disponible,Science-Fiction,53.0,,,,
Boutons et haine,https://www.amazon.fr/Boutons-haine-Penelope-Sky-ebook/dp/B074HFB6MZ/ref=sr_1_851,"5,99 €",Penelope Sky,"4,6 sur 5 étoiles, détails de l’évaluation",1 806,Format Kindle,https://m.media-amazon.com/images/I/81NX7C1DKGL._AC_UY218_.jpg,2025-09-04T18:29:39.126788,Description non disponible depuis la recherche,Stock non disponible,ISBN non disponible,Éditeur non disponible,Date non disponible,Nombre de pages non disponible,Rang de vente non disponible,Science-Fiction,53.0,,,,
A tragic dark love story,https://www.amazon.fr/tragic-dark-love-story/dp/B0DVL9J1DM/ref=sr_1_852,"19,00 €",de Helly Clark | 30 janvier 2025,"4,4 sur 5 étoiles, détails de l’évaluation",247,Broché,https://m.media-amazon.com/images/I/6130g9nJK8L._AC_UY218_.jpg,2025-09-04T18:29:39.129384,Description non disponible depuis la recherche,Stock non disponible,ISBN non disponible,Éditeur non disponible,Date non disponible,Nombre de pages non disponible,Rang de vente non disponible,Science-Fiction,53.0,,,,
Les Larmes noires sur la terre (Sueurs froides),https://www.amazon.fr/Larmes-noires-sur-terre-ebook/dp/B01N5A24XA/ref=sr_1_851,"7,99 €",Sandrine Collette,"4,3 sur 5 étoiles, détails de l’évaluation",575,Format Kindle,https://m.media-amazon.com/images/I/91WsKbjWLOL._AC_UY218_.jpg,2025-09-04T18:29:50.080224,Description non disponible depuis la recherche,Stock non disponible,ISBN non disponible,Éditeur non disponible,Date non disponible,Nombre de pages non disponible,Rang de vente non disponible,Science-Fiction,54.0,,,,
"Les énigmes d'Aurel le Consul, I : Le suspendu de Conakry: Les énigmes d’Aurel le Consul",https://www.amazon.fr/%C3%A9nigmes-dAurel-Consul-suspendu-Conakry/dp/2072785316/ref=sr_1_852,"9,00 €",Jean-Christophe Rufin,"4,1 sur 5 étoiles, détails de l’évaluation",3 392,Poche,https://m.media-amazon.com/images/I/71I7enDx4QL._AC_UY218_.jpg,2025-09-04T18:29:50.083153,Description non disponible depuis la recherche,Stock non disponible,ISBN non disponible,Éditeur non disponible,Date non disponible,Nombre de pages non disponible,Rang de vente non disponible,Science-Fiction,54.0,,,,
ARCHIE'S CASE,https://www.amazon.fr/ARCHIES-CASE-Jade-FROEHLICHER/dp/B0FNRHKP37/ref=sr_1_853,"15,81 €",de Jade FROEHLICHER | 31 août 2025,"5,0 sur 5 étoiles, détails de l’évaluation",1,Broché,https://m.media-amazon.com/images/I/61jgWHZA5qL._AC_UY218_.jpg,2025-09-04T18:29:50.085849,Description non disponible depuis la recherche,Stock non disponible,ISBN non disponible,Éditeur non disponible,Date non disponible,Nombre de pages non disponible,Rang de vente non disponible,Science-Fiction,54.0,,,,
L'Horloger - Hors Circuit: thriller policier,https://www.amazon.fr/LHorloger-Hors-Circuit-thriller-policier-ebook/dp/B0B5LYBLWR/ref=sr_1_854,"0,00 €",Pierre Schreiber,"4,2 sur 5 étoiles, détails de l’évaluation",5 079,Format Kindle,https://m.media-amazon.com/images/I/91shH1R-x1L._AC_UY218_.jpg,2025-09-04T18:29:50.088632,Description non disponible depuis la recherche,Stock non disponible,ISBN non disponible,Éditeur non disponible,Date non disponible,Nombre de pages non disponible,Rang de vente non disponible,Science-Fiction,54.0,,,,
L'homme à l'envers: Une enquête du commissaire Adamsberg,https://www.amazon.fr/Lhomme-%C3%A0-lenvers-Fred-Vargas/dp/2290349232/ref=sr_1_855,"8,50 €",Fred Vargas,"4,4 sur 5 étoiles, détails de l’évaluation",1 477,Poche,https://m.media-amazon.com/images/I/61KMxxBSe5L._AC_UY218_.jpg,2025-09-04T18:29:50.092034,Description non disponible depuis la recherche,Stock non disponible,ISBN non disponible,Éditeur non disponible,Date non disponible,Nombre de pages non disponible,Rang de vente non disponible,Science-Fiction,54.0,,,,
Une vengeance amère (Les enquêtes de Détective Kay Hunter t. 12),https://www.amazon.fr/vengeance-am%C3%A8re-enqu%C3%AAtes-D%C3%A9tective-Hunter-ebook/dp/B0FBKCM9XV/ref=sr_1_856,"3,99 €",Rachel Amphlett,"4,4 sur 5 étoiles, détails de l’évaluation",80,Format Kindle,https://m.media-amazon.com/images/I/81hAbAbmWwL._AC_UY218_.jpg,2025-09-04T18:29:50.094568,Description non disponible depuis la recherche,Stock non disponible,ISBN non disponible,Éditeur non disponible,Date non disponible,Nombre de pages non disponible,Rang de vente non disponible,Science-Fiction,54.0,,,,
The Locked Door: From the Sunday Times Bestselling Author of The Housemaid,https://www.amazon.fr/Locked-Door-Sunday-Bestselling-Housemaid/dp/1464221359/ref=sr_1_857,"12,00 €",Freida McFadden,"4,4 sur 5 étoiles, détails de l’évaluation",135 860,Broché,https://m.media-amazon.com/images/I/71DT6HForaL._AC_UY218_.jpg,2025-09-04T18:29:50.097621,Description non disponible depuis la recherche,Stock non disponible,ISBN non disponible,Éditeur non disponible,Date non disponible,Nombre de pages non disponible,Rang de vente non disponible,Science-Fiction,54.0,,,,
Les Somber Jann: Psychotic,https://www.amazon.fr/Somber-Jann-Psychotic-Cynthia-Havendean/dp/289832082X/ref=sr_1_858,"22,95 €",Cynthia Havendean,"4,7 sur 5 étoiles, détails de l’évaluation",553,Broché,https://m.media-amazon.com/images/I/61e0r-+vQ2L._AC_UY218_.jpg,2025-09-04T18:29:50.100384,Description non disponible depuis la recherche,Stock non disponible,ISBN non disponible,Éditeur non disponible,Date non disponible,Nombre de pages non disponible,Rang de vente non disponible,Science-Fiction,54.0,,,,
Bienvenue chez vous,https://www.amazon.fr/Bienvenue-chez-vous-Alex-Sol-ebook/dp/B0CXNSBVTZ/ref=sr_1_861,"0,00 €",Alex Sol,"4,4 sur 5 étoiles, détails de l’évaluation",1 064,Format Kindle,https://m.media-amazon.com/images/I/81TCweXu2CL._AC_UY218_.jpg,2025-09-04T18:29:50.109160,Description non disponible depuis la recherche,Stock non disponible,ISBN non disponible,Éditeur non disponible,Date non disponible,Nombre de pages non disponible,Rang de vente non disponible,Science-Fiction,54.0,,,,
La Fille de Kali,https://www.amazon.fr/Fille-Kali-C%C3%A9line-Denjean/dp/2266310844/ref=sr_1_862,"10,30 €",Céline Denjean,"4,5 sur 5 étoiles, détails de l’évaluation",1 253,Poche,https://m.media-amazon.com/images/I/71hXApg8yiL._AC_UY218_.jpg,2025-09-04T18:29:50.111469,Description non disponible depuis la recherche,Stock non disponible,ISBN non disponible,Éditeur non disponible,Date non disponible,Nombre de pages non disponible,Rang de vente non disponible,Science-Fiction,54.0,,,,
Le Septième Templier: l'édition collector du bestseller de Giacometti et Ravenne,https://www.amazon.fr/Septi%C3%A8me-Templier-Jacques-RAVENNE/dp/2266229028/ref=sr_1_863,"9,90 €",Éric Giacometti,"4,5 sur 5 étoiles, détails de l’évaluation",856,Poche,https://m.media-amazon.com/images/I/71zHGf1T-xL._AC_UY218_.jpg,2025-09-04T18:29:50.114761,Description non disponible depuis la recherche,Stock non disponible,ISBN non disponible,Éditeur non disponible,Date non disponible,Nombre de pages non disponible,Rang de vente non disponible,Science-Fiction,54.0,,,,
Fils de personne : Prix du Quai des Orfèvres 2023 (Policier),https://www.amazon.fr/Fils-personne-Prix-Orf%C3%A8vres-Policier-ebook/dp/B0BGLT43JZ/ref=sr_1_864,"6,99 €",de Jean-François Pasques | 9 novembre 2022,"4,1 sur 5 étoiles, détails de l’évaluation",5 981,Format Kindle,https://m.media-amazon.com/images/I/81xvzLNPpUL._AC_UY218_.jpg,2025-09-04T18:29:50.117652,Description non disponible depuis la recherche,Stock non disponible,ISBN non disponible,Éditeur non disponible,Date non disponible,Nombre de pages non disponible,Rang de vente non disponible,Science-Fiction,54.0,,,,
Quand sort la recluse: Une enquête du commissaire Adamsberg,https://www.amazon.fr/Quand-sort-recluse-Fred-Vargas/dp/229015606X/ref=sr_1_865,"8,80 €",Fred Vargas,"4,3 sur 5 étoiles, détails de l’évaluation",7 094,Poche,https://m.media-amazon.com/images/I/51rwPEtjz2L._AC_UY218_.jpg,2025-09-04T18:29:50.121314,Description non disponible depuis la recherche,Stock non disponible,ISBN non disponible,Éditeur non disponible,Date non disponible,Nombre de pages non disponible,Rang de vente non disponible,Science-Fiction,54.0,,,,
Pas un bruit: Un thriller à vous couper le souffle (Les enquêtes de Jenna Alton & David Kane t. 4),https://www.amazon.fr/Pas-bruit-thriller-souffle-enqu%C3%AAtes-ebook/dp/B0D68C2JLB/ref=sr_1_866,"16,99 €",D.K. Hood,"4,4 sur 5 étoiles, détails de l’évaluation",773,Format Kindle,https://m.media-amazon.com/images/I/81iIUMJjkzL._AC_UY218_.jpg,2025-09-04T18:29:50.123618,Description non disponible depuis la recherche,Stock non disponible,ISBN non disponible,Éditeur non disponible,Date non disponible,Nombre de pages non disponible,Rang de vente non disponible,Science-Fiction,54.0,,,,
Vulgata Dominum - Tome 2,https://www.amazon.fr/Vulgata-Dominum-Sloane-M-Gstar/dp/2386900398/ref=sr_1_867,"22,00 €",Sloane M. Gstar,Note non disponible,0 avis,Broché,https://m.media-amazon.com/images/I/710eRUoOFiL._AC_UY218_.jpg,2025-09-04T18:29:50.126387,Description non disponible depuis la recherche,Stock non disponible,ISBN non disponible,Éditeur non disponible,Date non disponible,Nombre de pages non disponible,Rang de vente non disponible,Science-Fiction,54.0,,,,
"Collection Jules Verne - Sélection II - Contient 2 livres :: Cinq semaines en ballon, De la Terre à la Lune",https://www.amazon.fr/Collection-Jules-Verne-S%C3%A9lection-Contient/dp/8410981955/ref=sr_1_868,"14,96 €",RBA Coleccionables,"5,0 sur 5 étoiles, détails de l’évaluation",2,Relié,https://m.media-amazon.com/images/I/91M6Vr-njvL._AC_UY218_.jpg,2025-09-04T18:29:50.128304,Description non disponible depuis la recherche,Stock non disponible,ISBN non disponible,Éditeur non disponible,Date non disponible,Nombre de pages non disponible,Rang de vente non disponible,Science-Fiction,54.0,,,,
La Cité sous les cendres: L'ultime roman du maître du polar qui clôt une trilogie épique !,https://www.amazon.fr/Cit%C3%A9-sous-cendres-Lultime-trilogie/dp/B0DWSB7Z22/ref=sr_1_867,"9,00 €",Don Winslow,"4,4 sur 5 étoiles, détails de l’évaluation",404,Poche,https://m.media-amazon.com/images/I/81FDBWavWeL._AC_UY218_.jpg,2025-09-04T18:30:01.758812,Description non disponible depuis la recherche,Stock non disponible,ISBN non disponible,Éditeur non disponible,Date non disponible,Nombre de pages non disponible,Rang de vente non disponible,Science-Fiction,55.0,,,,
La dernière berceuse: Un drame psychologique inspiré d'une histoire vraie,https://www.amazon.fr/derni%C3%A8re-berceuse-psychologique-inspir%C3%A9-histoire-ebook/dp/B0DHC97M77/ref=sr_1_868,"18,90 €",Jeanne Yliss,"4,5 sur 5 étoiles, détails de l’évaluation",963,Format Kindle,https://m.media-amazon.com/images/I/81XqAiaaLML._AC_UY218_.jpg,2025-09-04T18:30:01.761293,Description non disponible depuis la recherche,Stock non disponible,ISBN non disponible,Éditeur non disponible,Date non disponible,Nombre de pages non disponible,Rang de vente non disponible,Science-Fiction,55.0,,,,
La Princesse des glaces,https://www.amazon.fr/Audible-La-Princesse-des-glaces/dp/B0FH2BB7QX/ref=sr_1_869,"0,00 €",Livres audio Audible,"4,3 sur 5 étoiles, détails de l’évaluation",2 764,Livres audio Audible,https://m.media-amazon.com/images/I/81P93qXUTiL._AC_UY218_.jpg,2025-09-04T18:30:01.764416,Description non disponible depuis la recherche,Stock non disponible,ISBN non disponible,Éditeur non disponible,Date non disponible,Nombre de pages non disponible,Rang de vente non disponible,Science-Fiction,55.0,,,,
Mission Damas,https://www.amazon.fr/Mission-Damas-David-McCloskey-ebook/dp/B0CY5BHBC3/ref=sr_1_870,"10,99 €",David McCloskey,"4,1 sur 5 étoiles, détails de l’évaluation",335,Format Kindle,https://m.media-amazon.com/images/I/81DxPs720SL._AC_UY218_.jpg,2025-09-04T18:30:01.767727,Description non disponible depuis la recherche,Stock non disponible,ISBN non disponible,Éditeur non disponible,Date non disponible,Nombre de pages non disponible,Rang de vente non disponible,Science-Fiction,55.0,,,,
Tu tueras le père,https://www.amazon.fr/Tu-tueras-p%C3%A8re-Sandrone-DAZIERI/dp/2266258273/ref=sr_1_871,"10,30 €",Sandrone Dazieri,"4,4 sur 5 étoiles, détails de l’évaluation",588,Poche,https://m.media-amazon.com/images/I/71CUGw4t5wL._AC_UY218_.jpg,2025-09-04T18:30:01.771160,Description non disponible depuis la recherche,Stock non disponible,ISBN non disponible,Éditeur non disponible,Date non disponible,Nombre de pages non disponible,Rang de vente non disponible,Science-Fiction,55.0,,,,
Marais rouges : Prix des Détectives 2025,https://www.amazon.fr/Marais-rouges-Prix-D%C3%A9tectives-2025/dp/2386432335/ref=sr_1_872,"14,90 €",de Jean Toulko | 27 juin 2025,"3,6 sur 5 étoiles, détails de l’évaluation",39,Broché,https://m.media-amazon.com/images/I/91uuiuKqylL._AC_UY218_.jpg,2025-09-04T18:30:01.774627,Description non disponible depuis la recherche,Stock non disponible,ISBN non disponible,Éditeur non disponible,Date non disponible,Nombre de pages non disponible,Rang de vente non disponible,Science-Fiction,55.0,,,,
Cendrillon,https://www.amazon.fr/Cendrillon-Sylvain-Johnson/dp/2849336963/ref=sr_1_873,"14,90 €",Sylvain Johnson,"4,6 sur 5 étoiles, détails de l’évaluation",644,Broché,https://m.media-amazon.com/images/I/71MJKvyaniL._AC_UY218_.jpg,2025-09-04T18:30:01.777689,Description non disponible depuis la recherche,Stock non disponible,ISBN non disponible,Éditeur non disponible,Date non disponible,Nombre de pages non disponible,Rang de vente non disponible,Science-Fiction,55.0,,,,
Le Plaid coupable: (Les Thés meurtriers d’Oxford - Livre 12),https://www.amazon.fr/Plaid-coupable-meurtriers-dOxford-Livre/dp/1923235931/ref=sr_1_874,"15,90 €",H.Y. Hanna,"4,5 sur 5 étoiles, détails de l’évaluation",814,Broché,https://m.media-amazon.com/images/I/71BpJ0UYFjL._AC_UY218_.jpg,2025-09-04T18:30:01.779848,Description non disponible depuis la recherche,Stock non disponible,ISBN non disponible,Éditeur non disponible,Date non disponible,Nombre de pages non disponible,Rang de vente non disponible,Science-Fiction,55.0,,,,
The Surrogate Mother: The UK No. 1 Bestseller! A Suspenseful Psychological Thriller from the Author of The Housemaid Books,https://www.amazon.fr/Surrogate-Mother-Freida-McFadden/dp/1464228604/ref=sr_1_877,"12,12 €",Freida McFadden,"4,3 sur 5 étoiles, détails de l’évaluation",74 803,Broché,https://m.media-amazon.com/images/I/61F4yS8AdaL._AC_UY218_.jpg,2025-09-04T18:30:01.789864,Description non disponible depuis la recherche,Stock non disponible,ISBN non disponible,Éditeur non disponible,Date non disponible,Nombre de pages non disponible,Rang de vente non disponible,Science-Fiction,55.0,,,,
Sous le ciel brisé 1: Thriller d'horreur apocalyptique,https://www.amazon.fr/Sous-ciel-bris%C3%A9-Thriller-apocalyptique/dp/B0DYYNXBHL/ref=sr_1_878,"15,81 €",Nick Clausen,"4,5 sur 5 étoiles, détails de l’évaluation",291,Broché,https://m.media-amazon.com/images/I/71-KQYbBeUL._AC_UY218_.jpg,2025-09-04T18:30:01.792475,Description non disponible depuis la recherche,Stock non disponible,ISBN non disponible,Éditeur non disponible,Date non disponible,Nombre de pages non disponible,Rang de vente non disponible,Science-Fiction,55.0,,,,
"La disparition de Veronika Lake: Thriller psychologique (Série Karen Blackstone, enquêtrice cold cases t. 1)",https://www.amazon.fr/disparition-Veronika-Lake-S%C3%A9bastien-Theveny-ebook/dp/B0BDQQBFPQ/ref=sr_1_879,"0,00 €",Sébastien Theveny,"4,4 sur 5 étoiles, détails de l’évaluation",4 332,Format Kindle,https://m.media-amazon.com/images/I/81kviN-52mL._AC_UY218_.jpg,2025-09-04T18:30:01.795442,Description non disponible depuis la recherche,Stock non disponible,ISBN non disponible,Éditeur non disponible,Date non disponible,Nombre de pages non disponible,Rang de vente non disponible,Science-Fiction,55.0,,,,
Le Chien des Baskerville,https://www.amazon.fr/Chien-Baskerville-Arthur-Conan-Doyle/dp/225300314X/ref=sr_1_880,"3,70 €",Sir Arthur Conan Doyle,"4,6 sur 5 étoiles, détails de l’évaluation",293,Poche,https://m.media-amazon.com/images/I/8173qnxnVjL._AC_UY218_.jpg,2025-09-04T18:30:01.798248,Description non disponible depuis la recherche,Stock non disponible,ISBN non disponible,Éditeur non disponible,Date non disponible,Nombre de pages non disponible,Rang de vente non disponible,Science-Fiction,55.0,,,,
Ferme bien ta porte,https://www.amazon.fr/Ferme-bien-porte-K-L-Slater/dp/2381223835/ref=sr_1_881,"8,95 €",K.L. Slater,"4,0 sur 5 étoiles, détails de l’évaluation",676,Poche,https://m.media-amazon.com/images/I/61XNqUhnuWL._AC_UY218_.jpg,2025-09-04T18:30:01.801470,Description non disponible depuis la recherche,Stock non disponible,ISBN non disponible,Éditeur non disponible,Date non disponible,Nombre de pages non disponible,Rang de vente non disponible,Science-Fiction,55.0,,,,
Le Roi en jaune,https://www.amazon.fr/Roi-en-jaune-Robert-Chambers/dp/2253184004/ref=sr_1_882,"9,90 €",Robert W. Chambers,"4,4 sur 5 étoiles, détails de l’évaluation",176,Poche,https://m.media-amazon.com/images/I/71Z5byLecmL._AC_UY218_.jpg,2025-09-04T18:30:01.804202,Description non disponible depuis la recherche,Stock non disponible,ISBN non disponible,Éditeur non disponible,Date non disponible,Nombre de pages non disponible,Rang de vente non disponible,Science-Fiction,55.0,,,,
Les Entremets tueurs: (Les Thés meurtriers d’Oxford ~ Livre 6),https://www.amazon.fr/Entremets-tueurs-meurtriers-dOxford-Livre/dp/1922436747/ref=sr_1_883,"15,90 €",H.Y. Hanna,"4,5 sur 5 étoiles, détails de l’évaluation",1 213,Broché,https://m.media-amazon.com/images/I/719HgUQLb1L._AC_UY218_.jpg,2025-09-04T18:30:01.806284,Description non disponible depuis la recherche,Stock non disponible,ISBN non disponible,Éditeur non disponible,Date non disponible,Nombre de pages non disponible,Rang de vente non disponible,Science-Fiction,55.0,,,,
La Neuvième Étape (Les thrillers de John Milton t. 8),https://www.amazon.fr/Neuvi%C3%A8me-%C3%89tape-thrillers-John-Milton-ebook/dp/B0FC32GGQH/ref=sr_1_884,"17,92 €",Mark Dawson,"4,5 sur 5 étoiles, détails de l’évaluation",265,Format Kindle,https://m.media-amazon.com/images/I/81NrJidQp2L._AC_UY218_.jpg,2025-09-04T18:30:01.809078,Description non disponible depuis la recherche,Stock non disponible,ISBN non disponible,Éditeur non disponible,Date non disponible,Nombre de pages non disponible,Rang de vente non disponible,Science-Fiction,55.0,,,,
Vindicta,https://www.amazon.fr/Vindicta-C%C3%A9dric-Sire/dp/B08XLJ926P/ref=sr_1_883,"8,90 €",Cédric Sire,"4,5 sur 5 étoiles, détails de l’évaluation",901,Poche,https://m.media-amazon.com/images/I/91NLKFwBwwS._AC_UY218_.jpg,2025-09-04T18:30:12.170550,Description non disponible depuis la recherche,Stock non disponible,ISBN non disponible,Éditeur non disponible,Date non disponible,Nombre de pages non disponible,Rang de vente non disponible,Science-Fiction,56.0,,,,
The Cinnamon Bun Book Store,https://www.amazon.fr/Cinnamon-Bun-Book-Store/dp/0008641587/ref=sr_1_884,"11,98 €",Laurie Gilmore,"4,2 sur 5 étoiles, détails de l’évaluation",25 740,Broché,https://m.media-amazon.com/images/I/81ZLJHbfHkL._AC_UY218_.jpg,2025-09-04T18:30:12.174406,Description non disponible depuis la recherche,Stock non disponible,ISBN non disponible,Éditeur non disponible,Date non disponible,Nombre de pages non disponible,Rang de vente non disponible,Science-Fiction,56.0,,,,
Métaphysique de la viande: nuit noire et paranoïa,https://www.amazon.fr/M%C3%A9taphysique-viande-Christophe-Si%C3%A9bert/dp/B07KLCRTPR/ref=sr_1_885,"20,00 €",Christophe Siébert,"4,2 sur 5 étoiles, détails de l’évaluation",120,Broché,https://m.media-amazon.com/images/I/51IISE1CtWL._AC_UY218_.jpg,2025-09-04T18:30:12.177010,Description non disponible depuis la recherche,Stock non disponible,ISBN non disponible,Éditeur non disponible,Date non disponible,Nombre de pages non disponible,Rang de vente non disponible,Science-Fiction,56.0,,,,
L'homme de Lewis (Rouergue noir),https://www.amazon.fr/Lhomme-Lewis-Peter-May-ebook/dp/B005WTOS66/ref=sr_1_886,"8,99 €",Peter May,"4,4 sur 5 étoiles, détails de l’évaluation",1 605,Format Kindle,https://m.media-amazon.com/images/I/81d5dzzVe-L._AC_UY218_.jpg,2025-09-04T18:30:12.180045,Description non disponible depuis la recherche,Stock non disponible,ISBN non disponible,Éditeur non disponible,Date non disponible,Nombre de pages non disponible,Rang de vente non disponible,Science-Fiction,56.0,,,,
SNIDER - TOME 2 - DARK ROMANCE (soft) (RIVERA - SNIDER),https://www.amazon.fr/SNIDER-DARK-ROMANCE-soft-RIVERA-ebook/dp/B0FPCH1TP2/ref=sr_1_887,"26,00 €",Brooke RAVEN,"5,0 sur 5 étoiles, détails de l’évaluation",3,Format Kindle,https://m.media-amazon.com/images/I/816AJ2x6iUL._AC_UY218_.jpg,2025-09-04T18:30:12.182802,Description non disponible depuis la recherche,Stock non disponible,ISBN non disponible,Éditeur non disponible,Date non disponible,Nombre de pages non disponible,Rang de vente non disponible,Science-Fiction,56.0,,,,
Les Mouettes - Mission Sahel,https://www.amazon.fr/Mouettes-Mission-Sahel-Thomas-Cantaloube/dp/2266352970/ref=sr_1_888,"9,30 €",de Thomas Cantaloube | 14 août 2025,"4,4 sur 5 étoiles, détails de l’évaluation",267,Poche,https://m.media-amazon.com/images/I/71+s5dIjp-L._AC_UY218_.jpg,2025-09-04T18:30:12.186895,Description non disponible depuis la recherche,Stock non disponible,ISBN non disponible,Éditeur non disponible,Date non disponible,Nombre de pages non disponible,Rang de vente non disponible,Science-Fiction,56.0,,,,
L'Arme à l'oeil,https://www.amazon.fr/LArme-%C3%A0-loeil-Ken-Follett/dp/2253027782/ref=sr_1_889,"9,90 €",Ken Follett,"4,4 sur 5 étoiles, détails de l’évaluation",3 001,Poche,https://m.media-amazon.com/images/I/81CFqEA6p9L._AC_UY218_.jpg,2025-09-04T18:30:12.190208,Description non disponible depuis la recherche,Stock non disponible,ISBN non disponible,Éditeur non disponible,Date non disponible,Nombre de pages non disponible,Rang de vente non disponible,Science-Fiction,56.0,,,,
La prophétesse voilée,https://www.amazon.fr/proph%C3%A9tesse-voil%C3%A9e-Jean-d-Aillon/dp/2264085568/ref=sr_1_890,"9,90 €",Jean d' Aillon,"4,8 sur 5 étoiles, détails de l’évaluation",32,Poche,https://m.media-amazon.com/images/I/71g6obDEOxL._AC_UY218_.jpg,2025-09-04T18:30:12.192276,Description non disponible depuis la recherche,Stock non disponible,ISBN non disponible,Éditeur non disponible,Date non disponible,Nombre de pages non disponible,Rang de vente non disponible,Science-Fiction,56.0,,,,
"Songs of Innocence and Experience: Shewing the Two Contrary States of the Human Soul, 1789-1794",https://www.amazon.fr/Songs-Innocence-Experience-William-Blake/dp/0192810898/ref=sr_1_893,"10,49 €",William Blake,"4,5 sur 5 étoiles, détails de l’évaluation",240,Broché,https://m.media-amazon.com/images/I/71aLcaz1R1L._AC_UY218_.jpg,2025-09-04T18:30:12.202056,Description non disponible depuis la recherche,Stock non disponible,ISBN non disponible,Éditeur non disponible,Date non disponible,Nombre de pages non disponible,Rang de vente non disponible,Science-Fiction,56.0,,,,
Chambre 1408,https://www.amazon.fr/Chambre-1408-Stephen-King/dp/222646090X/ref=sr_1_894,"10,90 €",Stephen King,"4,6 sur 5 étoiles, détails de l’évaluation",288,Broché,https://m.media-amazon.com/images/I/81e-o8deEOL._AC_UY218_.jpg,2025-09-04T18:30:12.204570,Description non disponible depuis la recherche,Stock non disponible,ISBN non disponible,Éditeur non disponible,Date non disponible,Nombre de pages non disponible,Rang de vente non disponible,Science-Fiction,56.0,,,,
"Collection Sherlock Holmes - Sélection I - Contient 3 livres :: Le Chien des Baskerville, Une étude en rouge, Le Signe des quatre",https://www.amazon.fr/Collection-Sherlock-Holmes-S%C3%A9lection-Baskerville/dp/8410982064/ref=sr_1_895,"16,95 €",RBA Coleccionables,"5,0 sur 5 étoiles, détails de l’évaluation",2,Relié,https://m.media-amazon.com/images/I/81-JNnCOghL._AC_UY218_.jpg,2025-09-04T18:30:12.208032,Description non disponible depuis la recherche,Stock non disponible,ISBN non disponible,Éditeur non disponible,Date non disponible,Nombre de pages non disponible,Rang de vente non disponible,Science-Fiction,56.0,,,,
Sakamoto Days - Tome 19,https://www.amazon.fr/Sakamoto-Days-19-Yuto-Suzuki/dp/2344064885/ref=sr_1_896,"7,20 €",Yuto Suzuki,Note non disponible,0 avis,Broché,https://m.media-amazon.com/images/I/818Z8EJSXgL._AC_UY218_.jpg,2025-09-04T18:30:12.210497,Description non disponible depuis la recherche,Stock non disponible,ISBN non disponible,Éditeur non disponible,Date non disponible,Nombre de pages non disponible,Rang de vente non disponible,Science-Fiction,56.0,,,,
Origine,https://www.amazon.fr/Origine-Dan-Brown/dp/2253258148/ref=sr_1_897,"10,99 €",Dan Brown,"4,2 sur 5 étoiles, détails de l’évaluation",5 074,Poche,https://m.media-amazon.com/images/I/71htOpO4JXL._AC_UY218_.jpg,2025-09-04T18:30:12.213713,Description non disponible depuis la recherche,Stock non disponible,ISBN non disponible,Éditeur non disponible,Date non disponible,Nombre de pages non disponible,Rang de vente non disponible,Science-Fiction,56.0,,,,
Flat Stanley,https://www.amazon.fr/Flat-Stanley-Jeff-Brown/dp/1405288108/ref=sr_1_898,"8,48 €",Jeff Brown,"4,7 sur 5 étoiles, détails de l’évaluation",483,Broché,https://m.media-amazon.com/images/I/812-+hpT88L._AC_UY218_.jpg,2025-09-04T18:30:12.216632,Description non disponible depuis la recherche,Stock non disponible,ISBN non disponible,Éditeur non disponible,Date non disponible,Nombre de pages non disponible,Rang de vente non disponible,Science-Fiction,56.0,,,,
Une incroyable histoire,https://www.amazon.fr/Une-incroyable-histoire-William-Irish/dp/2748505743/ref=sr_1_899,"6,95 €",William Irish,"4,6 sur 5 étoiles, détails de l’évaluation",296,Broché,https://m.media-amazon.com/images/I/71MEbrQvMYL._AC_UY218_.jpg,2025-09-04T18:30:12.218861,Description non disponible depuis la recherche,Stock non disponible,ISBN non disponible,Éditeur non disponible,Date non disponible,Nombre de pages non disponible,Rang de vente non disponible,Science-Fiction,56.0,,,,
In Nomine,https://www.amazon.fr/Nomine-Jacques-RAVENNE/dp/2266198300/ref=sr_1_900,"6,40 €",Éric Giacometti,"4,2 sur 5 étoiles, détails de l’évaluation",955,Poche,https://m.media-amazon.com/images/I/71T+bg6-xVL._AC_UY218_.jpg,2025-09-04T18:30:12.221483,Description non disponible depuis la recherche,Stock non disponible,ISBN non disponible,Éditeur non disponible,Date non disponible,Nombre de pages non disponible,Rang de vente non disponible,Science-Fiction,56.0,,,,
Pas une larme: Un serial killer terrifiant dans un thriller addictif (Les enquêtes de Jenna Alton & David Kane t. 2),https://www.amazon.fr/Pas-une-larme-terrifiant-thriller-ebook/dp/B0DC6GLS5K/ref=sr_1_899,"16,99 €",D.K. Hood,"4,3 sur 5 étoiles, détails de l’évaluation",4 281,Format Kindle,https://m.media-amazon.com/images/I/81XKYLSzQRL._AC_UY218_.jpg,2025-09-04T18:30:22.808396,Description non disponible depuis la recherche,Stock non disponible,ISBN non disponible,Éditeur non disponible,Date non disponible,Nombre de pages non disponible,Rang de vente non disponible,Science-Fiction,57.0,,,,
La MaDS 3: L'énigme Amazigh,https://www.amazon.fr/MaDS-3-L%C3%A9nigme-Amazigh/dp/B0DRN976H1/ref=sr_1_900,"17,00 €",Pascal LEBLANCS,"4,7 sur 5 étoiles, détails de l’évaluation",99,Broché,https://m.media-amazon.com/images/I/81gQyd+NAVL._AC_UY218_.jpg,2025-09-04T18:30:22.811675,Description non disponible depuis la recherche,Stock non disponible,ISBN non disponible,Éditeur non disponible,Date non disponible,Nombre de pages non disponible,Rang de vente non disponible,Science-Fiction,57.0,,,,
Cozy Crime Moments: Cute and Funny Parody Coloring Book for Adults Featuring Cozy Crime Scenes and Comfy Animal Moments to Color and Relieve Stress,https://www.amazon.fr/Cozy-Crime-Moments-Coloring-Featuring/dp/B0F949DBTV/ref=sr_1_901,"11,99 €",Liora Hue,"4,5 sur 5 étoiles, détails de l’évaluation",16,Broché,https://m.media-amazon.com/images/I/61BWEq2U+gL._AC_UY218_.jpg,2025-09-04T18:30:22.813639,Description non disponible depuis la recherche,Stock non disponible,ISBN non disponible,Éditeur non disponible,Date non disponible,Nombre de pages non disponible,Rang de vente non disponible,Science-Fiction,57.0,,,,
Médecin légiste: Pour les morts et les vivants,https://www.amazon.fr/M%C3%A9decin-l%C3%A9giste-Pour-morts-vivants/dp/B0FCMD5524/ref=sr_1_902,"0,00 €",Livres audio Audible,"4,4 sur 5 étoiles, détails de l’évaluation",27,Livres audio Audible,https://m.media-amazon.com/images/I/81SO4OcOouL._AC_UY218_.jpg,2025-09-04T18:30:22.816713,Description non disponible depuis la recherche,Stock non disponible,ISBN non disponible,Éditeur non disponible,Date non disponible,Nombre de pages non disponible,Rang de vente non disponible,Science-Fiction,57.0,,,,
Où tu seras reine,https://www.amazon.fr/O%C3%B9-seras-reine-Chrystel-Duchamp/dp/2386432211/ref=sr_1_903,"20,90 €",Chrystel Duchamp,"3,9 sur 5 étoiles, détails de l’évaluation",103,Broché,https://m.media-amazon.com/images/I/4126qt0s64L._AC_UY218_.jpg,2025-09-04T18:30:22.820366,Description non disponible depuis la recherche,Stock non disponible,ISBN non disponible,Éditeur non disponible,Date non disponible,Nombre de pages non disponible,Rang de vente non disponible,Science-Fiction,57.0,,,,
Une beauté déchue: Mafia et Dark Romance (The Fallen t. 3),https://www.amazon.fr/Une-beaut%C3%A9-d%C3%A9chue-Romance-Fallen-ebook/dp/B0D31TZG5Z/ref=sr_1_904,"18,98 €",Gabrielle Sands,"4,6 sur 5 étoiles, détails de l’évaluation",820,Format Kindle,https://m.media-amazon.com/images/I/81X++ca8TFL._AC_UY218_.jpg,2025-09-04T18:30:22.822379,Description non disponible depuis la recherche,Stock non disponible,ISBN non disponible,Éditeur non disponible,Date non disponible,Nombre de pages non disponible,Rang de vente non disponible,Science-Fiction,57.0,,,,
AVANT QUE LA TERRE NE S'ARRÊTE: Et qu'un vieil homme décide enfin de tout raconter !,https://www.amazon.fr/AVANT-QUE-TERRE-NE-SARR%C3%8ATE/dp/B0FNK64565/ref=sr_1_905,"14,99 €",Stephane LECA,"5,0 sur 5 étoiles, détails de l’évaluation",1,Broché,https://m.media-amazon.com/images/I/61Y71kZQnDL._AC_UY218_.jpg,2025-09-04T18:30:22.825307,Description non disponible depuis la recherche,Stock non disponible,ISBN non disponible,Éditeur non disponible,Date non disponible,Nombre de pages non disponible,Rang de vente non disponible,Science-Fiction,57.0,,,,
L'Antidote: Un chalet. Des secrets. Une revanche.,https://www.amazon.fr/LAntidote-chalet-secrets-Une-revanche/dp/2960393651/ref=sr_1_906,"12,97 €",Cynthia Tytgat,Note non disponible,0 avis,Broché,https://m.media-amazon.com/images/I/612WXWw9-LL._AC_UY218_.jpg,2025-09-04T18:30:22.828089,Description non disponible depuis la recherche,Stock non disponible,ISBN non disponible,Éditeur non disponible,Date non disponible,Nombre de pages non disponible,Rang de vente non disponible,Science-Fiction,57.0,,,,
1984 (English Edition),https://www.amazon.fr/1984-English-George-Orwell-ebook/dp/B0D5QT7PG7/ref=sr_1_909,"0,00 €",George Orwell,"4,5 sur 5 étoiles, détails de l’évaluation",133 425,Format Kindle,https://m.media-amazon.com/images/I/91pu0kFwsuL._AC_UY218_.jpg,2025-09-04T18:30:22.837629,Description non disponible depuis la recherche,Stock non disponible,ISBN non disponible,Éditeur non disponible,Date non disponible,Nombre de pages non disponible,Rang de vente non disponible,Science-Fiction,57.0,,,,
Ma Soeur (Suspense Crime),https://www.amazon.fr/Soeur-Suspense-Crime-Jacques-Expert-ebook/dp/B0F6CWMGG9/ref=sr_1_910,"14,99 €",Jacques Expert,"4,0 sur 5 étoiles, détails de l’évaluation",178,Format Kindle,https://m.media-amazon.com/images/I/61GdR6S8I3L._AC_UY218_.jpg,2025-09-04T18:30:22.840309,Description non disponible depuis la recherche,Stock non disponible,ISBN non disponible,Éditeur non disponible,Date non disponible,Nombre de pages non disponible,Rang de vente non disponible,Science-Fiction,57.0,,,,
Meurtre gourmet à Saint-Malo,https://www.amazon.fr/Meurtre-gourmet-Saint-Malo-Jean-Luc-Bannalec/dp/2266332163/ref=sr_1_911,"8,70 €",Jean-Luc Bannalec,"4,3 sur 5 étoiles, détails de l’évaluation",354,Poche,https://m.media-amazon.com/images/I/71nyBq5tgyL._AC_UY218_.jpg,2025-09-04T18:30:22.843547,Description non disponible depuis la recherche,Stock non disponible,ISBN non disponible,Éditeur non disponible,Date non disponible,Nombre de pages non disponible,Rang de vente non disponible,Science-Fiction,57.0,,,,
Qui a démonté la Tour Eiffel ? - Une enquête de Nino,https://www.amazon.fr/d%C3%A9mont%C3%A9-tour-Eiffel-Claudine-Aubrun/dp/2748523482/ref=sr_1_912,"3,99 €",Claudine Aubrun,"4,6 sur 5 étoiles, détails de l’évaluation",194,Broché,https://m.media-amazon.com/images/I/71MCdoMACQL._AC_UY218_.jpg,2025-09-04T18:30:22.846202,Description non disponible depuis la recherche,Stock non disponible,ISBN non disponible,Éditeur non disponible,Date non disponible,Nombre de pages non disponible,Rang de vente non disponible,Science-Fiction,57.0,,,,
Une putain d'histoire,https://www.amazon.fr/Une-putain-dhistoire-Bernard-Minier/dp/2266267779/ref=sr_1_913,"9,90 €",Bernard Minier,"4,3 sur 5 étoiles, détails de l’évaluation",2 824,Poche,https://m.media-amazon.com/images/I/61W4Gf6i5qL._AC_UY218_.jpg,2025-09-04T18:30:22.849462,Description non disponible depuis la recherche,Stock non disponible,ISBN non disponible,Éditeur non disponible,Date non disponible,Nombre de pages non disponible,Rang de vente non disponible,Science-Fiction,57.0,,,,
Un nuage de sang - Tome 02 De thé et de sang (broché),https://www.amazon.fr/nuage-sang-02-th%C3%A9-broch%C3%A9/dp/2378767676/ref=sr_1_914,"19,90 €",Hafsah Faizal,Note non disponible,0 avis,Broché,https://m.media-amazon.com/images/I/61K5NsvhhzL._AC_UY218_.jpg,2025-09-04T18:30:22.853184,Description non disponible depuis la recherche,Stock non disponible,ISBN non disponible,Éditeur non disponible,Date non disponible,Nombre de pages non disponible,Rang de vente non disponible,Science-Fiction,57.0,,,,
Sherlock Holmes : Etude en rouge,https://www.amazon.fr/Sherlock-Holmes-Etude-en-rouge/dp/2253098108/ref=sr_1_915,"5,70 €",Sir Arthur Conan Doyle,"4,6 sur 5 étoiles, détails de l’évaluation",412,Poche,https://m.media-amazon.com/images/I/81s4RMNmCIL._AC_UY218_.jpg,2025-09-04T18:30:22.855986,Description non disponible depuis la recherche,Stock non disponible,ISBN non disponible,Éditeur non disponible,Date non disponible,Nombre de pages non disponible,Rang de vente non disponible,Science-Fiction,57.0,,,,
The Virgin Provoked: A Medieval Mystery (Carcassonne Mysteries Book 3) (English Edition),https://www.amazon.fr/Virgin-Provoked-Medieval-Carcassonne-Mysteries-ebook/dp/B0FHG563XQ/ref=sr_1_916,"13,69 €",E. A. Rivière,"4,6 sur 5 étoiles, détails de l’évaluation",3,Format Kindle,https://m.media-amazon.com/images/I/912Rr66i4XL._AC_UY218_.jpg,2025-09-04T18:30:22.858326,Description non disponible depuis la recherche,Stock non disponible,ISBN non disponible,Éditeur non disponible,Date non disponible,Nombre de pages non disponible,Rang de vente non disponible,Science-Fiction,57.0,,,,
Sans nouvelles de toi,https://www.amazon.fr/Sans-nouvelles-toi-Joy-Fielding-ebook/dp/B06XCFD86C/ref=sr_1_915,"12,99 €",Joy Fielding,"4,4 sur 5 étoiles, détails de l’évaluation",589,Format Kindle,https://m.media-amazon.com/images/I/91fsRlig74L._AC_UY218_.jpg,2025-09-04T18:30:32.964043,Description non disponible depuis la recherche,Stock non disponible,ISBN non disponible,Éditeur non disponible,Date non disponible,Nombre de pages non disponible,Rang de vente non disponible,Science-Fiction,58.0,,,,
"Noir comme la neige: Les enquêtes d'Aurora, T3",https://www.amazon.fr/Noir-comme-neige-enqu%C3%AAtes-dAurora-ebook/dp/B0DSCDLPXM/ref=sr_1_916,"12,99 €",Lilja Sigurdardottir,"4,2 sur 5 étoiles, détails de l’évaluation",90,Format Kindle,https://m.media-amazon.com/images/I/81M8k1CyHpL._AC_UY218_.jpg,2025-09-04T18:30:32.967142,Description non disponible depuis la recherche,Stock non disponible,ISBN non disponible,Éditeur non disponible,Date non disponible,Nombre de pages non disponible,Rang de vente non disponible,Science-Fiction,58.0,,,,
Notre petit secret: un thriller psychologique et policier au twist final à couper le souffle,https://www.amazon.fr/Notre-petit-secret-thriller-psychologique-ebook/dp/B0DTDT3XKY/ref=sr_1_917,"20,90 €",Pierre Vergeat,"4,4 sur 5 étoiles, détails de l’évaluation",413,Format Kindle,https://m.media-amazon.com/images/I/91xDgHUtZLL._AC_UY218_.jpg,2025-09-04T18:30:32.970247,Description non disponible depuis la recherche,Stock non disponible,ISBN non disponible,Éditeur non disponible,Date non disponible,Nombre de pages non disponible,Rang de vente non disponible,Science-Fiction,58.0,,,,
Strange Houses,https://www.amazon.fr/Strange-Houses-Uketsu/dp/2021602729/ref=sr_1_918,"19,50 €",de Uketsu | 12 septembre 2025,Note non disponible,0 avis,Broché,https://m.media-amazon.com/images/I/71XLFw9qjxL._AC_UY218_.jpg,2025-09-04T18:30:32.973681,Description non disponible depuis la recherche,Stock non disponible,ISBN non disponible,Éditeur non disponible,Date non disponible,Nombre de pages non disponible,Rang de vente non disponible,Science-Fiction,58.0,,,,
Where the Crawdads Sing,https://www.amazon.fr/Where-the-Crawdads-Sing/dp/B07K6V2VJ7/ref=sr_1_919,"0,00 €",Livres audio Audible,"4,6 sur 5 étoiles, détails de l’évaluation",642 384,Livres audio Audible,https://m.media-amazon.com/images/I/91oy2IMFIIL._AC_UY218_.jpg,2025-09-04T18:30:32.977114,Description non disponible depuis la recherche,Stock non disponible,ISBN non disponible,Éditeur non disponible,Date non disponible,Nombre de pages non disponible,Rang de vente non disponible,Science-Fiction,58.0,,,,
King of Envy,https://www.amazon.fr/King-Envy-Ana-Huang/dp/0349436398/ref=sr_1_920,"12,12 €",Ana Huang,"4,3 sur 5 étoiles, détails de l’évaluation",30 243,Broché,https://m.media-amazon.com/images/I/81yU8BuA75L._AC_UY218_.jpg,2025-09-04T18:30:32.980083,Description non disponible depuis la recherche,Stock non disponible,ISBN non disponible,Éditeur non disponible,Date non disponible,Nombre de pages non disponible,Rang de vente non disponible,Science-Fiction,58.0,,,,
Un secret bien gardé (Les enquêtes de Détective Kay Hunter t. 5),https://www.amazon.fr/secret-gard%C3%A9-enqu%C3%AAtes-D%C3%A9tective-Hunter-ebook/dp/B0DYF6DGTS/ref=sr_1_921,"3,99 €",Rachel Amphlett,"4,5 sur 5 étoiles, détails de l’évaluation",214,Format Kindle,https://m.media-amazon.com/images/I/71OvAhYQ2CL._AC_UY218_.jpg,2025-09-04T18:30:32.982673,Description non disponible depuis la recherche,Stock non disponible,ISBN non disponible,Éditeur non disponible,Date non disponible,Nombre de pages non disponible,Rang de vente non disponible,Science-Fiction,58.0,,,,
Le Cygne et la Chauve-souris,https://www.amazon.fr/Cygne-Chauve-souris-Keigo-Higashino/dp/2330206046/ref=sr_1_922,"10,90 €",de Keigo Higashino et Sophie Refle | 14 mai 2025,"4,3 sur 5 étoiles, détails de l’évaluation",140,Poche,https://m.media-amazon.com/images/I/61XxcqIFoQL._AC_UY218_.jpg,2025-09-04T18:30:32.986874,Description non disponible depuis la recherche,Stock non disponible,ISBN non disponible,Éditeur non disponible,Date non disponible,Nombre de pages non disponible,Rang de vente non disponible,Science-Fiction,58.0,,,,
Pas un doute: Un thriller absolument terrifiant (Les enquêtes de Jenna Alton & David Kane t. 5),https://www.amazon.fr/Pas-doute-thriller-absolument-terrifiant-ebook/dp/B0D46PLBSW/ref=sr_1_925,"16,99 €",D.K.  Hood,"4,6 sur 5 étoiles, détails de l’évaluation",670,Format Kindle,https://m.media-amazon.com/images/I/81PuyK+VqIL._AC_UY218_.jpg,2025-09-04T18:30:32.995030,Description non disponible depuis la recherche,Stock non disponible,ISBN non disponible,Éditeur non disponible,Date non disponible,Nombre de pages non disponible,Rang de vente non disponible,Science-Fiction,58.0,,,,
"Collection Jules Verne - Sélection III - Contient 2 livres :: Michel Strogoff, Autour de la Lune",https://www.amazon.fr/Collection-Jules-Verne-S%C3%A9lection-Contient/dp/8410981963/ref=sr_1_926,"14,96 €",RBA Coleccionables,"5,0 sur 5 étoiles, détails de l’évaluation",3,Relié,https://m.media-amazon.com/images/I/91QwjtIC3xL._AC_UY218_.jpg,2025-09-04T18:30:32.996862,Description non disponible depuis la recherche,Stock non disponible,ISBN non disponible,Éditeur non disponible,Date non disponible,Nombre de pages non disponible,Rang de vente non disponible,Science-Fiction,58.0,,,,
La fille de l'océan (Thriller),https://www.amazon.fr/fille-loc%C3%A9an-Alexis-Aubenque-ebook/dp/B07QF36FMK/ref=sr_1_927,"7,99 €",Alexis Aubenque,"4,1 sur 5 étoiles, détails de l’évaluation",480,Format Kindle,https://m.media-amazon.com/images/I/71txfFrFwjL._AC_UY218_.jpg,2025-09-04T18:30:33.000317,Description non disponible depuis la recherche,Stock non disponible,ISBN non disponible,Éditeur non disponible,Date non disponible,Nombre de pages non disponible,Rang de vente non disponible,Science-Fiction,58.0,,,,
Sous pression - Nouveauté 2025 - Peter James - Une enquête de Roy Grace (Fleuve noir),https://www.amazon.fr/Sous-pression-Nouveaut%C3%A9-enqu%C3%AAte-Fleuve-ebook/dp/B0F4YXX16F/ref=sr_1_928,"14,99 €",Peter James,"4,0 sur 5 étoiles, détails de l’évaluation",46,Format Kindle,https://m.media-amazon.com/images/I/81+FWD8mF-L._AC_UY218_.jpg,2025-09-04T18:30:33.003029,Description non disponible depuis la recherche,Stock non disponible,ISBN non disponible,Éditeur non disponible,Date non disponible,Nombre de pages non disponible,Rang de vente non disponible,Science-Fiction,58.0,,,,
Un invincible été,https://www.amazon.fr/invincible-%C3%A9t%C3%A9-Catherine-Bardon/dp/2266322990/ref=sr_1_929,"9,00 €",Catherine Bardon,"4,5 sur 5 étoiles, détails de l’évaluation",1 398,Poche,https://m.media-amazon.com/images/I/619YhNE0xZL._AC_UY218_.jpg,2025-09-04T18:30:33.007040,Description non disponible depuis la recherche,Stock non disponible,ISBN non disponible,Éditeur non disponible,Date non disponible,Nombre de pages non disponible,Rang de vente non disponible,Science-Fiction,58.0,,,,
"Mile High: The unputdownable first book in TikTok sensation, the Windy City series, featuring an ice hockey enemies-to-lovers sports romance",https://www.amazon.fr/Mile-High-Windy-City-Book/dp/1399728547/ref=sr_1_930,"12,12 €",Liz Tomforde,"4,4 sur 5 étoiles, détails de l’évaluation",101 895,Broché,https://m.media-amazon.com/images/I/81IOj8Ms2vL._AC_UY218_.jpg,2025-09-04T18:30:33.010195,Description non disponible depuis la recherche,Stock non disponible,ISBN non disponible,Éditeur non disponible,Date non disponible,Nombre de pages non disponible,Rang de vente non disponible,Science-Fiction,58.0,,,,
Le Mystère de New York : Une aventure palpitante au cœur des secrets de la Big Apple,https://www.amazon.fr/Myst%C3%A8re-New-York-aventure-palpitante/dp/B0F2N4CQ5B/ref=sr_1_931,"11,95 €",Clara Deschamps,"5,0 sur 5 étoiles, détails de l’évaluation",2,Broché,https://m.media-amazon.com/images/I/71WEhQy+3dL._AC_UY218_.jpg,2025-09-04T18:30:33.012009,Description non disponible depuis la recherche,Stock non disponible,ISBN non disponible,Éditeur non disponible,Date non disponible,Nombre de pages non disponible,Rang de vente non disponible,Science-Fiction,58.0,,,,
Les secrets de la famille Ballock,https://www.amazon.fr/secrets-famille-Ballock-Dan-Achache/dp/B0F9XCNZ6D/ref=sr_1_932,"19,90 €",Dan Achache,"3,9 sur 5 étoiles, détails de l’évaluation",50,Broché,https://m.media-amazon.com/images/I/71+G9wFL10L._AC_UY218_.jpg,2025-09-04T18:30:33.014074,Description non disponible depuis la recherche,Stock non disponible,ISBN non disponible,Éditeur non disponible,Date non disponible,Nombre de pages non disponible,Rang de vente non disponible,Science-Fiction,58.0,,,,
Funestes fiançailles: Un cosy mystery pétillant teinté de romance (La demoiselle et le mousquetaire t. 1),https://www.amazon.fr/Funestes-fian%C3%A7ailles-p%C3%A9tillant-demoiselle-mousquetaire-ebook/dp/B0C8ZKLNFM/ref=sr_1_931,"15,00 €",S.D. Fischer,"4,5 sur 5 étoiles, détails de l’évaluation",1 381,Format Kindle,https://m.media-amazon.com/images/I/71p84tULFrL._AC_UY218_.jpg,2025-09-04T18:30:43.079838,Description non disponible depuis la recherche,Stock non disponible,ISBN non disponible,Éditeur non disponible,Date non disponible,Nombre de pages non disponible,Rang de vente non disponible,Science-Fiction,59.0,,,,
Les cafards: Une enquête de l'inspecteur Harry Hole,https://www.amazon.fr/cafards-enqu%C3%AAte-linspecteur-Harry-Hole/dp/2072708087/ref=sr_1_932,"10,50 €",Jo Nesbø,"4,1 sur 5 étoiles, détails de l’évaluation",877,Poche,https://m.media-amazon.com/images/I/71hTQESENiL._AC_UY218_.jpg,2025-09-04T18:30:43.082937,Description non disponible depuis la recherche,Stock non disponible,ISBN non disponible,Éditeur non disponible,Date non disponible,Nombre de pages non disponible,Rang de vente non disponible,Science-Fiction,59.0,,,,
Le Tueur de l'ombre,https://www.amazon.fr/Tueur-lombre-Claire-FAVAN/dp/2266250019/ref=sr_1_933,"9,30 €",Claire Favan,"4,4 sur 5 étoiles, détails de l’évaluation",1 311,Poche,https://m.media-amazon.com/images/I/61uyAqdGfoL._AC_UY218_.jpg,2025-09-04T18:30:43.086162,Description non disponible depuis la recherche,Stock non disponible,ISBN non disponible,Éditeur non disponible,Date non disponible,Nombre de pages non disponible,Rang de vente non disponible,Science-Fiction,59.0,,,,
La conjuration primitive: Section de recherches de Paris 1,https://www.amazon.fr/conjuration-primitive-Section-recherches-Paris/dp/B01CUYF4PE/ref=sr_1_934,"0,00 €",Livres audio Audible,"4,5 sur 5 étoiles, détails de l’évaluation",4 112,Livres audio Audible,https://m.media-amazon.com/images/I/81n2AilFNLL._AC_UY218_.jpg,2025-09-04T18:30:43.089576,Description non disponible depuis la recherche,Stock non disponible,ISBN non disponible,Éditeur non disponible,Date non disponible,Nombre de pages non disponible,Rang de vente non disponible,Science-Fiction,59.0,,,,
Batman: The Golden Age Omnibus Vol. 3 (New Edition),https://www.amazon.fr/Batman-Golden-Age-Omnibus-Vol/dp/179950767X/ref=sr_1_935,"90,47 €","Édition en Anglais | de Bill Finger, Bob Kane, et al. | 31 mars 2026",Note non disponible,0 avis,Relié,https://m.media-amazon.com/images/I/81MF3UgdgLL._AC_UY218_.jpg,2025-09-04T18:30:43.092417,Description non disponible depuis la recherche,Stock non disponible,ISBN non disponible,Éditeur non disponible,Date non disponible,Nombre de pages non disponible,Rang de vente non disponible,Science-Fiction,59.0,,,,
Poulets grillés,https://www.amazon.fr/Poulets-grill%C3%A9s-Sophie-H%C3%A9naff/dp/2253095249/ref=sr_1_936,"8,90 €",Sophie Hénaff,"4,3 sur 5 étoiles, détails de l’évaluation",2 265,Poche,https://m.media-amazon.com/images/I/817wAe4P5-L._AC_UY218_.jpg,2025-09-04T18:30:43.095756,Description non disponible depuis la recherche,Stock non disponible,ISBN non disponible,Éditeur non disponible,Date non disponible,Nombre de pages non disponible,Rang de vente non disponible,Science-Fiction,59.0,,,,
Mirøirs brisés: entre thriller scandinave et cosy crime noir (Meurtres à Stockholm t. 2),https://www.amazon.fr/Mir%C3%B8irs-bris%C3%A9s-thriller-scandinave-Stockholm-ebook/dp/B0FLXV39LG/ref=sr_1_937,"9,90 €",de Cs Duffy | 11 août 2025,"5,0 sur 5 étoiles, détails de l’évaluation",1,Format Kindle,https://m.media-amazon.com/images/I/91uFHvAThTL._AC_UY218_.jpg,2025-09-04T18:30:43.098302,Description non disponible depuis la recherche,Stock non disponible,ISBN non disponible,Éditeur non disponible,Date non disponible,Nombre de pages non disponible,Rang de vente non disponible,Science-Fiction,59.0,,,,
Serpentine,https://www.amazon.fr/Serpentine-Jonathan-Kellerman-ebook/dp/B0F59ZV116/ref=sr_1_938,"16,99 €",Jonathan Kellerman,"4,0 sur 5 étoiles, détails de l’évaluation",94,Format Kindle,https://m.media-amazon.com/images/I/712-0PZGeIL._AC_UY218_.jpg,2025-09-04T18:30:43.100869,Description non disponible depuis la recherche,Stock non disponible,ISBN non disponible,Éditeur non disponible,Date non disponible,Nombre de pages non disponible,Rang de vente non disponible,Science-Fiction,59.0,,,,
A Good Girl's Guide to Murder,https://www.amazon.fr/Good-Girls-Guide-Murder/dp/1405293187/ref=sr_1_941,"9,05 €",Holly Jackson,"4,5 sur 5 étoiles, détails de l’évaluation",68 863,Broché,https://m.media-amazon.com/images/I/810KNXfKxNL._AC_UY218_.jpg,2025-09-04T18:30:43.110246,Description non disponible depuis la recherche,Stock non disponible,ISBN non disponible,Éditeur non disponible,Date non disponible,Nombre de pages non disponible,Rang de vente non disponible,Science-Fiction,59.0,,,,
Une enquête d'Emily Roy et Alexis Castells : SANG,https://www.amazon.fr/Une-enqu%C3%AAte-dEmily-Alexis-Castells/dp/2381220712/ref=sr_1_942,"9,95 €",Johana Gustawsson,"4,3 sur 5 étoiles, détails de l’évaluation",823,Poche,https://m.media-amazon.com/images/I/81xjvTmaciL._AC_UY218_.jpg,2025-09-04T18:30:43.113502,Description non disponible depuis la recherche,Stock non disponible,ISBN non disponible,Éditeur non disponible,Date non disponible,Nombre de pages non disponible,Rang de vente non disponible,Science-Fiction,59.0,,,,
Le braconnier du lac perdu (Rouergue noir),https://www.amazon.fr/braconnier-du-lac-perdu-ebook/dp/B0093LJXKK/ref=sr_1_943,"8,99 €",Peter May,"4,3 sur 5 étoiles, détails de l’évaluation",1 272,Format Kindle,https://m.media-amazon.com/images/I/917B++yiSBL._AC_UY218_.jpg,2025-09-04T18:30:43.116933,Description non disponible depuis la recherche,Stock non disponible,ISBN non disponible,Éditeur non disponible,Date non disponible,Nombre de pages non disponible,Rang de vente non disponible,Science-Fiction,59.0,,,,
Sous le ciel brisé 3: Thriller d'horreur apocalyptique,https://www.amazon.fr/Sous-ciel-bris%C3%A9-Thriller-apocalyptique/dp/B0DZ5KL25R/ref=sr_1_944,"15,81 €",Nick Clausen,"4,6 sur 5 étoiles, détails de l’évaluation",167,Broché,https://m.media-amazon.com/images/I/71GeD91hnJL._AC_UY218_.jpg,2025-09-04T18:30:43.119105,Description non disponible depuis la recherche,Stock non disponible,ISBN non disponible,Éditeur non disponible,Date non disponible,Nombre de pages non disponible,Rang de vente non disponible,Science-Fiction,59.0,,,,
La voleuse de vie,https://www.amazon.fr/voleuse-vie-J-M-Dalgliesh-ebook/dp/B0F7RJMQNW/ref=sr_1_945,"12,99 €",J.M. Dalgliesh,"3,8 sur 5 étoiles, détails de l’évaluation",28,Format Kindle,https://m.media-amazon.com/images/I/71gu7OmL6fL._AC_UY218_.jpg,2025-09-04T18:30:43.121626,Description non disponible depuis la recherche,Stock non disponible,ISBN non disponible,Éditeur non disponible,Date non disponible,Nombre de pages non disponible,Rang de vente non disponible,Science-Fiction,59.0,,,,
"La fille, prise (Un Thriller à Suspense d’Ella Dark, FBI – Livre 2)",https://www.amazon.fr/Fille-prise-suspense-Ella-agente-ebook/dp/B08NW9FNSP/ref=sr_1_946,"2,99 €",Blake Pierce,"4,2 sur 5 étoiles, détails de l’évaluation",955,Format Kindle,https://m.media-amazon.com/images/I/81tw314Y-RS._AC_UY218_.jpg,2025-09-04T18:30:43.124043,Description non disponible depuis la recherche,Stock non disponible,ISBN non disponible,Éditeur non disponible,Date non disponible,Nombre de pages non disponible,Rang de vente non disponible,Science-Fiction,59.0,,,,
Le Soldat désaccordé,https://www.amazon.fr/Soldat-d%C3%A9saccord%C3%A9-Gilles-Marchand/dp/2253243388/ref=sr_1_947,"8,40 €",Gilles Marchand,"4,5 sur 5 étoiles, détails de l’évaluation",474,Poche,https://m.media-amazon.com/images/I/71iqlLg9XcL._AC_UY218_.jpg,2025-09-04T18:30:43.127263,Description non disponible depuis la recherche,Stock non disponible,ISBN non disponible,Éditeur non disponible,Date non disponible,Nombre de pages non disponible,Rang de vente non disponible,Science-Fiction,59.0,,,,
Surface - Nouvelle édition 2025 : Le best-seller d'Olivier Norek à l'origine de la série sur France TV,https://www.amazon.fr/Surface-Nouvelle-best-seller-dOlivier-lorigine/dp/2749962854/ref=sr_1_948,"20,95 €",Olivier Norek,Note non disponible,0 avis,Broché,https://m.media-amazon.com/images/I/61-rMWpDVJL._AC_UY218_.jpg,2025-09-04T18:30:43.129451,Description non disponible depuis la recherche,Stock non disponible,ISBN non disponible,Éditeur non disponible,Date non disponible,Nombre de pages non disponible,Rang de vente non disponible,Science-Fiction,59.0,,,,
Sacrifices (Verhoeven Trilogy t. 3),https://www.amazon.fr/Sacrifices-Verhoeven-Trilogy-t-3-ebook/dp/B009G2TGK8/ref=sr_1_947,"8,49 €",Pierre Lemaitre,"4,3 sur 5 étoiles, détails de l’évaluation",3 755,Format Kindle,https://m.media-amazon.com/images/I/81B7h0W1EtL._AC_UY218_.jpg,2025-09-04T18:30:53.904024,Description non disponible depuis la recherche,Stock non disponible,ISBN non disponible,Éditeur non disponible,Date non disponible,Nombre de pages non disponible,Rang de vente non disponible,Science-Fiction,60.0,,,,
Vengeance Express,https://www.amazon.fr/Vengeance-Express-Riley-Sager-ebook/dp/B0F9T5YJT7/ref=sr_1_948,"15,99 €",Riley Sager,"3,9 sur 5 étoiles, détails de l’évaluation",31,Format Kindle,https://m.media-amazon.com/images/I/81eaOKjI55L._AC_UY218_.jpg,2025-09-04T18:30:53.907276,Description non disponible depuis la recherche,Stock non disponible,ISBN non disponible,Éditeur non disponible,Date non disponible,Nombre de pages non disponible,Rang de vente non disponible,Science-Fiction,60.0,,,,
Agatha Raisin enquête 10 - Panique au manoir: Quand le conte de fées vire au cauchemar...,https://www.amazon.fr/Agatha-Raisin-enqu%C3%AAte-10-cauchemar/dp/2226400346/ref=sr_1_949,"14,90 €",M. C. Beaton,"4,4 sur 5 étoiles, détails de l’évaluation",1 200,Broché,https://m.media-amazon.com/images/I/713v8ShgYVL._AC_UY218_.jpg,2025-09-04T18:30:53.910340,Description non disponible depuis la recherche,Stock non disponible,ISBN non disponible,Éditeur non disponible,Date non disponible,Nombre de pages non disponible,Rang de vente non disponible,Science-Fiction,60.0,,,,
Millénium 7 - La Fille dans les serres de l'aigle,https://www.amazon.fr/Mill%C3%A9nium-Fille-dans-serres-laigle-ebook/dp/B0CD2JS2GC/ref=sr_1_950,"9,49 €",Karin Smirnoff,"3,7 sur 5 étoiles, détails de l’évaluation",1 208,Format Kindle,https://m.media-amazon.com/images/I/81e-gGf2qFL._AC_UY218_.jpg,2025-09-04T18:30:53.913440,Description non disponible depuis la recherche,Stock non disponible,ISBN non disponible,Éditeur non disponible,Date non disponible,Nombre de pages non disponible,Rang de vente non disponible,Science-Fiction,60.0,,,,
Dorohedoro T03: Chaos Edition,https://www.amazon.fr/Dorohedoro-T03-Chaos-Q-Hayashida/dp/2302105362/ref=sr_1_951,"19,99 €",Q Hayashida,"5,0 sur 5 étoiles, détails de l’évaluation",1,Broché,https://m.media-amazon.com/images/I/91BfDHqOxsL._AC_UY218_.jpg,2025-09-04T18:30:53.916029,Description non disponible depuis la recherche,Stock non disponible,ISBN non disponible,Éditeur non disponible,Date non disponible,Nombre de pages non disponible,Rang de vente non disponible,Science-Fiction,60.0,,,,
Les Filles qui mentent,https://www.amazon.fr/Filles-qui-mentent-Bj%C3%B6rg-%C3%86gisd%C3%B3ttir/dp/2757898914/ref=sr_1_952,"9,30 €",Eva Björg Ægisdóttir,"4,2 sur 5 étoiles, détails de l’évaluation",996,Poche,https://m.media-amazon.com/images/I/71wG-MEEM+L._AC_UY218_.jpg,2025-09-04T18:30:53.919522,Description non disponible depuis la recherche,Stock non disponible,ISBN non disponible,Éditeur non disponible,Date non disponible,Nombre de pages non disponible,Rang de vente non disponible,Science-Fiction,60.0,,,,
"Le Cireur: Livre 1 ( Quand la cire recouvre les corps, les secrets refont surface )",https://www.amazon.fr/Cireur-recouvre-secrets-refont-surface/dp/B0FKNBKJFL/ref=sr_1_953,"9,99 €",Ludovic Regnier,"4,8 sur 5 étoiles, détails de l’évaluation",8,Broché,https://m.media-amazon.com/images/I/61hsy8J+kcL._AC_UY218_.jpg,2025-09-04T18:30:53.922084,Description non disponible depuis la recherche,Stock non disponible,ISBN non disponible,Éditeur non disponible,Date non disponible,Nombre de pages non disponible,Rang de vente non disponible,Science-Fiction,60.0,,,,
J'irai tuer pour vous,https://www.amazon.fr/Jirai-tuer-pour-vous/dp/B07M9CCTGK/ref=sr_1_954,"0,00 €",Livres audio Audible,"4,6 sur 5 étoiles, détails de l’évaluation",1 291,Livres audio Audible,https://m.media-amazon.com/images/I/91DmjdoeeqL._AC_UY218_.jpg,2025-09-04T18:30:53.925162,Description non disponible depuis la recherche,Stock non disponible,ISBN non disponible,Éditeur non disponible,Date non disponible,Nombre de pages non disponible,Rang de vente non disponible,Science-Fiction,60.0,,,,
Dans l'antre du diable (Obsession Molotov t. 1),https://www.amazon.fr/Dans-lantre-diable-Obsession-Molotov-ebook/dp/B09FXJK3P5/ref=sr_1_957,"3,50 €",Anna Zaires,"4,5 sur 5 étoiles, détails de l’évaluation",1 812,Format Kindle,https://m.media-amazon.com/images/I/81XBsHN1QTL._AC_UY218_.jpg,2025-09-04T18:30:53.934430,Description non disponible depuis la recherche,Stock non disponible,ISBN non disponible,Éditeur non disponible,Date non disponible,Nombre de pages non disponible,Rang de vente non disponible,Science-Fiction,60.0,,,,
Question d'honneur,https://www.amazon.fr/Question-dhonneur-Radclyffe-ebook/dp/B0FNK4TQPC/ref=sr_1_958,"9,99 €",de Radclyffe | 22 août 2025,"4,8 sur 5 étoiles, détails de l’évaluation",8,Format Kindle,https://m.media-amazon.com/images/I/71aPSLuI2zL._AC_UY218_.jpg,2025-09-04T18:30:53.937427,Description non disponible depuis la recherche,Stock non disponible,ISBN non disponible,Éditeur non disponible,Date non disponible,Nombre de pages non disponible,Rang de vente non disponible,Science-Fiction,60.0,,,,
Du berceau à la tombe (Les enquêtes de Détective Kay Hunter t. 8),https://www.amazon.fr/berceau-tombe-enqu%C3%AAtes-D%C3%A9tective-Hunter-ebook/dp/B0F8963TS5/ref=sr_1_959,"3,99 €",Rachel Amphlett,"4,4 sur 5 étoiles, détails de l’évaluation",131,Format Kindle,https://m.media-amazon.com/images/I/81aTR6JP+4L._AC_UY218_.jpg,2025-09-04T18:30:53.940196,Description non disponible depuis la recherche,Stock non disponible,ISBN non disponible,Éditeur non disponible,Date non disponible,Nombre de pages non disponible,Rang de vente non disponible,Science-Fiction,60.0,,,,
Bestial,https://www.amazon.fr/Bestial-Anouk-Shutterberg/dp/2266334395/ref=sr_1_960,"9,00 €",Anouk Shutterberg,"4,2 sur 5 étoiles, détails de l’évaluation",377,Poche,https://m.media-amazon.com/images/I/61rqFsrKmIL._AC_UY218_.jpg,2025-09-04T18:30:53.944825,Description non disponible depuis la recherche,Stock non disponible,ISBN non disponible,Éditeur non disponible,Date non disponible,Nombre de pages non disponible,Rang de vente non disponible,Science-Fiction,60.0,,,,
L'appel de l'ange,https://www.amazon.fr/Lappel-lange-Guillaume-Musso-ebook/dp/B078R26S3T/ref=sr_1_961,"7,99 €",Guillaume Musso,"4,4 sur 5 étoiles, détails de l’évaluation",6 954,Format Kindle,https://m.media-amazon.com/images/I/81BugUopCdL._AC_UY218_.jpg,2025-09-04T18:30:53.948039,Description non disponible depuis la recherche,Stock non disponible,ISBN non disponible,Éditeur non disponible,Date non disponible,Nombre de pages non disponible,Rang de vente non disponible,Science-Fiction,60.0,,,,
L'Écorchée,https://www.amazon.fr/L%C3%89corch%C3%A9e-Donato-Carrisi/dp/2253179124/ref=sr_1_962,"9,70 €",Donato Carrisi,"4,4 sur 5 étoiles, détails de l’évaluation",1 561,Poche,https://m.media-amazon.com/images/I/81e3yaYcIEL._AC_UY218_.jpg,2025-09-04T18:30:53.951557,Description non disponible depuis la recherche,Stock non disponible,ISBN non disponible,Éditeur non disponible,Date non disponible,Nombre de pages non disponible,Rang de vente non disponible,Science-Fiction,60.0,,,,
Boutons - Tome 3 : Boutons et Peine,https://www.amazon.fr/Boutons-3-Peine-Penelope-Sky/dp/201730641X/ref=sr_1_963,"7,90 €",Penelope Sky,"4,5 sur 5 étoiles, détails de l’évaluation",2,Poche,https://m.media-amazon.com/images/I/71oqXb1ZWRL._AC_UY218_.jpg,2025-09-04T18:30:53.953583,Description non disponible depuis la recherche,Stock non disponible,ISBN non disponible,Éditeur non disponible,Date non disponible,Nombre de pages non disponible,Rang de vente non disponible,Science-Fiction,60.0,,,,
Les Somber Jann: Maniac,https://www.amazon.fr/Somber-Jann-Maniac-Cynthia-Havendean/dp/2898320846/ref=sr_1_964,"22,95 €",Cynthia Havendean,"4,8 sur 5 étoiles, détails de l’évaluation",386,Broché,https://m.media-amazon.com/images/I/61LImXlr51L._AC_UY218_.jpg,2025-09-04T18:30:53.956115,Description non disponible depuis la recherche,Stock non disponible,ISBN non disponible,Éditeur non disponible,Date non disponible,Nombre de pages non disponible,Rang de vente non disponible,Science-Fiction,60.0,,,,
Tremblez ! 10 histoires criminelles vraies et flippantes,https://www.amazon.fr/Tremblez-histoires-criminelles-vraies-flippantes/dp/B0C2Q1NPF1/ref=sr_1_569,"0,00 €",Livres audio Audible,"4,8 sur 5 étoiles, détails de l’évaluation",999,Livres audio Audible,https://m.media-amazon.com/images/I/81VjHGyhndL._AC_UY218_.jpg,2025-09-04T18:29:00.698104,Description non disponible depuis la recherche,Stock non disponible,ISBN non disponible,Éditeur non disponible,Date non disponible,Nombre de pages non disponible,Rang de vente non disponible,Science-Fiction,36.0,,,,
The Tainted Cup: an exceptional fantasy mystery with a classic detective duo (English Edition),https://www.amazon.fr/Tainted-Cup-exceptional-fantasy-detective-ebook/dp/B0CDDMVJ64/ref=sr_1_1123,"4,49 €",Robert Jackson Bennett,"4,6 sur 5 étoiles, détails de l’évaluation",8 117,Format Kindle,https://m.media-amazon.com/images/I/91bc1yoT9EL._AC_UY218_.jpg,2025-09-04T19:16:57.085225,Description non disponible depuis la recherche,Stock non disponible,ISBN non disponible,Éditeur non disponible,Date non disponible,Nombre de pages non disponible,Rang de vente non disponible,Science-Fiction,71.0,,,,
Immortel,https://www.amazon.fr/Immortel-Jos%C3%A9-Rodrigues-dos-Santos/dp/2266316281/ref=sr_1_1124,"10,30 €",José Rodrigues Dos Santos,"4,4 sur 5 étoiles, détails de l’évaluation",1 045,Poche,https://m.media-amazon.com/images/I/61yzwtGYQRL._AC_UY218_.jpg,2025-09-04T19:16:57.088303,Description non disponible depuis la recherche,Stock non disponible,ISBN non disponible,Éditeur non disponible,Date non disponible,Nombre de pages non disponible,Rang de vente non disponible,Science-Fiction,71.0,,,,
Wonderland Avenue : Préface inédite de l'auteur (Harry Bosch t. 8),https://www.amazon.fr/Wonderland-Avenue-Pr%C3%A9face-in%C3%A9dite-lauteur-ebook/dp/B00F0EP2FO/ref=sr_1_1125,"11,99 €",Michael Connelly,"4,4 sur 5 étoiles, détails de l’évaluation",1 157,Format Kindle,https://m.media-amazon.com/images/I/81KmEw+9oDL._AC_UY218_.jpg,2025-09-04T19:16:57.090877,Description non disponible depuis la recherche,Stock non disponible,ISBN non disponible,Éditeur non disponible,Date non disponible,Nombre de pages non disponible,Rang de vente non disponible,Science-Fiction,71.0,,,,
Le village blessé: Une enquête de Nazer Baron - Tome 28,https://www.amazon.fr/village-bless%C3%A9-enqu%C3%AAte-Nazer-Baron-ebook/dp/B0FNBP55B8/ref=sr_1_1126,"6,99 €",Hervé Huguen,Note non disponible,0 avis,Format Kindle,https://m.media-amazon.com/images/I/81NkvK-YBzL._AC_UY218_.jpg,2025-09-04T19:16:57.093465,Description non disponible depuis la recherche,Stock non disponible,ISBN non disponible,Éditeur non disponible,Date non disponible,Nombre de pages non disponible,Rang de vente non disponible,Science-Fiction,71.0,,,,
L'affaire Eleanor Ferguson,https://www.amazon.fr/Laffaire-Eleanor-Ferguson-Manon-Charlotte-ebook/dp/B0BGYB85JV/ref=sr_1_1127,"12,99 €",Manon Charlotte,"4,2 sur 5 étoiles, détails de l’évaluation",4 284,Format Kindle,https://m.media-amazon.com/images/I/715g-sGwmmL._AC_UY218_.jpg,2025-09-04T19:16:57.095571,Description non disponible depuis la recherche,Stock non disponible,ISBN non disponible,Éditeur non disponible,Date non disponible,Nombre de pages non disponible,Rang de vente non disponible,Science-Fiction,71.0,,,,
Le Chalet: le best-seller hivernal selon le Sunday Times,https://www.amazon.fr/Chalet-best-seller-hivernal-selon-Sunday/dp/B0C7TW39DF/ref=sr_1_1128,"8,95 €",Catherine Cooper,"4,2 sur 5 étoiles, détails de l’évaluation",182,Poche,https://m.media-amazon.com/images/I/71518DnbQeL._AC_UY218_.jpg,2025-09-04T19:16:57.098950,Description non disponible depuis la recherche,Stock non disponible,ISBN non disponible,Éditeur non disponible,Date non disponible,Nombre de pages non disponible,Rang de vente non disponible,Science-Fiction,71.0,,,,
L'Heure bleue,https://www.amazon.fr/LHeure-bleue-nouveaut%C3%A9-best-seller-thriller-ebook/dp/B0CW1M5HG5/ref=sr_1_1129,"14,99 €","de Paula Hawkins, Pierre Szczeciner, et al. | 10 octobre 2024","3,7 sur 5 étoiles, détails de l’évaluation",278,Format Kindle,https://m.media-amazon.com/images/I/61J02iDatqL._AC_UY218_.jpg,2025-09-04T19:16:57.103454,Description non disponible depuis la recherche,Stock non disponible,ISBN non disponible,Éditeur non disponible,Date non disponible,Nombre de pages non disponible,Rang de vente non disponible,Science-Fiction,71.0,,,,
Retrouve-moi si tu peux (Hauteville Suspense),https://www.amazon.fr/Retrouve-moi-si-peux-S-K-Barnett-ebook/dp/B08QDRSBRS/ref=sr_1_1130,"5,99 €",S.K. Barnett,"4,2 sur 5 étoiles, détails de l’évaluation",581,Format Kindle,https://m.media-amazon.com/images/I/81PtlolXKYL._AC_UY218_.jpg,2025-09-04T19:16:57.106641,Description non disponible depuis la recherche,Stock non disponible,ISBN non disponible,Éditeur non disponible,Date non disponible,Nombre de pages non disponible,Rang de vente non disponible,Science-Fiction,71.0,,,,
"Histoire du 1er RPIMa, le régiment d'exception des forces spéciales",https://www.amazon.fr/Histoire-r%C3%A9giment-dexception-forces-sp%C3%A9ciales/dp/2372544098/ref=sr_1_1133,"22,00 €",Rémi Bernier,"4,2 sur 5 étoiles, détails de l’évaluation",20,Broché,https://m.media-amazon.com/images/I/61aquCjgO7L._AC_UY218_.jpg,2025-09-04T19:16:57.115074,Description non disponible depuis la recherche,Stock non disponible,ISBN non disponible,Éditeur non disponible,Date non disponible,Nombre de pages non disponible,Rang de vente non disponible,Science-Fiction,71.0,,,,
RÉGEAUCOURT: La nuit du Diable,https://www.amazon.fr/R%C3%89GEAUCOURT-nuit-Diable-No%C3%ABl-VARLET/dp/B0FNX7DCLM/ref=sr_1_1134,"9,86 €",de Noël VARLET et Sylvie VARLET | 25 août 2025,"5,0 sur 5 étoiles, détails de l’évaluation",1,Broché,https://m.media-amazon.com/images/I/51qYhRcU79L._AC_UY218_.jpg,2025-09-04T19:16:57.118434,Description non disponible depuis la recherche,Stock non disponible,ISBN non disponible,Éditeur non disponible,Date non disponible,Nombre de pages non disponible,Rang de vente non disponible,Science-Fiction,71.0,,,,
Sou Bou Tei T08,https://www.amazon.fr/Sou-Bou-Tei-Kazuhiro-Fujita/dp/2382818255/ref=sr_1_1135,"9,95 €",de Kazuhiro Fujita et Arnaud Takashashi | 20 août 2025,Note non disponible,0 avis,Broché,https://m.media-amazon.com/images/I/81kxr5k4lTL._AC_UY218_.jpg,2025-09-04T19:16:57.120893,Description non disponible depuis la recherche,Stock non disponible,ISBN non disponible,Éditeur non disponible,Date non disponible,Nombre de pages non disponible,Rang de vente non disponible,Science-Fiction,71.0,,,,
Meurtres et Carrot Cake: Les Enquêtes d'Hannah Swensen 9,https://www.amazon.fr/Meurtres-Carrot-Cake-Enqu%C3%AAtes-dHannah/dp/B0CHFZQM86/ref=sr_1_1136,"0,00 €",Livres audio Audible,"4,5 sur 5 étoiles, détails de l’évaluation",297,Livres audio Audible,https://m.media-amazon.com/images/I/81RYW1BZ-SL._AC_UY218_.jpg,2025-09-04T19:16:57.124054,Description non disponible depuis la recherche,Stock non disponible,ISBN non disponible,Éditeur non disponible,Date non disponible,Nombre de pages non disponible,Rang de vente non disponible,Science-Fiction,71.0,,,,
L'hiver du monde: Le siècle 2,https://www.amazon.fr/Lhiver-du-monde-si%C3%A8cle-2/dp/B01HEMYPSO/ref=sr_1_1137,"0,00 €",Livres audio Audible,"4,5 sur 5 étoiles, détails de l’évaluation",3 805,Livres audio Audible,https://m.media-amazon.com/images/I/71XGsiUHF7L._AC_UY218_.jpg,2025-09-04T19:16:57.127000,Description non disponible depuis la recherche,Stock non disponible,ISBN non disponible,Éditeur non disponible,Date non disponible,Nombre de pages non disponible,Rang de vente non disponible,Science-Fiction,71.0,,,,
The Road: Pulitzer Prize Winner,https://www.amazon.fr/Road-Cormac-McCarthy/dp/0307387895/ref=sr_1_1138,"11,88 €",Cormac McCarthy,"4,4 sur 5 étoiles, détails de l’évaluation",32 155,Broché,https://m.media-amazon.com/images/I/51M7XGLQTBL._AC_UY218_.jpg,2025-09-04T19:16:57.130535,Description non disponible depuis la recherche,Stock non disponible,ISBN non disponible,Éditeur non disponible,Date non disponible,Nombre de pages non disponible,Rang de vente non disponible,Science-Fiction,71.0,,,,
D'ombre et de silence,https://www.amazon.fr/Dombre-silence-Karine-GIEBEL/dp/226628715X/ref=sr_1_1139,"8,10 €",Karine Giebel,"4,3 sur 5 étoiles, détails de l’évaluation",635,Poche,https://m.media-amazon.com/images/I/51QSCOvOyqL._AC_UY218_.jpg,2025-09-04T19:16:57.133938,Description non disponible depuis la recherche,Stock non disponible,ISBN non disponible,Éditeur non disponible,Date non disponible,Nombre de pages non disponible,Rang de vente non disponible,Science-Fiction,71.0,,,,
Je suis tout près de toi (Suspense),https://www.amazon.fr/Je-suis-tout-pr%C3%A8s-toi-ebook/dp/B0CW16LWD1/ref=sr_1_1140,"7,99 €",Jaime Lynn Hendricks,"4,2 sur 5 étoiles, détails de l’évaluation",73,Format Kindle,https://m.media-amazon.com/images/I/81CmxWXAK5L._AC_UY218_.jpg,2025-09-04T19:16:57.137096,Description non disponible depuis la recherche,Stock non disponible,ISBN non disponible,Éditeur non disponible,Date non disponible,Nombre de pages non disponible,Rang de vente non disponible,Science-Fiction,71.0,,,,
Drame de pique,https://www.amazon.fr/Drame-pique-Sophie-H%C3%A9naff/dp/2253249491/ref=sr_1_1139,"8,90 €",Sophie Hénaff,"4,6 sur 5 étoiles, détails de l’évaluation",439,Poche,https://m.media-amazon.com/images/I/81RIPK4zKzL._AC_UY218_.jpg,2025-09-04T19:17:09.013273,Description non disponible depuis la recherche,Stock non disponible,ISBN non disponible,Éditeur non disponible,Date non disponible,Nombre de pages non disponible,Rang de vente non disponible,Science-Fiction,72.0,,,,
Rosy & John,https://www.amazon.fr/Rosy-John-Pierre-Lemaitre/dp/2253175951/ref=sr_1_1140,"7,20 €",Pierre Lemaitre,"4,2 sur 5 étoiles, détails de l’évaluation",3 152,Poche,https://m.media-amazon.com/images/I/81xZvmVvS2L._AC_UY218_.jpg,2025-09-04T19:17:09.015750,Description non disponible depuis la recherche,Stock non disponible,ISBN non disponible,Éditeur non disponible,Date non disponible,Nombre de pages non disponible,Rang de vente non disponible,Science-Fiction,72.0,,,,
L'Écho des ruines,https://www.amazon.fr/L%C3%89cho-ruines-Harald-Gilbers/dp/2702190863/ref=sr_1_1141,"22,90 €",Harald Gilbers,"4,3 sur 5 étoiles, détails de l’évaluation",29,Broché,https://m.media-amazon.com/images/I/81q9Rqz+EAL._AC_UY218_.jpg,2025-09-04T19:17:09.018417,Description non disponible depuis la recherche,Stock non disponible,ISBN non disponible,Éditeur non disponible,Date non disponible,Nombre de pages non disponible,Rang de vente non disponible,Science-Fiction,72.0,,,,
Sous le ciel brisé 7: Thriller d'horreur apocalyptique,https://www.amazon.fr/Sous-ciel-bris%C3%A9-Thriller-apocalyptique/dp/B0F1CHVH44/ref=sr_1_1142,"15,81 €",Nick Clausen,"4,6 sur 5 étoiles, détails de l’évaluation",118,Broché,https://m.media-amazon.com/images/I/7181doPwCLL._AC_UY218_.jpg,2025-09-04T19:17:09.020594,Description non disponible depuis la recherche,Stock non disponible,ISBN non disponible,Éditeur non disponible,Date non disponible,Nombre de pages non disponible,Rang de vente non disponible,Science-Fiction,72.0,,,,
Jeu de peaux,https://www.amazon.fr/Jeu-peaux-Anouk-Shutterberg/dp/2266322877/ref=sr_1_1143,"8,70 €",Anouk Shutterberg,"4,2 sur 5 étoiles, détails de l’évaluation",248,Poche,https://m.media-amazon.com/images/I/61wEORlgyWL._AC_UY218_.jpg,2025-09-04T19:17:09.024134,Description non disponible depuis la recherche,Stock non disponible,ISBN non disponible,Éditeur non disponible,Date non disponible,Nombre de pages non disponible,Rang de vente non disponible,Science-Fiction,72.0,,,,
L'Instant présent,https://www.amazon.fr/LInstant-pr%C3%A9sent-Guillaume-MUSSO/dp/2266276298/ref=sr_1_1144,"9,30 €",Guillaume Musso,"4,1 sur 5 étoiles, détails de l’évaluation",9 196,Poche,https://m.media-amazon.com/images/I/61cqz6cEPlL._AC_UY218_.jpg,2025-09-04T19:17:09.027106,Description non disponible depuis la recherche,Stock non disponible,ISBN non disponible,Éditeur non disponible,Date non disponible,Nombre de pages non disponible,Rang de vente non disponible,Science-Fiction,72.0,,,,
Le jour où l'OTAN a frappé: Roman d'espionnage,https://www.amazon.fr/jour-o%C3%B9-lOTAN-frapp%C3%A9-despionnage/dp/2940515964/ref=sr_1_1145,"26,00 €",de Max Lyskam | 26 juin 2025,"5,0 sur 5 étoiles, détails de l’évaluation",4,Broché,https://m.media-amazon.com/images/I/61cPud0U64L._AC_UY218_.jpg,2025-09-04T19:17:09.029527,Description non disponible depuis la recherche,Stock non disponible,ISBN non disponible,Éditeur non disponible,Date non disponible,Nombre de pages non disponible,Rang de vente non disponible,Science-Fiction,72.0,,,,
Plongée,https://www.amazon.fr/Plong%C3%A9e-T-J-Newman-ebook/dp/B0CWSBQJM9/ref=sr_1_1146,"12,99 €",T. J. Newman,"4,2 sur 5 étoiles, détails de l’évaluation",43,Format Kindle,https://m.media-amazon.com/images/I/81Vv3oJEv9L._AC_UY218_.jpg,2025-09-04T19:17:09.032770,Description non disponible depuis la recherche,Stock non disponible,ISBN non disponible,Éditeur non disponible,Date non disponible,Nombre de pages non disponible,Rang de vente non disponible,Science-Fiction,72.0,,,,
La Breizh Brigade - Tome 1: Bienvenue chez les Corrigan !,https://www.amazon.fr/Breizh-brigade-Bienvenue-chez-Corrigan/dp/B0D16RL974/ref=sr_1_1149,"8,95 €",Mo Malø,"3,9 sur 5 étoiles, détails de l’évaluation",194,Poche,https://m.media-amazon.com/images/I/41JiJ8GdlEL._AC_UY218_.jpg,2025-09-04T19:17:09.042077,Description non disponible depuis la recherche,Stock non disponible,ISBN non disponible,Éditeur non disponible,Date non disponible,Nombre de pages non disponible,Rang de vente non disponible,Science-Fiction,72.0,,,,
Filles de la mer,https://www.amazon.fr/Filles-mer-Mary-Lynn-BRACHT/dp/2266287540/ref=sr_1_1150,"9,00 €",Mary-Lynn Bracht,"4,6 sur 5 étoiles, détails de l’évaluation",1 041,Poche,https://m.media-amazon.com/images/I/61OTCCZHMjL._AC_UY218_.jpg,2025-09-04T19:17:09.045539,Description non disponible depuis la recherche,Stock non disponible,ISBN non disponible,Éditeur non disponible,Date non disponible,Nombre de pages non disponible,Rang de vente non disponible,Science-Fiction,72.0,,,,
L'homme aux cercles bleus: Commissaire Adamsberg 1,https://www.amazon.fr/Lhomme-aux-cercles-bleus-Commissaire/dp/B01CUYF6L6/ref=sr_1_1151,"0,00 €",Livres audio Audible,"4,2 sur 5 étoiles, détails de l’évaluation",1 732,Livres audio Audible,https://m.media-amazon.com/images/I/81kgOA2IJUL._AC_UY218_.jpg,2025-09-04T19:17:09.048584,Description non disponible depuis la recherche,Stock non disponible,ISBN non disponible,Éditeur non disponible,Date non disponible,Nombre de pages non disponible,Rang de vente non disponible,Science-Fiction,72.0,,,,
Le Palace,https://www.amazon.fr/Palace-Oc%C3%A9ane-Sukali/dp/2700286278/ref=sr_1_1152,"19,90 €",de Océane Sukali | 13 août 2025,"4,0 sur 5 étoiles, détails de l’évaluation",2,Broché,https://m.media-amazon.com/images/I/71HoB742wXL._AC_UY218_.jpg,2025-09-04T19:17:09.051926,Description non disponible depuis la recherche,Stock non disponible,ISBN non disponible,Éditeur non disponible,Date non disponible,Nombre de pages non disponible,Rang de vente non disponible,Science-Fiction,72.0,,,,
La Passion du crime: Athelstan #23,https://www.amazon.fr/Passion-crime-Athelstan-23/dp/2264085029/ref=sr_1_1153,"9,20 €",Paul Doherty,"4,7 sur 5 étoiles, détails de l’évaluation",55,Poche,https://m.media-amazon.com/images/I/61EJfos50+L._AC_UY218_.jpg,2025-09-04T19:17:09.054363,Description non disponible depuis la recherche,Stock non disponible,ISBN non disponible,Éditeur non disponible,Date non disponible,Nombre de pages non disponible,Rang de vente non disponible,Science-Fiction,72.0,,,,
Le Nouveau,https://www.amazon.fr/Nouveau-Keigo-Higashino/dp/2330176449/ref=sr_1_1154,"9,40 €",de Keigo Higashino et Sophie Refle | 5 avril 2023,"4,2 sur 5 étoiles, détails de l’évaluation",283,Poche,https://m.media-amazon.com/images/I/61978hnL7BL._AC_UY218_.jpg,2025-09-04T19:17:09.058615,Description non disponible depuis la recherche,Stock non disponible,ISBN non disponible,Éditeur non disponible,Date non disponible,Nombre de pages non disponible,Rang de vente non disponible,Science-Fiction,72.0,,,,
Mamie gangster,https://www.amazon.fr/Mamie-gangster-David-Walliams/dp/2226247203/ref=sr_1_1155,"14,90 €",David Walliams,"4,6 sur 5 étoiles, détails de l’évaluation",434,Broché,https://m.media-amazon.com/images/I/81-EKJUCAHL._AC_UY218_.jpg,2025-09-04T19:17:09.061471,Description non disponible depuis la recherche,Stock non disponible,ISBN non disponible,Éditeur non disponible,Date non disponible,Nombre de pages non disponible,Rang de vente non disponible,Science-Fiction,72.0,,,,
Attirance criminelle - Tome 1,https://www.amazon.fr/Attirance-criminelle-1-Jenn-Guerrieri/dp/2755679158/ref=sr_1_1156,"8,90 €",Jenn Guerrieri,"4,5 sur 5 étoiles, détails de l’évaluation",896,Poche,https://m.media-amazon.com/images/I/81b0uD0YdDL._AC_UY218_.jpg,2025-09-04T19:17:09.064347,Description non disponible depuis la recherche,Stock non disponible,ISBN non disponible,Éditeur non disponible,Date non disponible,Nombre de pages non disponible,Rang de vente non disponible,Science-Fiction,72.0,,,,
House of Leaves: The Remastered Full-Color Edition,https://www.amazon.fr/House-Leaves-Remastered-Mark-Danielewski/dp/0375703764/ref=sr_1_1155,"26,30 €",Mark Z. Danielewski,"4,6 sur 5 étoiles, détails de l’évaluation",12 536,Broché,https://m.media-amazon.com/images/I/711hUvzvB7L._AC_UY218_.jpg,2025-09-04T19:17:20.530306,Description non disponible depuis la recherche,Stock non disponible,ISBN non disponible,Éditeur non disponible,Date non disponible,Nombre de pages non disponible,Rang de vente non disponible,Science-Fiction,73.0,,,,
Les derniers vestiges (Les enquêtes de Détective Kay Hunter t. 6),https://www.amazon.fr/derniers-vestiges-enqu%C3%AAtes-D%C3%A9tective-Hunter-ebook/dp/B0F4PWT4K4/ref=sr_1_1156,"3,99 €",Rachel Amphlett,"4,3 sur 5 étoiles, détails de l’évaluation",176,Format Kindle,https://m.media-amazon.com/images/I/81LfC1EEBIL._AC_UY218_.jpg,2025-09-04T19:17:20.532880,Description non disponible depuis la recherche,Stock non disponible,ISBN non disponible,Éditeur non disponible,Date non disponible,Nombre de pages non disponible,Rang de vente non disponible,Science-Fiction,73.0,,,,
Alex Rider - Tome 1 - Stormbreaker (Coll.Réf.) - Version sans jaquette,https://www.amazon.fr/Alex-Rider-Stormbreaker-Coll-R%C3%A9f-jaquette/dp/2017027995/ref=sr_1_1157,"5,90 €","de Anthony Horowitz, Phil Schramm, et al. | 27 septembre 2017","4,6 sur 5 étoiles, détails de l’évaluation",199,Poche,https://m.media-amazon.com/images/I/81FGtrLrh9L._AC_UY218_.jpg,2025-09-04T19:17:20.535567,Description non disponible depuis la recherche,Stock non disponible,ISBN non disponible,Éditeur non disponible,Date non disponible,Nombre de pages non disponible,Rang de vente non disponible,Science-Fiction,73.0,,,,
Stone Mattress: Nine Wicked Tales (English Edition),https://www.amazon.fr/Stone-Mattress-Wicked-Tales-English-ebook/dp/B00TONT9V0/ref=sr_1_1158,"3,99 €",Margaret Atwood,"4,1 sur 5 étoiles, détails de l’évaluation",3 251,Format Kindle,https://m.media-amazon.com/images/I/71jXrZrd5zL._AC_UY218_.jpg,2025-09-04T19:17:20.539373,Description non disponible depuis la recherche,Stock non disponible,ISBN non disponible,Éditeur non disponible,Date non disponible,Nombre de pages non disponible,Rang de vente non disponible,Science-Fiction,73.0,,,,
Et que quelqu'un vous tende la main : Roman feel-good – Nouveauté Poche 2023,https://www.amazon.fr/que-quelquun-vous-tende-main/dp/2266332309/ref=sr_1_1159,"8,70 €",Carène Ponte,"4,5 sur 5 étoiles, détails de l’évaluation",1 805,Poche,https://m.media-amazon.com/images/I/61gjP4GifgL._AC_UY218_.jpg,2025-09-04T19:17:20.542890,Description non disponible depuis la recherche,Stock non disponible,ISBN non disponible,Éditeur non disponible,Date non disponible,Nombre de pages non disponible,Rang de vente non disponible,Science-Fiction,73.0,,,,
Islander - Tome 01,https://www.amazon.fr/Islander-01-Caryl-F%C3%A9rey/dp/2344043047/ref=sr_1_1160,"26,00 €",Caryl Férey,"4,2 sur 5 étoiles, détails de l’évaluation",18,Relié,https://m.media-amazon.com/images/I/812uc3wWtRL._AC_UY218_.jpg,2025-09-04T19:17:20.545431,Description non disponible depuis la recherche,Stock non disponible,ISBN non disponible,Éditeur non disponible,Date non disponible,Nombre de pages non disponible,Rang de vente non disponible,Science-Fiction,73.0,,,,
A Slowly Dying Cause: A Lynley Novel (English Edition),https://www.amazon.fr/Slowly-Dying-Cause-Lynley-English-ebook/dp/B0DRBJ9Y3L/ref=sr_1_1161,"10,99 €",Elizabeth George,Note non disponible,0 avis,Format Kindle,https://m.media-amazon.com/images/I/914jAcAFjVL._AC_UY218_.jpg,2025-09-04T19:17:20.549378,Description non disponible depuis la recherche,Stock non disponible,ISBN non disponible,Éditeur non disponible,Date non disponible,Nombre de pages non disponible,Rang de vente non disponible,Science-Fiction,73.0,,,,
Les oiseaux se cachent pour mourir,https://www.amazon.fr/oiseaux-cachent-pour-mourir/dp/2266211242/ref=sr_1_1162,"12,10 €",Colleen McCullough,"4,5 sur 5 étoiles, détails de l’évaluation",544,Poche,https://m.media-amazon.com/images/I/61H25WyZTLL._AC_UY218_.jpg,2025-09-04T19:17:20.552543,Description non disponible depuis la recherche,Stock non disponible,ISBN non disponible,Éditeur non disponible,Date non disponible,Nombre de pages non disponible,Rang de vente non disponible,Science-Fiction,73.0,,,,
Tremblez ! Crimes au Japon: 8 histoires criminelles vraies et flippantes au pays du soleil levant,https://www.amazon.fr/Tremblez-Crimes-Japon-criminelles-flippantes/dp/B0DWTDX34B/ref=sr_1_1165,"0,00 €",Livres audio Audible,"4,8 sur 5 étoiles, détails de l’évaluation",209,Livres audio Audible,https://m.media-amazon.com/images/I/91koqvSbowL._AC_UY218_.jpg,2025-09-04T19:17:20.562458,Description non disponible depuis la recherche,Stock non disponible,ISBN non disponible,Éditeur non disponible,Date non disponible,Nombre de pages non disponible,Rang de vente non disponible,Science-Fiction,73.0,,,,
Les Sept châtiments,https://www.amazon.fr/Sept-ch%C3%A2timents-Jordi-Llobregat/dp/2266326163/ref=sr_1_1166,"9,90 €",Jordi Llobregat,"4,4 sur 5 étoiles, détails de l’évaluation",324,Poche,https://m.media-amazon.com/images/I/71E+2j828NL._AC_UY218_.jpg,2025-09-04T19:17:20.566314,Description non disponible depuis la recherche,Stock non disponible,ISBN non disponible,Éditeur non disponible,Date non disponible,Nombre de pages non disponible,Rang de vente non disponible,Science-Fiction,73.0,,,,
Roches de sang,https://www.amazon.fr/Roches-sang-Olivier-Bal-ebook/dp/B0BZDFDJN5/ref=sr_1_1167,"8,99 €",Olivier Bal,"4,5 sur 5 étoiles, détails de l’évaluation",696,Format Kindle,https://m.media-amazon.com/images/I/81EEHXddc9L._AC_UY218_.jpg,2025-09-04T19:17:20.569813,Description non disponible depuis la recherche,Stock non disponible,ISBN non disponible,Éditeur non disponible,Date non disponible,Nombre de pages non disponible,Rang de vente non disponible,Science-Fiction,73.0,,,,
De si bons voisins,https://www.amazon.fr/Audible-De-si-bons-voisins/dp/B0FFGLSH18/ref=sr_1_1168,"0,00 €",Livres audio Audible,"4,3 sur 5 étoiles, détails de l’évaluation",206,Livres audio Audible,https://m.media-amazon.com/images/I/717OKiB6SzL._AC_UY218_.jpg,2025-09-04T19:17:20.572949,Description non disponible depuis la recherche,Stock non disponible,ISBN non disponible,Éditeur non disponible,Date non disponible,Nombre de pages non disponible,Rang de vente non disponible,Science-Fiction,73.0,,,,
Meurtres et pudding de Noël: Les enquêtes d'Hannah Swensen 11,https://www.amazon.fr/Meurtres-pudding-No%C3%ABl-enqu%C3%AAtes-dHannah/dp/B0DNRCP95P/ref=sr_1_1169,"0,00 €",Livres audio Audible,"4,4 sur 5 étoiles, détails de l’évaluation",197,Livres audio Audible,https://m.media-amazon.com/images/I/81siontqN0L._AC_UY218_.jpg,2025-09-04T19:17:20.576107,Description non disponible depuis la recherche,Stock non disponible,ISBN non disponible,Éditeur non disponible,Date non disponible,Nombre de pages non disponible,Rang de vente non disponible,Science-Fiction,73.0,,,,
Twisted (Never After t. 1),https://www.amazon.fr/Twisted-Never-After-t-1-ebook/dp/B0FJFFN2CV/ref=sr_1_1170,"6,99 €",Emily Mcintire,Note non disponible,0 avis,Format Kindle,https://m.media-amazon.com/images/I/81F98Cx5suL._AC_UY218_.jpg,2025-09-04T19:17:20.578714,Description non disponible depuis la recherche,Stock non disponible,ISBN non disponible,Éditeur non disponible,Date non disponible,Nombre de pages non disponible,Rang de vente non disponible,Science-Fiction,73.0,,,,
In Tenebris,https://www.amazon.fr/Tenebris-Maxime-Chattam-ebook/dp/B0F3JY8W13/ref=sr_1_1171,"8,99 €",Maxime Chattam,"4,6 sur 5 étoiles, détails de l’évaluation",31,Format Kindle,https://m.media-amazon.com/images/I/61kaKfjej8L._AC_UY218_.jpg,2025-09-04T19:17:20.580490,Description non disponible depuis la recherche,Stock non disponible,ISBN non disponible,Éditeur non disponible,Date non disponible,Nombre de pages non disponible,Rang de vente non disponible,Science-Fiction,73.0,,,,
L'Oiseau des ténèbres (Harry Bosch t. 7),https://www.amazon.fr/LOiseau-t%C3%A9n%C3%A8bres-Harry-Bosch-t-ebook/dp/B007UOTXRU/ref=sr_1_1172,"7,99 €",Michael Connelly,"4,3 sur 5 étoiles, détails de l’évaluation",2 061,Format Kindle,https://m.media-amazon.com/images/I/71KrUgmUqlL._AC_UY218_.jpg,2025-09-04T19:17:20.583799,Description non disponible depuis la recherche,Stock non disponible,ISBN non disponible,Éditeur non disponible,Date non disponible,Nombre de pages non disponible,Rang de vente non disponible,Science-Fiction,73.0,,,,
Une enquête d'Emily Roy et Alexis Castells : Mör,https://www.amazon.fr/Une-enqu%C3%AAte-dEmily-Alexis-Castells/dp/B089M54THY/ref=sr_1_1171,"8,95 €",Johana Gustawsson,"4,3 sur 5 étoiles, détails de l’évaluation",1 226,Poche,https://m.media-amazon.com/images/I/81WbXmCp8BL._AC_UY218_.jpg,2025-09-04T19:17:32.721484,Description non disponible depuis la recherche,Stock non disponible,ISBN non disponible,Éditeur non disponible,Date non disponible,Nombre de pages non disponible,Rang de vente non disponible,Science-Fiction,74.0,,,,
L'Illusion,https://www.amazon.fr/LIllusion-Maxime-Chattam/dp/2266311263/ref=sr_1_1172,"9,90 €",Maxime Chattam,"4,2 sur 5 étoiles, détails de l’évaluation",3 512,Poche,https://m.media-amazon.com/images/I/71wQhdsNDEL._AC_UY218_.jpg,2025-09-04T19:17:32.724750,Description non disponible depuis la recherche,Stock non disponible,ISBN non disponible,Éditeur non disponible,Date non disponible,Nombre de pages non disponible,Rang de vente non disponible,Science-Fiction,74.0,,,,
À coeurs perdus : Enquête sur la prostitution des mineures,https://www.amazon.fr/coeurs-perdus-Enqu%C3%AAte-prostitution-mineures/dp/2372543970/ref=sr_1_1173,"21,00 €",Claude Ardid,"4,3 sur 5 étoiles, détails de l’évaluation",35,Broché,https://m.media-amazon.com/images/I/61gU0gkCUNL._AC_UY218_.jpg,2025-09-04T19:17:32.727651,Description non disponible depuis la recherche,Stock non disponible,ISBN non disponible,Éditeur non disponible,Date non disponible,Nombre de pages non disponible,Rang de vente non disponible,Science-Fiction,74.0,,,,
Un secret mortel (Les enquêtes de Détective Kay Hunter t. 11),https://www.amazon.fr/secret-mortel-enqu%C3%AAtes-D%C3%A9tective-Hunter-ebook/dp/B0F9LQDXZK/ref=sr_1_1174,"3,99 €",Rachel Amphlett,"4,4 sur 5 étoiles, détails de l’évaluation",63,Format Kindle,https://m.media-amazon.com/images/I/71VkyK2--9L._AC_UY218_.jpg,2025-09-04T19:17:32.729828,Description non disponible depuis la recherche,Stock non disponible,ISBN non disponible,Éditeur non disponible,Date non disponible,Nombre de pages non disponible,Rang de vente non disponible,Science-Fiction,74.0,,,,
La Diagonale des reines,https://www.amazon.fr/Diagonale-reines-Bernard-Werber/dp/2253244562/ref=sr_1_1175,"9,70 €",Bernard Werber,"4,4 sur 5 étoiles, détails de l’évaluation",1 112,Poche,https://m.media-amazon.com/images/I/51rGOzivgrL._AC_UY218_.jpg,2025-09-04T19:17:32.734057,Description non disponible depuis la recherche,Stock non disponible,ISBN non disponible,Éditeur non disponible,Date non disponible,Nombre de pages non disponible,Rang de vente non disponible,Science-Fiction,74.0,,,,
"Duel - Deux cars scolaires qui disparaissent, un thriller au sommet par la nouvelle voix du genre",https://www.amazon.fr/Duel-scolaires-disparaissent-thriller-nouvelle/dp/2266348051/ref=sr_1_1176,"9,30 €",Frank Leduc,"4,4 sur 5 étoiles, détails de l’évaluation",229,Poche,https://m.media-amazon.com/images/I/71fQW7BXLtL._AC_UY218_.jpg,2025-09-04T19:17:32.737316,Description non disponible depuis la recherche,Stock non disponible,ISBN non disponible,Éditeur non disponible,Date non disponible,Nombre de pages non disponible,Rang de vente non disponible,Science-Fiction,74.0,,,,
L'Inuite,https://www.amazon.fr/LInuite-Mo-Mal%C3%B8/dp/B0DWS72LYW/ref=sr_1_1177,"9,90 €",Mo Malø,"4,2 sur 5 étoiles, détails de l’évaluation",145,Poche,https://m.media-amazon.com/images/I/41Y2Gse8dPL._AC_UY218_.jpg,2025-09-04T19:17:32.741539,Description non disponible depuis la recherche,Stock non disponible,ISBN non disponible,Éditeur non disponible,Date non disponible,Nombre de pages non disponible,Rang de vente non disponible,Science-Fiction,74.0,,,,
Mère (La famille t. 2),https://www.amazon.fr/Me%CC%80re-famille-t-Jack-Stainton-ebook/dp/B0FLLND4R7/ref=sr_1_1178,"13,70 €",Jack Stainton,"4,2 sur 5 étoiles, détails de l’évaluation",22,Format Kindle,https://m.media-amazon.com/images/I/81ib06qSnJL._AC_UY218_.jpg,2025-09-04T19:17:32.743610,Description non disponible depuis la recherche,Stock non disponible,ISBN non disponible,Éditeur non disponible,Date non disponible,Nombre de pages non disponible,Rang de vente non disponible,Science-Fiction,74.0,,,,
Les Détectives du Yorkshire - Édition collector - Tomes 1 & 2,https://www.amazon.fr/D%C3%A9tectives-Yorkshire-%C3%89dition-collector-Tomes/dp/2221269268/ref=sr_1_1181,"20,00 €",Julia Chapman,"4,8 sur 5 étoiles, détails de l’évaluation",27,Broché,https://m.media-amazon.com/images/I/71G7Mv46-wL._AC_UY218_.jpg,2025-09-04T19:17:32.752308,Description non disponible depuis la recherche,Stock non disponible,ISBN non disponible,Éditeur non disponible,Date non disponible,Nombre de pages non disponible,Rang de vente non disponible,Science-Fiction,74.0,,,,
Les Dames de Marlow enquêtent - vol. 3: Poison en huis clos,https://www.amazon.fr/Dames-Marlow-enqu%C3%AAtent-vol-Poison-ebook/dp/B0CJLY6WSP/ref=sr_1_1182,"7,99 €",Robert Thorogood,"4,5 sur 5 étoiles, détails de l’évaluation",236,Format Kindle,https://m.media-amazon.com/images/I/81IMQ5zAFAL._AC_UY218_.jpg,2025-09-04T19:17:32.755485,Description non disponible depuis la recherche,Stock non disponible,ISBN non disponible,Éditeur non disponible,Date non disponible,Nombre de pages non disponible,Rang de vente non disponible,Science-Fiction,74.0,,,,
"L'inconnue: livre lesbien, romance lesbienne",https://www.amazon.fr/Linconnue-livre-lesbien-romance-lesbienne-ebook/dp/B0FC91FGTC/ref=sr_1_1183,"9,99 €",de Juline | 6 juin 2025,"4,6 sur 5 étoiles, détails de l’évaluation",75,Format Kindle,https://m.media-amazon.com/images/I/61GCI1BJKPL._AC_UY218_.jpg,2025-09-04T19:17:32.757503,Description non disponible depuis la recherche,Stock non disponible,ISBN non disponible,Éditeur non disponible,Date non disponible,Nombre de pages non disponible,Rang de vente non disponible,Science-Fiction,74.0,,,,
N'avoue jamais,https://www.amazon.fr/Navoue-jamais-Lisa-Gardner/dp/2253249432/ref=sr_1_1184,"9,70 €",Lisa Gardner,"4,4 sur 5 étoiles, détails de l’évaluation",2 769,Poche,https://m.media-amazon.com/images/I/71-tp5Qk00L._AC_UY218_.jpg,2025-09-04T19:17:32.761934,Description non disponible depuis la recherche,Stock non disponible,ISBN non disponible,Éditeur non disponible,Date non disponible,Nombre de pages non disponible,Rang de vente non disponible,Science-Fiction,74.0,,,,
Son Crime Parfait (Les Enquêtes d'Emily Slate t. 1),https://www.amazon.fr/Crime-Parfait-Enqu%C3%AAtes-dEmily-Slate-ebook/dp/B0F44WC2H1/ref=sr_1_1185,"13,70 €",Alex Sigmore,"4,4 sur 5 étoiles, détails de l’évaluation",494,Format Kindle,https://m.media-amazon.com/images/I/91Mqy0VEqGL._AC_UY218_.jpg,2025-09-04T19:17:32.764550,Description non disponible depuis la recherche,Stock non disponible,ISBN non disponible,Éditeur non disponible,Date non disponible,Nombre de pages non disponible,Rang de vente non disponible,Science-Fiction,74.0,,,,
Wild,https://www.amazon.fr/Wild/dp/B08KY51QS2/ref=sr_1_1186,"0,00 €",Livres audio Audible,"4,5 sur 5 étoiles, détails de l’évaluation",1 102,Livres audio Audible,https://m.media-amazon.com/images/I/8145TtyP5nL._AC_UY218_.jpg,2025-09-04T19:17:32.768644,Description non disponible depuis la recherche,Stock non disponible,ISBN non disponible,Éditeur non disponible,Date non disponible,Nombre de pages non disponible,Rang de vente non disponible,Science-Fiction,74.0,,,,
Sors de ma vie,https://www.amazon.fr/Sors-ma-vie-Lisa-Unger-ebook/dp/B0170MVL4O/ref=sr_1_1187,"9,99 €",Lisa Unger,"3,8 sur 5 étoiles, détails de l’évaluation",45,Format Kindle,https://m.media-amazon.com/images/I/81y0NS9eePL._AC_UY218_.jpg,2025-09-04T19:17:32.772178,Description non disponible depuis la recherche,Stock non disponible,ISBN non disponible,Éditeur non disponible,Date non disponible,Nombre de pages non disponible,Rang de vente non disponible,Science-Fiction,74.0,,,,
The Murders at Fleat House: A compelling mystery from the author of the million-copy bestselling The Seven Sisters series (English Edition),https://www.amazon.fr/Murders-Fleat-House-Exhilarating-Bestselling-ebook/dp/B09HXNF65P/ref=sr_1_1188,"5,99 €",Lucinda Riley,"4,5 sur 5 étoiles, détails de l’évaluation",19 600,Format Kindle,https://m.media-amazon.com/images/I/710zLVOqV4L._AC_UY218_.jpg,2025-09-04T19:17:32.776721,Description non disponible depuis la recherche,Stock non disponible,ISBN non disponible,Éditeur non disponible,Date non disponible,Nombre de pages non disponible,Rang de vente non disponible,Science-Fiction,74.0,,,,
"Millénium, Tome 3 - La reine dans le palais des courants d'air: Millénium 3",https://www.amazon.fr/Mill%C3%A9nium-reine-dans-palais-courants-ebook/dp/B0062M9HFY/ref=sr_1_1187,"9,99 €",Stieg Larsson,"4,6 sur 5 étoiles, détails de l’évaluation",1 550,Format Kindle,https://m.media-amazon.com/images/I/71qQTUarlwS._AC_UY218_.jpg,2025-09-04T19:17:40.281658,Description non disponible depuis la recherche,Stock non disponible,ISBN non disponible,Éditeur non disponible,Date non disponible,Nombre de pages non disponible,Rang de vente non disponible,Science-Fiction,75.0,,,,
Sakamoto Days - Tome 15,https://www.amazon.fr/Sakamoto-Days-15-Yuto-Suzuki/dp/234406009X/ref=sr_1_1188,"7,20 €",Yuto Suzuki,"5,0 sur 5 étoiles, détails de l’évaluation",28,Poche,https://m.media-amazon.com/images/I/81eJbfOcnrL._AC_UY218_.jpg,2025-09-04T19:17:40.284077,Description non disponible depuis la recherche,Stock non disponible,ISBN non disponible,Éditeur non disponible,Date non disponible,Nombre de pages non disponible,Rang de vente non disponible,Science-Fiction,75.0,,,,
Germania,https://www.amazon.fr/Germania-Harald-Gilbers-ebook/dp/B01F0FOG36/ref=sr_1_1189,"9,99 €",Harald Gilbers,"4,3 sur 5 étoiles, détails de l’évaluation",706,Format Kindle,https://m.media-amazon.com/images/I/81G6zTkuATL._AC_UY218_.jpg,2025-09-04T19:17:40.287247,Description non disponible depuis la recherche,Stock non disponible,ISBN non disponible,Éditeur non disponible,Date non disponible,Nombre de pages non disponible,Rang de vente non disponible,Science-Fiction,75.0,,,,
Leave Me Behind: A Standalone Dark Military Romance with Enemies to Lovers Drama,https://www.amazon.fr/Leave-Me-Behind-Standalone-Military/dp/1464260125/ref=sr_1_1190,"12,12 €",K.M. Moronova,"4,3 sur 5 étoiles, détails de l’évaluation",21 690,Broché,https://m.media-amazon.com/images/I/81P6KsCS6CL._AC_UY218_.jpg,2025-09-04T19:17:40.290077,Description non disponible depuis la recherche,Stock non disponible,ISBN non disponible,Éditeur non disponible,Date non disponible,Nombre de pages non disponible,Rang de vente non disponible,Science-Fiction,75.0,,,,
De sang froid (Thrillers de Beatrix Rose t. 1),https://www.amazon.fr/sang-froid-Beatrix-Rose-t-ebook/dp/B07Z834V2B/ref=sr_1_1191,"0,99 €",Mark Dawson,"4,1 sur 5 étoiles, détails de l’évaluation",1 139,Format Kindle,https://m.media-amazon.com/images/I/81aW0n4tYdL._AC_UY218_.jpg,2025-09-04T19:17:40.292620,Description non disponible depuis la recherche,Stock non disponible,ISBN non disponible,Éditeur non disponible,Date non disponible,Nombre de pages non disponible,Rang de vente non disponible,Science-Fiction,75.0,,,,
Absolute Superman Vol. 1: Last Dust of Krypton,https://www.amazon.fr/Absolute-Superman-Vol-Last-Krypton/dp/1799505332/ref=sr_1_1192,"16,32 €",Édition en Anglais | de Jason Aaron et Rafa Sandoval | 19 août 2025,"4,6 sur 5 étoiles, détails de l’évaluation",65,Broché,https://m.media-amazon.com/images/I/81VyoNB+QAL._AC_UY218_.jpg,2025-09-04T19:17:40.296133,Description non disponible depuis la recherche,Stock non disponible,ISBN non disponible,Éditeur non disponible,Date non disponible,Nombre de pages non disponible,Rang de vente non disponible,Science-Fiction,75.0,,,,
Sakamoto Days - Tome 12,https://www.amazon.fr/Sakamoto-Days-12-Yuto-Suzuki/dp/2344057633/ref=sr_1_1193,"7,20 €",Yuto Suzuki,"4,9 sur 5 étoiles, détails de l’évaluation",39,Poche,https://m.media-amazon.com/images/I/815V8mpKHJL._AC_UY218_.jpg,2025-09-04T19:17:40.298625,Description non disponible depuis la recherche,Stock non disponible,ISBN non disponible,Éditeur non disponible,Date non disponible,Nombre de pages non disponible,Rang de vente non disponible,Science-Fiction,75.0,,,,
Pas un cri: Un thriller saisissant au suspense haletant (Les enquêtes de Jenna Alton & David Kane t. 3),https://www.amazon.fr/Pas-cri-thriller-saisissant-suspense-ebook/dp/B0DCBQBG2B/ref=sr_1_1194,"17,99 €",D.K. Hood,"4,4 sur 5 étoiles, détails de l’évaluation",4 955,Format Kindle,https://m.media-amazon.com/images/I/817Mb9A+X-L._AC_UY218_.jpg,2025-09-04T19:17:40.301455,Description non disponible depuis la recherche,Stock non disponible,ISBN non disponible,Éditeur non disponible,Date non disponible,Nombre de pages non disponible,Rang de vente non disponible,Science-Fiction,75.0,,,,
Ils étaient sept (1),https://www.amazon.fr/Ils-%C3%A9taient-sept-Christina-LARMER/dp/2266337491/ref=sr_1_1197,"8,70 €",Christina LARMER,"4,2 sur 5 étoiles, détails de l’évaluation",355,Poche,https://m.media-amazon.com/images/I/61svdVeKBqL._AC_UY218_.jpg,2025-09-04T19:17:40.310623,Description non disponible depuis la recherche,Stock non disponible,ISBN non disponible,Éditeur non disponible,Date non disponible,Nombre de pages non disponible,Rang de vente non disponible,Science-Fiction,75.0,,,,
En Eaux trøubles: entre thriller scandinave et cosy crime noir (Meurtres à Stockholm t. 1),https://www.amazon.fr/En-Eaux-tr%C3%B8ubles-Meurtres-Stockholm-ebook/dp/B0DWTBKDFM/ref=sr_1_1198,"0,00 €",Cs Duffy,"3,8 sur 5 étoiles, détails de l’évaluation",468,Format Kindle,https://m.media-amazon.com/images/I/81oKoijSo0L._AC_UY218_.jpg,2025-09-04T19:17:40.313582,Description non disponible depuis la recherche,Stock non disponible,ISBN non disponible,Éditeur non disponible,Date non disponible,Nombre de pages non disponible,Rang de vente non disponible,Science-Fiction,75.0,,,,
L'Intégrale des Mystères des Sorcières de l'Île de Pendle: Tomes 1-12,https://www.amazon.fr/LInt%C3%A9grale-Myst%C3%A8res-Sorci%C3%A8res-l%C3%8Ele-Pendle-ebook/dp/B0F9FMCW7F/ref=sr_1_1199,Prix non disponible,Mara Webb,"4,6 sur 5 étoiles, détails de l’évaluation",78,Format Kindle,https://m.media-amazon.com/images/I/71wEPcmvQ-L._AC_UY218_.jpg,2025-09-04T19:17:40.315931,Description non disponible depuis la recherche,Stock non disponible,ISBN non disponible,Éditeur non disponible,Date non disponible,Nombre de pages non disponible,Rang de vente non disponible,Science-Fiction,75.0,,,,
Ce qu’elle a laissé derrière elle (Les enquêtes de Martina Monroe t. 1),https://www.amazon.fr/quelle-laiss%C3%A9-derri%C3%A8re-enqu%C3%AAtes-Martina-ebook/dp/B0FDQ6NBB8/ref=sr_1_1200,"14,76 €",H.K. Christie,"4,4 sur 5 étoiles, détails de l’évaluation",87,Format Kindle,https://m.media-amazon.com/images/I/81YAYG3bUJL._AC_UY218_.jpg,2025-09-04T19:17:40.318069,Description non disponible depuis la recherche,Stock non disponible,ISBN non disponible,Éditeur non disponible,Date non disponible,Nombre de pages non disponible,Rang de vente non disponible,Science-Fiction,75.0,,,,
À même la peau,https://www.amazon.fr/%C3%80-m%C3%AAme-la-peau/dp/B07L42B175/ref=sr_1_1201,"0,00 €",Livres audio Audible,"4,4 sur 5 étoiles, détails de l’évaluation",2 621,Livres audio Audible,https://m.media-amazon.com/images/I/91yGdkSIsTL._AC_UY218_.jpg,2025-09-04T19:17:40.321134,Description non disponible depuis la recherche,Stock non disponible,ISBN non disponible,Éditeur non disponible,Date non disponible,Nombre de pages non disponible,Rang de vente non disponible,Science-Fiction,75.0,,,,
Agatha Raisin enquête 7 - A la claire fontaine: Mefiez-vous de l'eau qui dort !,https://www.amazon.fr/Agatha-Raisin-enqu%C3%AAte-fontaine-Mefiez-vous/dp/2226329986/ref=sr_1_1202,"14,90 €",M. C. Beaton,"4,3 sur 5 étoiles, détails de l’évaluation",1 356,Broché,https://m.media-amazon.com/images/I/81rd5+4bpOL._AC_UY218_.jpg,2025-09-04T19:17:40.324431,Description non disponible depuis la recherche,Stock non disponible,ISBN non disponible,Éditeur non disponible,Date non disponible,Nombre de pages non disponible,Rang de vente non disponible,Science-Fiction,75.0,,,,
La Maison hantée,https://www.amazon.fr/Maison-hant%C3%A9e-Shirley-Jackson/dp/2743637986/ref=sr_1_1203,"8,70 €",Shirley Jackson,"4,2 sur 5 étoiles, détails de l’évaluation",392,Poche,https://m.media-amazon.com/images/I/4111qam7d1L._AC_UY218_.jpg,2025-09-04T19:17:40.327154,Description non disponible depuis la recherche,Stock non disponible,ISBN non disponible,Éditeur non disponible,Date non disponible,Nombre de pages non disponible,Rang de vente non disponible,Science-Fiction,75.0,,,,
L'apothicaire,https://www.amazon.fr/Lapothicaire/dp/B01MRC7727/ref=sr_1_1204,"0,00 €",Livres audio Audible,"4,4 sur 5 étoiles, détails de l’évaluation",1 566,Livres audio Audible,https://m.media-amazon.com/images/I/916DBcBx-7L._AC_UY218_.jpg,2025-09-04T19:17:40.330362,Description non disponible depuis la recherche,Stock non disponible,ISBN non disponible,Éditeur non disponible,Date non disponible,Nombre de pages non disponible,Rang de vente non disponible,Science-Fiction,75.0,,,,
