titre,url,prix,auteur,note,nombre_avis,format,image_url,date_scraping,description,stock,isbn,editeur,date_publication,pages,rang_vente,categorie,page_source,image,etoiles
Neurochirurgie: Réussir ses EDN,https://www.amazon.fr/Neurochirurgie-R%C3%A9ussir-ses-Coll%C3%A8ge-neurochirurgie/dp/2294787447/ref=sr_1_323,"33,00 €",de Collège de neurochirurgie | 2 juillet 2025,Note non disponible,0 avis,Broché,https://m.media-amazon.com/images/I/71aaixJVmEL._AC_UY218_.jpg,2025-09-04T08:55:58.364671,Description non disponible depuis la recherche,Stock non disponible,ISBN non disponible,Éditeur non disponible,Date non disponible,Nombre de pages non disponible,Rang de vente non disponible,Religion,21.0,,
Harrap's collège français-anglais / anglais-français,https://www.amazon.fr/Harraps-coll%C3%A8ge-fran%C3%A7ais-anglais-anglais-fran%C3%A7ais-Collectif/dp/2818709237/ref=sr_1_324,"14,95 €",de Collectif | 7 juin 2023,"4,7 sur 5 étoiles, détails de l’évaluation",161,Relié,https://m.media-amazon.com/images/I/81Q0U6bh-YL._AC_UY218_.jpg,2025-09-04T08:55:58.367394,Description non disponible depuis la recherche,Stock non disponible,ISBN non disponible,Éditeur non disponible,Date non disponible,Nombre de pages non disponible,Rang de vente non disponible,Religion,21.0,,
"Rhétorique, Communication Assertive et Écoute Active: Apprenez l’Empathie, La Persuasion, Les Secrets du Langage Corporel, La Négociation, Comment Analyser les Gens et Parler en Public",https://www.amazon.fr/Rh%C3%A9torique-Communication-Assertive-%C3%89coute-Active/dp/B0C2SFPNRR/ref=sr_1_325,"19,28 €",Sylvestre Moulins,"4,5 sur 5 étoiles, détails de l’évaluation",556,Broché,https://m.media-amazon.com/images/I/718Q6pVUdqL._AC_UY218_.jpg,2025-09-04T08:55:58.371585,Description non disponible depuis la recherche,Stock non disponible,ISBN non disponible,Éditeur non disponible,Date non disponible,Nombre de pages non disponible,Rang de vente non disponible,Religion,21.0,,
"L’homme le plus riche de Babylone: avec TOUTES les 7 lois de la liberté financière et les 5 lois de l’or, Édition originale avec illustrations originales (Secrets des revenus passifs)",https://www.amazon.fr/Lhomme-plus-riche-Babylone-illustrations/dp/1069128457/ref=sr_1_326,"10,54 €",George Samuel Clason,"4,4 sur 5 étoiles, détails de l’évaluation",38,Broché,https://m.media-amazon.com/images/I/71beVTVNk+L._AC_UY218_.jpg,2025-09-04T08:55:58.374065,Description non disponible depuis la recherche,Stock non disponible,ISBN non disponible,Éditeur non disponible,Date non disponible,Nombre de pages non disponible,Rang de vente non disponible,Religion,21.0,,
"Le Manuel d'Épictète: L'Enchiridion, Le Chemin vers le Stoïcisme",https://www.amazon.fr/Manuel-d%C3%89pict%C3%A8te-LEnchiridion-Chemin-Sto%C3%AFcisme/dp/B0D79QY911/ref=sr_1_327,"5,99 €",Epictète,"4,7 sur 5 étoiles, détails de l’évaluation",57,Broché,https://m.media-amazon.com/images/I/71lRpX3wh-L._AC_UY218_.jpg,2025-09-04T08:55:58.376839,Description non disponible depuis la recherche,Stock non disponible,ISBN non disponible,Éditeur non disponible,Date non disponible,Nombre de pages non disponible,Rang de vente non disponible,Religion,21.0,,
Cahier d'exercices de français CE1: Une collection conçue par Lutin Bazar,https://www.amazon.fr/Cahier-dexercices-fran%C3%A7ais-CE1-cahier/dp/2210778735/ref=sr_1_328,"5,90 €",Morgane Céard,"4,6 sur 5 étoiles, détails de l’évaluation",40,Broché,https://m.media-amazon.com/images/I/71Z1HMI40rL._AC_UY218_.jpg,2025-09-04T08:55:58.379048,Description non disponible depuis la recherche,Stock non disponible,ISBN non disponible,Éditeur non disponible,Date non disponible,Nombre de pages non disponible,Rang de vente non disponible,Religion,21.0,,
"The méthode 2, cahier de leçons",https://www.amazon.fr/m%C3%A9thode-2-cahier-le%C3%A7ons/dp/B08BDZ29J4/ref=sr_1_329,"9,77 €",Sylvie Hanot,"4,3 sur 5 étoiles, détails de l’évaluation",53,Broché,https://m.media-amazon.com/images/I/51mWRVJ20jL._AC_UY218_.jpg,2025-09-04T08:55:58.380989,Description non disponible depuis la recherche,Stock non disponible,ISBN non disponible,Éditeur non disponible,Date non disponible,Nombre de pages non disponible,Rang de vente non disponible,Religion,21.0,,
LE LOUP QUI VOULAIT CHANGER DE COULEUR (GRANDFORMAT),https://www.amazon.fr/VOULAIT-CHANGER-COULEUR-Version-format/dp/2733815911/ref=sr_1_330,"11,95 €",Orianne Lallemand,"4,8 sur 5 étoiles, détails de l’évaluation",1 179,Relié,https://m.media-amazon.com/images/I/61-bocmG5kL._AC_UY218_.jpg,2025-09-04T08:55:58.384393,Description non disponible depuis la recherche,Stock non disponible,ISBN non disponible,Éditeur non disponible,Date non disponible,Nombre de pages non disponible,Rang de vente non disponible,Religion,21.0,,
"Tout l'espagnol aux concours - 5e ed.: Prépas commerciales et scientifiques, concours sciences Po et IEP",https://www.amazon.fr/Tout-lespagnol-aux-concours-scientifiques/dp/2200631391/ref=sr_1_333,"23,90 €",de Arnaud Hérard et Jaime Avila-Martinez | 7 septembre 2022,"4,5 sur 5 étoiles, détails de l’évaluation",16,Broché,https://m.media-amazon.com/images/I/61b+ARwi0RL._AC_UY218_.jpg,2025-09-04T08:55:58.394825,Description non disponible depuis la recherche,Stock non disponible,ISBN non disponible,Éditeur non disponible,Date non disponible,Nombre de pages non disponible,Rang de vente non disponible,Religion,21.0,,
Hiragana & Katakana - Cahier d'entraînement pour apprendre le japonais facilement: Méthode simple et efficace pour découvrir les bases du japonais,https://www.amazon.fr/Hiragana-Katakana-dentra%C3%AEnement-apprendre-facilement/dp/B0DT27MWLG/ref=sr_1_334,"14,99 €",Hanabi Works,"4,5 sur 5 étoiles, détails de l’évaluation",7,Broché,https://m.media-amazon.com/images/I/61apxT5n21L._AC_UY218_.jpg,2025-09-04T08:55:58.397014,Description non disponible depuis la recherche,Stock non disponible,ISBN non disponible,Éditeur non disponible,Date non disponible,Nombre de pages non disponible,Rang de vente non disponible,Religion,21.0,,
Chouette - Français CM2: cahier d'entraînement recommandé par les enseignants,https://www.amazon.fr/Fran%C3%A7ais-CM2-Evelyne-Barge/dp/2401084290/ref=sr_1_335,"5,50 €",Evelyne Barge,"4,7 sur 5 étoiles, détails de l’évaluation",125,Broché,https://m.media-amazon.com/images/I/71c0mjJ73ML._AC_UY218_.jpg,2025-09-04T08:55:58.399729,Description non disponible depuis la recherche,Stock non disponible,ISBN non disponible,Éditeur non disponible,Date non disponible,Nombre de pages non disponible,Rang de vente non disponible,Religion,21.0,,
J'apprends l'anglais autrement - Niveau renforcé: 80 CARTES MENTALES pour approfondir et consolider ses connaissances en anglais !,https://www.amazon.fr/Japprends-langlais-autrement-approfondir-connaissances/dp/2416000101/ref=sr_1_336,"24,90 €",Stéphanie Eleaume Lachaud,"4,7 sur 5 étoiles, détails de l’évaluation",75,Broché,https://m.media-amazon.com/images/I/71MUdoaGujL._AC_UY218_.jpg,2025-09-04T08:55:58.401973,Description non disponible depuis la recherche,Stock non disponible,ISBN non disponible,Éditeur non disponible,Date non disponible,Nombre de pages non disponible,Rang de vente non disponible,Religion,21.0,,
Édito A1 - édition 2022-2024 - Livre + didierfle.app,https://www.amazon.fr/Edito-A1-Livre-leleve-didierfle-app/dp/2278103644/ref=sr_1_337,"19,50 €","de Caroline Spérandio, Lucie Mensdorff-Pouilly, et al. | 9 février 2022","4,6 sur 5 étoiles, détails de l’évaluation",150,Broché,https://m.media-amazon.com/images/I/71XxEYFkm1L._AC_UY218_.jpg,2025-09-04T08:55:58.404687,Description non disponible depuis la recherche,Stock non disponible,ISBN non disponible,Éditeur non disponible,Date non disponible,Nombre de pages non disponible,Rang de vente non disponible,Religion,21.0,,
Carnet de lectures,https://www.amazon.fr/Carnet-lectures-Alba-Real/dp/2017894575/ref=sr_1_338,"12,90 €",de Alba Real | 12 février 2025,"4,5 sur 5 étoiles, détails de l’évaluation",15,Broché,https://m.media-amazon.com/images/I/71ju9z7sf9L._AC_UY218_.jpg,2025-09-04T08:55:58.407194,Description non disponible depuis la recherche,Stock non disponible,ISBN non disponible,Éditeur non disponible,Date non disponible,Nombre de pages non disponible,Rang de vente non disponible,Religion,21.0,,
Les Nouveaux Outils pour les Maths CM1 (2016) - Manuel de l'élève,https://www.amazon.fr/nouveaux-outils-pour-maths-Cycle/dp/2210502039/ref=sr_1_339,"16,20 €",Sylvie Carle,"4,7 sur 5 étoiles, détails de l’évaluation",331,Broché,https://m.media-amazon.com/images/I/715xQ9upNXL._AC_UY218_.jpg,2025-09-04T08:55:58.409372,Description non disponible depuis la recherche,Stock non disponible,ISBN non disponible,Éditeur non disponible,Date non disponible,Nombre de pages non disponible,Rang de vente non disponible,Religion,21.0,,
PG073 - L'espagnol (1) l'essentiel,https://www.amazon.fr/Lespagnol-1-lessentiel-Collectif/dp/2842591038/ref=sr_1_340,"3,50 €",de Aedis | 1 avril 2006,"4,7 sur 5 étoiles, détails de l’évaluation",168,Broché,https://m.media-amazon.com/images/I/91E-5356P6L._AC_UY218_.jpg,2025-09-04T08:55:58.411806,Description non disponible depuis la recherche,Stock non disponible,ISBN non disponible,Éditeur non disponible,Date non disponible,Nombre de pages non disponible,Rang de vente non disponible,Religion,21.0,,
Agenda Yanns 2025-2026,https://www.amazon.fr/Agenda-Yanns-2025-2026/dp/2385430703/ref=sr_1_339,"12,99 €",de Yanns | 5 juin 2025,"5,0 sur 5 étoiles, détails de l’évaluation",6,Relié,https://m.media-amazon.com/images/I/51P5ekTuglL._AC_UY218_.jpg,2025-09-04T08:56:07.945472,Description non disponible depuis la recherche,Stock non disponible,ISBN non disponible,Éditeur non disponible,Date non disponible,Nombre de pages non disponible,Rang de vente non disponible,Religion,22.0,,
MINECRAFT - INCROYABLES CONSTRUCTIONS,https://www.amazon.fr/MINECRAFT-INCROYABLES-CONSTRUCTIONS-Collectif/dp/2075165971/ref=sr_1_340,"12,50 €","de Collectif, Ryan Marsh, et al. | 16 juin 2022","4,7 sur 5 étoiles, détails de l’évaluation",138,Poche,https://m.media-amazon.com/images/I/81GAKK0nUBL._AC_UY218_.jpg,2025-09-04T08:56:07.948637,Description non disponible depuis la recherche,Stock non disponible,ISBN non disponible,Éditeur non disponible,Date non disponible,Nombre de pages non disponible,Rang de vente non disponible,Religion,22.0,,
Dictionnaire Le Robert & Collins Poche italien,https://www.amazon.fr/Dictionnaire-Robert-Collins-poche-italien/dp/2321018399/ref=sr_1_341,"9,95 €",de Collectif | 8 juin 2023,"4,5 sur 5 étoiles, détails de l’évaluation",62,Broché,https://m.media-amazon.com/images/I/61A4Ot7vdvL._AC_UY218_.jpg,2025-09-04T08:56:07.951189,Description non disponible depuis la recherche,Stock non disponible,ISBN non disponible,Éditeur non disponible,Date non disponible,Nombre de pages non disponible,Rang de vente non disponible,Religion,22.0,,
Cannibale,https://www.amazon.fr/Cannibale-Didier-Daeninckx/dp/2070408833/ref=sr_1_342,"5,80 €",Didier Daeninckx,"4,5 sur 5 étoiles, détails de l’évaluation",1 772,Poche,https://m.media-amazon.com/images/I/71JSO316EeL._AC_UY218_.jpg,2025-09-04T08:56:07.953801,Description non disponible depuis la recherche,Stock non disponible,ISBN non disponible,Éditeur non disponible,Date non disponible,Nombre de pages non disponible,Rang de vente non disponible,Religion,22.0,,
Bled Orthographe,https://www.amazon.fr/Bled-Orthographe-Daniel-Berlion/dp/201715105X/ref=sr_1_343,"9,90 €",Daniel Berlion,"4,9 sur 5 étoiles, détails de l’évaluation",44,Relié,https://m.media-amazon.com/images/I/7153AWbLDrS._AC_UY218_.jpg,2025-09-04T08:56:07.955806,Description non disponible depuis la recherche,Stock non disponible,ISBN non disponible,Éditeur non disponible,Date non disponible,Nombre de pages non disponible,Rang de vente non disponible,Religion,22.0,,
Ladybird Readers Beginner Level - Spot - My name is Spot! (ELT Graded Reader),https://www.amazon.fr/My-name-Spot-Ladybird-Beginner/dp/024131609X/ref=sr_1_344,"6,05 €",Team Ladybird Readers,"4,6 sur 5 étoiles, détails de l’évaluation",57,Broché,https://m.media-amazon.com/images/I/71vR0x+7O1L._AC_UY218_.jpg,2025-09-04T08:56:07.958859,Description non disponible depuis la recherche,Stock non disponible,ISBN non disponible,Éditeur non disponible,Date non disponible,Nombre de pages non disponible,Rang de vente non disponible,Religion,22.0,,
Cambridge International Examinations - Cambridge International as and a Level English Language Student Book,https://www.amazon.fr/Cambridge-International-English-Language-Students/dp/0008287600/ref=sr_1_345,"38,13 €",Beth Kemp,"4,4 sur 5 étoiles, détails de l’évaluation",20,Broché,https://m.media-amazon.com/images/I/71wcdrYrSjL._AC_UY218_.jpg,2025-09-04T08:56:07.961379,Description non disponible depuis la recherche,Stock non disponible,ISBN non disponible,Éditeur non disponible,Date non disponible,Nombre de pages non disponible,Rang de vente non disponible,Religion,22.0,,
"Le deuxième sexe, tome 1 : Les faits et les mythes",https://www.amazon.fr/deuxi%C3%A8me-sexe-faits-mythes/dp/207032351X/ref=sr_1_346,"11,90 €",Simone de Beauvoir,"4,6 sur 5 étoiles, détails de l’évaluation",1 095,Poche,https://m.media-amazon.com/images/I/81eqA1N-ntL._AC_UY218_.jpg,2025-09-04T08:56:07.964714,Description non disponible depuis la recherche,Stock non disponible,ISBN non disponible,Éditeur non disponible,Date non disponible,Nombre de pages non disponible,Rang de vente non disponible,Religion,22.0,,
Bled CE2 - Manuel de l'élève - Edition 2021,https://www.amazon.fr/Bled-CE2-Manuel-l%C3%A9l%C3%A8ve-2021/dp/2017115665/ref=sr_1_349,"12,50 €",Sophie Raimbert,"4,7 sur 5 étoiles, détails de l’évaluation",70,Broché,https://m.media-amazon.com/images/I/71t98M8MiiL._AC_UY218_.jpg,2025-09-04T08:56:07.973194,Description non disponible depuis la recherche,Stock non disponible,ISBN non disponible,Éditeur non disponible,Date non disponible,Nombre de pages non disponible,Rang de vente non disponible,Religion,22.0,,
Vox Allemand: Le vocabulaire incontournable des examens et concours classé par niveaux,https://www.amazon.fr/Allemand-vocabulaire-incontournable-examens-concours/dp/2340022754/ref=sr_1_350,"18,00 €",Francine Rouby,"4,6 sur 5 étoiles, détails de l’évaluation",44,Broché,https://m.media-amazon.com/images/I/61Rmppk1T8L._AC_UY218_.jpg,2025-09-04T08:56:07.975924,Description non disponible depuis la recherche,Stock non disponible,ISBN non disponible,Éditeur non disponible,Date non disponible,Nombre de pages non disponible,Rang de vente non disponible,Religion,22.0,,
Français 6ème Cycle 3 : Livre de l'élève - Grand format - Nouveau programme 2016,https://www.amazon.fr/Fran%C3%A7ais-6%C3%A8me-Cycle-Nouveau-programme/dp/2701197422/ref=sr_1_351,"32,90 €",de Collectif | 22 mai 2016,"4,6 sur 5 étoiles, détails de l’évaluation",76,Broché,https://m.media-amazon.com/images/I/81ikvbLUo4L._AC_UY218_.jpg,2025-09-04T08:56:07.978453,Description non disponible depuis la recherche,Stock non disponible,ISBN non disponible,Éditeur non disponible,Date non disponible,Nombre de pages non disponible,Rang de vente non disponible,Religion,22.0,,
"La Guerre des Clans – Agenda 2025-2026 – Avec des jeux, des anecdotes et des infos sur la série - Dès 7 ans",https://www.amazon.fr/Guerre-Clans-Agenda-2025-2026-anecdotes/dp/282121863X/ref=sr_1_352,"9,95 €",de Ariane Limeul et Owen Richardson | 5 juin 2025,Note non disponible,0 avis,Relié,https://m.media-amazon.com/images/I/614D9R2YpsL._AC_UY218_.jpg,2025-09-04T08:56:07.981444,Description non disponible depuis la recherche,Stock non disponible,ISBN non disponible,Éditeur non disponible,Date non disponible,Nombre de pages non disponible,Rang de vente non disponible,Religion,22.0,,
"80 Exercices et Jeux pour Seniors: vol.2 XXL | Livre de jeux stimulation cognitive pour booster la mémoire et avoir un cerveau à 100%, cahier ... Préventif et curatif | personnes agées, EHPAD",https://www.amazon.fr/Exercices-Jeux-pour-Seniors-stimulation/dp/B0BTKHMNVF/ref=sr_1_353,"12,90 €",Ciel Bleu,"4,5 sur 5 étoiles, détails de l’évaluation",149,Broché,https://m.media-amazon.com/images/I/61Murib2NjL._AC_UY218_.jpg,2025-09-04T08:56:07.983641,Description non disponible depuis la recherche,Stock non disponible,ISBN non disponible,Éditeur non disponible,Date non disponible,Nombre de pages non disponible,Rang de vente non disponible,Religion,22.0,,
Mon premier livre de lecture DYS dyslexie: 20 histoires faciles avec coloration des sons complexes pour apprendre à lire en CP CE1 - Enfant dyslexique,https://www.amazon.fr/Mon-premier-livre-lecture-dyslexie/dp/B0F3C13Q22/ref=sr_1_354,"12,99 €",Relative Editions,"4,7 sur 5 étoiles, détails de l’évaluation",19,Broché,https://m.media-amazon.com/images/I/71-hcKiB0vL._AC_UY218_.jpg,2025-09-04T08:56:07.985522,Description non disponible depuis la recherche,Stock non disponible,ISBN non disponible,Éditeur non disponible,Date non disponible,Nombre de pages non disponible,Rang de vente non disponible,Religion,22.0,,
Agenda de bord 2025/2026 professeur de Mathématiques: Carnet de bord A4 pour les enseignants,https://www.amazon.fr/Agenda-bord-2025-professeur-Math%C3%A9matiques/dp/9403794364/ref=sr_1_355,"11,90 €",Gringolivier editions,Note non disponible,0 avis,Broché,https://m.media-amazon.com/images/I/71E3fVzRwSL._AC_UY218_.jpg,2025-09-04T08:56:07.987523,Description non disponible depuis la recherche,Stock non disponible,ISBN non disponible,Éditeur non disponible,Date non disponible,Nombre de pages non disponible,Rang de vente non disponible,Religion,22.0,,
Cahier de Français 3e Spécial Brevet Éd. 2018,https://www.amazon.fr/Cahier-Fran%C3%A7ais-Sp%C3%A9cial-Brevet-2018/dp/2401027335/ref=sr_1_356,"6,80 €",Raphaël Gaudin,"4,6 sur 5 étoiles, détails de l’évaluation",326,Broché,https://m.media-amazon.com/images/I/81PACj5SUPL._AC_UY218_.jpg,2025-09-04T08:56:07.989576,Description non disponible depuis la recherche,Stock non disponible,ISBN non disponible,Éditeur non disponible,Date non disponible,Nombre de pages non disponible,Rang de vente non disponible,Religion,22.0,,
Concise Oxford English Dictionary 12th Ed.,https://www.amazon.fr/Concise-Oxford-English-Dictionary-Main/dp/0199601089/ref=sr_1_355,"36,05 €",Édition en Anglais | de Varios Autores | 9 juin 2011,"4,8 sur 5 étoiles, détails de l’évaluation",1 595,Relié,https://m.media-amazon.com/images/I/61AJNPChOvL._AC_UY218_.jpg,2025-09-04T08:56:17.141911,Description non disponible depuis la recherche,Stock non disponible,ISBN non disponible,Éditeur non disponible,Date non disponible,Nombre de pages non disponible,Rang de vente non disponible,Religion,23.0,,
"DEVENIR FRANÇAIS : 500 questions-réponses pour réussir l’entretien d'assimilation: le guide pour réussir sa naturalisation avec 3 entretiens ... fiches de révision, des quiz et des conseils",https://www.amazon.fr/DEVENIR-FRAN%C3%87AIS-questions-r%C3%A9ponses-dassimilation-naturalisation/dp/B0F9T2SB33/ref=sr_1_356,"19,99 €",Naturalisation Conseil France,"4,1 sur 5 étoiles, détails de l’évaluation",21,Broché,https://m.media-amazon.com/images/I/71Od+zmO4iL._AC_UY218_.jpg,2025-09-04T08:56:17.144334,Description non disponible depuis la recherche,Stock non disponible,ISBN non disponible,Éditeur non disponible,Date non disponible,Nombre de pages non disponible,Rang de vente non disponible,Religion,23.0,,
Complete Key for Schools Student's Book without Answers with Online Practice and Workbook without Answers with Audio Download,https://www.amazon.fr/Complete-Students-Practice-Workbook-Download/dp/110853936X/ref=sr_1_357,"26,87 €",Coffret produits,"4,7 sur 5 étoiles, détails de l’évaluation",201,Coffret produits,https://m.media-amazon.com/images/I/61uPobcteIL._AC_UY218_.jpg,2025-09-04T08:56:17.146723,Description non disponible depuis la recherche,Stock non disponible,ISBN non disponible,Éditeur non disponible,Date non disponible,Nombre de pages non disponible,Rang de vente non disponible,Religion,23.0,,
"Raconte moi ta vie Maman: Ta vie, ton histoire et tes souvenirs - Livre souvenir à remplir pour laisser un héritage à sa famille - Livre d'or - Cadeau Original à Offrir",https://www.amazon.fr/Raconte-moi-vie-Maman-souvenirs/dp/B0D1R4SGR9/ref=sr_1_358,"22,90 €",Histoires de vie,"4,6 sur 5 étoiles, détails de l’évaluation",101,Relié,https://m.media-amazon.com/images/I/716qyxWUQVL._AC_UY218_.jpg,2025-09-04T08:56:17.149107,Description non disponible depuis la recherche,Stock non disponible,ISBN non disponible,Éditeur non disponible,Date non disponible,Nombre de pages non disponible,Rang de vente non disponible,Religion,23.0,,
Cours de japonais ! BOITE KANJI: 150 cartes pour apprendre les kanji indispensables,https://www.amazon.fr/Cours-japonais-Julien-Fontanier-BOITE/dp/2017292354/ref=sr_1_359,"24,95 €",Julien Fontanier,"4,9 sur 5 étoiles, détails de l’évaluation",23,Broché,https://m.media-amazon.com/images/I/61i8bKmTYuL._AC_UY218_.jpg,2025-09-04T08:56:17.151168,Description non disponible depuis la recherche,Stock non disponible,ISBN non disponible,Éditeur non disponible,Date non disponible,Nombre de pages non disponible,Rang de vente non disponible,Religion,23.0,,
Édito A2 - édition 2022-2024 - Livre + didierfle.app,https://www.amazon.fr/Edito-A2-%C3%A9dition-Livre-didierfle-app/dp/2278104101/ref=sr_1_360,"19,50 €","de Caroline Spérandio, Marlène Dodin, et al. | 24 mai 2022","4,6 sur 5 étoiles, détails de l’évaluation",133,Broché,https://m.media-amazon.com/images/I/81dDKTy3pRL._AC_UY218_.jpg,2025-09-04T08:56:17.153852,Description non disponible depuis la recherche,Stock non disponible,ISBN non disponible,Éditeur non disponible,Date non disponible,Nombre de pages non disponible,Rang de vente non disponible,Religion,23.0,,
La Méthode Vibraction: De la libération des blocages à votre plein potentiel,https://www.amazon.fr/M%C3%A9thode-Vibraction-lib%C3%A9ration-blocages-potentiel/dp/2840589648/ref=sr_1_361,"15,00 €",de Hélène Pavot | 5 mai 2025,"4,6 sur 5 étoiles, détails de l’évaluation",51,Broché,https://m.media-amazon.com/images/I/716nGJObjPL._AC_UY218_.jpg,2025-09-04T08:56:17.156964,Description non disponible depuis la recherche,Stock non disponible,ISBN non disponible,Éditeur non disponible,Date non disponible,Nombre de pages non disponible,Rang de vente non disponible,Religion,23.0,,
Les Nouveaux Outils pour les Maths CM2 (2017) - Manuel de l'élève,https://www.amazon.fr/nouveaux-outils-pour-maths-CM2/dp/2210503078/ref=sr_1_362,"16,20 €",Sylvie Carle,"4,7 sur 5 étoiles, détails de l’évaluation",276,Broché,https://m.media-amazon.com/images/I/71CqFq9QcAL._AC_UY218_.jpg,2025-09-04T08:56:17.159191,Description non disponible depuis la recherche,Stock non disponible,ISBN non disponible,Éditeur non disponible,Date non disponible,Nombre de pages non disponible,Rang de vente non disponible,Religion,23.0,,
The Importance of Being Earnest,https://www.amazon.fr/Importance-Being-Earnest-Oscar-Wilde/dp/B085DKVPMG/ref=sr_1_365,"8,90 €",Oscar Wilde,"4,5 sur 5 étoiles, détails de l’évaluation",4 746,Broché,https://m.media-amazon.com/images/I/61Oebpq93XL._AC_UY218_.jpg,2025-09-04T08:56:17.169255,Description non disponible depuis la recherche,Stock non disponible,ISBN non disponible,Éditeur non disponible,Date non disponible,Nombre de pages non disponible,Rang de vente non disponible,Religion,23.0,,
Pack L1 2025 : Code civil - Lexique des termes juridiques - Constitution de la République Fr. 23e,https://www.amazon.fr/Pack-2025-juridiques-Constitution-R%C3%A9publique/dp/2247231470/ref=sr_1_366,"22,00 €",de Collectif | 22 août 2024,"4,6 sur 5 étoiles, détails de l’évaluation",45,Broché,https://m.media-amazon.com/images/I/61YGoHJMW1L._AC_UY218_.jpg,2025-09-04T08:56:17.171689,Description non disponible depuis la recherche,Stock non disponible,ISBN non disponible,Éditeur non disponible,Date non disponible,Nombre de pages non disponible,Rang de vente non disponible,Religion,23.0,,
Fantastisch 4 - Cahier d'activités,https://www.amazon.fr/Allemand-ann%C3%A9e-A2-B1-Fantastisch-dactivit%C3%A9s/dp/2356855165/ref=sr_1_367,"9,50 €",de Collectif | 15 août 2019,"4,6 sur 5 étoiles, détails de l’évaluation",77,Broché,https://m.media-amazon.com/images/I/81RLa3osCjL._AC_UY218_.jpg,2025-09-04T08:56:17.174335,Description non disponible depuis la recherche,Stock non disponible,ISBN non disponible,Éditeur non disponible,Date non disponible,Nombre de pages non disponible,Rang de vente non disponible,Religion,23.0,,
"Apprendre à lire et à écrire le coréen en moins de 21 jours: Cahier d’exercice d’écriture de l’alphabet hangeul | 116 p. Grand Format 21,5x27,9 cm | Pour débutants ou amoureux de la Corée.",https://www.amazon.fr/Apprendre-%C3%A9crire-cor%C3%A9en-moins-jours/dp/B093RMYJDV/ref=sr_1_368,"12,99 €",Erwan Ferri,"4,6 sur 5 étoiles, détails de l’évaluation",290,Broché,https://m.media-amazon.com/images/I/61Yru+F3KkL._AC_UY218_.jpg,2025-09-04T08:56:17.176665,Description non disponible depuis la recherche,Stock non disponible,ISBN non disponible,Éditeur non disponible,Date non disponible,Nombre de pages non disponible,Rang de vente non disponible,Religion,23.0,,
L'Atelier de Vocabulaire CP Cahier d'entrainement,https://www.amazon.fr/LAtelier-Vocabulaire-CP-Cahier-dentrainement/dp/2091226645/ref=sr_1_369,"8,70 €",Marianne André-Kérébel,"4,5 sur 5 étoiles, détails de l’évaluation",91,Broché,https://m.media-amazon.com/images/I/61jagqx4lJL._AC_UY218_.jpg,2025-09-04T08:56:17.178845,Description non disponible depuis la recherche,Stock non disponible,ISBN non disponible,Éditeur non disponible,Date non disponible,Nombre de pages non disponible,Rang de vente non disponible,Religion,23.0,,
Agenda de bord 2025/2026 - conseillère principale d’éducation: Carnet de bord et carnet de notes A4 pour CPE,https://www.amazon.fr/Agenda-bord-2025-2026-conseill%C3%A8re/dp/9403797371/ref=sr_1_370,"11,90 €",Gringolivier editions,"4,6 sur 5 étoiles, détails de l’évaluation",3,Broché,https://m.media-amazon.com/images/I/71BRyA1Ec9L._AC_UY218_.jpg,2025-09-04T08:56:17.180697,Description non disponible depuis la recherche,Stock non disponible,ISBN non disponible,Éditeur non disponible,Date non disponible,Nombre de pages non disponible,Rang de vente non disponible,Religion,23.0,,
La Grève : Atlas Shrugged,https://www.amazon.fr/Gr%C3%A8ve-Atlas-Shrugged-Ayn-Rand/dp/2251444173/ref=sr_1_371,"35,00 €",Ayn Rand,"4,5 sur 5 étoiles, détails de l’évaluation",550,Broché,https://m.media-amazon.com/images/I/51iqoXWeCiL._AC_UY218_.jpg,2025-09-04T08:56:17.183993,Description non disponible depuis la recherche,Stock non disponible,ISBN non disponible,Éditeur non disponible,Date non disponible,Nombre de pages non disponible,Rang de vente non disponible,Religion,23.0,,
Sciences et technologie 6e - Grand format - Nouveau programme 2016,https://www.amazon.fr/Sciences-technologie-6e-Nouveau-programme/dp/2701197082/ref=sr_1_372,"32,80 €",de Collectif | 22 mai 2016,"4,9 sur 5 étoiles, détails de l’évaluation",43,Broché,https://m.media-amazon.com/images/I/71sfFGpmtEL._AC_UY218_.jpg,2025-09-04T08:56:17.186496,Description non disponible depuis la recherche,Stock non disponible,ISBN non disponible,Éditeur non disponible,Date non disponible,Nombre de pages non disponible,Rang de vente non disponible,Religion,23.0,,
"ÉCHECS NIVEAU INTERMÉDIAIRE: Tactiques et stratégies pour améliorer votre jeu dans toutes les phases: ouverture, milieu de jeu et finale",https://www.amazon.fr/%C3%89CHECS-NIVEAU-INTERM%C3%89DIAIRE-Tactiques-strat%C3%A9gies/dp/B092CKWY92/ref=sr_1_371,"19,32 €",Giulio Capuana,"4,1 sur 5 étoiles, détails de l’évaluation",110,Broché,https://m.media-amazon.com/images/I/61uDbAHMg-L._AC_UY218_.jpg,2025-09-04T08:56:27.513037,Description non disponible depuis la recherche,Stock non disponible,ISBN non disponible,Éditeur non disponible,Date non disponible,Nombre de pages non disponible,Rang de vente non disponible,Religion,24.0,,
Le Médecin des Pauvres et les 2000 recettes utiles: (Édition Complète et Augmentée pour les Maux du 21ème Siècle),https://www.amazon.fr/M%C3%A9decin-Pauvres-2000-recettes-utiles/dp/B0DSZP6Z5V/ref=sr_1_372,"15,95 €",Dr. Henri Albéric Beauvillard,"4,1 sur 5 étoiles, détails de l’évaluation",73,Broché,https://m.media-amazon.com/images/I/7111KeYZJ+L._AC_UY218_.jpg,2025-09-04T08:56:27.514892,Description non disponible depuis la recherche,Stock non disponible,ISBN non disponible,Éditeur non disponible,Date non disponible,Nombre de pages non disponible,Rang de vente non disponible,Religion,24.0,,
Dictionnaire Le Robert & Collins poche allemand et sa version numérique à télécharger PC,https://www.amazon.fr/Dictionnaire-Collins-allemand-num%C3%A9rique-t%C3%A9l%C3%A9charger/dp/2321018372/ref=sr_1_373,"9,95 €",de Collectif | 8 juin 2023,"5,0 sur 5 étoiles, détails de l’évaluation",20,Broché,https://m.media-amazon.com/images/I/61MDBT2guCL._AC_UY218_.jpg,2025-09-04T08:56:27.517437,Description non disponible depuis la recherche,Stock non disponible,ISBN non disponible,Éditeur non disponible,Date non disponible,Nombre de pages non disponible,Rang de vente non disponible,Religion,24.0,,
Boule de suif,https://www.amazon.fr/Boule-suif-Guy-Maupassant/dp/2253009636/ref=sr_1_374,"2,30 €",Guy de Maupassant,"4,4 sur 5 étoiles, détails de l’évaluation",1 583,Poche,https://m.media-amazon.com/images/I/81LmNlP4WQL._AC_UY218_.jpg,2025-09-04T08:56:27.520894,Description non disponible depuis la recherche,Stock non disponible,ISBN non disponible,Éditeur non disponible,Date non disponible,Nombre de pages non disponible,Rang de vente non disponible,Religion,24.0,,
Dictionnaire Mini Larousse,https://www.amazon.fr/Dictionnaire-Mini-Larousse-COLLECTIF/dp/2036047963/ref=sr_1_375,"7,50 €",de COLLECTIF | 5 juin 2024,"4,5 sur 5 étoiles, détails de l’évaluation",15,Broché,https://m.media-amazon.com/images/I/716vTg6THvL._AC_UY218_.jpg,2025-09-04T08:56:27.523248,Description non disponible depuis la recherche,Stock non disponible,ISBN non disponible,Éditeur non disponible,Date non disponible,Nombre de pages non disponible,Rang de vente non disponible,Religion,24.0,,
Astérix - Astérix aux jeux olympiques - n°12,https://www.amazon.fr/Ast%C3%A9rix-aux-jeux-olympiques-n%C2%B012/dp/2012101445/ref=sr_1_376,"10,90 €",René Goscinny,"4,8 sur 5 étoiles, détails de l’évaluation",1 069,Relié,https://m.media-amazon.com/images/I/81m+erEZdGL._AC_UY218_.jpg,2025-09-04T08:56:27.526610,Description non disponible depuis la recherche,Stock non disponible,ISBN non disponible,Éditeur non disponible,Date non disponible,Nombre de pages non disponible,Rang de vente non disponible,Religion,24.0,,
"La Martingale: Volume 1 : Cardiologie, pneumologie, ophtalmologie, ORL-CMF, Rhumatologie-orthopédie, endocrinologie-diabétologie-nutrition, ... infectieuses, soins palliatifs-oncologie",https://www.amazon.fr/Martingale-ophtalmologie-Rhumatologie-orthop%C3%A9die-endocrinologie-diab%C3%A9tologie-nutrition-palliatifs-oncologie/dp/2340096294/ref=sr_1_377,"47,00 €",de Anne Charon et Nicolas Meton | 3 septembre 2024,"4,4 sur 5 étoiles, détails de l’évaluation",11,Broché,https://m.media-amazon.com/images/I/61plwIvf50L._AC_UY218_.jpg,2025-09-04T08:56:27.529074,Description non disponible depuis la recherche,Stock non disponible,ISBN non disponible,Éditeur non disponible,Date non disponible,Nombre de pages non disponible,Rang de vente non disponible,Religion,24.0,,
Headway 5th Edition - Elementary Workbook without Answers,https://www.amazon.fr/Headway-Elementary-Workbook-Without-Key/dp/0194527670/ref=sr_1_378,"29,00 €",Soars,"4,4 sur 5 étoiles, détails de l’évaluation",39,Broché,https://m.media-amazon.com/images/I/6132BEl3XFL._AC_UY218_.jpg,2025-09-04T08:56:27.531268,Description non disponible depuis la recherche,Stock non disponible,ISBN non disponible,Éditeur non disponible,Date non disponible,Nombre de pages non disponible,Rang de vente non disponible,Religion,24.0,,
Les maux murmurés - Journal thérapeutique pour guérir l’enfant intérieur et les blessures émotionnelles: Un guide d’écriture pour libérer ses ... et reconstruire sa confiance en soi.,https://www.amazon.fr/maux-murmur%C3%A9s-th%C3%A9rapeutique-%C3%A9motionnelles-reconstruire/dp/B0DPCC7NPS/ref=sr_1_381,"16,90 €",de Clara Marceau | 27 novembre 2024,"4,5 sur 5 étoiles, détails de l’évaluation",34,Broché,https://m.media-amazon.com/images/I/61c0ADAD4zL._AC_UY218_.jpg,2025-09-04T08:56:27.540065,Description non disponible depuis la recherche,Stock non disponible,ISBN non disponible,Éditeur non disponible,Date non disponible,Nombre de pages non disponible,Rang de vente non disponible,Religion,24.0,,
Cahier d'exercices italien débutant pour les Nuls,https://www.amazon.fr/Cahier-dexercices-italien-d%C3%A9butant-pour/dp/2412045593/ref=sr_1_382,"9,95 €",de Pierre Musitelli | 29 août 2019,"4,5 sur 5 étoiles, détails de l’évaluation",367,Broché,https://m.media-amazon.com/images/I/61jZynlrOcL._AC_UY218_.jpg,2025-09-04T08:56:27.542668,Description non disponible depuis la recherche,Stock non disponible,ISBN non disponible,Éditeur non disponible,Date non disponible,Nombre de pages non disponible,Rang de vente non disponible,Religion,24.0,,
Harry Potter Boxed Set: The Complete Collection (Adult Paperback),https://www.amazon.fr/Harry-Potter-Boxed-Set-Collection/dp/1408898659/ref=sr_1_383,"69,99 €",J.K. Rowling,"4,8 sur 5 étoiles, détails de l’évaluation",3 784,Coffret produits,https://m.media-amazon.com/images/I/91NItWvl89L._AC_UY218_.jpg,2025-09-04T08:56:27.545061,Description non disponible depuis la recherche,Stock non disponible,ISBN non disponible,Éditeur non disponible,Date non disponible,Nombre de pages non disponible,Rang de vente non disponible,Religion,24.0,,
"The Great Gatsby de Francis Scott Fitzgerald: La société des années 1920 aux Etats-Unis, de la mise en oeuvre du National Prohibition Act au krach boursier de 1929",https://www.amazon.fr/Great-Gatsby-Francis-Scott-Fitzgerald/dp/2340104963/ref=sr_1_384,"24,00 €",de Christine Chollier et Gérald Préher | 26 août 2025,"4,0 sur 5 étoiles, détails de l’évaluation",1,Broché,https://m.media-amazon.com/images/I/61cTx64Jy0L._AC_UY218_.jpg,2025-09-04T08:56:27.548330,Description non disponible depuis la recherche,Stock non disponible,ISBN non disponible,Éditeur non disponible,Date non disponible,Nombre de pages non disponible,Rang de vente non disponible,Religion,24.0,,
"La Martingale: Volume 2 : Gynécologie-obstétrique, urologie, néphrologie, hématologie, médecine interne, dermatologie, neurologie, gériatrie, psychiatrie, santé publique, pédiatrie",https://www.amazon.fr/Martingale-Gyn%C3%A9cologie-obst%C3%A9trique-n%C3%A9phrologie-h%C3%A9matologie-dermatologie/dp/2340096286/ref=sr_1_385,"47,00 €",de Anne Charon et Nicolas Meton | 3 septembre 2024,"5,0 sur 5 étoiles, détails de l’évaluation",13,Broché,https://m.media-amazon.com/images/I/618XIHzTxoL._AC_UY218_.jpg,2025-09-04T08:56:27.550838,Description non disponible depuis la recherche,Stock non disponible,ISBN non disponible,Éditeur non disponible,Date non disponible,Nombre de pages non disponible,Rang de vente non disponible,Religion,24.0,,
Astérix - L'anniversaire d'Astérix et Obélix - n°34,https://www.amazon.fr/Ast%C3%A9rix-Lanniversaire-dAst%C3%A9rix-Ob%C3%A9lix-n%C2%B034/dp/2864972301/ref=sr_1_386,"10,90 €",Albert Uderzo,"4,7 sur 5 étoiles, détails de l’évaluation",1 106,Broché,https://m.media-amazon.com/images/I/811ogFzdMuL._AC_UY218_.jpg,2025-09-04T08:56:27.553631,Description non disponible depuis la recherche,Stock non disponible,ISBN non disponible,Éditeur non disponible,Date non disponible,Nombre de pages non disponible,Rang de vente non disponible,Religion,24.0,,
One Piece - Édition originale - Tome 86: Opération Régicide,https://www.amazon.fr/One-Piece-%C3%89dition-originale-86/dp/2344027521/ref=sr_1_387,"7,20 €",Eiichiro Oda,"4,8 sur 5 étoiles, détails de l’évaluation",493,Broché,https://m.media-amazon.com/images/I/91KO+APLPrL._AC_UY218_.jpg,2025-09-04T08:56:27.556376,Description non disponible depuis la recherche,Stock non disponible,ISBN non disponible,Éditeur non disponible,Date non disponible,Nombre de pages non disponible,Rang de vente non disponible,Religion,24.0,,
Contes de la bécasse,https://www.amazon.fr/Contes-b%C3%A9casse-Guy-Maupassant/dp/2253006777/ref=sr_1_388,"2,50 €",Guy de Maupassant,"4,5 sur 5 étoiles, détails de l’évaluation",1 395,Poche,https://m.media-amazon.com/images/I/81vabOfM-OL._AC_UY218_.jpg,2025-09-04T08:56:27.559906,Description non disponible depuis la recherche,Stock non disponible,ISBN non disponible,Éditeur non disponible,Date non disponible,Nombre de pages non disponible,Rang de vente non disponible,Religion,24.0,,
La LCA en anglais facile aux EDN: Fiches théoriques et pratiques,https://www.amazon.fr/LCA-anglais-facile-aux-EDN/dp/2294776380/ref=sr_1_387,"18,90 €",Hervé Devilliers,"4,5 sur 5 étoiles, détails de l’évaluation",34,Broché,https://m.media-amazon.com/images/I/41gtOrBSU9L._AC_UY218_.jpg,2025-09-04T08:56:38.713869,Description non disponible depuis la recherche,Stock non disponible,ISBN non disponible,Éditeur non disponible,Date non disponible,Nombre de pages non disponible,Rang de vente non disponible,Religion,25.0,,
Agenda Journal d'un Noob 2025-2026 – Agenda fanfiction Minecraft – Agenda jeu vidéo – Rentrée scolaire 2025-2026,https://www.amazon.fr/Agenda-Journal-dun-Noob-2025-2026/dp/B0DQSSKF13/ref=sr_1_388,Prix non disponible,de Cube Kid et Check-Fai Au | 5 juin 2025,"5,0 sur 5 étoiles, détails de l’évaluation",2,Relié,https://m.media-amazon.com/images/I/61DY0HjP+vL._AC_UY218_.jpg,2025-09-04T08:56:38.716420,Description non disponible depuis la recherche,Stock non disponible,ISBN non disponible,Éditeur non disponible,Date non disponible,Nombre de pages non disponible,Rang de vente non disponible,Religion,25.0,,
L'étalon-bitcoin: l'alternative décentralisée aux banques centrales - édition mise à jour avec un avant-propos de Michael J. Saylor,https://www.amazon.fr/L%C3%A9talon-Bitcoin-Lalternative-d%C3%A9centralis%C3%A9e-banques-centrales/dp/2856083544/ref=sr_1_389,"30,90 €",Saifedean Ammous,"4,5 sur 5 étoiles, détails de l’évaluation",137,Broché,https://m.media-amazon.com/images/I/61FAXeVD1SL._AC_UY218_.jpg,2025-09-04T08:56:38.719262,Description non disponible depuis la recherche,Stock non disponible,ISBN non disponible,Éditeur non disponible,Date non disponible,Nombre de pages non disponible,Rang de vente non disponible,Religion,25.0,,
One Piece - Édition originale - Tome 83: Charlotte Linlin,https://www.amazon.fr/One-Piece-%C3%89dition-originale-Charlotte/dp/2344023216/ref=sr_1_390,"7,20 €",Eiichiro Oda,"4,8 sur 5 étoiles, détails de l’évaluation",494,Broché,https://m.media-amazon.com/images/I/91oynmrsGmL._AC_UY218_.jpg,2025-09-04T08:56:38.721997,Description non disponible depuis la recherche,Stock non disponible,ISBN non disponible,Éditeur non disponible,Date non disponible,Nombre de pages non disponible,Rang de vente non disponible,Religion,25.0,,
One Piece - Édition originale - Tome 84: Luffy versus Sanji,https://www.amazon.fr/One-Piece-%C3%89dition-originale-versus/dp/2344025316/ref=sr_1_391,"7,20 €",de Eiichiro Oda | 4 octobre 2017,"4,9 sur 5 étoiles, détails de l’évaluation",500,Broché,https://m.media-amazon.com/images/I/91V1mv1DPNL._AC_UY218_.jpg,2025-09-04T08:56:38.725453,Description non disponible depuis la recherche,Stock non disponible,ISBN non disponible,Éditeur non disponible,Date non disponible,Nombre de pages non disponible,Rang de vente non disponible,Religion,25.0,,
Pensées,https://www.amazon.fr/Pens%C3%A9es-Blaise-Pascal/dp/2253160695/ref=sr_1_392,"5,90 €",de Blaise Pascal et Philippe Sellier | 23 août 2000,"4,6 sur 5 étoiles, détails de l’évaluation",370,Poche,https://m.media-amazon.com/images/I/71AAqkieMaL._AC_UY218_.jpg,2025-09-04T08:56:38.728752,Description non disponible depuis la recherche,Stock non disponible,ISBN non disponible,Éditeur non disponible,Date non disponible,Nombre de pages non disponible,Rang de vente non disponible,Religion,25.0,,
Kid's Box New Generation Level 3 Pupil's Book with eBook British English,https://www.amazon.fr/Generation-Level-Pupils-British-English/dp/1108815820/ref=sr_1_393,"25,38 €",Coffret produits,"4,8 sur 5 étoiles, détails de l’évaluation",40,Coffret produits,https://m.media-amazon.com/images/I/61DfoIQASAL._AC_UY218_.jpg,2025-09-04T08:56:38.730915,Description non disponible depuis la recherche,Stock non disponible,ISBN non disponible,Éditeur non disponible,Date non disponible,Nombre de pages non disponible,Rang de vente non disponible,Religion,25.0,,
The Giver (The Giver Quartet),https://www.amazon.fr/Giver-Quartet-Lois-Lowry/dp/0007578490/ref=sr_1_394,"9,50 €",Lois Lowry,"4,5 sur 5 étoiles, détails de l’évaluation",40 351,Broché,https://m.media-amazon.com/images/I/7157ctJGaqL._AC_UY218_.jpg,2025-09-04T08:56:38.735114,Description non disponible depuis la recherche,Stock non disponible,ISBN non disponible,Éditeur non disponible,Date non disponible,Nombre de pages non disponible,Rang de vente non disponible,Religion,25.0,,
"Le Secret Atlas : un roman policier de Steve Berry, un thriller qui vous plonge dans une nouvelle enquête de Cotton Malone, roman nouveauté 2024 au coeur de la Seconde Guerre mondiale",https://www.amazon.fr/Secret-Atlas-policier-thriller-nouveaut%C3%A9/dp/2266349937/ref=sr_1_397,"10,30 €",Steve Berry,"4,5 sur 5 étoiles, détails de l’évaluation",312,Poche,https://m.media-amazon.com/images/I/81dOqd23lqL._AC_UY218_.jpg,2025-09-04T08:56:38.744762,Description non disponible depuis la recherche,Stock non disponible,ISBN non disponible,Éditeur non disponible,Date non disponible,Nombre de pages non disponible,Rang de vente non disponible,Religion,25.0,,
"L'ARABE - Apprendre à lire et écrire pour les débutants: Cahier d'écriture arabe pour pratiquer les lettres et les mots, pour les enfants et les débutants en arabe, Apprendre l'alphabet Arabe",https://www.amazon.fr/LARABE-Apprendre-d%C3%A9butants-d%C3%A9criture-pratiquer/dp/B09TN3BLLB/ref=sr_1_398,"10,98 €",Omar JABRANE,"4,5 sur 5 étoiles, détails de l’évaluation",142,Broché,https://m.media-amazon.com/images/I/71dXU9B9L3L._AC_UY218_.jpg,2025-09-04T08:56:38.746896,Description non disponible depuis la recherche,Stock non disponible,ISBN non disponible,Éditeur non disponible,Date non disponible,Nombre de pages non disponible,Rang de vente non disponible,Religion,25.0,,
Astérix - Astérix légionnaire - n°10,https://www.amazon.fr/Ast%C3%A9rix-l%C3%A9gionnaire-n%C2%B010-Ren%C3%A9-Goscinny/dp/2012101429/ref=sr_1_399,"10,90 €",René Goscinny,"4,8 sur 5 étoiles, détails de l’évaluation",838,Relié,https://m.media-amazon.com/images/I/81jbeMe3GYL._AC_UY218_.jpg,2025-09-04T08:56:38.750514,Description non disponible depuis la recherche,Stock non disponible,ISBN non disponible,Éditeur non disponible,Date non disponible,Nombre de pages non disponible,Rang de vente non disponible,Religion,25.0,,
Ma 5e facile ! Tout-en-un adapté aux enfants dyslexiques (DYS) ou en difficulté d'apprentissage,https://www.amazon.fr/Tout-en-enfants-dyslexiques-difficult%C3%A9-dapprentissage/dp/2401106057/ref=sr_1_400,"10,95 €",Stéphanie Aumont,"4,9 sur 5 étoiles, détails de l’évaluation",20,Broché,https://m.media-amazon.com/images/I/71FzcgMkPLL._AC_UY218_.jpg,2025-09-04T08:56:38.753345,Description non disponible depuis la recherche,Stock non disponible,ISBN non disponible,Éditeur non disponible,Date non disponible,Nombre de pages non disponible,Rang de vente non disponible,Religion,25.0,,
Petit Livre de - 800 expressions pour tout dire en japonais,https://www.amazon.fr/Petit-Livre-expressions-pour-japonais/dp/241205374X/ref=sr_1_401,"3,50 €",Kuniko Braghini,"4,5 sur 5 étoiles, détails de l’évaluation",332,Broché,https://m.media-amazon.com/images/I/61N2v6RHV8L._AC_UY218_.jpg,2025-09-04T08:56:38.755909,Description non disponible depuis la recherche,Stock non disponible,ISBN non disponible,Éditeur non disponible,Date non disponible,Nombre de pages non disponible,Rang de vente non disponible,Religion,25.0,,
L'Ami retrouvé,https://www.amazon.fr/LAmi-retrouv%C3%A9-Fred-Uhlman/dp/2070374637/ref=sr_1_402,"8,00 €",Fred Uhlman,"4,6 sur 5 étoiles, détails de l’évaluation",632,Poche,https://m.media-amazon.com/images/I/81oe5oxrLOL._AC_UY218_.jpg,2025-09-04T08:56:38.758733,Description non disponible depuis la recherche,Stock non disponible,ISBN non disponible,Éditeur non disponible,Date non disponible,Nombre de pages non disponible,Rang de vente non disponible,Religion,25.0,,
Histoire 1re - Éd. 2019 - Livre de l'élève,https://www.amazon.fr/Histoire-1re-2019-Livre-l%C3%A9l%C3%A8ve/dp/2401053921/ref=sr_1_403,"35,00 €","de Martin Ivernel, Marie Trelat, et al. | 22 mai 2019","4,4 sur 5 étoiles, détails de l’évaluation",36,Broché,https://m.media-amazon.com/images/I/71zswEN-s6L._AC_UY218_.jpg,2025-09-04T08:56:38.761459,Description non disponible depuis la recherche,Stock non disponible,ISBN non disponible,Éditeur non disponible,Date non disponible,Nombre de pages non disponible,Rang de vente non disponible,Religion,25.0,,
Agenda de bord 2025/2026 professeur d’Arts Plastiques: Carnet de bord A4 pour les enseignants,https://www.amazon.fr/Agenda-bord-professeur-dArts-Plastiques/dp/9403797231/ref=sr_1_404,"11,90 €",Gringolivier editions,"4,4 sur 5 étoiles, détails de l’évaluation",6,Broché,https://m.media-amazon.com/images/I/61mHVHRUN3L._AC_UY218_.jpg,2025-09-04T08:56:38.763364,Description non disponible depuis la recherche,Stock non disponible,ISBN non disponible,Éditeur non disponible,Date non disponible,Nombre de pages non disponible,Rang de vente non disponible,Religion,25.0,,
Atlas historique mondial (nouvelle édition),https://www.amazon.fr/Atlas-historique-mondial-nouvelle-%C3%A9dition/dp/B0C7Z8JG87/ref=sr_1_403,"35,00 €",Christian Grataloup,"4,7 sur 5 étoiles, détails de l’évaluation",73,Relié,https://m.media-amazon.com/images/I/61ml5+rYOvL._AC_UY218_.jpg,2025-09-04T08:56:48.985162,Description non disponible depuis la recherche,Stock non disponible,ISBN non disponible,Éditeur non disponible,Date non disponible,Nombre de pages non disponible,Rang de vente non disponible,Religion,26.0,,
Anglais MPSI - PCSI - PTSI - MP2I - BCPST - MP - PC - PSI - PT - MPI - TSI - ATS - Tout-en-un: Cours - Méthodes détaillées - Vocabulaire - Exercices et sujets de concours corrigés,https://www.amazon.fr/Anglais-MPSI-Tout-en-d%C3%A9taill%C3%A9es-Vocabulaire/dp/2311218840/ref=sr_1_404,"23,90 €","de Antoine Devin, Franck Nebeker, et al. | 10 janvier 2024","4,3 sur 5 étoiles, détails de l’évaluation",7,Broché,https://m.media-amazon.com/images/I/71IcPDGyusL._AC_UY218_.jpg,2025-09-04T08:56:48.987625,Description non disponible depuis la recherche,Stock non disponible,ISBN non disponible,Éditeur non disponible,Date non disponible,Nombre de pages non disponible,Rang de vente non disponible,Religion,26.0,,
"L’odyssée des idées : Culture générale, histoire, philosophie, sociologie, politique, économie et science: Voyage au cœur des faits et des idées, des origines du langage à l'intelligence artificielle",https://www.amazon.fr/Lodyss%C3%A9e-id%C3%A9es-philosophie-lintelligence-artificielle-ebook/dp/B0CVXQSLBQ/ref=sr_1_405,"35,00 €",Stéphane LALUT,"4,4 sur 5 étoiles, détails de l’évaluation",125,Format Kindle,https://m.media-amazon.com/images/I/81YoQ4ef-pL._AC_UY218_.jpg,2025-09-04T08:56:48.990082,Description non disponible depuis la recherche,Stock non disponible,ISBN non disponible,Éditeur non disponible,Date non disponible,Nombre de pages non disponible,Rang de vente non disponible,Religion,26.0,,
"Classics & Co Anglais LLCE 1re - Death of a Salesman, Arthur Miller - Éd. 2021 - Livre élève",https://www.amazon.fr/Classics-Co-Anglais-LLCE-1re/dp/240107726X/ref=sr_1_406,"7,90 €",de Christelle Ha Soon-Lahaye | 18 août 2021,"4,7 sur 5 étoiles, détails de l’évaluation",173,Broché,https://m.media-amazon.com/images/I/712DTc0PaPL._AC_UY218_.jpg,2025-09-04T08:56:48.992967,Description non disponible depuis la recherche,Stock non disponible,ISBN non disponible,Éditeur non disponible,Date non disponible,Nombre de pages non disponible,Rang de vente non disponible,Religion,26.0,,
Agenda Chats et chatons 2025-2026,https://www.amazon.fr/Agenda-Chats-chatons-2025-2026-Collectif/dp/2385430797/ref=sr_1_407,"11,50 €",de Collectif | 5 juin 2025,"5,0 sur 5 étoiles, détails de l’évaluation",1,Relié,https://m.media-amazon.com/images/I/41JNKJjuSiL._AC_UY218_.jpg,2025-09-04T08:56:48.995867,Description non disponible depuis la recherche,Stock non disponible,ISBN non disponible,Éditeur non disponible,Date non disponible,Nombre de pages non disponible,Rang de vente non disponible,Religion,26.0,,
Learn Easy: Le vocabulaire anglais de l'étudiant. L'essentiel du vocabulaire général et journalistique en 260 fiches thématiques,https://www.amazon.fr/vocabulaire-l%C3%A9tudiant-Lessentiel-journalistique-th%C3%A9matiques/dp/234002269X/ref=sr_1_408,"17,00 €",Daniel Gandrillon,"4,5 sur 5 étoiles, détails de l’évaluation",22,Broché,https://m.media-amazon.com/images/I/511PjePBuWL._AC_UY218_.jpg,2025-09-04T08:56:48.998742,Description non disponible depuis la recherche,Stock non disponible,ISBN non disponible,Éditeur non disponible,Date non disponible,Nombre de pages non disponible,Rang de vente non disponible,Religion,26.0,,
Bescherelle - anglais : la grammaire,https://www.amazon.fr/Bescherelle-anglais-grammaire-Mich%C3%A8le-Malavieille/dp/2218926199/ref=sr_1_409,"11,50 €",Michèle Malavieille,"4,7 sur 5 étoiles, détails de l’évaluation",531,Broché,https://m.media-amazon.com/images/I/71TPcKuTaqL._AC_UY218_.jpg,2025-09-04T08:56:49.002015,Description non disponible depuis la recherche,Stock non disponible,ISBN non disponible,Éditeur non disponible,Date non disponible,Nombre de pages non disponible,Rang de vente non disponible,Religion,26.0,,
Bled Collège Français,https://www.amazon.fr/Bled-Coll%C3%A8ge-Fran%C3%A7ais-Isabelle-Lisle/dp/2017223972/ref=sr_1_410,"10,90 €",de Isabelle de Lisle et Karine JUILLIEN | 5 juillet 2023,"4,8 sur 5 étoiles, détails de l’évaluation",66,Relié,https://m.media-amazon.com/images/I/71YXW09-q+L._AC_UY218_.jpg,2025-09-04T08:56:49.004608,Description non disponible depuis la recherche,Stock non disponible,ISBN non disponible,Éditeur non disponible,Date non disponible,Nombre de pages non disponible,Rang de vente non disponible,Religion,26.0,,
Mon organisateur de mariage :: Wedding planner | Livre de mariage à remplir pour préparer et organiser le plus beau jour de votre vie,https://www.amazon.fr/Mon-organisateur-mariage-pr%C3%A9parer-organiser/dp/2959077911/ref=sr_1_413,"22,74 €",de Happy Stories | 9 février 2024,"4,9 sur 5 étoiles, détails de l’évaluation",23,Relié,https://m.media-amazon.com/images/I/519mdlZglYL._AC_UY218_.jpg,2025-09-04T08:56:49.013932,Description non disponible depuis la recherche,Stock non disponible,ISBN non disponible,Éditeur non disponible,Date non disponible,Nombre de pages non disponible,Rang de vente non disponible,Religion,26.0,,
Bled Anglais Vocabulaire,https://www.amazon.fr/Bled-Anglais-Vocabulaire-Isabelle-Perrin/dp/2017151130/ref=sr_1_414,"9,90 €","de Isabelle Perrin, Annie Sussel, et al. | 7 juillet 2021","4,6 sur 5 étoiles, détails de l’évaluation",111,Broché,https://m.media-amazon.com/images/I/71jCu5x99ML._AC_UY218_.jpg,2025-09-04T08:56:49.016516,Description non disponible depuis la recherche,Stock non disponible,ISBN non disponible,Éditeur non disponible,Date non disponible,Nombre de pages non disponible,Rang de vente non disponible,Religion,26.0,,
Kid's Box New Generation Starter Class Book with Digital Pack British English,https://www.amazon.fr/Generation-Starter-Digital-British-English/dp/1108895409/ref=sr_1_415,"18,94 €",Coffret produits,"4,4 sur 5 étoiles, détails de l’évaluation",26,Coffret produits,https://m.media-amazon.com/images/I/61OcFcBoKYL._AC_UY218_.jpg,2025-09-04T08:56:49.018995,Description non disponible depuis la recherche,Stock non disponible,ISBN non disponible,Éditeur non disponible,Date non disponible,Nombre de pages non disponible,Rang de vente non disponible,Religion,26.0,,
Cahier d'exercices de français CM1: Une collection conçue par Lutin Bazar,https://www.amazon.fr/Cahier-dexercices-fran%C3%A7ais-CM1-cahier/dp/2210778751/ref=sr_1_416,"5,90 €",de Aurore Pigeon Belay et Morgane Céard | 14 février 2024,"4,3 sur 5 étoiles, détails de l’évaluation",20,Broché,https://m.media-amazon.com/images/I/61W1mN05biL._AC_UY218_.jpg,2025-09-04T08:56:49.021815,Description non disponible depuis la recherche,Stock non disponible,ISBN non disponible,Éditeur non disponible,Date non disponible,Nombre de pages non disponible,Rang de vente non disponible,Religion,26.0,,
One Piece - Édition originale - Tome 87: Impitoyable,https://www.amazon.fr/One-Piece-%C3%89dition-originale-piti%C3%A9/dp/2344030042/ref=sr_1_417,"7,20 €",Eiichiro Oda,"4,8 sur 5 étoiles, détails de l’évaluation",510,Broché,https://m.media-amazon.com/images/I/91AFBJWAUbL._AC_UY218_.jpg,2025-09-04T08:56:49.024647,Description non disponible depuis la recherche,Stock non disponible,ISBN non disponible,Éditeur non disponible,Date non disponible,Nombre de pages non disponible,Rang de vente non disponible,Religion,26.0,,
"La Grande Encyclopédie des Enfants Curieux: Explore la Terre, les étoiles, les animaux et les mystères de la science avec un langage clair et des illustrations captivantes (6–10 ans).",https://www.amazon.fr/Grande-Encyclop%C3%A9die-Enfants-Curieux-illustrations/dp/B0F7HH7G4P/ref=sr_1_418,"14,95 €",de Eva Desrosiers | 4 mai 2025,"La Grande Encyclopédie des Enfants Curieux: Explore la Terre, les étoiles, les animaux et les mystères de la science avec un langage clair et des illustrations captivantes (6–10 ans).",107,Broché,https://m.media-amazon.com/images/I/711Y0sSpJVL._AC_UY218_.jpg,2025-09-04T08:56:49.027165,Description non disponible depuis la recherche,Stock non disponible,ISBN non disponible,Éditeur non disponible,Date non disponible,Nombre de pages non disponible,Rang de vente non disponible,Religion,26.0,,
Les Remèdes Naturels qu'ILS ne veulent pas que vous connaissiez,https://www.amazon.fr/Rem%C3%A8des-Naturels-quILS-veulent-connaissiez/dp/B0BRDHRF2T/ref=sr_1_419,"27,00 €",Kevin Trudeau,"4,4 sur 5 étoiles, détails de l’évaluation",143,Broché,https://m.media-amazon.com/images/I/71so10AgWqL._AC_UY218_.jpg,2025-09-04T08:56:49.029366,Description non disponible depuis la recherche,Stock non disponible,ISBN non disponible,Éditeur non disponible,Date non disponible,Nombre de pages non disponible,Rang de vente non disponible,Religion,26.0,,
Cahier d'exercices - Anglais: 10 minutes par jour pour progresser,https://www.amazon.fr/Cahier-dexercices-Anglais-minutes-progresser/dp/2501190831/ref=sr_1_420,"12,90 €",de Paul Marzaioli | 15 janvier 2025,"4,5 sur 5 étoiles, détails de l’évaluation",8,Broché,https://m.media-amazon.com/images/I/71VcjnC2qIL._AC_UY218_.jpg,2025-09-04T08:56:49.032922,Description non disponible depuis la recherche,Stock non disponible,ISBN non disponible,Éditeur non disponible,Date non disponible,Nombre de pages non disponible,Rang de vente non disponible,Religion,26.0,,
Agenda Kawaii 2025-2026,https://www.amazon.fr/Agenda-Kawaii-2025-2026-Collectif/dp/2385430746/ref=sr_1_419,"11,50 €",de Collectif | 5 juin 2025,"5,0 sur 5 étoiles, détails de l’évaluation",1,Relié,https://m.media-amazon.com/images/I/51iiDYds0HL._AC_UY218_.jpg,2025-09-04T08:56:58.517172,Description non disponible depuis la recherche,Stock non disponible,ISBN non disponible,Éditeur non disponible,Date non disponible,Nombre de pages non disponible,Rang de vente non disponible,Religion,27.0,,
30 jours pour démarrer l'anglais,https://www.amazon.fr/jours-pour-d%C3%A9marrer-anglais-English/dp/2036063314/ref=sr_1_420,"15,99 €",de Madame Léa in Léa English | 20 août 2025,"5,0 sur 5 étoiles, détails de l’évaluation",1,Broché,https://m.media-amazon.com/images/I/81fe4MME10L._AC_UY218_.jpg,2025-09-04T08:56:58.519577,Description non disponible depuis la recherche,Stock non disponible,ISBN non disponible,Éditeur non disponible,Date non disponible,Nombre de pages non disponible,Rang de vente non disponible,Religion,27.0,,
One Piece - Édition originale - Tome 82: Un monde en pleine agitation,https://www.amazon.fr/One-Piece-%C3%89dition-originale-agitation/dp/2344020438/ref=sr_1_421,"7,20 €",Eiichiro Oda,"4,9 sur 5 étoiles, détails de l’évaluation",482,Broché,https://m.media-amazon.com/images/I/91y3-WFZbQL._AC_UY218_.jpg,2025-09-04T08:56:58.522231,Description non disponible depuis la recherche,Stock non disponible,ISBN non disponible,Éditeur non disponible,Date non disponible,Nombre de pages non disponible,Rang de vente non disponible,Religion,27.0,,
"Les 35 signes de l'au-delà: Apprenez à les accueillir, à les comprendre et à les solliciter",https://www.amazon.fr/signes-lau-del%C3%A0-accueillir-comprendre-solliciter/dp/2290412074/ref=sr_1_422,"21,00 €",Stéphanie Dejean,"4,4 sur 5 étoiles, détails de l’évaluation",784,Broché,https://m.media-amazon.com/images/I/61O-1NWfH4L._AC_UY218_.jpg,2025-09-04T08:56:58.524926,Description non disponible depuis la recherche,Stock non disponible,ISBN non disponible,Éditeur non disponible,Date non disponible,Nombre de pages non disponible,Rang de vente non disponible,Religion,27.0,,
Anatomie et vocabulaire médical: Schémas - Lexique - Exercices,https://www.amazon.fr/Anatomie-vocabulaire-m%C3%A9dical-Sch%C3%A9mas-Exercices/dp/231166574X/ref=sr_1_423,"16,00 €",Evelyne Berdagué,Note non disponible,0 avis,Broché,https://m.media-amazon.com/images/I/71EgZIZ6MrL._AC_UY218_.jpg,2025-09-04T08:56:58.527889,Description non disponible depuis la recherche,Stock non disponible,ISBN non disponible,Éditeur non disponible,Date non disponible,Nombre de pages non disponible,Rang de vente non disponible,Religion,27.0,,
Kid's Box New Generation Level 4 Activity Book with Digital Pack British English,https://www.amazon.fr/Generation-Activity-Digital-British-English/dp/1108889972/ref=sr_1_424_mod_primary_new,"23,32 €",Coffret produits,"4,7 sur 5 étoiles, détails de l’évaluation",46,Coffret produits,https://m.media-amazon.com/images/I/61Qqs2QukoL._AC_UY218_.jpg,2025-09-04T08:56:58.530965,Description non disponible depuis la recherche,Stock non disponible,ISBN non disponible,Éditeur non disponible,Date non disponible,Nombre de pages non disponible,Rang de vente non disponible,Religion,27.0,,
Orwell - 1984 / Nineteen Eighty-Four. English Edition: A special edition hardcover embossed with silver foil,https://www.amazon.fr/Orwell-Nineteen-Eighty-Four-hardcover-embossing/dp/373061438X/ref=sr_1_425,"7,89 €",George Orwell,"4,7 sur 5 étoiles, détails de l’évaluation",172,Relié,https://m.media-amazon.com/images/I/818C5YoQ0GL._AC_UY218_.jpg,2025-09-04T08:56:58.533000,Description non disponible depuis la recherche,Stock non disponible,ISBN non disponible,Éditeur non disponible,Date non disponible,Nombre de pages non disponible,Rang de vente non disponible,Religion,27.0,,
Cahier d'exercices anglais débutant/faux débutant pour les Nuls grand format,https://www.amazon.fr/Cahier-dexercices-anglais-d%C3%A9butant-format/dp/2754089365/ref=sr_1_426,"9,95 €",Claire Costello,"4,4 sur 5 étoiles, détails de l’évaluation",709,Broché,https://m.media-amazon.com/images/I/71+9tnqh9FL._AC_UY218_.jpg,2025-09-04T08:56:58.535030,Description non disponible depuis la recherche,Stock non disponible,ISBN non disponible,Éditeur non disponible,Date non disponible,Nombre de pages non disponible,Rang de vente non disponible,Religion,27.0,,
Swan & Néo – Agenda de textes – Avec des stickers – Dès 5 ans,https://www.amazon.fr/Swan-N%C3%A9o-Agenda-textes-stickers/dp/2821216629/ref=sr_1_429,"9,95 €",Swan & Néo,"4,8 sur 5 étoiles, détails de l’évaluation",280,Relié,https://m.media-amazon.com/images/I/61Nb2KIC6+L._AC_UY218_.jpg,2025-09-04T08:56:58.543901,Description non disponible depuis la recherche,Stock non disponible,ISBN non disponible,Éditeur non disponible,Date non disponible,Nombre de pages non disponible,Rang de vente non disponible,Religion,27.0,,
Astérix - Le combat des chefs - n°7,https://www.amazon.fr/Ast%C3%A9rix-combat-chefs-Ren%C3%A9-Goscinny/dp/2012101399/ref=sr_1_430,"10,90 €",René Goscinny,"4,8 sur 5 étoiles, détails de l’évaluation",795,Relié,https://m.media-amazon.com/images/I/81o0F-fs5NL._AC_UY218_.jpg,2025-09-04T08:56:58.546721,Description non disponible depuis la recherche,Stock non disponible,ISBN non disponible,Éditeur non disponible,Date non disponible,Nombre de pages non disponible,Rang de vente non disponible,Religion,27.0,,
One Piece - Édition originale - Tome 88: Lionne,https://www.amazon.fr/One-Piece-%C3%89dition-originale-Lionne/dp/2344030050/ref=sr_1_431,"7,20 €",Eiichiro Oda,"4,9 sur 5 étoiles, détails de l’évaluation",550,Broché,https://m.media-amazon.com/images/I/91lwdO6Z0xL._AC_UY218_.jpg,2025-09-04T08:56:58.549445,Description non disponible depuis la recherche,Stock non disponible,ISBN non disponible,Éditeur non disponible,Date non disponible,Nombre de pages non disponible,Rang de vente non disponible,Religion,27.0,,
Français 3éme livre de l'élève - Grand format - Nouveau programme 2016,https://www.amazon.fr/Fran%C3%A7ais-3%C3%A9me-livre-l%C3%A9l%C3%A8ve-programme/dp/2701197376/ref=sr_1_432,"33,90 €",Florence Randanne,"4,6 sur 5 étoiles, détails de l’évaluation",26,Broché,https://m.media-amazon.com/images/I/81SRgbUYvsL._AC_UY218_.jpg,2025-09-04T08:56:58.551632,Description non disponible depuis la recherche,Stock non disponible,ISBN non disponible,Éditeur non disponible,Date non disponible,Nombre de pages non disponible,Rang de vente non disponible,Religion,27.0,,
"MINECRAFT, LE GUIDE DE LA REDSTONE",https://www.amazon.fr/Minecraft-guide-officiel-redstone-Collectif/dp/2075165998/ref=sr_1_433,"12,50 €",de Collectif et Alexandre Fil | 6 avril 2023,"4,8 sur 5 étoiles, détails de l’évaluation",106,Poche,https://m.media-amazon.com/images/I/81fli65lexL._AC_UY218_.jpg,2025-09-04T08:56:58.554149,Description non disponible depuis la recherche,Stock non disponible,ISBN non disponible,Éditeur non disponible,Date non disponible,Nombre de pages non disponible,Rang de vente non disponible,Religion,27.0,,
Édito B1 - édition 2022-2024 - Livre + didierfle.app,https://www.amazon.fr/Edito-B1-%C3%A9dition-didierfle-app-Nouvelle/dp/2278108549/ref=sr_1_434,"21,80 €","de Elodie Heu, Marie Gatin, et al. | 12 avril 2023","4,6 sur 5 étoiles, détails de l’évaluation",83,Broché,https://m.media-amazon.com/images/I/81bPUrop5eL._AC_UY218_.jpg,2025-09-04T08:56:58.556845,Description non disponible depuis la recherche,Stock non disponible,ISBN non disponible,Éditeur non disponible,Date non disponible,Nombre de pages non disponible,Rang de vente non disponible,Religion,27.0,,
"Le Grand Livre De La MANIPULATION MENTALE: 7 LIVRES EN 1 : Comment Démêler les Tromperies de l'Esprit, Dévoiler Tous les Secrets de la Manipulation et Maîtriser les Techniques de Persuasion.",https://www.amazon.fr/Grand-Livre-MANIPULATION-MENTALE-Manipulation/dp/B0C63YRZ4P/ref=sr_1_435,"14,90 €",James Path,"4,4 sur 5 étoiles, détails de l’évaluation",65,Broché,https://m.media-amazon.com/images/I/61S4MwRJOqL._AC_UY218_.jpg,2025-09-04T08:56:58.559843,Description non disponible depuis la recherche,Stock non disponible,ISBN non disponible,Éditeur non disponible,Date non disponible,Nombre de pages non disponible,Rang de vente non disponible,Religion,27.0,,
Français 6e - Cahier Jour Soir: Conçu et recommandé par les enseignants,https://www.amazon.fr/Fran%C3%A7ais-6e-Cahier-recommand%C3%A9-enseignants/dp/2210784948/ref=sr_1_436,"7,60 €",de Florence Randanne et Stéphane Devin | 13 janvier 2025,"4,9 sur 5 étoiles, détails de l’évaluation",17,Broché,https://m.media-amazon.com/images/I/71Vyx+LN21L._AC_UY218_.jpg,2025-09-04T08:56:58.562382,Description non disponible depuis la recherche,Stock non disponible,ISBN non disponible,Éditeur non disponible,Date non disponible,Nombre de pages non disponible,Rang de vente non disponible,Religion,27.0,,
La physique quantique pour les Nuls en 50 notions clés - L'essentiel pour tout comprendre: L'essentiel pour tout comprendre,https://www.amazon.fr/physique-quantique-pour-Nuls-notions/dp/2412038724/ref=sr_1_435,"9,95 €",Blandine Pluchet,"4,5 sur 5 étoiles, détails de l’évaluation",776,Poche,https://m.media-amazon.com/images/I/61UG-qN8WIL._AC_UY218_.jpg,2025-09-04T08:57:09.901922,Description non disponible depuis la recherche,Stock non disponible,ISBN non disponible,Éditeur non disponible,Date non disponible,Nombre de pages non disponible,Rang de vente non disponible,Religion,28.0,,
Immunopathologie: Réussir son DFASM - Connaissances clés,https://www.amazon.fr/Immunopathologie-R%C3%A9ussir-DFASM-Connaissances-cl%C3%A9s/dp/2294775074/ref=sr_1_436,"33,00 €",de Collège des Enseignants d'Immunologie | 17 août 2022,"4,8 sur 5 étoiles, détails de l’évaluation",14,Broché,https://m.media-amazon.com/images/I/71d2Yl40p1L._AC_UY218_.jpg,2025-09-04T08:57:09.906066,Description non disponible depuis la recherche,Stock non disponible,ISBN non disponible,Éditeur non disponible,Date non disponible,Nombre de pages non disponible,Rang de vente non disponible,Religion,28.0,,
Lecture fluide CM1-CM2 - 10-11 ans: Maître Lucas Par matière,https://www.amazon.fr/Lecture-fluide-CM1-CM2-Ma%C3%AEtre-mati%C3%A8re/dp/2401104992/ref=sr_1_437,"6,50 €",de Stéphanie Grison | 21 août 2024,"4,9 sur 5 étoiles, détails de l’évaluation",16,Broché,https://m.media-amazon.com/images/I/713q-FpDSjL._AC_UY218_.jpg,2025-09-04T08:57:09.909105,Description non disponible depuis la recherche,Stock non disponible,ISBN non disponible,Éditeur non disponible,Date non disponible,Nombre de pages non disponible,Rang de vente non disponible,Religion,28.0,,
The Tempest,https://www.amazon.fr/Tempest-Rex-Gibson/dp/1107615534/ref=sr_1_438,"9,50 €",William Shakespeare,"4,6 sur 5 étoiles, détails de l’évaluation",198,Broché,https://m.media-amazon.com/images/I/610vQu4FmlL._AC_UY218_.jpg,2025-09-04T08:57:09.911848,Description non disponible depuis la recherche,Stock non disponible,ISBN non disponible,Éditeur non disponible,Date non disponible,Nombre de pages non disponible,Rang de vente non disponible,Religion,28.0,,
Les Nouveaux Outils pour le Français CM1 (2016) - Manuel de l'élève,https://www.amazon.fr/Fran%C3%A7ais-cycle-nouveaux-outils-fran%C3%A7ais/dp/221050208X/ref=sr_1_439,"16,50 €",Sylvie Bordron,"4,7 sur 5 étoiles, détails de l’évaluation",212,Broché,https://m.media-amazon.com/images/I/71TkqSeSrPL._AC_UY218_.jpg,2025-09-04T08:57:09.914230,Description non disponible depuis la recherche,Stock non disponible,ISBN non disponible,Éditeur non disponible,Date non disponible,Nombre de pages non disponible,Rang de vente non disponible,Religion,28.0,,
Le dictionnaire Larousse Junior poche Plus - 7/11 ans - CE/CM,https://www.amazon.fr/dictionnaire-Larousse-Junior-poche-Plus/dp/2036068766/ref=sr_1_440,"13,95 €",Larousse,Note non disponible,0 avis,Broché,https://m.media-amazon.com/images/I/7169xA84lXL._AC_UY218_.jpg,2025-09-04T08:57:09.916657,Description non disponible depuis la recherche,Stock non disponible,ISBN non disponible,Éditeur non disponible,Date non disponible,Nombre de pages non disponible,Rang de vente non disponible,Religion,28.0,,
"Dictionnaire des symboles : Mythes, rêves, coutumes, gestes, formes, figures, couleurs, nombres",https://www.amazon.fr/Dictionnaire-symboles-coutumes-figures-couleurs/dp/222108716X/ref=sr_1_441,"27,00 €",Alain Gheerbrant,"4,5 sur 5 étoiles, détails de l’évaluation",940,Poche,https://m.media-amazon.com/images/I/71yNd+iZfcL._AC_UY218_.jpg,2025-09-04T08:57:09.919539,Description non disponible depuis la recherche,Stock non disponible,ISBN non disponible,Éditeur non disponible,Date non disponible,Nombre de pages non disponible,Rang de vente non disponible,Religion,28.0,,
Agenda de bord 2025/2026 prof en SEGPA: Carnet de bord A4 pour les professeurs,https://www.amazon.fr/Agenda-bord-2025-2026-SEGPA/dp/9403786469/ref=sr_1_442,"11,90 €",Gringolivier editions,Note non disponible,0 avis,Broché,https://m.media-amazon.com/images/I/61RGddiZM3L._AC_UY218_.jpg,2025-09-04T08:57:09.921580,Description non disponible depuis la recherche,Stock non disponible,ISBN non disponible,Éditeur non disponible,Date non disponible,Nombre de pages non disponible,Rang de vente non disponible,Religion,28.0,,
Décodage biologique des maladies: L’encyclopédie des correspondances symptômes-émotions,https://www.amazon.fr/D%C3%A9codage-biologique-maladies-correspondances-sympt%C3%B4mes-%C3%A9motions/dp/2840589419/ref=sr_1_445,"29,90 €",Christian Flèche,"4,4 sur 5 étoiles, détails de l’évaluation",8,Broché,https://m.media-amazon.com/images/I/71YTrd714aL._AC_UY218_.jpg,2025-09-04T08:57:09.930480,Description non disponible depuis la recherche,Stock non disponible,ISBN non disponible,Éditeur non disponible,Date non disponible,Nombre de pages non disponible,Rang de vente non disponible,Religion,28.0,,
I (do) speak English,https://www.amazon.fr/do-speak-English-Paul-Marzaioli/dp/2501177436/ref=sr_1_446,"16,90 €",de Paul Marzaioli | 16 août 2023,"4,6 sur 5 étoiles, détails de l’évaluation",77,Broché,https://m.media-amazon.com/images/I/71jO5LjmjsL._AC_UY218_.jpg,2025-09-04T08:57:09.933101,Description non disponible depuis la recherche,Stock non disponible,ISBN non disponible,Éditeur non disponible,Date non disponible,Nombre de pages non disponible,Rang de vente non disponible,Religion,28.0,,
"Na also !: Zoom sur les points essentiels de la grammaire allemande, 900 phrases de thème grammatical ciblées, graduées et corrigées",https://www.amazon.fr/also-essentiels-grammaire-allemande-grammatical/dp/2729874399/ref=sr_1_447,"18,50 €",Waltraud Legros,"4,7 sur 5 étoiles, détails de l’évaluation",34,Broché,https://m.media-amazon.com/images/I/71J9YUcLPhL._AC_UY218_.jpg,2025-09-04T08:57:09.934989,Description non disponible depuis la recherche,Stock non disponible,ISBN non disponible,Éditeur non disponible,Date non disponible,Nombre de pages non disponible,Rang de vente non disponible,Religion,28.0,,
One Piece - Édition originale - Tome 80: Vers une bataille sans précédent,https://www.amazon.fr/One-Piece-originale-bataille-pr%C3%A9c%C3%A9dent/dp/234401747X/ref=sr_1_448,"7,20 €",Eiichiro Oda,"4,9 sur 5 étoiles, détails de l’évaluation",476,Broché,https://m.media-amazon.com/images/I/91hQ2G7SI9L._AC_UY218_.jpg,2025-09-04T08:57:09.937659,Description non disponible depuis la recherche,Stock non disponible,ISBN non disponible,Éditeur non disponible,Date non disponible,Nombre de pages non disponible,Rang de vente non disponible,Religion,28.0,,
Mémo anglais B2-C1 (classes prépas/ens. supérieur) - édition 2016,https://www.amazon.fr/anglais-B2-C1-classes-pr%C3%A9pas-sup%C3%A9rieur/dp/2362460576/ref=sr_1_449,"6,30 €",Elise Peizerat,"4,6 sur 5 étoiles, détails de l’évaluation",327,Broché,https://m.media-amazon.com/images/I/71Z1+iRGbwL._AC_UY218_.jpg,2025-09-04T08:57:09.939447,Description non disponible depuis la recherche,Stock non disponible,ISBN non disponible,Éditeur non disponible,Date non disponible,Nombre de pages non disponible,Rang de vente non disponible,Religion,28.0,,
La Brouille,https://www.amazon.fr/Brouille-Claude-Boujon/dp/2211010482/ref=sr_1_450,"6,00 €",Claude Boujon,"4,8 sur 5 étoiles, détails de l’évaluation",256,Poche,https://m.media-amazon.com/images/I/61VH-JT4ovL._AC_UY218_.jpg,2025-09-04T08:57:09.942857,Description non disponible depuis la recherche,Stock non disponible,ISBN non disponible,Éditeur non disponible,Date non disponible,Nombre de pages non disponible,Rang de vente non disponible,Religion,28.0,,
Atlas de l'Inde: Une nouvelle puissance mondiale,https://www.amazon.fr/Atlas-lInde-nouvelle-puissance-mondiale/dp/2746743043/ref=sr_1_451,"24,00 €",Isabelle Saint-Mézard,"4,8 sur 5 étoiles, détails de l’évaluation",11,Broché,https://m.media-amazon.com/images/I/81FVA2mvJKL._AC_UY218_.jpg,2025-09-04T08:57:09.946122,Description non disponible depuis la recherche,Stock non disponible,ISBN non disponible,Éditeur non disponible,Date non disponible,Nombre de pages non disponible,Rang de vente non disponible,Religion,28.0,,
Prêt-à-réviser. Grammaire synthétique de l'anglais en 60 fiches pratiques et exercices corrigés • [B2-C1] • 2e édition augmentée,https://www.amazon.fr/Grammaire-synth%C3%A9tique-anglais-B2-C1-Cascade/dp/2340047773/ref=sr_1_452,"18,50 €",Joël Cascade,"4,5 sur 5 étoiles, détails de l’évaluation",13,Broché,https://m.media-amazon.com/images/I/61+3vY5yUsL._AC_UY218_.jpg,2025-09-04T08:57:09.948545,Description non disponible depuis la recherche,Stock non disponible,ISBN non disponible,Éditeur non disponible,Date non disponible,Nombre de pages non disponible,Rang de vente non disponible,Religion,28.0,,
Cours de coréen ! La boîte Hangeul: 250 cartes pour maîtriser les mots essentiels en coréen,https://www.amazon.fr/Cours-cor%C3%A9en-bo%C3%AEte-Hangeul-essentiels/dp/2017305154/ref=sr_1_451,"24,95 €",de Jake - The Korean Dream | 27 août 2025,"5,0 sur 5 étoiles, détails de l’évaluation",1,Broché,https://m.media-amazon.com/images/I/61zUftnsSbL._AC_UY218_.jpg,2025-09-04T08:57:20.659588,Description non disponible depuis la recherche,Stock non disponible,ISBN non disponible,Éditeur non disponible,Date non disponible,Nombre de pages non disponible,Rang de vente non disponible,Religion,29.0,,
Super forts en conjugaison CE1 - CE2 - La méthode SUPER efficace pour devenir imbattable,https://www.amazon.fr/Super-forts-conjugaison-CE1-imbattable/dp/2047407222/ref=sr_1_452,"5,99 €",de Hervé Le Madec et Patrick Morize | 10 avril 2025,"5,0 sur 5 étoiles, détails de l’évaluation",3,Broché,https://m.media-amazon.com/images/I/61NzrnM-xoL._AC_UY218_.jpg,2025-09-04T08:57:20.662092,Description non disponible depuis la recherche,Stock non disponible,ISBN non disponible,Éditeur non disponible,Date non disponible,Nombre de pages non disponible,Rang de vente non disponible,Religion,29.0,,
Lexique des termes littéraires,https://www.amazon.fr/Lexique-termes-litt%C3%A9raires-Michel-Jarrety/dp/2253067458/ref=sr_1_453,"9,70 €",Michel Jarrety,"4,6 sur 5 étoiles, détails de l’évaluation",222,Poche,https://m.media-amazon.com/images/I/71F8TUUKI7L._AC_UY218_.jpg,2025-09-04T08:57:20.664298,Description non disponible depuis la recherche,Stock non disponible,ISBN non disponible,Éditeur non disponible,Date non disponible,Nombre de pages non disponible,Rang de vente non disponible,Religion,29.0,,
"Énigmes à tous les étages, Tome 02: Les douze mauvais coups de minuit",https://www.amazon.fr/NE-Enigmes-%C3%A0-tous-%C3%A9tages/dp/B08QBPSBQD/ref=sr_1_454,"12,90 €",Paul Martin,"4,8 sur 5 étoiles, détails de l’évaluation",113,Broché,https://m.media-amazon.com/images/I/818FCXBx8rL._AC_UY218_.jpg,2025-09-04T08:57:20.666362,Description non disponible depuis la recherche,Stock non disponible,ISBN non disponible,Éditeur non disponible,Date non disponible,Nombre de pages non disponible,Rang de vente non disponible,Religion,29.0,,
Les Bienfaits de l'Épreuve,https://www.amazon.fr/Bienfaits-l%C3%89preuve-Muslim-Life/dp/1952608287/ref=sr_1_455,"11,99 €",Muslim Life,"4,7 sur 5 étoiles, détails de l’évaluation",367,Broché,https://m.media-amazon.com/images/I/71ciEhrhBFL._AC_UY218_.jpg,2025-09-04T08:57:20.669466,Description non disponible depuis la recherche,Stock non disponible,ISBN non disponible,Éditeur non disponible,Date non disponible,Nombre de pages non disponible,Rang de vente non disponible,Religion,29.0,,
Kid's Box New Generation Level 1 Pupil's Book with eBook British English,https://www.amazon.fr/Generation-Level-Pupils-British-English/dp/110881557X/ref=sr_1_456,"23,93 €",Caroline Nixon,"4,6 sur 5 étoiles, détails de l’évaluation",49,Coffret produits,https://m.media-amazon.com/images/I/61RuVZmNfeL._AC_UY218_.jpg,2025-09-04T08:57:20.672062,Description non disponible depuis la recherche,Stock non disponible,ISBN non disponible,Éditeur non disponible,Date non disponible,Nombre de pages non disponible,Rang de vente non disponible,Religion,29.0,,
Portugais débutants (cahier d'exercices),https://www.amazon.fr/Portugais-d%C3%A9butants-cahier-dexercices-Valente/dp/2700509862/ref=sr_1_457,"11,90 €",Lisa Valente Pires,"4,6 sur 5 étoiles, détails de l’évaluation",18,Couverture à spirales,https://m.media-amazon.com/images/I/61jKTS8OyBL._AC_UY218_.jpg,2025-09-04T08:57:20.674072,Description non disponible depuis la recherche,Stock non disponible,ISBN non disponible,Éditeur non disponible,Date non disponible,Nombre de pages non disponible,Rang de vente non disponible,Religion,29.0,,
Man's Search For Meaning: The classic tribute to hope from the Holocaust,https://www.amazon.fr/Mans-Search-Meaning-classic-Holocaust/dp/1846041244/ref=sr_1_458,"10,91 €",Viktor E Frankl,"4,7 sur 5 étoiles, détails de l’évaluation",92 491,Broché,https://m.media-amazon.com/images/I/61157LApbuL._AC_UY218_.jpg,2025-09-04T08:57:20.678319,Description non disponible depuis la recherche,Stock non disponible,ISBN non disponible,Éditeur non disponible,Date non disponible,Nombre de pages non disponible,Rang de vente non disponible,Religion,29.0,,
30 jours pour se remettre à l'anglais,https://www.amazon.fr/30-jours-pour-remettre-langlais/dp/2036063225/ref=sr_1_461,"15,95 €",Léa English,"4,6 sur 5 étoiles, détails de l’évaluation",41,Broché,https://m.media-amazon.com/images/I/81YnTzcE-GL._AC_UY218_.jpg,2025-09-04T08:57:20.686731,Description non disponible depuis la recherche,Stock non disponible,ISBN non disponible,Éditeur non disponible,Date non disponible,Nombre de pages non disponible,Rang de vente non disponible,Religion,29.0,,
"Juger, auteur par auteur: Littérature, philosophie, culture générale. Prépa ECG. Concours 202",https://www.amazon.fr/Juger-auteur-par-Litt%C3%A9rature-philosophie/dp/2340101549/ref=sr_1_462,"22,50 €",Guillaume Tonning,Note non disponible,0 avis,Broché,https://m.media-amazon.com/images/I/61xeSeRIg+L._AC_UY218_.jpg,2025-09-04T08:57:20.689874,Description non disponible depuis la recherche,Stock non disponible,ISBN non disponible,Éditeur non disponible,Date non disponible,Nombre de pages non disponible,Rang de vente non disponible,Religion,29.0,,
Almanach Keto: Plus de 140 recettes hypo inflammatoires et le socle de connaissances pour réparer le métabolisme d’Homo sapiens,https://www.amazon.fr/Almanach-Keto-inflammatoires-connaissances-m%C3%A9tabolisme/dp/B0F91MCY3J/ref=sr_1_463,"31,54 €",de Géraldine DEZ et Salomé SELLOUK | 15 mai 2025,"4,2 sur 5 étoiles, détails de l’évaluation",10,Broché,https://m.media-amazon.com/images/I/71DD9ajv40L._AC_UY218_.jpg,2025-09-04T08:57:20.692806,Description non disponible depuis la recherche,Stock non disponible,ISBN non disponible,Éditeur non disponible,Date non disponible,Nombre de pages non disponible,Rang de vente non disponible,Religion,29.0,,
Le Nouveau Guide Clause 39e édition: La référence du jardinier à l'heure des changements climatiques,https://www.amazon.fr/Nouveau-Guide-Clause-39e-%C3%A9dition/dp/226318984X/ref=sr_1_464,"32,90 €","de Sylvie Lignier, Agnès Guillaumin, et al. | 13 mars 2025","4,8 sur 5 étoiles, détails de l’évaluation",12,Relié,https://m.media-amazon.com/images/I/71zE6MHzDWL._AC_UY218_.jpg,2025-09-04T08:57:20.695385,Description non disponible depuis la recherche,Stock non disponible,ISBN non disponible,Éditeur non disponible,Date non disponible,Nombre de pages non disponible,Rang de vente non disponible,Religion,29.0,,
"PÈRE RICHE, PÈRE PAUVRE : Réussir en France aujourd'hui: Version française inspirée du livre Père riche, père pauvre de Robert Kiyosaki",https://www.amazon.fr/P%C3%88RE-RICHE-PAUVRE-aujourdhui-fran%C3%A7aise/dp/B0DJZ4539T/ref=sr_1_465,"16,90 €",Christian Boush,"4,2 sur 5 étoiles, détails de l’évaluation",15,Broché,https://m.media-amazon.com/images/I/71UzZpGeBlL._AC_UY218_.jpg,2025-09-04T08:57:20.697379,Description non disponible depuis la recherche,Stock non disponible,ISBN non disponible,Éditeur non disponible,Date non disponible,Nombre de pages non disponible,Rang de vente non disponible,Religion,29.0,,
Le Mot et l'idée - Anglais 1: Vocabulaire thématique,https://www.amazon.fr/Mot-lid%C3%A9e-Anglais-Vocabulaire-th%C3%A9matique/dp/2708016962/ref=sr_1_466,"14,95 €",Claude Gosset,"4,6 sur 5 étoiles, détails de l’évaluation",6,Broché,https://m.media-amazon.com/images/I/51zf+JYiEKL._AC_UY218_.jpg,2025-09-04T08:57:20.699421,Description non disponible depuis la recherche,Stock non disponible,ISBN non disponible,Éditeur non disponible,Date non disponible,Nombre de pages non disponible,Rang de vente non disponible,Religion,29.0,,
Distinction,https://www.amazon.fr/Distinction-Critique-sociale-jugement/dp/2707302759/ref=sr_1_467,"32,80 €",Pierre Bourdieu,"4,3 sur 5 étoiles, détails de l’évaluation",115,Broché,https://m.media-amazon.com/images/I/610kW56foYL._AC_UY218_.jpg,2025-09-04T08:57:20.702038,Description non disponible depuis la recherche,Stock non disponible,ISBN non disponible,Éditeur non disponible,Date non disponible,Nombre de pages non disponible,Rang de vente non disponible,Religion,29.0,,
Dico SES - Economie et Sciences sociales - Ed. 2025: L'essentiel de l'économie et des sciences sociales - Lycée et Post-Bac,https://www.amazon.fr/Dico-SES-Economie-Lessentiel-l%C3%A9conomie/dp/2401113320/ref=sr_1_468,"14,95 €",Jean-Yves Capul,"5,0 sur 5 étoiles, détails de l’évaluation",1,Broché,https://m.media-amazon.com/images/I/71apvOICzNL._AC_UY218_.jpg,2025-09-04T08:57:20.705129,Description non disponible depuis la recherche,Stock non disponible,ISBN non disponible,Éditeur non disponible,Date non disponible,Nombre de pages non disponible,Rang de vente non disponible,Religion,29.0,,
Mémo espagnol C1 (classes prepas / ens. supérieur),https://www.amazon.fr/M%C3%A9mo-espagnol-classes-prepas-sup%C3%A9rieur/dp/2362463214/ref=sr_1_467,"9,40 €",de Aurélie Bartolo | 3 juin 2019,"4,6 sur 5 étoiles, détails de l’évaluation",42,Broché,https://m.media-amazon.com/images/I/71dqEOr0-9L._AC_UY218_.jpg,2025-09-04T08:57:32.395784,Description non disponible depuis la recherche,Stock non disponible,ISBN non disponible,Éditeur non disponible,Date non disponible,Nombre de pages non disponible,Rang de vente non disponible,Religion,30.0,,
La femme gelée - Prix Nobel de Littérature 2022,https://www.amazon.fr/femme-gel%C3%A9e-Annie-Ernaux/dp/2070378187/ref=sr_1_468,"7,60 €",Annie Ernaux,"4,2 sur 5 étoiles, détails de l’évaluation",1 343,Poche,https://m.media-amazon.com/images/I/71lBv2pl1sL._AC_UY218_.jpg,2025-09-04T08:57:32.399266,Description non disponible depuis la recherche,Stock non disponible,ISBN non disponible,Éditeur non disponible,Date non disponible,Nombre de pages non disponible,Rang de vente non disponible,Religion,30.0,,
Le Bibliobus N° 28 CM - Le XIXe siècle - Livre élève - Ed.2009,https://www.amazon.fr/Bibliobus-N%C2%B0-28-CM-Ed-2009/dp/2011174511/ref=sr_1_469,"9,10 €",Alain Dag'Naud,"4,6 sur 5 étoiles, détails de l’évaluation",166,Broché,https://m.media-amazon.com/images/I/71IjCVOZN5L._AC_UY218_.jpg,2025-09-04T08:57:32.401275,Description non disponible depuis la recherche,Stock non disponible,ISBN non disponible,Éditeur non disponible,Date non disponible,Nombre de pages non disponible,Rang de vente non disponible,Religion,30.0,,
Agenda Passion cheval 2025-2026,https://www.amazon.fr/Agenda-Passion-cheval-2025-2026-Collectif/dp/2385430800/ref=sr_1_470,"11,50 €",de Collectif | 5 juin 2025,"5,0 sur 5 étoiles, détails de l’évaluation",1,Relié,https://m.media-amazon.com/images/I/413njPmOd8L._AC_UY218_.jpg,2025-09-04T08:57:32.403850,Description non disponible depuis la recherche,Stock non disponible,ISBN non disponible,Éditeur non disponible,Date non disponible,Nombre de pages non disponible,Rang de vente non disponible,Religion,30.0,,
"MINECRAFT, LE GUIDE DE LA SURVIE",https://www.amazon.fr/Minecraft-guide-survie-Collectif/dp/2075165963/ref=sr_1_471,"12,50 €",de Collectif et Alexandre Fil | 10 novembre 2022,"4,8 sur 5 étoiles, détails de l’évaluation",106,Poche,https://m.media-amazon.com/images/I/412z6NhB+iL._AC_UY218_.jpg,2025-09-04T08:57:32.406525,Description non disponible depuis la recherche,Stock non disponible,ISBN non disponible,Éditeur non disponible,Date non disponible,Nombre de pages non disponible,Rang de vente non disponible,Religion,30.0,,
FROM HEAD TO TOE,https://www.amazon.fr/HEAD-TOE-Eric-Carle/dp/0140563784/ref=sr_1_472,"9,75 €",Eric Carle,"4,8 sur 5 étoiles, détails de l’évaluation",6 570,Broché,https://m.media-amazon.com/images/I/A12HkC7CcOL._AC_UY218_.jpg,2025-09-04T08:57:32.409929,Description non disponible depuis la recherche,Stock non disponible,ISBN non disponible,Éditeur non disponible,Date non disponible,Nombre de pages non disponible,Rang de vente non disponible,Religion,30.0,,
Al grano !: Grammaire et conjugaison espagnoles en 40 chapitres pour bien débuter et réussir sa prépa,https://www.amazon.fr/Grammaire-Conjugaison-Chapitres-D%C3%A9buter-R%C3%A9ussir/dp/2340011868/ref=sr_1_473,"18,50 €",Frédérique Mabilais,"4,5 sur 5 étoiles, détails de l’évaluation",25,Broché,https://m.media-amazon.com/images/I/61ZiX4MBv7L._AC_UY218_.jpg,2025-09-04T08:57:32.412162,Description non disponible depuis la recherche,Stock non disponible,ISBN non disponible,Éditeur non disponible,Date non disponible,Nombre de pages non disponible,Rang de vente non disponible,Religion,30.0,,
Terre des Lettres 6e - Grand format - Nouveau programme 2016,https://www.amazon.fr/Terre-Lettres-6e-Nouveau-programme/dp/2091717126/ref=sr_1_474,"27,50 €","de Anne-Christine Denechère, Catherine Hars, et al. | 19 avril 2016","4,7 sur 5 étoiles, détails de l’évaluation",103,Broché,https://m.media-amazon.com/images/I/61qH6p6ZM3L._AC_UY218_.jpg,2025-09-04T08:57:32.414961,Description non disponible depuis la recherche,Stock non disponible,ISBN non disponible,Éditeur non disponible,Date non disponible,Nombre de pages non disponible,Rang de vente non disponible,Religion,30.0,,
Cahier d'exercices maths,https://www.amazon.fr/Cahier-dexercices-maths-Paul-Hong/dp/2501194004/ref=sr_1_477,"12,90 €",Paul Hong My,Note non disponible,0 avis,Broché,https://m.media-amazon.com/images/I/71WkfejlzxL._AC_UY218_.jpg,2025-09-04T08:57:32.423693,Description non disponible depuis la recherche,Stock non disponible,ISBN non disponible,Éditeur non disponible,Date non disponible,Nombre de pages non disponible,Rang de vente non disponible,Religion,30.0,,
Astérix - Le bouclier arverne - n°11,https://www.amazon.fr/Ast%C3%A9rix-bouclier-arverne-Ren%C3%A9-Goscinny/dp/2012101437/ref=sr_1_478,"10,90 €",René Goscinny,"4,8 sur 5 étoiles, détails de l’évaluation",665,Relié,https://m.media-amazon.com/images/I/81gRUBiaBGL._AC_UY218_.jpg,2025-09-04T08:57:32.426914,Description non disponible depuis la recherche,Stock non disponible,ISBN non disponible,Éditeur non disponible,Date non disponible,Nombre de pages non disponible,Rang de vente non disponible,Religion,30.0,,
Les Identités meurtrières,https://www.amazon.fr/Identit%C3%A9s-meurtri%C3%A8res-Amin-Maalouf/dp/2253150053/ref=sr_1_479,"7,90 €",Amin Maalouf,"4,6 sur 5 étoiles, détails de l’évaluation",1 047,Poche,https://m.media-amazon.com/images/I/81p74vi5jJL._AC_UY218_.jpg,2025-09-04T08:57:32.430627,Description non disponible depuis la recherche,Stock non disponible,ISBN non disponible,Éditeur non disponible,Date non disponible,Nombre de pages non disponible,Rang de vente non disponible,Religion,30.0,,
Les Trois mousquetaires,https://www.amazon.fr/Trois-mousquetaires-Alexandre-Dumas/dp/2253008885/ref=sr_1_480,"6,90 €",Alexandre Dumas,"4,5 sur 5 étoiles, détails de l’évaluation",1 304,Poche,https://m.media-amazon.com/images/I/81oTzmQqrPL._AC_UY218_.jpg,2025-09-04T08:57:32.433702,Description non disponible depuis la recherche,Stock non disponible,ISBN non disponible,Éditeur non disponible,Date non disponible,Nombre de pages non disponible,Rang de vente non disponible,Religion,30.0,,
Dictionnaire du vocabulaire juridique 2026,https://www.amazon.fr/Dictionnaire-du-vocabulaire-juridique-2026/dp/2711043061/ref=sr_1_481,"15,00 €",de Rémy Cabrillac | 4 juin 2025,Note non disponible,0 avis,Broché,https://m.media-amazon.com/images/I/71Hpxq-DyYL._AC_UY218_.jpg,2025-09-04T08:57:32.436464,Description non disponible depuis la recherche,Stock non disponible,ISBN non disponible,Éditeur non disponible,Date non disponible,Nombre de pages non disponible,Rang de vente non disponible,Religion,30.0,,
Chouette - Français CE2: cahier d'entraînement recommandé par les enseignants,https://www.amazon.fr/Fran%C3%A7ais-CE2-Evelyne-Barge/dp/2401084274/ref=sr_1_482,"5,50 €",Evelyne Barge,"4,7 sur 5 étoiles, détails de l’évaluation",121,Broché,https://m.media-amazon.com/images/I/71oLeWFBGuL._AC_UY218_.jpg,2025-09-04T08:57:32.439201,Description non disponible depuis la recherche,Stock non disponible,ISBN non disponible,Éditeur non disponible,Date non disponible,Nombre de pages non disponible,Rang de vente non disponible,Religion,30.0,,
Let's Meet up ! - Anglais 1re Éd. 2019 - Livre élève,https://www.amazon.fr/Lets-Meet-Anglais-Livre-%C3%A9l%C3%A8ve/dp/2401052984/ref=sr_1_483,"27,80 €",Erwan Gouraud,"4,6 sur 5 étoiles, détails de l’évaluation",47,Broché,https://m.media-amazon.com/images/I/815TQRBDk0L._AC_UY218_.jpg,2025-09-04T08:57:32.441317,Description non disponible depuis la recherche,Stock non disponible,ISBN non disponible,Éditeur non disponible,Date non disponible,Nombre de pages non disponible,Rang de vente non disponible,Religion,30.0,,
Fun for Starters. Student's Book with audio with online activities. 4th Edition,https://www.amazon.fr/Starters-Students-audio-online-activities/dp/B09L4G8L2N/ref=sr_1_484,"22,87 €",Édition en Allemand | 25 septembre 2017,"4,5 sur 5 étoiles, détails de l’évaluation",72,Broché,https://m.media-amazon.com/images/I/61bSFw9yWHL._AC_UY218_.jpg,2025-09-04T08:57:32.443813,Description non disponible depuis la recherche,Stock non disponible,ISBN non disponible,Éditeur non disponible,Date non disponible,Nombre de pages non disponible,Rang de vente non disponible,Religion,30.0,,
"Rhétorique, Communication Assertive et Écoute Active: Apprenez l’Empathie, La Persuasion, Les Secrets du Langage Corporel, La Négociation, Comment Analyser les Gens et Parler en Public",https://www.amazon.fr/Rh%C3%A9torique-Communication-Assertive-%C3%89coute-Active/dp/B0C2SFPNRR/ref=sr_1_323,"19,28 €",Sylvestre Moulins,"4,5 sur 5 étoiles, détails de l’évaluation",556,Broché,https://m.media-amazon.com/images/I/718Q6pVUdqL._AC_UY218_.jpg,2025-09-04T18:48:03.285032,Description non disponible depuis la recherche,Stock non disponible,ISBN non disponible,Éditeur non disponible,Date non disponible,Nombre de pages non disponible,Rang de vente non disponible,Religion,21.0,,
"L’homme le plus riche de Babylone: avec TOUTES les 7 lois de la liberté financière et les 5 lois de l’or, Édition originale avec illustrations originales (Secrets des revenus passifs)",https://www.amazon.fr/Lhomme-plus-riche-Babylone-illustrations/dp/1069128457/ref=sr_1_324,"10,54 €",George Samuel Clason,"4,4 sur 5 étoiles, détails de l’évaluation",38,Broché,https://m.media-amazon.com/images/I/71beVTVNk+L._AC_UY218_.jpg,2025-09-04T18:48:03.287492,Description non disponible depuis la recherche,Stock non disponible,ISBN non disponible,Éditeur non disponible,Date non disponible,Nombre de pages non disponible,Rang de vente non disponible,Religion,21.0,,
"Le Manuel d'Épictète: L'Enchiridion, Le Chemin vers le Stoïcisme",https://www.amazon.fr/Manuel-d%C3%89pict%C3%A8te-LEnchiridion-Chemin-Sto%C3%AFcisme/dp/B0D79QY911/ref=sr_1_325,"5,99 €",Epictète,"4,7 sur 5 étoiles, détails de l’évaluation",57,Broché,https://m.media-amazon.com/images/I/71lRpX3wh-L._AC_UY218_.jpg,2025-09-04T18:48:03.290191,Description non disponible depuis la recherche,Stock non disponible,ISBN non disponible,Éditeur non disponible,Date non disponible,Nombre de pages non disponible,Rang de vente non disponible,Religion,21.0,,
Cahier d'exercices de français CE1: Une collection conçue par Lutin Bazar,https://www.amazon.fr/Cahier-dexercices-fran%C3%A7ais-CE1-cahier/dp/2210778735/ref=sr_1_326,"5,90 €",Morgane Céard,"4,6 sur 5 étoiles, détails de l’évaluation",40,Broché,https://m.media-amazon.com/images/I/71Z1HMI40rL._AC_UY218_.jpg,2025-09-04T18:48:03.292333,Description non disponible depuis la recherche,Stock non disponible,ISBN non disponible,Éditeur non disponible,Date non disponible,Nombre de pages non disponible,Rang de vente non disponible,Religion,21.0,,
"The méthode 2, cahier de leçons",https://www.amazon.fr/m%C3%A9thode-2-cahier-le%C3%A7ons/dp/B08BDZ29J4/ref=sr_1_327,"9,77 €",Sylvie Hanot,"4,3 sur 5 étoiles, détails de l’évaluation",53,Broché,https://m.media-amazon.com/images/I/51mWRVJ20jL._AC_UY218_.jpg,2025-09-04T18:48:03.294212,Description non disponible depuis la recherche,Stock non disponible,ISBN non disponible,Éditeur non disponible,Date non disponible,Nombre de pages non disponible,Rang de vente non disponible,Religion,21.0,,
LE LOUP QUI VOULAIT CHANGER DE COULEUR (GRANDFORMAT),https://www.amazon.fr/VOULAIT-CHANGER-COULEUR-Version-format/dp/2733815911/ref=sr_1_328,"11,95 €",Orianne Lallemand,"4,8 sur 5 étoiles, détails de l’évaluation",1 179,Relié,https://m.media-amazon.com/images/I/61-bocmG5kL._AC_UY218_.jpg,2025-09-04T18:48:03.297835,Description non disponible depuis la recherche,Stock non disponible,ISBN non disponible,Éditeur non disponible,Date non disponible,Nombre de pages non disponible,Rang de vente non disponible,Religion,21.0,,
"Tout l'espagnol aux concours - 5e ed.: Prépas commerciales et scientifiques, concours sciences Po et IEP",https://www.amazon.fr/Tout-lespagnol-aux-concours-scientifiques/dp/2200631391/ref=sr_1_329,"23,90 €",de Arnaud Hérard et Jaime Avila-Martinez | 7 septembre 2022,"4,5 sur 5 étoiles, détails de l’évaluation",16,Broché,https://m.media-amazon.com/images/I/61b+ARwi0RL._AC_UY218_.jpg,2025-09-04T18:48:03.301651,Description non disponible depuis la recherche,Stock non disponible,ISBN non disponible,Éditeur non disponible,Date non disponible,Nombre de pages non disponible,Rang de vente non disponible,Religion,21.0,,
Hiragana & Katakana - Cahier d'entraînement pour apprendre le japonais facilement: Méthode simple et efficace pour découvrir les bases du japonais,https://www.amazon.fr/Hiragana-Katakana-dentra%C3%AEnement-apprendre-facilement/dp/B0DT27MWLG/ref=sr_1_330,"14,99 €",Hanabi Works,"4,5 sur 5 étoiles, détails de l’évaluation",7,Broché,https://m.media-amazon.com/images/I/61apxT5n21L._AC_UY218_.jpg,2025-09-04T18:48:03.303732,Description non disponible depuis la recherche,Stock non disponible,ISBN non disponible,Éditeur non disponible,Date non disponible,Nombre de pages non disponible,Rang de vente non disponible,Religion,21.0,,
Chouette - Français CM2: cahier d'entraînement recommandé par les enseignants,https://www.amazon.fr/Fran%C3%A7ais-CM2-Evelyne-Barge/dp/2401084290/ref=sr_1_333,"5,50 €",Evelyne Barge,"4,7 sur 5 étoiles, détails de l’évaluation",125,Broché,https://m.media-amazon.com/images/I/71c0mjJ73ML._AC_UY218_.jpg,2025-09-04T18:48:03.312604,Description non disponible depuis la recherche,Stock non disponible,ISBN non disponible,Éditeur non disponible,Date non disponible,Nombre de pages non disponible,Rang de vente non disponible,Religion,21.0,,
J'apprends l'anglais autrement - Niveau renforcé: 80 CARTES MENTALES pour approfondir et consolider ses connaissances en anglais !,https://www.amazon.fr/Japprends-langlais-autrement-approfondir-connaissances/dp/2416000101/ref=sr_1_334,"24,90 €",Stéphanie Eleaume Lachaud,"4,7 sur 5 étoiles, détails de l’évaluation",75,Broché,https://m.media-amazon.com/images/I/71MUdoaGujL._AC_UY218_.jpg,2025-09-04T18:48:03.314732,Description non disponible depuis la recherche,Stock non disponible,ISBN non disponible,Éditeur non disponible,Date non disponible,Nombre de pages non disponible,Rang de vente non disponible,Religion,21.0,,
Édito A1 - édition 2022-2024 - Livre + didierfle.app,https://www.amazon.fr/Edito-A1-Livre-leleve-didierfle-app/dp/2278103644/ref=sr_1_335,"19,50 €","de Caroline Spérandio, Lucie Mensdorff-Pouilly, et al. | 9 février 2022","4,6 sur 5 étoiles, détails de l’évaluation",150,Broché,https://m.media-amazon.com/images/I/71XxEYFkm1L._AC_UY218_.jpg,2025-09-04T18:48:03.317578,Description non disponible depuis la recherche,Stock non disponible,ISBN non disponible,Éditeur non disponible,Date non disponible,Nombre de pages non disponible,Rang de vente non disponible,Religion,21.0,,
Carnet de lectures,https://www.amazon.fr/Carnet-lectures-Alba-Real/dp/2017894575/ref=sr_1_336,"12,90 €",de Alba Real | 12 février 2025,"4,5 sur 5 étoiles, détails de l’évaluation",15,Broché,https://m.media-amazon.com/images/I/71ju9z7sf9L._AC_UY218_.jpg,2025-09-04T18:48:03.320073,Description non disponible depuis la recherche,Stock non disponible,ISBN non disponible,Éditeur non disponible,Date non disponible,Nombre de pages non disponible,Rang de vente non disponible,Religion,21.0,,
Les Nouveaux Outils pour les Maths CM1 (2016) - Manuel de l'élève,https://www.amazon.fr/nouveaux-outils-pour-maths-Cycle/dp/2210502039/ref=sr_1_337,"16,20 €",Sylvie Carle,"4,7 sur 5 étoiles, détails de l’évaluation",331,Broché,https://m.media-amazon.com/images/I/715xQ9upNXL._AC_UY218_.jpg,2025-09-04T18:48:03.322192,Description non disponible depuis la recherche,Stock non disponible,ISBN non disponible,Éditeur non disponible,Date non disponible,Nombre de pages non disponible,Rang de vente non disponible,Religion,21.0,,
PG073 - L'espagnol (1) l'essentiel,https://www.amazon.fr/Lespagnol-1-lessentiel-Collectif/dp/2842591038/ref=sr_1_338,"3,50 €",de Aedis | 1 avril 2006,"4,7 sur 5 étoiles, détails de l’évaluation",168,Broché,https://m.media-amazon.com/images/I/91E-5356P6L._AC_UY218_.jpg,2025-09-04T18:48:03.324530,Description non disponible depuis la recherche,Stock non disponible,ISBN non disponible,Éditeur non disponible,Date non disponible,Nombre de pages non disponible,Rang de vente non disponible,Religion,21.0,,
Dictionnaire Le Robert & Collins Poche italien,https://www.amazon.fr/Dictionnaire-Robert-Collins-poche-italien/dp/2321018399/ref=sr_1_339,"9,95 €",de Collectif | 8 juin 2023,"4,5 sur 5 étoiles, détails de l’évaluation",62,Broché,https://m.media-amazon.com/images/I/61A4Ot7vdvL._AC_UY218_.jpg,2025-09-04T18:48:14.194995,Description non disponible depuis la recherche,Stock non disponible,ISBN non disponible,Éditeur non disponible,Date non disponible,Nombre de pages non disponible,Rang de vente non disponible,Religion,22.0,,
Cannibale,https://www.amazon.fr/Cannibale-Didier-Daeninckx/dp/2070408833/ref=sr_1_340,"5,80 €",Didier Daeninckx,"4,5 sur 5 étoiles, détails de l’évaluation",1 772,Poche,https://m.media-amazon.com/images/I/71JSO316EeL._AC_UY218_.jpg,2025-09-04T18:48:14.197721,Description non disponible depuis la recherche,Stock non disponible,ISBN non disponible,Éditeur non disponible,Date non disponible,Nombre de pages non disponible,Rang de vente non disponible,Religion,22.0,,
Bled Orthographe,https://www.amazon.fr/Bled-Orthographe-Daniel-Berlion/dp/201715105X/ref=sr_1_341,"9,90 €",Daniel Berlion,"4,9 sur 5 étoiles, détails de l’évaluation",44,Relié,https://m.media-amazon.com/images/I/7153AWbLDrS._AC_UY218_.jpg,2025-09-04T18:48:14.199765,Description non disponible depuis la recherche,Stock non disponible,ISBN non disponible,Éditeur non disponible,Date non disponible,Nombre de pages non disponible,Rang de vente non disponible,Religion,22.0,,
Ladybird Readers Beginner Level - Spot - My name is Spot! (ELT Graded Reader),https://www.amazon.fr/My-name-Spot-Ladybird-Beginner/dp/024131609X/ref=sr_1_342,"6,05 €",Team Ladybird Readers,"4,6 sur 5 étoiles, détails de l’évaluation",57,Broché,https://m.media-amazon.com/images/I/71vR0x+7O1L._AC_UY218_.jpg,2025-09-04T18:48:14.203710,Description non disponible depuis la recherche,Stock non disponible,ISBN non disponible,Éditeur non disponible,Date non disponible,Nombre de pages non disponible,Rang de vente non disponible,Religion,22.0,,
Cambridge International Examinations - Cambridge International as and a Level English Language Student Book,https://www.amazon.fr/Cambridge-International-English-Language-Students/dp/0008287600/ref=sr_1_343,"38,13 €",Beth Kemp,"4,4 sur 5 étoiles, détails de l’évaluation",20,Broché,https://m.media-amazon.com/images/I/71wcdrYrSjL._AC_UY218_.jpg,2025-09-04T18:48:14.206410,Description non disponible depuis la recherche,Stock non disponible,ISBN non disponible,Éditeur non disponible,Date non disponible,Nombre de pages non disponible,Rang de vente non disponible,Religion,22.0,,
"Le deuxième sexe, tome 1 : Les faits et les mythes",https://www.amazon.fr/deuxi%C3%A8me-sexe-faits-mythes/dp/207032351X/ref=sr_1_344,"11,90 €",Simone de Beauvoir,"4,6 sur 5 étoiles, détails de l’évaluation",1 095,Poche,https://m.media-amazon.com/images/I/81eqA1N-ntL._AC_UY218_.jpg,2025-09-04T18:48:14.210050,Description non disponible depuis la recherche,Stock non disponible,ISBN non disponible,Éditeur non disponible,Date non disponible,Nombre de pages non disponible,Rang de vente non disponible,Religion,22.0,,
Bled CE2 - Manuel de l'élève - Edition 2021,https://www.amazon.fr/Bled-CE2-Manuel-l%C3%A9l%C3%A8ve-2021/dp/2017115665/ref=sr_1_345,"12,50 €",Sophie Raimbert,"4,7 sur 5 étoiles, détails de l’évaluation",70,Broché,https://m.media-amazon.com/images/I/71t98M8MiiL._AC_UY218_.jpg,2025-09-04T18:48:14.212593,Description non disponible depuis la recherche,Stock non disponible,ISBN non disponible,Éditeur non disponible,Date non disponible,Nombre de pages non disponible,Rang de vente non disponible,Religion,22.0,,
Vox Allemand: Le vocabulaire incontournable des examens et concours classé par niveaux,https://www.amazon.fr/Allemand-vocabulaire-incontournable-examens-concours/dp/2340022754/ref=sr_1_346,"18,00 €",Francine Rouby,"4,6 sur 5 étoiles, détails de l’évaluation",44,Broché,https://m.media-amazon.com/images/I/61Rmppk1T8L._AC_UY218_.jpg,2025-09-04T18:48:14.215914,Description non disponible depuis la recherche,Stock non disponible,ISBN non disponible,Éditeur non disponible,Date non disponible,Nombre de pages non disponible,Rang de vente non disponible,Religion,22.0,,
Français 6ème Cycle 3 : Livre de l'élève - Grand format - Nouveau programme 2016,https://www.amazon.fr/Fran%C3%A7ais-6%C3%A8me-Cycle-Nouveau-programme/dp/2701197422/ref=sr_1_349,"32,90 €",de Collectif | 22 mai 2016,"4,6 sur 5 étoiles, détails de l’évaluation",76,Broché,https://m.media-amazon.com/images/I/81ikvbLUo4L._AC_UY218_.jpg,2025-09-04T18:48:14.224451,Description non disponible depuis la recherche,Stock non disponible,ISBN non disponible,Éditeur non disponible,Date non disponible,Nombre de pages non disponible,Rang de vente non disponible,Religion,22.0,,
"La Guerre des Clans – Agenda 2025-2026 – Avec des jeux, des anecdotes et des infos sur la série - Dès 7 ans",https://www.amazon.fr/Guerre-Clans-Agenda-2025-2026-anecdotes/dp/282121863X/ref=sr_1_350,"9,95 €",de Ariane Limeul et Owen Richardson | 5 juin 2025,Note non disponible,0 avis,Relié,https://m.media-amazon.com/images/I/614D9R2YpsL._AC_UY218_.jpg,2025-09-04T18:48:14.227509,Description non disponible depuis la recherche,Stock non disponible,ISBN non disponible,Éditeur non disponible,Date non disponible,Nombre de pages non disponible,Rang de vente non disponible,Religion,22.0,,
"80 Exercices et Jeux pour Seniors: vol.2 XXL | Livre de jeux stimulation cognitive pour booster la mémoire et avoir un cerveau à 100%, cahier ... Préventif et curatif | personnes agées, EHPAD",https://www.amazon.fr/Exercices-Jeux-pour-Seniors-stimulation/dp/B0BTKHMNVF/ref=sr_1_351,"12,90 €",Ciel Bleu,"4,5 sur 5 étoiles, détails de l’évaluation",149,Broché,https://m.media-amazon.com/images/I/61Murib2NjL._AC_UY218_.jpg,2025-09-04T18:48:14.229750,Description non disponible depuis la recherche,Stock non disponible,ISBN non disponible,Éditeur non disponible,Date non disponible,Nombre de pages non disponible,Rang de vente non disponible,Religion,22.0,,
Mon premier livre de lecture DYS dyslexie: 20 histoires faciles avec coloration des sons complexes pour apprendre à lire en CP CE1 - Enfant dyslexique,https://www.amazon.fr/Mon-premier-livre-lecture-dyslexie/dp/B0F3C13Q22/ref=sr_1_352,"12,99 €",Relative Editions,"4,7 sur 5 étoiles, détails de l’évaluation",20,Broché,https://m.media-amazon.com/images/I/71-hcKiB0vL._AC_UY218_.jpg,2025-09-04T18:48:14.231692,Description non disponible depuis la recherche,Stock non disponible,ISBN non disponible,Éditeur non disponible,Date non disponible,Nombre de pages non disponible,Rang de vente non disponible,Religion,22.0,,
Agenda de bord 2025/2026 professeur de Mathématiques: Carnet de bord A4 pour les enseignants,https://www.amazon.fr/Agenda-bord-2025-professeur-Math%C3%A9matiques/dp/9403794364/ref=sr_1_353,"11,90 €",Gringolivier editions,Note non disponible,0 avis,Broché,https://m.media-amazon.com/images/I/71E3fVzRwSL._AC_UY218_.jpg,2025-09-04T18:48:14.233752,Description non disponible depuis la recherche,Stock non disponible,ISBN non disponible,Éditeur non disponible,Date non disponible,Nombre de pages non disponible,Rang de vente non disponible,Religion,22.0,,
Cahier de Français 3e Spécial Brevet Éd. 2018,https://www.amazon.fr/Cahier-Fran%C3%A7ais-Sp%C3%A9cial-Brevet-2018/dp/2401027335/ref=sr_1_354,"6,80 €",Raphaël Gaudin,"4,6 sur 5 étoiles, détails de l’évaluation",327,Broché,https://m.media-amazon.com/images/I/81PACj5SUPL._AC_UY218_.jpg,2025-09-04T18:48:14.235831,Description non disponible depuis la recherche,Stock non disponible,ISBN non disponible,Éditeur non disponible,Date non disponible,Nombre de pages non disponible,Rang de vente non disponible,Religion,22.0,,
Complete Key for Schools Student's Book without Answers with Online Practice and Workbook without Answers with Audio Download,https://www.amazon.fr/Complete-Students-Practice-Workbook-Download/dp/110853936X/ref=sr_1_355,"26,87 €",Coffret produits,"4,7 sur 5 étoiles, détails de l’évaluation",202,Coffret produits,https://m.media-amazon.com/images/I/61uPobcteIL._AC_UY218_.jpg,2025-09-04T18:48:25.793455,Description non disponible depuis la recherche,Stock non disponible,ISBN non disponible,Éditeur non disponible,Date non disponible,Nombre de pages non disponible,Rang de vente non disponible,Religion,23.0,,
"Raconte moi ta vie Maman: Ta vie, ton histoire et tes souvenirs - Livre souvenir à remplir pour laisser un héritage à sa famille - Livre d'or - Cadeau Original à Offrir",https://www.amazon.fr/Raconte-moi-vie-Maman-souvenirs/dp/B0D1R4SGR9/ref=sr_1_356,"22,90 €",Histoires de vie,"4,6 sur 5 étoiles, détails de l’évaluation",101,Relié,https://m.media-amazon.com/images/I/716qyxWUQVL._AC_UY218_.jpg,2025-09-04T18:48:25.795842,Description non disponible depuis la recherche,Stock non disponible,ISBN non disponible,Éditeur non disponible,Date non disponible,Nombre de pages non disponible,Rang de vente non disponible,Religion,23.0,,
Cours de japonais ! BOITE KANJI: 150 cartes pour apprendre les kanji indispensables,https://www.amazon.fr/Cours-japonais-Julien-Fontanier-BOITE/dp/2017292354/ref=sr_1_357,"24,95 €",Julien Fontanier,"4,9 sur 5 étoiles, détails de l’évaluation",23,Broché,https://m.media-amazon.com/images/I/61i8bKmTYuL._AC_UY218_.jpg,2025-09-04T18:48:25.797950,Description non disponible depuis la recherche,Stock non disponible,ISBN non disponible,Éditeur non disponible,Date non disponible,Nombre de pages non disponible,Rang de vente non disponible,Religion,23.0,,
Édito A2 - édition 2022-2024 - Livre + didierfle.app,https://www.amazon.fr/Edito-A2-%C3%A9dition-Livre-didierfle-app/dp/2278104101/ref=sr_1_358,"19,50 €","de Caroline Spérandio, Marlène Dodin, et al. | 24 mai 2022","4,6 sur 5 étoiles, détails de l’évaluation",133,Broché,https://m.media-amazon.com/images/I/81dDKTy3pRL._AC_UY218_.jpg,2025-09-04T18:48:25.800680,Description non disponible depuis la recherche,Stock non disponible,ISBN non disponible,Éditeur non disponible,Date non disponible,Nombre de pages non disponible,Rang de vente non disponible,Religion,23.0,,
La Méthode Vibraction: De la libération des blocages à votre plein potentiel,https://www.amazon.fr/M%C3%A9thode-Vibraction-lib%C3%A9ration-blocages-potentiel/dp/2840589648/ref=sr_1_359,"15,00 €",de Hélène Pavot | 5 mai 2025,"4,6 sur 5 étoiles, détails de l’évaluation",51,Broché,https://m.media-amazon.com/images/I/716nGJObjPL._AC_UY218_.jpg,2025-09-04T18:48:25.803922,Description non disponible depuis la recherche,Stock non disponible,ISBN non disponible,Éditeur non disponible,Date non disponible,Nombre de pages non disponible,Rang de vente non disponible,Religion,23.0,,
Les Nouveaux Outils pour les Maths CM2 (2017) - Manuel de l'élève,https://www.amazon.fr/nouveaux-outils-pour-maths-CM2/dp/2210503078/ref=sr_1_360,"16,20 €",Sylvie Carle,"4,7 sur 5 étoiles, détails de l’évaluation",276,Broché,https://m.media-amazon.com/images/I/71CqFq9QcAL._AC_UY218_.jpg,2025-09-04T18:48:25.806226,Description non disponible depuis la recherche,Stock non disponible,ISBN non disponible,Éditeur non disponible,Date non disponible,Nombre de pages non disponible,Rang de vente non disponible,Religion,23.0,,
The Importance of Being Earnest,https://www.amazon.fr/Importance-Being-Earnest-Oscar-Wilde/dp/B085DKVPMG/ref=sr_1_361,"8,90 €",Oscar Wilde,"4,5 sur 5 étoiles, détails de l’évaluation",4 746,Broché,https://m.media-amazon.com/images/I/61Oebpq93XL._AC_UY218_.jpg,2025-09-04T18:48:25.809993,Description non disponible depuis la recherche,Stock non disponible,ISBN non disponible,Éditeur non disponible,Date non disponible,Nombre de pages non disponible,Rang de vente non disponible,Religion,23.0,,
Pack L1 2025 : Code civil - Lexique des termes juridiques - Constitution de la République Fr. 23e,https://www.amazon.fr/Pack-2025-juridiques-Constitution-R%C3%A9publique/dp/2247231470/ref=sr_1_362,"22,00 €",de Collectif | 22 août 2024,"4,6 sur 5 étoiles, détails de l’évaluation",45,Broché,https://m.media-amazon.com/images/I/61YGoHJMW1L._AC_UY218_.jpg,2025-09-04T18:48:25.812427,Description non disponible depuis la recherche,Stock non disponible,ISBN non disponible,Éditeur non disponible,Date non disponible,Nombre de pages non disponible,Rang de vente non disponible,Religion,23.0,,
Fantastisch 4 - Cahier d'activités,https://www.amazon.fr/Allemand-ann%C3%A9e-A2-B1-Fantastisch-dactivit%C3%A9s/dp/2356855165/ref=sr_1_365,"9,50 €",de Collectif | 15 août 2019,"4,6 sur 5 étoiles, détails de l’évaluation",77,Broché,https://m.media-amazon.com/images/I/81RLa3osCjL._AC_UY218_.jpg,2025-09-04T18:48:25.820897,Description non disponible depuis la recherche,Stock non disponible,ISBN non disponible,Éditeur non disponible,Date non disponible,Nombre de pages non disponible,Rang de vente non disponible,Religion,23.0,,
"Apprendre à lire et à écrire le coréen en moins de 21 jours: Cahier d’exercice d’écriture de l’alphabet hangeul | 116 p. Grand Format 21,5x27,9 cm | Pour débutants ou amoureux de la Corée.",https://www.amazon.fr/Apprendre-%C3%A9crire-cor%C3%A9en-moins-jours/dp/B093RMYJDV/ref=sr_1_366,"12,99 €",Erwan Ferri,"4,6 sur 5 étoiles, détails de l’évaluation",291,Broché,https://m.media-amazon.com/images/I/61Yru+F3KkL._AC_UY218_.jpg,2025-09-04T18:48:25.823312,Description non disponible depuis la recherche,Stock non disponible,ISBN non disponible,Éditeur non disponible,Date non disponible,Nombre de pages non disponible,Rang de vente non disponible,Religion,23.0,,
L'Atelier de Vocabulaire CP Cahier d'entrainement,https://www.amazon.fr/LAtelier-Vocabulaire-CP-Cahier-dentrainement/dp/2091226645/ref=sr_1_367,"8,70 €",Marianne André-Kérébel,"4,5 sur 5 étoiles, détails de l’évaluation",91,Broché,https://m.media-amazon.com/images/I/61jagqx4lJL._AC_UY218_.jpg,2025-09-04T18:48:25.825473,Description non disponible depuis la recherche,Stock non disponible,ISBN non disponible,Éditeur non disponible,Date non disponible,Nombre de pages non disponible,Rang de vente non disponible,Religion,23.0,,
Agenda de bord 2025/2026 - conseillère principale d’éducation: Carnet de bord et carnet de notes A4 pour CPE,https://www.amazon.fr/Agenda-bord-2025-2026-conseill%C3%A8re/dp/9403797371/ref=sr_1_368,"11,90 €",Gringolivier editions,"4,6 sur 5 étoiles, détails de l’évaluation",3,Broché,https://m.media-amazon.com/images/I/71BRyA1Ec9L._AC_UY218_.jpg,2025-09-04T18:48:25.827457,Description non disponible depuis la recherche,Stock non disponible,ISBN non disponible,Éditeur non disponible,Date non disponible,Nombre de pages non disponible,Rang de vente non disponible,Religion,23.0,,
La Grève : Atlas Shrugged,https://www.amazon.fr/Gr%C3%A8ve-Atlas-Shrugged-Ayn-Rand/dp/2251444173/ref=sr_1_369,"35,00 €",Ayn Rand,"4,5 sur 5 étoiles, détails de l’évaluation",551,Broché,https://m.media-amazon.com/images/I/51iqoXWeCiL._AC_UY218_.jpg,2025-09-04T18:48:25.830672,Description non disponible depuis la recherche,Stock non disponible,ISBN non disponible,Éditeur non disponible,Date non disponible,Nombre de pages non disponible,Rang de vente non disponible,Religion,23.0,,
Sciences et technologie 6e - Grand format - Nouveau programme 2016,https://www.amazon.fr/Sciences-technologie-6e-Nouveau-programme/dp/2701197082/ref=sr_1_370,"32,80 €",de Collectif | 22 mai 2016,"4,9 sur 5 étoiles, détails de l’évaluation",43,Broché,https://m.media-amazon.com/images/I/71sfFGpmtEL._AC_UY218_.jpg,2025-09-04T18:48:25.833247,Description non disponible depuis la recherche,Stock non disponible,ISBN non disponible,Éditeur non disponible,Date non disponible,Nombre de pages non disponible,Rang de vente non disponible,Religion,23.0,,
Dictionnaire Le Robert & Collins poche allemand et sa version numérique à télécharger PC,https://www.amazon.fr/Dictionnaire-Collins-allemand-num%C3%A9rique-t%C3%A9l%C3%A9charger/dp/2321018372/ref=sr_1_371,"9,95 €",de Collectif | 8 juin 2023,"5,0 sur 5 étoiles, détails de l’évaluation",20,Broché,https://m.media-amazon.com/images/I/61MDBT2guCL._AC_UY218_.jpg,2025-09-04T18:48:35.175792,Description non disponible depuis la recherche,Stock non disponible,ISBN non disponible,Éditeur non disponible,Date non disponible,Nombre de pages non disponible,Rang de vente non disponible,Religion,24.0,,
Boule de suif,https://www.amazon.fr/Boule-suif-Guy-Maupassant/dp/2253009636/ref=sr_1_372,"2,30 €",Guy de Maupassant,"4,4 sur 5 étoiles, détails de l’évaluation",1 584,Poche,https://m.media-amazon.com/images/I/81LmNlP4WQL._AC_UY218_.jpg,2025-09-04T18:48:35.179288,Description non disponible depuis la recherche,Stock non disponible,ISBN non disponible,Éditeur non disponible,Date non disponible,Nombre de pages non disponible,Rang de vente non disponible,Religion,24.0,,
Dictionnaire Mini Larousse,https://www.amazon.fr/Dictionnaire-Mini-Larousse-COLLECTIF/dp/2036047963/ref=sr_1_373,"7,50 €",de COLLECTIF | 5 juin 2024,"4,5 sur 5 étoiles, détails de l’évaluation",15,Broché,https://m.media-amazon.com/images/I/716vTg6THvL._AC_UY218_.jpg,2025-09-04T18:48:35.181719,Description non disponible depuis la recherche,Stock non disponible,ISBN non disponible,Éditeur non disponible,Date non disponible,Nombre de pages non disponible,Rang de vente non disponible,Religion,24.0,,
Astérix - Astérix aux jeux olympiques - n°12,https://www.amazon.fr/Ast%C3%A9rix-aux-jeux-olympiques-n%C2%B012/dp/2012101445/ref=sr_1_374,"10,90 €",René Goscinny,"4,8 sur 5 étoiles, détails de l’évaluation",1 072,Relié,https://m.media-amazon.com/images/I/81m+erEZdGL._AC_UY218_.jpg,2025-09-04T18:48:35.185190,Description non disponible depuis la recherche,Stock non disponible,ISBN non disponible,Éditeur non disponible,Date non disponible,Nombre de pages non disponible,Rang de vente non disponible,Religion,24.0,,
"La Martingale: Volume 1 : Cardiologie, pneumologie, ophtalmologie, ORL-CMF, Rhumatologie-orthopédie, endocrinologie-diabétologie-nutrition, ... infectieuses, soins palliatifs-oncologie",https://www.amazon.fr/Martingale-ophtalmologie-Rhumatologie-orthop%C3%A9die-endocrinologie-diab%C3%A9tologie-nutrition-palliatifs-oncologie/dp/2340096294/ref=sr_1_375,"47,00 €",de Anne Charon et Nicolas Meton | 3 septembre 2024,"4,4 sur 5 étoiles, détails de l’évaluation",11,Broché,https://m.media-amazon.com/images/I/61plwIvf50L._AC_UY218_.jpg,2025-09-04T18:48:35.187693,Description non disponible depuis la recherche,Stock non disponible,ISBN non disponible,Éditeur non disponible,Date non disponible,Nombre de pages non disponible,Rang de vente non disponible,Religion,24.0,,
Headway 5th Edition - Elementary Workbook without Answers,https://www.amazon.fr/Headway-Elementary-Workbook-Without-Key/dp/0194527670/ref=sr_1_376,"29,00 €",Soars,"4,4 sur 5 étoiles, détails de l’évaluation",39,Broché,https://m.media-amazon.com/images/I/6132BEl3XFL._AC_UY218_.jpg,2025-09-04T18:48:35.189962,Description non disponible depuis la recherche,Stock non disponible,ISBN non disponible,Éditeur non disponible,Date non disponible,Nombre de pages non disponible,Rang de vente non disponible,Religion,24.0,,
Les maux murmurés - Journal thérapeutique pour guérir l’enfant intérieur et les blessures émotionnelles: Un guide d’écriture pour libérer ses ... et reconstruire sa confiance en soi.,https://www.amazon.fr/maux-murmur%C3%A9s-th%C3%A9rapeutique-%C3%A9motionnelles-reconstruire/dp/B0DPCC7NPS/ref=sr_1_377,"16,90 €",de Clara Marceau | 27 novembre 2024,"4,5 sur 5 étoiles, détails de l’évaluation",35,Broché,https://m.media-amazon.com/images/I/61c0ADAD4zL._AC_UY218_.jpg,2025-09-04T18:48:35.192205,Description non disponible depuis la recherche,Stock non disponible,ISBN non disponible,Éditeur non disponible,Date non disponible,Nombre de pages non disponible,Rang de vente non disponible,Religion,24.0,,
Cahier d'exercices italien débutant pour les Nuls,https://www.amazon.fr/Cahier-dexercices-italien-d%C3%A9butant-pour/dp/2412045593/ref=sr_1_378,"9,95 €",de Pierre Musitelli | 29 août 2019,"4,5 sur 5 étoiles, détails de l’évaluation",367,Broché,https://m.media-amazon.com/images/I/61jZynlrOcL._AC_UY218_.jpg,2025-09-04T18:48:35.194687,Description non disponible depuis la recherche,Stock non disponible,ISBN non disponible,Éditeur non disponible,Date non disponible,Nombre de pages non disponible,Rang de vente non disponible,Religion,24.0,,
Harry Potter Boxed Set: The Complete Collection (Adult Paperback),https://www.amazon.fr/Harry-Potter-Boxed-Set-Collection/dp/1408898659/ref=sr_1_381,"69,99 €",J.K. Rowling,"4,8 sur 5 étoiles, détails de l’évaluation",3 784,Coffret produits,https://m.media-amazon.com/images/I/91NItWvl89L._AC_UY218_.jpg,2025-09-04T18:48:35.202618,Description non disponible depuis la recherche,Stock non disponible,ISBN non disponible,Éditeur non disponible,Date non disponible,Nombre de pages non disponible,Rang de vente non disponible,Religion,24.0,,
"The Great Gatsby de Francis Scott Fitzgerald: La société des années 1920 aux Etats-Unis, de la mise en oeuvre du National Prohibition Act au krach boursier de 1929",https://www.amazon.fr/Great-Gatsby-Francis-Scott-Fitzgerald/dp/2340104963/ref=sr_1_382,"24,00 €",de Christine Chollier et Gérald Préher | 26 août 2025,"4,0 sur 5 étoiles, détails de l’évaluation",1,Broché,https://m.media-amazon.com/images/I/61cTx64Jy0L._AC_UY218_.jpg,2025-09-04T18:48:35.205875,Description non disponible depuis la recherche,Stock non disponible,ISBN non disponible,Éditeur non disponible,Date non disponible,Nombre de pages non disponible,Rang de vente non disponible,Religion,24.0,,
"La Martingale: Volume 2 : Gynécologie-obstétrique, urologie, néphrologie, hématologie, médecine interne, dermatologie, neurologie, gériatrie, psychiatrie, santé publique, pédiatrie",https://www.amazon.fr/Martingale-Gyn%C3%A9cologie-obst%C3%A9trique-n%C3%A9phrologie-h%C3%A9matologie-dermatologie/dp/2340096286/ref=sr_1_383,"47,00 €",de Anne Charon et Nicolas Meton | 3 septembre 2024,"5,0 sur 5 étoiles, détails de l’évaluation",13,Broché,https://m.media-amazon.com/images/I/618XIHzTxoL._AC_UY218_.jpg,2025-09-04T18:48:35.208363,Description non disponible depuis la recherche,Stock non disponible,ISBN non disponible,Éditeur non disponible,Date non disponible,Nombre de pages non disponible,Rang de vente non disponible,Religion,24.0,,
Astérix - L'anniversaire d'Astérix et Obélix - n°34,https://www.amazon.fr/Ast%C3%A9rix-Lanniversaire-dAst%C3%A9rix-Ob%C3%A9lix-n%C2%B034/dp/2864972301/ref=sr_1_384,"10,90 €",Albert Uderzo,"4,7 sur 5 étoiles, détails de l’évaluation",1 106,Broché,https://m.media-amazon.com/images/I/811ogFzdMuL._AC_UY218_.jpg,2025-09-04T18:48:35.211420,Description non disponible depuis la recherche,Stock non disponible,ISBN non disponible,Éditeur non disponible,Date non disponible,Nombre de pages non disponible,Rang de vente non disponible,Religion,24.0,,
One Piece - Édition originale - Tome 86: Opération Régicide,https://www.amazon.fr/One-Piece-%C3%89dition-originale-86/dp/2344027521/ref=sr_1_385,"7,20 €",Eiichiro Oda,"4,8 sur 5 étoiles, détails de l’évaluation",493,Broché,https://m.media-amazon.com/images/I/91KO+APLPrL._AC_UY218_.jpg,2025-09-04T18:48:35.214043,Description non disponible depuis la recherche,Stock non disponible,ISBN non disponible,Éditeur non disponible,Date non disponible,Nombre de pages non disponible,Rang de vente non disponible,Religion,24.0,,
Contes de la bécasse,https://www.amazon.fr/Contes-b%C3%A9casse-Guy-Maupassant/dp/2253006777/ref=sr_1_386,"2,50 €",Guy de Maupassant,"4,5 sur 5 étoiles, détails de l’évaluation",1 395,Poche,https://m.media-amazon.com/images/I/81vabOfM-OL._AC_UY218_.jpg,2025-09-04T18:48:35.217472,Description non disponible depuis la recherche,Stock non disponible,ISBN non disponible,Éditeur non disponible,Date non disponible,Nombre de pages non disponible,Rang de vente non disponible,Religion,24.0,,
L'étalon-bitcoin: l'alternative décentralisée aux banques centrales - édition mise à jour avec un avant-propos de Michael J. Saylor,https://www.amazon.fr/L%C3%A9talon-Bitcoin-Lalternative-d%C3%A9centralis%C3%A9e-banques-centrales/dp/2856083544/ref=sr_1_387,"30,90 €",Saifedean Ammous,"4,5 sur 5 étoiles, détails de l’évaluation",137,Broché,https://m.media-amazon.com/images/I/61FAXeVD1SL._AC_UY218_.jpg,2025-09-04T18:48:47.493941,Description non disponible depuis la recherche,Stock non disponible,ISBN non disponible,Éditeur non disponible,Date non disponible,Nombre de pages non disponible,Rang de vente non disponible,Religion,25.0,,
One Piece - Édition originale - Tome 83: Charlotte Linlin,https://www.amazon.fr/One-Piece-%C3%89dition-originale-Charlotte/dp/2344023216/ref=sr_1_388,"7,20 €",Eiichiro Oda,"4,8 sur 5 étoiles, détails de l’évaluation",494,Broché,https://m.media-amazon.com/images/I/91oynmrsGmL._AC_UY218_.jpg,2025-09-04T18:48:47.496531,Description non disponible depuis la recherche,Stock non disponible,ISBN non disponible,Éditeur non disponible,Date non disponible,Nombre de pages non disponible,Rang de vente non disponible,Religion,25.0,,
One Piece - Édition originale - Tome 84: Luffy versus Sanji,https://www.amazon.fr/One-Piece-%C3%89dition-originale-versus/dp/2344025316/ref=sr_1_389,"7,20 €",de Eiichiro Oda | 4 octobre 2017,"4,9 sur 5 étoiles, détails de l’évaluation",500,Broché,https://m.media-amazon.com/images/I/91V1mv1DPNL._AC_UY218_.jpg,2025-09-04T18:48:47.499883,Description non disponible depuis la recherche,Stock non disponible,ISBN non disponible,Éditeur non disponible,Date non disponible,Nombre de pages non disponible,Rang de vente non disponible,Religion,25.0,,
Pensées,https://www.amazon.fr/Pens%C3%A9es-Blaise-Pascal/dp/2253160695/ref=sr_1_390,"5,90 €",de Blaise Pascal et Philippe Sellier | 23 août 2000,"4,6 sur 5 étoiles, détails de l’évaluation",370,Poche,https://m.media-amazon.com/images/I/71AAqkieMaL._AC_UY218_.jpg,2025-09-04T18:48:47.503447,Description non disponible depuis la recherche,Stock non disponible,ISBN non disponible,Éditeur non disponible,Date non disponible,Nombre de pages non disponible,Rang de vente non disponible,Religion,25.0,,
Kid's Box New Generation Level 3 Pupil's Book with eBook British English,https://www.amazon.fr/Generation-Level-Pupils-British-English/dp/1108815820/ref=sr_1_391,"25,38 €",Coffret produits,"4,8 sur 5 étoiles, détails de l’évaluation",40,Coffret produits,https://m.media-amazon.com/images/I/61DfoIQASAL._AC_UY218_.jpg,2025-09-04T18:48:47.505782,Description non disponible depuis la recherche,Stock non disponible,ISBN non disponible,Éditeur non disponible,Date non disponible,Nombre de pages non disponible,Rang de vente non disponible,Religion,25.0,,
The Giver (The Giver Quartet),https://www.amazon.fr/Giver-Quartet-Lois-Lowry/dp/0007578490/ref=sr_1_392,"9,50 €",Lois Lowry,"4,5 sur 5 étoiles, détails de l’évaluation",40 353,Broché,https://m.media-amazon.com/images/I/7157ctJGaqL._AC_UY218_.jpg,2025-09-04T18:48:47.510154,Description non disponible depuis la recherche,Stock non disponible,ISBN non disponible,Éditeur non disponible,Date non disponible,Nombre de pages non disponible,Rang de vente non disponible,Religion,25.0,,
"Le Secret Atlas : un roman policier de Steve Berry, un thriller qui vous plonge dans une nouvelle enquête de Cotton Malone, roman nouveauté 2024 au coeur de la Seconde Guerre mondiale",https://www.amazon.fr/Secret-Atlas-policier-thriller-nouveaut%C3%A9/dp/2266349937/ref=sr_1_393,"10,30 €",Steve Berry,"4,5 sur 5 étoiles, détails de l’évaluation",312,Poche,https://m.media-amazon.com/images/I/81dOqd23lqL._AC_UY218_.jpg,2025-09-04T18:48:47.513693,Description non disponible depuis la recherche,Stock non disponible,ISBN non disponible,Éditeur non disponible,Date non disponible,Nombre de pages non disponible,Rang de vente non disponible,Religion,25.0,,
"L'ARABE - Apprendre à lire et écrire pour les débutants: Cahier d'écriture arabe pour pratiquer les lettres et les mots, pour les enfants et les débutants en arabe, Apprendre l'alphabet Arabe",https://www.amazon.fr/LARABE-Apprendre-d%C3%A9butants-d%C3%A9criture-pratiquer/dp/B09TN3BLLB/ref=sr_1_394,"10,98 €",Omar JABRANE,"4,5 sur 5 étoiles, détails de l’évaluation",142,Broché,https://m.media-amazon.com/images/I/71dXU9B9L3L._AC_UY218_.jpg,2025-09-04T18:48:47.516006,Description non disponible depuis la recherche,Stock non disponible,ISBN non disponible,Éditeur non disponible,Date non disponible,Nombre de pages non disponible,Rang de vente non disponible,Religion,25.0,,
Astérix - Astérix légionnaire - n°10,https://www.amazon.fr/Ast%C3%A9rix-l%C3%A9gionnaire-n%C2%B010-Ren%C3%A9-Goscinny/dp/2012101429/ref=sr_1_397,"10,90 €",René Goscinny,"4,8 sur 5 étoiles, détails de l’évaluation",838,Relié,https://m.media-amazon.com/images/I/81jbeMe3GYL._AC_UY218_.jpg,2025-09-04T18:48:47.525680,Description non disponible depuis la recherche,Stock non disponible,ISBN non disponible,Éditeur non disponible,Date non disponible,Nombre de pages non disponible,Rang de vente non disponible,Religion,25.0,,
Ma 5e facile ! Tout-en-un adapté aux enfants dyslexiques (DYS) ou en difficulté d'apprentissage,https://www.amazon.fr/Tout-en-enfants-dyslexiques-difficult%C3%A9-dapprentissage/dp/2401106057/ref=sr_1_398,"10,95 €",Stéphanie Aumont,"4,9 sur 5 étoiles, détails de l’évaluation",20,Broché,https://m.media-amazon.com/images/I/71FzcgMkPLL._AC_UY218_.jpg,2025-09-04T18:48:47.528400,Description non disponible depuis la recherche,Stock non disponible,ISBN non disponible,Éditeur non disponible,Date non disponible,Nombre de pages non disponible,Rang de vente non disponible,Religion,25.0,,
Petit Livre de - 800 expressions pour tout dire en japonais,https://www.amazon.fr/Petit-Livre-expressions-pour-japonais/dp/241205374X/ref=sr_1_399,"3,50 €",Kuniko Braghini,"4,5 sur 5 étoiles, détails de l’évaluation",332,Broché,https://m.media-amazon.com/images/I/61N2v6RHV8L._AC_UY218_.jpg,2025-09-04T18:48:47.530984,Description non disponible depuis la recherche,Stock non disponible,ISBN non disponible,Éditeur non disponible,Date non disponible,Nombre de pages non disponible,Rang de vente non disponible,Religion,25.0,,
L'Ami retrouvé,https://www.amazon.fr/LAmi-retrouv%C3%A9-Fred-Uhlman/dp/2070374637/ref=sr_1_400,"8,00 €",Fred Uhlman,"4,6 sur 5 étoiles, détails de l’évaluation",632,Poche,https://m.media-amazon.com/images/I/81oe5oxrLOL._AC_UY218_.jpg,2025-09-04T18:48:47.533844,Description non disponible depuis la recherche,Stock non disponible,ISBN non disponible,Éditeur non disponible,Date non disponible,Nombre de pages non disponible,Rang de vente non disponible,Religion,25.0,,
Histoire 1re - Éd. 2019 - Livre de l'élève,https://www.amazon.fr/Histoire-1re-2019-Livre-l%C3%A9l%C3%A8ve/dp/2401053921/ref=sr_1_401,"35,00 €","de Martin Ivernel, Marie Trelat, et al. | 22 mai 2019","4,4 sur 5 étoiles, détails de l’évaluation",36,Broché,https://m.media-amazon.com/images/I/71zswEN-s6L._AC_UY218_.jpg,2025-09-04T18:48:47.536582,Description non disponible depuis la recherche,Stock non disponible,ISBN non disponible,Éditeur non disponible,Date non disponible,Nombre de pages non disponible,Rang de vente non disponible,Religion,25.0,,
Agenda de bord 2025/2026 professeur d’Arts Plastiques: Carnet de bord A4 pour les enseignants,https://www.amazon.fr/Agenda-bord-professeur-dArts-Plastiques/dp/9403797231/ref=sr_1_402,"11,90 €",Gringolivier editions,"4,4 sur 5 étoiles, détails de l’évaluation",6,Broché,https://m.media-amazon.com/images/I/61mHVHRUN3L._AC_UY218_.jpg,2025-09-04T18:48:47.538467,Description non disponible depuis la recherche,Stock non disponible,ISBN non disponible,Éditeur non disponible,Date non disponible,Nombre de pages non disponible,Rang de vente non disponible,Religion,25.0,,
"L’odyssée des idées : Culture générale, histoire, philosophie, sociologie, politique, économie et science: Voyage au cœur des faits et des idées, des origines du langage à l'intelligence artificielle",https://www.amazon.fr/Lodyss%C3%A9e-id%C3%A9es-philosophie-lintelligence-artificielle-ebook/dp/B0CVXQSLBQ/ref=sr_1_403,"35,00 €",Stéphane LALUT,"4,4 sur 5 étoiles, détails de l’évaluation",125,Format Kindle,https://m.media-amazon.com/images/I/81YoQ4ef-pL._AC_UY218_.jpg,2025-09-04T18:48:58.675861,Description non disponible depuis la recherche,Stock non disponible,ISBN non disponible,Éditeur non disponible,Date non disponible,Nombre de pages non disponible,Rang de vente non disponible,Religion,26.0,,
"Classics & Co Anglais LLCE 1re - Death of a Salesman, Arthur Miller - Éd. 2021 - Livre élève",https://www.amazon.fr/Classics-Co-Anglais-LLCE-1re/dp/240107726X/ref=sr_1_404,"7,90 €",de Christelle Ha Soon-Lahaye | 18 août 2021,"4,7 sur 5 étoiles, détails de l’évaluation",173,Broché,https://m.media-amazon.com/images/I/712DTc0PaPL._AC_UY218_.jpg,2025-09-04T18:48:58.678380,Description non disponible depuis la recherche,Stock non disponible,ISBN non disponible,Éditeur non disponible,Date non disponible,Nombre de pages non disponible,Rang de vente non disponible,Religion,26.0,,
Agenda Chats et chatons 2025-2026,https://www.amazon.fr/Agenda-Chats-chatons-2025-2026-Collectif/dp/2385430797/ref=sr_1_405,"11,50 €",de Collectif | 5 juin 2025,"5,0 sur 5 étoiles, détails de l’évaluation",2,Relié,https://m.media-amazon.com/images/I/41JNKJjuSiL._AC_UY218_.jpg,2025-09-04T18:48:58.681218,Description non disponible depuis la recherche,Stock non disponible,ISBN non disponible,Éditeur non disponible,Date non disponible,Nombre de pages non disponible,Rang de vente non disponible,Religion,26.0,,
Learn Easy: Le vocabulaire anglais de l'étudiant. L'essentiel du vocabulaire général et journalistique en 260 fiches thématiques,https://www.amazon.fr/vocabulaire-l%C3%A9tudiant-Lessentiel-journalistique-th%C3%A9matiques/dp/234002269X/ref=sr_1_406,"17,00 €",Daniel Gandrillon,"4,5 sur 5 étoiles, détails de l’évaluation",22,Broché,https://m.media-amazon.com/images/I/511PjePBuWL._AC_UY218_.jpg,2025-09-04T18:48:58.683857,Description non disponible depuis la recherche,Stock non disponible,ISBN non disponible,Éditeur non disponible,Date non disponible,Nombre de pages non disponible,Rang de vente non disponible,Religion,26.0,,
Bescherelle - anglais : la grammaire,https://www.amazon.fr/Bescherelle-anglais-grammaire-Mich%C3%A8le-Malavieille/dp/2218926199/ref=sr_1_407,"11,50 €",Michèle Malavieille,"4,7 sur 5 étoiles, détails de l’évaluation",532,Broché,https://m.media-amazon.com/images/I/71TPcKuTaqL._AC_UY218_.jpg,2025-09-04T18:48:58.686758,Description non disponible depuis la recherche,Stock non disponible,ISBN non disponible,Éditeur non disponible,Date non disponible,Nombre de pages non disponible,Rang de vente non disponible,Religion,26.0,,
Bled Collège Français,https://www.amazon.fr/Bled-Coll%C3%A8ge-Fran%C3%A7ais-Isabelle-Lisle/dp/2017223972/ref=sr_1_408,"10,90 €",de Isabelle de Lisle et Karine JUILLIEN | 5 juillet 2023,"4,8 sur 5 étoiles, détails de l’évaluation",66,Relié,https://m.media-amazon.com/images/I/71YXW09-q+L._AC_UY218_.jpg,2025-09-04T18:48:58.689420,Description non disponible depuis la recherche,Stock non disponible,ISBN non disponible,Éditeur non disponible,Date non disponible,Nombre de pages non disponible,Rang de vente non disponible,Religion,26.0,,
Mon organisateur de mariage :: Wedding planner | Livre de mariage à remplir pour préparer et organiser le plus beau jour de votre vie,https://www.amazon.fr/Mon-organisateur-mariage-pr%C3%A9parer-organiser/dp/2959077911/ref=sr_1_409,"22,74 €",de Happy Stories | 9 février 2024,"4,9 sur 5 étoiles, détails de l’évaluation",23,Relié,https://m.media-amazon.com/images/I/519mdlZglYL._AC_UY218_.jpg,2025-09-04T18:48:58.692049,Description non disponible depuis la recherche,Stock non disponible,ISBN non disponible,Éditeur non disponible,Date non disponible,Nombre de pages non disponible,Rang de vente non disponible,Religion,26.0,,
Bled Anglais Vocabulaire,https://www.amazon.fr/Bled-Anglais-Vocabulaire-Isabelle-Perrin/dp/2017151130/ref=sr_1_410,"9,90 €","de Isabelle Perrin, Annie Sussel, et al. | 7 juillet 2021","4,6 sur 5 étoiles, détails de l’évaluation",111,Broché,https://m.media-amazon.com/images/I/71jCu5x99ML._AC_UY218_.jpg,2025-09-04T18:48:58.694950,Description non disponible depuis la recherche,Stock non disponible,ISBN non disponible,Éditeur non disponible,Date non disponible,Nombre de pages non disponible,Rang de vente non disponible,Religion,26.0,,
Kid's Box New Generation Starter Class Book with Digital Pack British English,https://www.amazon.fr/Generation-Starter-Digital-British-English/dp/1108895409/ref=sr_1_413,"18,94 €",Coffret produits,"4,4 sur 5 étoiles, détails de l’évaluation",26,Coffret produits,https://m.media-amazon.com/images/I/61OcFcBoKYL._AC_UY218_.jpg,2025-09-04T18:48:58.703382,Description non disponible depuis la recherche,Stock non disponible,ISBN non disponible,Éditeur non disponible,Date non disponible,Nombre de pages non disponible,Rang de vente non disponible,Religion,26.0,,
Cahier d'exercices de français CM1: Une collection conçue par Lutin Bazar,https://www.amazon.fr/Cahier-dexercices-fran%C3%A7ais-CM1-cahier/dp/2210778751/ref=sr_1_414,"5,90 €",de Aurore Pigeon Belay et Morgane Céard | 14 février 2024,"4,3 sur 5 étoiles, détails de l’évaluation",20,Broché,https://m.media-amazon.com/images/I/61W1mN05biL._AC_UY218_.jpg,2025-09-04T18:48:58.705860,Description non disponible depuis la recherche,Stock non disponible,ISBN non disponible,Éditeur non disponible,Date non disponible,Nombre de pages non disponible,Rang de vente non disponible,Religion,26.0,,
One Piece - Édition originale - Tome 87: Impitoyable,https://www.amazon.fr/One-Piece-%C3%89dition-originale-piti%C3%A9/dp/2344030042/ref=sr_1_415,"7,20 €",Eiichiro Oda,"4,8 sur 5 étoiles, détails de l’évaluation",510,Broché,https://m.media-amazon.com/images/I/91AFBJWAUbL._AC_UY218_.jpg,2025-09-04T18:48:58.708573,Description non disponible depuis la recherche,Stock non disponible,ISBN non disponible,Éditeur non disponible,Date non disponible,Nombre de pages non disponible,Rang de vente non disponible,Religion,26.0,,
"La Grande Encyclopédie des Enfants Curieux: Explore la Terre, les étoiles, les animaux et les mystères de la science avec un langage clair et des illustrations captivantes (6–10 ans).",https://www.amazon.fr/Grande-Encyclop%C3%A9die-Enfants-Curieux-illustrations/dp/B0F7HH7G4P/ref=sr_1_416,"14,95 €",de Eva Desrosiers | 4 mai 2025,"La Grande Encyclopédie des Enfants Curieux: Explore la Terre, les étoiles, les animaux et les mystères de la science avec un langage clair et des illustrations captivantes (6–10 ans).",107,Broché,https://m.media-amazon.com/images/I/711Y0sSpJVL._AC_UY218_.jpg,2025-09-04T18:48:58.711251,Description non disponible depuis la recherche,Stock non disponible,ISBN non disponible,Éditeur non disponible,Date non disponible,Nombre de pages non disponible,Rang de vente non disponible,Religion,26.0,,
Les Remèdes Naturels qu'ILS ne veulent pas que vous connaissiez,https://www.amazon.fr/Rem%C3%A8des-Naturels-quILS-veulent-connaissiez/dp/B0BRDHRF2T/ref=sr_1_417,"27,00 €",Kevin Trudeau,"4,4 sur 5 étoiles, détails de l’évaluation",143,Broché,https://m.media-amazon.com/images/I/71so10AgWqL._AC_UY218_.jpg,2025-09-04T18:48:58.713611,Description non disponible depuis la recherche,Stock non disponible,ISBN non disponible,Éditeur non disponible,Date non disponible,Nombre de pages non disponible,Rang de vente non disponible,Religion,26.0,,
Cahier d'exercices - Anglais: 10 minutes par jour pour progresser,https://www.amazon.fr/Cahier-dexercices-Anglais-minutes-progresser/dp/2501190831/ref=sr_1_418,"12,90 €",de Paul Marzaioli | 15 janvier 2025,"4,5 sur 5 étoiles, détails de l’évaluation",8,Broché,https://m.media-amazon.com/images/I/71VcjnC2qIL._AC_UY218_.jpg,2025-09-04T18:48:58.716328,Description non disponible depuis la recherche,Stock non disponible,ISBN non disponible,Éditeur non disponible,Date non disponible,Nombre de pages non disponible,Rang de vente non disponible,Religion,26.0,,
One Piece - Édition originale - Tome 82: Un monde en pleine agitation,https://www.amazon.fr/One-Piece-%C3%89dition-originale-agitation/dp/2344020438/ref=sr_1_419,"7,20 €",Eiichiro Oda,"4,9 sur 5 étoiles, détails de l’évaluation",482,Broché,https://m.media-amazon.com/images/I/91y3-WFZbQL._AC_UY218_.jpg,2025-09-04T18:49:09.769797,Description non disponible depuis la recherche,Stock non disponible,ISBN non disponible,Éditeur non disponible,Date non disponible,Nombre de pages non disponible,Rang de vente non disponible,Religion,27.0,,
"Les 35 signes de l'au-delà: Apprenez à les accueillir, à les comprendre et à les solliciter",https://www.amazon.fr/signes-lau-del%C3%A0-accueillir-comprendre-solliciter/dp/2290412074/ref=sr_1_420,"21,00 €",Stéphanie Dejean,"4,4 sur 5 étoiles, détails de l’évaluation",784,Broché,https://m.media-amazon.com/images/I/61O-1NWfH4L._AC_UY218_.jpg,2025-09-04T18:49:09.772587,Description non disponible depuis la recherche,Stock non disponible,ISBN non disponible,Éditeur non disponible,Date non disponible,Nombre de pages non disponible,Rang de vente non disponible,Religion,27.0,,
Anatomie et vocabulaire médical: Schémas - Lexique - Exercices,https://www.amazon.fr/Anatomie-vocabulaire-m%C3%A9dical-Sch%C3%A9mas-Exercices/dp/231166574X/ref=sr_1_421,"16,00 €",Evelyne Berdagué,Note non disponible,0 avis,Broché,https://m.media-amazon.com/images/I/71EgZIZ6MrL._AC_UY218_.jpg,2025-09-04T18:49:09.775605,Description non disponible depuis la recherche,Stock non disponible,ISBN non disponible,Éditeur non disponible,Date non disponible,Nombre de pages non disponible,Rang de vente non disponible,Religion,27.0,,
Kid's Box New Generation Level 4 Activity Book with Digital Pack British English,https://www.amazon.fr/Generation-Activity-Digital-British-English/dp/1108889972/ref=sr_1_422_mod_primary_new,"23,32 €",Coffret produits,"4,7 sur 5 étoiles, détails de l’évaluation",46,Coffret produits,https://m.media-amazon.com/images/I/61Qqs2QukoL._AC_UY218_.jpg,2025-09-04T18:49:09.778745,Description non disponible depuis la recherche,Stock non disponible,ISBN non disponible,Éditeur non disponible,Date non disponible,Nombre de pages non disponible,Rang de vente non disponible,Religion,27.0,,
Orwell - 1984 / Nineteen Eighty-Four. English Edition: A special edition hardcover embossed with silver foil,https://www.amazon.fr/Orwell-Nineteen-Eighty-Four-hardcover-embossing/dp/373061438X/ref=sr_1_423,"7,89 €",George Orwell,"4,7 sur 5 étoiles, détails de l’évaluation",173,Relié,https://m.media-amazon.com/images/I/818C5YoQ0GL._AC_UY218_.jpg,2025-09-04T18:49:09.780842,Description non disponible depuis la recherche,Stock non disponible,ISBN non disponible,Éditeur non disponible,Date non disponible,Nombre de pages non disponible,Rang de vente non disponible,Religion,27.0,,
Cahier d'exercices anglais débutant/faux débutant pour les Nuls grand format,https://www.amazon.fr/Cahier-dexercices-anglais-d%C3%A9butant-format/dp/2754089365/ref=sr_1_424,"9,95 €",Claire Costello,"4,4 sur 5 étoiles, détails de l’évaluation",711,Broché,https://m.media-amazon.com/images/I/71+9tnqh9FL._AC_UY218_.jpg,2025-09-04T18:49:09.782815,Description non disponible depuis la recherche,Stock non disponible,ISBN non disponible,Éditeur non disponible,Date non disponible,Nombre de pages non disponible,Rang de vente non disponible,Religion,27.0,,
Swan & Néo – Agenda de textes – Avec des stickers – Dès 5 ans,https://www.amazon.fr/Swan-N%C3%A9o-Agenda-textes-stickers/dp/2821216629/ref=sr_1_425,"9,95 €",Swan & Néo,"4,8 sur 5 étoiles, détails de l’évaluation",280,Relié,https://m.media-amazon.com/images/I/61Nb2KIC6+L._AC_UY218_.jpg,2025-09-04T18:49:09.785023,Description non disponible depuis la recherche,Stock non disponible,ISBN non disponible,Éditeur non disponible,Date non disponible,Nombre de pages non disponible,Rang de vente non disponible,Religion,27.0,,
Astérix - Le combat des chefs - n°7,https://www.amazon.fr/Ast%C3%A9rix-combat-chefs-Ren%C3%A9-Goscinny/dp/2012101399/ref=sr_1_426,"10,90 €",René Goscinny,"4,8 sur 5 étoiles, détails de l’évaluation",794,Relié,https://m.media-amazon.com/images/I/81o0F-fs5NL._AC_UY218_.jpg,2025-09-04T18:49:09.787829,Description non disponible depuis la recherche,Stock non disponible,ISBN non disponible,Éditeur non disponible,Date non disponible,Nombre de pages non disponible,Rang de vente non disponible,Religion,27.0,,
One Piece - Édition originale - Tome 88: Lionne,https://www.amazon.fr/One-Piece-%C3%89dition-originale-Lionne/dp/2344030050/ref=sr_1_429,"7,20 €",Eiichiro Oda,"4,9 sur 5 étoiles, détails de l’évaluation",550,Broché,https://m.media-amazon.com/images/I/91lwdO6Z0xL._AC_UY218_.jpg,2025-09-04T18:49:09.796552,Description non disponible depuis la recherche,Stock non disponible,ISBN non disponible,Éditeur non disponible,Date non disponible,Nombre de pages non disponible,Rang de vente non disponible,Religion,27.0,,
Français 3éme livre de l'élève - Grand format - Nouveau programme 2016,https://www.amazon.fr/Fran%C3%A7ais-3%C3%A9me-livre-l%C3%A9l%C3%A8ve-programme/dp/2701197376/ref=sr_1_430,"33,90 €",Florence Randanne,"4,6 sur 5 étoiles, détails de l’évaluation",26,Broché,https://m.media-amazon.com/images/I/81SRgbUYvsL._AC_UY218_.jpg,2025-09-04T18:49:09.798697,Description non disponible depuis la recherche,Stock non disponible,ISBN non disponible,Éditeur non disponible,Date non disponible,Nombre de pages non disponible,Rang de vente non disponible,Religion,27.0,,
"MINECRAFT, LE GUIDE DE LA REDSTONE",https://www.amazon.fr/Minecraft-guide-officiel-redstone-Collectif/dp/2075165998/ref=sr_1_431,"12,50 €",de Collectif et Alexandre Fil | 6 avril 2023,"4,8 sur 5 étoiles, détails de l’évaluation",108,Poche,https://m.media-amazon.com/images/I/81fli65lexL._AC_UY218_.jpg,2025-09-04T18:49:09.801245,Description non disponible depuis la recherche,Stock non disponible,ISBN non disponible,Éditeur non disponible,Date non disponible,Nombre de pages non disponible,Rang de vente non disponible,Religion,27.0,,
Édito B1 - édition 2022-2024 - Livre + didierfle.app,https://www.amazon.fr/Edito-B1-%C3%A9dition-didierfle-app-Nouvelle/dp/2278108549/ref=sr_1_432,"21,80 €","de Elodie Heu, Marie Gatin, et al. | 12 avril 2023","4,6 sur 5 étoiles, détails de l’évaluation",84,Broché,https://m.media-amazon.com/images/I/81bPUrop5eL._AC_UY218_.jpg,2025-09-04T18:49:09.804132,Description non disponible depuis la recherche,Stock non disponible,ISBN non disponible,Éditeur non disponible,Date non disponible,Nombre de pages non disponible,Rang de vente non disponible,Religion,27.0,,
"Le Grand Livre De La MANIPULATION MENTALE: 7 LIVRES EN 1 : Comment Démêler les Tromperies de l'Esprit, Dévoiler Tous les Secrets de la Manipulation et Maîtriser les Techniques de Persuasion.",https://www.amazon.fr/Grand-Livre-MANIPULATION-MENTALE-Manipulation/dp/B0C63YRZ4P/ref=sr_1_433,"14,90 €",James Path,"4,4 sur 5 étoiles, détails de l’évaluation",65,Broché,https://m.media-amazon.com/images/I/61S4MwRJOqL._AC_UY218_.jpg,2025-09-04T18:49:09.806905,Description non disponible depuis la recherche,Stock non disponible,ISBN non disponible,Éditeur non disponible,Date non disponible,Nombre de pages non disponible,Rang de vente non disponible,Religion,27.0,,
Français 6e - Cahier Jour Soir: Conçu et recommandé par les enseignants,https://www.amazon.fr/Fran%C3%A7ais-6e-Cahier-recommand%C3%A9-enseignants/dp/2210784948/ref=sr_1_434,"7,60 €",de Florence Randanne et Stéphane Devin | 13 janvier 2025,"4,9 sur 5 étoiles, détails de l’évaluation",17,Broché,https://m.media-amazon.com/images/I/71Vyx+LN21L._AC_UY218_.jpg,2025-09-04T18:49:09.809311,Description non disponible depuis la recherche,Stock non disponible,ISBN non disponible,Éditeur non disponible,Date non disponible,Nombre de pages non disponible,Rang de vente non disponible,Religion,27.0,,
Lecture fluide CM1-CM2 - 10-11 ans: Maître Lucas Par matière,https://www.amazon.fr/Lecture-fluide-CM1-CM2-Ma%C3%AEtre-mati%C3%A8re/dp/2401104992/ref=sr_1_435,"6,50 €",de Stéphanie Grison | 21 août 2024,"4,9 sur 5 étoiles, détails de l’évaluation",16,Broché,https://m.media-amazon.com/images/I/713q-FpDSjL._AC_UY218_.jpg,2025-09-04T18:49:18.990737,Description non disponible depuis la recherche,Stock non disponible,ISBN non disponible,Éditeur non disponible,Date non disponible,Nombre de pages non disponible,Rang de vente non disponible,Religion,28.0,,
The Tempest,https://www.amazon.fr/Tempest-Rex-Gibson/dp/1107615534/ref=sr_1_436,"9,50 €",William Shakespeare,"4,6 sur 5 étoiles, détails de l’évaluation",198,Broché,https://m.media-amazon.com/images/I/610vQu4FmlL._AC_UY218_.jpg,2025-09-04T18:49:18.993192,Description non disponible depuis la recherche,Stock non disponible,ISBN non disponible,Éditeur non disponible,Date non disponible,Nombre de pages non disponible,Rang de vente non disponible,Religion,28.0,,
Les Nouveaux Outils pour le Français CM1 (2016) - Manuel de l'élève,https://www.amazon.fr/Fran%C3%A7ais-cycle-nouveaux-outils-fran%C3%A7ais/dp/221050208X/ref=sr_1_437,"16,50 €",Sylvie Bordron,"4,7 sur 5 étoiles, détails de l’évaluation",212,Broché,https://m.media-amazon.com/images/I/71TkqSeSrPL._AC_UY218_.jpg,2025-09-04T18:49:18.995237,Description non disponible depuis la recherche,Stock non disponible,ISBN non disponible,Éditeur non disponible,Date non disponible,Nombre de pages non disponible,Rang de vente non disponible,Religion,28.0,,
Le dictionnaire Larousse Junior poche Plus - 7/11 ans - CE/CM,https://www.amazon.fr/dictionnaire-Larousse-Junior-poche-Plus/dp/2036068766/ref=sr_1_438,"13,95 €",Larousse,Note non disponible,0 avis,Broché,https://m.media-amazon.com/images/I/7169xA84lXL._AC_UY218_.jpg,2025-09-04T18:49:18.997418,Description non disponible depuis la recherche,Stock non disponible,ISBN non disponible,Éditeur non disponible,Date non disponible,Nombre de pages non disponible,Rang de vente non disponible,Religion,28.0,,
"Dictionnaire des symboles : Mythes, rêves, coutumes, gestes, formes, figures, couleurs, nombres",https://www.amazon.fr/Dictionnaire-symboles-coutumes-figures-couleurs/dp/222108716X/ref=sr_1_439,"27,00 €",Alain Gheerbrant,"4,5 sur 5 étoiles, détails de l’évaluation",940,Poche,https://m.media-amazon.com/images/I/71yNd+iZfcL._AC_UY218_.jpg,2025-09-04T18:49:18.999946,Description non disponible depuis la recherche,Stock non disponible,ISBN non disponible,Éditeur non disponible,Date non disponible,Nombre de pages non disponible,Rang de vente non disponible,Religion,28.0,,
Agenda de bord 2025/2026 prof en SEGPA: Carnet de bord A4 pour les professeurs,https://www.amazon.fr/Agenda-bord-2025-2026-SEGPA/dp/9403786469/ref=sr_1_440,"11,90 €",Gringolivier editions,"5,0 sur 5 étoiles, détails de l’évaluation",1,Broché,https://m.media-amazon.com/images/I/61RGddiZM3L._AC_UY218_.jpg,2025-09-04T18:49:19.001800,Description non disponible depuis la recherche,Stock non disponible,ISBN non disponible,Éditeur non disponible,Date non disponible,Nombre de pages non disponible,Rang de vente non disponible,Religion,28.0,,
Décodage biologique des maladies: L’encyclopédie des correspondances symptômes-émotions,https://www.amazon.fr/D%C3%A9codage-biologique-maladies-correspondances-sympt%C3%B4mes-%C3%A9motions/dp/2840589419/ref=sr_1_441,"29,90 €",Christian Flèche,"4,4 sur 5 étoiles, détails de l’évaluation",8,Broché,https://m.media-amazon.com/images/I/71YTrd714aL._AC_UY218_.jpg,2025-09-04T18:49:19.003780,Description non disponible depuis la recherche,Stock non disponible,ISBN non disponible,Éditeur non disponible,Date non disponible,Nombre de pages non disponible,Rang de vente non disponible,Religion,28.0,,
I (do) speak English,https://www.amazon.fr/do-speak-English-Paul-Marzaioli/dp/2501177436/ref=sr_1_442,"16,90 €",de Paul Marzaioli | 16 août 2023,"4,6 sur 5 étoiles, détails de l’évaluation",77,Broché,https://m.media-amazon.com/images/I/71jO5LjmjsL._AC_UY218_.jpg,2025-09-04T18:49:19.006339,Description non disponible depuis la recherche,Stock non disponible,ISBN non disponible,Éditeur non disponible,Date non disponible,Nombre de pages non disponible,Rang de vente non disponible,Religion,28.0,,
"Na also !: Zoom sur les points essentiels de la grammaire allemande, 900 phrases de thème grammatical ciblées, graduées et corrigées",https://www.amazon.fr/also-essentiels-grammaire-allemande-grammatical/dp/2729874399/ref=sr_1_445,"18,50 €",Waltraud Legros,"4,7 sur 5 étoiles, détails de l’évaluation",34,Broché,https://m.media-amazon.com/images/I/71J9YUcLPhL._AC_UY218_.jpg,2025-09-04T18:49:19.014016,Description non disponible depuis la recherche,Stock non disponible,ISBN non disponible,Éditeur non disponible,Date non disponible,Nombre de pages non disponible,Rang de vente non disponible,Religion,28.0,,
One Piece - Édition originale - Tome 80: Vers une bataille sans précédent,https://www.amazon.fr/One-Piece-originale-bataille-pr%C3%A9c%C3%A9dent/dp/234401747X/ref=sr_1_446,"7,20 €",Eiichiro Oda,"4,9 sur 5 étoiles, détails de l’évaluation",477,Broché,https://m.media-amazon.com/images/I/91hQ2G7SI9L._AC_UY218_.jpg,2025-09-04T18:49:19.016738,Description non disponible depuis la recherche,Stock non disponible,ISBN non disponible,Éditeur non disponible,Date non disponible,Nombre de pages non disponible,Rang de vente non disponible,Religion,28.0,,
Mémo anglais B2-C1 (classes prépas/ens. supérieur) - édition 2016,https://www.amazon.fr/anglais-B2-C1-classes-pr%C3%A9pas-sup%C3%A9rieur/dp/2362460576/ref=sr_1_447,"6,30 €",Elise Peizerat,"4,6 sur 5 étoiles, détails de l’évaluation",327,Broché,https://m.media-amazon.com/images/I/71Z1+iRGbwL._AC_UY218_.jpg,2025-09-04T18:49:19.018616,Description non disponible depuis la recherche,Stock non disponible,ISBN non disponible,Éditeur non disponible,Date non disponible,Nombre de pages non disponible,Rang de vente non disponible,Religion,28.0,,
La Brouille,https://www.amazon.fr/Brouille-Claude-Boujon/dp/2211010482/ref=sr_1_448,"6,00 €",Claude Boujon,"4,8 sur 5 étoiles, détails de l’évaluation",256,Poche,https://m.media-amazon.com/images/I/61VH-JT4ovL._AC_UY218_.jpg,2025-09-04T18:49:19.022379,Description non disponible depuis la recherche,Stock non disponible,ISBN non disponible,Éditeur non disponible,Date non disponible,Nombre de pages non disponible,Rang de vente non disponible,Religion,28.0,,
Atlas de l'Inde: Une nouvelle puissance mondiale,https://www.amazon.fr/Atlas-lInde-nouvelle-puissance-mondiale/dp/2746743043/ref=sr_1_449,"24,00 €",Isabelle Saint-Mézard,"4,8 sur 5 étoiles, détails de l’évaluation",11,Broché,https://m.media-amazon.com/images/I/81FVA2mvJKL._AC_UY218_.jpg,2025-09-04T18:49:19.024999,Description non disponible depuis la recherche,Stock non disponible,ISBN non disponible,Éditeur non disponible,Date non disponible,Nombre de pages non disponible,Rang de vente non disponible,Religion,28.0,,
Prêt-à-réviser. Grammaire synthétique de l'anglais en 60 fiches pratiques et exercices corrigés • [B2-C1] • 2e édition augmentée,https://www.amazon.fr/Grammaire-synth%C3%A9tique-anglais-B2-C1-Cascade/dp/2340047773/ref=sr_1_450,"18,50 €",Joël Cascade,"4,5 sur 5 étoiles, détails de l’évaluation",13,Broché,https://m.media-amazon.com/images/I/61+3vY5yUsL._AC_UY218_.jpg,2025-09-04T18:49:19.027674,Description non disponible depuis la recherche,Stock non disponible,ISBN non disponible,Éditeur non disponible,Date non disponible,Nombre de pages non disponible,Rang de vente non disponible,Religion,28.0,,
Lexique des termes littéraires,https://www.amazon.fr/Lexique-termes-litt%C3%A9raires-Michel-Jarrety/dp/2253067458/ref=sr_1_451,"9,70 €",Michel Jarrety,"4,6 sur 5 étoiles, détails de l’évaluation",222,Poche,https://m.media-amazon.com/images/I/71F8TUUKI7L._AC_UY218_.jpg,2025-09-04T18:49:29.651467,Description non disponible depuis la recherche,Stock non disponible,ISBN non disponible,Éditeur non disponible,Date non disponible,Nombre de pages non disponible,Rang de vente non disponible,Religion,29.0,,
"Énigmes à tous les étages, Tome 02: Les douze mauvais coups de minuit",https://www.amazon.fr/NE-Enigmes-%C3%A0-tous-%C3%A9tages/dp/B08QBPSBQD/ref=sr_1_452,"12,90 €",Paul Martin,"4,8 sur 5 étoiles, détails de l’évaluation",113,Broché,https://m.media-amazon.com/images/I/818FCXBx8rL._AC_UY218_.jpg,2025-09-04T18:49:29.653544,Description non disponible depuis la recherche,Stock non disponible,ISBN non disponible,Éditeur non disponible,Date non disponible,Nombre de pages non disponible,Rang de vente non disponible,Religion,29.0,,
Les Bienfaits de l'Épreuve,https://www.amazon.fr/Bienfaits-l%C3%89preuve-Muslim-Life/dp/1952608287/ref=sr_1_453,"11,99 €",Muslim Life,"4,7 sur 5 étoiles, détails de l’évaluation",367,Broché,https://m.media-amazon.com/images/I/71ciEhrhBFL._AC_UY218_.jpg,2025-09-04T18:49:29.656624,Description non disponible depuis la recherche,Stock non disponible,ISBN non disponible,Éditeur non disponible,Date non disponible,Nombre de pages non disponible,Rang de vente non disponible,Religion,29.0,,
Kid's Box New Generation Level 1 Pupil's Book with eBook British English,https://www.amazon.fr/Generation-Level-Pupils-British-English/dp/110881557X/ref=sr_1_454,"23,93 €",Caroline Nixon,"4,6 sur 5 étoiles, détails de l’évaluation",50,Coffret produits,https://m.media-amazon.com/images/I/61RuVZmNfeL._AC_UY218_.jpg,2025-09-04T18:49:29.659179,Description non disponible depuis la recherche,Stock non disponible,ISBN non disponible,Éditeur non disponible,Date non disponible,Nombre de pages non disponible,Rang de vente non disponible,Religion,29.0,,
Portugais débutants (cahier d'exercices),https://www.amazon.fr/Portugais-d%C3%A9butants-cahier-dexercices-Valente/dp/2700509862/ref=sr_1_455,"11,90 €",Lisa Valente Pires,"4,6 sur 5 étoiles, détails de l’évaluation",18,Couverture à spirales,https://m.media-amazon.com/images/I/61jKTS8OyBL._AC_UY218_.jpg,2025-09-04T18:49:29.661615,Description non disponible depuis la recherche,Stock non disponible,ISBN non disponible,Éditeur non disponible,Date non disponible,Nombre de pages non disponible,Rang de vente non disponible,Religion,29.0,,
Man's Search For Meaning: The classic tribute to hope from the Holocaust,https://www.amazon.fr/Mans-Search-Meaning-classic-Holocaust/dp/1846041244/ref=sr_1_456,"10,91 €",Viktor E Frankl,"4,7 sur 5 étoiles, détails de l’évaluation",92 511,Broché,https://m.media-amazon.com/images/I/61157LApbuL._AC_UY218_.jpg,2025-09-04T18:49:29.665697,Description non disponible depuis la recherche,Stock non disponible,ISBN non disponible,Éditeur non disponible,Date non disponible,Nombre de pages non disponible,Rang de vente non disponible,Religion,29.0,,
30 jours pour se remettre à l'anglais,https://www.amazon.fr/30-jours-pour-remettre-langlais/dp/2036063225/ref=sr_1_457,"15,95 €",Léa English,"4,6 sur 5 étoiles, détails de l’évaluation",41,Broché,https://m.media-amazon.com/images/I/81YnTzcE-GL._AC_UY218_.jpg,2025-09-04T18:49:29.667638,Description non disponible depuis la recherche,Stock non disponible,ISBN non disponible,Éditeur non disponible,Date non disponible,Nombre de pages non disponible,Rang de vente non disponible,Religion,29.0,,
"Juger, auteur par auteur: Littérature, philosophie, culture générale. Prépa ECG. Concours 202",https://www.amazon.fr/Juger-auteur-par-Litt%C3%A9rature-philosophie/dp/2340101549/ref=sr_1_458,"22,50 €",Guillaume Tonning,Note non disponible,0 avis,Broché,https://m.media-amazon.com/images/I/61xeSeRIg+L._AC_UY218_.jpg,2025-09-04T18:49:29.670981,Description non disponible depuis la recherche,Stock non disponible,ISBN non disponible,Éditeur non disponible,Date non disponible,Nombre de pages non disponible,Rang de vente non disponible,Religion,29.0,,
Almanach Keto: Plus de 140 recettes hypo inflammatoires et le socle de connaissances pour réparer le métabolisme d’Homo sapiens,https://www.amazon.fr/Almanach-Keto-inflammatoires-connaissances-m%C3%A9tabolisme/dp/B0F91MCY3J/ref=sr_1_461,"31,54 €",de Géraldine DEZ et Salomé SELLOUK | 15 mai 2025,"4,2 sur 5 étoiles, détails de l’évaluation",10,Broché,https://m.media-amazon.com/images/I/71DD9ajv40L._AC_UY218_.jpg,2025-09-04T18:49:29.680143,Description non disponible depuis la recherche,Stock non disponible,ISBN non disponible,Éditeur non disponible,Date non disponible,Nombre de pages non disponible,Rang de vente non disponible,Religion,29.0,,
Le Nouveau Guide Clause 39e édition: La référence du jardinier à l'heure des changements climatiques,https://www.amazon.fr/Nouveau-Guide-Clause-39e-%C3%A9dition/dp/226318984X/ref=sr_1_462,"32,90 €","de Sylvie Lignier, Agnès Guillaumin, et al. | 13 mars 2025","4,8 sur 5 étoiles, détails de l’évaluation",12,Relié,https://m.media-amazon.com/images/I/71zE6MHzDWL._AC_UY218_.jpg,2025-09-04T18:49:29.682711,Description non disponible depuis la recherche,Stock non disponible,ISBN non disponible,Éditeur non disponible,Date non disponible,Nombre de pages non disponible,Rang de vente non disponible,Religion,29.0,,
"PÈRE RICHE, PÈRE PAUVRE : Réussir en France aujourd'hui: Version française inspirée du livre Père riche, père pauvre de Robert Kiyosaki",https://www.amazon.fr/P%C3%88RE-RICHE-PAUVRE-aujourdhui-fran%C3%A7aise/dp/B0DJZ4539T/ref=sr_1_463,"16,90 €",Christian Boush,"4,2 sur 5 étoiles, détails de l’évaluation",15,Broché,https://m.media-amazon.com/images/I/71UzZpGeBlL._AC_UY218_.jpg,2025-09-04T18:49:29.684551,Description non disponible depuis la recherche,Stock non disponible,ISBN non disponible,Éditeur non disponible,Date non disponible,Nombre de pages non disponible,Rang de vente non disponible,Religion,29.0,,
Le Mot et l'idée - Anglais 1: Vocabulaire thématique,https://www.amazon.fr/Mot-lid%C3%A9e-Anglais-Vocabulaire-th%C3%A9matique/dp/2708016962/ref=sr_1_464,"14,95 €",Claude Gosset,"4,6 sur 5 étoiles, détails de l’évaluation",6,Broché,https://m.media-amazon.com/images/I/51zf+JYiEKL._AC_UY218_.jpg,2025-09-04T18:49:29.686615,Description non disponible depuis la recherche,Stock non disponible,ISBN non disponible,Éditeur non disponible,Date non disponible,Nombre de pages non disponible,Rang de vente non disponible,Religion,29.0,,
Distinction,https://www.amazon.fr/Distinction-Critique-sociale-jugement/dp/2707302759/ref=sr_1_465,"32,80 €",Pierre Bourdieu,"4,3 sur 5 étoiles, détails de l’évaluation",115,Broché,https://m.media-amazon.com/images/I/610kW56foYL._AC_UY218_.jpg,2025-09-04T18:49:29.690161,Description non disponible depuis la recherche,Stock non disponible,ISBN non disponible,Éditeur non disponible,Date non disponible,Nombre de pages non disponible,Rang de vente non disponible,Religion,29.0,,
Dico SES - Economie et Sciences sociales - Ed. 2025: L'essentiel de l'économie et des sciences sociales - Lycée et Post-Bac,https://www.amazon.fr/Dico-SES-Economie-Lessentiel-l%C3%A9conomie/dp/2401113320/ref=sr_1_466,"14,95 €",Jean-Yves Capul,"5,0 sur 5 étoiles, détails de l’évaluation",1,Broché,https://m.media-amazon.com/images/I/71apvOICzNL._AC_UY218_.jpg,2025-09-04T18:49:29.693637,Description non disponible depuis la recherche,Stock non disponible,ISBN non disponible,Éditeur non disponible,Date non disponible,Nombre de pages non disponible,Rang de vente non disponible,Religion,29.0,,
La femme gelée - Prix Nobel de Littérature 2022,https://www.amazon.fr/femme-gel%C3%A9e-Annie-Ernaux/dp/2070378187/ref=sr_1_467,"7,60 €",Annie Ernaux,"4,2 sur 5 étoiles, détails de l’évaluation",1 343,Poche,https://m.media-amazon.com/images/I/71lBv2pl1sL._AC_UY218_.jpg,2025-09-04T18:49:29.696920,Description non disponible depuis la recherche,Stock non disponible,ISBN non disponible,Éditeur non disponible,Date non disponible,Nombre de pages non disponible,Rang de vente non disponible,Religion,29.0,,
Le Bibliobus N° 28 CM - Le XIXe siècle - Livre élève - Ed.2009,https://www.amazon.fr/Bibliobus-N%C2%B0-28-CM-Ed-2009/dp/2011174511/ref=sr_1_468,"9,10 €",Alain Dag'Naud,"4,6 sur 5 étoiles, détails de l’évaluation",166,Broché,https://m.media-amazon.com/images/I/71IjCVOZN5L._AC_UY218_.jpg,2025-09-04T18:49:29.698882,Description non disponible depuis la recherche,Stock non disponible,ISBN non disponible,Éditeur non disponible,Date non disponible,Nombre de pages non disponible,Rang de vente non disponible,Religion,29.0,,
Agenda Passion cheval 2025-2026,https://www.amazon.fr/Agenda-Passion-cheval-2025-2026-Collectif/dp/2385430800/ref=sr_1_467,"11,50 €",de Collectif | 5 juin 2025,"5,0 sur 5 étoiles, détails de l’évaluation",1,Relié,https://m.media-amazon.com/images/I/413njPmOd8L._AC_UY218_.jpg,2025-09-04T18:49:42.059374,Description non disponible depuis la recherche,Stock non disponible,ISBN non disponible,Éditeur non disponible,Date non disponible,Nombre de pages non disponible,Rang de vente non disponible,Religion,30.0,,
"MINECRAFT, LE GUIDE DE LA SURVIE",https://www.amazon.fr/Minecraft-guide-survie-Collectif/dp/2075165963/ref=sr_1_468,"12,50 €",de Collectif et Alexandre Fil | 10 novembre 2022,"4,8 sur 5 étoiles, détails de l’évaluation",106,Poche,https://m.media-amazon.com/images/I/412z6NhB+iL._AC_UY218_.jpg,2025-09-04T18:49:42.062045,Description non disponible depuis la recherche,Stock non disponible,ISBN non disponible,Éditeur non disponible,Date non disponible,Nombre de pages non disponible,Rang de vente non disponible,Religion,30.0,,
FROM HEAD TO TOE,https://www.amazon.fr/HEAD-TOE-Eric-Carle/dp/0140563784/ref=sr_1_469,"9,75 €",Eric Carle,"4,8 sur 5 étoiles, détails de l’évaluation",6 571,Broché,https://m.media-amazon.com/images/I/A12HkC7CcOL._AC_UY218_.jpg,2025-09-04T18:49:42.065563,Description non disponible depuis la recherche,Stock non disponible,ISBN non disponible,Éditeur non disponible,Date non disponible,Nombre de pages non disponible,Rang de vente non disponible,Religion,30.0,,
Al grano !: Grammaire et conjugaison espagnoles en 40 chapitres pour bien débuter et réussir sa prépa,https://www.amazon.fr/Grammaire-Conjugaison-Chapitres-D%C3%A9buter-R%C3%A9ussir/dp/2340011868/ref=sr_1_470,"18,50 €",Frédérique Mabilais,"4,5 sur 5 étoiles, détails de l’évaluation",25,Broché,https://m.media-amazon.com/images/I/61ZiX4MBv7L._AC_UY218_.jpg,2025-09-04T18:49:42.067601,Description non disponible depuis la recherche,Stock non disponible,ISBN non disponible,Éditeur non disponible,Date non disponible,Nombre de pages non disponible,Rang de vente non disponible,Religion,30.0,,
Terre des Lettres 6e - Grand format - Nouveau programme 2016,https://www.amazon.fr/Terre-Lettres-6e-Nouveau-programme/dp/2091717126/ref=sr_1_471,"27,50 €","de Anne-Christine Denechère, Catherine Hars, et al. | 19 avril 2016","4,7 sur 5 étoiles, détails de l’évaluation",103,Broché,https://m.media-amazon.com/images/I/61qH6p6ZM3L._AC_UY218_.jpg,2025-09-04T18:49:42.070336,Description non disponible depuis la recherche,Stock non disponible,ISBN non disponible,Éditeur non disponible,Date non disponible,Nombre de pages non disponible,Rang de vente non disponible,Religion,30.0,,
Cahier d'exercices maths,https://www.amazon.fr/Cahier-dexercices-maths-Paul-Hong/dp/2501194004/ref=sr_1_472,"12,90 €",Paul Hong My,Note non disponible,0 avis,Broché,https://m.media-amazon.com/images/I/71WkfejlzxL._AC_UY218_.jpg,2025-09-04T18:49:42.072427,Description non disponible depuis la recherche,Stock non disponible,ISBN non disponible,Éditeur non disponible,Date non disponible,Nombre de pages non disponible,Rang de vente non disponible,Religion,30.0,,
Astérix - Le bouclier arverne - n°11,https://www.amazon.fr/Ast%C3%A9rix-bouclier-arverne-Ren%C3%A9-Goscinny/dp/2012101437/ref=sr_1_473,"10,90 €",René Goscinny,"4,8 sur 5 étoiles, détails de l’évaluation",665,Relié,https://m.media-amazon.com/images/I/81gRUBiaBGL._AC_UY218_.jpg,2025-09-04T18:49:42.075798,Description non disponible depuis la recherche,Stock non disponible,ISBN non disponible,Éditeur non disponible,Date non disponible,Nombre de pages non disponible,Rang de vente non disponible,Religion,30.0,,
Les Identités meurtrières,https://www.amazon.fr/Identit%C3%A9s-meurtri%C3%A8res-Amin-Maalouf/dp/2253150053/ref=sr_1_474,"7,90 €",Amin Maalouf,"4,6 sur 5 étoiles, détails de l’évaluation",1 049,Poche,https://m.media-amazon.com/images/I/81p74vi5jJL._AC_UY218_.jpg,2025-09-04T18:49:42.079398,Description non disponible depuis la recherche,Stock non disponible,ISBN non disponible,Éditeur non disponible,Date non disponible,Nombre de pages non disponible,Rang de vente non disponible,Religion,30.0,,
Les Trois mousquetaires,https://www.amazon.fr/Trois-mousquetaires-Alexandre-Dumas/dp/2253008885/ref=sr_1_477,"6,90 €",Alexandre Dumas,"4,5 sur 5 étoiles, détails de l’évaluation",1 306,Poche,https://m.media-amazon.com/images/I/81oTzmQqrPL._AC_UY218_.jpg,2025-09-04T18:49:42.088481,Description non disponible depuis la recherche,Stock non disponible,ISBN non disponible,Éditeur non disponible,Date non disponible,Nombre de pages non disponible,Rang de vente non disponible,Religion,30.0,,
Dictionnaire du vocabulaire juridique 2026,https://www.amazon.fr/Dictionnaire-du-vocabulaire-juridique-2026/dp/2711043061/ref=sr_1_478,"15,00 €",de Rémy Cabrillac | 4 juin 2025,Note non disponible,0 avis,Broché,https://m.media-amazon.com/images/I/71Hpxq-DyYL._AC_UY218_.jpg,2025-09-04T18:49:42.090941,Description non disponible depuis la recherche,Stock non disponible,ISBN non disponible,Éditeur non disponible,Date non disponible,Nombre de pages non disponible,Rang de vente non disponible,Religion,30.0,,
Chouette - Français CE2: cahier d'entraînement recommandé par les enseignants,https://www.amazon.fr/Fran%C3%A7ais-CE2-Evelyne-Barge/dp/2401084274/ref=sr_1_479,"5,50 €",Evelyne Barge,"4,7 sur 5 étoiles, détails de l’évaluation",121,Broché,https://m.media-amazon.com/images/I/71oLeWFBGuL._AC_UY218_.jpg,2025-09-04T18:49:42.093632,Description non disponible depuis la recherche,Stock non disponible,ISBN non disponible,Éditeur non disponible,Date non disponible,Nombre de pages non disponible,Rang de vente non disponible,Religion,30.0,,
Let's Meet up ! - Anglais 1re Éd. 2019 - Livre élève,https://www.amazon.fr/Lets-Meet-Anglais-Livre-%C3%A9l%C3%A8ve/dp/2401052984/ref=sr_1_480,"27,80 €",Erwan Gouraud,"4,6 sur 5 étoiles, détails de l’évaluation",47,Broché,https://m.media-amazon.com/images/I/815TQRBDk0L._AC_UY218_.jpg,2025-09-04T18:49:42.095706,Description non disponible depuis la recherche,Stock non disponible,ISBN non disponible,Éditeur non disponible,Date non disponible,Nombre de pages non disponible,Rang de vente non disponible,Religion,30.0,,
Fun for Starters. Student's Book with audio with online activities. 4th Edition,https://www.amazon.fr/Starters-Students-audio-online-activities/dp/B09L4G8L2N/ref=sr_1_481,"22,87 €",Édition en Allemand | 25 septembre 2017,"4,5 sur 5 étoiles, détails de l’évaluation",72,Broché,https://m.media-amazon.com/images/I/61bSFw9yWHL._AC_UY218_.jpg,2025-09-04T18:49:42.098234,Description non disponible depuis la recherche,Stock non disponible,ISBN non disponible,Éditeur non disponible,Date non disponible,Nombre de pages non disponible,Rang de vente non disponible,Religion,30.0,,
Médecine légale - Médecine du travail: Réussir ses EDN,https://www.amazon.fr/M%C3%A9decine-l%C3%A9gale-travail-R%C3%A9ussir-ses/dp/2294787439/ref=sr_1_482,"29,50 €","de Collège National Des Enseignants De Médecine Légale, Collège Des Enseignants Hospitalo-Universitaires De Médecine et Santé au Travail, et al. | 1 octobre 2025",Note non disponible,0 avis,Broché,https://m.media-amazon.com/images/I/71P1otMN4sL._AC_UY218_.jpg,2025-09-04T18:49:42.101753,Description non disponible depuis la recherche,Stock non disponible,ISBN non disponible,Éditeur non disponible,Date non disponible,Nombre de pages non disponible,Rang de vente non disponible,Religion,30.0,,
"APPRENDRE L'ANGLAIS EN 30 JOURS: 7 livres en 1: Le cours complet pour tous les niveaux (A1-C2). Grammaire +500 exercices avec audio, +3000 mots et conversation pour les examenss, 15 histoires",https://www.amazon.fr/APPRENDRE-LANGLAIS-JOURS-Grammaire-conversation-ebook/dp/B0FJ88JXVY/ref=sr_1_483,"22,95 €",Peter J. Locke,"5,0 sur 5 étoiles, détails de l’évaluation",15,Format Kindle,https://m.media-amazon.com/images/I/814kJooOVeL._AC_UY218_.jpg,2025-09-04T18:49:42.104555,Description non disponible depuis la recherche,Stock non disponible,ISBN non disponible,Éditeur non disponible,Date non disponible,Nombre de pages non disponible,Rang de vente non disponible,Religion,30.0,,
Le Petit Nicolas,https://www.amazon.fr/Le-Petit-Nicolas/dp/B086WNGXG6/ref=sr_1_484,"0,00 €",Livres audio Audible,"4,6 sur 5 étoiles, détails de l’évaluation",1 672,Livres audio Audible,https://m.media-amazon.com/images/I/71ePxZjcWjL._AC_UY218_.jpg,2025-09-04T18:49:42.107694,Description non disponible depuis la recherche,Stock non disponible,ISBN non disponible,Éditeur non disponible,Date non disponible,Nombre de pages non disponible,Rang de vente non disponible,Religion,30.0,,
Compact Preliminary for Schools Workbook without Answers with Audio Download,https://www.amazon.fr/Compact-Preliminary-Schools-Workbook-Download/dp/1108349102/ref=sr_1_643,"18,59 €",Coffret produits,"4,6 sur 5 étoiles, détails de l’évaluation",110,Coffret produits,https://m.media-amazon.com/images/I/71SRuE9ZSGL._AC_UY218_.jpg,2025-09-04T18:49:16.221044,Description non disponible depuis la recherche,Stock non disponible,ISBN non disponible,Éditeur non disponible,Date non disponible,Nombre de pages non disponible,Rang de vente non disponible,Religion,41.0,,
"Parlez anglais en 6 mois, pas en 10 ans !: La méthode anti-scolaire pour débloquer votre oral",https://www.amazon.fr/Parlez-anglais-mois-pas-anti-scolaire/dp/2416011634/ref=sr_1_644,"17,00 €",Lauriane Legrand,"4,1 sur 5 étoiles, détails de l’évaluation",200,Broché,https://m.media-amazon.com/images/I/71qb6FYbB2L._AC_UY218_.jpg,2025-09-04T18:49:16.223910,Description non disponible depuis la recherche,Stock non disponible,ISBN non disponible,Éditeur non disponible,Date non disponible,Nombre de pages non disponible,Rang de vente non disponible,Religion,41.0,,
Agenda de bord 2025/2026 - infirmière scolaire: Carnet de bord et carnet de notes A4,https://www.amazon.fr/Agenda-bord-2025-2026-infirmi%C3%A8re/dp/9403797290/ref=sr_1_645,"11,90 €",de Gringolivier editions | 5 mai 2025,"3,3 sur 5 étoiles, détails de l’évaluation",3,Broché,https://m.media-amazon.com/images/I/71eulzsNGVL._AC_UY218_.jpg,2025-09-04T18:49:16.226264,Description non disponible depuis la recherche,Stock non disponible,ISBN non disponible,Éditeur non disponible,Date non disponible,Nombre de pages non disponible,Rang de vente non disponible,Religion,41.0,,
Réussir le concours d'entrée en médecine: Physique Chimie Mathématiques Biologie - Edition 2025,https://www.amazon.fr/R%C3%A9ussir-concours-dentr%C3%A9e-m%C3%A9decine-Math%C3%A9matiques/dp/2807359515/ref=sr_1_646,"30,90 €",Mohamed Ayadim,"3,8 sur 5 étoiles, détails de l’évaluation",5,Broché,https://m.media-amazon.com/images/I/716vE7EUu5L._AC_UY218_.jpg,2025-09-04T18:49:16.229018,Description non disponible depuis la recherche,Stock non disponible,ISBN non disponible,Éditeur non disponible,Date non disponible,Nombre de pages non disponible,Rang de vente non disponible,Religion,41.0,,
Grammaire explicative de l'anglais 6e édition + exercices corrigés,https://www.amazon.fr/Grammaire-explicative-langlais-exercices-corrig%C3%A9s/dp/2326003322/ref=sr_1_647,"32,00 €","de Ruth Huart, Christelle Lacassin, et al. | 5 juillet 2024","3,5 sur 5 étoiles, détails de l’évaluation",2,Broché,https://m.media-amazon.com/images/I/71soVfr-s+L._AC_UY218_.jpg,2025-09-04T18:49:16.231553,Description non disponible depuis la recherche,Stock non disponible,ISBN non disponible,Éditeur non disponible,Date non disponible,Nombre de pages non disponible,Rang de vente non disponible,Religion,41.0,,
ON N'A JAMAIS MARCHE SUR LA LUNE: L'IMPOSTURE APOLLO,https://www.amazon.fr/JAMAIS-MARCHE-SUR-LUNE-LIMPOSTURE/dp/1979585989/ref=sr_1_648,"19,52 €",Aldo Sterone,"4,4 sur 5 étoiles, détails de l’évaluation",498,Broché,https://m.media-amazon.com/images/I/71f+4TSBNpL._AC_UY218_.jpg,2025-09-04T18:49:16.233794,Description non disponible depuis la recherche,Stock non disponible,ISBN non disponible,Éditeur non disponible,Date non disponible,Nombre de pages non disponible,Rang de vente non disponible,Religion,41.0,,
La Géographie : Pourquoi ? Comment ?,https://www.amazon.fr/G%C3%A9ographie-Pourquoi-Comment-Annette-Ciattoni/dp/2218991977/ref=sr_1_649,"14,50 €",Annette Ciattoni,"4,6 sur 5 étoiles, détails de l’évaluation",138,Broché,https://m.media-amazon.com/images/I/81TV7TTQoYL._AC_UY218_.jpg,2025-09-04T18:49:16.236578,Description non disponible depuis la recherche,Stock non disponible,ISBN non disponible,Éditeur non disponible,Date non disponible,Nombre de pages non disponible,Rang de vente non disponible,Religion,41.0,,
Les Vampires d'Emberbury - L'Intégrale de la Saga (1-4): Aventure Paranormale et Romance de Sorcières et Vampires,https://www.amazon.fr/Vampires-dEmberbury-LInt%C3%A9grale-Paranormale-Sorci%C3%A8res/dp/B0DJFVD8KN/ref=sr_1_650,"28,99 €",Eva Alton,"4,4 sur 5 étoiles, détails de l’évaluation",378,Broché,https://m.media-amazon.com/images/I/71OSy33ud2L._AC_UY218_.jpg,2025-09-04T18:49:16.238720,Description non disponible depuis la recherche,Stock non disponible,ISBN non disponible,Éditeur non disponible,Date non disponible,Nombre de pages non disponible,Rang de vente non disponible,Religion,41.0,,
De la stratégie en entreprise,https://www.amazon.fr/strat%C3%A9gie-en-entreprise-Xavier-Fontanet/dp/2376150949/ref=sr_1_653,"19,00 €",de Xavier Fontanet et Pierre Pupier | 6 septembre 2024,"4,5 sur 5 étoiles, détails de l’évaluation",30,Broché,https://m.media-amazon.com/images/I/51C2VfvDgjL._AC_UY218_.jpg,2025-09-04T18:49:16.247605,Description non disponible depuis la recherche,Stock non disponible,ISBN non disponible,Éditeur non disponible,Date non disponible,Nombre de pages non disponible,Rang de vente non disponible,Religion,41.0,,
Pura Vida 1re - Livre de l'élève: El placer de aprender español,https://www.amazon.fr/Espagnol-1re-A2-Pura-vida/dp/2356855793/ref=sr_1_654,Prix non disponible,de Collectif | 20 juin 2019,"4,7 sur 5 étoiles, détails de l’évaluation",13,Broché,https://m.media-amazon.com/images/I/91J7S3ufvjL._AC_UY218_.jpg,2025-09-04T18:49:16.249951,Description non disponible depuis la recherche,Stock non disponible,ISBN non disponible,Éditeur non disponible,Date non disponible,Nombre de pages non disponible,Rang de vente non disponible,Religion,41.0,,
Géographie 1re - Éd. 2019 - Livre de l'élève,https://www.amazon.fr/G%C3%A9ographie-1re-2019-Livre-l%C3%A9l%C3%A8ve/dp/2401053778/ref=sr_1_655,"35,00 €","de Anne Vanacore, Véronique Ziegler, et al. | 22 mai 2019","4,7 sur 5 étoiles, détails de l’évaluation",33,Broché,https://m.media-amazon.com/images/I/711fOVVaPkL._AC_UY218_.jpg,2025-09-04T18:49:16.252632,Description non disponible depuis la recherche,Stock non disponible,ISBN non disponible,Éditeur non disponible,Date non disponible,Nombre de pages non disponible,Rang de vente non disponible,Religion,41.0,,
Véloroutes et Voies vertes de France,https://www.amazon.fr/Veloroutes-voies-vertes-france-Collectif/dp/2758547937/ref=sr_1_656,"7,90 €",Carte,"4,3 sur 5 étoiles, détails de l’évaluation",264,Carte,https://m.media-amazon.com/images/I/81k7lBeyxdL._AC_UY218_.jpg,2025-09-04T18:49:16.254881,Description non disponible depuis la recherche,Stock non disponible,ISBN non disponible,Éditeur non disponible,Date non disponible,Nombre de pages non disponible,Rang de vente non disponible,Religion,41.0,,
"The Méthode 3, cahier de bandes dessinées: Apprendre l'anglais avec des saynètes et des jeux, cycle 3",https://www.amazon.fr/M%C3%A9thode-cahier-bandes-dessin%C3%A9es-Apprendre/dp/B0C5P9LZB9/ref=sr_1_657,"9,50 €",Sylvie Hanot,"4,4 sur 5 étoiles, détails de l’évaluation",183,Broché,https://m.media-amazon.com/images/I/614+mki7GjL._AC_UY218_.jpg,2025-09-04T18:49:16.257390,Description non disponible depuis la recherche,Stock non disponible,ISBN non disponible,Éditeur non disponible,Date non disponible,Nombre de pages non disponible,Rang de vente non disponible,Religion,41.0,,
Vous êtes cordialement invités 2,https://www.amazon.fr/Vous-%C3%AAtes-cordialement-invit%C3%A9s-2-ebook/dp/B0CMBMJJBM/ref=sr_1_658,"5,99 €",Alex  Sol,"4,5 sur 5 étoiles, détails de l’évaluation",683,Format Kindle,https://m.media-amazon.com/images/I/81Fo577EH0L._AC_UY218_.jpg,2025-09-04T18:49:16.260766,Description non disponible depuis la recherche,Stock non disponible,ISBN non disponible,Éditeur non disponible,Date non disponible,Nombre de pages non disponible,Rang de vente non disponible,Religion,41.0,,
"Expériences de la nature Epreuve de français et philosophie Prépas scientifiques: Jules Verne, Ving mille lieues sous les mers ; Marlen Haushofer, Le ... George Canguilhem, La Connaissance de la vie",https://www.amazon.fr/Lint%C3%A9grale-sur-nouveau-th%C3%A8me-scientifiques/dp/2340101573/ref=sr_1_659,"22,00 €",de Philippe Guisard | 24 juin 2025,"3,5 sur 5 étoiles, détails de l’évaluation",3,Broché,https://m.media-amazon.com/images/I/61mzLPLIvhL._AC_UY218_.jpg,2025-09-04T18:49:16.264127,Description non disponible depuis la recherche,Stock non disponible,ISBN non disponible,Éditeur non disponible,Date non disponible,Nombre de pages non disponible,Rang de vente non disponible,Religion,41.0,,
Mathématiques PT/PT* - Programme 2022,https://www.amazon.fr/Math%C3%A9matiques-PT-Michel-Goumi/dp/2340066794/ref=sr_1_660,"44,00 €",Michel Goumi,"4,9 sur 5 étoiles, détails de l’évaluation",9,Broché,https://m.media-amazon.com/images/I/61bHtyVaniL._AC_UY218_.jpg,2025-09-04T18:49:16.266942,Description non disponible depuis la recherche,Stock non disponible,ISBN non disponible,Éditeur non disponible,Date non disponible,Nombre de pages non disponible,Rang de vente non disponible,Religion,41.0,,
Tarot de Marseille by Kaevane,https://www.amazon.fr/Tarot-Marseille-Kaevane/dp/2017216305/ref=sr_1_659,"32,00 €",Kaevane,"5,0 sur 5 étoiles, détails de l’évaluation",76,Broché,https://m.media-amazon.com/images/I/8129godHSxL._AC_UY218_.jpg,2025-09-04T18:49:26.015785,Description non disponible depuis la recherche,Stock non disponible,ISBN non disponible,Éditeur non disponible,Date non disponible,Nombre de pages non disponible,Rang de vente non disponible,Religion,42.0,,
Compact plus Arabe-Français,https://www.amazon.fr/Compact-plus-Arabe-Fran%C3%A7ais-Collectif/dp/2035916046/ref=sr_1_660,"31,95 €",Édition en Arabe | de Collectif | 10 juin 2015,"4,5 sur 5 étoiles, détails de l’évaluation",175,Relié,https://m.media-amazon.com/images/I/91MEmhKAeVL._AC_UY218_.jpg,2025-09-04T18:49:26.018579,Description non disponible depuis la recherche,Stock non disponible,ISBN non disponible,Éditeur non disponible,Date non disponible,Nombre de pages non disponible,Rang de vente non disponible,Religion,42.0,,
Dictionnaire Larousse Maxi poche plus Russe,https://www.amazon.fr/Dictionnaire-Larousse-Maxi-poche-Russe/dp/2035915988/ref=sr_1_661,"19,95 €",de Collectif | 8 juin 2016,"4,7 sur 5 étoiles, détails de l’évaluation",250,Relié,https://m.media-amazon.com/images/I/81HkW6Y6v4L._AC_UY218_.jpg,2025-09-04T18:49:26.021157,Description non disponible depuis la recherche,Stock non disponible,ISBN non disponible,Éditeur non disponible,Date non disponible,Nombre de pages non disponible,Rang de vente non disponible,Religion,42.0,,
Dictionnaire du restaurateur,https://www.amazon.fr/Dictionnaire-du-restaurateur-Petit-Galliot/dp/2857088566/ref=sr_1_662,"29,00 €",Bernard Galliot,"4,4 sur 5 étoiles, détails de l’évaluation",27,Broché,https://m.media-amazon.com/images/I/61fwBGwNTIL._AC_UY218_.jpg,2025-09-04T18:49:26.023283,Description non disponible depuis la recherche,Stock non disponible,ISBN non disponible,Éditeur non disponible,Date non disponible,Nombre de pages non disponible,Rang de vente non disponible,Religion,42.0,,
L'Atelier de Vocabulaire CE1,https://www.amazon.fr/LAtelier-Vocabulaire-CE1-Marianne-Andr%C3%A9-K%C3%A9r%C3%A9bel/dp/2091226653/ref=sr_1_663,"8,70 €",Marianne André-Kérébel,"4,7 sur 5 étoiles, détails de l’évaluation",134,Broché,https://m.media-amazon.com/images/I/61KkJMwRRPL._AC_UY218_.jpg,2025-09-04T18:49:26.025673,Description non disponible depuis la recherche,Stock non disponible,ISBN non disponible,Éditeur non disponible,Date non disponible,Nombre de pages non disponible,Rang de vente non disponible,Religion,42.0,,
L'Oracle de l'oiseau noir,https://www.amazon.fr/LOracle-loiseau-noir-Deborah-Harkness/dp/2385292653/ref=sr_1_664,"27,90 €",Deborah Harkness,"4,5 sur 5 étoiles, détails de l’évaluation",109,Broché,https://m.media-amazon.com/images/I/81OnK48oPXL._AC_UY218_.jpg,2025-09-04T18:49:26.028917,Description non disponible depuis la recherche,Stock non disponible,ISBN non disponible,Éditeur non disponible,Date non disponible,Nombre de pages non disponible,Rang de vente non disponible,Religion,42.0,,
Atlas du Moyen-Orient: Aux racines de la violence,https://www.amazon.fr/Atlas-Moyen-Orient-Aux-racines-violence/dp/2080424165/ref=sr_1_665,"24,00 €",Pierre Blanc,"4,2 sur 5 étoiles, détails de l’évaluation",22,Broché,https://m.media-amazon.com/images/I/71LxVuL9PqL._AC_UY218_.jpg,2025-09-04T18:49:26.031527,Description non disponible depuis la recherche,Stock non disponible,ISBN non disponible,Éditeur non disponible,Date non disponible,Nombre de pages non disponible,Rang de vente non disponible,Religion,42.0,,
"NOTRE HISTOIRE D’AMOUR rien qu’à nous: Livre à compléter en amoureux. Une idée de cadeau original pour les couples amoureux – conservez un Souvenir à ... valentin, mariage, anniversaire, fiançailles.",https://www.amazon.fr/NOTRE-HISTOIRE-DAMOUR-rien-nous/dp/B0BS8TP4KX/ref=sr_1_666,"13,64 €",de Charlotte Edition | 11 janvier 2023,"4,4 sur 5 étoiles, détails de l’évaluation",84,Broché,https://m.media-amazon.com/images/I/51ahEixIFoL._AC_UY218_.jpg,2025-09-04T18:49:26.033901,Description non disponible depuis la recherche,Stock non disponible,ISBN non disponible,Éditeur non disponible,Date non disponible,Nombre de pages non disponible,Rang de vente non disponible,Religion,42.0,,
"Susume ! Méthode de japonais : Tout pour lire, écrire et s'exprimer !",https://www.amazon.fr/Susume-M%C3%A9thode-japonais-%C3%A9crire-sexprimer/dp/B0CY7SY8ZC/ref=sr_1_669,"25,50 €",de Angélique Mariet et Delphine Vaufrey | 14 août 2024,"4,8 sur 5 étoiles, détails de l’évaluation",14,Broché,https://m.media-amazon.com/images/I/7109NlwHgLL._AC_UY218_.jpg,2025-09-04T18:49:26.042908,Description non disponible depuis la recherche,Stock non disponible,ISBN non disponible,Éditeur non disponible,Date non disponible,Nombre de pages non disponible,Rang de vente non disponible,Religion,42.0,,
Illusions perdues,https://www.amazon.fr/Illusions-perdues-Honore-Balzac/dp/2253085707/ref=sr_1_670,"6,60 €",Honoré de de Balzac,"4,5 sur 5 étoiles, détails de l’évaluation",489,Poche,https://m.media-amazon.com/images/I/810argFCazL._AC_UY218_.jpg,2025-09-04T18:49:26.046175,Description non disponible depuis la recherche,Stock non disponible,ISBN non disponible,Éditeur non disponible,Date non disponible,Nombre de pages non disponible,Rang de vente non disponible,Religion,42.0,,
Apprendre le Portugais du Portugal en 100 Jours: La méthode naturelle et intuitive pour maitriser le portugais du Portugal rapidement (conçue pour les débutants).,https://www.amazon.fr/Apprendre-Portugais-Portugal-100-Jours/dp/B0CNK4DN1N/ref=sr_1_671,"22,99 €",Natura Lingua,"4,2 sur 5 étoiles, détails de l’évaluation",117,Broché,https://m.media-amazon.com/images/I/61iiRr4RprL._AC_UY218_.jpg,2025-09-04T18:49:26.048338,Description non disponible depuis la recherche,Stock non disponible,ISBN non disponible,Éditeur non disponible,Date non disponible,Nombre de pages non disponible,Rang de vente non disponible,Religion,42.0,,
Dictionnaire Le Robert & Collins Maxi espagnol - Nouvelle édition,https://www.amazon.fr/Dictionnaire-Robert-Collins-Maxi-espagnol/dp/2321019948/ref=sr_1_672,"16,99 €",de Collectif | 23 mai 2024,"4,6 sur 5 étoiles, détails de l’évaluation",10,Broché,https://m.media-amazon.com/images/I/61rjDglO09L._AC_UY218_.jpg,2025-09-04T18:49:26.050950,Description non disponible depuis la recherche,Stock non disponible,ISBN non disponible,Éditeur non disponible,Date non disponible,Nombre de pages non disponible,Rang de vente non disponible,Religion,42.0,,
"CLEF UNIVERSELLE DES SCIENCES SECRÈTES: Élucidation complète des traditions en Magie, Alchimie, Astrologie, Mythologie et Symbolisme | Avec 35 illustrations et un glossaire.",https://www.amazon.fr/CLEF-UNIVERSELLE-SCIENCES-SECR%C3%88TES-illustrations/dp/B0DNQ6186M/ref=sr_1_673,"21,99 €",de Pierre Vincenti-Piobb | 20 novembre 2024,"4,2 sur 5 étoiles, détails de l’évaluation",8,Broché,https://m.media-amazon.com/images/I/71MJAxQnlVL._AC_UY218_.jpg,2025-09-04T18:49:26.053404,Description non disponible depuis la recherche,Stock non disponible,ISBN non disponible,Éditeur non disponible,Date non disponible,Nombre de pages non disponible,Rang de vente non disponible,Religion,42.0,,
The Maudsley Prescribing Guidelines in Psychiatry,https://www.amazon.fr/Maudsley-Prescribing-Guidelines-David-Taylor/dp/1394238762/ref=sr_1_674,"57,58 €",David M. Taylor,"4,9 sur 5 étoiles, détails de l’évaluation",19,Broché,https://m.media-amazon.com/images/I/71thJVaj+nL._AC_UY218_.jpg,2025-09-04T18:49:26.056330,Description non disponible depuis la recherche,Stock non disponible,ISBN non disponible,Éditeur non disponible,Date non disponible,Nombre de pages non disponible,Rang de vente non disponible,Religion,42.0,,
Nos Challenges Couple : 100 défis à réaliser en couple avec photos: Faites grandir votre relation avec complicité et romantisme | Challenge book pour couple en français | Livre couple a remplir à deux,https://www.amazon.fr/Nos-Challenges-Couple-complicit%C3%A9-romantisme/dp/B0BRLRQT7N/ref=sr_1_675,"12,90 €",Gold Stories,"4,2 sur 5 étoiles, détails de l’évaluation",317,Broché,https://m.media-amazon.com/images/I/51o+EPRUj0L._AC_UY218_.jpg,2025-09-04T18:49:26.059318,Description non disponible depuis la recherche,Stock non disponible,ISBN non disponible,Éditeur non disponible,Date non disponible,Nombre de pages non disponible,Rang de vente non disponible,Religion,42.0,,
Harrap's Dictionnaire Poche Anglais,https://www.amazon.fr/Harraps-Dictionnaire-Poche-Anglais-COLLECTIF/dp/2818709733/ref=sr_1_676,"9,95 €",de COLLECTIF | 5 juin 2024,"4,5 sur 5 étoiles, détails de l’évaluation",2,Broché,https://m.media-amazon.com/images/I/81Ya7pDzefL._AC_UY218_.jpg,2025-09-04T18:49:26.061795,Description non disponible depuis la recherche,Stock non disponible,ISBN non disponible,Éditeur non disponible,Date non disponible,Nombre de pages non disponible,Rang de vente non disponible,Religion,42.0,,
Physique PT/PT* - Programme 2022,https://www.amazon.fr/Physique-PT-R%C3%A9gis-Bourdin/dp/2340066859/ref=sr_1_675,"47,00 €",Lionel Vidal,"5,0 sur 5 étoiles, détails de l’évaluation",7,Broché,https://m.media-amazon.com/images/I/61I81qcSXVL._AC_UY218_.jpg,2025-09-04T18:49:34.950061,Description non disponible depuis la recherche,Stock non disponible,ISBN non disponible,Éditeur non disponible,Date non disponible,Nombre de pages non disponible,Rang de vente non disponible,Religion,43.0,,
"Bescherelle - Le chinois pour tous: tout-en-un (écriture, grammaire, vocabulaire)",https://www.amazon.fr/Bescherelle-chinois-pour-tous-tout-en/dp/240108620X/ref=sr_1_676,"13,50 €",Joël Bellassen,"4,6 sur 5 étoiles, détails de l’évaluation",61,Broché,https://m.media-amazon.com/images/I/71GUksZzbGL._AC_UY218_.jpg,2025-09-04T18:49:34.953316,Description non disponible depuis la recherche,Stock non disponible,ISBN non disponible,Éditeur non disponible,Date non disponible,Nombre de pages non disponible,Rang de vente non disponible,Religion,43.0,,
L'Homme et ses symboles,https://www.amazon.fr/LHomme-ses-symboles-Marie-Louise-Franz/dp/2221258932/ref=sr_1_677,"95,00 €",Carl Gustav Jung,"4,8 sur 5 étoiles, détails de l’évaluation",55,Relié,https://m.media-amazon.com/images/I/51RcX9ZYM7L._AC_UY218_.jpg,2025-09-04T18:49:34.955398,Description non disponible depuis la recherche,Stock non disponible,ISBN non disponible,Éditeur non disponible,Date non disponible,Nombre de pages non disponible,Rang de vente non disponible,Religion,43.0,,
"Mamie Raconte-Moi Ton Histoire: sa Vie et ses Souvenirs racontés dans ce Journal à Compléter et Partager | Cadeau original pour Fête des Mères, Anniversaire, Noël",https://www.amazon.fr/Mamie-Raconte-Moi-Ton-Histoire-Anniversaire/dp/B0CX59LRWV/ref=sr_1_678,"14,90 €",Mia Letellier,"4,6 sur 5 étoiles, détails de l’évaluation",41,Broché,https://m.media-amazon.com/images/I/71tl5twP0vL._AC_UY218_.jpg,2025-09-04T18:49:34.957231,Description non disponible depuis la recherche,Stock non disponible,ISBN non disponible,Éditeur non disponible,Date non disponible,Nombre de pages non disponible,Rang de vente non disponible,Religion,43.0,,
Agenda de bord 2025/2026 professeur d’éducation musicale: Carnet de bord A4 pour les enseignants,https://www.amazon.fr/Agenda-bord-professeur-d%C3%A9ducation-musicale/dp/9403794259/ref=sr_1_679,"11,90 €",Gringolivier editions,"4,2 sur 5 étoiles, détails de l’évaluation",3,Broché,https://m.media-amazon.com/images/I/61l9gkuLkIL._AC_UY218_.jpg,2025-09-04T18:49:34.959103,Description non disponible depuis la recherche,Stock non disponible,ISBN non disponible,Éditeur non disponible,Date non disponible,Nombre de pages non disponible,Rang de vente non disponible,Religion,43.0,,
Anthologie de la répartie: Les 1000 meilleures répliques,https://www.amazon.fr/Anthologie-r%C3%A9partie-1000-meilleures-r%C3%A9pliques/dp/275788445X/ref=sr_1_680,"9,90 €",Julien Colliat,"4,2 sur 5 étoiles, détails de l’évaluation",646,Poche,https://m.media-amazon.com/images/I/51NJqigDoTL._AC_UY218_.jpg,2025-09-04T18:49:34.963002,Description non disponible depuis la recherche,Stock non disponible,ISBN non disponible,Éditeur non disponible,Date non disponible,Nombre de pages non disponible,Rang de vente non disponible,Religion,43.0,,
The Importance of Place: Geographical Indications as a Tool for Local and Regional Development,https://www.amazon.fr/Importance-Place-Geographical-Indications-Development/dp/3319530720/ref=sr_1_681,"168,00 €",Édition en Anglais | de William van Caenegem et Jen Cleary | 5 avril 2017,"5,0 sur 5 étoiles, détails de l’évaluation",1,Relié,https://m.media-amazon.com/images/I/714zSKJZe+L._AC_UY218_.jpg,2025-09-04T18:49:34.967490,Description non disponible depuis la recherche,Stock non disponible,ISBN non disponible,Éditeur non disponible,Date non disponible,Nombre de pages non disponible,Rang de vente non disponible,Religion,43.0,,
Complete First for Schools Workbook without Answers with Audio Download,https://www.amazon.fr/Complete-Schools-Workbook-without-Download/dp/1108647421/ref=sr_1_682,"26,30 €",Coffret produits,"4,5 sur 5 étoiles, détails de l’évaluation",42,Coffret produits,https://m.media-amazon.com/images/I/71cupbpwhnL._AC_UY218_.jpg,2025-09-04T18:49:34.969724,Description non disponible depuis la recherche,Stock non disponible,ISBN non disponible,Éditeur non disponible,Date non disponible,Nombre de pages non disponible,Rang de vente non disponible,Religion,43.0,,
Dictionnaire Grec-Français. le Grand Bailly,https://www.amazon.fr/Dictionnaire-Grec-Fran%C3%A7ais-Grand-Bailly-Anatole/dp/2011679397/ref=sr_1_685,"46,00 €",Anatole Bailly,"4,6 sur 5 étoiles, détails de l’évaluation",119,Broché,https://m.media-amazon.com/images/I/814P10eLU9L._AC_UY218_.jpg,2025-09-04T18:49:34.978426,Description non disponible depuis la recherche,Stock non disponible,ISBN non disponible,Éditeur non disponible,Date non disponible,Nombre de pages non disponible,Rang de vente non disponible,Religion,43.0,,
Histoire-Géographie-EMC 1re séries technologiques - Livre élève - Éd. 2019,https://www.amazon.fr/Histoire-G%C3%A9ographie-EMC-1re-s%C3%A9ries-technologiques-Livre/dp/2017041882/ref=sr_1_686,"33,00 €","de Stéphane Beau, Nathalie Bériou, et al. | 2 mai 2019","4,2 sur 5 étoiles, détails de l’évaluation",41,Broché,https://m.media-amazon.com/images/I/81X6ROtSUlL._AC_UY218_.jpg,2025-09-04T18:49:34.981632,Description non disponible depuis la recherche,Stock non disponible,ISBN non disponible,Éditeur non disponible,Date non disponible,Nombre de pages non disponible,Rang de vente non disponible,Religion,43.0,,
Pokémon - Encyclo NED,https://www.amazon.fr/Pok%C3%A9mon-Encyclo-NED-Dorling-Kindersley/dp/2017205435/ref=sr_1_687,"14,95 €","de Dorling Kindersley, David Marsac, et al. | 26 octobre 2022","4,8 sur 5 étoiles, détails de l’évaluation",210,Relié,https://m.media-amazon.com/images/I/812Jms5loeL._AC_UY218_.jpg,2025-09-04T18:49:34.984505,Description non disponible depuis la recherche,Stock non disponible,ISBN non disponible,Éditeur non disponible,Date non disponible,Nombre de pages non disponible,Rang de vente non disponible,Religion,43.0,,
Carte Nationale France Sud-Est 2025,https://www.amazon.fr/Carte-Nationale-France-Sud-Est-2025/dp/206726527X/ref=sr_1_688,"6,50 €",Michelin,"5,0 sur 5 étoiles, détails de l’évaluation",10,Carte,https://m.media-amazon.com/images/I/81N2fiY0-vL._AC_UY218_.jpg,2025-09-04T18:49:34.986387,Description non disponible depuis la recherche,Stock non disponible,ISBN non disponible,Éditeur non disponible,Date non disponible,Nombre de pages non disponible,Rang de vente non disponible,Religion,43.0,,
Mathématiques MPSI/MP2I,https://www.amazon.fr/Math%C3%A9matiques-MPSI-MP2I-Nicolas-Nguyen/dp/2340103770/ref=sr_1_689,"49,00 €","de Nicolas Nguyen, Mathieu Fontes, et al. | 15 juillet 2025",Note non disponible,0 avis,Broché,https://m.media-amazon.com/images/I/61B+Im+rBhL._AC_UY218_.jpg,2025-09-04T18:49:34.990137,Description non disponible depuis la recherche,Stock non disponible,ISBN non disponible,Éditeur non disponible,Date non disponible,Nombre de pages non disponible,Rang de vente non disponible,Religion,43.0,,
Réussite à la LCA en français-anglais pour le concours EDN: Offert : 10 vidéos explicatives offertes et 2 ebooks (pour débuter et pour se perfectionner),https://www.amazon.fr/R%C3%A9ussite-fran%C3%A7ais-anglais-pour-concours-perfectionner/dp/2311665936/ref=sr_1_690,"24,00 €",Théo Pezel,"3,0 sur 5 étoiles, détails de l’évaluation",4,Broché,https://m.media-amazon.com/images/I/71GDa7CQZfL._AC_UY218_.jpg,2025-09-04T18:49:34.992679,Description non disponible depuis la recherche,Stock non disponible,ISBN non disponible,Éditeur non disponible,Date non disponible,Nombre de pages non disponible,Rang de vente non disponible,Religion,43.0,,
Mon cahier de conjugaison CE1-CE2 (7-9 ans) - Les cahiers Bordas,https://www.amazon.fr/Mon-cahier-conjugaison-CE1-CE2-7-9/dp/2047406935/ref=sr_1_691,"5,50 €","de Alain Charles, Thierry Zaba, et al. | 16 janvier 2025","5,0 sur 5 étoiles, détails de l’évaluation",7,Broché,https://m.media-amazon.com/images/I/61gp3ATSXOL._AC_UY218_.jpg,2025-09-04T18:49:34.995416,Description non disponible depuis la recherche,Stock non disponible,ISBN non disponible,Éditeur non disponible,Date non disponible,Nombre de pages non disponible,Rang de vente non disponible,Religion,43.0,,
Formulaire Mathématiques approfondies - Informatique - ECG 1re et 2e années - Programme 2022,https://www.amazon.fr/Math%C3%A9matiques-approfondies-informatique-ECG-ann%C3%A9es/dp/2340066700/ref=sr_1_692,"13,50 €",Sylvain Rondy,"4,8 sur 5 étoiles, détails de l’évaluation",16,Broché,https://m.media-amazon.com/images/I/61imMcoo-2L._AC_UY218_.jpg,2025-09-04T18:49:34.998366,Description non disponible depuis la recherche,Stock non disponible,ISBN non disponible,Éditeur non disponible,Date non disponible,Nombre de pages non disponible,Rang de vente non disponible,Religion,43.0,,
Mathématiques PC/PC* - Programme 2022,https://www.amazon.fr/Math%C3%A9matiques-PC-Ivan-Gozard/dp/2340066786/ref=sr_1_691,"37,00 €","de Michel Goumi, Ivan Gozard, et al. | 24 mai 2022","4,7 sur 5 étoiles, détails de l’évaluation",14,Broché,https://m.media-amazon.com/images/I/61eOgFoADxL._AC_UY218_.jpg,2025-09-04T18:49:43.939772,Description non disponible depuis la recherche,Stock non disponible,ISBN non disponible,Éditeur non disponible,Date non disponible,Nombre de pages non disponible,Rang de vente non disponible,Religion,44.0,,
Manon des sources,https://www.amazon.fr/Manon-sources-Marcel-Pagnol/dp/287706512X/ref=sr_1_692,"8,40 €",Marcel Pagnol,"4,8 sur 5 étoiles, détails de l’évaluation",615,Poche,https://m.media-amazon.com/images/I/81R0948c1VL._AC_UY218_.jpg,2025-09-04T18:49:43.943401,Description non disponible depuis la recherche,Stock non disponible,ISBN non disponible,Éditeur non disponible,Date non disponible,Nombre de pages non disponible,Rang de vente non disponible,Religion,44.0,,
Flashcards La Langue des signes française pour les Nuls,https://www.amazon.fr/Flashcards-Langue-signes-fran%C3%A7aise-pour/dp/2412070024/ref=sr_1_693,"12,95 €",de Olivier Marchal | 26 août 2021,"4,6 sur 5 étoiles, détails de l’évaluation",240,Relié,https://m.media-amazon.com/images/I/612eop6em3S._AC_UY218_.jpg,2025-09-04T18:49:43.945989,Description non disponible depuis la recherche,Stock non disponible,ISBN non disponible,Éditeur non disponible,Date non disponible,Nombre de pages non disponible,Rang de vente non disponible,Religion,44.0,,
"Le Grimoire d'Elfie – Agenda 2025-2026 – Avec des recettes, des tutos, des quiz et des anecdotes sur les bandes dessinées – Dès 7 ans",https://www.amazon.fr/Grimoire-dElfie-2025-2026-anecdotes-dessin%C3%A9es/dp/2821218648/ref=sr_1_695,"9,95 €",de Drakoo | 5 juin 2025,"5,0 sur 5 étoiles, détails de l’évaluation",2,Relié,https://m.media-amazon.com/images/I/71FuXtVqvmL._AC_UY218_.jpg,2025-09-04T18:49:43.952095,Description non disponible depuis la recherche,Stock non disponible,ISBN non disponible,Éditeur non disponible,Date non disponible,Nombre de pages non disponible,Rang de vente non disponible,Religion,44.0,,
Les petits devoirs - Conjugaison CE2,https://www.amazon.fr/petits-devoirs-Conjugaison-CE2/dp/2369407913/ref=sr_1_696,"6,95 €",Brigitte Guigui,"4,6 sur 5 étoiles, détails de l’évaluation",80,Broché,https://m.media-amazon.com/images/I/71Ohc2WPvdL._AC_UY218_.jpg,2025-09-04T18:49:43.954263,Description non disponible depuis la recherche,Stock non disponible,ISBN non disponible,Éditeur non disponible,Date non disponible,Nombre de pages non disponible,Rang de vente non disponible,Religion,44.0,,
Mille femmes blanches,https://www.amazon.fr/Mille-femmes-blanches-Jim-FERGUS/dp/2266217461/ref=sr_1_697,"9,00 €",Jim Fergus,"4,5 sur 5 étoiles, détails de l’évaluation",2 501,Poche,https://m.media-amazon.com/images/I/716VeVDqi7L._AC_UY218_.jpg,2025-09-04T18:49:43.957995,Description non disponible depuis la recherche,Stock non disponible,ISBN non disponible,Éditeur non disponible,Date non disponible,Nombre de pages non disponible,Rang de vente non disponible,Religion,44.0,,
Astérix - La grande traversée - n°22,https://www.amazon.fr/Ast%C3%A9rix-grande-travers%C3%A9e-Ren%C3%A9-Goscinny/dp/2012101542/ref=sr_1_698,"10,90 €",René Goscinny,"4,8 sur 5 étoiles, détails de l’évaluation",544,Relié,https://m.media-amazon.com/images/I/81qAi42HxbL._AC_UY218_.jpg,2025-09-04T18:49:43.960979,Description non disponible depuis la recherche,Stock non disponible,ISBN non disponible,Éditeur non disponible,Date non disponible,Nombre de pages non disponible,Rang de vente non disponible,Religion,44.0,,
"Le Sommeil, le rêve et l'enfant",https://www.amazon.fr/Sommeil-lenfant-Docteur-Marie-Jos%C3%A8phe-Challamel/dp/2226217827/ref=sr_1_701,"20,90 €",Marie-Josèphe Challamel,"4,4 sur 5 étoiles, détails de l’évaluation",413,Broché,https://m.media-amazon.com/images/I/81SV2iConIL._AC_UY218_.jpg,2025-09-04T18:49:43.970146,Description non disponible depuis la recherche,Stock non disponible,ISBN non disponible,Éditeur non disponible,Date non disponible,Nombre de pages non disponible,Rang de vente non disponible,Religion,44.0,,
Mon cahier de conjugaison CM1-CM2 (9-11 ans) - Les cahiers Bordas,https://www.amazon.fr/Mon-cahier-conjugaison-CM1-CM2-9-11/dp/2047406943/ref=sr_1_702,"5,50 €",de Alain Charles et Thierry Zaba | 16 janvier 2025,"4,3 sur 5 étoiles, détails de l’évaluation",9,Broché,https://m.media-amazon.com/images/I/61AXIeRemvL._AC_UY218_.jpg,2025-09-04T18:49:43.972677,Description non disponible depuis la recherche,Stock non disponible,ISBN non disponible,Éditeur non disponible,Date non disponible,Nombre de pages non disponible,Rang de vente non disponible,Religion,44.0,,
Demain dès l'aube,https://www.amazon.fr/Demain-d%C3%A8s-laube-Jacques-Charpentreau/dp/2012202365/ref=sr_1_703,"6,90 €",Jacques Charpentreau,"4,6 sur 5 étoiles, détails de l’évaluation",137,Poche,https://m.media-amazon.com/images/I/912LozaM72L._AC_UY218_.jpg,2025-09-04T18:49:43.974889,Description non disponible depuis la recherche,Stock non disponible,ISBN non disponible,Éditeur non disponible,Date non disponible,Nombre de pages non disponible,Rang de vente non disponible,Religion,44.0,,
Dictées CM1-CM2 - 10-11 ans: Maître Lucas Par matière,https://www.amazon.fr/Dict%C3%A9es-CM1-CM2-10-11-Ma%C3%AEtre-mati%C3%A8re/dp/240110500X/ref=sr_1_704,"6,50 €",Nicole Amram,"4,2 sur 5 étoiles, détails de l’évaluation",20,Broché,https://m.media-amazon.com/images/I/71mXVzQ92NL._AC_UY218_.jpg,2025-09-04T18:49:43.977523,Description non disponible depuis la recherche,Stock non disponible,ISBN non disponible,Éditeur non disponible,Date non disponible,Nombre de pages non disponible,Rang de vente non disponible,Religion,44.0,,
Français 4éme cycle 4 livre de l'élève - Grand format - Nouveau programme 2016,https://www.amazon.fr/Fran%C3%A7ais-4%C3%A9me-cycle-livre-l%C3%A9l%C3%A8ve/dp/2701197392/ref=sr_1_705,"33,90 €",Florence Randanne,"4,7 sur 5 étoiles, détails de l’évaluation",56,Broché,https://m.media-amazon.com/images/I/81ftWB-jIzL._AC_UY218_.jpg,2025-09-04T18:49:43.979797,Description non disponible depuis la recherche,Stock non disponible,ISBN non disponible,Éditeur non disponible,Date non disponible,Nombre de pages non disponible,Rang de vente non disponible,Religion,44.0,,
Astérix - Obélix et compagnie - n°23,https://www.amazon.fr/Ast%C3%A9rix-Ob%C3%A9lix-compagnie-Ren%C3%A9-Goscinny/dp/2012101550/ref=sr_1_706,"10,90 €",René Goscinny,"4,8 sur 5 étoiles, détails de l’évaluation",522,Relié,https://m.media-amazon.com/images/I/81XwxF6TL+L._AC_UY218_.jpg,2025-09-04T18:49:43.982506,Description non disponible depuis la recherche,Stock non disponible,ISBN non disponible,Éditeur non disponible,Date non disponible,Nombre de pages non disponible,Rang de vente non disponible,Religion,44.0,,
Dossiers de civilisation allemande. 6e édition revue et actualisée,https://www.amazon.fr/Dossiers-civilisation-allemande-Laurent-F%C3%A9rec/dp/2340067545/ref=sr_1_707,"21,01 €",de Laurent Férec et Bertram Gerber | 10 mai 2022,"4,8 sur 5 étoiles, détails de l’évaluation",12,Broché,https://m.media-amazon.com/images/I/61aFFSCAVjL._AC_UY218_.jpg,2025-09-04T18:49:43.985965,Description non disponible depuis la recherche,Stock non disponible,ISBN non disponible,Éditeur non disponible,Date non disponible,Nombre de pages non disponible,Rang de vente non disponible,Religion,44.0,,
Headway: Pre-Intermediate: Workbook without key,https://www.amazon.fr/New-headway-Pre-intermediate-workbook-without/dp/0194529134/ref=sr_1_708,"23,43 €",Édition en Anglais | de Liz Soars et John Soars | 10 janvier 2019,"4,9 sur 5 étoiles, détails de l’évaluation",25,Broché,https://m.media-amazon.com/images/I/71KfqsIhFML._AC_UY218_.jpg,2025-09-04T18:49:43.989077,Description non disponible depuis la recherche,Stock non disponible,ISBN non disponible,Éditeur non disponible,Date non disponible,Nombre de pages non disponible,Rang de vente non disponible,Religion,44.0,,
90 Sophronisations Créatives,https://www.amazon.fr/90-Sophronisations-Cr%C3%A9atives-S%C3%A9verine-Carqueville/dp/B0CNZKKN1R/ref=sr_1_707,"32,50 €",de Séverine Carqueville | 24 novembre 2023,"4,8 sur 5 étoiles, détails de l’évaluation",28,Broché,https://m.media-amazon.com/images/I/616Z9cTBe4L._AC_UY218_.jpg,2025-09-04T18:49:53.765098,Description non disponible depuis la recherche,Stock non disponible,ISBN non disponible,Éditeur non disponible,Date non disponible,Nombre de pages non disponible,Rang de vente non disponible,Religion,45.0,,
Désirer la violence: Ce(ux) que la pop culture nous apprend à aimer,https://www.amazon.fr/D%C3%A9sirer-violence-culture-apprend-aimer/dp/2017255807/ref=sr_1_708,"22,00 €",Chloé Thibaud,"4,9 sur 5 étoiles, détails de l’évaluation",72,Broché,https://m.media-amazon.com/images/I/610nT+u8DTL._AC_UY218_.jpg,2025-09-04T18:49:53.767835,Description non disponible depuis la recherche,Stock non disponible,ISBN non disponible,Éditeur non disponible,Date non disponible,Nombre de pages non disponible,Rang de vente non disponible,Religion,45.0,,
Tout est possible,https://www.amazon.fr/Tout-est-possible-Laurent-MARCHAND/dp/B09K74Z6F7/ref=sr_1_709,"19,50 €",Laurent Marchand,"4,6 sur 5 étoiles, détails de l’évaluation",128,Broché,https://m.media-amazon.com/images/I/61BBzXOAX9L._AC_UY218_.jpg,2025-09-04T18:49:53.770729,Description non disponible depuis la recherche,Stock non disponible,ISBN non disponible,Éditeur non disponible,Date non disponible,Nombre de pages non disponible,Rang de vente non disponible,Religion,45.0,,
One Piece - Édition originale - Tome 91,https://www.amazon.fr/One-Piece-%C3%89dition-originale-91/dp/2344037101/ref=sr_1_710,"7,20 €",Eiichiro Oda,"4,9 sur 5 étoiles, détails de l’évaluation",711,Broché,https://m.media-amazon.com/images/I/91zNMOsRHUL._AC_UY218_.jpg,2025-09-04T18:49:53.773603,Description non disponible depuis la recherche,Stock non disponible,ISBN non disponible,Éditeur non disponible,Date non disponible,Nombre de pages non disponible,Rang de vente non disponible,Religion,45.0,,
"Sweet Cutie: Coloring Book for Adults and Kids, Cute and Groovy Designs for Relaxation, Simple and Big Drawings Featuring Adorable Things and Lovely Items",https://www.amazon.fr/Sweet-Cutie-Coloring-Relaxation-Featuring/dp/B0DBG46RJN/ref=sr_1_711,"11,99 €",Southern Lotus,"4,8 sur 5 étoiles, détails de l’évaluation",265,Broché,https://m.media-amazon.com/images/I/715al9thZML._AC_UY218_.jpg,2025-09-04T18:49:53.776009,Description non disponible depuis la recherche,Stock non disponible,ISBN non disponible,Éditeur non disponible,Date non disponible,Nombre de pages non disponible,Rang de vente non disponible,Religion,45.0,,
Green Apple: Little Women + audio CD,https://www.amazon.fr/Green-Apple-Little-Women-audio/dp/8853004738/ref=sr_1_712,"9,71 €",Louisa May Alcott,"4,5 sur 5 étoiles, détails de l’évaluation",149,Broché,https://m.media-amazon.com/images/I/7156xuRorCL._AC_UY218_.jpg,2025-09-04T18:49:53.778456,Description non disponible depuis la recherche,Stock non disponible,ISBN non disponible,Éditeur non disponible,Date non disponible,Nombre de pages non disponible,Rang de vente non disponible,Religion,45.0,,
Agrégation de Lettres Grammaire et stylistique: Etude grammaticale d'un texte de langue française postérieur à 1500,https://www.amazon.fr/Agr%C3%A9gation-Lettres-Grammaire-stylistique-grammaticale/dp/2340105587/ref=sr_1_713,"39,00 €",de Bérengère Moricheau-Airaud | 29 juillet 2025,"4,0 sur 5 étoiles, détails de l’évaluation",1,Broché,https://m.media-amazon.com/images/I/71t13cDTExL._AC_UY218_.jpg,2025-09-04T18:49:53.781625,Description non disponible depuis la recherche,Stock non disponible,ISBN non disponible,Éditeur non disponible,Date non disponible,Nombre de pages non disponible,Rang de vente non disponible,Religion,45.0,,
Minecraft - Le guide de l'explorateur,https://www.amazon.fr/Minecraft-guide-lexplorateur-Collectif/dp/2075194947/ref=sr_1_714,"12,50 €",de Collectif et Alexandre Fil | 9 novembre 2023,"4,9 sur 5 étoiles, détails de l’évaluation",51,Poche,https://m.media-amazon.com/images/I/81zdipb7CkL._AC_UY218_.jpg,2025-09-04T18:49:53.784539,Description non disponible depuis la recherche,Stock non disponible,ISBN non disponible,Éditeur non disponible,Date non disponible,Nombre de pages non disponible,Rang de vente non disponible,Religion,45.0,,
J'accuse... ! - Classiques et Patrimoine,https://www.amazon.fr/Jaccuse-Classiques-Patrimoine-Emile-Zola/dp/2210770823/ref=sr_1_717,"2,95 €",Emile Zola,"4,8 sur 5 étoiles, détails de l’évaluation",118,Broché,https://m.media-amazon.com/images/I/81W6arUc8bS._AC_UY218_.jpg,2025-09-04T18:49:53.793769,Description non disponible depuis la recherche,Stock non disponible,ISBN non disponible,Éditeur non disponible,Date non disponible,Nombre de pages non disponible,Rang de vente non disponible,Religion,45.0,,
Dictionnaire Hachette Junior,https://www.amazon.fr/Dictionnaire-Hachette-Junior-Collectif/dp/201400689X/ref=sr_1_718,"17,90 €",de Collectif | 5 juin 2024,"4,8 sur 5 étoiles, détails de l’évaluation",5,Relié,https://m.media-amazon.com/images/I/814lLun3OYL._AC_UY218_.jpg,2025-09-04T18:49:53.796448,Description non disponible depuis la recherche,Stock non disponible,ISBN non disponible,Éditeur non disponible,Date non disponible,Nombre de pages non disponible,Rang de vente non disponible,Religion,45.0,,
Au-delà de cette limite votre ticket n'est plus valable,https://www.amazon.fr/Au-del%C3%A0-cette-limite-ticket-valable/dp/2070370488/ref=sr_1_719,"8,50 €",Romain Gary,"4,2 sur 5 étoiles, détails de l’évaluation",428,Poche,https://m.media-amazon.com/images/I/81qT+ZosCXL._AC_UY218_.jpg,2025-09-04T18:49:53.799623,Description non disponible depuis la recherche,Stock non disponible,ISBN non disponible,Éditeur non disponible,Date non disponible,Nombre de pages non disponible,Rang de vente non disponible,Religion,45.0,,
Réussir l'entretien de naturalisation française en 2025: Nouvelle version 2 en 1: Tous ce qu'il faut pour réussir (version revue corrigée),https://www.amazon.fr/R%C3%A9ussir-lentretien-naturalisation-fran%C3%A7aise-2025/dp/B0FBKTSKGY/ref=sr_1_720,"28,01 €",de Sally Brunnet et Mélanie Brunnet | 22 mai 2025,"4,5 sur 5 étoiles, détails de l’évaluation",13,Broché,https://m.media-amazon.com/images/I/61dEzbNPZOL._AC_UY218_.jpg,2025-09-04T18:49:53.802169,Description non disponible depuis la recherche,Stock non disponible,ISBN non disponible,Éditeur non disponible,Date non disponible,Nombre de pages non disponible,Rang de vente non disponible,Religion,45.0,,
B1 Preliminary for Schools Trainer 1 for the Revised 2020 Exam Six Practice Tests Without Answers + Audio Download With Ebook,https://www.amazon.fr/Preliminary-Schools-Trainer-Practice-Download/dp/1009211617/ref=sr_1_721,"42,16 €",Coffret produits,"4,7 sur 5 étoiles, détails de l’évaluation",24,Coffret produits,https://m.media-amazon.com/images/I/619IVpK9gJL._AC_UY218_.jpg,2025-09-04T18:49:53.804711,Description non disponible depuis la recherche,Stock non disponible,ISBN non disponible,Éditeur non disponible,Date non disponible,Nombre de pages non disponible,Rang de vente non disponible,Religion,45.0,,
"ABC Premiers Pas: Cahier d'écriture. Apprenons à tracer des lignes, des formes, des lettres et des chiffres. Cahier d'activités pour les enfants à partir de 3 ans.",https://www.amazon.fr/ABC-Premiers-Pas-d%C3%A9criture-dactivit%C3%A9s/dp/B09VG2NTZT/ref=sr_1_722,"7,99 €",Livre de Coloriage Kim,"4,6 sur 5 étoiles, détails de l’évaluation",249,Broché,https://m.media-amazon.com/images/I/61vIab2lhFL._AC_UY218_.jpg,2025-09-04T18:49:53.807193,Description non disponible depuis la recherche,Stock non disponible,ISBN non disponible,Éditeur non disponible,Date non disponible,Nombre de pages non disponible,Rang de vente non disponible,Religion,45.0,,
Learn English with Maud,https://www.amazon.fr/Learn-English-Maud-Vuaillat/dp/2321020911/ref=sr_1_724,"16,90 €",de Maud Vuaillat | 11 septembre 2025,Note non disponible,0 avis,Relié,https://m.media-amazon.com/images/I/61+EyU8JiVL._AC_UY218_.jpg,2025-09-04T18:49:53.812552,Description non disponible depuis la recherche,Stock non disponible,ISBN non disponible,Éditeur non disponible,Date non disponible,Nombre de pages non disponible,Rang de vente non disponible,Religion,45.0,,
"La Petite Encyclopédie de la Géographie: Le Livre sur les Continents, les Pays, les Villes et les Merveilles du monde pour enfants de 7 à 12 ans (CP CE1 CE2 CM1 CM2)",https://www.amazon.fr/Petite-Encyclop%C3%A9die-G%C3%A9ographie-Continents-Merveilles/dp/B0FBRLMB2Z/ref=sr_1_723,"11,95 €",Kiwi Editions,"4,7 sur 5 étoiles, détails de l’évaluation",8,Broché,https://m.media-amazon.com/images/I/71ytnzu8BpL._AC_UY218_.jpg,2025-09-04T18:50:03.721197,Description non disponible depuis la recherche,Stock non disponible,ISBN non disponible,Éditeur non disponible,Date non disponible,Nombre de pages non disponible,Rang de vente non disponible,Religion,46.0,,
La LCA des (très) bien classés: Tout en un : le cours en fiches synthétiques et tous les corrigés des ECNi/EDN de 2018 à 2024,https://www.amazon.fr/LCA-tr%C3%A8s-bien-class%C3%A9s-synth%C3%A9tiques/dp/2311666304/ref=sr_1_724,"35,00 €","de Hédi Chaieb, Mathis Follain, et al. | 3 avril 2025",Note non disponible,0 avis,Broché,https://m.media-amazon.com/images/I/71NHO-FRGTL._AC_UY218_.jpg,2025-09-04T18:50:03.723730,Description non disponible depuis la recherche,Stock non disponible,ISBN non disponible,Éditeur non disponible,Date non disponible,Nombre de pages non disponible,Rang de vente non disponible,Religion,46.0,,
Agenda de bord 2025/2026 - conseillère principale d’éducation: Carnet de bord et carnet de notes A4 pour CPE,https://www.amazon.fr/Agenda-bord-2025-2026-conseill%C3%A8re/dp/9403797363/ref=sr_1_725,"11,90 €",Gringolivier editions,Note non disponible,0 avis,Broché,https://m.media-amazon.com/images/I/612JstsMZsL._AC_UY218_.jpg,2025-09-04T18:50:03.725707,Description non disponible depuis la recherche,Stock non disponible,ISBN non disponible,Éditeur non disponible,Date non disponible,Nombre de pages non disponible,Rang de vente non disponible,Religion,46.0,,
"Dictionnaire des synonymes, nuances et contraires",https://www.amazon.fr/Dictionnaire-synonymes-nuances-contraires-Collectif/dp/2321017716/ref=sr_1_726,"25,50 €",de Collectif | 16 juin 2022,"4,8 sur 5 étoiles, détails de l’évaluation",63,Broché,https://m.media-amazon.com/images/I/51uFOsjh1nL._AC_UY218_.jpg,2025-09-04T18:50:03.728344,Description non disponible depuis la recherche,Stock non disponible,ISBN non disponible,Éditeur non disponible,Date non disponible,Nombre de pages non disponible,Rang de vente non disponible,Religion,46.0,,
Les aventures de Tintin : Les Cigares du pharaon,https://www.amazon.fr/aventures-Tintin-Cigares-pharaon/dp/2203001038/ref=sr_1_727,"12,50 €",Hergé,"4,8 sur 5 étoiles, détails de l’évaluation",802,Relié,https://m.media-amazon.com/images/I/91VdctlqnWL._AC_UY218_.jpg,2025-09-04T18:50:03.731083,Description non disponible depuis la recherche,Stock non disponible,ISBN non disponible,Éditeur non disponible,Date non disponible,Nombre de pages non disponible,Rang de vente non disponible,Religion,46.0,,
Le Spleen de Paris : Petits poèmes en prose,https://www.amazon.fr/Spleen-Paris-Petits-po%C3%A8mes-prose/dp/2253161209/ref=sr_1_728,"3,70 €",Charles Baudelaire,"4,6 sur 5 étoiles, détails de l’évaluation",457,Poche,https://m.media-amazon.com/images/I/71jQe5sCgYL._AC_UY218_.jpg,2025-09-04T18:50:03.734621,Description non disponible depuis la recherche,Stock non disponible,ISBN non disponible,Éditeur non disponible,Date non disponible,Nombre de pages non disponible,Rang de vente non disponible,Religion,46.0,,
Le créateur de souvenirs - Édition couples: 101 activités pour des moments inoubliables ensemble,https://www.amazon.fr/cr%C3%A9ateur-souvenirs-activit%C3%A9s-inoubliables-ensemble/dp/B0CSZ9V1M5/ref=sr_1_729,"16,99 €",de MMemories Editore | 15 janvier 2024,"4,5 sur 5 étoiles, détails de l’évaluation",71,Broché,https://m.media-amazon.com/images/I/61bJbtv0r2L._AC_UY218_.jpg,2025-09-04T18:50:03.737521,Description non disponible depuis la recherche,Stock non disponible,ISBN non disponible,Éditeur non disponible,Date non disponible,Nombre de pages non disponible,Rang de vente non disponible,Religion,46.0,,
Complete Preliminary for Schools Workbook without Answers with Audio Download: For the Revised Exam from 2020,https://www.amazon.fr/Complete-Preliminary-Schools-Workbook-Download/dp/1108539114/ref=sr_1_730,"23,49 €",Coffret produits,"4,8 sur 5 étoiles, détails de l’évaluation",97,Coffret produits,https://m.media-amazon.com/images/I/519ziJ43fZL._AC_UY218_.jpg,2025-09-04T18:50:03.739786,Description non disponible depuis la recherche,Stock non disponible,ISBN non disponible,Éditeur non disponible,Date non disponible,Nombre de pages non disponible,Rang de vente non disponible,Religion,46.0,,
"Bescherelle - L'essentiel: le tout-en-un de la langue française: grammaire, orthographe, conjugaison, vocabulaire, expression",https://www.amazon.fr/Bescherelle-tout-en-orthographe-conjugaison-vocabulaire/dp/2401113304/ref=sr_1_733,"13,95 €",Adeline Lesot,"4,7 sur 5 étoiles, détails de l’évaluation",1 714,Broché,https://m.media-amazon.com/images/I/71ijslQ3KlL._AC_UY218_.jpg,2025-09-04T18:50:03.748485,Description non disponible depuis la recherche,Stock non disponible,ISBN non disponible,Éditeur non disponible,Date non disponible,Nombre de pages non disponible,Rang de vente non disponible,Religion,46.0,,
"À coup sûr : Méthode de lecture, cycle 2 : CP, tome 1 (Fiches)",https://www.amazon.fr/coup-s%C3%BBr-M%C3%A9thode-lecture-Fiches/dp/2011164478/ref=sr_1_734,"9,25 €",H. Vaucamp,"4,7 sur 5 étoiles, détails de l’évaluation",152,Broché,https://m.media-amazon.com/images/I/81felZ3LuTL._AC_UY218_.jpg,2025-09-04T18:50:03.750573,Description non disponible depuis la recherche,Stock non disponible,ISBN non disponible,Éditeur non disponible,Date non disponible,Nombre de pages non disponible,Rang de vente non disponible,Religion,46.0,,
Japonais. Kanji kakitai ! Ecrire et apprendre les kanji - 3e édition,https://www.amazon.fr/Japonais-Kanji-kakitai-Ecrire-apprendre/dp/2340029120/ref=sr_1_735,"16,50 €",Lionel Seelenbinder-Mérand,"4,8 sur 5 étoiles, détails de l’évaluation",264,Broché,https://m.media-amazon.com/images/I/61Fu-Z3HqSL._AC_UY218_.jpg,2025-09-04T18:50:03.753241,Description non disponible depuis la recherche,Stock non disponible,ISBN non disponible,Éditeur non disponible,Date non disponible,Nombre de pages non disponible,Rang de vente non disponible,Religion,46.0,,
An introduction to english literature - From Philip Sidney to Graham Swift,https://www.amazon.fr/introduction-english-literature-Philip-Sidney/dp/201140178X/ref=sr_1_737,"30,50 €",Françoise Grellet,"4,6 sur 5 étoiles, détails de l’évaluation",86,Broché,https://m.media-amazon.com/images/I/81-k+DkxgBL._AC_UY218_.jpg,2025-09-04T18:50:03.758978,Description non disponible depuis la recherche,Stock non disponible,ISBN non disponible,Éditeur non disponible,Date non disponible,Nombre de pages non disponible,Rang de vente non disponible,Religion,46.0,,
Compact Key for Schools Student's Book without Answers with Online Practice,https://www.amazon.fr/Compact-Schools-Students-without-Practice/dp/1108348742/ref=sr_1_738,"19,10 €",Emma Heyderman,"4,6 sur 5 étoiles, détails de l’évaluation",354,Coffret produits,https://m.media-amazon.com/images/I/71UY40gexzL._AC_UY218_.jpg,2025-09-04T18:50:03.761571,Description non disponible depuis la recherche,Stock non disponible,ISBN non disponible,Éditeur non disponible,Date non disponible,Nombre de pages non disponible,Rang de vente non disponible,Religion,46.0,,
Machiavel L'art de la Guerre | Les secrets de la Stratégie Militaire et Politique: Edition originale collector,https://www.amazon.fr/Machiavel-secrets-Strat%C3%A9gie-Militaire-Politique/dp/B0C2ST5Y5D/ref=sr_1_739,"9,99 €","de Nicolas Machiavel, Collection Militaris belli, et al. | 26 avril 2023","4,3 sur 5 étoiles, détails de l’évaluation",31,Broché,https://m.media-amazon.com/images/I/61MPJf798JL._AC_UY218_.jpg,2025-09-04T18:50:03.765022,Description non disponible depuis la recherche,Stock non disponible,ISBN non disponible,Éditeur non disponible,Date non disponible,Nombre de pages non disponible,Rang de vente non disponible,Religion,46.0,,
Agenda de bord 2025/2026 professeur d’Allemand: Carnet de bord A4 pour les enseignants,https://www.amazon.fr/Agenda-bord-2025-professeur-dAllemand/dp/9403797274/ref=sr_1_740,"11,90 €",Gringolivier editions,Note non disponible,0 avis,Broché,https://m.media-amazon.com/images/I/61skage1twL._AC_UY218_.jpg,2025-09-04T18:50:03.767191,Description non disponible depuis la recherche,Stock non disponible,ISBN non disponible,Éditeur non disponible,Date non disponible,Nombre de pages non disponible,Rang de vente non disponible,Religion,46.0,,
"Mon Carnet d'Écrivain - J'écris mon roman en moins d'un an !: Ma préparation, mon organisation, mon planning d'écriture",https://www.amazon.fr/Mon-Carnet-d%C3%89crivain-pr%C3%A9paration-organisation/dp/2491148021/ref=sr_1_739,"13,90 €",Agathe Karella,"4,3 sur 5 étoiles, détails de l’évaluation",329,Broché,https://m.media-amazon.com/images/I/61-dQtRs7gL._AC_UY218_.jpg,2025-09-04T18:50:13.283945,Description non disponible depuis la recherche,Stock non disponible,ISBN non disponible,Éditeur non disponible,Date non disponible,Nombre de pages non disponible,Rang de vente non disponible,Religion,47.0,,
Mathématiques approfondies - Informatique - prépas ECG 2e année - Programme 2022,https://www.amazon.fr/Math%C3%A9matiques-approfondies-informatique-ECG-ann%C3%A9e/dp/2340066689/ref=sr_1_740,"33,00 €",Sylvain Rondy,"4,8 sur 5 étoiles, détails de l’évaluation",14,Broché,https://m.media-amazon.com/images/I/61UeiNsgbaL._AC_UY218_.jpg,2025-09-04T18:50:13.286533,Description non disponible depuis la recherche,Stock non disponible,ISBN non disponible,Éditeur non disponible,Date non disponible,Nombre de pages non disponible,Rang de vente non disponible,Religion,47.0,,
FANTÔMES ET LÉGENDES D’ALSACE: Histoires vraies et récits oubliés,https://www.amazon.fr/FANT%C3%94MES-L%C3%89GENDES-DALSACE-Histoires-oubli%C3%A9s/dp/B0FH531BJB/ref=sr_1_741,"14,90 €",Gabriel ALAURENT,"4,6 sur 5 étoiles, détails de l’évaluation",6,Broché,https://m.media-amazon.com/images/I/51ntdVDtGUL._AC_UY218_.jpg,2025-09-04T18:50:13.288556,Description non disponible depuis la recherche,Stock non disponible,ISBN non disponible,Éditeur non disponible,Date non disponible,Nombre de pages non disponible,Rang de vente non disponible,Religion,47.0,,
Agenda Roblox Dress to Impress 2025-2026 – Agenda Roblox – Agenda Jeux vidéo – Dress to Impress – Rentrée scolaire 2025-2026,https://www.amazon.fr/Agenda-Roblox-Dress-Impress-2025-2026/dp/B0DQSS82KG/ref=sr_1_742,"9,95 €",de Salvatore Callerami et Morgane Leloup | 5 juin 2025,"4,5 sur 5 étoiles, détails de l’évaluation",2,Relié,https://m.media-amazon.com/images/I/71qkxJaP+JL._AC_UY218_.jpg,2025-09-04T18:50:13.291554,Description non disponible depuis la recherche,Stock non disponible,ISBN non disponible,Éditeur non disponible,Date non disponible,Nombre de pages non disponible,Rang de vente non disponible,Religion,47.0,,
We Were Liars,https://www.amazon.fr/We-Were-Liars-Lockhart/dp/147140398X/ref=sr_1_743,"8,76 €",E. Lockhart,"4,2 sur 5 étoiles, détails de l’évaluation",75 279,Broché,https://m.media-amazon.com/images/I/61aHWVH-QML._AC_UY218_.jpg,2025-09-04T18:50:13.295853,Description non disponible depuis la recherche,Stock non disponible,ISBN non disponible,Éditeur non disponible,Date non disponible,Nombre de pages non disponible,Rang de vente non disponible,Religion,47.0,,
Grammaire progressive du français - Niveau intermédiaire (A2/B1) - Corrigés - 4ème édition,https://www.amazon.fr/Grammaire-progressive-fran%C3%A7ais-interm%C3%A9diaire-Corrig%C3%A9s/dp/2090381043/ref=sr_1_744,"13,10 €",Odile Thiévenaz,"4,7 sur 5 étoiles, détails de l’évaluation",696,Broché,https://m.media-amazon.com/images/I/71409lq-9CL._AC_UY218_.jpg,2025-09-04T18:50:13.298024,Description non disponible depuis la recherche,Stock non disponible,ISBN non disponible,Éditeur non disponible,Date non disponible,Nombre de pages non disponible,Rang de vente non disponible,Religion,47.0,,
"Chouette - Espagnol 4e - LV2 (A1+, A2): cahier de révision et d'entraînement recommandé par les enseignants",https://www.amazon.fr/Espagnol-4e-cahier-r%C3%A9vision-dentra%C3%AEnement/dp/2401085157/ref=sr_1_745,"6,30 €",Jean-Yves Kerzulec,"4,6 sur 5 étoiles, détails de l’évaluation",73,Broché,https://m.media-amazon.com/images/I/71YxuEmdpWL._AC_UY218_.jpg,2025-09-04T18:50:13.300861,Description non disponible depuis la recherche,Stock non disponible,ISBN non disponible,Éditeur non disponible,Date non disponible,Nombre de pages non disponible,Rang de vente non disponible,Religion,47.0,,
Poèmes à Lou. Il y a,https://www.amazon.fr/Po%C3%A8mes-%C3%A0-Lou-Guillaume-Apollinaire/dp/2070300099/ref=sr_1_746,"8,30 €",Guillaume Apollinaire,"4,5 sur 5 étoiles, détails de l’évaluation",343,Poche,https://m.media-amazon.com/images/I/81LINegKO8L._AC_UY218_.jpg,2025-09-04T18:50:13.302974,Description non disponible depuis la recherche,Stock non disponible,ISBN non disponible,Éditeur non disponible,Date non disponible,Nombre de pages non disponible,Rang de vente non disponible,Religion,47.0,,
L'Evénement - Prix Nobel de Littérature 2022,https://www.amazon.fr/LEv%C3%A9nement-Annie-Ernaux/dp/2070419231/ref=sr_1_749,"7,60 €",Annie Ernaux,"4,3 sur 5 étoiles, détails de l’évaluation",1 616,Poche,https://m.media-amazon.com/images/I/71HZ9vKsDaL._AC_UY218_.jpg,2025-09-04T18:50:13.312576,Description non disponible depuis la recherche,Stock non disponible,ISBN non disponible,Éditeur non disponible,Date non disponible,Nombre de pages non disponible,Rang de vente non disponible,Religion,47.0,,
Le Guide Culinaire d'Auguste Escoffier : Édition complète et annotée: Plus de 5000 recettes,https://www.amazon.fr/Guide-Culinaire-dAuguste-Escoffier-compl%C3%A8te/dp/B0D3Y2GVHF/ref=sr_1_750,"29,90 €",Auguste Escoffier,"4,2 sur 5 étoiles, détails de l’évaluation",40,Broché,https://m.media-amazon.com/images/I/514wmli9PhL._AC_UY218_.jpg,2025-09-04T18:50:13.314630,Description non disponible depuis la recherche,Stock non disponible,ISBN non disponible,Éditeur non disponible,Date non disponible,Nombre de pages non disponible,Rang de vente non disponible,Religion,47.0,,
Derniers tours,https://www.amazon.fr/Derniers-tours-S%C3%A9bastien-Sanchez/dp/2340099633/ref=sr_1_751,"35,00 €",de Sébastien Sanchez | 11 février 2025,"5,0 sur 5 étoiles, détails de l’évaluation",1,Broché,https://m.media-amazon.com/images/I/618dKWD61PL._AC_UY218_.jpg,2025-09-04T18:50:13.317173,Description non disponible depuis la recherche,Stock non disponible,ISBN non disponible,Éditeur non disponible,Date non disponible,Nombre de pages non disponible,Rang de vente non disponible,Religion,47.0,,
Atlas géopolitique mondial 2026,https://www.amazon.fr/Atlas-g%C3%A9opolitique-mondial-Alexis-Bautzmann/dp/2268112179/ref=sr_1_752,"25,00 €",Alexis Bautzmann,Note non disponible,0 avis,Broché,https://m.media-amazon.com/images/I/81HU6Mqx0OL._AC_UY218_.jpg,2025-09-04T18:50:13.319437,Description non disponible depuis la recherche,Stock non disponible,ISBN non disponible,Éditeur non disponible,Date non disponible,Nombre de pages non disponible,Rang de vente non disponible,Religion,47.0,,
De la Terre à la Lune,https://www.amazon.fr/Terre-%C3%A0-Lune-Jules-Verne/dp/2253006319/ref=sr_1_753,"4,90 €",Jules Verne,"4,7 sur 5 étoiles, détails de l’évaluation",308,Poche,https://m.media-amazon.com/images/I/91O2Wr3EnxL._AC_UY218_.jpg,2025-09-04T18:50:13.323126,Description non disponible depuis la recherche,Stock non disponible,ISBN non disponible,Éditeur non disponible,Date non disponible,Nombre de pages non disponible,Rang de vente non disponible,Religion,47.0,,
Le Grevisse de l'étudiant - Littérature: Les grands genres littéraires - Histoire de la littérature en 165 textes - Lexique des termes techniques,https://www.amazon.fr/Grevisse-l%C3%A9tudiant-Litt%C3%A9rature-litt%C3%A9raires-litt%C3%A9rature/dp/2807323596/ref=sr_1_754,"25,90 €","de Olivier Bertrand, Pierre-Louis Fort, et al. | 27 septembre 2022","4,5 sur 5 étoiles, détails de l’évaluation",18,Broché,https://m.media-amazon.com/images/I/71gdMlFbafL._AC_UY218_.jpg,2025-09-04T18:50:13.325916,Description non disponible depuis la recherche,Stock non disponible,ISBN non disponible,Éditeur non disponible,Date non disponible,Nombre de pages non disponible,Rang de vente non disponible,Religion,47.0,,
L'intégrale TOEIC® - La méthode de référence pour réussir le TOEIC® - Conforme au test officiel,https://www.amazon.fr/Lint%C3%A9grale-TOEIC%C2%AE-r%C3%A9f%C3%A9rence-Conforme-officiel/dp/2095036794/ref=sr_1_755,"42,90 €",Serena Murdoch-Stern,"4,3 sur 5 étoiles, détails de l’évaluation",14,Broché,https://m.media-amazon.com/images/I/61AYz+TzsnL._AC_UY218_.jpg,2025-09-04T18:50:13.327993,Description non disponible depuis la recherche,Stock non disponible,ISBN non disponible,Éditeur non disponible,Date non disponible,Nombre de pages non disponible,Rang de vente non disponible,Religion,47.0,,
Antéchrista,https://www.amazon.fr/Ant%C3%A9christa-Am%C3%A9lie-Nothomb/dp/2253113395/ref=sr_1_756,"7,90 €",Amélie Nothomb,"4,3 sur 5 étoiles, détails de l’évaluation",521,Poche,https://m.media-amazon.com/images/I/812wPDvUoGL._AC_UY218_.jpg,2025-09-04T18:50:13.331336,Description non disponible depuis la recherche,Stock non disponible,ISBN non disponible,Éditeur non disponible,Date non disponible,Nombre de pages non disponible,Rang de vente non disponible,Religion,47.0,,
Diccionario Esencial de lengua española - poche,https://www.amazon.fr/Diccionario-Esencial-lengua-espa%C3%B1ola-poche/dp/2036021840/ref=sr_1_755,"13,95 €",de COLLECTIF | 8 juin 2022,"4,5 sur 5 étoiles, détails de l’évaluation",27,Poche,https://m.media-amazon.com/images/I/51iKcEf3jzL._AC_UY218_.jpg,2025-09-04T18:50:23.917944,Description non disponible depuis la recherche,Stock non disponible,ISBN non disponible,Éditeur non disponible,Date non disponible,Nombre de pages non disponible,Rang de vente non disponible,Religion,48.0,,
Édito B1 - édition 2022-2024 - Livre + numérique inclus,https://www.amazon.fr/Edito-B1-%C3%A9dition-Livre-num%C3%A9rique/dp/2278108611/ref=sr_1_756,"24,80 €","de Elodie Heu-Boulhat, Marie Gatin, et al. | 19 avril 2023","4,9 sur 5 étoiles, détails de l’évaluation",29,Broché,https://m.media-amazon.com/images/I/81Tbvt1tnAL._AC_UY218_.jpg,2025-09-04T18:50:23.920885,Description non disponible depuis la recherche,Stock non disponible,ISBN non disponible,Éditeur non disponible,Date non disponible,Nombre de pages non disponible,Rang de vente non disponible,Religion,48.0,,
Dictionnaire Larousse Maxipoche Plus Espagnol,https://www.amazon.fr/Dictionnaire-Larousse-Maxipoche-Plus-Espagnol/dp/2036080715/ref=sr_1_757,"15,95 €",de Collectif | 4 juin 2025,Note non disponible,0 avis,Relié,https://m.media-amazon.com/images/I/81Q6VDsTKVL._AC_UY218_.jpg,2025-09-04T18:50:23.923516,Description non disponible depuis la recherche,Stock non disponible,ISBN non disponible,Éditeur non disponible,Date non disponible,Nombre de pages non disponible,Rang de vente non disponible,Religion,48.0,,
Édito A1 - édition 2022-2024 - Cahier + didierfle.app,https://www.amazon.fr/Edito-A1-Cahier-dactivit%C3%A9s-didierfle-app/dp/2278103652/ref=sr_1_758,"12,60 €","de Roxane Amoravain, Valérie Blasco, et al. | 8 mars 2022","4,5 sur 5 étoiles, détails de l’évaluation",178,Broché,https://m.media-amazon.com/images/I/71QUuIEywML._AC_UY218_.jpg,2025-09-04T18:50:23.926462,Description non disponible depuis la recherche,Stock non disponible,ISBN non disponible,Éditeur non disponible,Date non disponible,Nombre de pages non disponible,Rang de vente non disponible,Religion,48.0,,
"Creepy Stories: The Tell-Tale Heart, The Fall of the House of Usher, and other stories...",https://www.amazon.fr/Creepy-Stories-Tell-Tale-Heart-stories/dp/B085DMMV21/ref=sr_1_759,"8,90 €",Edgar Allan Poe,"4,7 sur 5 étoiles, détails de l’évaluation",116,Broché,https://m.media-amazon.com/images/I/71IV47O+uUL._AC_UY218_.jpg,2025-09-04T18:50:23.928698,Description non disponible depuis la recherche,Stock non disponible,ISBN non disponible,Éditeur non disponible,Date non disponible,Nombre de pages non disponible,Rang de vente non disponible,Religion,48.0,,
Of Mice and Men,https://www.amazon.fr/Mice-Men-John-Steinbeck/dp/B085DMC9VL/ref=sr_1_760,"8,90 €",John Steinbeck,"4,7 sur 5 étoiles, détails de l’évaluation",841,Broché,https://m.media-amazon.com/images/I/51cUNmld1DL._AC_UY218_.jpg,2025-09-04T18:50:23.931232,Description non disponible depuis la recherche,Stock non disponible,ISBN non disponible,Éditeur non disponible,Date non disponible,Nombre de pages non disponible,Rang de vente non disponible,Religion,48.0,,
Cambridge Global English Learner's Book + Digital Access 1 Year: For Cambridge Primary English As a Second Language,https://www.amazon.fr/Cambridge-Global-English-Learners-Digital/dp/1108963625/ref=sr_1_761,"21,49 €",Elly Schottman,"4,5 sur 5 étoiles, détails de l’évaluation",37,Broché,https://m.media-amazon.com/images/I/51Gzw2Lh-yL._AC_UY218_.jpg,2025-09-04T18:50:23.933700,Description non disponible depuis la recherche,Stock non disponible,ISBN non disponible,Éditeur non disponible,Date non disponible,Nombre de pages non disponible,Rang de vente non disponible,Religion,48.0,,
An Introduction to Statistics and Data Analysis Using Stata®: From Research Design to Final Report,https://www.amazon.fr/Introduction-Statistics-Analysis-Using-Stata%C2%AE/dp/1071883704/ref=sr_1_762,"123,31 €",Lisa Daniels,Note non disponible,0 avis,Broché,https://m.media-amazon.com/images/I/81Tg+yR10ML._AC_UY218_.jpg,2025-09-04T18:50:23.937467,Description non disponible depuis la recherche,Stock non disponible,ISBN non disponible,Éditeur non disponible,Date non disponible,Nombre de pages non disponible,Rang de vente non disponible,Religion,48.0,,
Agenda de bord 2025/2026 Enseignante: Carnet de bord A4 pour les professeurs,https://www.amazon.fr/Agenda-bord-2025-2026-Enseignante/dp/9403786418/ref=sr_1_765,"11,90 €",Agenda-enseignant editions,"2,0 sur 5 étoiles, détails de l’évaluation",1,Broché,https://m.media-amazon.com/images/I/71cA0Z1Xk2L._AC_UY218_.jpg,2025-09-04T18:50:23.945745,Description non disponible depuis la recherche,Stock non disponible,ISBN non disponible,Éditeur non disponible,Date non disponible,Nombre de pages non disponible,Rang de vente non disponible,Religion,48.0,,
Commander une Bière partout dans le Monde: Plus de 70 langues | Idée de cadeau Original et Amusant,https://www.amazon.fr/Commander-Bi%C3%A8re-partout-dans-Monde/dp/B0CW1B2VS8/ref=sr_1_766,"9,99 €",de Léo Farceur | 19 février 2024,"4,4 sur 5 étoiles, détails de l’évaluation",13,Broché,https://m.media-amazon.com/images/I/61dZGg0AhfL._AC_UY218_.jpg,2025-09-04T18:50:23.948149,Description non disponible depuis la recherche,Stock non disponible,ISBN non disponible,Éditeur non disponible,Date non disponible,Nombre de pages non disponible,Rang de vente non disponible,Religion,48.0,,
A2 Key for Schools Trainer 1 for the Revised Exam from 2020 Six Practice Tests Without Answers + Audio Download With Ebook,https://www.amazon.fr/Schools-Trainer-revised-Practice-Download/dp/1009211528/ref=sr_1_767,"36,28 €",Coffret produits,"4,8 sur 5 étoiles, détails de l’évaluation",24,Coffret produits,https://m.media-amazon.com/images/I/515airvBSzL._AC_UY218_.jpg,2025-09-04T18:50:23.950525,Description non disponible depuis la recherche,Stock non disponible,ISBN non disponible,Éditeur non disponible,Date non disponible,Nombre de pages non disponible,Rang de vente non disponible,Religion,48.0,,
Encyclopédie culinaire des territoires de France,https://www.amazon.fr/Encyclop%C3%A9die-culinaire-territoires-France-Jean-Fran%C3%A7ois/dp/201713838X/ref=sr_1_768,"80,00 €",Jean-François Piège,"4,5 sur 5 étoiles, détails de l’évaluation",29,Relié,https://m.media-amazon.com/images/I/710DyT5EzLL._AC_UY218_.jpg,2025-09-04T18:50:23.953203,Description non disponible depuis la recherche,Stock non disponible,ISBN non disponible,Éditeur non disponible,Date non disponible,Nombre de pages non disponible,Rang de vente non disponible,Religion,48.0,,
Le Sagouin,https://www.amazon.fr/Sagouin-Fran%C3%A7ois-Mauriac/dp/2266023136/ref=sr_1_769,"5,30 €",François Mauriac,"4,6 sur 5 étoiles, détails de l’évaluation",163,Poche,https://m.media-amazon.com/images/I/51lRKncCI-L._AC_UY218_.jpg,2025-09-04T18:50:23.955592,Description non disponible depuis la recherche,Stock non disponible,ISBN non disponible,Éditeur non disponible,Date non disponible,Nombre de pages non disponible,Rang de vente non disponible,Religion,48.0,,
Physique PSI/PSI*,https://www.amazon.fr/Physique-PSI-Christophe-Bernicot/dp/2340066832/ref=sr_1_770,"49,00 €","de Christophe Bernicot, Régis Bourdin, et al. | 17 mai 2022","5,0 sur 5 étoiles, détails de l’évaluation",7,Broché,https://m.media-amazon.com/images/I/61Wn3-MDP-L._AC_UY218_.jpg,2025-09-04T18:50:23.959151,Description non disponible depuis la recherche,Stock non disponible,ISBN non disponible,Éditeur non disponible,Date non disponible,Nombre de pages non disponible,Rang de vente non disponible,Religion,48.0,,
La véritable histoire de Léonie qui vit construire la Tour Eiffel,https://www.amazon.fr/v%C3%A9ritable-histoire-L%C3%A9onie-construire-Eiffel/dp/B0CKB9KRB4/ref=sr_1_771,"7,20 €",de Juliette Mellon-Poline et Aurélie Abolivier | 20 mars 2024,"4,8 sur 5 étoiles, détails de l’évaluation",35,Broché,https://m.media-amazon.com/images/I/71XcIOwMI+L._AC_UY218_.jpg,2025-09-04T18:50:23.962593,Description non disponible depuis la recherche,Stock non disponible,ISBN non disponible,Éditeur non disponible,Date non disponible,Nombre de pages non disponible,Rang de vente non disponible,Religion,48.0,,
Anglais Shine Bright 2de - workbook élève (nouveau programme 2019),https://www.amazon.fr/Anglais-Shine-Bright-2de-programme/dp/2091781401/ref=sr_1_772,"7,90 €","de Clotilde Bellamy, William Bertin, et al. | 7 août 2019","4,7 sur 5 étoiles, détails de l’évaluation",112,Broché,https://m.media-amazon.com/images/I/61gZuT8mBgL._AC_UY218_.jpg,2025-09-04T18:50:23.965318,Description non disponible depuis la recherche,Stock non disponible,ISBN non disponible,Éditeur non disponible,Date non disponible,Nombre de pages non disponible,Rang de vente non disponible,Religion,48.0,,
Build a Large Language Model from Scratch,https://www.amazon.fr/Build-Large-Language-Model-Scratch/dp/1633437167/ref=sr_1_771,"54,27 €",Sebastian Raschka,"4,6 sur 5 étoiles, détails de l’évaluation",227,Broché,https://m.media-amazon.com/images/I/71eljkULtwL._AC_UY218_.jpg,2025-09-04T18:50:33.986901,Description non disponible depuis la recherche,Stock non disponible,ISBN non disponible,Éditeur non disponible,Date non disponible,Nombre de pages non disponible,Rang de vente non disponible,Religion,49.0,,
Open World First Student's Book without Answers with Online Practice,https://www.amazon.fr/Students-without-Answers-Online-Practice/dp/1108647812/ref=sr_1_772,"41,49 €",Coffret produits,"4,6 sur 5 étoiles, détails de l’évaluation",50,Coffret produits,https://m.media-amazon.com/images/I/91FIGJCXFXL._AC_UY218_.jpg,2025-09-04T18:50:33.989344,Description non disponible depuis la recherche,Stock non disponible,ISBN non disponible,Éditeur non disponible,Date non disponible,Nombre de pages non disponible,Rang de vente non disponible,Religion,49.0,,
Apprendre l'anglais en 75 leçons progressives : Comprendre et parler - Méthode 100% intégrale: Grammaire - Conjugaison - Vocabulaire - Expression,https://www.amazon.fr/Apprendre-langlais-le%C3%A7ons-progressives-Conjugaison/dp/171776522X/ref=sr_1_773,"12,89 €",Internotes,"4,4 sur 5 étoiles, détails de l’évaluation",850,Broché,https://m.media-amazon.com/images/I/51MTXE1ujNL._AC_UY218_.jpg,2025-09-04T18:50:33.992303,Description non disponible depuis la recherche,Stock non disponible,ISBN non disponible,Éditeur non disponible,Date non disponible,Nombre de pages non disponible,Rang de vente non disponible,Religion,49.0,,
Carte NATIONAL Le Monde,https://www.amazon.fr/Carte-NATIONAL-Monde-Collectif-Michelin/dp/2067170406/ref=sr_1_774,"8,95 €",Collectif Michelin,"4,8 sur 5 étoiles, détails de l’évaluation",117,Carte,https://m.media-amazon.com/images/I/71-bLfGve4L._AC_UY218_.jpg,2025-09-04T18:50:33.994877,Description non disponible depuis la recherche,Stock non disponible,ISBN non disponible,Éditeur non disponible,Date non disponible,Nombre de pages non disponible,Rang de vente non disponible,Religion,49.0,,
Dragon Ball Super - Tome 07,https://www.amazon.fr/Dragon-Ball-Super-Akira-Toriyama/dp/2344036326/ref=sr_1_775,"7,20 €",Akira Toriyama,"4,8 sur 5 étoiles, détails de l’évaluation",1 390,Broché,https://m.media-amazon.com/images/I/81iftYmHcnL._AC_UY218_.jpg,2025-09-04T18:50:33.997918,Description non disponible depuis la recherche,Stock non disponible,ISBN non disponible,Éditeur non disponible,Date non disponible,Nombre de pages non disponible,Rang de vente non disponible,Religion,49.0,,
"Le planner de mon mariage - Pour une organisation sur-mesure: par Nathalie Bernard, la créatrice du blog La Mariée en Colère",https://www.amazon.fr/planner-mon-mariage-organisation-sur-mesure/dp/2383554553/ref=sr_1_776,"19,95 €",A anneaux,"4,9 sur 5 étoiles, détails de l’évaluation",12,A anneaux,https://m.media-amazon.com/images/I/81rw9INCQML._AC_UY218_.jpg,2025-09-04T18:50:34.000143,Description non disponible depuis la recherche,Stock non disponible,ISBN non disponible,Éditeur non disponible,Date non disponible,Nombre de pages non disponible,Rang de vente non disponible,Religion,49.0,,
"Les Aventures de Tintin, volume 5 : Le Lotus bleu",https://www.amazon.fr/Aventures-Tintin-Lotus-bleu/dp/2203001046/ref=sr_1_777,"12,50 €",Hergé,"4,7 sur 5 étoiles, détails de l’évaluation",724,Poche,https://m.media-amazon.com/images/I/71bRQ0l60yL._AC_UY218_.jpg,2025-09-04T18:50:34.003904,Description non disponible depuis la recherche,Stock non disponible,ISBN non disponible,Éditeur non disponible,Date non disponible,Nombre de pages non disponible,Rang de vente non disponible,Religion,49.0,,
Le Gone du Chaâba,https://www.amazon.fr/Gone-du-Cha%C3%A2ba-Azouz-Begag/dp/2020800322/ref=sr_1_778,"8,40 €",Azouz Begag,"4,5 sur 5 étoiles, détails de l’évaluation",623,Poche,https://m.media-amazon.com/images/I/71kK8r5SUJL._AC_UY218_.jpg,2025-09-04T18:50:34.007225,Description non disponible depuis la recherche,Stock non disponible,ISBN non disponible,Éditeur non disponible,Date non disponible,Nombre de pages non disponible,Rang de vente non disponible,Religion,49.0,,
Agenda Attack on Titan 2025-2026 – Agenda manga et anime – Rentrée scolaire 2025-2026 – Agenda rentrée scolaire,https://www.amazon.fr/Agenda-Attack-Titan-2025-2026-scolaire/dp/B0DQTL9V8Y/ref=sr_1_781,"9,95 €",de Kodansha et Hajime Isayama | 5 juin 2025,"5,0 sur 5 étoiles, détails de l’évaluation",3,Relié,https://m.media-amazon.com/images/I/610tcVNFM+L._AC_UY218_.jpg,2025-09-04T18:50:34.016827,Description non disponible depuis la recherche,Stock non disponible,ISBN non disponible,Éditeur non disponible,Date non disponible,Nombre de pages non disponible,Rang de vente non disponible,Religion,49.0,,
Maîtriser la LCA en anglais: Méthodologie et Entraînement - Réussir ses EDN,https://www.amazon.fr/Ma%C3%AEtriser-LCA-anglais-M%C3%A9thodologie-Entra%C3%AEnement/dp/2294783352/ref=sr_1_782,"23,00 €",de Collège Universitaire des Enseignants de Santé Publique (CUESP) et Docteur Moustapha Dramé | 14 août 2024,"4,5 sur 5 étoiles, détails de l’évaluation",2,Broché,https://m.media-amazon.com/images/I/71zmhA1fBFL._AC_UY218_.jpg,2025-09-04T18:50:34.020447,Description non disponible depuis la recherche,Stock non disponible,ISBN non disponible,Éditeur non disponible,Date non disponible,Nombre de pages non disponible,Rang de vente non disponible,Religion,49.0,,
Vite et bien 1 - Niveaux A1/A2 - Livre + CD - 2ème édition,https://www.amazon.fr/Vite-bien-Niveaux-Livre-%C3%A9dition/dp/2090385235/ref=sr_1_783,"30,00 €",Claire Miquel,"4,4 sur 5 étoiles, détails de l’évaluation",393,Broché,https://m.media-amazon.com/images/I/612mXExOQhL._AC_UY218_.jpg,2025-09-04T18:50:34.022715,Description non disponible depuis la recherche,Stock non disponible,ISBN non disponible,Éditeur non disponible,Date non disponible,Nombre de pages non disponible,Rang de vente non disponible,Religion,49.0,,
15 minutes par jour pour débuter l'anglais spécial junior,https://www.amazon.fr/minutes-d%C3%A9buter-langlais-sp%C3%A9cial-junior/dp/2035988187/ref=sr_1_784,"16,95 €",de COLLECTIF | 9 septembre 2020,"4,3 sur 5 étoiles, détails de l’évaluation",65,Broché,https://m.media-amazon.com/images/I/816XCXIGZhL._AC_UY218_.jpg,2025-09-04T18:50:34.026037,Description non disponible depuis la recherche,Stock non disponible,ISBN non disponible,Éditeur non disponible,Date non disponible,Nombre de pages non disponible,Rang de vente non disponible,Religion,49.0,,
Chouette - Espagnol 5e - LV2 (A1 vers A2): cahier de révision et d'entraînement recommandé par les enseignants,https://www.amazon.fr/Espagnol-5e-cahier-r%C3%A9vision-dentra%C3%AEnement/dp/2401085173/ref=sr_1_785,"6,30 €",de Nathalie Gonzales-Pollet | 8 juin 2022,"4,6 sur 5 étoiles, détails de l’évaluation",106,Broché,https://m.media-amazon.com/images/I/71M0C-VHi4L._AC_UY218_.jpg,2025-09-04T18:50:34.029512,Description non disponible depuis la recherche,Stock non disponible,ISBN non disponible,Éditeur non disponible,Date non disponible,Nombre de pages non disponible,Rang de vente non disponible,Religion,49.0,,
Bled CP-CE1 - Manuel de l'élève - Edition 2022,https://www.amazon.fr/Bled-CP-CE1-Manuel-l%C3%A9l%C3%A8ve-2022/dp/2017136239/ref=sr_1_786,"12,50 €",de Sophie Raimbert | 11 février 2022,"4,9 sur 5 étoiles, détails de l’évaluation",43,Broché,https://m.media-amazon.com/images/I/716H5+RFNlL._AC_UY218_.jpg,2025-09-04T18:50:34.032131,Description non disponible depuis la recherche,Stock non disponible,ISBN non disponible,Éditeur non disponible,Date non disponible,Nombre de pages non disponible,Rang de vente non disponible,Religion,49.0,,
Les trois brigands,https://www.amazon.fr/trois-brigands-Tomi-Ungerer/dp/2211058515/ref=sr_1_787,"6,00 €",Tomi Ungerer,"4,8 sur 5 étoiles, détails de l’évaluation",625,Broché,https://m.media-amazon.com/images/I/51Xnc31IWYL._AC_UY218_.jpg,2025-09-04T18:50:34.035947,Description non disponible depuis la recherche,Stock non disponible,ISBN non disponible,Éditeur non disponible,Date non disponible,Nombre de pages non disponible,Rang de vente non disponible,Religion,49.0,,
375 exercices corrigés de Physique – PCSI,https://www.amazon.fr/375-exercices-corrig%C3%A9s-Physique-PCSI-ebook/dp/B0F9XKS395/ref=sr_1_788,"24,99 €",Jean-Christophe Tisserand,Note non disponible,0 avis,Format Kindle,https://m.media-amazon.com/images/I/71QYlfU88yL._AC_UY218_.jpg,2025-09-04T18:50:34.039209,Description non disponible depuis la recherche,Stock non disponible,ISBN non disponible,Éditeur non disponible,Date non disponible,Nombre de pages non disponible,Rang de vente non disponible,Religion,49.0,,
Grammaire progressive du français - Niveau perfectionnement (B2/C2) - Livre,https://www.amazon.fr/Grammaire-progressive-fran%C3%A7ais-perfectionnement-couverture/dp/2090382090/ref=sr_1_787,"30,30 €",Maïa Grégoire,"4,6 sur 5 étoiles, détails de l’évaluation",544,Broché,https://m.media-amazon.com/images/I/61IczlFc-JL._AC_UY218_.jpg,2025-09-04T18:50:42.990795,Description non disponible depuis la recherche,Stock non disponible,ISBN non disponible,Éditeur non disponible,Date non disponible,Nombre de pages non disponible,Rang de vente non disponible,Religion,50.0,,
"NNALÉES CORRIGÉES DES EVC – PSYCHIATRIE (2009–2021): Corrigés détaillés, pédagogiques et conformes aux recommandations officielles – Épreuves Fondamentales et Pratiques",https://www.amazon.fr/NNAL%C3%89ES-CORRIG%C3%89ES-EVC-recommandations-Fondamentales/dp/B0FMP5WZKR/ref=sr_1_788,"78,07 €",de MEDECIN DE GARDE GARDE | 15 août 2025,Note non disponible,0 avis,Broché,https://m.media-amazon.com/images/I/61i+H3Fz86L._AC_UY218_.jpg,2025-09-04T18:50:42.993403,Description non disponible depuis la recherche,Stock non disponible,ISBN non disponible,Éditeur non disponible,Date non disponible,Nombre de pages non disponible,Rang de vente non disponible,Religion,50.0,,
Bled CM1/CM2 - Livre de l'élève - Ed.2008,https://www.amazon.fr/Bled-CM1-CM2-orthographe-conjugaison/dp/2011174031/ref=sr_1_789,"13,30 €",Daniel Berlion,"4,7 sur 5 étoiles, détails de l’évaluation",218,Broché,https://m.media-amazon.com/images/I/71Vel+UlaKL._AC_UY218_.jpg,2025-09-04T18:50:42.996033,Description non disponible depuis la recherche,Stock non disponible,ISBN non disponible,Éditeur non disponible,Date non disponible,Nombre de pages non disponible,Rang de vente non disponible,Religion,50.0,,
Diary of a Young Naturalist: WINNER OF THE WAINWRIGHT PRIZE FOR NATURE WRITING 2020 (English Edition),https://www.amazon.fr/Diary-Young-Naturalist-Wainwright-Writing-ebook/dp/B08MVW8HDV/ref=sr_1_790,"13,16 €",Dara McAnulty,"4,6 sur 5 étoiles, détails de l’évaluation",563,Format Kindle,https://m.media-amazon.com/images/I/817rshDY2gL._AC_UY218_.jpg,2025-09-04T18:50:42.999616,Description non disponible depuis la recherche,Stock non disponible,ISBN non disponible,Éditeur non disponible,Date non disponible,Nombre de pages non disponible,Rang de vente non disponible,Religion,50.0,,
Agenda de bord 2025/2026 - PERDIR Personnel de direction: Carnet de bord chef d’établissement scolaire,https://www.amazon.fr/Agenda-bord-2025-2026-d%C3%A9tablissement/dp/9403797282/ref=sr_1_791,"11,90 €",Gringolivier editions,"4,0 sur 5 étoiles, détails de l’évaluation",1,Broché,https://m.media-amazon.com/images/I/710aXPJMYtL._AC_UY218_.jpg,2025-09-04T18:50:43.001649,Description non disponible depuis la recherche,Stock non disponible,ISBN non disponible,Éditeur non disponible,Date non disponible,Nombre de pages non disponible,Rang de vente non disponible,Religion,50.0,,
Plan de ville : Paris pratique par arrondissement,https://www.amazon.fr/Atlas-routiers-Paris-pratique-arrondissement/dp/2707202398/ref=sr_1_792,"6,00 €",de Atlas Indispensable | 17 octobre 2002,"4,5 sur 5 étoiles, détails de l’évaluation",321,Broché,https://m.media-amazon.com/images/I/61aSFahBhjL._AC_UY218_.jpg,2025-09-04T18:50:43.004858,Description non disponible depuis la recherche,Stock non disponible,ISBN non disponible,Éditeur non disponible,Date non disponible,Nombre de pages non disponible,Rang de vente non disponible,Religion,50.0,,
Formulaire Mathématiques appliquées - Informatique - ECG 1re et 2e années - Programme 2022,https://www.amazon.fr/Formulaire-Math%C3%A9matiques-appliqu%C3%A9es-informatique-ann%C3%A9es/dp/2340066719/ref=sr_1_793,"13,50 €","de Sylvain Rondy, Pierre Berlandi, et al. | 14 juin 2022","4,7 sur 5 étoiles, détails de l’évaluation",12,Broché,https://m.media-amazon.com/images/I/61PpBLjMahL._AC_UY218_.jpg,2025-09-04T18:50:43.008904,Description non disponible depuis la recherche,Stock non disponible,ISBN non disponible,Éditeur non disponible,Date non disponible,Nombre de pages non disponible,Rang de vente non disponible,Religion,50.0,,
Édito A2 - édition 2022-2024 - Cahier + didierfle.app,https://www.amazon.fr/Edito-A2-2022-Cahier-didierfle-app/dp/2278104128/ref=sr_1_794,"12,60 €","de Roxane Amoravain, Valérie Blasco, et al. | 6 septembre 2022","4,7 sur 5 étoiles, détails de l’évaluation",97,Broché,https://m.media-amazon.com/images/I/81qwOYmcdPL._AC_UY218_.jpg,2025-09-04T18:50:43.012173,Description non disponible depuis la recherche,Stock non disponible,ISBN non disponible,Éditeur non disponible,Date non disponible,Nombre de pages non disponible,Rang de vente non disponible,Religion,50.0,,
MINECRAFT - FABULEUSES CONSTRUCTIONS,https://www.amazon.fr/MINECRAFT-FABULEUSES-CONSTRUCTIONS-Collectif/dp/207516598X/ref=sr_1_797,"12,50 €","de Collectif, Ryan Marsh, et al. | 16 juin 2022","4,8 sur 5 étoiles, détails de l’évaluation",85,Poche,https://m.media-amazon.com/images/I/71QQH+E+GtL._AC_UY218_.jpg,2025-09-04T18:50:43.021164,Description non disponible depuis la recherche,Stock non disponible,ISBN non disponible,Éditeur non disponible,Date non disponible,Nombre de pages non disponible,Rang de vente non disponible,Religion,50.0,,
Mathématiques appliquées - Informatique - prépas ECG 2e année - Programme 2022,https://www.amazon.fr/Math%C3%A9matiques-appliqu%C3%A9es-informatique-Pr%C3%A9pas-ann%C3%A9e/dp/2340066670/ref=sr_1_798,"33,00 €","de M. Sylvain Rondy, Pierre Berlandi, et al. | 28 juin 2022","4,8 sur 5 étoiles, détails de l’évaluation",11,Broché,https://m.media-amazon.com/images/I/61j9iTDY0TL._AC_UY218_.jpg,2025-09-04T18:50:43.024604,Description non disponible depuis la recherche,Stock non disponible,ISBN non disponible,Éditeur non disponible,Date non disponible,Nombre de pages non disponible,Rang de vente non disponible,Religion,50.0,,
"Le grand livre multijeux pour adultes volume 2: Cahier d'activités avec 365 jeux: sudoku, mots mélés, mots croisés, jeux de logique, casse-têtes | cahier de vacances pour adultes | Format XXL",https://www.amazon.fr/grand-livre-multijeux-pour-adultes/dp/B0D9GJQ1PR/ref=sr_1_799,"13,19 €",Smart Mind Gym,"4,2 sur 5 étoiles, détails de l’évaluation",50,Broché,https://m.media-amazon.com/images/I/71TuX-UBY+L._AC_UY218_.jpg,2025-09-04T18:50:43.026827,Description non disponible depuis la recherche,Stock non disponible,ISBN non disponible,Éditeur non disponible,Date non disponible,Nombre de pages non disponible,Rang de vente non disponible,Religion,50.0,,
Agenda de bord 2025/2026 professeur des écoles: Carnet de bord A4 pour les enseignants,https://www.amazon.fr/Agenda-bord-2025-professeur-%C3%A9coles/dp/9403794240/ref=sr_1_800,"11,90 €",Gringolivier editions,"2,7 sur 5 étoiles, détails de l’évaluation",3,Broché,https://m.media-amazon.com/images/I/71cfQ8PbluL._AC_UY218_.jpg,2025-09-04T18:50:43.028836,Description non disponible depuis la recherche,Stock non disponible,ISBN non disponible,Éditeur non disponible,Date non disponible,Nombre de pages non disponible,Rang de vente non disponible,Religion,50.0,,
"Agenda Scolaire: Kawaii Hamster Mignon Cute | Journalier, un Jour par Page | 12x17 cm Format Standard | Ecole Primaire CP CE1 CE2 CM1 CM2, Collège ... Pages | Couverture Souple | Pour Fille, Ado",https://www.amazon.fr/Agenda-Scolaire-Journalier-Standard-Couverture/dp/B0D9YVKVX6/ref=sr_1_801,"11,99 €",de Roza Yoko | 21 juillet 2024,"4,3 sur 5 étoiles, détails de l’évaluation",8,Broché,https://m.media-amazon.com/images/I/71Bh297J+EL._AC_UY218_.jpg,2025-09-04T18:50:43.031693,Description non disponible depuis la recherche,Stock non disponible,ISBN non disponible,Éditeur non disponible,Date non disponible,Nombre de pages non disponible,Rang de vente non disponible,Religion,50.0,,
Les petits devoirs - Orthographe CE2,https://www.amazon.fr/petits-devoirs-Orthographe-CE2/dp/2369407905/ref=sr_1_802,"6,95 €",Marie Chardonnet,"4,7 sur 5 étoiles, détails de l’évaluation",87,Broché,https://m.media-amazon.com/images/I/717ZJSvFj6L._AC_UY218_.jpg,2025-09-04T18:50:43.034062,Description non disponible depuis la recherche,Stock non disponible,ISBN non disponible,Éditeur non disponible,Date non disponible,Nombre de pages non disponible,Rang de vente non disponible,Religion,50.0,,
Vademecum du Patrimoine 2025 - 30e édition,https://www.amazon.fr/Vademecum-Patrimoine-2025-30e-%C3%A9dition/dp/2896039430/ref=sr_1_803,"42,00 €",Véronique Couturier,"4,8 sur 5 étoiles, détails de l’évaluation",11,Broché,https://m.media-amazon.com/images/I/51+DJ4d0WOL._AC_UY218_.jpg,2025-09-04T18:50:43.036440,Description non disponible depuis la recherche,Stock non disponible,ISBN non disponible,Éditeur non disponible,Date non disponible,Nombre de pages non disponible,Rang de vente non disponible,Religion,50.0,,
Les petits devoirs - Conjugaison CE1,https://www.amazon.fr/petits-devoirs-Conjugaison-CE1/dp/2369407816/ref=sr_1_804,"6,95 €",Brigitte Guigui,"4,7 sur 5 étoiles, détails de l’évaluation",77,Broché,https://m.media-amazon.com/images/I/81fwXcWXhyL._AC_UY218_.jpg,2025-09-04T18:50:43.038683,Description non disponible depuis la recherche,Stock non disponible,ISBN non disponible,Éditeur non disponible,Date non disponible,Nombre de pages non disponible,Rang de vente non disponible,Religion,50.0,,
L'enracinement: Prélude à une déclaration des devoirs envers l'être humain,https://www.amazon.fr/Lenracinement-Pr%C3%A9lude-d%C3%A9claration-devoirs-envers/dp/2070325636/ref=sr_1_963,"9,50 €",de Simone Weil | 2 mars 1990,"4,6 sur 5 étoiles, détails de l’évaluation",263,Poche,https://m.media-amazon.com/images/I/81I8vqFsEPL._AC_UY218_.jpg,2025-09-04T18:50:38.681821,Description non disponible depuis la recherche,Stock non disponible,ISBN non disponible,Éditeur non disponible,Date non disponible,Nombre de pages non disponible,Rang de vente non disponible,Religion,61.0,,
Atlas historique du ciel,https://www.amazon.fr/Atlas-historique-ciel-Pierre-L%C3%A9na/dp/B0D6XYYJPY/ref=sr_1_964,"27,00 €","de Pierre Léna, Christian Grataloup, et al. | 3 octobre 2024","4,7 sur 5 étoiles, détails de l’évaluation",24,Relié,https://m.media-amazon.com/images/I/61EW2uJ1fWL._AC_UY218_.jpg,2025-09-04T18:50:38.684665,Description non disponible depuis la recherche,Stock non disponible,ISBN non disponible,Éditeur non disponible,Date non disponible,Nombre de pages non disponible,Rang de vente non disponible,Religion,61.0,,
En Contexte - Exercices de grammaire (B1),https://www.amazon.fr/En-Contexte-Exercices-grammaire-corrig%C3%A9s/dp/2014016348/ref=sr_1_965,"9,80 €","de Anne Akyüz, Bernadette Bazelle-Shahmaei, et al. | 27 février 2019","4,6 sur 5 étoiles, détails de l’évaluation",283,Broché,https://m.media-amazon.com/images/I/71mSY79ZVaL._AC_UY218_.jpg,2025-09-04T18:50:38.687476,Description non disponible depuis la recherche,Stock non disponible,ISBN non disponible,Éditeur non disponible,Date non disponible,Nombre de pages non disponible,Rang de vente non disponible,Religion,61.0,,
Storyfun for Starters Level 2 Student's Book with Online Activities and Home Fun Booklet 2,https://www.amazon.fr/Storyfun-Starters-Students-Activities-Booklet/dp/1316617025/ref=sr_1_966,"19,70 €",Karen Saxby,"4,6 sur 5 étoiles, détails de l’évaluation",136,Broché,https://m.media-amazon.com/images/I/71+TP0TkHQL._AC_UY218_.jpg,2025-09-04T18:50:38.689920,Description non disponible depuis la recherche,Stock non disponible,ISBN non disponible,Éditeur non disponible,Date non disponible,Nombre de pages non disponible,Rang de vente non disponible,Religion,61.0,,
Atlas des crises et des conflits,https://www.amazon.fr/Atlas-crises-conflits-Pascal-Boniface/dp/2200637918/ref=sr_1_967,"25,00 €",Pascal Boniface,"4,1 sur 5 étoiles, détails de l’évaluation",16,Relié,https://m.media-amazon.com/images/I/71aI-r+FelL._AC_UY218_.jpg,2025-09-04T18:50:38.692686,Description non disponible depuis la recherche,Stock non disponible,ISBN non disponible,Éditeur non disponible,Date non disponible,Nombre de pages non disponible,Rang de vente non disponible,Religion,61.0,,
"After we fell (After, Tome 3)",https://www.amazon.fr/After-we-fell-3/dp/2253194603/ref=sr_1_968,"9,90 €",Anna Todd,"4,6 sur 5 étoiles, détails de l’évaluation",5 247,Poche,https://m.media-amazon.com/images/I/71Omy+Nz+LL._AC_UY218_.jpg,2025-09-04T18:50:38.696059,Description non disponible depuis la recherche,Stock non disponible,ISBN non disponible,Éditeur non disponible,Date non disponible,Nombre de pages non disponible,Rang de vente non disponible,Religion,61.0,,
Dictionnaire Larousse poche plus Portugais,https://www.amazon.fr/Dictionnaire-Larousse-poche-plus-Portugais/dp/2035915937/ref=sr_1_969,"10,95 €",de Collectif | 10 juin 2015,"4,7 sur 5 étoiles, détails de l’évaluation",245,Broché,https://m.media-amazon.com/images/I/81dotPUfl7L._AC_UY218_.jpg,2025-09-04T18:50:38.698863,Description non disponible depuis la recherche,Stock non disponible,ISBN non disponible,Éditeur non disponible,Date non disponible,Nombre de pages non disponible,Rang de vente non disponible,Religion,61.0,,
Shine bright LLCE - cycle terminale - Manuel élève,https://www.amazon.fr/Shine-bright-LLCE-terminale-Manuel/dp/2091781584/ref=sr_1_970,"39,00 €","de Catherine Baudry, Clotilde Bellamy, et al. | 21 avril 2020","4,8 sur 5 étoiles, détails de l’évaluation",24,Relié,https://m.media-amazon.com/images/I/71oGddgW0HL._AC_UY218_.jpg,2025-09-04T18:50:38.702004,Description non disponible depuis la recherche,Stock non disponible,ISBN non disponible,Éditeur non disponible,Date non disponible,Nombre de pages non disponible,Rang de vente non disponible,Religion,61.0,,
CATEGO Maternelle - Ed.2018 - Guide pédagogique,https://www.amazon.fr/CATEGO-Maternelle-Ed-2018-Guide-p%C3%A9dagogique/dp/2401044744/ref=sr_1_973,"17,40 €",Sylvie Cèbe,"4,4 sur 5 étoiles, détails de l’évaluation",47,Broché,https://m.media-amazon.com/images/I/81beI4YbOeL._AC_UY218_.jpg,2025-09-04T18:50:38.709937,Description non disponible depuis la recherche,Stock non disponible,ISBN non disponible,Éditeur non disponible,Date non disponible,Nombre de pages non disponible,Rang de vente non disponible,Religion,61.0,,
"Pokémon – Agenda 2024-2025 – Couverture noire – Avec des activités, des informations sur les Pokémon et des scènes de cherche-et-trouve – Dès 7 ans",https://www.amazon.fr/Pok%C3%A9mon-Couverture-informations-cherche-trouve/dp/2821217838/ref=sr_1_974,"9,95 €",de The Pokémon Company | 6 juin 2024,"4,4 sur 5 étoiles, détails de l’évaluation",48,Relié,https://m.media-amazon.com/images/I/71sfLy6i6pL._AC_UY218_.jpg,2025-09-04T18:50:38.713014,Description non disponible depuis la recherche,Stock non disponible,ISBN non disponible,Éditeur non disponible,Date non disponible,Nombre de pages non disponible,Rang de vente non disponible,Religion,61.0,,
Complete Key for Schools Workbook without Answers with Audio Download,https://www.amazon.fr/Complete-Schools-Workbook-without-Download/dp/1108539408/ref=sr_1_975,"23,36 €",Coffret produits,"4,6 sur 5 étoiles, détails de l’évaluation",86,Coffret produits,https://m.media-amazon.com/images/I/81EoHi+GViL._AC_UY218_.jpg,2025-09-04T18:50:38.716391,Description non disponible depuis la recherche,Stock non disponible,ISBN non disponible,Éditeur non disponible,Date non disponible,Nombre de pages non disponible,Rang de vente non disponible,Religion,61.0,,
"Apprendre l'orthographe 6e, 5e - ORTH: Règles et exercices d'orthographe",https://www.amazon.fr/Orth-apprendre-lorthographe-6e-5e/dp/2218933446/ref=sr_1_976,"11,50 €",Jeanine Guion,"4,6 sur 5 étoiles, détails de l’évaluation",211,Broché,https://m.media-amazon.com/images/I/618acbU7IwL._AC_UY218_.jpg,2025-09-04T18:50:38.718638,Description non disponible depuis la recherche,Stock non disponible,ISBN non disponible,Éditeur non disponible,Date non disponible,Nombre de pages non disponible,Rang de vente non disponible,Religion,61.0,,
Air Fryer Express: 100 Recettes Rapides et Sans Effort (Recettes Air Fryer Facile t. 2),https://www.amazon.fr/Air-Fryer-Express-Recettes-Rapides-ebook/dp/B0DZ83NPS2/ref=sr_1_977,"4,99 €",IG Media,"4,5 sur 5 étoiles, détails de l’évaluation",52,Format Kindle,https://m.media-amazon.com/images/I/71M44EdxLrL._AC_UY218_.jpg,2025-09-04T18:50:38.721473,Description non disponible depuis la recherche,Stock non disponible,ISBN non disponible,Éditeur non disponible,Date non disponible,Nombre de pages non disponible,Rang de vente non disponible,Religion,61.0,,
The Gruffalo's Child,https://www.amazon.fr/Gruffalos-Child-Julia-Donaldson/dp/1509804765/ref=sr_1_978,"9,75 €",Julia Donaldson,"4,9 sur 5 étoiles, détails de l’évaluation",11 929,Broché,https://m.media-amazon.com/images/I/A1GiQF6Hb3L._AC_UY218_.jpg,2025-09-04T18:50:38.725026,Description non disponible depuis la recherche,Stock non disponible,ISBN non disponible,Éditeur non disponible,Date non disponible,Nombre de pages non disponible,Rang de vente non disponible,Religion,61.0,,
L'Afrique de Zigomar,https://www.amazon.fr/LAfrique-Zigomar-Philippe-Corentin/dp/2211012469/ref=sr_1_979,"6,00 €",Philippe Corentin,"4,7 sur 5 étoiles, détails de l’évaluation",341,Poche,https://m.media-amazon.com/images/I/51bZhbDhr+L._AC_UY218_.jpg,2025-09-04T18:50:38.728558,Description non disponible depuis la recherche,Stock non disponible,ISBN non disponible,Éditeur non disponible,Date non disponible,Nombre de pages non disponible,Rang de vente non disponible,Religion,61.0,,
Français 4éme cycle 4 livre de l'élève - Format compact - Nouveau programme 2016,https://www.amazon.fr/Fran%C3%A7ais-4%C3%A9me-cycle-livre-l%C3%A9l%C3%A8ve/dp/2701198461/ref=sr_1_980,"33,40 €",Florence Randanne,"4,6 sur 5 étoiles, détails de l’évaluation",23,Broché,https://m.media-amazon.com/images/I/81RI1OIFIoL._AC_UY218_.jpg,2025-09-04T18:50:38.730800,Description non disponible depuis la recherche,Stock non disponible,ISBN non disponible,Éditeur non disponible,Date non disponible,Nombre de pages non disponible,Rang de vente non disponible,Religion,61.0,,
Devenir EXPERT en analyse technique des graphiques de bourse,https://www.amazon.fr/Devenir-EXPERT-analyse-technique-graphiques/dp/B09T878YR6/ref=sr_1_979,"24,90 €",Vincent Launay,"4,4 sur 5 étoiles, détails de l’évaluation",178,Broché,https://m.media-amazon.com/images/I/61Y26cqof3L._AC_UY218_.jpg,2025-09-04T18:50:47.850350,Description non disponible depuis la recherche,Stock non disponible,ISBN non disponible,Éditeur non disponible,Date non disponible,Nombre de pages non disponible,Rang de vente non disponible,Religion,62.0,,
Les Petits Devoirs - Français CE1,https://www.amazon.fr/Petits-Devoirs-Fran%C3%A7ais-CE1/dp/2369409169/ref=sr_1_980,"10,95 €",Brigitte Guigui,"4,5 sur 5 étoiles, détails de l’évaluation",71,Broché,https://m.media-amazon.com/images/I/71AYulJ0FfL._AC_UY218_.jpg,2025-09-04T18:50:47.852406,Description non disponible depuis la recherche,Stock non disponible,ISBN non disponible,Éditeur non disponible,Date non disponible,Nombre de pages non disponible,Rang de vente non disponible,Religion,62.0,,
Osez réussir !: Changez d'état d'esprit,https://www.amazon.fr/Osez-r%C3%A9ussir-Changez-d%C3%A9tat-desprit/dp/2804704300/ref=sr_1_981,"19,99 €",Carol S. S. Dweck,"4,3 sur 5 étoiles, détails de l’évaluation",224,Broché,https://m.media-amazon.com/images/I/61BdW+5dFoL._AC_UY218_.jpg,2025-09-04T18:50:47.855026,Description non disponible depuis la recherche,Stock non disponible,ISBN non disponible,Éditeur non disponible,Date non disponible,Nombre de pages non disponible,Rang de vente non disponible,Religion,62.0,,
After: Saison 1,https://www.amazon.fr/After-Saison-1/dp/B01CUUR550/ref=sr_1_982,"0,00 €",Livres audio Audible,"4,5 sur 5 étoiles, détails de l’évaluation",5 983,Livres audio Audible,https://m.media-amazon.com/images/I/7111MUZ+AGL._AC_UY218_.jpg,2025-09-04T18:50:47.858291,Description non disponible depuis la recherche,Stock non disponible,ISBN non disponible,Éditeur non disponible,Date non disponible,Nombre de pages non disponible,Rang de vente non disponible,Religion,62.0,,
Chimie PC/PC*,https://www.amazon.fr/Chimie-PC-Christophe-Aronica/dp/2340066735/ref=sr_1_983,"44,00 €","de Christophe Aronica, Stéphanie Calmettes, et al. | 24 mai 2022","4,8 sur 5 étoiles, détails de l’évaluation",8,Broché,https://m.media-amazon.com/images/I/61cTJ3Q4-VL._AC_UY218_.jpg,2025-09-04T18:50:47.861723,Description non disponible depuis la recherche,Stock non disponible,ISBN non disponible,Éditeur non disponible,Date non disponible,Nombre de pages non disponible,Rang de vente non disponible,Religion,62.0,,
TOEIC ® : les tests officiels corrigés Nouvelle édition,https://www.amazon.fr/TOEIC-officiels-corrig%C3%A9s-Nouvelle-%C3%A9dition/dp/2017183814/ref=sr_1_984,"39,90 €","de ETS, Sandra Delrue Von Barany, et al. | 22 juin 2022","4,1 sur 5 étoiles, détails de l’évaluation",43,Broché,https://m.media-amazon.com/images/I/71ZSXgBJF-L._AC_UY218_.jpg,2025-09-04T18:50:47.864501,Description non disponible depuis la recherche,Stock non disponible,ISBN non disponible,Éditeur non disponible,Date non disponible,Nombre de pages non disponible,Rang de vente non disponible,Religion,62.0,,
Les mots croisés Télérama N°1: Broché,https://www.amazon.fr/mots-crois%C3%A9s-T%C3%A9l%C3%A9rama-Marc-Aussitot/dp/2321007346/ref=sr_1_985,"12,50 €",Marc Aussitot,"4,5 sur 5 étoiles, détails de l’évaluation",106,Broché,https://m.media-amazon.com/images/I/51SpswRB2VL._AC_UY218_.jpg,2025-09-04T18:50:47.866567,Description non disponible depuis la recherche,Stock non disponible,ISBN non disponible,Éditeur non disponible,Date non disponible,Nombre de pages non disponible,Rang de vente non disponible,Religion,62.0,,
Lexique des termes juridiques 2024-2025. 32e éd.,https://www.amazon.fr/Lexique-termes-juridiques-2024-2025-32e/dp/2247231055/ref=sr_1_986,"19,90 €",de Serge Guinchard et Thierry Debard | 14 août 2024,"4,7 sur 5 étoiles, détails de l’évaluation",35,Broché,https://m.media-amazon.com/images/I/51N71s5vwsL._AC_UY218_.jpg,2025-09-04T18:50:47.870011,Description non disponible depuis la recherche,Stock non disponible,ISBN non disponible,Éditeur non disponible,Date non disponible,Nombre de pages non disponible,Rang de vente non disponible,Religion,62.0,,
"Minecraft, l'encyclopédie des mobs: Le guide ultime sur les créatures de Minecraft",https://www.amazon.fr/Minecraft-lencyclop%C3%A9die-mobs-Collectif/dp/2075194955/ref=sr_1_989,"19,95 €",de Collectif et Alexandre Fil | 6 juin 2024,"4,9 sur 5 étoiles, détails de l’évaluation",15,Relié,https://m.media-amazon.com/images/I/81ZDwBVI-eL._AC_UY218_.jpg,2025-09-04T18:50:47.878808,Description non disponible depuis la recherche,Stock non disponible,ISBN non disponible,Éditeur non disponible,Date non disponible,Nombre de pages non disponible,Rang de vente non disponible,Religion,62.0,,
Marugoto: Japanese Languages and Culture - Starter A1 - Coursebook for Communicative Language Compet,https://www.amazon.fr/Marugoto-Japanese-Language-non/dp/3875487087/ref=sr_1_990,"24,90 €",Édition en Japonais | de Japan Foundation | 1 octobre 2014,"4,7 sur 5 étoiles, détails de l’évaluation",761,Broché,https://m.media-amazon.com/images/I/81B8m80XBBL._AC_UY218_.jpg,2025-09-04T18:50:47.881519,Description non disponible depuis la recherche,Stock non disponible,ISBN non disponible,Éditeur non disponible,Date non disponible,Nombre de pages non disponible,Rang de vente non disponible,Religion,62.0,,
Mon Atlas sonore cherche et trouve 200 sons,https://www.amazon.fr/Atlas-sonore-cherche-trouve-sons/dp/2359908626/ref=sr_1_991,"19,95 €",de Collectif | 4 novembre 2022,"4,3 sur 5 étoiles, détails de l’évaluation",73,Broché,https://m.media-amazon.com/images/I/91cHTV9dakL._AC_UY218_.jpg,2025-09-04T18:50:47.884121,Description non disponible depuis la recherche,Stock non disponible,ISBN non disponible,Éditeur non disponible,Date non disponible,Nombre de pages non disponible,Rang de vente non disponible,Religion,62.0,,
Le Royaume,https://www.amazon.fr/Royaume-Emmanuel-Carr%C3%A8re/dp/207079346X/ref=sr_1_992,"10,00 €",Emmanuel Carrère,"4,0 sur 5 étoiles, détails de l’évaluation",1 102,Poche,https://m.media-amazon.com/images/I/91SgpiJAlSL._AC_UY218_.jpg,2025-09-04T18:50:47.887379,Description non disponible depuis la recherche,Stock non disponible,ISBN non disponible,Éditeur non disponible,Date non disponible,Nombre de pages non disponible,Rang de vente non disponible,Religion,62.0,,
DELF tout public - Nouveau format d'épreuves (B2),https://www.amazon.fr/DELF-public-nouveau-format-d%C3%A9preuves/dp/2016286644/ref=sr_1_993,"17,80 €","de Nelly Mous, Bruno Mègre, et al. | 18 juillet 2022","4,5 sur 5 étoiles, détails de l’évaluation",49,Relié,https://m.media-amazon.com/images/I/615gvxetBuL._AC_UY218_.jpg,2025-09-04T18:50:47.890243,Description non disponible depuis la recherche,Stock non disponible,ISBN non disponible,Éditeur non disponible,Date non disponible,Nombre de pages non disponible,Rang de vente non disponible,Religion,62.0,,
ARABE - Apprendre l'alphabet et écrire les premiers mots: Cahier d'exercices Arabe pour l'apprentissage de la langue et apprendre à écrire | Pour enfants et adultes débutants,https://www.amazon.fr/ARABE-Apprendre-lalphabet-dexercices-lapprentissage/dp/B09NRD26CD/ref=sr_1_994,"10,54 €",OMAR Jabrane,"4,6 sur 5 étoiles, détails de l’évaluation",121,Broché,https://m.media-amazon.com/images/I/6179GSRbTDL._AC_UY218_.jpg,2025-09-04T18:50:47.892405,Description non disponible depuis la recherche,Stock non disponible,ISBN non disponible,Éditeur non disponible,Date non disponible,Nombre de pages non disponible,Rang de vente non disponible,Religion,62.0,,
Willkommen in Deutschland,https://www.amazon.fr/Willkommen-Deutschland-Tina-Kresse/dp/3619141614/ref=sr_1_995,"14,90 €",Tina Kresse,"4,6 sur 5 étoiles, détails de l’évaluation",126,Brochure,https://m.media-amazon.com/images/I/71xtO0eQ6TL._AC_UY218_.jpg,2025-09-04T18:50:47.894566,Description non disponible depuis la recherche,Stock non disponible,ISBN non disponible,Éditeur non disponible,Date non disponible,Nombre de pages non disponible,Rang de vente non disponible,Religion,62.0,,
Carte Nationale France Nord-Ouest 2025,https://www.amazon.fr/Carte-Nationale-France-Nord-Ouest-2025/dp/2067265245/ref=sr_1_996,"6,50 €",Michelin,"4,5 sur 5 étoiles, détails de l’évaluation",5,Carte,https://m.media-amazon.com/images/I/71ziLIwduCL._AC_UY218_.jpg,2025-09-04T18:50:47.896509,Description non disponible depuis la recherche,Stock non disponible,ISBN non disponible,Éditeur non disponible,Date non disponible,Nombre de pages non disponible,Rang de vente non disponible,Religion,62.0,,
Agenda de bord 2025/2026 professeur de Latin: Carnet de bord A4 pour les enseignants,https://www.amazon.fr/Agenda-bord-2025-professeur-Latin/dp/9403794380/ref=sr_1_995,"11,90 €",Gringolivier editions,Note non disponible,0 avis,Broché,https://m.media-amazon.com/images/I/61FlpJfHTGL._AC_UY218_.jpg,2025-09-04T18:50:59.887585,Description non disponible depuis la recherche,Stock non disponible,ISBN non disponible,Éditeur non disponible,Date non disponible,Nombre de pages non disponible,Rang de vente non disponible,Religion,63.0,,
"Cahier De Calligraphie Pour Débutants: Pages Pour Entrainement Avec Guides, Traçage de Lettres, Mots et Phrases De Motivation",https://www.amazon.fr/Cahier-Calligraphie-Pour-D%C3%A9butants-Entrainement/dp/B0CWY211YW/ref=sr_1_996,"10,99 €",Bekalearn Publishing,"4,4 sur 5 étoiles, détails de l’évaluation",38,Broché,https://m.media-amazon.com/images/I/61-9VNDEDiL._AC_UY218_.jpg,2025-09-04T18:50:59.889351,Description non disponible depuis la recherche,Stock non disponible,ISBN non disponible,Éditeur non disponible,Date non disponible,Nombre de pages non disponible,Rang de vente non disponible,Religion,63.0,,
25 exercices Excel avec corrigés détaillés par étapes - Tome 1 – Niveau débutants & Intermédiaires: Avec 50 classeurs téléchargeables,https://www.amazon.fr/exercices-Excel-corrig%C3%A9s-d%C3%A9taill%C3%A9s-%C3%A9tapes/dp/B0BSHYTQJR/ref=sr_1_997,"11,99 €",Philippe RIQUELME,"4,5 sur 5 étoiles, détails de l’évaluation",106,Broché,https://m.media-amazon.com/images/I/61MjaAstx2L._AC_UY218_.jpg,2025-09-04T18:50:59.891174,Description non disponible depuis la recherche,Stock non disponible,ISBN non disponible,Éditeur non disponible,Date non disponible,Nombre de pages non disponible,Rang de vente non disponible,Religion,63.0,,
Dictionnaire anglais unilingue - Harrap's Chambers English Dictionary - Autorisé au bac: Dictionnaire autorisé au BAC,https://www.amazon.fr/Dictionnaire-anglais-unilingue-Chambers-Dictionary/dp/2818709474/ref=sr_1_998,"9,95 €",de COLLECTIF | 23 août 2023,"4,7 sur 5 étoiles, détails de l’évaluation",33,Broché,https://m.media-amazon.com/images/I/71PH9Ihu7LL._AC_UY218_.jpg,2025-09-04T18:50:59.893689,Description non disponible depuis la recherche,Stock non disponible,ISBN non disponible,Éditeur non disponible,Date non disponible,Nombre de pages non disponible,Rang de vente non disponible,Religion,63.0,,
Imagerie médicale: Radiologie et médecine nucléaire. Réussir son DFASM - Connaissances clés,https://www.amazon.fr/Imagerie-m%C3%A9dicale-Radiologie-nucl%C3%A9aire-Connaissances/dp/2294777786/ref=sr_1_999,"38,00 €",de Collège des enseignants de radiologie de France et Collège National des Enseignants de Biophysique et de Médecine Nucléaire | 7 décembre 2022,"4,2 sur 5 étoiles, détails de l’évaluation",10,Broché,https://m.media-amazon.com/images/I/41+tiRGTuoL._AC_UY218_.jpg,2025-09-04T18:50:59.896979,Description non disponible depuis la recherche,Stock non disponible,ISBN non disponible,Éditeur non disponible,Date non disponible,Nombre de pages non disponible,Rang de vente non disponible,Religion,63.0,,
ORTH CM2 - Réussir en orthographe,https://www.amazon.fr/ORTH-CM2-R%C3%A9ussir-en-orthographe/dp/2401092285/ref=sr_1_1000,"8,90 €",de Jean Guion et Jeanine Guion | 28 septembre 2022,"4,7 sur 5 étoiles, détails de l’évaluation",78,Broché,https://m.media-amazon.com/images/I/71Ha5jQiCEL._AC_UY218_.jpg,2025-09-04T18:50:59.900408,Description non disponible depuis la recherche,Stock non disponible,ISBN non disponible,Éditeur non disponible,Date non disponible,Nombre de pages non disponible,Rang de vente non disponible,Religion,63.0,,
La Méthode Schopenhauer,https://www.amazon.fr/M%C3%A9thode-Schopenhauer-Irvin-Yalom/dp/225316867X/ref=sr_1_1001,"9,70 €",Irvin Yalom,"4,5 sur 5 étoiles, détails de l’évaluation",461,Poche,https://m.media-amazon.com/images/I/91OedB9YNpL._AC_UY218_.jpg,2025-09-04T18:50:59.902939,Description non disponible depuis la recherche,Stock non disponible,ISBN non disponible,Éditeur non disponible,Date non disponible,Nombre de pages non disponible,Rang de vente non disponible,Religion,63.0,,
Mémento Géographie BCPST / TB / CPGE littéraires / CAPES / Agrégation - Conforme au nouveau programme: Résumés des notions – Commentaires de cartes topographiques – Sujets types – Études de documents,https://www.amazon.fr/M%C3%A9mento-G%C3%A9ographie-BCPST-litt%C3%A9raires-Agr%C3%A9gation/dp/2311218808/ref=sr_1_1002,"24,90 €","de Catherine Dubrana, Marion Mare, et al. | 12 juin 2024","2,5 sur 5 étoiles, détails de l’évaluation",3,Broché,https://m.media-amazon.com/images/I/71OLQnLuK1L._AC_UY218_.jpg,2025-09-04T18:50:59.906221,Description non disponible depuis la recherche,Stock non disponible,ISBN non disponible,Éditeur non disponible,Date non disponible,Nombre de pages non disponible,Rang de vente non disponible,Religion,63.0,,
"The Charisma Myth: How to Engage, Influence and Motivate People",https://www.amazon.fr/Charisma-Myth-Master-Personal-Magnetism/dp/0670922870/ref=sr_1_1005,"13,30 €",Olivia Fox Cabane,"4,5 sur 5 étoiles, détails de l’évaluation",2 714,Broché,https://m.media-amazon.com/images/I/813CNu1YsdL._AC_UY218_.jpg,2025-09-04T18:50:59.915021,Description non disponible depuis la recherche,Stock non disponible,ISBN non disponible,Éditeur non disponible,Date non disponible,Nombre de pages non disponible,Rang de vente non disponible,Religion,63.0,,
Kid's Box New Generation Level 4 Pupil's Book with eBook British English,https://www.amazon.fr/Generation-Level-Pupils-British-English/dp/110879548X/ref=sr_1_1006_mod_primary_new,"25,21 €",Coffret produits,"4,8 sur 5 étoiles, détails de l’évaluation",47,Coffret produits,https://m.media-amazon.com/images/I/61ITzfl0w5L._AC_UY218_.jpg,2025-09-04T18:50:59.918130,Description non disponible depuis la recherche,Stock non disponible,ISBN non disponible,Éditeur non disponible,Date non disponible,Nombre de pages non disponible,Rang de vente non disponible,Religion,63.0,,
Ecrire son premier roman: Pour tous les genres littéraires,https://www.amazon.fr/Ecrire-son-premier-roman-litt%C3%A9raires/dp/B0FN3RM7YN/ref=sr_1_1008,"18,00 €",Christelle Lebailly,Note non disponible,0 avis,Broché,https://m.media-amazon.com/images/I/71u0jkX4bFL._AC_UY218_.jpg,2025-09-04T18:50:59.922508,Description non disponible depuis la recherche,Stock non disponible,ISBN non disponible,Éditeur non disponible,Date non disponible,Nombre de pages non disponible,Rang de vente non disponible,Religion,63.0,,
Essential Grammar in Use without Answers: A Reference and Practice Book for Elementary Learners of English,https://www.amazon.fr/Essential-Grammar-Use-without-Answers/dp/1107480566/ref=sr_1_1009,"35,42 €",Raymond Murphy,"4,7 sur 5 étoiles, détails de l’évaluation",217,Broché,https://m.media-amazon.com/images/I/61HqGvECyEL._AC_UY218_.jpg,2025-09-04T18:50:59.924693,Description non disponible depuis la recherche,Stock non disponible,ISBN non disponible,Éditeur non disponible,Date non disponible,Nombre de pages non disponible,Rang de vente non disponible,Religion,63.0,,
Grand dictionnaire Français Espagnol,https://www.amazon.fr/Grand-dictionnaire-Fran%C3%A7ais-Espagnol-Collectif/dp/2035935148/ref=sr_1_1010,"45,00 €",Édition en Espagnol | de Collectif | 6 juin 2018,"4,6 sur 5 étoiles, détails de l’évaluation",116,Relié,https://m.media-amazon.com/images/I/81bTV7L7NuL._AC_UY218_.jpg,2025-09-04T18:50:59.927470,Description non disponible depuis la recherche,Stock non disponible,ISBN non disponible,Éditeur non disponible,Date non disponible,Nombre de pages non disponible,Rang de vente non disponible,Religion,63.0,,
Le collier rouge,https://www.amazon.fr/collier-rouge-Jean-Christophe-Rufin/dp/2070462978/ref=sr_1_1011,"8,00 €",Jean-Christophe Rufin,"4,3 sur 5 étoiles, détails de l’évaluation",2 508,Poche,https://m.media-amazon.com/images/I/81ubZymMYIL._AC_UY218_.jpg,2025-09-04T18:50:59.930415,Description non disponible depuis la recherche,Stock non disponible,ISBN non disponible,Éditeur non disponible,Date non disponible,Nombre de pages non disponible,Rang de vente non disponible,Religion,63.0,,
"Apprendre Le Coréen Pour Les Débutants: Un livre d'étude étape par étape facile et un guide pratique d'écriture pour apprendre à lire, écrire et ... (pages de carte d'étude à l'intérieur !)",https://www.amazon.fr/Apprendre-Cor%C3%A9en-Pour-D%C3%A9butants-lint%C3%A9rieur/dp/1838495584/ref=sr_1_1012,"20,36 €",Jennie Lee,"4,7 sur 5 étoiles, détails de l’évaluation",120,Broché,https://m.media-amazon.com/images/I/614H0ZgXybL._AC_UY218_.jpg,2025-09-04T18:50:59.933011,Description non disponible depuis la recherche,Stock non disponible,ISBN non disponible,Éditeur non disponible,Date non disponible,Nombre de pages non disponible,Rang de vente non disponible,Religion,63.0,,
Quiz Culture Générale - 10 Thèmes - 300 réponses détaillées pour enrichir vos connaissances: Pour apprendre en s'amusant et jouer en famille ou entre amis,https://www.amazon.fr/Quiz-Culture-G%C3%A9n%C3%A9rale-d%C3%A9taill%C3%A9es-connaissances/dp/B0CR81S5RJ/ref=sr_1_1012,"12,90 €",MistyGrim Editions,"4,3 sur 5 étoiles, détails de l’évaluation",14,Broché,https://m.media-amazon.com/images/I/71AJaFka2uL._AC_UY218_.jpg,2025-09-04T18:51:07.804332,Description non disponible depuis la recherche,Stock non disponible,ISBN non disponible,Éditeur non disponible,Date non disponible,Nombre de pages non disponible,Rang de vente non disponible,Religion,64.0,,
"Tout vient du foie: Surpoids, boutons, mal au ventre... Le régime pour (re)booster votre santé en activant les pouvoirs cachés de votre foie",https://www.amazon.fr/Tout-vient-foie-Surpoids-activant/dp/B0CJ2C6XF8/ref=sr_1_1013,"19,90 €",de Dr Pierre Nys | 10 janvier 2024,"4,3 sur 5 étoiles, détails de l’évaluation",25,Broché,https://m.media-amazon.com/images/I/71tEjQl2myL._AC_UY218_.jpg,2025-09-04T18:51:07.807802,Description non disponible depuis la recherche,Stock non disponible,ISBN non disponible,Éditeur non disponible,Date non disponible,Nombre de pages non disponible,Rang de vente non disponible,Religion,64.0,,
Agenda de bord 2025/2026 - assistante d’éducation: Carnet de bord et carnet de notes A4 pour AED,https://www.amazon.fr/Agenda-bord-2025-2026-assistante/dp/9403794151/ref=sr_1_1014,"11,90 €",Gringolivier editions,"5,0 sur 5 étoiles, détails de l’évaluation",1,Broché,https://m.media-amazon.com/images/I/71m-lO4nAtL._AC_UY218_.jpg,2025-09-04T18:51:07.809755,Description non disponible depuis la recherche,Stock non disponible,ISBN non disponible,Éditeur non disponible,Date non disponible,Nombre de pages non disponible,Rang de vente non disponible,Religion,64.0,,
Oser dire,https://www.amazon.fr/Oser-dire-Colline-Faure-Poir%C3%A9e/dp/2075202737/ref=sr_1_1015,"6,90 €","de Colline Faure-Poirée, Catherine Dolto, et al. | 28 mars 2024","4,8 sur 5 étoiles, détails de l’évaluation",9,Broché,https://m.media-amazon.com/images/I/817NUe4AcuL._AC_UY218_.jpg,2025-09-04T18:51:07.812457,Description non disponible depuis la recherche,Stock non disponible,ISBN non disponible,Éditeur non disponible,Date non disponible,Nombre de pages non disponible,Rang de vente non disponible,Religion,64.0,,
Annales corrigées des EVC – Médecine Cardiovasculaire (2009–2021): Préparation optimale à l’Épreuve de Vérification des Connaissances (EVC) – Fondamental,https://www.amazon.fr/Annales-corrig%C3%A9es-EVC-Cardiovasculaire-Connaissances/dp/B0FLWDLYHQ/ref=sr_1_1016,"81,24 €",de mede de garde medecin de gar | 8 août 2025,Note non disponible,0 avis,Broché,https://m.media-amazon.com/images/I/71MDaVUCnFL._AC_UY218_.jpg,2025-09-04T18:51:07.815129,Description non disponible depuis la recherche,Stock non disponible,ISBN non disponible,Éditeur non disponible,Date non disponible,Nombre de pages non disponible,Rang de vente non disponible,Religion,64.0,,
L'écume des lettres 2nde - Livre élève - éd. 2019,https://www.amazon.fr/L%C3%A9cume-lettres-2nde-Livre-%C3%A9l%C3%A8ve/dp/2013954204/ref=sr_1_1017,"38,90 €",de Julien Harang et Miguel Degoulet | 9 mai 2019,"4,8 sur 5 étoiles, détails de l’évaluation",27,Broché,https://m.media-amazon.com/images/I/81iF34pFuvL._AC_UY218_.jpg,2025-09-04T18:51:07.817774,Description non disponible depuis la recherche,Stock non disponible,ISBN non disponible,Éditeur non disponible,Date non disponible,Nombre de pages non disponible,Rang de vente non disponible,Religion,64.0,,
Dieci: Libro + ebook interattivo A1,https://www.amazon.fr/Dieci-Libro-ebook-interattivo-A1/dp/8861826768/ref=sr_1_1018,"30,90 €",Édition en Italien | de Ciro Massimo Naddeo et Euridice Orlandino | 15 septembre 2020,"4,5 sur 5 étoiles, détails de l’évaluation",95,Broché,https://m.media-amazon.com/images/I/810Wc44Bb9L._AC_UY218_.jpg,2025-09-04T18:51:07.820563,Description non disponible depuis la recherche,Stock non disponible,ISBN non disponible,Éditeur non disponible,Date non disponible,Nombre de pages non disponible,Rang de vente non disponible,Religion,64.0,,
Ielts 20 Practice Test Academic Student's Book with Answers with Digital Pack,https://www.amazon.fr/Practice-Academic-Students-Answers-Digital/dp/1009814907/ref=sr_1_1021,"43,04 €",Cambridge University Press,Note non disponible,0 avis,Coffret produits,https://m.media-amazon.com/images/I/41Kg8gxX8FL._AC_UY218_.jpg,2025-09-04T18:51:07.829287,Description non disponible depuis la recherche,Stock non disponible,ISBN non disponible,Éditeur non disponible,Date non disponible,Nombre de pages non disponible,Rang de vente non disponible,Religion,64.0,,
Le DALF C1/C2 100% réussite - édition 2016-2017 - Livre + didierfle.app,https://www.amazon.fr/DALF-C1-100-r%C3%A9ussite-didierfle-app/dp/227811204X/ref=sr_1_1022,"24,80 €","de Lucile Chapiro, Dorothée Dupleix, et al. | 14 septembre 2023","4,5 sur 5 étoiles, détails de l’évaluation",65,Broché,https://m.media-amazon.com/images/I/61YnEyASUpL._AC_UY218_.jpg,2025-09-04T18:51:07.831994,Description non disponible depuis la recherche,Stock non disponible,ISBN non disponible,Éditeur non disponible,Date non disponible,Nombre de pages non disponible,Rang de vente non disponible,Religion,64.0,,
Monsieur Madame - Boîte collector blanche édition 2022,https://www.amazon.fr/Monsieur-Madame-collector-blanche-%C3%A9dition/dp/2017231916/ref=sr_1_1023,"24,90 €","de Roger Hargreaves, Adam Hargreaves, et al. | 10 juillet 2023","4,8 sur 5 étoiles, détails de l’évaluation",64,Relié,https://m.media-amazon.com/images/I/611tRbO0SAL._AC_UY218_.jpg,2025-09-04T18:51:07.834607,Description non disponible depuis la recherche,Stock non disponible,ISBN non disponible,Éditeur non disponible,Date non disponible,Nombre de pages non disponible,Rang de vente non disponible,Religion,64.0,,
Mon atlas d'anatomie - Etudiants en IFSI: 2 livres dans une pochette : un atlas annoté et un cahier avec 150 illustrations en couleur à légender,https://www.amazon.fr/Mon-atlas-danatomie-Etudiants-illustrations/dp/2311663798/ref=sr_1_1024,"41,90 €",de Eric Vernes et Collectif | 12 septembre 2023,"4,5 sur 5 étoiles, détails de l’évaluation",13,Broché,https://m.media-amazon.com/images/I/71e4pMSTTYL._AC_UY218_.jpg,2025-09-04T18:51:07.837398,Description non disponible depuis la recherche,Stock non disponible,ISBN non disponible,Éditeur non disponible,Date non disponible,Nombre de pages non disponible,Rang de vente non disponible,Religion,64.0,,
GR70 - Chemin de stevenson,https://www.amazon.fr/GR70-Chemin-stevenson-Collectif/dp/2758552531/ref=sr_1_1025,"9,30 €",Carte,"4,6 sur 5 étoiles, détails de l’évaluation",177,Carte,https://m.media-amazon.com/images/I/81IWrF1D61L._AC_UY218_.jpg,2025-09-04T18:51:07.839616,Description non disponible depuis la recherche,Stock non disponible,ISBN non disponible,Éditeur non disponible,Date non disponible,Nombre de pages non disponible,Rang de vente non disponible,Religion,64.0,,
De débutant à investisseur: Construisez votre avenir financier,https://www.amazon.fr/d%C3%A9butant-investisseur-Construisez-avenir-financier/dp/B0F39WCS3D/ref=sr_1_1026,"12,99 €",Ludovic Kauffmann,"4,8 sur 5 étoiles, détails de l’évaluation",23,Broché,https://m.media-amazon.com/images/I/615-Tmi2sFL._AC_UY218_.jpg,2025-09-04T18:51:07.841675,Description non disponible depuis la recherche,Stock non disponible,ISBN non disponible,Éditeur non disponible,Date non disponible,Nombre de pages non disponible,Rang de vente non disponible,Religion,64.0,,
200% TCF,https://www.amazon.fr/200-TCF-Prepmyfuture/dp/2340061210/ref=sr_1_1027,"29,50 €",de Prepmyfuture | 12 octobre 2021,"4,3 sur 5 étoiles, détails de l’évaluation",44,Broché,https://m.media-amazon.com/images/I/61RGELXSveL._AC_UY218_.jpg,2025-09-04T18:51:07.844045,Description non disponible depuis la recherche,Stock non disponible,ISBN non disponible,Éditeur non disponible,Date non disponible,Nombre de pages non disponible,Rang de vente non disponible,Religion,64.0,,
Je parle russe !,https://www.amazon.fr/Je-parle-russe-Maria-Zeltchenko/dp/272981440X/ref=sr_1_1028,"7,00 €",Maria Zeltchenko,"4,6 sur 5 étoiles, détails de l’évaluation",589,Broché,https://m.media-amazon.com/images/I/71vLhwRdY+L._AC_UY218_.jpg,2025-09-04T18:51:07.846132,Description non disponible depuis la recherche,Stock non disponible,ISBN non disponible,Éditeur non disponible,Date non disponible,Nombre de pages non disponible,Rang de vente non disponible,Religion,64.0,,
L'anglais (pack téléchargement),https://www.amazon.fr/Langlais-pack-t%C3%A9l%C3%A9chargement-Anthony-Bulger/dp/2700571878/ref=sr_1_1027,"49,90 €",Anthony Bulger,"4,1 sur 5 étoiles, détails de l’évaluation",5,Relié,https://m.media-amazon.com/images/I/71je19jhYaL._AC_UY218_.jpg,2025-09-04T18:51:16.516389,Description non disponible depuis la recherche,Stock non disponible,ISBN non disponible,Éditeur non disponible,Date non disponible,Nombre de pages non disponible,Rang de vente non disponible,Religion,65.0,,
Mon cahier d'exercices pour devenir un as en espagnol: 100 exercices joyeux et colorés pour s'entraîner à manier la langue espagnole,https://www.amazon.fr/cahier-dexercices-pour-devenir-espagnol/dp/2416006754/ref=sr_1_1028,"7,50 €",Stéphanie Eleaume Lachaud,"4,7 sur 5 étoiles, détails de l’évaluation",38,Broché,https://m.media-amazon.com/images/I/71lk6SbH7LL._AC_UY218_.jpg,2025-09-04T18:51:16.518461,Description non disponible depuis la recherche,Stock non disponible,ISBN non disponible,Éditeur non disponible,Date non disponible,Nombre de pages non disponible,Rang de vente non disponible,Religion,65.0,,
Chimie MP/MP* PSI/PSI* PT/PT*,https://www.amazon.fr/Chimie-MP-PSI-PT/dp/2340066743/ref=sr_1_1029,"34,00 €","de Christophe Aronica, Stéphanie Calmettes, et al. | 24 mai 2022","5,0 sur 5 étoiles, détails de l’évaluation",6,Broché,https://m.media-amazon.com/images/I/610KRjDkpEL._AC_UY218_.jpg,2025-09-04T18:51:16.521903,Description non disponible depuis la recherche,Stock non disponible,ISBN non disponible,Éditeur non disponible,Date non disponible,Nombre de pages non disponible,Rang de vente non disponible,Religion,65.0,,
Dictionnaire des Maternelles,https://www.amazon.fr/Dictionnaire-Maternelles-Annie-Claude-Martin/dp/2035907756/ref=sr_1_1030,"15,95 €",de Collectif | 19 juin 2020,"4,6 sur 5 étoiles, détails de l’évaluation",78,Relié,https://m.media-amazon.com/images/I/817Lp+JCxJL._AC_UY218_.jpg,2025-09-04T18:51:16.524529,Description non disponible depuis la recherche,Stock non disponible,ISBN non disponible,Éditeur non disponible,Date non disponible,Nombre de pages non disponible,Rang de vente non disponible,Religion,65.0,,
Agenda de Bord 2025-2026 Prof d'Espagnol: Planificateur de Cours pour Enseignants de Lycée-Collèges.,https://www.amazon.fr/Agenda-Bord-2025-2026-Prof-dEspagnol/dp/B0DX7DV2VX/ref=sr_1_1031,"11,99 €",de Manoun.Mfk Press | 9 février 2025,"2,0 sur 5 étoiles, détails de l’évaluation",1,Broché,https://m.media-amazon.com/images/I/71BYNWMqmiL._AC_UY218_.jpg,2025-09-04T18:51:16.526907,Description non disponible depuis la recherche,Stock non disponible,ISBN non disponible,Éditeur non disponible,Date non disponible,Nombre de pages non disponible,Rang de vente non disponible,Religion,65.0,,
Via Latina: De lingua et vita Romanorum,https://www.amazon.fr/Via-Latina-lingua-vita-Romanorum/dp/8494534629/ref=sr_1_1032,"28,00 €",María Luisa Aguilar García,"4,7 sur 5 étoiles, détails de l’évaluation",104,Broché,https://m.media-amazon.com/images/I/51GlQRX+e4L._AC_UY218_.jpg,2025-09-04T18:51:16.529051,Description non disponible depuis la recherche,Stock non disponible,ISBN non disponible,Éditeur non disponible,Date non disponible,Nombre de pages non disponible,Rang de vente non disponible,Religion,65.0,,
L'espagnol (livre seul),https://www.amazon.fr/Lespagnol-livre-seul-Juan-C%C3%B3rdoba/dp/2700506650/ref=sr_1_1033,"29,90 €",Marie Córdoba,"4,6 sur 5 étoiles, détails de l’évaluation",137,Broché,https://m.media-amazon.com/images/I/617IvefmwiL._AC_UY218_.jpg,2025-09-04T18:51:16.531214,Description non disponible depuis la recherche,Stock non disponible,ISBN non disponible,Éditeur non disponible,Date non disponible,Nombre de pages non disponible,Rang de vente non disponible,Religion,65.0,,
MES P'TITS POURQUOI - L'Hypersensibilité - Dès 4 ans,https://www.amazon.fr/MES-PTITS-POURQUOI-Hypersensibilit%C3%A9-D%C3%A8s/dp/2408047935/ref=sr_1_1034,"7,90 €",Muriel Zürcher,"4,6 sur 5 étoiles, détails de l’évaluation",11,Relié,https://m.media-amazon.com/images/I/61ui+dostAL._AC_UY218_.jpg,2025-09-04T18:51:16.533919,Description non disponible depuis la recherche,Stock non disponible,ISBN non disponible,Éditeur non disponible,Date non disponible,Nombre de pages non disponible,Rang de vente non disponible,Religion,65.0,,
Dictionnaire Le Robert & Collins Mini Plus Espagnol,https://www.amazon.fr/Dictionnaire-Robert-Collins-Mini-Espagnol/dp/2321018437/ref=sr_1_1037,"6,95 €",de Collectif | 6 juillet 2023,"4,0 sur 5 étoiles, détails de l’évaluation",5,Relié,https://m.media-amazon.com/images/I/51Go+FEXv6L._AC_UY218_.jpg,2025-09-04T18:51:16.542184,Description non disponible depuis la recherche,Stock non disponible,ISBN non disponible,Éditeur non disponible,Date non disponible,Nombre de pages non disponible,Rang de vente non disponible,Religion,65.0,,
Agenda de bord 2025/2026 professeur de technologie: Carnet de bord A4 pour les enseignants,https://www.amazon.fr/Agenda-bord-2025-professeur-technologie/dp/9403794283/ref=sr_1_1038,"11,90 €",Gringolivier editions,"5,0 sur 5 étoiles, détails de l’évaluation",1,Broché,https://m.media-amazon.com/images/I/61maqHqo5HL._AC_UY218_.jpg,2025-09-04T18:51:16.544080,Description non disponible depuis la recherche,Stock non disponible,ISBN non disponible,Éditeur non disponible,Date non disponible,Nombre de pages non disponible,Rang de vente non disponible,Religion,65.0,,
Cher TDAH: Tout savoir pour que mon cerveau soit mon allié !,https://www.amazon.fr/Cher-TDAH-savoir-cerveau-alli%C3%A9/dp/B0DKFPG8F7/ref=sr_1_1039,"0,00 €",Livres audio Audible,"4,9 sur 5 étoiles, détails de l’évaluation",12,Livres audio Audible,https://m.media-amazon.com/images/I/81Wxq5ZyRGL._AC_UY218_.jpg,2025-09-04T18:51:16.547237,Description non disponible depuis la recherche,Stock non disponible,ISBN non disponible,Éditeur non disponible,Date non disponible,Nombre de pages non disponible,Rang de vente non disponible,Religion,65.0,,
DELF tout public - Nouveau format d'épreuves (B1),https://www.amazon.fr/DELF-publics-nouveau-format-d%C3%A9preuve/dp/2016286598/ref=sr_1_1040,"17,80 €","de Nelly Mous, Bruno Mègre, et al. | 28 juin 2023","4,6 sur 5 étoiles, détails de l’évaluation",25,Relié,https://m.media-amazon.com/images/I/61Wij1tlAIL._AC_UY218_.jpg,2025-09-04T18:51:16.549961,Description non disponible depuis la recherche,Stock non disponible,ISBN non disponible,Éditeur non disponible,Date non disponible,Nombre de pages non disponible,Rang de vente non disponible,Religion,65.0,,
"Mathématiques appliquées, informatique prépas ECG 1re année",https://www.amazon.fr/Math%C3%A9matiques-appliqu%C3%A9es-informatique-pr%C3%A9pas-ann%C3%A9e/dp/2340103452/ref=sr_1_1041,"28,00 €","de Pierre Berlandi, Gianfranco Niffoi, et al. | 22 juillet 2025",Note non disponible,0 avis,Broché,https://m.media-amazon.com/images/I/61E7HzkwvXL._AC_UY218_.jpg,2025-09-04T18:51:16.553420,Description non disponible depuis la recherche,Stock non disponible,ISBN non disponible,Éditeur non disponible,Date non disponible,Nombre de pages non disponible,Rang de vente non disponible,Religion,65.0,,
Russe débutant - Pratique de Base - Méthode 90 - Le Russe en 90 leçons et 90 jours,https://www.amazon.fr/Russe-d%C3%A9butant-Pratique-M%C3%A9thode-le%C3%A7ons/dp/2253080942/ref=sr_1_1042,"9,90 €",Jean Borzic,"4,3 sur 5 étoiles, détails de l’évaluation",291,Poche,https://m.media-amazon.com/images/I/719zRG+c+tL._AC_UY218_.jpg,2025-09-04T18:51:16.556610,Description non disponible depuis la recherche,Stock non disponible,ISBN non disponible,Éditeur non disponible,Date non disponible,Nombre de pages non disponible,Rang de vente non disponible,Religion,65.0,,
Expériences de la nature: Méthode et exercices,https://www.amazon.fr/Exp%C3%A9riences-nature-exercices-Aude-Guillemette/dp/2384280341/ref=sr_1_1043,"19,90 €","de Aude Guillemette, Laurence Lacroix, et al. | 19 juin 2025",Note non disponible,0 avis,Relié,https://m.media-amazon.com/images/I/71S--WsswiL._AC_UY218_.jpg,2025-09-04T18:51:16.559348,Description non disponible depuis la recherche,Stock non disponible,ISBN non disponible,Éditeur non disponible,Date non disponible,Nombre de pages non disponible,Rang de vente non disponible,Religion,65.0,,
Complete Preliminary Student's Book Pack (SB wo Answers w Online Practice and WB wo Answers w Audio Download): For the Revised Exam from 2020,https://www.amazon.fr/Complete-Preliminary-Students-Practice-Download/dp/1108525237/ref=sr_1_1044,"44,68 €",Peter May,"4,8 sur 5 étoiles, détails de l’évaluation",25,Coffret produits,https://m.media-amazon.com/images/I/618nv1SZl9L._AC_UY218_.jpg,2025-09-04T18:51:16.561832,Description non disponible depuis la recherche,Stock non disponible,ISBN non disponible,Éditeur non disponible,Date non disponible,Nombre de pages non disponible,Rang de vente non disponible,Religion,65.0,,
Grammaire raisonnée 1,https://www.amazon.fr/Grammaire-raisonn%C3%A9e-1-Sylvie-Persec/dp/2708014897/ref=sr_1_1043,"16,95 €",Sylvie Persec,"4,4 sur 5 étoiles, détails de l’évaluation",37,Broché,https://m.media-amazon.com/images/I/812GhfiGaDL._AC_UY218_.jpg,2025-09-04T18:51:29.226170,Description non disponible depuis la recherche,Stock non disponible,ISBN non disponible,Éditeur non disponible,Date non disponible,Nombre de pages non disponible,Rang de vente non disponible,Religion,66.0,,
"Ecrire un roman: Comment devenir écrivain, écrire un livre et le faire publier",https://www.amazon.fr/Ecrire-roman-Comment-devenir-%C3%A9crivain/dp/1549777203/ref=sr_1_1044,"14,90 €",Marie Vareille,"4,4 sur 5 étoiles, détails de l’évaluation",653,Broché,https://m.media-amazon.com/images/I/51NVomQxWSL._AC_UY218_.jpg,2025-09-04T18:51:29.229548,Description non disponible depuis la recherche,Stock non disponible,ISBN non disponible,Éditeur non disponible,Date non disponible,Nombre de pages non disponible,Rang de vente non disponible,Religion,66.0,,
Mon cahier de français 5e (2017),https://www.amazon.fr/Mon-cahier-fran%C3%A7ais-Evelyne-Ballanfat/dp/2210107644/ref=sr_1_1045,"8,50 €",Evelyne Ballanfat,"4,6 sur 5 étoiles, détails de l’évaluation",113,Broché,https://m.media-amazon.com/images/I/81U0yXdn5yL._AC_UY218_.jpg,2025-09-04T18:51:29.231744,Description non disponible depuis la recherche,Stock non disponible,ISBN non disponible,Éditeur non disponible,Date non disponible,Nombre de pages non disponible,Rang de vente non disponible,Religion,66.0,,
Business Grammar Builder New. Student's Book: Intermediate to Upper intermediate,https://www.amazon.fr/Business-Grammar-Builder-New-Students/dp/3190427224/ref=sr_1_1046,"40,43 €",Paul Emmerson,"4,6 sur 5 étoiles, détails de l’évaluation",43,Broché,https://m.media-amazon.com/images/I/51qK-7i6-vL._AC_UY218_.jpg,2025-09-04T18:51:29.233947,Description non disponible depuis la recherche,Stock non disponible,ISBN non disponible,Éditeur non disponible,Date non disponible,Nombre de pages non disponible,Rang de vente non disponible,Religion,66.0,,
Les 1001 expressions préférées des Français,https://www.amazon.fr/1001-expressions-pr%C3%A9f%C3%A9r%C3%A9es-Fran%C3%A7ais/dp/2380154015/ref=sr_1_1047,"16,90 €",Georges Planelles,"4,5 sur 5 étoiles, détails de l’évaluation",215,Broché,https://m.media-amazon.com/images/I/71OVc3mmbyL._AC_UY218_.jpg,2025-09-04T18:51:29.236869,Description non disponible depuis la recherche,Stock non disponible,ISBN non disponible,Éditeur non disponible,Date non disponible,Nombre de pages non disponible,Rang de vente non disponible,Religion,66.0,,
1001 Pourquoi Comment - Science & Vie Junior,https://www.amazon.fr/1001-POURQUOI-COMMENT-SCIENCE-JUNIOR/dp/B0D6XY4ND3/ref=sr_1_1048,"22,95 €",Sylvie Albou-Tabart,"4,8 sur 5 étoiles, détails de l’évaluation",5,Broché,https://m.media-amazon.com/images/I/711A7TcP+VL._AC_UY218_.jpg,2025-09-04T18:51:29.239371,Description non disponible depuis la recherche,Stock non disponible,ISBN non disponible,Éditeur non disponible,Date non disponible,Nombre de pages non disponible,Rang de vente non disponible,Religion,66.0,,
Anthologie Lycée - Français 2de/1re Éd. 2019 - Livre élève,https://www.amazon.fr/Anthologie-Lyc%C3%A9e-Fran%C3%A7ais-Livre-%C3%A9l%C3%A8ve/dp/2218986779/ref=sr_1_1049,"35,10 €","de Aurélie Renault, Zélie Tessier, et al. | 22 mai 2019","4,5 sur 5 étoiles, détails de l’évaluation",33,Broché,https://m.media-amazon.com/images/I/71J+eLD1VdL._AC_UY218_.jpg,2025-09-04T18:51:29.242167,Description non disponible depuis la recherche,Stock non disponible,ISBN non disponible,Éditeur non disponible,Date non disponible,Nombre de pages non disponible,Rang de vente non disponible,Religion,66.0,,
TDAH & TSA - dans la même personne - C'est quoi ce bazar ?!: Que se passe t'il quand ces 2 troubles coexistent dans la même personne ?,https://www.amazon.fr/TDAH-TSA-personne-troubles-coexistent/dp/B0DBQYP2VZ/ref=sr_1_1050,"16,95 €",Noelle MONGE,"4,2 sur 5 étoiles, détails de l’évaluation",47,Broché,https://m.media-amazon.com/images/I/71v7Cgv5JfL._AC_UY218_.jpg,2025-09-04T18:51:29.244235,Description non disponible depuis la recherche,Stock non disponible,ISBN non disponible,Éditeur non disponible,Date non disponible,Nombre de pages non disponible,Rang de vente non disponible,Religion,66.0,,
Communication progressive du français - Niveau débutant (A1) - Livre + CD - 2ème édition,https://www.amazon.fr/Communication-progressive-fran%C3%A7ais-d%C3%A9butant-couverture/dp/209038445X/ref=sr_1_1053,"28,20 €",Claire Miquel,"4,6 sur 5 étoiles, détails de l’évaluation",219,Broché,https://m.media-amazon.com/images/I/71W6UGUCEyL._AC_UY218_.jpg,2025-09-04T18:51:29.252521,Description non disponible depuis la recherche,Stock non disponible,ISBN non disponible,Éditeur non disponible,Date non disponible,Nombre de pages non disponible,Rang de vente non disponible,Religion,66.0,,
Bescherelle - Espagnol : le vocabulaire: la référence sur le lexique espagnol,https://www.amazon.fr/Espagnol-vocabulaire-Ana-Maria-Palomo-Delfa/dp/2218926245/ref=sr_1_1054,"11,50 €",Ana Maria Palomo Delfa,"4,6 sur 5 étoiles, détails de l’évaluation",115,Broché,https://m.media-amazon.com/images/I/71LXPU501KL._AC_UY218_.jpg,2025-09-04T18:51:29.255224,Description non disponible depuis la recherche,Stock non disponible,ISBN non disponible,Éditeur non disponible,Date non disponible,Nombre de pages non disponible,Rang de vente non disponible,Religion,66.0,,
Le portugais (livre seul),https://www.amazon.fr/portugais-livre-seul-Jose-Luis/dp/2700507207/ref=sr_1_1055,"29,90 €",Jose Luis De Luna,"4,4 sur 5 étoiles, détails de l’évaluation",50,Broché,https://m.media-amazon.com/images/I/71HlOTde0mL._AC_UY218_.jpg,2025-09-04T18:51:29.257536,Description non disponible depuis la recherche,Stock non disponible,ISBN non disponible,Éditeur non disponible,Date non disponible,Nombre de pages non disponible,Rang de vente non disponible,Religion,66.0,,
Cuboquiz Culture générale famille,https://www.amazon.fr/Cuboquiz-Culture-g%C3%A9n%C3%A9rale-famille-BILLIOUD/dp/2263161856/ref=sr_1_1056,"5,50 €",de Jean-Michel Billioud | 21 octobre 2021,"4,5 sur 5 étoiles, détails de l’évaluation",108,Broché,https://m.media-amazon.com/images/I/61MTptG741L._AC_UY218_.jpg,2025-09-04T18:51:29.260423,Description non disponible depuis la recherche,Stock non disponible,ISBN non disponible,Éditeur non disponible,Date non disponible,Nombre de pages non disponible,Rang de vente non disponible,Religion,66.0,,
Petit livre - Les 800 expressions pour tout dire en italien,https://www.amazon.fr/petit-livre-expressions-pour-italien/dp/241205584X/ref=sr_1_1057,"3,50 €",Pierre Musitelli,"4,5 sur 5 étoiles, détails de l’évaluation",170,Broché,https://m.media-amazon.com/images/I/61Dlh4n2mpL._AC_UY218_.jpg,2025-09-04T18:51:29.262820,Description non disponible depuis la recherche,Stock non disponible,ISBN non disponible,Éditeur non disponible,Date non disponible,Nombre de pages non disponible,Rang de vente non disponible,Religion,66.0,,
The Three Little Pigs - Les Trois Petits Cochons: English French Bilingual Book: Bilingual Children's Book for French Language Learning,https://www.amazon.fr/Three-Little-Pigs-Bilingual-Childrens/dp/B095JSXRCR/ref=sr_1_1058,"13,70 €",Nathalie Goss,"4,6 sur 5 étoiles, détails de l’évaluation",199,Broché,https://m.media-amazon.com/images/I/61g9-R5XBXL._AC_UY218_.jpg,2025-09-04T18:51:29.265101,Description non disponible depuis la recherche,Stock non disponible,ISBN non disponible,Éditeur non disponible,Date non disponible,Nombre de pages non disponible,Rang de vente non disponible,Religion,66.0,,
Mon orthographe illustrée,https://www.amazon.fr/Mon-orthographe-illustr%C3%A9e-Michel-Hulin/dp/2035928141/ref=sr_1_1059,"9,95 €",Sylviane Valdois,"4,5 sur 5 étoiles, détails de l’évaluation",793,Broché,https://m.media-amazon.com/images/I/71UM1MiEHfL._AC_UY218_.jpg,2025-09-04T18:51:29.267252,Description non disponible depuis la recherche,Stock non disponible,ISBN non disponible,Éditeur non disponible,Date non disponible,Nombre de pages non disponible,Rang de vente non disponible,Religion,66.0,,
Au bonheur des ogres,https://www.amazon.fr/Au-bonheur-ogres-Daniel-Pennac/dp/2070403696/ref=sr_1_1060,"9,00 €",Daniel Pennac,"4,2 sur 5 étoiles, détails de l’évaluation",1 239,Poche,https://m.media-amazon.com/images/I/81sJTlHEhhL._AC_UY218_.jpg,2025-09-04T18:51:29.270750,Description non disponible depuis la recherche,Stock non disponible,ISBN non disponible,Éditeur non disponible,Date non disponible,Nombre de pages non disponible,Rang de vente non disponible,Religion,66.0,,
Les Quarante hadiths : Edition bilingue français-arabe,https://www.amazon.fr/Quarante-hadiths-bilingue-fran%C3%A7ais-arabe/dp/2841612813/ref=sr_1_1059,"2,50 €",Muhyiddine Al-Nawawi,"4,7 sur 5 étoiles, détails de l’évaluation",1 347,Broché,https://m.media-amazon.com/images/I/71ZsuFYhsHL._AC_UY218_.jpg,2025-09-04T18:51:39.072233,Description non disponible depuis la recherche,Stock non disponible,ISBN non disponible,Éditeur non disponible,Date non disponible,Nombre de pages non disponible,Rang de vente non disponible,Religion,67.0,,
La plus que vive,https://www.amazon.fr/plus-que-vive-Christian-Bobin/dp/2070406954/ref=sr_1_1060,"5,80 €",Christian Bobin,"4,5 sur 5 étoiles, détails de l’évaluation",367,Poche,https://m.media-amazon.com/images/I/81Ci+oQEBaL._AC_UY218_.jpg,2025-09-04T18:51:39.075454,Description non disponible depuis la recherche,Stock non disponible,ISBN non disponible,Éditeur non disponible,Date non disponible,Nombre de pages non disponible,Rang de vente non disponible,Religion,67.0,,
Chouette - Le jeu des multiplications CE1-CM2,https://www.amazon.fr/jeu-multiplications-CE1-CM2-Lucie-Domergue/dp/2401060022/ref=sr_1_1061,"9,95 €",de Lucie Domergue et Muriel Iribarne | 2 janvier 2020,"4,5 sur 5 étoiles, détails de l’évaluation",287,Broché,https://m.media-amazon.com/images/I/71Ei2YXYVCL._AC_UY218_.jpg,2025-09-04T18:51:39.078199,Description non disponible depuis la recherche,Stock non disponible,ISBN non disponible,Éditeur non disponible,Date non disponible,Nombre de pages non disponible,Rang de vente non disponible,Religion,67.0,,
Les Mathématiques expliquées pas à pas - CPGE ECT-1 - Programme 2021,https://www.amazon.fr/math%C3%A9matiques-expliqu%C3%A9es-pas-CPGE-ECT-1/dp/2340067553/ref=sr_1_1062,"32,00 €",de Adrien Fontaine et Alexandre Gélin | 17 mai 2022,"5,0 sur 5 étoiles, détails de l’évaluation",6,Broché,https://m.media-amazon.com/images/I/61cDsGjMYAL._AC_UY218_.jpg,2025-09-04T18:51:39.081548,Description non disponible depuis la recherche,Stock non disponible,ISBN non disponible,Éditeur non disponible,Date non disponible,Nombre de pages non disponible,Rang de vente non disponible,Religion,67.0,,
Contes de la folie ordinaire,https://www.amazon.fr/Contes-folie-ordinaire-Charles-Bukowski/dp/225303133X/ref=sr_1_1063,"8,40 €",Charles Bukowski,"4,4 sur 5 étoiles, détails de l’évaluation",352,Poche,https://m.media-amazon.com/images/I/71Y2ekB-4nL._AC_UY218_.jpg,2025-09-04T18:51:39.084819,Description non disponible depuis la recherche,Stock non disponible,ISBN non disponible,Éditeur non disponible,Date non disponible,Nombre de pages non disponible,Rang de vente non disponible,Religion,67.0,,
"Definitely British, Absolutely American !: Manuel de civilisation britannique et américaine",https://www.amazon.fr/Definitely-Absolutely-Civilisation-Britannique-Am%C3%A9ricaine/dp/2340009391/ref=sr_1_1064,"32,00 €",Mark Davies,"4,2 sur 5 étoiles, détails de l’évaluation",37,Broché,https://m.media-amazon.com/images/I/41DtnK-WUVL._AC_UY218_.jpg,2025-09-04T18:51:39.087188,Description non disponible depuis la recherche,Stock non disponible,ISBN non disponible,Éditeur non disponible,Date non disponible,Nombre de pages non disponible,Rang de vente non disponible,Religion,67.0,,
"Abrégé de grammaire latine 2de, 1re et terminale",https://www.amazon.fr/Abr%C3%A9g%C3%A9-grammaire-latine-2de-terminale/dp/2210472105/ref=sr_1_1065,"29,00 €",Baudiffier,"4,4 sur 5 étoiles, détails de l’évaluation",40,Poche,https://m.media-amazon.com/images/I/818qt9mJe2L._AC_UY218_.jpg,2025-09-04T18:51:39.089683,Description non disponible depuis la recherche,Stock non disponible,ISBN non disponible,Éditeur non disponible,Date non disponible,Nombre de pages non disponible,Rang de vente non disponible,Religion,67.0,,
Le Grevisse de l'étudiant - Grammaire: Grammaire graduelle du français - Licence / Prépas / CAPES / Agrégation,https://www.amazon.fr/Grevisse-l%C3%A9tudiant-Grammaire-graduelle-Agr%C3%A9gation/dp/2807366988/ref=sr_1_1066,"24,90 €",de Cécile Narjoux et Mary-Annick Morel | 14 août 2025,Note non disponible,0 avis,Broché,https://m.media-amazon.com/images/I/71MkKAC6NXL._AC_UY218_.jpg,2025-09-04T18:51:39.093440,Description non disponible depuis la recherche,Stock non disponible,ISBN non disponible,Éditeur non disponible,Date non disponible,Nombre de pages non disponible,Rang de vente non disponible,Religion,67.0,,
Encyclopédie du massage: Leçons et exercices pratiques,https://www.amazon.fr/Encyclop%C3%A9die-massage-Le%C3%A7ons-exercices-pratiques/dp/2080269860/ref=sr_1_1069,"24,90 €",Nicolas Bertrand,"4,5 sur 5 étoiles, détails de l’évaluation",48,Broché,https://m.media-amazon.com/images/I/71L3UpiqhGL._AC_UY218_.jpg,2025-09-04T18:51:39.102013,Description non disponible depuis la recherche,Stock non disponible,ISBN non disponible,Éditeur non disponible,Date non disponible,Nombre de pages non disponible,Rang de vente non disponible,Religion,67.0,,
40 leçons pour parler japonais,https://www.amazon.fr/40-le%C3%A7ons-pour-parler-japonais/dp/2266189182/ref=sr_1_1070,"12,10 €","de Hidenobu Aiba, Jean-Pierre Berthon, et al. | 5 mars 2009","4,5 sur 5 étoiles, détails de l’évaluation",1 023,Poche,https://m.media-amazon.com/images/I/61weYNAiWHL._AC_UY218_.jpg,2025-09-04T18:51:39.104722,Description non disponible depuis la recherche,Stock non disponible,ISBN non disponible,Éditeur non disponible,Date non disponible,Nombre de pages non disponible,Rang de vente non disponible,Religion,67.0,,
Aula Int. Plus 1- Livre de l'élève - Éd. hybride,https://www.amazon.fr/Aula-Int-Plus-Livre-l%C3%A9l%C3%A8ve/dp/8419236047/ref=sr_1_1071,"34,90 €","Édition en Espagnol | de Jaime Corpas, Eva García, et al. | 8 juillet 2022","4,4 sur 5 étoiles, détails de l’évaluation",13,Broché,https://m.media-amazon.com/images/I/8193Cg+m9FL._AC_UY218_.jpg,2025-09-04T18:51:39.107444,Description non disponible depuis la recherche,Stock non disponible,ISBN non disponible,Éditeur non disponible,Date non disponible,Nombre de pages non disponible,Rang de vente non disponible,Religion,67.0,,
A handbook of literary terms - Introduction au vocabulaire littéraire anglais,https://www.amazon.fr/handbook-literary-terms-Introduction-vocabulaire/dp/2017280844/ref=sr_1_1072,"25,90 €",Françoise Grellet,Note non disponible,0 avis,Broché,https://m.media-amazon.com/images/I/81-VTlGoGtL._AC_UY218_.jpg,2025-09-04T18:51:39.109591,Description non disponible depuis la recherche,Stock non disponible,ISBN non disponible,Éditeur non disponible,Date non disponible,Nombre de pages non disponible,Rang de vente non disponible,Religion,67.0,,
Annales corrigées EVC fondamentales et pratiques – Médecine Physique et de Réadaptation (MPR): le corrigé officiel et pédagogique du sujet pratique ... en Médecine Physique et de Réadaptation.,https://www.amazon.fr/Annales-corrig%C3%A9es-fondamentales-pratiques-R%C3%A9adaptation/dp/B0FNKNNFTX/ref=sr_1_1073,"79,12 €",de medecin de garde | 23 août 2025,Note non disponible,0 avis,Broché,https://m.media-amazon.com/images/I/71kZ1smtNKL._AC_UY218_.jpg,2025-09-04T18:51:39.112066,Description non disponible depuis la recherche,Stock non disponible,ISBN non disponible,Éditeur non disponible,Date non disponible,Nombre de pages non disponible,Rang de vente non disponible,Religion,67.0,,
"Rafael Chirbes, La caída de Madrid",https://www.amazon.fr/Rafael-Chirbes-Madrid-Catherine-Saillet/dp/2350309908/ref=sr_1_1074,"21,00 €",Catherine Orsini Saillet,"3,9 sur 5 étoiles, détails de l’évaluation",6,Broché,https://m.media-amazon.com/images/I/51Jhjge2vVL._AC_UY218_.jpg,2025-09-04T18:51:39.114006,Description non disponible depuis la recherche,Stock non disponible,ISBN non disponible,Éditeur non disponible,Date non disponible,Nombre de pages non disponible,Rang de vente non disponible,Religion,67.0,,
Carteira de Motorista na Bélgica: O guia completo em Português e francês,https://www.amazon.fr/Carteira-Motorista-B%C3%A9lgica-completo-Portugu%C3%AAs/dp/B0DY1SXTNY/ref=sr_1_1075,"28,80 €",Édition en Portugais | de Mme M R P MRP | 18 février 2025,Note non disponible,0 avis,Broché,https://m.media-amazon.com/images/I/71VKrGovzDL._AC_UY218_.jpg,2025-09-04T18:51:39.117183,Description non disponible depuis la recherche,Stock non disponible,ISBN non disponible,Éditeur non disponible,Date non disponible,Nombre de pages non disponible,Rang de vente non disponible,Religion,67.0,,
Cent mots pour être éducateur: Dictionnaire pratique du quotidien,https://www.amazon.fr/Cent-mots-pour-%C3%AAtre-%C3%A9ducateur/dp/274920710X/ref=sr_1_1076,"14,50 €",de GABERAN PHILIPPE | 8 mars 2007,"4,6 sur 5 étoiles, détails de l’évaluation",582,Broché,https://m.media-amazon.com/images/I/717UnFxr8WL._AC_UY218_.jpg,2025-09-04T18:51:39.120716,Description non disponible depuis la recherche,Stock non disponible,ISBN non disponible,Éditeur non disponible,Date non disponible,Nombre de pages non disponible,Rang de vente non disponible,Religion,67.0,,
"Économie, sociologie et histoire du monde contemporain: 1re et 2e années",https://www.amazon.fr/%C3%89conomie-aux-Concours-Grandes-Ecoles/dp/2091673757/ref=sr_1_1075,"35,90 €","de Cécilia Debeix-Hauray, Gérard Pehaut, et al. | 3 juin 2021","4,8 sur 5 étoiles, détails de l’évaluation",8,Broché,https://m.media-amazon.com/images/I/6162EuK6wdL._AC_UY218_.jpg,2025-09-04T18:51:49.023178,Description non disponible depuis la recherche,Stock non disponible,ISBN non disponible,Éditeur non disponible,Date non disponible,Nombre de pages non disponible,Rang de vente non disponible,Religion,68.0,,
La Planète des singes,https://www.amazon.fr/La-Plan%C3%A8te-des-singes/dp/B01CUYF1JI/ref=sr_1_1076,"0,00 €",Livres audio Audible,"4,5 sur 5 étoiles, détails de l’évaluation",309,Livres audio Audible,https://m.media-amazon.com/images/I/91C3zGZi9+L._AC_UY218_.jpg,2025-09-04T18:51:49.026160,Description non disponible depuis la recherche,Stock non disponible,ISBN non disponible,Éditeur non disponible,Date non disponible,Nombre de pages non disponible,Rang de vente non disponible,Religion,68.0,,
Les petits devoirs - Conjugaison 6e,https://www.amazon.fr/petits-devoirs-Conjugaison-6e/dp/2369408219/ref=sr_1_1077,"6,95 €",Alice GRAVIER,"4,7 sur 5 étoiles, détails de l’évaluation",21,Broché,https://m.media-amazon.com/images/I/814L0r66x5L._AC_UY218_.jpg,2025-09-04T18:51:49.028419,Description non disponible depuis la recherche,Stock non disponible,ISBN non disponible,Éditeur non disponible,Date non disponible,Nombre de pages non disponible,Rang de vente non disponible,Religion,68.0,,
"Réussir l'épreuve de phonologie à l'agrégation externe d'anglais: Préparation complète à l’épreuve : cours, annales, exercices, sujets-types, corrigés - licence, CAPES, agrégation",https://www.amazon.fr/R%C3%A9ussir-l%C3%A9preuve-phonologie-lagr%C3%A9gation-danglais/dp/2340105447/ref=sr_1_1078,"31,00 €","de Jérémy Castanier, Dylan Michari, et al. | 29 juillet 2025",Note non disponible,0 avis,Broché,https://m.media-amazon.com/images/I/61wG0fXnkxL._AC_UY218_.jpg,2025-09-04T18:51:49.032310,Description non disponible depuis la recherche,Stock non disponible,ISBN non disponible,Éditeur non disponible,Date non disponible,Nombre de pages non disponible,Rang de vente non disponible,Religion,68.0,,
Le lexique anglais pour les Nuls,https://www.amazon.fr/lexique-anglais-pour-Nuls/dp/2754022430/ref=sr_1_1079,"7,95 €",Brigitte Lallement,"4,4 sur 5 étoiles, détails de l’évaluation",125,Broché,https://m.media-amazon.com/images/I/71jyHr2Wm3L._AC_UY218_.jpg,2025-09-04T18:51:49.034508,Description non disponible depuis la recherche,Stock non disponible,ISBN non disponible,Éditeur non disponible,Date non disponible,Nombre de pages non disponible,Rang de vente non disponible,Religion,68.0,,
L'Asie-Pacifique,https://www.amazon.fr/LAsie-Pacifique-Sophie-BOISSEAU-DU-ROCHER/dp/2415010979/ref=sr_1_1080,"23,90 €",Sophie BOISSEAU DU ROCHER,"4,0 sur 5 étoiles, détails de l’évaluation",10,Broché,https://m.media-amazon.com/images/I/816YG-h4zcL._AC_UY218_.jpg,2025-09-04T18:51:49.037348,Description non disponible depuis la recherche,Stock non disponible,ISBN non disponible,Éditeur non disponible,Date non disponible,Nombre de pages non disponible,Rang de vente non disponible,Religion,68.0,,
Protocoles en Gynécologie Obstétrique,https://www.amazon.fr/Protocoles-Gyn%C3%A9cologie-Obst%C3%A9trique-Gyn%C3%A9cologues-Obst%C3%A9triciens/dp/2294760336/ref=sr_1_1081,"20,90 €",Couverture à spirales,"4,8 sur 5 étoiles, détails de l’évaluation",223,Couverture à spirales,https://m.media-amazon.com/images/I/714VahBEAmL._AC_UY218_.jpg,2025-09-04T18:51:49.040350,Description non disponible depuis la recherche,Stock non disponible,ISBN non disponible,Éditeur non disponible,Date non disponible,Nombre de pages non disponible,Rang de vente non disponible,Religion,68.0,,
La Guerre et la Paix - Tome I,https://www.amazon.fr/Guerre-Paix-I-L%C3%A9on-Tolsto%C3%AF-ebook/dp/B005R4OBRM/ref=sr_1_1082,"0,00 €",Léon Tolstoï,"4,5 sur 5 étoiles, détails de l’évaluation",941,Format Kindle,https://m.media-amazon.com/images/I/91V4fiaODML._AC_UY218_.jpg,2025-09-04T18:51:49.043857,Description non disponible depuis la recherche,Stock non disponible,ISBN non disponible,Éditeur non disponible,Date non disponible,Nombre de pages non disponible,Rang de vente non disponible,Religion,68.0,,
Évitez les gaffes en allemand avec Apprendre Natur'Allemand,https://www.amazon.fr/%C3%89vitez-gaffes-allemand-Apprendre-NaturAllemand/dp/2036063217/ref=sr_1_1085,"14,95 €",Apprendre Natur'allemand,"4,6 sur 5 étoiles, détails de l’évaluation",36,Broché,https://m.media-amazon.com/images/I/81tyXydbL4L._AC_UY218_.jpg,2025-09-04T18:51:49.051824,Description non disponible depuis la recherche,Stock non disponible,ISBN non disponible,Éditeur non disponible,Date non disponible,Nombre de pages non disponible,Rang de vente non disponible,Religion,68.0,,
Bescherelle - Mieux rédiger (poche): l'essentiel pour améliorer son expression,https://www.amazon.fr/Bescherelle-poche-Mieux-r%C3%A9diger-Lessentiel/dp/2401044620/ref=sr_1_1086,"3,95 €",Adeline Lesot,"4,6 sur 5 étoiles, détails de l’évaluation",1 890,Broché,https://m.media-amazon.com/images/I/719LhgHrDqL._AC_UY218_.jpg,2025-09-04T18:51:49.054095,Description non disponible depuis la recherche,Stock non disponible,ISBN non disponible,Éditeur non disponible,Date non disponible,Nombre de pages non disponible,Rang de vente non disponible,Religion,68.0,,
Dictionnaire Hachette Benjamin 5-8 ans,https://www.amazon.fr/Dictionnaire-Hachette-Benjamin-5-8-ans/dp/201395137X/ref=sr_1_1087,"12,90 €",de Collectif | 6 juin 2018,"4,8 sur 5 étoiles, détails de l’évaluation",49,Broché,https://m.media-amazon.com/images/I/81kWo+wVNwL._AC_UY218_.jpg,2025-09-04T18:51:49.056584,Description non disponible depuis la recherche,Stock non disponible,ISBN non disponible,Éditeur non disponible,Date non disponible,Nombre de pages non disponible,Rang de vente non disponible,Religion,68.0,,
Agenda de bord 2025/2026 - Gestionnaire: Carnet de bord gestionnaire de collège et lycée,https://www.amazon.fr/Agenda-bord-2025-2026-Gestionnaire/dp/9403797312/ref=sr_1_1088,"11,90 €",Gringolivier editions,Note non disponible,0 avis,Broché,https://m.media-amazon.com/images/I/714vcSzaMkL._AC_UY218_.jpg,2025-09-04T18:51:49.058689,Description non disponible depuis la recherche,Stock non disponible,ISBN non disponible,Éditeur non disponible,Date non disponible,Nombre de pages non disponible,Rang de vente non disponible,Religion,68.0,,
Les Petits Devoirs - Français CM2,https://www.amazon.fr/Petits-Devoirs-Fran%C3%A7ais-CM2/dp/236940924X/ref=sr_1_1089,"10,95 €",Brigitte Guigui,"4,8 sur 5 étoiles, détails de l’évaluation",52,Broché,https://m.media-amazon.com/images/I/71Atfn13meL._AC_UY218_.jpg,2025-09-04T18:51:49.060808,Description non disponible depuis la recherche,Stock non disponible,ISBN non disponible,Éditeur non disponible,Date non disponible,Nombre de pages non disponible,Rang de vente non disponible,Religion,68.0,,
Kid's Box Level 3 Pupil's Book British English,https://www.amazon.fr/Kids-Level-Pupils-British-English/dp/1316627683/ref=sr_1_1090,"19,60 €",Édition en Anglais | de Caroline Nixon et Michael Tomlinson | 31 mars 2017,"4,6 sur 5 étoiles, détails de l’évaluation",133,Broché,https://m.media-amazon.com/images/I/71u+Y0ETcVL._AC_UY218_.jpg,2025-09-04T18:51:49.063986,Description non disponible depuis la recherche,Stock non disponible,ISBN non disponible,Éditeur non disponible,Date non disponible,Nombre de pages non disponible,Rang de vente non disponible,Religion,68.0,,
Les 100 fiches de grammaire du test TOEIC® (conforme au nouveau test TOEIC),https://www.amazon.fr/fiches-grammaire-TOEIC%C2%AE-conforme-nouveau/dp/2017261319/ref=sr_1_1091,"14,90 €",de Collectif | 21 août 2024,"4,5 sur 5 étoiles, détails de l’évaluation",9,Broché,https://m.media-amazon.com/images/I/714E3XtPIkL._AC_UY218_.jpg,2025-09-04T18:51:49.066618,Description non disponible depuis la recherche,Stock non disponible,ISBN non disponible,Éditeur non disponible,Date non disponible,Nombre de pages non disponible,Rang de vente non disponible,Religion,68.0,,
"Devenir trader : Apprendre les bases du trading: ""Introduction au trading en ligne : Stratégies simples pour débutants et gestion des risques""",https://www.amazon.fr/Devenir-trader-Apprendre-Introduction-Strat%C3%A9gies/dp/B0DPB8F9R5/ref=sr_1_1092,"12,99 €",de Thomas Blake | 28 novembre 2024,"4,3 sur 5 étoiles, détails de l’évaluation",10,Broché,https://m.media-amazon.com/images/I/712XS+9cvhL._AC_UY218_.jpg,2025-09-04T18:51:49.069055,Description non disponible depuis la recherche,Stock non disponible,ISBN non disponible,Éditeur non disponible,Date non disponible,Nombre de pages non disponible,Rang de vente non disponible,Religion,68.0,,
Psycho-Cybernetics (Updated and Expanded),https://www.amazon.fr/Psycho-Cybernetics-Updated-Expanded-Maxwell-Maltz/dp/1800812922/ref=sr_1_1091,"14,55 €",Édition en Anglais | de Maxwell Maltz et Matt Furey | 25 mai 2023,"4,6 sur 5 étoiles, détails de l’évaluation",596,Broché,https://m.media-amazon.com/images/I/71dKL5THnGL._AC_UY218_.jpg,2025-09-04T18:51:56.979980,Description non disponible depuis la recherche,Stock non disponible,ISBN non disponible,Éditeur non disponible,Date non disponible,Nombre de pages non disponible,Rang de vente non disponible,Religion,69.0,,
Je parle français avec Madame à Paname: Débutant - FLE A1-A2,https://www.amazon.fr/parle-fran%C3%A7ais-avec-Madame-Paname/dp/2807351115/ref=sr_1_1092,"15,90 €",de Marion Dupouy | 31 juillet 2023,"4,6 sur 5 étoiles, détails de l’évaluation",56,Broché,https://m.media-amazon.com/images/I/71cwJNXK2VL._AC_UY218_.jpg,2025-09-04T18:51:56.983045,Description non disponible depuis la recherche,Stock non disponible,ISBN non disponible,Éditeur non disponible,Date non disponible,Nombre de pages non disponible,Rang de vente non disponible,Religion,69.0,,
Lingua latina per se illustrata: familia romana,https://www.amazon.fr/Familia-romana-lingua-latina-illustrata/dp/8493579858/ref=sr_1_1093,"19,23 €",Hans H. Orberg,"4,7 sur 5 étoiles, détails de l’évaluation",489,Broché,https://m.media-amazon.com/images/I/71VW4OF3ukL._AC_UY218_.jpg,2025-09-04T18:51:56.985081,Description non disponible depuis la recherche,Stock non disponible,ISBN non disponible,Éditeur non disponible,Date non disponible,Nombre de pages non disponible,Rang de vente non disponible,Religion,69.0,,
My first Montessori activity book,https://www.amazon.fr/My-first-Montessori-activity-book/dp/203593799X/ref=sr_1_1094,"12,90 €",de Lydie Barusseau | 10 mai 2017,"4,6 sur 5 étoiles, détails de l’évaluation",384,Broché,https://m.media-amazon.com/images/I/81-gZscS6qL._AC_UY218_.jpg,2025-09-04T18:51:56.987741,Description non disponible depuis la recherche,Stock non disponible,ISBN non disponible,Éditeur non disponible,Date non disponible,Nombre de pages non disponible,Rang de vente non disponible,Religion,69.0,,
Bob Morane - Les Mangeurs d'Atomes: Tome 045,https://www.amazon.fr/Bob-Morane-Mangeurs-dAtomes-045/dp/B0FP1CV9JL/ref=sr_1_1095,"14,88 €","de Henri Vernes, Les Editions Ananke, et al. | 27 août 2025","5,0 sur 5 étoiles, détails de l’évaluation",1,Broché,https://m.media-amazon.com/images/I/61jLcIs0YCL._AC_UY218_.jpg,2025-09-04T18:51:56.990562,Description non disponible depuis la recherche,Stock non disponible,ISBN non disponible,Éditeur non disponible,Date non disponible,Nombre de pages non disponible,Rang de vente non disponible,Religion,69.0,,
Tuesdays with Morrie,https://www.amazon.fr/Tuesdays-Morrie-Mitch-Albom/dp/0385496494/ref=sr_1_1096,"7,50 €",Mitch Albom,"4,7 sur 5 étoiles, détails de l’évaluation",40 088,Broché,https://m.media-amazon.com/images/I/71nUyVAUJfL._AC_UY218_.jpg,2025-09-04T18:51:56.994548,Description non disponible depuis la recherche,Stock non disponible,ISBN non disponible,Éditeur non disponible,Date non disponible,Nombre de pages non disponible,Rang de vente non disponible,Religion,69.0,,
Se faire opérer,https://www.amazon.fr/Se-faire-op%C3%A9rer-Agn%C3%A8s-Cathala/dp/2408040108/ref=sr_1_1097,"7,90 €",Agnès Cathala,"4,8 sur 5 étoiles, détails de l’évaluation",66,Relié,https://m.media-amazon.com/images/I/61mL4evlGML._AC_UY218_.jpg,2025-09-04T18:51:56.997297,Description non disponible depuis la recherche,Stock non disponible,ISBN non disponible,Éditeur non disponible,Date non disponible,Nombre de pages non disponible,Rang de vente non disponible,Religion,69.0,,
Jane Eyre,https://www.amazon.fr/Jane-Eyre-Charlotte-BRONT%C3%8B/dp/B08KJ556SP/ref=sr_1_1098,"9,90 €",Charlotte BRONTË,"4,7 sur 5 étoiles, détails de l’évaluation",93,Broché,https://m.media-amazon.com/images/I/81j+FT-5EfL._AC_UY218_.jpg,2025-09-04T18:51:56.999612,Description non disponible depuis la recherche,Stock non disponible,ISBN non disponible,Éditeur non disponible,Date non disponible,Nombre de pages non disponible,Rang de vente non disponible,Religion,69.0,,
The Literary Commentary in English - A Survival Kit: Méthodes et techniques du commentaire littéraire,https://www.amazon.fr/Literary-Commentary-English-techniques-commentaire/dp/2708017020/ref=sr_1_1101,"22,00 €",de Angélique Crozier-Simon et Lydie Quinty-Sudre | 10 avril 2025,Note non disponible,0 avis,Broché,https://m.media-amazon.com/images/I/81ZYYQ2qldL._AC_UY218_.jpg,2025-09-04T18:51:57.008860,Description non disponible depuis la recherche,Stock non disponible,ISBN non disponible,Éditeur non disponible,Date non disponible,Nombre de pages non disponible,Rang de vente non disponible,Religion,69.0,,
Minecraft - Superbes constructions,https://www.amazon.fr/Minecraft-Superbes-constructions-Collectif/dp/207518819X/ref=sr_1_1102,"12,50 €","de Collectif, Ryan Marsh, et al. | 15 juin 2023","4,7 sur 5 étoiles, détails de l’évaluation",40,Poche,https://m.media-amazon.com/images/I/717rVlCDJyL._AC_UY218_.jpg,2025-09-04T18:51:57.011786,Description non disponible depuis la recherche,Stock non disponible,ISBN non disponible,Éditeur non disponible,Date non disponible,Nombre de pages non disponible,Rang de vente non disponible,Religion,69.0,,
Physique MP/MP* MPI/MPI*,https://www.amazon.fr/Physique-MP-MPI/dp/2340066824/ref=sr_1_1103,"47,00 €","de Régis Bourdin, Ludovic Menguy, et al. | 17 mai 2022","4,9 sur 5 étoiles, détails de l’évaluation",10,Broché,https://m.media-amazon.com/images/I/61QUz84gKML._AC_UY218_.jpg,2025-09-04T18:51:57.015187,Description non disponible depuis la recherche,Stock non disponible,ISBN non disponible,Éditeur non disponible,Date non disponible,Nombre de pages non disponible,Rang de vente non disponible,Religion,69.0,,
Les Petits Devoirs - Français CE2,https://www.amazon.fr/Petits-Devoirs-Fran%C3%A7ais-CE2/dp/2369409185/ref=sr_1_1104,"10,95 €",Brigitte Guigui,"4,4 sur 5 étoiles, détails de l’évaluation",47,Broché,https://m.media-amazon.com/images/I/71b2TI4bnUL._AC_UY218_.jpg,2025-09-04T18:51:57.017202,Description non disponible depuis la recherche,Stock non disponible,ISBN non disponible,Éditeur non disponible,Date non disponible,Nombre de pages non disponible,Rang de vente non disponible,Religion,69.0,,
Lectures CE1 - Livre de l'élève: Collection Rue des Contes,https://www.amazon.fr/Lectures-CE1-Marie-Claude-Duval-Vasseur/dp/221065680X/ref=sr_1_1105,"16,20 €",Marie-Claude Duval,"4,7 sur 5 étoiles, détails de l’évaluation",101,Broché,https://m.media-amazon.com/images/I/91odS83ofSL._AC_UY218_.jpg,2025-09-04T18:51:57.020071,Description non disponible depuis la recherche,Stock non disponible,ISBN non disponible,Éditeur non disponible,Date non disponible,Nombre de pages non disponible,Rang de vente non disponible,Religion,69.0,,
Cahier d'écriture Chinoise: Sheng Zi Ben Papier avec Repère et un Interligne pour écrire le Pinyin | 168 Cases par page pour Apprendre les Caractères ... et Mandarin pour Débutants et Enfants | A4,https://www.amazon.fr/Cahier-d%C3%A9criture-Chinoise-Interligne-Caract%C3%A8res/dp/B0BSJPZTQ3/ref=sr_1_1106,"8,50 €",de Svayduknu Choominefra | 20 janvier 2023,"4,8 sur 5 étoiles, détails de l’évaluation",8,Broché,https://m.media-amazon.com/images/I/61YWSqtzG8L._AC_UY218_.jpg,2025-09-04T18:51:57.022394,Description non disponible depuis la recherche,Stock non disponible,ISBN non disponible,Éditeur non disponible,Date non disponible,Nombre de pages non disponible,Rang de vente non disponible,Religion,69.0,,
Evet! - Premiers pas en turc - A1/A2,https://www.amazon.fr/Evet-Premiers-pas-turc-A1/dp/2340064139/ref=sr_1_1107,"19,50 €",de Deniz Töreli Esnault | 8 février 2022,"4,8 sur 5 étoiles, détails de l’évaluation",16,Broché,https://m.media-amazon.com/images/I/61+H5coXv4L._AC_UY218_.jpg,2025-09-04T18:51:57.025547,Description non disponible depuis la recherche,Stock non disponible,ISBN non disponible,Éditeur non disponible,Date non disponible,Nombre de pages non disponible,Rang de vente non disponible,Religion,69.0,,
Le Magicien des couleurs,https://www.amazon.fr/Magicien-couleurs-Lobel/dp/221109631X/ref=sr_1_1108,"6,00 €",Lobel,"4,6 sur 5 étoiles, détails de l’évaluation",169,Poche,https://m.media-amazon.com/images/I/71cvVlSt-cL._AC_UY218_.jpg,2025-09-04T18:51:57.027639,Description non disponible depuis la recherche,Stock non disponible,ISBN non disponible,Éditeur non disponible,Date non disponible,Nombre de pages non disponible,Rang de vente non disponible,Religion,69.0,,
"Fortune de France, tome 2 : En nos vertes années",https://www.amazon.fr/Fortune-France-nos-vertes-ann%C3%A9es/dp/2253135364/ref=sr_1_1107,"9,90 €",Robert Merle,"4,7 sur 5 étoiles, détails de l’évaluation",163,Poche,https://m.media-amazon.com/images/I/815oH1ej1vL._AC_UY218_.jpg,2025-09-04T18:52:08.198617,Description non disponible depuis la recherche,Stock non disponible,ISBN non disponible,Éditeur non disponible,Date non disponible,Nombre de pages non disponible,Rang de vente non disponible,Religion,70.0,,
"Atlas de la mondialisation: Tensions, crises et basculement du monde",https://www.amazon.fr/Atlas-mondialisation-Tensions-crises-basculement/dp/2080487620/ref=sr_1_1108,"24,00 €",Laurent Carroué,"4,7 sur 5 étoiles, détails de l’évaluation",42,Broché,https://m.media-amazon.com/images/I/81ABdI7uRBL._AC_UY218_.jpg,2025-09-04T18:52:08.201311,Description non disponible depuis la recherche,Stock non disponible,ISBN non disponible,Éditeur non disponible,Date non disponible,Nombre de pages non disponible,Rang de vente non disponible,Religion,70.0,,
The Guide,https://www.amazon.fr/Guide-Anglais-Outils-m%C3%A9thodes-r%C3%A9f%C3%A9rences/dp/2091674753/ref=sr_1_1109,"20,40 €",de Françoise Grellet | 3 mars 2022,"4,5 sur 5 étoiles, détails de l’évaluation",5,Relié,https://m.media-amazon.com/images/I/61CJEMQU1oL._AC_UY218_.jpg,2025-09-04T18:52:08.203941,Description non disponible depuis la recherche,Stock non disponible,ISBN non disponible,Éditeur non disponible,Date non disponible,Nombre de pages non disponible,Rang de vente non disponible,Religion,70.0,,
Sciences industrielles de l'ingénieur MP/MP* - PSI/PSI* - Programme 2022,https://www.amazon.fr/Sciences-industrielles-ling%C3%A9nieur-MP-PSI/dp/2340066662/ref=sr_1_1110,"37,00 €",Patrick Beynet,"4,4 sur 5 étoiles, détails de l’évaluation",19,Broché,https://m.media-amazon.com/images/I/61j+867zJLL._AC_UY218_.jpg,2025-09-04T18:52:08.206746,Description non disponible depuis la recherche,Stock non disponible,ISBN non disponible,Éditeur non disponible,Date non disponible,Nombre de pages non disponible,Rang de vente non disponible,Religion,70.0,,
Mini-guide - Trouvez le bon mot - Plus de 125 000 synonymes pour éviter les répétitions !,https://www.amazon.fr/Mini-guide-Trouvez-synonymes-%C3%A9viter-r%C3%A9p%C3%A9titions/dp/2321018712/ref=sr_1_1111,"5,90 €",de Collectif | 26 décembre 2022,"4,8 sur 5 étoiles, détails de l’évaluation",21,Broché,https://m.media-amazon.com/images/I/617c3S+n-TL._AC_UY218_.jpg,2025-09-04T18:52:08.209285,Description non disponible depuis la recherche,Stock non disponible,ISBN non disponible,Éditeur non disponible,Date non disponible,Nombre de pages non disponible,Rang de vente non disponible,Religion,70.0,,
"Jeux de Mots Mêlés en Japonais - Hiragana & Katakana - 747 mots - niveau JLPT N5/N4: Joue, écris, retiens ! - Vocabulaire Débutant",https://www.amazon.fr/Jeux-Mots-M%C3%AAl%C3%A9s-Japonais-Vocabulaire/dp/B0D6KCFQRX/ref=sr_1_1112,"11,99 €",Hinata Sensei,"4,8 sur 5 étoiles, détails de l’évaluation",20,Broché,https://m.media-amazon.com/images/I/71zL3YJZJNL._AC_UY218_.jpg,2025-09-04T18:52:08.211295,Description non disponible depuis la recherche,Stock non disponible,ISBN non disponible,Éditeur non disponible,Date non disponible,Nombre de pages non disponible,Rang de vente non disponible,Religion,70.0,,
Encyclopédie des euphémismes contemporains et autres manipulations militantes de la langue,https://www.amazon.fr/Encyclop%C3%A9die-euph%C3%A9mismes-contemporains-manipulations-militantes/dp/220416481X/ref=sr_1_1113,"22,00 €",de Biasoni sami et BIASONI SAMI | 11 septembre 2025,Note non disponible,0 avis,Broché,https://m.media-amazon.com/images/I/71gJ1N70mwL._AC_UY218_.jpg,2025-09-04T18:52:08.213855,Description non disponible depuis la recherche,Stock non disponible,ISBN non disponible,Éditeur non disponible,Date non disponible,Nombre de pages non disponible,Rang de vente non disponible,Religion,70.0,,
Qui suis-je,https://www.amazon.fr/Qui-suis-je-XXX/dp/2371047376/ref=sr_1_1114,"9,90 €",de XXX | 5 octobre 2022,"4,7 sur 5 étoiles, détails de l’évaluation",37,Broché,https://m.media-amazon.com/images/I/61z786CZXpL._AC_UY218_.jpg,2025-09-04T18:52:08.216451,Description non disponible depuis la recherche,Stock non disponible,ISBN non disponible,Éditeur non disponible,Date non disponible,Nombre de pages non disponible,Rang de vente non disponible,Religion,70.0,,
Romeo and Juliet (2009 edition): Oxford School Shakespeare,https://www.amazon.fr/Romeo-Juliet-2009-Oxford-Shakespeare/dp/019832166X/ref=sr_1_1117,"7,99 €",William Shakespeare,"4,6 sur 5 étoiles, détails de l’évaluation",3 025,Broché,https://m.media-amazon.com/images/I/71E0jWtpHeL._AC_UY218_.jpg,2025-09-04T18:52:08.225908,Description non disponible depuis la recherche,Stock non disponible,ISBN non disponible,Éditeur non disponible,Date non disponible,Nombre de pages non disponible,Rang de vente non disponible,Religion,70.0,,
Premiers pas en latin,https://www.amazon.fr/Premiers-pas-latin-Sarah-Bach/dp/2035973155/ref=sr_1_1118,"5,95 €",Sarah Bach,"4,4 sur 5 étoiles, détails de l’évaluation",134,Broché,https://m.media-amazon.com/images/I/81ILuZ89NCL._AC_UY218_.jpg,2025-09-04T18:52:08.227828,Description non disponible depuis la recherche,Stock non disponible,ISBN non disponible,Éditeur non disponible,Date non disponible,Nombre de pages non disponible,Rang de vente non disponible,Religion,70.0,,
Vocabulaire progressif du français - Niveau intermédiaire (A2/B1) - Livre + CD + Appli-web - 3ème édition,https://www.amazon.fr/Vocabulaire-progressif-fran%C3%A7ais-interm%C3%A9diaire-Appli-web/dp/2090380152/ref=sr_1_1119,"27,30 €",Claire Miquel,"4,7 sur 5 étoiles, détails de l’évaluation",268,Broché,https://m.media-amazon.com/images/I/61ALCd2tNcL._AC_UY218_.jpg,2025-09-04T18:52:08.229858,Description non disponible depuis la recherche,Stock non disponible,ISBN non disponible,Éditeur non disponible,Date non disponible,Nombre de pages non disponible,Rang de vente non disponible,Religion,70.0,,
English with Maud - Comment éviter les 100 pires erreurs en anglais ?,https://www.amazon.fr/English-Maud-Comment-erreurs-anglais/dp/2036043380/ref=sr_1_1120,"15,95 €",de Maud Vuaillat | 6 septembre 2023,"4,8 sur 5 étoiles, détails de l’évaluation",228,Broché,https://m.media-amazon.com/images/I/7197H+kT-+L._AC_UY218_.jpg,2025-09-04T18:52:08.233108,Description non disponible depuis la recherche,Stock non disponible,ISBN non disponible,Éditeur non disponible,Date non disponible,Nombre de pages non disponible,Rang de vente non disponible,Religion,70.0,,
300 dictées d’écrivains: 200 textes d'écrivains - 50 textes de presse - 50 textes grammaticaux,https://www.amazon.fr/300-dict%C3%A9es-decrivains-commentaires-explications/dp/2807326323/ref=sr_1_1121,"24,90 €",Maurice Grevisse,"4,2 sur 5 étoiles, détails de l’évaluation",23,Broché,https://m.media-amazon.com/images/I/71ZgCrrZkSS._AC_UY218_.jpg,2025-09-04T18:52:08.236135,Description non disponible depuis la recherche,Stock non disponible,ISBN non disponible,Éditeur non disponible,Date non disponible,Nombre de pages non disponible,Rang de vente non disponible,Religion,70.0,,
Imagier CATEGO PHONO -Maternelle - Ed. 2018,https://www.amazon.fr/Imagier-CATEGO-PHONO-Maternelle-2018/dp/2401044728/ref=sr_1_1122,"56,70 €","de Sylvie Cèbe, Jean-Louis Paour, et al. | 26 avril 2018","4,4 sur 5 étoiles, détails de l’évaluation",43,Broché,https://m.media-amazon.com/images/I/81oWv6rSWRL._AC_UY218_.jpg,2025-09-04T18:52:08.238993,Description non disponible depuis la recherche,Stock non disponible,ISBN non disponible,Éditeur non disponible,Date non disponible,Nombre de pages non disponible,Rang de vente non disponible,Religion,70.0,,
QCM L1 Droit: 200 QCM d'Entraînement : Réussissez vos Examens de Licence 1 Droit,https://www.amazon.fr/QCM-L1-Droit-dEntra%C3%AEnement-R%C3%A9ussissez/dp/B0CMDD2HFD/ref=sr_1_1123,"12,90 €",de QCM Factory | 1 novembre 2023,"5,0 sur 5 étoiles, détails de l’évaluation",6,Broché,https://m.media-amazon.com/images/I/61iTXKdf2AL._AC_UY218_.jpg,2025-09-04T18:52:08.241454,Description non disponible depuis la recherche,Stock non disponible,ISBN non disponible,Éditeur non disponible,Date non disponible,Nombre de pages non disponible,Rang de vente non disponible,Religion,70.0,,
Agenda scolaire Sports Cars 2025-2026,https://www.amazon.fr/Agenda-scolaire-Sports-Cars-2025-2026/dp/2380585822/ref=sr_1_1124,"11,90 €",de Collectif | 5 juin 2025,"5,0 sur 5 étoiles, détails de l’évaluation",1,Relié,https://m.media-amazon.com/images/I/61Yt8crtprL._AC_UY218_.jpg,2025-09-04T18:52:08.244187,Description non disponible depuis la recherche,Stock non disponible,ISBN non disponible,Éditeur non disponible,Date non disponible,Nombre de pages non disponible,Rang de vente non disponible,Religion,70.0,,
English with Maud - Comment éviter les 100 pires erreurs en anglais ?,https://www.amazon.fr/English-Maud-Comment-erreurs-anglais/dp/2036043380/ref=sr_1_1123,"15,95 €",de Maud Vuaillat | 6 septembre 2023,"4,8 sur 5 étoiles, détails de l’évaluation",228,Broché,https://m.media-amazon.com/images/I/7197H+kT-+L._AC_UY218_.jpg,2025-09-04T12:08:22.632418,Description non disponible depuis la recherche,Stock non disponible,ISBN non disponible,Éditeur non disponible,Date non disponible,Nombre de pages non disponible,Rang de vente non disponible,Religion,71.0,,
300 dictées d’écrivains: 200 textes d'écrivains - 50 textes de presse - 50 textes grammaticaux,https://www.amazon.fr/300-dict%C3%A9es-decrivains-commentaires-explications/dp/2807326323/ref=sr_1_1124,"24,90 €",Maurice Grevisse,"4,2 sur 5 étoiles, détails de l’évaluation",23,Broché,https://m.media-amazon.com/images/I/71ZgCrrZkSS._AC_UY218_.jpg,2025-09-04T12:08:22.635374,Description non disponible depuis la recherche,Stock non disponible,ISBN non disponible,Éditeur non disponible,Date non disponible,Nombre de pages non disponible,Rang de vente non disponible,Religion,71.0,,
Imagier CATEGO PHONO -Maternelle - Ed. 2018,https://www.amazon.fr/Imagier-CATEGO-PHONO-Maternelle-2018/dp/2401044728/ref=sr_1_1125,"56,70 €","de Sylvie Cèbe, Jean-Louis Paour, et al. | 26 avril 2018","4,4 sur 5 étoiles, détails de l’évaluation",43,Broché,https://m.media-amazon.com/images/I/81oWv6rSWRL._AC_UY218_.jpg,2025-09-04T12:08:22.638177,Description non disponible depuis la recherche,Stock non disponible,ISBN non disponible,Éditeur non disponible,Date non disponible,Nombre de pages non disponible,Rang de vente non disponible,Religion,71.0,,
QCM L1 Droit: 200 QCM d'Entraînement : Réussissez vos Examens de Licence 1 Droit,https://www.amazon.fr/QCM-L1-Droit-dEntra%C3%AEnement-R%C3%A9ussissez/dp/B0CMDD2HFD/ref=sr_1_1126,"12,90 €",de QCM Factory | 1 novembre 2023,"5,0 sur 5 étoiles, détails de l’évaluation",6,Broché,https://m.media-amazon.com/images/I/61iTXKdf2AL._AC_UY218_.jpg,2025-09-04T12:08:22.640539,Description non disponible depuis la recherche,Stock non disponible,ISBN non disponible,Éditeur non disponible,Date non disponible,Nombre de pages non disponible,Rang de vente non disponible,Religion,71.0,,
Agenda scolaire Sports Cars 2025-2026,https://www.amazon.fr/Agenda-scolaire-Sports-Cars-2025-2026/dp/2380585822/ref=sr_1_1127,"11,90 €",de Collectif | 5 juin 2025,"5,0 sur 5 étoiles, détails de l’évaluation",1,Relié,https://m.media-amazon.com/images/I/61Yt8crtprL._AC_UY218_.jpg,2025-09-04T12:08:22.643225,Description non disponible depuis la recherche,Stock non disponible,ISBN non disponible,Éditeur non disponible,Date non disponible,Nombre de pages non disponible,Rang de vente non disponible,Religion,71.0,,
Dictionnaire Le Robert & Collins Maxi Plus allemand et sa version numérique à télécharger PC - Nouvelle édition,https://www.amazon.fr/Dictionnaire-Collins-allemand-num%C3%A9rique-t%C3%A9l%C3%A9charger/dp/2321017848/ref=sr_1_1128,"21,90 €",de Collectif | 16 juin 2022,"4,2 sur 5 étoiles, détails de l’évaluation",20,Relié,https://m.media-amazon.com/images/I/61wFQ18amwL._AC_UY218_.jpg,2025-09-04T12:08:22.645881,Description non disponible depuis la recherche,Stock non disponible,ISBN non disponible,Éditeur non disponible,Date non disponible,Nombre de pages non disponible,Rang de vente non disponible,Religion,71.0,,
La guerre des semi-conducteurs: Un conflit mondial pour une technologie vitale,https://www.amazon.fr/guerre-semi-conducteurs-conflit-mondial-technologie/dp/2810012016/ref=sr_1_1129,"23,00 €",de Chris Miller | 15 mai 2024,"4,6 sur 5 étoiles, détails de l’évaluation",70,Broché,https://m.media-amazon.com/images/I/718evWxbS4L._AC_UY218_.jpg,2025-09-04T12:08:22.649061,Description non disponible depuis la recherche,Stock non disponible,ISBN non disponible,Éditeur non disponible,Date non disponible,Nombre de pages non disponible,Rang de vente non disponible,Religion,71.0,,
Atlas des routes de France 2025,https://www.amazon.fr/Atlas-routes-France-2025-Collectif/dp/2263187928/ref=sr_1_1130,"25,00 €",de Collectif | 30 mai 2024,"4,3 sur 5 étoiles, détails de l’évaluation",14,Relié,https://m.media-amazon.com/images/I/71q8WhimiGL._AC_UY218_.jpg,2025-09-04T12:08:22.651595,Description non disponible depuis la recherche,Stock non disponible,ISBN non disponible,Éditeur non disponible,Date non disponible,Nombre de pages non disponible,Rang de vente non disponible,Religion,71.0,,
L'Atlas Gallimard Jeunesse: Un outil indispensable pour le collège et le lycée,https://www.amazon.fr/LAtlas-Gallimard-Jeunesse-indispensable-coll%C3%A8ge/dp/207518481X/ref=sr_1_1133,"24,95 €","de Collectif, Sylvie Deraime, et al. | 1 juin 2023","5,0 sur 5 étoiles, détails de l’évaluation",10,Broché,https://m.media-amazon.com/images/I/71RZTwsZq1L._AC_UY218_.jpg,2025-09-04T12:08:22.659992,Description non disponible depuis la recherche,Stock non disponible,ISBN non disponible,Éditeur non disponible,Date non disponible,Nombre de pages non disponible,Rang de vente non disponible,Religion,71.0,,
L'Art du mot juste: 275 propositions pour enrichir son vocabulaire,https://www.amazon.fr/LArt-juste-propositions-enrichir-vocabulaire/dp/2757857908/ref=sr_1_1134,"7,90 €",de Valérie Mandera | 4 février 2016,"4,2 sur 5 étoiles, détails de l’évaluation",283,Poche,https://m.media-amazon.com/images/I/61Wm3yS8wxL._AC_UY218_.jpg,2025-09-04T12:08:22.662541,Description non disponible depuis la recherche,Stock non disponible,ISBN non disponible,Éditeur non disponible,Date non disponible,Nombre de pages non disponible,Rang de vente non disponible,Religion,71.0,,
Own It! Level 1 + Ebook,https://www.amazon.fr/Own-Level-1-Workbook-eBook/dp/100904351X/ref=sr_1_1135,"24,94 €","Édition en Anglais | de Vicki Durrant,Lynn,Anderson | 16 novembre 2021","4,8 sur 5 étoiles, détails de l’évaluation",67,Broché,https://m.media-amazon.com/images/I/61aAZtdqyCL._AC_UY218_.jpg,2025-09-04T12:08:22.665418,Description non disponible depuis la recherche,Stock non disponible,ISBN non disponible,Éditeur non disponible,Date non disponible,Nombre de pages non disponible,Rang de vente non disponible,Religion,71.0,,
Pilote de guerre,https://www.amazon.fr/Pilote-guerre-Antoine-Saint-Exup%C3%A9ry/dp/2070368246/ref=sr_1_1136,"8,00 €",Antoine de Saint-Exupéry,"4,4 sur 5 étoiles, détails de l’évaluation",276,Poche,https://m.media-amazon.com/images/I/81OLEa5N36L._AC_UY218_.jpg,2025-09-04T12:08:22.668172,Description non disponible depuis la recherche,Stock non disponible,ISBN non disponible,Éditeur non disponible,Date non disponible,Nombre de pages non disponible,Rang de vente non disponible,Religion,71.0,,
ANGLAIS Histoires courtes pour Débutants: 20 histoires courtes captivantes pour apprendre l’anglais et améliorer son vocabulaire en s’amusant !,https://www.amazon.fr/ANGLAIS-Histoires-courtes-pour-D%C3%A9butants/dp/B0CMWT89ZH/ref=sr_1_1137,"14,90 €",LINGO FACILE,"4,4 sur 5 étoiles, détails de l’évaluation",62,Broché,https://m.media-amazon.com/images/I/61QkCmyDRJL._AC_UY218_.jpg,2025-09-04T12:08:22.670246,Description non disponible depuis la recherche,Stock non disponible,ISBN non disponible,Éditeur non disponible,Date non disponible,Nombre de pages non disponible,Rang de vente non disponible,Religion,71.0,,
Chinese Blockbuster 1: Learn to read simplified and traditional Chinese characters and to pronounce them in Mandarin by bringing their building blocks ... drama and memory tricks. (English Edition),https://www.amazon.fr/Chinese-Blockbuster-simplified-traditional-characters-ebook/dp/B06XBWNWRB/ref=sr_1_1138,"9,45 €",Gilbert-C. Remillard,"4,5 sur 5 étoiles, détails de l’évaluation",36,Format Kindle,https://m.media-amazon.com/images/I/81z-U79zoJL._AC_UY218_.jpg,2025-09-04T12:08:22.672934,Description non disponible depuis la recherche,Stock non disponible,ISBN non disponible,Éditeur non disponible,Date non disponible,Nombre de pages non disponible,Rang de vente non disponible,Religion,71.0,,
Essential Grammar in Use with Answers: A Self-Study Reference and Practice Book for Elementary Learners of English,https://www.amazon.fr/Essential-Grammar-Use-Answers-Self-Study/dp/1107480558/ref=sr_1_1139,"22,00 €",Raymond Murphy,"4,7 sur 5 étoiles, détails de l’évaluation",6 214,Broché,https://m.media-amazon.com/images/I/51UqCoR8T2L._AC_UY218_.jpg,2025-09-04T12:08:22.675349,Description non disponible depuis la recherche,Stock non disponible,ISBN non disponible,Éditeur non disponible,Date non disponible,Nombre de pages non disponible,Rang de vente non disponible,Religion,71.0,,
Bob Morane - Le Tigre des Lagunes: Tome 047,https://www.amazon.fr/Bob-Morane-Tigre-Lagunes-047/dp/B0FP6BQMNQ/ref=sr_1_1140,"14,88 €","de Henri Vernes, Les Editions Ananke, et al. | 29 août 2025",Note non disponible,0 avis,Broché,https://m.media-amazon.com/images/I/711s1cZNNHL._AC_UY218_.jpg,2025-09-04T12:08:22.678519,Description non disponible depuis la recherche,Stock non disponible,ISBN non disponible,Éditeur non disponible,Date non disponible,Nombre de pages non disponible,Rang de vente non disponible,Religion,71.0,,
Bréviaire des échecs,https://www.amazon.fr/Br%C3%A9viaire-%C3%A9checs-Xavier-Tartakover/dp/2253046205/ref=sr_1_1139,"8,70 €",Xavier Tartakover,"4,4 sur 5 étoiles, détails de l’évaluation",276,Poche,https://m.media-amazon.com/images/I/61Sw91nAeJL._AC_UY218_.jpg,2025-09-04T12:08:32.247295,Description non disponible depuis la recherche,Stock non disponible,ISBN non disponible,Éditeur non disponible,Date non disponible,Nombre de pages non disponible,Rang de vente non disponible,Religion,72.0,,
Les lectures de Théa: Romance contemporaine,https://www.amazon.fr/lectures-Th%C3%A9a-Romance-contemporaine-ebook/dp/B0FGQM3QM7/ref=sr_1_1140,"14,99 €",Hélène Jasmé,"4,6 sur 5 étoiles, détails de l’évaluation",248,Format Kindle,https://m.media-amazon.com/images/I/71UhCW7LS3L._AC_UY218_.jpg,2025-09-04T12:08:32.249741,Description non disponible depuis la recherche,Stock non disponible,ISBN non disponible,Éditeur non disponible,Date non disponible,Nombre de pages non disponible,Rang de vente non disponible,Religion,72.0,,
Papillon,https://www.amazon.fr/Papillon-Henri-Charri%C3%A8re/dp/2266118358/ref=sr_1_1141,"9,60 €",Henri Charrière,"4,6 sur 5 étoiles, détails de l’évaluation",787,Poche,https://m.media-amazon.com/images/I/716C+hYN2bL._AC_UY218_.jpg,2025-09-04T12:08:32.253059,Description non disponible depuis la recherche,Stock non disponible,ISBN non disponible,Éditeur non disponible,Date non disponible,Nombre de pages non disponible,Rang de vente non disponible,Religion,72.0,,
"Bescherelle - Rédiger et communiquer efficacement: pour optimiser ses écrits (CV, mail, compte-rendu, pages web...)",https://www.amazon.fr/R%C3%A9diger-communiquer-efficacement-optimiser-%C3%A9crits/dp/2401054545/ref=sr_1_1142,"12,99 €",Marie-Aline Sergent,"4,5 sur 5 étoiles, détails de l’évaluation",243,Broché,https://m.media-amazon.com/images/I/71hbLKBLv5L._AC_UY218_.jpg,2025-09-04T12:08:32.256065,Description non disponible depuis la recherche,Stock non disponible,ISBN non disponible,Éditeur non disponible,Date non disponible,Nombre de pages non disponible,Rang de vente non disponible,Religion,72.0,,
"Agrégation Anglais 2025 - Mouvements protestataires, contestations politiques et luttes sociales en Grande-Bretagne (1811-1914)",https://www.amazon.fr/Agr%C3%A9gation-Anglais-2025-protestataires-Grande-Bretagne/dp/2340094313/ref=sr_1_1143,"24,00 €",de Béatrice Laurent et collectif | 20 août 2024,"4,1 sur 5 étoiles, détails de l’évaluation",13,Broché,https://m.media-amazon.com/images/I/71MtsYwONBL._AC_UY218_.jpg,2025-09-04T12:08:32.259439,Description non disponible depuis la recherche,Stock non disponible,ISBN non disponible,Éditeur non disponible,Date non disponible,Nombre de pages non disponible,Rang de vente non disponible,Religion,72.0,,
"Fortune de France, tome 3 : Paris, ma bonne ville",https://www.amazon.fr/Fortune-France-Paris-bonne-ville/dp/225313550X/ref=sr_1_1144,"9,90 €",Robert Merle,"4,7 sur 5 étoiles, détails de l’évaluation",152,Poche,https://m.media-amazon.com/images/I/61e89Fmpl3L._AC_UY218_.jpg,2025-09-04T12:08:32.261913,Description non disponible depuis la recherche,Stock non disponible,ISBN non disponible,Éditeur non disponible,Date non disponible,Nombre de pages non disponible,Rang de vente non disponible,Religion,72.0,,
"Énigmes à tous les étages, Tome 06: Mythologie",https://www.amazon.fr/Enigmes-%C3%A0-tous-%C3%A9tages-MYTHOLOGIE/dp/B07PMLWY3J/ref=sr_1_1145,"12,90 €",Paul Martin,"4,7 sur 5 étoiles, détails de l’évaluation",469,Broché,https://m.media-amazon.com/images/I/81DTPxRpNzL._AC_UY218_.jpg,2025-09-04T12:08:32.264073,Description non disponible depuis la recherche,Stock non disponible,ISBN non disponible,Éditeur non disponible,Date non disponible,Nombre de pages non disponible,Rang de vente non disponible,Religion,72.0,,
Nexus: A Brief History of Information Networks from the Stone Age to AI,https://www.amazon.fr/Nexus-Brief-History-Information-Networks/dp/B0CSZ18L4R/ref=sr_1_1146,"0,00 €",Livres audio Audible,"4,6 sur 5 étoiles, détails de l’évaluation",7 403,Livres audio Audible,https://m.media-amazon.com/images/I/71vGJcPNbXL._AC_UY218_.jpg,2025-09-04T12:08:32.267377,Description non disponible depuis la recherche,Stock non disponible,ISBN non disponible,Éditeur non disponible,Date non disponible,Nombre de pages non disponible,Rang de vente non disponible,Religion,72.0,,
"INVESTIR EN BOURSE LES MEILLEURS ETF POUR PEA: PLUS DE PERFORMANCE, MOINS DE RISQUE, S’ENRICHIR INTELLIGEMMENT",https://www.amazon.fr/INVESTIR-BOURSE-MEILLEURS-POUR-INTELLIGEMMENT/dp/B0F1LBLBHS/ref=sr_1_1149,"13,90 €",de ALPHACRAFT INVEST | 14 mars 2025,"4,0 sur 5 étoiles, détails de l’évaluation",27,Broché,https://m.media-amazon.com/images/I/61TrlFc-6ZL._AC_UY218_.jpg,2025-09-04T12:08:32.275866,Description non disponible depuis la recherche,Stock non disponible,ISBN non disponible,Éditeur non disponible,Date non disponible,Nombre de pages non disponible,Rang de vente non disponible,Religion,72.0,,
La Jeune Fille à la perle,https://www.amazon.fr/Jeune-Fille-%C3%A0-perle/dp/2070417948/ref=sr_1_1150,"9,50 €",Tracy Chevalier,"4,4 sur 5 étoiles, détails de l’évaluation",826,Poche,https://m.media-amazon.com/images/I/81to5Djp-nL._AC_UY218_.jpg,2025-09-04T12:08:32.279540,Description non disponible depuis la recherche,Stock non disponible,ISBN non disponible,Éditeur non disponible,Date non disponible,Nombre de pages non disponible,Rang de vente non disponible,Religion,72.0,,
"Apprendre l'orthographe, 4e / 3e",https://www.amazon.fr/Apprendre-lorthographe-4e-Jeanine-Guion/dp/2218933454/ref=sr_1_1151,"12,99 €",Jean Guion,"4,6 sur 5 étoiles, détails de l’évaluation",107,Broché,https://m.media-amazon.com/images/I/716Eo1Xiq-L._AC_UY218_.jpg,2025-09-04T12:08:32.281696,Description non disponible depuis la recherche,Stock non disponible,ISBN non disponible,Éditeur non disponible,Date non disponible,Nombre de pages non disponible,Rang de vente non disponible,Religion,72.0,,
"Mon Bullet Journal Infirmier ! Tout pour réussir mon année !: Fiches de révision, schémas d'anatomie, planning de révision...",https://www.amazon.fr/Bullet-Journal-Infirmier-r%C3%A9ussir-ann%C3%A9e/dp/2294786807/ref=sr_1_1152,"17,90 €",de Justine ROSE | 12 juin 2024,"5,0 sur 5 étoiles, détails de l’évaluation",2,Broché,https://m.media-amazon.com/images/I/71nLDK+oW+L._AC_UY218_.jpg,2025-09-04T12:08:32.284358,Description non disponible depuis la recherche,Stock non disponible,ISBN non disponible,Éditeur non disponible,Date non disponible,Nombre de pages non disponible,Rang de vente non disponible,Religion,72.0,,
"""Les Mots croisés du journal """"Le Monde"""""": 80 grilles",https://www.amazon.fr/Mots-crois%C3%A9s-journal-Monde-grilles/dp/2757842838/ref=sr_1_1153,"6,95 €",de Philippe Dupuis | 15 mai 2014,"4,4 sur 5 étoiles, détails de l’évaluation",123,Poche,https://m.media-amazon.com/images/I/61iD97qu+AL._AC_UY218_.jpg,2025-09-04T12:08:32.286915,Description non disponible depuis la recherche,Stock non disponible,ISBN non disponible,Éditeur non disponible,Date non disponible,Nombre de pages non disponible,Rang de vente non disponible,Religion,72.0,,
Die Verlorene: Der neue fesselnde Roman der Bestsellerautorin von Elbleuchten (German Edition),https://www.amazon.fr/Die-Verlorene-fesselnde-Bestsellerautorin-Elbleuchten-ebook/dp/B0F4ZRLC5M/ref=sr_1_1154,"12,99 €",Miriam Georg,"4,2 sur 5 étoiles, détails de l’évaluation",20,Format Kindle,https://m.media-amazon.com/images/I/81pVmOTGJAL._AC_UY218_.jpg,2025-09-04T12:08:32.290205,Description non disponible depuis la recherche,Stock non disponible,ISBN non disponible,Éditeur non disponible,Date non disponible,Nombre de pages non disponible,Rang de vente non disponible,Religion,72.0,,
Bob Morane - Le Temple des Crocodiles: Tome 046,https://www.amazon.fr/Bob-Morane-Temple-Crocodiles-046/dp/B0FP517PMS/ref=sr_1_1155,"14,88 €","de Henri Vernes, Les Editions Ananke, et al. | 28 août 2025","5,0 sur 5 étoiles, détails de l’évaluation",1,Broché,https://m.media-amazon.com/images/I/6176FdKnKBL._AC_UY218_.jpg,2025-09-04T12:08:32.293144,Description non disponible depuis la recherche,Stock non disponible,ISBN non disponible,Éditeur non disponible,Date non disponible,Nombre de pages non disponible,Rang de vente non disponible,Religion,72.0,,
"700 dictées et exercices d'orthographe, spécial collège",https://www.amazon.fr/dict%C3%A9es-exercices-dorthographe-sp%C3%A9cial-coll%C3%A8ge/dp/2036024483/ref=sr_1_1156,"9,95 €",André Vulin,"4,5 sur 5 étoiles, détails de l’évaluation",44,Broché,https://m.media-amazon.com/images/I/71Y0I4d7O6L._AC_UY218_.jpg,2025-09-04T12:08:32.295185,Description non disponible depuis la recherche,Stock non disponible,ISBN non disponible,Éditeur non disponible,Date non disponible,Nombre de pages non disponible,Rang de vente non disponible,Religion,72.0,,
King Sejong Institute Practical Korean 2 Beginner: MP3 Audio Download,https://www.amazon.fr/Sejong-Institute-Practical-Korean-Beginner/dp/B0CN8WBR27/ref=sr_1_1155,"21,60 €",Édition en Coréen | de King Sejong Institute Foundation | 8 novembre 2023,"4,7 sur 5 étoiles, détails de l’évaluation",13,Broché,https://m.media-amazon.com/images/I/51IxwONaY7L._AC_UY218_.jpg,2025-09-04T12:08:41.677056,Description non disponible depuis la recherche,Stock non disponible,ISBN non disponible,Éditeur non disponible,Date non disponible,Nombre de pages non disponible,Rang de vente non disponible,Religion,73.0,,
Saturn's Moons: A W.G Sebald Handbook (English Edition),https://www.amazon.fr/Saturns-Moons-Sebald-Handbook-English-ebook/dp/B073RQJRH6/ref=sr_1_1156,"36,24 €",Édition en Anglais | de Jo Catling et Richard Hibbitt | 5 juillet 2017,"4,5 sur 5 étoiles, détails de l’évaluation",11,Format Kindle,https://m.media-amazon.com/images/I/51bYB--Nj3L._AC_UY218_.jpg,2025-09-04T12:08:41.681043,Description non disponible depuis la recherche,Stock non disponible,ISBN non disponible,Éditeur non disponible,Date non disponible,Nombre de pages non disponible,Rang de vente non disponible,Religion,73.0,,
Domain-Driven Design: Tackling Complexity in the Heart of Software,https://www.amazon.fr/Domain-Driven-Design-Tackling-Complexity-Software/dp/0321125215/ref=sr_1_1157,"65,05 €",Eric Evans,"4,6 sur 5 étoiles, détails de l’évaluation",1 452,Relié,https://m.media-amazon.com/images/I/81ykBjVaUjL._AC_UY218_.jpg,2025-09-04T12:08:41.684170,Description non disponible depuis la recherche,Stock non disponible,ISBN non disponible,Éditeur non disponible,Date non disponible,Nombre de pages non disponible,Rang de vente non disponible,Religion,73.0,,
La vraie méthode pour Apprendre l'Anglais rapidement: Guide Ultime Bilingue,https://www.amazon.fr/vraie-m%C3%A9thode-Apprendre-lAnglais-rapidement/dp/B08WP3LMT5/ref=sr_1_1158,"14,99 €",Romain Genovese,"4,1 sur 5 étoiles, détails de l’évaluation",130,Broché,https://m.media-amazon.com/images/I/61GRwEpp79L._AC_UY218_.jpg,2025-09-04T12:08:41.686406,Description non disponible depuis la recherche,Stock non disponible,ISBN non disponible,Éditeur non disponible,Date non disponible,Nombre de pages non disponible,Rang de vente non disponible,Religion,73.0,,
"Carte Départementale Loire-Atlantique, Vendée",https://www.amazon.fr/Carte-Loire-Atlantique-Vend%C3%A9e-Michelin-Collectif/dp/2067202189/ref=sr_1_1159,"6,50 €",Michelin,"4,8 sur 5 étoiles, détails de l’évaluation",175,Carte,https://m.media-amazon.com/images/I/81r+OKNJBlL._AC_UY218_.jpg,2025-09-04T12:08:41.688727,Description non disponible depuis la recherche,Stock non disponible,ISBN non disponible,Éditeur non disponible,Date non disponible,Nombre de pages non disponible,Rang de vente non disponible,Religion,73.0,,
1748OT Gavarnie luz-saint-sauveur pn des pyrenees,https://www.amazon.fr/1748OT-Gavarnie-luz-saint-sauveur-pn-pyrenees/dp/2758551861/ref=sr_1_1160,"14,10 €",Carte,"4,8 sur 5 étoiles, détails de l’évaluation",27,Carte,https://m.media-amazon.com/images/I/81Ui2yJE6zL._AC_UY218_.jpg,2025-09-04T12:08:41.690891,Description non disponible depuis la recherche,Stock non disponible,ISBN non disponible,Éditeur non disponible,Date non disponible,Nombre de pages non disponible,Rang de vente non disponible,Religion,73.0,,
"Ramsès, tome 1 : Le Fils de la lumière",https://www.amazon.fr/Rams%C3%A8s-1-lumi%C3%A8re-Christian-Jacq/dp/2266073354/ref=sr_1_1161,"8,10 €",Christian Jacq,"4,5 sur 5 étoiles, détails de l’évaluation",451,Poche,https://m.media-amazon.com/images/I/619SqjpsPML._AC_UY218_.jpg,2025-09-04T12:08:41.694698,Description non disponible depuis la recherche,Stock non disponible,ISBN non disponible,Éditeur non disponible,Date non disponible,Nombre de pages non disponible,Rang de vente non disponible,Religion,73.0,,
Adomania 2 - Cahier d'activités (A1-A2),https://www.amazon.fr/Adomania-Cahier-dactivit%C3%A9s-Parcours-digital/dp/2014015252/ref=sr_1_1162,"10,80 €",Céline Himber,"4,6 sur 5 étoiles, détails de l’évaluation",95,Broché,https://m.media-amazon.com/images/I/81oIaKX9yVL._AC_UY218_.jpg,2025-09-04T12:08:41.696915,Description non disponible depuis la recherche,Stock non disponible,ISBN non disponible,Éditeur non disponible,Date non disponible,Nombre de pages non disponible,Rang de vente non disponible,Religion,73.0,,
Le Bibliobus N° 31 CM - La Mythologie grecque - Livre de l'élève - Ed.2010,https://www.amazon.fr/mythologie-grecque-CM-cycle/dp/2011175070/ref=sr_1_1165,"9,10 €",Alain Dag'Naud,"4,7 sur 5 étoiles, détails de l’évaluation",82,Broché,https://m.media-amazon.com/images/I/71Ffu84WuVL._AC_UY218_.jpg,2025-09-04T12:08:41.704844,Description non disponible depuis la recherche,Stock non disponible,ISBN non disponible,Éditeur non disponible,Date non disponible,Nombre de pages non disponible,Rang de vente non disponible,Religion,73.0,,
Agenda de bord 2025/2026 professeur d’Italien: Carnet de bord A4 pour les enseignants,https://www.amazon.fr/Agenda-bord-2025-professeur-dItalien/dp/9403794119/ref=sr_1_1166,"11,90 €",Gringolivier editions,"5,0 sur 5 étoiles, détails de l’évaluation",1,Broché,https://m.media-amazon.com/images/I/71TCyd9WymL._AC_UY218_.jpg,2025-09-04T12:08:41.707027,Description non disponible depuis la recherche,Stock non disponible,ISBN non disponible,Éditeur non disponible,Date non disponible,Nombre de pages non disponible,Rang de vente non disponible,Religion,73.0,,
Les aventures de Tintin au pays des soviets,https://www.amazon.fr/aventures-Tintin-pays-soviets/dp/2203001003/ref=sr_1_1167,"12,50 €",Hergé,"4,7 sur 5 étoiles, détails de l’évaluation",665,Relié,https://m.media-amazon.com/images/I/614CKjTSRxL._AC_UY218_.jpg,2025-09-04T12:08:41.709428,Description non disponible depuis la recherche,Stock non disponible,ISBN non disponible,Éditeur non disponible,Date non disponible,Nombre de pages non disponible,Rang de vente non disponible,Religion,73.0,,
Français - Pack d'autocollants pour l'évaluation,https://www.amazon.fr/Pack-dautocollants-pour-l%C3%A9valuation-fran%C3%A7ais/dp/2356856560/ref=sr_1_1168,"11,90 €",de Collectif | 22 mai 2019,"4,8 sur 5 étoiles, détails de l’évaluation",74,Broché,https://m.media-amazon.com/images/I/817Zw2BwEpL._AC_UY218_.jpg,2025-09-04T12:08:41.712176,Description non disponible depuis la recherche,Stock non disponible,ISBN non disponible,Éditeur non disponible,Date non disponible,Nombre de pages non disponible,Rang de vente non disponible,Religion,73.0,,
Édito B2 - édition 2022-2024 - Livre + numérique inclus,https://www.amazon.fr/Edito-B2-%C3%A9dition-num%C3%A9rique-didierfle-app/dp/2278104306/ref=sr_1_1169,"24,80 €","de Marion Perrard, Elodie Heu, et al. | 8 mars 2022","4,6 sur 5 étoiles, détails de l’évaluation",44,Broché,https://m.media-amazon.com/images/I/81g2cK32WYL._AC_UY218_.jpg,2025-09-04T12:08:41.715031,Description non disponible depuis la recherche,Stock non disponible,ISBN non disponible,Éditeur non disponible,Date non disponible,Nombre de pages non disponible,Rang de vente non disponible,Religion,73.0,,
Histoire CM2 (+ CD-Rom),https://www.amazon.fr/Histoire-CM2-CD-Rom-Elsa-Bouteville/dp/2725635551/ref=sr_1_1170,"63,00 €",Elsa Bouteville,"4,7 sur 5 étoiles, détails de l’évaluation",62,Broché,https://m.media-amazon.com/images/I/61Oalb3zYRL._AC_UY218_.jpg,2025-09-04T12:08:41.717401,Description non disponible depuis la recherche,Stock non disponible,ISBN non disponible,Éditeur non disponible,Date non disponible,Nombre de pages non disponible,Rang de vente non disponible,Religion,73.0,,
Mon 1er Atlas Monde,https://www.amazon.fr/Mon-1er-Atlas-Monde-2nde/dp/2386140253/ref=sr_1_1171,"21,90 €","de Margot Boutges, Noémie Arnaud, et al. | 2 octobre 2024","3,7 sur 5 étoiles, détails de l’évaluation",10,Relié,https://m.media-amazon.com/images/I/71Jl7r2ra3L._AC_UY218_.jpg,2025-09-04T12:08:41.720463,Description non disponible depuis la recherche,Stock non disponible,ISBN non disponible,Éditeur non disponible,Date non disponible,Nombre de pages non disponible,Rang de vente non disponible,Religion,73.0,,
"Agenda Scolaire: Planificateur daté - Une page par jour - Danse classique pour les filles du collège, lycée et université",https://www.amazon.fr/Agenda-Scolaire-Planificateur-classique-universit%C3%A9/dp/B09XB2GXR1/ref=sr_1_1172,"11,99 €",de Eva-Claire Gagnon | 1 avril 2022,"4,4 sur 5 étoiles, détails de l’évaluation",10,Broché,https://m.media-amazon.com/images/I/618u26kRHgL._AC_UY218_.jpg,2025-09-04T12:08:41.723336,Description non disponible depuis la recherche,Stock non disponible,ISBN non disponible,Éditeur non disponible,Date non disponible,Nombre de pages non disponible,Rang de vente non disponible,Religion,73.0,,
Fleurs d'encre Français CM2 - Livre élève - Edition 2021,https://www.amazon.fr/Fleurs-dencre-Fran%C3%A7ais-CM2-Livre/dp/2017115487/ref=sr_1_1171,"17,70 €",Françoise Carrier,"4,6 sur 5 étoiles, détails de l’évaluation",23,Broché,https://m.media-amazon.com/images/I/91+Ljyy52cL._AC_UY218_.jpg,2025-09-04T12:08:51.295969,Description non disponible depuis la recherche,Stock non disponible,ISBN non disponible,Éditeur non disponible,Date non disponible,Nombre de pages non disponible,Rang de vente non disponible,Religion,74.0,,
Agenda de bord 2025/2026 Enseignant: Carnet de bord A4 pour les professeurs,https://www.amazon.fr/Agenda-bord-2025-2026-Enseignant/dp/940378640X/ref=sr_1_1172,"11,90 €",Agenda-enseignant editions,"5,0 sur 5 étoiles, détails de l’évaluation",1,Broché,https://m.media-amazon.com/images/I/71D0vH6ZclL._AC_UY218_.jpg,2025-09-04T12:08:51.297940,Description non disponible depuis la recherche,Stock non disponible,ISBN non disponible,Éditeur non disponible,Date non disponible,Nombre de pages non disponible,Rang de vente non disponible,Religion,74.0,,
"Les annales des (très) bien classés: EDN 2023 et 2024 : toutes les questions commentées, corrigées et analysées (mini-DP, QI, QROC, KFP, TCS et zone à pointer)",https://www.amazon.fr/annales-tr%C3%A8s-bien-class%C3%A9s-comment%C3%A9es/dp/2311666290/ref=sr_1_1173,"45,00 €","de Pier-Luka Pardo, Baptiste Roussanne, et al. | 25 avril 2025","5,0 sur 5 étoiles, détails de l’évaluation",1,Broché,https://m.media-amazon.com/images/I/71zvCkSLTTL._AC_UY218_.jpg,2025-09-04T12:08:51.300638,Description non disponible depuis la recherche,Stock non disponible,ISBN non disponible,Éditeur non disponible,Date non disponible,Nombre de pages non disponible,Rang de vente non disponible,Religion,74.0,,
1000 exercices d'orthographe spécial Lycée et +,https://www.amazon.fr/1000-exercices-dorthographe-Larousse/dp/2035979188/ref=sr_1_1174,"9,95 €",Line Sommant,"4,5 sur 5 étoiles, détails de l’évaluation",173,Broché,https://m.media-amazon.com/images/I/71drAgV-epL._AC_UY218_.jpg,2025-09-04T12:08:51.302722,Description non disponible depuis la recherche,Stock non disponible,ISBN non disponible,Éditeur non disponible,Date non disponible,Nombre de pages non disponible,Rang de vente non disponible,Religion,74.0,,
Géographie 1re (2019) - Manuel élève: Les dynamiques d'un monde en recomposition,https://www.amazon.fr/G%C3%A9ographie-1re-dynamiques-monde-recomposition/dp/2210112222/ref=sr_1_1175,Prix non disponible,"de Jacqueline Jalta, Jean-François Joly, et al. | 24 avril 2019","4,7 sur 5 étoiles, détails de l’évaluation",45,Broché,https://m.media-amazon.com/images/I/A1lMqguGoiL._AC_UY218_.jpg,2025-09-04T12:08:51.305384,Description non disponible depuis la recherche,Stock non disponible,ISBN non disponible,Éditeur non disponible,Date non disponible,Nombre de pages non disponible,Rang de vente non disponible,Religion,74.0,,
"Mon Manuel d'hypnose, les meilleures recettes: Ce qui fonctionne, ce qui fait progresser",https://www.amazon.fr/Mon-Manuel-dhypnose-meilleures-recettes/dp/2958981363/ref=sr_1_1176,"27,90 €",de Delphine GERMAIN et Jean DUPRÉ | 17 décembre 2024,"5,0 sur 5 étoiles, détails de l’évaluation",21,Broché,https://m.media-amazon.com/images/I/61NY7BOpDKL._AC_UY218_.jpg,2025-09-04T12:08:51.308017,Description non disponible depuis la recherche,Stock non disponible,ISBN non disponible,Éditeur non disponible,Date non disponible,Nombre de pages non disponible,Rang de vente non disponible,Religion,74.0,,
Lagarde et Michard : XIXe siècle : Les Grands Auteurs français du programme - Anthologie et Histoire littéraire,https://www.amazon.fr/Lagarde-Michard-programme-Anthologie-litt%C3%A9raire/dp/204016216X/ref=sr_1_1177,"39,00 €",de André Lagarde et Laurent Michard | 2 février 1993,"4,6 sur 5 étoiles, détails de l’évaluation",120,Relié,https://m.media-amazon.com/images/I/61mklq94K5L._AC_UY218_.jpg,2025-09-04T12:08:51.310818,Description non disponible depuis la recherche,Stock non disponible,ISBN non disponible,Éditeur non disponible,Date non disponible,Nombre de pages non disponible,Rang de vente non disponible,Religion,74.0,,
Parasitoses et mycoses: des régions tempérées et tropicales ; Réussir son DFASM - Connaissances clés,https://www.amazon.fr/Parasitoses-mycoses-temp%C3%A9r%C3%A9es-tropicales-Connaissances/dp/2294774310/ref=sr_1_1178,"39,00 €",ANOFEL,"4,3 sur 5 étoiles, détails de l’évaluation",9,Broché,https://m.media-amazon.com/images/I/71wmmEChPEL._AC_UY218_.jpg,2025-09-04T12:08:51.313696,Description non disponible depuis la recherche,Stock non disponible,ISBN non disponible,Éditeur non disponible,Date non disponible,Nombre de pages non disponible,Rang de vente non disponible,Religion,74.0,,
Dictionnaire abrégé latin-français,https://www.amazon.fr/Dictionnaire-abr%C3%A9g%C3%A9-latin-fran%C3%A7ais-F-Gaffiot/dp/2010024974/ref=sr_1_1181,"22,50 €",F. Gaffiot,"4,3 sur 5 étoiles, détails de l’évaluation",29,Broché,https://m.media-amazon.com/images/I/91cKo7iXdNL._AC_UY218_.jpg,2025-09-04T12:08:51.321837,Description non disponible depuis la recherche,Stock non disponible,ISBN non disponible,Éditeur non disponible,Date non disponible,Nombre de pages non disponible,Rang de vente non disponible,Religion,74.0,,
Storyfun for Starters Level 1 Student's Book with Online Activities and Home Fun Booklet 1,https://www.amazon.fr/Storyfun-Starters-Students-Activities-Booklet/dp/1316617017/ref=sr_1_1182,"21,30 €",Karen Saxby,"4,6 sur 5 étoiles, détails de l’évaluation",141,Poche,https://m.media-amazon.com/images/I/7141G9QROCL._AC_UY218_.jpg,2025-09-04T12:08:51.324403,Description non disponible depuis la recherche,Stock non disponible,ISBN non disponible,Éditeur non disponible,Date non disponible,Nombre de pages non disponible,Rang de vente non disponible,Religion,74.0,,
Dieu & Sorcière (Plume Noire),https://www.amazon.fr/Dieu-Sorcie%CC%80re-Angel-Arekin-ebook/dp/B0DPG8822B/ref=sr_1_1183,"9,99 €",Angel Arekin,"4,3 sur 5 étoiles, détails de l’évaluation",18,Format Kindle,https://m.media-amazon.com/images/I/81mW3nEjP3L._AC_UY218_.jpg,2025-09-04T12:08:51.327435,Description non disponible depuis la recherche,Stock non disponible,ISBN non disponible,Éditeur non disponible,Date non disponible,Nombre de pages non disponible,Rang de vente non disponible,Religion,74.0,,
Lecture silencieuse CE1- Pochette élève - Ed.2002,https://www.amazon.fr/Lecture-silencieuse-CE1-Martine-G%C3%A9hin/dp/2011163536/ref=sr_1_1184,"10,30 €",Martine Géhin,"4,8 sur 5 étoiles, détails de l’évaluation",132,Broché,https://m.media-amazon.com/images/I/91bx4mhgfUL._AC_UY218_.jpg,2025-09-04T12:08:51.329502,Description non disponible depuis la recherche,Stock non disponible,ISBN non disponible,Éditeur non disponible,Date non disponible,Nombre de pages non disponible,Rang de vente non disponible,Religion,74.0,,
3 mots par jour: Vocabulaire du Saint Coran,https://www.amazon.fr/mots-par-jour-Vocabulaire-Saint/dp/B0CMMDDCCX/ref=sr_1_1185,"17,05 €",Yam’s Teaching,"4,3 sur 5 étoiles, détails de l’évaluation",23,Broché,https://m.media-amazon.com/images/I/61JGBYRuaFL._AC_UY218_.jpg,2025-09-04T12:08:51.331480,Description non disponible depuis la recherche,Stock non disponible,ISBN non disponible,Éditeur non disponible,Date non disponible,Nombre de pages non disponible,Rang de vente non disponible,Religion,74.0,,
Édito A2 - édition 2022-2024 - Livre + numérique inclus,https://www.amazon.fr/Edito-A2-Livre-num%C3%A9rique-didierfle-app/dp/227810411X/ref=sr_1_1186,"22,50 €","de Caroline Spérandio, Marlène Dodin, et al. | 22 juin 2022","4,6 sur 5 étoiles, détails de l’évaluation",60,Broché,https://m.media-amazon.com/images/I/81Ip2dQr2CL._AC_UY218_.jpg,2025-09-04T12:08:51.334201,Description non disponible depuis la recherche,Stock non disponible,ISBN non disponible,Éditeur non disponible,Date non disponible,Nombre de pages non disponible,Rang de vente non disponible,Religion,74.0,,
100% FLE - Communication essentielle du français A1 - Livre + didierfle.app,https://www.amazon.fr/Communication-essentielle-fran%C3%A7ais-A1-Collection/dp/2278102257/ref=sr_1_1187,"21,90 €",de Marie-Laure Lions Oliviéri et Eugénie MOTTIRONI | 15 juillet 2021,"4,7 sur 5 étoiles, détails de l’évaluation",58,Livre de poche relié à la colle,https://m.media-amazon.com/images/I/618dLl3wu0L._AC_UY218_.jpg,2025-09-04T12:08:51.336881,Description non disponible depuis la recherche,Stock non disponible,ISBN non disponible,Éditeur non disponible,Date non disponible,Nombre de pages non disponible,Rang de vente non disponible,Religion,74.0,,
Never Split the Difference: Negotiating as if Your Life Depended on It,https://www.amazon.fr/Never-Split-Difference-Negotiating-Depended/dp/1847941494/ref=sr_1_1188,"11,49 €",Chris Voss,"4,6 sur 5 étoiles, détails de l’évaluation",47 084,Broché,https://m.media-amazon.com/images/I/61cxW8Axu1L._AC_UY218_.jpg,2025-09-04T12:08:51.341340,Description non disponible depuis la recherche,Stock non disponible,ISBN non disponible,Éditeur non disponible,Date non disponible,Nombre de pages non disponible,Rang de vente non disponible,Religion,74.0,,
Trampoline - Fichier de lecture-compréhension - CP,https://www.amazon.fr/Trampoline-Fichier-lecture-compr%C3%A9hension-Alain-Bondot/dp/2091243442/ref=sr_1_1187,"7,30 €",Alain Bondot,"4,6 sur 5 étoiles, détails de l’évaluation",85,Broché,https://m.media-amazon.com/images/I/61VV1Pj1GUL._AC_UY218_.jpg,2025-09-04T12:09:00.197466,Description non disponible depuis la recherche,Stock non disponible,ISBN non disponible,Éditeur non disponible,Date non disponible,Nombre de pages non disponible,Rang de vente non disponible,Religion,75.0,,
"Compact First. Student's Book without answers: Third edition. Student's Book without answers with Test and Train Class-based, Online Practice and enhanced eBook",https://www.amazon.fr/Compact-First-Students-without-answers/dp/312535448X/ref=sr_1_1188,"37,46 €",Édition en Anglais | 16 juin 2021,"4,4 sur 5 étoiles, détails de l’évaluation",15,Broché,https://m.media-amazon.com/images/I/61zt28eMieL._AC_UY218_.jpg,2025-09-04T12:09:00.200060,Description non disponible depuis la recherche,Stock non disponible,ISBN non disponible,Éditeur non disponible,Date non disponible,Nombre de pages non disponible,Rang de vente non disponible,Religion,75.0,,
100% FLE - Grammaire essentielle du français A2 - livre + didierfle.app,https://www.amazon.fr/100-FLE-Grammaire-essentielle-didierfle-app/dp/2278109243/ref=sr_1_1189,"22,40 €","de Ludivine Glaud, Muriel Lannier, et al. | 4 février 2015","5,0 sur 5 étoiles, détails de l’évaluation",6,Broché,https://m.media-amazon.com/images/I/61C+ZbS9MBL._AC_UY218_.jpg,2025-09-04T12:09:00.202792,Description non disponible depuis la recherche,Stock non disponible,ISBN non disponible,Éditeur non disponible,Date non disponible,Nombre de pages non disponible,Rang de vente non disponible,Religion,75.0,,
Physique 2e année MP/MP*,https://www.amazon.fr/Physique-2e-ann%C3%A9e-MP/dp/2340083397/ref=sr_1_1190,"39,00 €","de Christian Garing, Frédéric Paviet, et al. | 31 octobre 2023","5,0 sur 5 étoiles, détails de l’évaluation",4,Broché,https://m.media-amazon.com/images/I/71TKRqQMAyL._AC_UY218_.jpg,2025-09-04T12:09:00.206103,Description non disponible depuis la recherche,Stock non disponible,ISBN non disponible,Éditeur non disponible,Date non disponible,Nombre de pages non disponible,Rang de vente non disponible,Religion,75.0,,
200% TOEFL iBT,https://www.amazon.fr/200-TOEFL-iBT-Prepmyfuture/dp/2340105048/ref=sr_1_1191,"39,00 €",de Prepmyfuture | 15 juillet 2025,Note non disponible,0 avis,Broché,https://m.media-amazon.com/images/I/61i8-OzRFiL._AC_UY218_.jpg,2025-09-04T12:09:00.208580,Description non disponible depuis la recherche,Stock non disponible,ISBN non disponible,Éditeur non disponible,Date non disponible,Nombre de pages non disponible,Rang de vente non disponible,Religion,75.0,,
LEÇONS DE FRANÇAIS: FRANÇAIS PAS À PAS,https://www.amazon.fr/LE%C3%87ONS-FRAN%C3%87AIS-PAS-%C3%80/dp/B0DHJ4HDXY/ref=sr_1_1192,"69,60 €",de HUSEYIN GUREL et EMRIYE GUREL | 15 septembre 2024,"5,0 sur 5 étoiles, détails de l’évaluation",1,Broché,https://m.media-amazon.com/images/I/415qykJb9KL._AC_UY218_.jpg,2025-09-04T12:09:00.211131,Description non disponible depuis la recherche,Stock non disponible,ISBN non disponible,Éditeur non disponible,Date non disponible,Nombre de pages non disponible,Rang de vente non disponible,Religion,75.0,,
Trampoline - Fichier d'apprentissage du code - CP,https://www.amazon.fr/Trampoline-Fichier-dapprentissage-code-CP/dp/2091243450/ref=sr_1_1193,"7,30 €","de Alain Bondot, Christine Chevrier, et al. | 28 février 2020","4,8 sur 5 étoiles, détails de l’évaluation",64,Broché,https://m.media-amazon.com/images/I/61JwHmYna-L._AC_UY218_.jpg,2025-09-04T12:09:00.213862,Description non disponible depuis la recherche,Stock non disponible,ISBN non disponible,Éditeur non disponible,Date non disponible,Nombre de pages non disponible,Rang de vente non disponible,Religion,75.0,,
3637OT Mont viso st-veran aiguilles pnr du queyras,https://www.amazon.fr/3637OT-Mont-st-veran-aiguilles-queyras/dp/2758543338/ref=sr_1_1194,"14,10 €",Carte,"4,9 sur 5 étoiles, détails de l’évaluation",73,Carte,https://m.media-amazon.com/images/I/91pUJcBw89L._AC_UY218_.jpg,2025-09-04T12:09:00.215977,Description non disponible depuis la recherche,Stock non disponible,ISBN non disponible,Éditeur non disponible,Date non disponible,Nombre de pages non disponible,Rang de vente non disponible,Religion,75.0,,
Les petits devoirs - Orthographe CM2,https://www.amazon.fr/petits-devoirs-Orthographe-CM2/dp/2369408103/ref=sr_1_1197,"6,95 €",de Céline de Pontfarcy et Alice GRAVIER | 11 janvier 2023,"4,2 sur 5 étoiles, détails de l’évaluation",14,Broché,https://m.media-amazon.com/images/I/81sKwkysdbL._AC_UY218_.jpg,2025-09-04T12:09:00.224589,Description non disponible depuis la recherche,Stock non disponible,ISBN non disponible,Éditeur non disponible,Date non disponible,Nombre de pages non disponible,Rang de vente non disponible,Religion,75.0,,
The Tempest,https://www.amazon.fr/Oxford-School-Shakespeare-Tempest-William/dp/0198325002/ref=sr_1_1198,"8,72 €",William Shakespeare,"4,6 sur 5 étoiles, détails de l’évaluation",715,Broché,https://m.media-amazon.com/images/I/71bLS9tSq1L._AC_UY218_.jpg,2025-09-04T12:09:00.227084,Description non disponible depuis la recherche,Stock non disponible,ISBN non disponible,Éditeur non disponible,Date non disponible,Nombre de pages non disponible,Rang de vente non disponible,Religion,75.0,,
Grammatik aktiv - Deutsch als Fremdsprache,https://www.amazon.fr/Grammatik-aktiv-Verstehen-%C3%9Cbungsgrammatik-PagePlayer-App/dp/3061229655/ref=sr_1_1199,"31,95 €",Friederike Jin,"4,8 sur 5 étoiles, détails de l’évaluation",241,Livre de poche relié à la colle,https://m.media-amazon.com/images/I/51FqkxStzcL._AC_UY218_.jpg,2025-09-04T12:09:00.229968,Description non disponible depuis la recherche,Stock non disponible,ISBN non disponible,Éditeur non disponible,Date non disponible,Nombre de pages non disponible,Rang de vente non disponible,Religion,75.0,,
Mémento du germaniste,https://www.amazon.fr/M%C3%A9mento-du-germaniste-Jean-Pierre-Vasseur/dp/2950120962/ref=sr_1_1200,"13,00 €",Jean-Pierre Vasseur,"4,6 sur 5 étoiles, détails de l’évaluation",61,Broché,https://m.media-amazon.com/images/I/91jSKE2uyLL._AC_UY218_.jpg,2025-09-04T12:09:00.232117,Description non disponible depuis la recherche,Stock non disponible,ISBN non disponible,Éditeur non disponible,Date non disponible,Nombre de pages non disponible,Rang de vente non disponible,Religion,75.0,,
"Khâgnes 2026: Jean de Léry, Histoire d’un voyage faict en la terre du Brésil, Madame d'Aulnoy, Contes des Fées, Gérard de Nerval, Aurélia, Louis Aragon, Le Paysan de Paris",https://www.amazon.fr/Kh%C3%A2gnes-2026-Histoire-dAulnoy-Aur%C3%A9lia/dp/2384280570/ref=sr_1_1201,"25,00 €",de Collectif | 2 octobre 2025,Note non disponible,0 avis,Broché,https://m.media-amazon.com/images/I/51+ij6a9YmL._AC_UY218_.jpg,2025-09-04T12:09:00.234767,Description non disponible depuis la recherche,Stock non disponible,ISBN non disponible,Éditeur non disponible,Date non disponible,Nombre de pages non disponible,Rang de vente non disponible,Religion,75.0,,
Oxford Essential French Dictionary,https://www.amazon.fr/Oxford-Essential-French-Dictionary-Dictionaries/dp/0199576386/ref=sr_1_1202,"7,27 €",Édition en Multilingue | de Oxford Languages | 6 avril 2010,"4,6 sur 5 étoiles, détails de l’évaluation",1 954,Broché,https://m.media-amazon.com/images/I/71F42X1y5OL._AC_UY218_.jpg,2025-09-04T12:09:00.237535,Description non disponible depuis la recherche,Stock non disponible,ISBN non disponible,Éditeur non disponible,Date non disponible,Nombre de pages non disponible,Rang de vente non disponible,Religion,75.0,,
Francais 6e Cycle 3 Passeurs de textes : Livre unique - Nouveau programme 2016,https://www.amazon.fr/Francais-Cycle-Passeurs-textes-programme/dp/2321005300/ref=sr_1_1203,"26,90 €",de Collectif | 28 avril 2016,"4,5 sur 5 étoiles, détails de l’évaluation",26,Broché,https://m.media-amazon.com/images/I/61zsq-Xaj2L._AC_UY218_.jpg,2025-09-04T12:09:00.240438,Description non disponible depuis la recherche,Stock non disponible,ISBN non disponible,Éditeur non disponible,Date non disponible,Nombre de pages non disponible,Rang de vente non disponible,Religion,75.0,,
Le Vrai Savoir-Vivre: Le manuel phare de la belle époque : Perspectives du siècle dernier sur la politesse et les bonnes manières,https://www.amazon.fr/Vrai-Savoir-Vivre-Perspectives-politesse-mani%C3%A8res/dp/B0CVBH7M4W/ref=sr_1_1204,"18,90 €",de Les frères des écoles chrétiennes | 8 février 2024,"4,5 sur 5 étoiles, détails de l’évaluation",15,Broché,https://m.media-amazon.com/images/I/610-g-llW4L._AC_UY218_.jpg,2025-09-04T12:09:00.243771,Description non disponible depuis la recherche,Stock non disponible,ISBN non disponible,Éditeur non disponible,Date non disponible,Nombre de pages non disponible,Rang de vente non disponible,Religion,75.0,,
Le dictionnaire Larousse Junior et son dictionnaire en ligne - 7/11 ans - CE/CM,https://www.amazon.fr/dictionnaire-Larousse-Junior-son-ligne/dp/2036068731/ref=sr_1_19,"18,95 €",Larousse,"3,8 sur 5 étoiles, détails de l’évaluation",7,Relié,https://m.media-amazon.com/images/I/81ADnd-5pOL._AC_UY218_.jpg,2025-09-04T18:39:58.926740,Description non disponible depuis la recherche,Stock non disponible,ISBN non disponible,Éditeur non disponible,Date non disponible,Nombre de pages non disponible,Rang de vente non disponible,Religion,2.0,,
Bescherelle - Conjugaison (poche): l'essentiel de la conjugaison française,https://www.amazon.fr/Bescherelle-Conjugaison-lessentiel-conjugaison-fran%C3%A7aise/dp/2401113266/ref=sr_1_20,"4,50 €",de Collectif | 18 juin 2025,"4,8 sur 5 étoiles, détails de l’évaluation",10,Broché,https://m.media-amazon.com/images/I/61lEqPBotDL._AC_UY218_.jpg,2025-09-04T18:39:58.929842,Description non disponible depuis la recherche,Stock non disponible,ISBN non disponible,Éditeur non disponible,Date non disponible,Nombre de pages non disponible,Rang de vente non disponible,Religion,2.0,,
Cahier du professeur principal 2025/2026: Carnet A4 pour le suivi de la classe et des élèves,https://www.amazon.fr/Cahier-professeur-principal-2025-2026/dp/9403786450/ref=sr_1_21,"11,90 €",Gringolivier editions,"3,5 sur 5 étoiles, détails de l’évaluation",6,Broché,https://m.media-amazon.com/images/I/71TECvD7RkL._AC_UY218_.jpg,2025-09-04T18:39:58.931702,Description non disponible depuis la recherche,Stock non disponible,ISBN non disponible,Éditeur non disponible,Date non disponible,Nombre de pages non disponible,Rang de vente non disponible,Religion,2.0,,
"The méthode 2, apprendre l'anglais avec des chansons et des jeux, 6-8 ans: Version en noir et blanc",https://www.amazon.fr/m%C3%A9thode-apprendre-langlais-avec-chansons/dp/B089CK75T8/ref=sr_1_22,"26,36 €",Sylvie Hanot,"4,6 sur 5 étoiles, détails de l’évaluation",276,Broché,https://m.media-amazon.com/images/I/71lklTXRr2L._AC_UY218_.jpg,2025-09-04T18:39:58.934060,Description non disponible depuis la recherche,Stock non disponible,ISBN non disponible,Éditeur non disponible,Date non disponible,Nombre de pages non disponible,Rang de vente non disponible,Religion,2.0,,
La conjugaison espagnole,https://www.amazon.fr/conjugaison-espagnole-Alfredo-Gonzales-Hermoso/dp/2011252032/ref=sr_1_23,"9,50 €",de Alfredo Gonzales-Hermoso | 1 avril 1999,"4,7 sur 5 étoiles, détails de l’évaluation",586,Broché,https://m.media-amazon.com/images/I/61OPGO9Tb4L._AC_UY218_.jpg,2025-09-04T18:39:58.936777,Description non disponible depuis la recherche,Stock non disponible,ISBN non disponible,Éditeur non disponible,Date non disponible,Nombre de pages non disponible,Rang de vente non disponible,Religion,2.0,,
Dictionnaire Larousse poche Anglais,https://www.amazon.fr/Dictionnaire-Larousse-poche-Anglais/dp/2036021859/ref=sr_1_24,"9,95 €",Larousse,"4,7 sur 5 étoiles, détails de l’évaluation",383,Broché,https://m.media-amazon.com/images/I/81t2Ha9EjYL._AC_UY218_.jpg,2025-09-04T18:39:58.938965,Description non disponible depuis la recherche,Stock non disponible,ISBN non disponible,Éditeur non disponible,Date non disponible,Nombre de pages non disponible,Rang de vente non disponible,Religion,2.0,,
"Bescherelle - Maîtriser la grammaire anglaise (grammaire & exercices): lycée, classes préparatoires et université (B1-B2)",https://www.amazon.fr/Bescherelle-Ma%C3%AEtriser-grammaire-pr%C3%A9paratoires-universit%C3%A9/dp/2401094350/ref=sr_1_25,"12,99 €",Wilfrid Rotgé,"4,6 sur 5 étoiles, détails de l’évaluation",786,Broché,https://m.media-amazon.com/images/I/71IsQ+bP20L._AC_UY218_.jpg,2025-09-04T18:39:58.942603,Description non disponible depuis la recherche,Stock non disponible,ISBN non disponible,Éditeur non disponible,Date non disponible,Nombre de pages non disponible,Rang de vente non disponible,Religion,2.0,,
"THE méthode 3, apprendre l'anglais avec des saynètes et des jeux, cycle 3: Version couleur",https://www.amazon.fr/m%C3%A9thode-apprendre-langlais-sayn%C3%A8tes-cycle/dp/B0BZFC98N7/ref=sr_1_26,"45,48 €",Sylvie Hanot,"4,6 sur 5 étoiles, détails de l’évaluation",75,Broché,https://m.media-amazon.com/images/I/61uarrrRJML._AC_UY218_.jpg,2025-09-04T18:39:58.945183,Description non disponible depuis la recherche,Stock non disponible,ISBN non disponible,Éditeur non disponible,Date non disponible,Nombre de pages non disponible,Rang de vente non disponible,Religion,2.0,,
INVESTISSEZ VOTRE ÉPARGNE !: Le livre formation en finances personnelles pour mieux investir votre argent en 6 étapes,https://www.amazon.fr/INVESTISSEZ-VOTRE-%C3%89PARGNE-formation-personnelles/dp/2958779009/ref=sr_1_29,"36,00 €",Nicolas DECAUDAIN,"4,8 sur 5 étoiles, détails de l’évaluation",377,Broché,https://m.media-amazon.com/images/I/71CFjte8aLL._AC_UY218_.jpg,2025-09-04T18:39:58.953388,Description non disponible depuis la recherche,Stock non disponible,ISBN non disponible,Éditeur non disponible,Date non disponible,Nombre de pages non disponible,Rang de vente non disponible,Religion,2.0,,
Le dictionnaire Larousse du collège - 11/15 ans,https://www.amazon.fr/dictionnaire-Larousse-coll%C3%A8ge-11-ans/dp/2036068774/ref=sr_1_30,"22,95 €",Larousse,"4,5 sur 5 étoiles, détails de l’évaluation",4,Broché,https://m.media-amazon.com/images/I/81V72W2jKLL._AC_UY218_.jpg,2025-09-04T18:39:58.955286,Description non disponible depuis la recherche,Stock non disponible,ISBN non disponible,Éditeur non disponible,Date non disponible,Nombre de pages non disponible,Rang de vente non disponible,Religion,2.0,,
Dictionnaire Le Robert junior Poche Plus - 7/11 ans - CE-CM-6e - Nouvelle édition,https://www.amazon.fr/Dictionnaire-Robert-junior-Poche-Plus/dp/2321020024/ref=sr_1_31,"13,95 €",de Collectif | 23 mai 2024,"4,7 sur 5 étoiles, détails de l’évaluation",830,Relié,https://m.media-amazon.com/images/I/71TjBnhkXJL._AC_UY218_.jpg,2025-09-04T18:39:58.958572,Description non disponible depuis la recherche,Stock non disponible,ISBN non disponible,Éditeur non disponible,Date non disponible,Nombre de pages non disponible,Rang de vente non disponible,Religion,2.0,,
"Swan & Néo – Agenda 2025-2026 – Avec des stickers, des illustrations et des gags – Dès 7 ans",https://www.amazon.fr/Swan-N%C3%A9o-2025-2026-stickers-illustrations/dp/2821218699/ref=sr_1_32,"9,95 €",de Swan & Néo | 5 juin 2025,"4,8 sur 5 étoiles, détails de l’évaluation",11,Relié,https://m.media-amazon.com/images/I/71thXepd7TL._AC_UY218_.jpg,2025-09-04T18:39:58.961268,Description non disponible depuis la recherche,Stock non disponible,ISBN non disponible,Éditeur non disponible,Date non disponible,Nombre de pages non disponible,Rang de vente non disponible,Religion,2.0,,
"What's on... anglais cycle 4 / 5e - Workbook - éd. 2017: cahier, cahier d'exercices, cahier d'activités, TP",https://www.amazon.fr/Whats-anglais-cycle-dexercices-dactivit%C3%A9s/dp/201462724X/ref=sr_1_33,"9,50 €",James Windsor,"4,7 sur 5 étoiles, détails de l’évaluation",1 064,Broché,https://m.media-amazon.com/images/I/81cJ2jBt32L._AC_UY218_.jpg,2025-09-04T18:39:58.963570,Description non disponible depuis la recherche,Stock non disponible,ISBN non disponible,Éditeur non disponible,Date non disponible,Nombre de pages non disponible,Rang de vente non disponible,Religion,2.0,,
Gynécologie Obstétrique: Réussir ses EDN,https://www.amazon.fr/Gyn%C3%A9cologie-Obst%C3%A9trique-R%C3%A9ussir-ses-EDN/dp/2294780914/ref=sr_1_34,"39,00 €",de Collège National des Gynécologues et Obstétriciens Français | 23 octobre 2024,"3,9 sur 5 étoiles, détails de l’évaluation",16,Broché,https://m.media-amazon.com/images/I/71oJG8aOuAL._AC_UY218_.jpg,2025-09-04T18:39:58.967458,Description non disponible depuis la recherche,Stock non disponible,ISBN non disponible,Éditeur non disponible,Date non disponible,Nombre de pages non disponible,Rang de vente non disponible,Religion,2.0,,
Mon agenda 2025-2026,https://www.amazon.fr/Mon-agenda-2025-2026-Lutin-Bazar/dp/2725647703/ref=sr_1_35,"9,90 €",de Lutin Bazar et Sophie Autret | 19 juin 2025,"4,2 sur 5 étoiles, détails de l’évaluation",9,Relié,https://m.media-amazon.com/images/I/71+-qALQhrL._AC_UY218_.jpg,2025-09-04T18:39:58.970029,Description non disponible depuis la recherche,Stock non disponible,ISBN non disponible,Éditeur non disponible,Date non disponible,Nombre de pages non disponible,Rang de vente non disponible,Religion,2.0,,
The Big Picture - 6e édition,https://www.amazon.fr/Big-Picture-Vocabulaire-lactualit%C3%A9-anglais/dp/234006970X/ref=sr_1_36,"22,75 €",M. Jean Max Thomson,"4,5 sur 5 étoiles, détails de l’évaluation",78,Broché,https://m.media-amazon.com/images/I/613C62jB8wL._AC_UY218_.jpg,2025-09-04T18:39:58.973087,Description non disponible depuis la recherche,Stock non disponible,ISBN non disponible,Éditeur non disponible,Date non disponible,Nombre de pages non disponible,Rang de vente non disponible,Religion,2.0,,
"Pokémon – Agenda 2025-2026 – New – Avec des activités, des informations sur les Pokémon et des scènes de cherche-et-trouve – Dès 7 ans",https://www.amazon.fr/Pok%C3%A9mon-2025-2026-informations-cherche-trouve/dp/2821218656/ref=sr_1_35,"9,95 €",de The Pokémon Company | 5 juin 2025,"3,9 sur 5 étoiles, détails de l’évaluation",7,Relié,https://m.media-amazon.com/images/I/71unfdQba0L._AC_UY218_.jpg,2025-09-04T18:40:09.055770,Description non disponible depuis la recherche,Stock non disponible,ISBN non disponible,Éditeur non disponible,Date non disponible,Nombre de pages non disponible,Rang de vente non disponible,Religion,3.0,,
Objectif Japon !: 10 mois seulement pour apprendre à parler le japonais avant votre prochain voyage,https://www.amazon.fr/Objectif-Japon-seulement-apprendre-japonais/dp/2416019937/ref=sr_1_36,"24,00 €",de Sophie Thomas | 21 août 2025,"5,0 sur 5 étoiles, détails de l’évaluation",39,Broché,https://m.media-amazon.com/images/I/71zmo2Ld8EL._AC_UY218_.jpg,2025-09-04T18:40:09.058400,Description non disponible depuis la recherche,Stock non disponible,ISBN non disponible,Éditeur non disponible,Date non disponible,Nombre de pages non disponible,Rang de vente non disponible,Religion,3.0,,
La gloire de mon père,https://www.amazon.fr/gloire-mon-p%C3%A8re-Marcel-Pagnol/dp/2877065073/ref=sr_1_37,"8,20 €",Marcel Pagnol,"4,6 sur 5 étoiles, détails de l’évaluation",2 723,Poche,https://m.media-amazon.com/images/I/91CiR5IZWLL._AC_UY218_.jpg,2025-09-04T18:40:09.062223,Description non disponible depuis la recherche,Stock non disponible,ISBN non disponible,Éditeur non disponible,Date non disponible,Nombre de pages non disponible,Rang de vente non disponible,Religion,3.0,,
"APPRENDRE L'ANGLAIS EN 30 JOURS: 7 livres en 1 : une approche innovante - méthode rapide - récits, grammaire, conversations, exercices et vocabulaire ... et 8 livres audio. Pour débutants et avancés.",https://www.amazon.fr/APPRENDRE-LANGLAIS-JOURS-conversations-vocabulaire/dp/B0F88B6MVL/ref=sr_1_38,"22,79 €",LexiPro Edizioni,"4,5 sur 5 étoiles, détails de l’évaluation",76,Broché,https://m.media-amazon.com/images/I/71Wt-45ju3L._AC_UY218_.jpg,2025-09-04T18:40:09.065460,Description non disponible depuis la recherche,Stock non disponible,ISBN non disponible,Éditeur non disponible,Date non disponible,Nombre de pages non disponible,Rang de vente non disponible,Religion,3.0,,
New Enjoy English 6e - Workbook,https://www.amazon.fr/New-Enjoy-English-6e-Workbook/dp/2278069136/ref=sr_1_39,"9,70 €",Sophie Plays,"4,6 sur 5 étoiles, détails de l’évaluation",2 054,Broché,https://m.media-amazon.com/images/I/81nsqM-BErL._AC_UY218_.jpg,2025-09-04T18:40:09.068088,Description non disponible depuis la recherche,Stock non disponible,ISBN non disponible,Éditeur non disponible,Date non disponible,Nombre de pages non disponible,Rang de vente non disponible,Religion,3.0,,
An Apple a day. L'essentiel de la grammaire et du vocabulaire anglais,https://www.amazon.fr/Apple-day-Lessentiel-grammaire-vocabulaire/dp/2340067987/ref=sr_1_40,"24,00 €",Jean Max Thomson,"4,7 sur 5 étoiles, détails de l’évaluation",47,Broché,https://m.media-amazon.com/images/I/51Xsd6gbXyL._AC_UY218_.jpg,2025-09-04T18:40:09.070980,Description non disponible depuis la recherche,Stock non disponible,ISBN non disponible,Éditeur non disponible,Date non disponible,Nombre de pages non disponible,Rang de vente non disponible,Religion,3.0,,
Dictionnaire Le Robert & Collins Mini espagnol,https://www.amazon.fr/Dictionnaire-Robert-Collins-Mini-espagnol/dp/2321018429/ref=sr_1_41,"5,50 €",de Collectif | 29 juin 2023,"4,7 sur 5 étoiles, détails de l’évaluation",115,Broché,https://m.media-amazon.com/images/I/51qIRsxCkWL._AC_UY218_.jpg,2025-09-04T18:40:09.073272,Description non disponible depuis la recherche,Stock non disponible,ISBN non disponible,Éditeur non disponible,Date non disponible,Nombre de pages non disponible,Rang de vente non disponible,Religion,3.0,,
GAFFIOT de poche - Dictionnaire Latin Français,https://www.amazon.fr/Gaffiot-Dictionnaire-Latin-Fran%C3%A7ais-Nouvelle-augment%C3%A9e/dp/2011679400/ref=sr_1_42,"12,90 €",Félix Gaffiot,"4,6 sur 5 étoiles, détails de l’évaluation",561,Poche,https://m.media-amazon.com/images/I/81TtAmJ8l2L._AC_UY218_.jpg,2025-09-04T18:40:09.075851,Description non disponible depuis la recherche,Stock non disponible,ISBN non disponible,Éditeur non disponible,Date non disponible,Nombre de pages non disponible,Rang de vente non disponible,Religion,3.0,,
Le semainier familial,https://www.amazon.fr/semainier-familial-Andrea_drw_/dp/2412101574/ref=sr_1_45,"14,95 €",Fournitures diverses,"5,0 sur 5 étoiles, détails de l’évaluation",9,Fournitures diverses,https://m.media-amazon.com/images/I/61pR-Ef0WtL._AC_UY218_.jpg,2025-09-04T18:40:09.084531,Description non disponible depuis la recherche,Stock non disponible,ISBN non disponible,Éditeur non disponible,Date non disponible,Nombre de pages non disponible,Rang de vente non disponible,Religion,3.0,,
"La philosophie de A à Z (nouvelle édition): les auteurs, les oeuvres et les notions en philo",https://www.amazon.fr/philosophie-nouvelle-%C3%A9dition-auteurs-oeuvres/dp/2401073655/ref=sr_1_46,"13,95 €",Laurence Hansen-Løve,"4,6 sur 5 étoiles, détails de l’évaluation",252,Broché,https://m.media-amazon.com/images/I/71XdZA2WeeL._AC_UY218_.jpg,2025-09-04T18:40:09.087373,Description non disponible depuis la recherche,Stock non disponible,ISBN non disponible,Éditeur non disponible,Date non disponible,Nombre de pages non disponible,Rang de vente non disponible,Religion,3.0,,
"The méthode, apprendre l'anglais avec des chansons et des jeux 5-7 ans: Méthode en noir et blanc, nouvelle version",https://www.amazon.fr/m%C3%A9thode-apprendre-langlais-avec-chansons/dp/B086PVQXV3/ref=sr_1_47,"26,39 €",Sylvie Hanot,"4,6 sur 5 étoiles, détails de l’évaluation",479,Broché,https://m.media-amazon.com/images/I/61estqH3yhS._AC_UY218_.jpg,2025-09-04T18:40:09.089601,Description non disponible depuis la recherche,Stock non disponible,ISBN non disponible,Éditeur non disponible,Date non disponible,Nombre de pages non disponible,Rang de vente non disponible,Religion,3.0,,
Finies les fautes: Les 101 règles de français que vous n'oublierez plus jamais,https://www.amazon.fr/Finies-fautes-r%C3%A8gles-fran%C3%A7ais-noublierez/dp/2501171691/ref=sr_1_48,"16,90 €",MaitressAdeline MaitressAdeline,"4,8 sur 5 étoiles, détails de l’évaluation",1 889,Relié,https://m.media-amazon.com/images/I/71FbNdWPAhL._AC_UY218_.jpg,2025-09-04T18:40:09.093050,Description non disponible depuis la recherche,Stock non disponible,ISBN non disponible,Éditeur non disponible,Date non disponible,Nombre de pages non disponible,Rang de vente non disponible,Religion,3.0,,
Petit Larousse Illustré 2026,https://www.amazon.fr/Petit-Larousse-Illustr%C3%A9-2026-COLLECTIF/dp/2036022251/ref=sr_1_49,"34,00 €",de COLLECTIF | 21 mai 2025,"4,6 sur 5 étoiles, détails de l’évaluation",18,Relié,https://m.media-amazon.com/images/I/81M0L1Z3YqL._AC_UY218_.jpg,2025-09-04T18:40:09.095848,Description non disponible depuis la recherche,Stock non disponible,ISBN non disponible,Éditeur non disponible,Date non disponible,Nombre de pages non disponible,Rang de vente non disponible,Religion,3.0,,
A Cultural Guide - précis culturel des pays du monde anglophone - Spécial examens et concours,https://www.amazon.fr/Cultural-Guide-culturel-anglophone-concours/dp/2095035526/ref=sr_1_50,"20,90 €",Françoise Grellet,"5,0 sur 5 étoiles, détails de l’évaluation",8,Broché,https://m.media-amazon.com/images/I/615WvsLSo5L._AC_UY218_.jpg,2025-09-04T18:40:09.099082,Description non disponible depuis la recherche,Stock non disponible,ISBN non disponible,Éditeur non disponible,Date non disponible,Nombre de pages non disponible,Rang de vente non disponible,Religion,3.0,,
Mémo anglais B2-C1 (Classes prépas/Ens. Supérieur) - édition 2020,https://www.amazon.fr/anglais-B2-C1-Classes-pr%C3%A9pas-Sup%C3%A9rieur/dp/2362463486/ref=sr_1_51,"9,40 €",Elise Peizerat,"4,7 sur 5 étoiles, détails de l’évaluation",280,Broché,https://m.media-amazon.com/images/I/71sCxYdeToL._AC_UY218_.jpg,2025-09-04T18:40:09.101325,Description non disponible depuis la recherche,Stock non disponible,ISBN non disponible,Éditeur non disponible,Date non disponible,Nombre de pages non disponible,Rang de vente non disponible,Religion,3.0,,
Dictionnaire Hachette Collège 11-15 ans,https://www.amazon.fr/DICTIONNAIRE-HACHETTE-COLLEGE-11-15-ANS/dp/2014006741/ref=sr_1_52,"17,90 €",de Bénédicte Gaillard | 24 août 2022,"4,7 sur 5 étoiles, détails de l’évaluation",37,Broché,https://m.media-amazon.com/images/I/818rs5ncNQL._AC_UY218_.jpg,2025-09-04T18:40:09.104234,Description non disponible depuis la recherche,Stock non disponible,ISBN non disponible,Éditeur non disponible,Date non disponible,Nombre de pages non disponible,Rang de vente non disponible,Religion,3.0,,
Atlas Netter d'anatomie humaine,https://www.amazon.fr/Atlas-Netter-danatomie-humaine-Frank/dp/2294773691/ref=sr_1_51,"87,00 €",Frank Netter,"4,6 sur 5 étoiles, détails de l’évaluation",87,Relié,https://m.media-amazon.com/images/I/710xhJOOgsL._AC_UY218_.jpg,2025-09-04T18:40:21.490609,Description non disponible depuis la recherche,Stock non disponible,ISBN non disponible,Éditeur non disponible,Date non disponible,Nombre de pages non disponible,Rang de vente non disponible,Religion,4.0,,
Lexique des termes juridiques 2025-2026. 33e éd.,https://www.amazon.fr/Lexique-termes-juridiques-2025-2026-33e/dp/2247240259/ref=sr_1_52,"19,90 €",de Serge Guinchard et Thierry Debard | 14 août 2025,Note non disponible,0 avis,Broché,https://m.media-amazon.com/images/I/51Uei8JTKjL._AC_UY218_.jpg,2025-09-04T18:40:21.493175,Description non disponible depuis la recherche,Stock non disponible,ISBN non disponible,Éditeur non disponible,Date non disponible,Nombre de pages non disponible,Rang de vente non disponible,Religion,4.0,,
J'excelle en Excel,https://www.amazon.fr/Jexcelle-en-Excel-Dimby-Rakotomalala/dp/2501190599/ref=sr_1_53,"16,90 €",de Dimby Rakotomalala | 20 août 2025,"4,8 sur 5 étoiles, détails de l’évaluation",6,Broché,https://m.media-amazon.com/images/I/71hZauFCSxL._AC_UY218_.jpg,2025-09-04T18:40:21.496133,Description non disponible depuis la recherche,Stock non disponible,ISBN non disponible,Éditeur non disponible,Date non disponible,Nombre de pages non disponible,Rang de vente non disponible,Religion,4.0,,
Cahier d'exercices de français,https://www.amazon.fr/Cahier-dexercices-fran%C3%A7ais-Adeline-Dupuy/dp/2501194012/ref=sr_1_54,"12,90 €",de Adeline Dupuy et MaitressAdeline | 20 août 2025,"5,0 sur 5 étoiles, détails de l’évaluation",2,Broché,https://m.media-amazon.com/images/I/71xLUhf37eL._AC_UY218_.jpg,2025-09-04T18:40:21.498667,Description non disponible depuis la recherche,Stock non disponible,ISBN non disponible,Éditeur non disponible,Date non disponible,Nombre de pages non disponible,Rang de vente non disponible,Religion,4.0,,
Pédiatrie: Réussir ses EDN,https://www.amazon.fr/P%C3%A9diatrie-Coll%C3%A8ge-national-p%C3%A9diatres-universitaires/dp/2294779835/ref=sr_1_56,"47,50 €","de Collège national des pédiatres universitaires, CNHUCP, et al. | 6 décembre 2023","4,5 sur 5 étoiles, détails de l’évaluation",43,Broché,https://m.media-amazon.com/images/I/718fZHOMN5L._AC_UY218_.jpg,2025-09-04T18:40:21.506489,Description non disponible depuis la recherche,Stock non disponible,ISBN non disponible,Éditeur non disponible,Date non disponible,Nombre de pages non disponible,Rang de vente non disponible,Religion,4.0,,
Lecture Syllabique GS CP: Apprendre à Lire Méthode Syllabique. 80 Pages Ludiques et Amusants pour les enfants en Maternelle Grande Section et CP (Cahier de Lecture GS CP),https://www.amazon.fr/Lecture-Syllabique-Apprendre-Syllabique-Maternelle/dp/B0B92HCMXV/ref=sr_1_57,"14,97 €",Élève Intelligent Editions,"4,6 sur 5 étoiles, détails de l’évaluation",660,Broché,https://m.media-amazon.com/images/I/61OYrFEzs0L._AC_UY218_.jpg,2025-09-04T18:40:21.508711,Description non disponible depuis la recherche,Stock non disponible,ISBN non disponible,Éditeur non disponible,Date non disponible,Nombre de pages non disponible,Rang de vente non disponible,Religion,4.0,,
Dictionnaire Le Robert & Collins Mini anglais,https://www.amazon.fr/Dictionnaire-Robert-Collins-Mini-anglais/dp/2321018402/ref=sr_1_58,"5,50 €",de Collectif | 29 juin 2023,"4,6 sur 5 étoiles, détails de l’évaluation",149,Broché,https://m.media-amazon.com/images/I/51rs7xgfQrL._AC_UY218_.jpg,2025-09-04T18:40:21.511782,Description non disponible depuis la recherche,Stock non disponible,ISBN non disponible,Éditeur non disponible,Date non disponible,Nombre de pages non disponible,Rang de vente non disponible,Religion,4.0,,
Agenda de bord 2025/2026 professeur d’Education physique et sportive: Carnet de bord A4 pour les enseignants,https://www.amazon.fr/Agenda-professeur-dEducation-physique-sportive/dp/9403794194/ref=sr_1_61,"11,90 €",Gringolivier editions,"4,8 sur 5 étoiles, détails de l’évaluation",5,Broché,https://m.media-amazon.com/images/I/61OFFV67i-L._AC_UY218_.jpg,2025-09-04T18:40:21.519892,Description non disponible depuis la recherche,Stock non disponible,ISBN non disponible,Éditeur non disponible,Date non disponible,Nombre de pages non disponible,Rang de vente non disponible,Religion,4.0,,
Memo espagnol B1-B2 (lycée),https://www.amazon.fr/espagnol-B1-B2-lyc%C3%A9e-Aur%C3%A9lie-Bartolo/dp/2362463206/ref=sr_1_63,"8,40 €",de Aurélie Bartolo | 5 juin 2019,"4,7 sur 5 étoiles, détails de l’évaluation",276,Broché,https://m.media-amazon.com/images/I/61jJRVFhwiL._AC_UY218_.jpg,2025-09-04T18:40:21.524484,Description non disponible depuis la recherche,Stock non disponible,ISBN non disponible,Éditeur non disponible,Date non disponible,Nombre de pages non disponible,Rang de vente non disponible,Religion,4.0,,
La Bible officielle du TOEIC® (conforme au nouveau test TOEIC),https://www.amazon.fr/Bible-officielle-TOEIC%C2%AE-conforme-nouveau/dp/2017183806/ref=sr_1_64,"44,90 €",de Collectif | 29 juin 2022,"4,6 sur 5 étoiles, détails de l’évaluation",786,Broché,https://m.media-amazon.com/images/I/71U4BFpv98L._AC_UY218_.jpg,2025-09-04T18:40:21.528462,Description non disponible depuis la recherche,Stock non disponible,ISBN non disponible,Éditeur non disponible,Date non disponible,Nombre de pages non disponible,Rang de vente non disponible,Religion,4.0,,
"Médecine Intensive, réanimation, urgences et défaillances viscérales aiguës: Réussir ses EDN",https://www.amazon.fr/M%C3%A9decine-Intensive-r%C3%A9animation-d%C3%A9faillances-visc%C3%A9rales/dp/2294781678/ref=sr_1_65,"42,00 €",de CEMIR Collège des Enseignants de Médecine Intensive - Réanimation | 9 octobre 2024,"4,2 sur 5 étoiles, détails de l’évaluation",12,Broché,https://m.media-amazon.com/images/I/71KNuSZoCfL._AC_UY218_.jpg,2025-09-04T18:40:21.534003,Description non disponible depuis la recherche,Stock non disponible,ISBN non disponible,Éditeur non disponible,Date non disponible,Nombre de pages non disponible,Rang de vente non disponible,Religion,4.0,,
Dictionnaire unilingue anglais COLLINS Poche - AUTORISÉ AU BAC spécialités LLCER Anglais et LLCER-AMC et BTS tertiaires,https://www.amazon.fr/Dictionnaire-anglais-unilingue-Collins-tertiaires/dp/2321017929/ref=sr_1_66,"9,95 €",Édition en Anglais | de Collectif | 12 janvier 2022,"4,6 sur 5 étoiles, détails de l’évaluation",472,Broché,https://m.media-amazon.com/images/I/51rlno3WxSL._AC_UY218_.jpg,2025-09-04T18:40:21.537001,Description non disponible depuis la recherche,Stock non disponible,ISBN non disponible,Éditeur non disponible,Date non disponible,Nombre de pages non disponible,Rang de vente non disponible,Religion,4.0,,
Larousse dictionnaire Maxi DEBUTANTS,https://www.amazon.fr/Larousse-dictionnaire-Maxi-DEBUTANTS-Collectif/dp/2035907780/ref=sr_1_67,"17,95 €",de Collectif | 10 juin 2015,"4,7 sur 5 étoiles, détails de l’évaluation",507,Relié,https://m.media-amazon.com/images/I/81-Pe05dr2L._AC_UY218_.jpg,2025-09-04T18:40:21.539855,Description non disponible depuis la recherche,Stock non disponible,ISBN non disponible,Éditeur non disponible,Date non disponible,Nombre de pages non disponible,Rang de vente non disponible,Religion,4.0,,
Ravage,https://www.amazon.fr/Ravage-Ren%C3%A9-Barjavel/dp/2070362388/ref=sr_1_68,"9,50 €",René Barjavel,"4,4 sur 5 étoiles, détails de l’évaluation",2 254,Poche,https://m.media-amazon.com/images/I/81--VV+ZXrL._AC_UY218_.jpg,2025-09-04T18:40:21.543786,Description non disponible depuis la recherche,Stock non disponible,ISBN non disponible,Éditeur non disponible,Date non disponible,Nombre de pages non disponible,Rang de vente non disponible,Religion,4.0,,
EDN référentiel de Psychiatrie et addictologie (4e édition conforme à la R2C): Psychiatrie de l'adulte. Psychiatrie de l'enfant et de l'adolescent. Addictologie,https://www.amazon.fr/r%C3%A9f%C3%A9rentiel-Psychiatrie-addictologie-%C3%A9dition-conforme/dp/2869069294/ref=sr_1_67,"40,00 €","de Collège national universitaire des enseignants det#8217;addictologie, Association pour let#8217;enseignement de la sémiologie psychiatrique, et al. | 11 avril 2024","4,7 sur 5 étoiles, détails de l’évaluation",28,Broché,https://m.media-amazon.com/images/I/61btjgW7+hL._AC_UY218_.jpg,2025-09-04T18:40:33.037437,Description non disponible depuis la recherche,Stock non disponible,ISBN non disponible,Éditeur non disponible,Date non disponible,Nombre de pages non disponible,Rang de vente non disponible,Religion,5.0,,
Pneumologie: Référentiel pour la préparation de l'EDN. Collège des enseignants de pneumologie 8e ed,https://www.amazon.fr/Pneumologie-R%C3%A9f%C3%A9rentiel-pr%C3%A9paration-enseignants-pneumologie/dp/2356403019/ref=sr_1_68,"44,00 €",de COLLEGE DES ENSEIGNEMENTS DE PNEUMOLOGIE | 31 juillet 2023,"4,9 sur 5 étoiles, détails de l’évaluation",44,Broché,https://m.media-amazon.com/images/I/41FzTB4z4cL._AC_UY218_.jpg,2025-09-04T18:40:33.039917,Description non disponible depuis la recherche,Stock non disponible,ISBN non disponible,Éditeur non disponible,Date non disponible,Nombre de pages non disponible,Rang de vente non disponible,Religion,5.0,,
Dictionnaire Hachette Junior,https://www.amazon.fr/Dictionnaire-Hachette-Junior-Education/dp/2014006792/ref=sr_1_69,"15,90 €",de Collectif | 24 août 2022,"4,8 sur 5 étoiles, détails de l’évaluation",308,Relié,https://m.media-amazon.com/images/I/81s-w97I3oL._AC_UY218_.jpg,2025-09-04T18:40:33.042738,Description non disponible depuis la recherche,Stock non disponible,ISBN non disponible,Éditeur non disponible,Date non disponible,Nombre de pages non disponible,Rang de vente non disponible,Religion,5.0,,
Le grand dictionnaire des malaises et des maladies - Pour la guérison de l’Âme et des Émotions,https://www.amazon.fr/grand-dictionnaire-malaises-maladies-gu%C3%A9rison/dp/235805285X/ref=sr_1_70,"33,00 €",Jacques Martel,"4,7 sur 5 étoiles, détails de l’évaluation",4 871,Broché,https://m.media-amazon.com/images/I/71vbXw7RrQL._AC_UY218_.jpg,2025-09-04T18:40:33.045287,Description non disponible depuis la recherche,Stock non disponible,ISBN non disponible,Éditeur non disponible,Date non disponible,Nombre de pages non disponible,Rang de vente non disponible,Religion,5.0,,
"The méthode 2, apprendre l'anglais avec des chansons et des jeux 6-8 ans: Version en couleurs",https://www.amazon.fr/m%C3%A9thode-apprendre-langlais-avec-chansons/dp/B088LB6LDP/ref=sr_1_71,"9,99 €",Sylvie Hanot,"4,6 sur 5 étoiles, détails de l’évaluation",155,Broché,https://m.media-amazon.com/images/I/71i1CrO-H0L._AC_UY218_.jpg,2025-09-04T18:40:33.047749,Description non disponible depuis la recherche,Stock non disponible,ISBN non disponible,Éditeur non disponible,Date non disponible,Nombre de pages non disponible,Rang de vente non disponible,Religion,5.0,,
Fun for Starters. Student's Book with Home Fun Booklet and online activities. 4th Edition,https://www.amazon.fr/Starters-Students-Booklet-online-activities/dp/3125410266/ref=sr_1_72,"23,17 €",Édition en Anglais | 21 septembre 2017,"4,7 sur 5 étoiles, détails de l’évaluation",259,Broché,https://m.media-amazon.com/images/I/61rTqqfS1xL._AC_UY218_.jpg,2025-09-04T18:40:33.050749,Description non disponible depuis la recherche,Stock non disponible,ISBN non disponible,Éditeur non disponible,Date non disponible,Nombre de pages non disponible,Rang de vente non disponible,Religion,5.0,,
Le singe et la fleur de lotus: 52 histoires bouddhistes qui vont changer votre vie (Développement personnel et éveil spirituel),https://www.amazon.fr/singe-fleur-lotus-bouddhistes-D%C3%A9veloppement/dp/B0CCZV2NQ9/ref=sr_1_73,"14,95 €",Jinpa Sherab,"4,4 sur 5 étoiles, détails de l’évaluation",690,Broché,https://m.media-amazon.com/images/I/61RQfM9EVHL._AC_UY218_.jpg,2025-09-04T18:40:33.053436,Description non disponible depuis la recherche,Stock non disponible,ISBN non disponible,Éditeur non disponible,Date non disponible,Nombre de pages non disponible,Rang de vente non disponible,Religion,5.0,,
Grevisse du collège: Langue française - 6e à la 3e,https://www.amazon.fr/Grevisse-coll%C3%A8ge-Langue-fran%C3%A7aise-6e/dp/2210779405/ref=sr_1_74,"9,90 €",Laurence Mokrani,"4,7 sur 5 étoiles, détails de l’évaluation",29,Broché,https://m.media-amazon.com/images/I/71pe29r7KhL._AC_UY218_.jpg,2025-09-04T18:40:33.056711,Description non disponible depuis la recherche,Stock non disponible,ISBN non disponible,Éditeur non disponible,Date non disponible,Nombre de pages non disponible,Rang de vente non disponible,Religion,5.0,,
Agenda de bord 2025/2026 professeur d’Histoire Géographie EMC: Carnet de bord A4 pour les enseignants,https://www.amazon.fr/Agenda-bord-professeur-dHistoire-G%C3%A9ographie/dp/9403794186/ref=sr_1_77,"11,90 €",Gringolivier editions,"5,0 sur 5 étoiles, détails de l’évaluation",5,Broché,https://m.media-amazon.com/images/I/61mWN90YDwL._AC_UY218_.jpg,2025-09-04T18:40:33.064586,Description non disponible depuis la recherche,Stock non disponible,ISBN non disponible,Éditeur non disponible,Date non disponible,Nombre de pages non disponible,Rang de vente non disponible,Religion,5.0,,
Hématologie: Réussir ses EDN,https://www.amazon.fr/H%C3%A9matologie-R%C3%A9ussir-Soci%C3%A9t%C3%A9-fran%C3%A7aise-dh%C3%A9matologie/dp/2294782801/ref=sr_1_78,"37,00 €",de Société française d'hématologie | 16 octobre 2024,"4,5 sur 5 étoiles, détails de l’évaluation",11,Broché,https://m.media-amazon.com/images/I/71QDq9I+izL._AC_UY218_.jpg,2025-09-04T18:40:33.067755,Description non disponible depuis la recherche,Stock non disponible,ISBN non disponible,Éditeur non disponible,Date non disponible,Nombre de pages non disponible,Rang de vente non disponible,Religion,5.0,,
Vingt mille lieues sous les mers,https://www.amazon.fr/Vingt-mille-lieues-sous-mers-ebook/dp/B005Q5JK5U/ref=sr_1_79,"0,00 €",Jules Verne,"4,4 sur 5 étoiles, détails de l’évaluation",3 458,Format Kindle,https://m.media-amazon.com/images/I/917d+ke5KIL._AC_UY218_.jpg,2025-09-04T18:40:33.071500,Description non disponible depuis la recherche,Stock non disponible,ISBN non disponible,Éditeur non disponible,Date non disponible,Nombre de pages non disponible,Rang de vente non disponible,Religion,5.0,,
Gériatrie: Réussir son DFASM - Connaissances clés,https://www.amazon.fr/G%C3%A9riatrie-R%C3%A9ussir-DFASM-Connaissances-cl%C3%A9s/dp/2294770226/ref=sr_1_80,"35,00 €",de Collège national des enseignants de gériatrie | 10 novembre 2021,"4,8 sur 5 étoiles, détails de l’évaluation",95,Broché,https://m.media-amazon.com/images/I/71EFnQ+DFbL._AC_UY218_.jpg,2025-09-04T18:40:33.075107,Description non disponible depuis la recherche,Stock non disponible,ISBN non disponible,Éditeur non disponible,Date non disponible,Nombre de pages non disponible,Rang de vente non disponible,Religion,5.0,,
Rhinocéros,https://www.amazon.fr/Rhinoc%C3%A9ros-Eug%C3%A8ne-Ionesco/dp/2070368165/ref=sr_1_81,"9,00 €",Eugène Ionesco,"4,5 sur 5 étoiles, détails de l’évaluation",2 355,Poche,https://m.media-amazon.com/images/I/71bSIQCGAwL._AC_UY218_.jpg,2025-09-04T18:40:33.078972,Description non disponible depuis la recherche,Stock non disponible,ISBN non disponible,Éditeur non disponible,Date non disponible,Nombre de pages non disponible,Rang de vente non disponible,Religion,5.0,,
Néphrologie,https://www.amazon.fr/N%C3%A9phrologie-CUEN/dp/2340098149/ref=sr_1_82,"39,00 €","de CUEN, Bruno Moulin, et al. | 5 novembre 2024","4,9 sur 5 étoiles, détails de l’évaluation",10,Broché,https://m.media-amazon.com/images/I/61aikPJND3L._AC_UY218_.jpg,2025-09-04T18:40:33.082841,Description non disponible depuis la recherche,Stock non disponible,ISBN non disponible,Éditeur non disponible,Date non disponible,Nombre de pages non disponible,Rang de vente non disponible,Religion,5.0,,
Lecture CE1 Ed. 2019 - Livret d'entrainement à la lecture fluide,https://www.amazon.fr/Lecture-CE1-Ed-2019-dentrainement/dp/2401053557/ref=sr_1_83,"3,60 €","de Jean-Pierre Demeulemeester, Nadine Demeulemeester, et al. | 6 mars 2019","4,7 sur 5 étoiles, détails de l’évaluation",1 520,Broché,https://m.media-amazon.com/images/I/71cjw7WbbiL._AC_UY218_.jpg,2025-09-04T18:40:33.085789,Description non disponible depuis la recherche,Stock non disponible,ISBN non disponible,Éditeur non disponible,Date non disponible,Nombre de pages non disponible,Rang de vente non disponible,Religion,5.0,,
Une histoire par jour,https://www.amazon.fr/Une-histoire-jour-Pascale-B%C3%A9zu-Debs/dp/2410010008/ref=sr_1_84,"42,90 €",Pascale Bézu,"4,6 sur 5 étoiles, détails de l’évaluation",172,Broché,https://m.media-amazon.com/images/I/71DCcSsVCxL._AC_UY218_.jpg,2025-09-04T18:40:33.087946,Description non disponible depuis la recherche,Stock non disponible,ISBN non disponible,Éditeur non disponible,Date non disponible,Nombre de pages non disponible,Rang de vente non disponible,Religion,5.0,,
Vocabulaire thématique anglais-français 3e édition actualisée et enrichie: Le monde d'aujourd'hui : Société - Environnement - Economie - Politique - Technologie - Santé,https://www.amazon.fr/Vocabulaire-th%C3%A9matique-anglais-fran%C3%A7ais-daujourdhui-Environnement/dp/2340065569/ref=sr_1_83,"16,50 €",de Daniel Gandrillon | 1 mars 2022,"4,6 sur 5 étoiles, détails de l’évaluation",42,Broché,https://m.media-amazon.com/images/I/61wIi9ZJx7L._AC_UY218_.jpg,2025-09-04T18:40:41.995021,Description non disponible depuis la recherche,Stock non disponible,ISBN non disponible,Éditeur non disponible,Date non disponible,Nombre de pages non disponible,Rang de vente non disponible,Religion,6.0,,
Agenda scolaire Pénélope - 2025-2026,https://www.amazon.fr/Agenda-scolaire-P%C3%A9n%C3%A9lope-2025-2026-Collectif/dp/2380585806/ref=sr_1_84,"11,90 €",de Collectif | 5 juin 2025,"4,6 sur 5 étoiles, détails de l’évaluation",11,Relié,https://m.media-amazon.com/images/I/61dQRNRriwL._AC_UY218_.jpg,2025-09-04T18:40:41.997349,Description non disponible depuis la recherche,Stock non disponible,ISBN non disponible,Éditeur non disponible,Date non disponible,Nombre de pages non disponible,Rang de vente non disponible,Religion,6.0,,
La Chambre des officiers,https://www.amazon.fr/Chambre-officiers-Marc-DUGAIN/dp/2266093088/ref=sr_1_85,"6,40 €",Marc Dugain,"4,6 sur 5 étoiles, détails de l’évaluation",1 637,Poche,https://m.media-amazon.com/images/I/71unXrGp6IL._AC_UY218_.jpg,2025-09-04T18:40:42.001144,Description non disponible depuis la recherche,Stock non disponible,ISBN non disponible,Éditeur non disponible,Date non disponible,Nombre de pages non disponible,Rang de vente non disponible,Religion,6.0,,
Urologie: Réussir ses EDN,https://www.amazon.fr/Urologie-Coll%C3%A8ge-Fran%C3%A7ais-Enseignants-DUrologie/dp/2294782593/ref=sr_1_86,"37,00 €",de Collège Français Des Enseignants D'Urologie (CFEU) | 23 octobre 2024,"4,9 sur 5 étoiles, détails de l’évaluation",10,Broché,https://m.media-amazon.com/images/I/71H2N8PrD2L._AC_UY218_.jpg,2025-09-04T18:40:42.004603,Description non disponible depuis la recherche,Stock non disponible,ISBN non disponible,Éditeur non disponible,Date non disponible,Nombre de pages non disponible,Rang de vente non disponible,Religion,6.0,,
Agenda Telefoot 2025-2026,https://www.amazon.fr/Agenda-Telefoot-2025-2026-Bruno-Godard/dp/2263190759/ref=sr_1_87,"10,50 €",de Bruno Godard | 5 juin 2025,Note non disponible,0 avis,Relié,https://m.media-amazon.com/images/I/71-fhcX8tGL._AC_UY218_.jpg,2025-09-04T18:40:42.007180,Description non disponible depuis la recherche,Stock non disponible,ISBN non disponible,Éditeur non disponible,Date non disponible,Nombre de pages non disponible,Rang de vente non disponible,Religion,6.0,,
Dictionnaire Le Robert Micro Poche,https://www.amazon.fr/Dictionnaire-Robert-Micro-poche-Collectif/dp/2321010517/ref=sr_1_88,"17,90 €",de Collectif | 24 mai 2018,"4,7 sur 5 étoiles, détails de l’évaluation",542,Broché,https://m.media-amazon.com/images/I/61wJHmM0JeL._AC_UY218_.jpg,2025-09-04T18:40:42.009735,Description non disponible depuis la recherche,Stock non disponible,ISBN non disponible,Éditeur non disponible,Date non disponible,Nombre de pages non disponible,Rang de vente non disponible,Religion,6.0,,
Cours de japonais ! Volume 1 : Apprendre l'écriture,https://www.amazon.fr/Cours-japonais-par-Julien-Fontanier/dp/2016290536/ref=sr_1_89,"29,95 €",Julien Fontanier,"4,8 sur 5 étoiles, détails de l’évaluation",187,Broché,https://m.media-amazon.com/images/I/71uhsDIQ7WL._AC_UY218_.jpg,2025-09-04T18:40:42.012405,Description non disponible depuis la recherche,Stock non disponible,ISBN non disponible,Éditeur non disponible,Date non disponible,Nombre de pages non disponible,Rang de vente non disponible,Religion,6.0,,
Bescherelle - Les verbes espagnols,https://www.amazon.fr/Bescherelle-verbes-espagnols-Francis-Mateo/dp/2218926172/ref=sr_1_90,"11,50 €",Francis Mateo,"4,6 sur 5 étoiles, détails de l’évaluation",587,Broché,https://m.media-amazon.com/images/I/71fphiy3eqL._AC_UY218_.jpg,2025-09-04T18:40:42.015871,Description non disponible depuis la recherche,Stock non disponible,ISBN non disponible,Éditeur non disponible,Date non disponible,Nombre de pages non disponible,Rang de vente non disponible,Religion,6.0,,
Dictionnaire Espagnol - Spécial Collège,https://www.amazon.fr/Dictionnaire-Espagnol-Sp%C3%A9cial-Coll%C3%A8ge-Collectif/dp/203595231X/ref=sr_1_93,"14,95 €",Édition en Espagnol | de Collectif | 6 juin 2018,"4,8 sur 5 étoiles, détails de l’évaluation",540,Relié,https://m.media-amazon.com/images/I/81r0jniZXlL._AC_UY218_.jpg,2025-09-04T18:40:42.024850,Description non disponible depuis la recherche,Stock non disponible,ISBN non disponible,Éditeur non disponible,Date non disponible,Nombre de pages non disponible,Rang de vente non disponible,Religion,6.0,,
Dermatologie: Réussir son DFASM - Connaissances clés,https://www.amazon.fr/Dermatologie-R%C3%A9ussir-DFASM-Connaissances-cl%C3%A9s/dp/2294767071/ref=sr_1_94,"39,50 €",de CEDEF | 27 avril 2022,"4,7 sur 5 étoiles, détails de l’évaluation",70,Broché,https://m.media-amazon.com/images/I/71qhNEP8t7L._AC_UY218_.jpg,2025-09-04T18:40:42.028749,Description non disponible depuis la recherche,Stock non disponible,ISBN non disponible,Éditeur non disponible,Date non disponible,Nombre de pages non disponible,Rang de vente non disponible,Religion,6.0,,
Agenda de bord 2025/2026 professeur d’Anglais: Carnet de bord A4 pour les enseignants,https://www.amazon.fr/Agenda-bord-2025-professeur-dAnglais/dp/9403797266/ref=sr_1_95,"11,90 €",Gringolivier editions,"3,6 sur 5 étoiles, détails de l’évaluation",8,Broché,https://m.media-amazon.com/images/I/711aeO4N71L._AC_UY218_.jpg,2025-09-04T18:40:42.030649,Description non disponible depuis la recherche,Stock non disponible,ISBN non disponible,Éditeur non disponible,Date non disponible,Nombre de pages non disponible,Rang de vente non disponible,Religion,6.0,,
The Vocabulary Guide - ANGLAIS - Guide de référence du vocabulaire anglais - spécial Examens et concours,https://www.amazon.fr/Vocabulary-Guide-r%C3%A9f%C3%A9rence-vocabulaire-concours/dp/2095051688/ref=sr_1_96,"20,90 €",de Daniel Bonnet-Piron et Édith Dermaux-Froissart | 5 juin 2025,"5,0 sur 5 étoiles, détails de l’évaluation",2,Broché,https://m.media-amazon.com/images/I/71cj7PrYBaL._AC_UY218_.jpg,2025-09-04T18:40:42.033932,Description non disponible depuis la recherche,Stock non disponible,ISBN non disponible,Éditeur non disponible,Date non disponible,Nombre de pages non disponible,Rang de vente non disponible,Religion,6.0,,
Dictionnaire Français Anglais & Anglais Français spécial collège,https://www.amazon.fr/Dictionnaire-Fran%C3%A7ais-Anglais-sp%C3%A9cial-coll%C3%A8ge/dp/2035927161/ref=sr_1_97,"14,95 €",de Collectif | 8 juin 2016,"4,7 sur 5 étoiles, détails de l’évaluation",746,Broché,https://m.media-amazon.com/images/I/81P1jtMhJEL._AC_UY218_.jpg,2025-09-04T18:40:42.036550,Description non disponible depuis la recherche,Stock non disponible,ISBN non disponible,Éditeur non disponible,Date non disponible,Nombre de pages non disponible,Rang de vente non disponible,Religion,6.0,,
Agenda de bord 2025/2026 professeur de Français: Carnet de bord A4 pour les enseignants,https://www.amazon.fr/Agenda-bord-2025-professeur-Fran%C3%A7ais/dp/9403794399/ref=sr_1_98,"11,90 €",Gringolivier editions,"4,6 sur 5 étoiles, détails de l’évaluation",3,Broché,https://m.media-amazon.com/images/I/71nZnlO7TpL._AC_UY218_.jpg,2025-09-04T18:40:42.038524,Description non disponible depuis la recherche,Stock non disponible,ISBN non disponible,Éditeur non disponible,Date non disponible,Nombre de pages non disponible,Rang de vente non disponible,Religion,6.0,,
Médecine physique et de réadaptation: Réussir ses EDN,https://www.amazon.fr/M%C3%A9decine-physique-r%C3%A9adaptation-R%C3%A9ussir-ses/dp/2294782631/ref=sr_1_99,"34,50 €",de COFEMER et Association des jeunes en médecine physique et réadaptation (AJMER) | 9 octobre 2024,"4,2 sur 5 étoiles, détails de l’évaluation",6,Broché,https://m.media-amazon.com/images/I/71uND-0FH5L._AC_UY218_.jpg,2025-09-04T18:40:42.041190,Description non disponible depuis la recherche,Stock non disponible,ISBN non disponible,Éditeur non disponible,Date non disponible,Nombre de pages non disponible,Rang de vente non disponible,Religion,6.0,,
Agenda de bord 2025/2026 Enseignante: Carnet de bord A4 pour planifier et s’organiser,https://www.amazon.fr/Agenda-bord-2025-2026-Enseignante/dp/9403797398/ref=sr_1_100,"11,90 €",Gringolivier editions,"4,8 sur 5 étoiles, détails de l’évaluation",8,Broché,https://m.media-amazon.com/images/I/71RHARktyhL._AC_UY218_.jpg,2025-09-04T18:40:42.043094,Description non disponible depuis la recherche,Stock non disponible,ISBN non disponible,Éditeur non disponible,Date non disponible,Nombre de pages non disponible,Rang de vente non disponible,Religion,6.0,,
Orthopédie Traumatologie,https://www.amazon.fr/Orthop%C3%A9die-Traumatologie-Coll%C3%A9ge-Fran%C3%A7ais-Chirurgie/dp/2340093856/ref=sr_1_99,"39,00 €",de Collége Français Chirurgie et Pierre Mansat | 20 août 2024,"4,1 sur 5 étoiles, détails de l’évaluation",17,Broché,https://m.media-amazon.com/images/I/61bNfX2e50L._AC_UY218_.jpg,2025-09-04T18:40:50.428825,Description non disponible depuis la recherche,Stock non disponible,ISBN non disponible,Éditeur non disponible,Date non disponible,Nombre de pages non disponible,Rang de vente non disponible,Religion,7.0,,
Mémo anglais B1-B2 (lycée) - édition 2020,https://www.amazon.fr/M%C3%A9mo-anglais-B1-B2-lyc%C3%A9e-%C3%A9dition/dp/2362463494/ref=sr_1_100,"8,40 €",Elise Peizerat,"4,7 sur 5 étoiles, détails de l’évaluation",96,Broché,https://m.media-amazon.com/images/I/713yj8uJhbL._AC_UY218_.jpg,2025-09-04T18:40:50.430936,Description non disponible depuis la recherche,Stock non disponible,ISBN non disponible,Éditeur non disponible,Date non disponible,Nombre de pages non disponible,Rang de vente non disponible,Religion,7.0,,
Le mythe de Sisyphe,https://www.amazon.fr/mythe-Sisyphe-Albert-Camus/dp/2070322882/ref=sr_1_101,"9,50 €",Albert Camus,"4,6 sur 5 étoiles, détails de l’évaluation",905,Poche,https://m.media-amazon.com/images/I/71XqSIivsyL._AC_UY218_.jpg,2025-09-04T18:40:50.434408,Description non disponible depuis la recherche,Stock non disponible,ISBN non disponible,Éditeur non disponible,Date non disponible,Nombre de pages non disponible,Rang de vente non disponible,Religion,7.0,,
Guinness World Records 2025: 70e anniversaire,https://www.amazon.fr/Guinness-World-Records-2025-Anniversary/dp/2017075167/ref=sr_1_102,"29,95 €",Guinness World Records,"4,6 sur 5 étoiles, détails de l’évaluation",126,Relié,https://m.media-amazon.com/images/I/81BJkcK2GFL._AC_UY218_.jpg,2025-09-04T18:40:50.436629,Description non disponible depuis la recherche,Stock non disponible,ISBN non disponible,Éditeur non disponible,Date non disponible,Nombre de pages non disponible,Rang de vente non disponible,Religion,7.0,,
Dictionnaire Le Robert benjamin - 6/8 ans - CP-CE1-CE2,https://www.amazon.fr/Dictionnaire-Robert-benjamin-ans-Cycle/dp/2321016922/ref=sr_1_103,"15,95 €",de Collectif | 25 mai 2022,"4,6 sur 5 étoiles, détails de l’évaluation",102,Relié,https://m.media-amazon.com/images/I/71fGn5PJDZL._AC_UY218_.jpg,2025-09-04T18:40:50.439267,Description non disponible depuis la recherche,Stock non disponible,ISBN non disponible,Éditeur non disponible,Date non disponible,Nombre de pages non disponible,Rang de vente non disponible,Religion,7.0,,
ORL: Réussir son DFASM - Connaissances clés,https://www.amazon.fr/ORL-R%C3%A9ussir-DFASM-Connaissances-cl%C3%A9s/dp/229476627X/ref=sr_1_104,"37,45 €",de Collège Français d'ORL et de Chirurgie Cervico-Faciale | 7 décembre 2022,"4,6 sur 5 étoiles, détails de l’évaluation",66,Broché,https://m.media-amazon.com/images/I/41jB7vOdpxL._AC_UY218_.jpg,2025-09-04T18:40:50.444045,Description non disponible depuis la recherche,Stock non disponible,ISBN non disponible,Éditeur non disponible,Date non disponible,Nombre de pages non disponible,Rang de vente non disponible,Religion,7.0,,
Bled Espagnol Tout en Un,https://www.amazon.fr/Bled-Espagnol-Alfredo-Gonzalez-Hermoso/dp/2017151106/ref=sr_1_105,"12,90 €",de Alfredo Gonzalez Hermoso | 7 juillet 2021,"4,7 sur 5 étoiles, détails de l’évaluation",132,Broché,https://m.media-amazon.com/images/I/71hYZ4doeiS._AC_UY218_.jpg,2025-09-04T18:40:50.447485,Description non disponible depuis la recherche,Stock non disponible,ISBN non disponible,Éditeur non disponible,Date non disponible,Nombre de pages non disponible,Rang de vente non disponible,Religion,7.0,,
Dictionnaire Le Robert & Collins Poche espagnol et sa version numérique à télécharger PC - Nouvelle édition,https://www.amazon.fr/Dictionnaire-Collins-espagnol-num%C3%A9rique-t%C3%A9l%C3%A9charger/dp/2321018356/ref=sr_1_106,"9,95 €",Édition en Français | de Collectif | 23 mai 2024,"4,8 sur 5 étoiles, détails de l’évaluation",27,Broché,https://m.media-amazon.com/images/I/611hiuefwiL._AC_UY218_.jpg,2025-09-04T18:40:50.450560,Description non disponible depuis la recherche,Stock non disponible,ISBN non disponible,Éditeur non disponible,Date non disponible,Nombre de pages non disponible,Rang de vente non disponible,Religion,7.0,,
"The méthode, apprendre l'anglais avec des chansons et des jeux 5-7 ans: Version en couleurs",https://www.amazon.fr/m%C3%A9thode-apprendre-langlais-avec-chansons/dp/B087CSYQ7R/ref=sr_1_109,"38,33 €",Sylvie Hanot,"4,6 sur 5 étoiles, détails de l’évaluation",263,Broché,https://m.media-amazon.com/images/I/61rEzOOMu8S._AC_UY218_.jpg,2025-09-04T18:40:50.459913,Description non disponible depuis la recherche,Stock non disponible,ISBN non disponible,Éditeur non disponible,Date non disponible,Nombre de pages non disponible,Rang de vente non disponible,Religion,7.0,,
Agenda de bord 2025/2026 - AESH: Carnet de bord et carnet de notes A4,https://www.amazon.fr/Agenda-bord-2025-2026-Carnet/dp/940379741X/ref=sr_1_110,"11,90 €",Gringolivier editions,"4,6 sur 5 étoiles, détails de l’évaluation",9,Broché,https://m.media-amazon.com/images/I/71G5X3RySQL._AC_UY218_.jpg,2025-09-04T18:40:50.461874,Description non disponible depuis la recherche,Stock non disponible,ISBN non disponible,Éditeur non disponible,Date non disponible,Nombre de pages non disponible,Rang de vente non disponible,Religion,7.0,,
"Maman, Je Veux Lire Ton Histoire: Idée Cadeau Originale pour Découvrir l'Histoire d'une Femme Unique, Votre Maman ! Le Livre Souvenir à Offrir pour la Fête des Mères, Anniversaire ou Noël.",https://www.amazon.fr/Maman-Veux-Lire-Ton-Histoire/dp/B0DLXDL4WG/ref=sr_1_111,"13,90 €",Éditions FamiliaVie,"4,6 sur 5 étoiles, détails de l’évaluation",62,Broché,https://m.media-amazon.com/images/I/61j26M1anoL._AC_UY218_.jpg,2025-09-04T18:40:50.464665,Description non disponible depuis la recherche,Stock non disponible,ISBN non disponible,Éditeur non disponible,Date non disponible,Nombre de pages non disponible,Rang de vente non disponible,Religion,7.0,,
"J'apprends l'anglais autrement - Niveau débutant: 80 cartes mentales pour apprendre facilement le vocabulaire, la conjugaison et la grammaire anglaise",https://www.amazon.fr/Japprends-langlais-autrement-vocabulaire-conjugaison/dp/2212571062/ref=sr_1_112,"24,90 €",Filf,"4,6 sur 5 étoiles, détails de l’évaluation",1 437,Broché,https://m.media-amazon.com/images/I/71sqASsUeqL._AC_UY218_.jpg,2025-09-04T18:40:50.467067,Description non disponible depuis la recherche,Stock non disponible,ISBN non disponible,Éditeur non disponible,Date non disponible,Nombre de pages non disponible,Rang de vente non disponible,Religion,7.0,,
Dictionnaire Larousse Poche Plus 2026,https://www.amazon.fr/Dictionnaire-Larousse-Poche-Plus-2026/dp/2036068693/ref=sr_1_113,"10,50 €",Larousse,"4,3 sur 5 étoiles, détails de l’évaluation",8,Broché,https://m.media-amazon.com/images/I/718GL8mNV7L._AC_UY218_.jpg,2025-09-04T18:40:50.469146,Description non disponible depuis la recherche,Stock non disponible,ISBN non disponible,Éditeur non disponible,Date non disponible,Nombre de pages non disponible,Rang de vente non disponible,Religion,7.0,,
The big picture: Vocabulaire de l'actualité en anglais,https://www.amazon.fr/big-picture-Vocabulaire-lactualit%C3%A9-anglais/dp/2340096863/ref=sr_1_114,"24,00 €",de Jean-Max Thomson | 12 novembre 2024,"4,2 sur 5 étoiles, détails de l’évaluation",3,Broché,https://m.media-amazon.com/images/I/61Cmfd+hbtL._AC_UY218_.jpg,2025-09-04T18:40:50.473952,Description non disponible depuis la recherche,Stock non disponible,ISBN non disponible,Éditeur non disponible,Date non disponible,Nombre de pages non disponible,Rang de vente non disponible,Religion,7.0,,
Hit the Road! Anglais Séries Technologiques 1re/Tle (2021) - Manuel - Cahier élève,https://www.amazon.fr/Hit-Road-Anglais-S%C3%A9ries-Technologiques/dp/2210115396/ref=sr_1_115,"23,50 €",Fournitures diverses,"4,6 sur 5 étoiles, détails de l’évaluation",89,Fournitures diverses,https://m.media-amazon.com/images/I/81er8AY2hyL._AC_UY218_.jpg,2025-09-04T18:40:50.476341,Description non disponible depuis la recherche,Stock non disponible,ISBN non disponible,Éditeur non disponible,Date non disponible,Nombre de pages non disponible,Rang de vente non disponible,Religion,7.0,,
Agenda de bord 2025/2026 professeur de Mathématiques: Carnet de bord A4 pour les enseignants,https://www.amazon.fr/Agenda-bord-2025-professeur-Math%C3%A9matiques/dp/9403794356/ref=sr_1_116,"11,90 €",Gringolivier editions,"4,4 sur 5 étoiles, détails de l’évaluation",4,Broché,https://m.media-amazon.com/images/I/7167ZrgqsrL._AC_UY218_.jpg,2025-09-04T18:40:50.478499,Description non disponible depuis la recherche,Stock non disponible,ISBN non disponible,Éditeur non disponible,Date non disponible,Nombre de pages non disponible,Rang de vente non disponible,Religion,7.0,,
One Piece - Édition originale - Tome 01: À l'aube d'une grande aventure,https://www.amazon.fr/One-piece-originale-ODA-Eiichir%C3%B4/dp/2723488527/ref=sr_1_115,"7,20 €",Eiichiro Oda,"4,8 sur 5 étoiles, détails de l’évaluation",4 298,Broché,https://m.media-amazon.com/images/I/91t7YlWwGfL._AC_UY218_.jpg,2025-09-04T18:40:58.916091,Description non disponible depuis la recherche,Stock non disponible,ISBN non disponible,Éditeur non disponible,Date non disponible,Nombre de pages non disponible,Rang de vente non disponible,Religion,8.0,,
Agenda 2025-2026 Sketchbook avec Andrea_drw_,https://www.amazon.fr/Agenda-2025-2026-Sketchbook-avec-Andrea_drw_/dp/238543069X/ref=sr_1_116,Prix non disponible,de Andrea_drw_ | 5 juin 2025,"4,9 sur 5 étoiles, détails de l’évaluation",25,Relié,https://m.media-amazon.com/images/I/41FxMGGD75L._AC_UY218_.jpg,2025-09-04T18:40:58.918501,Description non disponible depuis la recherche,Stock non disponible,ISBN non disponible,Éditeur non disponible,Date non disponible,Nombre de pages non disponible,Rang de vente non disponible,Religion,8.0,,
Astérix - Le tour de Gaule d'Astérix - n°5,https://www.amazon.fr/Ast%C3%A9rix-tour-Gaule-dAst%C3%A9rix-n%C2%B05/dp/2012101372/ref=sr_1_117,"10,90 €",René Goscinny,"4,9 sur 5 étoiles, détails de l’évaluation",1 293,Relié,https://m.media-amazon.com/images/I/81xsXlPMazL._AC_UY218_.jpg,2025-09-04T18:40:58.922432,Description non disponible depuis la recherche,Stock non disponible,ISBN non disponible,Éditeur non disponible,Date non disponible,Nombre de pages non disponible,Rang de vente non disponible,Religion,8.0,,
Joyeux Journal 2026 - Agenda,https://www.amazon.fr/Joyeux-Journal-2026-Agenda-Mathou/dp/241210235X/ref=sr_1_118,"14,95 €",de Mathou | 28 août 2025,Note non disponible,0 avis,Relié,https://m.media-amazon.com/images/I/61l1icYg18L._AC_UY218_.jpg,2025-09-04T18:40:58.925019,Description non disponible depuis la recherche,Stock non disponible,ISBN non disponible,Éditeur non disponible,Date non disponible,Nombre de pages non disponible,Rang de vente non disponible,Religion,8.0,,
La Méthode Boscher (éd. 2020),https://www.amazon.fr/m%C3%A9thode-Boscher-Lire-%C3%A9crire-compter/dp/B07YMHZL56/ref=sr_1_119,"8,50 €",M. et V. Boscher,"4,7 sur 5 étoiles, détails de l’évaluation",1 604,Relié,https://m.media-amazon.com/images/I/81TPL2QdkpL._AC_UY218_.jpg,2025-09-04T18:40:58.927827,Description non disponible depuis la recherche,Stock non disponible,ISBN non disponible,Éditeur non disponible,Date non disponible,Nombre de pages non disponible,Rang de vente non disponible,Religion,8.0,,
CAHIER D'ECRITURE,https://www.amazon.fr/Cahier-d%C3%A9criture-Jo%C3%ABl-Bellassen/dp/2359662252/ref=sr_1_120,"2,00 €",Joel Bellassen,"4,6 sur 5 étoiles, détails de l’évaluation",855,Broché,https://m.media-amazon.com/images/I/41r52+tcY8L._AC_UY218_.jpg,2025-09-04T18:40:58.929923,Description non disponible depuis la recherche,Stock non disponible,ISBN non disponible,Éditeur non disponible,Date non disponible,Nombre de pages non disponible,Rang de vente non disponible,Religion,8.0,,
LES DERNIERS ADOS SUR TERRE: Un Roman Illustré d'Aventure et de Zombies ! Livre pour Garçon et Fille de 12 à 17 ans,https://www.amazon.fr/DERNIERS-ADOS-SUR-TERRE-dAventure/dp/B0F74VNN7C/ref=sr_1_121,"14,90 €",Vincent Polta,"4,9 sur 5 étoiles, détails de l’évaluation",18,Broché,https://m.media-amazon.com/images/I/71kcDi2vsZL._AC_UY218_.jpg,2025-09-04T18:40:58.932419,Description non disponible depuis la recherche,Stock non disponible,ISBN non disponible,Éditeur non disponible,Date non disponible,Nombre de pages non disponible,Rang de vente non disponible,Religion,8.0,,
"Énigmes à tous les étages, Tome 01: Le casse de la chambre forte - Énigmes à tous les étages",https://www.amazon.fr/%C3%89nigmes-tous-%C3%A9tages-Coupables-pagaille/dp/B097BFHZHK/ref=sr_1_122,"12,90 €",Paul Martin,"4,8 sur 5 étoiles, détails de l’évaluation",259,Broché,https://m.media-amazon.com/images/I/81QSrxFOaCL._AC_UY218_.jpg,2025-09-04T18:40:58.934806,Description non disponible depuis la recherche,Stock non disponible,ISBN non disponible,Éditeur non disponible,Date non disponible,Nombre de pages non disponible,Rang de vente non disponible,Religion,8.0,,
One piece - Edition originale Vol.2,https://www.amazon.fr/One-piece-originale-ODA-Eiichir%C3%B4/dp/2723489892/ref=sr_1_125,"7,20 €",Eiichiro Oda,"4,8 sur 5 étoiles, détails de l’évaluation",3 594,Broché,https://m.media-amazon.com/images/I/918Ai9a893L._AC_UY218_.jpg,2025-09-04T18:40:58.943392,Description non disponible depuis la recherche,Stock non disponible,ISBN non disponible,Éditeur non disponible,Date non disponible,Nombre de pages non disponible,Rang de vente non disponible,Religion,8.0,,
Le Parfum,https://www.amazon.fr/Parfum-Patrick-S%C3%BCskind/dp/2253044903/ref=sr_1_126,"7,90 €",Patrick Süskind,"4,5 sur 5 étoiles, détails de l’évaluation",2 633,Poche,https://m.media-amazon.com/images/I/81OInTndokL._AC_UY218_.jpg,2025-09-04T18:40:58.946975,Description non disponible depuis la recherche,Stock non disponible,ISBN non disponible,Éditeur non disponible,Date non disponible,Nombre de pages non disponible,Rang de vente non disponible,Religion,8.0,,
Français collège Mes leçons de Français : 66 cartes mentales pour assimiler facilement le programme de français et préparer sereinement l'épreuve du brevet,https://www.amazon.fr/Fran%C3%A7ais-coll%C3%A8ge-Mes-le%C3%A7ons-sereinement/dp/2212574983/ref=sr_1_127,"24,90 €",Stéphanie Eleaume Lachaud,"4,7 sur 5 étoiles, détails de l’évaluation",536,Broché,https://m.media-amazon.com/images/I/71rdM8B5rVL._AC_UY218_.jpg,2025-09-04T18:40:58.949167,Description non disponible depuis la recherche,Stock non disponible,ISBN non disponible,Éditeur non disponible,Date non disponible,Nombre de pages non disponible,Rang de vente non disponible,Religion,8.0,,
Anglais T2 Le mot et l'idée: Vocabulaire thématique,https://www.amazon.fr/Anglais-mot-lid%C3%A9e-Vocabulaire-th%C3%A9matique/dp/2708015737/ref=sr_1_128,"20,95 €","de Christian Bouscaren, Amélie Josselin-leray, et al. | 3 mars 2021","4,5 sur 5 étoiles, détails de l’évaluation",125,Broché,https://m.media-amazon.com/images/I/61EmdQmmq5L._AC_UY218_.jpg,2025-09-04T18:40:58.951920,Description non disponible depuis la recherche,Stock non disponible,ISBN non disponible,Éditeur non disponible,Date non disponible,Nombre de pages non disponible,Rang de vente non disponible,Religion,8.0,,
The Grammar Guide,https://www.amazon.fr/Grammar-Guide-Daniel-Bonnet-Piron/dp/2091650315/ref=sr_1_129,"20,90 €",Édith Dermaux-Froissart,"4,5 sur 5 étoiles, détails de l’évaluation",70,Broché,https://m.media-amazon.com/images/I/61TzG6pxArL._AC_UY218_.jpg,2025-09-04T18:40:58.954100,Description non disponible depuis la recherche,Stock non disponible,ISBN non disponible,Éditeur non disponible,Date non disponible,Nombre de pages non disponible,Rang de vente non disponible,Religion,8.0,,
Grammaire progressive du français - Niveau intermédiaire (A2/B1) - Livre + CD + Appli-web - 4ème édition,https://www.amazon.fr/Grammaire-progressive-fran%C3%A7ais-interm%C3%A9diaire-interactif/dp/2090381035/ref=sr_1_131,"28,60 €",Maïa Grégoire,"4,7 sur 5 étoiles, détails de l’évaluation",1 648,Broché,https://m.media-amazon.com/images/I/71Py5wEHx+L._AC_UY218_.jpg,2025-09-04T18:40:58.959364,Description non disponible depuis la recherche,Stock non disponible,ISBN non disponible,Éditeur non disponible,Date non disponible,Nombre de pages non disponible,Rang de vente non disponible,Religion,8.0,,
Physique chimie 2de - Éd. 2019 - Carnet de labo,https://www.amazon.fr/Physique-chimie-2de-2019-Carnet/dp/240105748X/ref=sr_1_132,"5,70 €","de David Dauriac, Karine Médina-Moretto, et al. | 22 mai 2019","4,6 sur 5 étoiles, détails de l’évaluation",607,Broché,https://m.media-amazon.com/images/I/71DWRKPYtVL._AC_UY218_.jpg,2025-09-04T18:40:58.962647,Description non disponible depuis la recherche,Stock non disponible,ISBN non disponible,Éditeur non disponible,Date non disponible,Nombre de pages non disponible,Rang de vente non disponible,Religion,8.0,,
Grammaire de l'Anglais - Robert & Nathan,https://www.amazon.fr/Grammaire-lAnglais-Robert-Jacques-Marcelin/dp/2091520101/ref=sr_1_131,"15,50 €",François Faivre,"4,6 sur 5 étoiles, détails de l’évaluation",111,Relié,https://m.media-amazon.com/images/I/71yjkZRAUyL._AC_UY218_.jpg,2025-09-04T18:41:10.001511,Description non disponible depuis la recherche,Stock non disponible,ISBN non disponible,Éditeur non disponible,Date non disponible,Nombre de pages non disponible,Rang de vente non disponible,Religion,9.0,,
Le monde de Sophie,https://www.amazon.fr/monde-Sophie-Jostein-Gaarder/dp/2020550768/ref=sr_1_132,"10,80 €",Jostein Gaarder,"4,6 sur 5 étoiles, détails de l’évaluation",926,Poche,https://m.media-amazon.com/images/I/71HwqE5QQiL._AC_UY218_.jpg,2025-09-04T18:41:10.004926,Description non disponible depuis la recherche,Stock non disponible,ISBN non disponible,Éditeur non disponible,Date non disponible,Nombre de pages non disponible,Rang de vente non disponible,Religion,9.0,,
Agenda de bord 2025/2026 professeur d’Espagnol: Carnet de bord A4 pour les enseignants,https://www.amazon.fr/Agenda-bord-2025-professeur-dEspagnol/dp/9403794224/ref=sr_1_133,"11,90 €",Gringolivier editions,"4,5 sur 5 étoiles, détails de l’évaluation",4,Broché,https://m.media-amazon.com/images/I/712N232LEFL._AC_UY218_.jpg,2025-09-04T18:41:10.006820,Description non disponible depuis la recherche,Stock non disponible,ISBN non disponible,Éditeur non disponible,Date non disponible,Nombre de pages non disponible,Rang de vente non disponible,Religion,9.0,,
Rhumatologie: Réussir ses EDN,https://www.amazon.fr/Rhumatologie-R%C3%A9ussir-ses-EDN-COFER/dp/2294782615/ref=sr_1_134,"38,00 €",de COFER | 2 octobre 2024,"4,5 sur 5 étoiles, détails de l’évaluation",15,Broché,https://m.media-amazon.com/images/I/71LYlY0B7vL._AC_UY218_.jpg,2025-09-04T18:41:10.010289,Description non disponible depuis la recherche,Stock non disponible,ISBN non disponible,Éditeur non disponible,Date non disponible,Nombre de pages non disponible,Rang de vente non disponible,Religion,9.0,,
Le thésaurus des émotions: Vos personnages s’expriment : guide aux auteurs & écrivains | D’après le best-seller d’Angela Ackerman & Becca Puglisi,https://www.amazon.fr/th%C3%A9saurus-%C3%A9motions-personnages-sexpriment-best-seller/dp/B0BW2SDH9H/ref=sr_1_135,"36,00 €",Becca Puglisi,"4,6 sur 5 étoiles, détails de l’évaluation",108,Broché,https://m.media-amazon.com/images/I/71igSFgN8HL._AC_UY218_.jpg,2025-09-04T18:41:10.012850,Description non disponible depuis la recherche,Stock non disponible,ISBN non disponible,Éditeur non disponible,Date non disponible,Nombre de pages non disponible,Rang de vente non disponible,Religion,9.0,,
Le Prince - Nicolas Machiavel: Édition collector intégrale - Grand format 15 cm x 22 cm - (Annotée d'une biographie),https://www.amazon.fr/Prince-Machiavel-collector-int%C3%A9grale-biographie/dp/B09K236M1Z/ref=sr_1_136,"8,99 €",Nicolas Machiavel,"4,3 sur 5 étoiles, détails de l’évaluation",172,Broché,https://m.media-amazon.com/images/I/81xu6EumbGL._AC_UY218_.jpg,2025-09-04T18:41:10.015997,Description non disponible depuis la recherche,Stock non disponible,ISBN non disponible,Éditeur non disponible,Date non disponible,Nombre de pages non disponible,Rang de vente non disponible,Religion,9.0,,
"What's on... anglais cycle 4 / 4e - Workbook - éd. 2017: cahier, cahier d'exercices, cahier d'activités, TP",https://www.amazon.fr/Whats-anglais-cycle-dexercices-dactivit%C3%A9s/dp/2014627258/ref=sr_1_137,"9,50 €",James Windsor,"4,6 sur 5 étoiles, détails de l’évaluation",473,Broché,https://m.media-amazon.com/images/I/818RzB3kPwL._AC_UY218_.jpg,2025-09-04T18:41:10.018250,Description non disponible depuis la recherche,Stock non disponible,ISBN non disponible,Éditeur non disponible,Date non disponible,Nombre de pages non disponible,Rang de vente non disponible,Religion,9.0,,
Ça s'écrit comment ?,https://www.amazon.fr/%C3%87a-s%C3%A9crit-comment-MaitressAdeline/dp/2501181581/ref=sr_1_138,"16,90 €",MaitressAdeline,"4,8 sur 5 étoiles, détails de l’évaluation",314,Broché,https://m.media-amazon.com/images/I/71XTWgQfruL._AC_UY218_.jpg,2025-09-04T18:41:10.021459,Description non disponible depuis la recherche,Stock non disponible,ISBN non disponible,Éditeur non disponible,Date non disponible,Nombre de pages non disponible,Rang de vente non disponible,Religion,9.0,,
Santé publique: Réussir son DFASM - Connaissances clés,https://www.amazon.fr/Sant%C3%A9-publique-R%C3%A9ussir-DFASM-Connaissances/dp/2294774663/ref=sr_1_141,"35,50 €",Collège universitaire des enseignants de santé publique (CUESP),"4,5 sur 5 étoiles, détails de l’évaluation",44,Broché,https://m.media-amazon.com/images/I/71yE1NzQDBL._AC_UY218_.jpg,2025-09-04T18:41:10.030459,Description non disponible depuis la recherche,Stock non disponible,ISBN non disponible,Éditeur non disponible,Date non disponible,Nombre de pages non disponible,Rang de vente non disponible,Religion,9.0,,
"L'anglais de A à Z: grammaire, conjugaison & difficultés de traduction",https://www.amazon.fr/Langlais-grammaire-conjugaison-difficult%C3%A9s-traduction/dp/240108617X/ref=sr_1_142,"13,50 €",de Michael Swan et Françoise Houdart | 15 juin 2022,"4,8 sur 5 étoiles, détails de l’évaluation",109,Broché,https://m.media-amazon.com/images/I/71hzJBi5mhL._AC_UY218_.jpg,2025-09-04T18:41:10.034048,Description non disponible depuis la recherche,Stock non disponible,ISBN non disponible,Éditeur non disponible,Date non disponible,Nombre de pages non disponible,Rang de vente non disponible,Religion,9.0,,
Cahier de Français 5e éd. 2020 - Cahier de l'élève,https://www.amazon.fr/Cahier-Fran%C3%A7ais-5e-%C3%A9d-2020/dp/2401062807/ref=sr_1_143,"7,20 €","de Annie Lomné, Eric Levasseur, et al. | 22 mai 2020","4,7 sur 5 étoiles, détails de l’évaluation",478,Broché,https://m.media-amazon.com/images/I/71p19cJojtL._AC_UY218_.jpg,2025-09-04T18:41:10.036793,Description non disponible depuis la recherche,Stock non disponible,ISBN non disponible,Éditeur non disponible,Date non disponible,Nombre de pages non disponible,Rang de vente non disponible,Religion,9.0,,
Ophtalmologie: Réussir ses EDN,https://www.amazon.fr/Ophtalmologie-Coll%C3%A8ge-ophtalmologistes-universitaires-France/dp/2294786629/ref=sr_1_144,"37,90 €",de Collège des ophtalmologistes universitaires de France | 3 septembre 2025,Note non disponible,0 avis,Broché,https://m.media-amazon.com/images/I/71vwIjx+soL._AC_UY218_.jpg,2025-09-04T18:41:10.040580,Description non disponible depuis la recherche,Stock non disponible,ISBN non disponible,Éditeur non disponible,Date non disponible,Nombre de pages non disponible,Rang de vente non disponible,Religion,9.0,,
Cahier d’Écriture Cursive: Moyenne Grande Section Maternelles et CP. Cahier pour Apprendre à Écrire en Cursive - Alphabet Majuscule et Minuscule - 140 pages,https://www.amazon.fr/Cahier-d%C3%89criture-Cursive-Maternelles-Apprendre/dp/B09HR1VN4H/ref=sr_1_145,"14,97 €",Élève Intelligent Editions,"4,6 sur 5 étoiles, détails de l’évaluation",427,Broché,https://m.media-amazon.com/images/I/71-dqIPZn4L._AC_UY218_.jpg,2025-09-04T18:41:10.043045,Description non disponible depuis la recherche,Stock non disponible,ISBN non disponible,Éditeur non disponible,Date non disponible,Nombre de pages non disponible,Rang de vente non disponible,Religion,9.0,,
La planète des singes,https://www.amazon.fr/plan%C3%A8te-singes-Pierre-BOULLE/dp/2266283022/ref=sr_1_146,"5,70 €",Pierre Boulle,"4,6 sur 5 étoiles, détails de l’évaluation",2 017,Poche,https://m.media-amazon.com/images/I/71t66W0Z7eL._AC_UY218_.jpg,2025-09-04T18:41:10.046381,Description non disponible depuis la recherche,Stock non disponible,ISBN non disponible,Éditeur non disponible,Date non disponible,Nombre de pages non disponible,Rang de vente non disponible,Religion,9.0,,
Jacques Bainville HISTOIRE DE FRANCE - Édition Originale Collector: Synthèse de l'histoire de France en partant des Gaulois j'usqu'à la belle époque,https://www.amazon.fr/Jacques-Bainville-HISTOIRE-FRANCE-Originale/dp/B09NRD21RX/ref=sr_1_147,"14,99 €",de Jacques Bainville et Collection J. Bainville | 18 décembre 2021,"4,6 sur 5 étoiles, détails de l’évaluation",58,Broché,https://m.media-amazon.com/images/I/51XCnvWvF2L._AC_UY218_.jpg,2025-09-04T18:41:10.049420,Description non disponible depuis la recherche,Stock non disponible,ISBN non disponible,Éditeur non disponible,Date non disponible,Nombre de pages non disponible,Rang de vente non disponible,Religion,9.0,,
60 étapes pour réussir en anglais - 4e édition,https://www.amazon.fr/60-%C3%A9tapes-pour-r%C3%A9ussir-anglais/dp/2340025931/ref=sr_1_148,"32,00 €",Fabien Fichaux,"4,2 sur 5 étoiles, détails de l’évaluation",31,Broché,https://m.media-amazon.com/images/I/51gKsDcIErL._AC_UY218_.jpg,2025-09-04T18:41:10.052075,Description non disponible depuis la recherche,Stock non disponible,ISBN non disponible,Éditeur non disponible,Date non disponible,Nombre de pages non disponible,Rang de vente non disponible,Religion,9.0,,
"Cahier De Texte: Carnet gamer de devoirs pour filles et garçons, Pratique pour tous les matières : cm1 cm2 ce1 ce2 cp - Parfait pour la rentrée scolaire.",https://www.amazon.fr/Cahier-Texte-Pratique-mati%C3%A8res-scolaire/dp/B0FLYHPB92/ref=sr_1_147,"13,62 €",de Veynira Scarhoop | 7 août 2025,"5,0 sur 5 étoiles, détails de l’évaluation",2,Broché,https://m.media-amazon.com/images/I/71mwtbwQ-WL._AC_UY218_.jpg,2025-09-04T18:41:19.842657,Description non disponible depuis la recherche,Stock non disponible,ISBN non disponible,Éditeur non disponible,Date non disponible,Nombre de pages non disponible,Rang de vente non disponible,Religion,10.0,,
Littérature : 150 textes théoriques et critiques,https://www.amazon.fr/Litt%C3%A9rature-150-textes-th%C3%A9oriques-critiques/dp/2200601336/ref=sr_1_148,"28,00 €",Nadine Toursel,"4,6 sur 5 étoiles, détails de l’évaluation",206,Broché,https://m.media-amazon.com/images/I/61uEIsAidYL._AC_UY218_.jpg,2025-09-04T18:41:19.844789,Description non disponible depuis la recherche,Stock non disponible,ISBN non disponible,Éditeur non disponible,Date non disponible,Nombre de pages non disponible,Rang de vente non disponible,Religion,10.0,,
"Cours d'orthographe, 5e, 4e, 3e,",https://www.amazon.fr/Cours-dorthographe-5e-4e-3e/dp/2011251915/ref=sr_1_149,"21,10 €",Bled,"4,7 sur 5 étoiles, détails de l’évaluation",159,Relié,https://m.media-amazon.com/images/I/715nV0gepuL._AC_UY218_.jpg,2025-09-04T18:41:19.846941,Description non disponible depuis la recherche,Stock non disponible,ISBN non disponible,Éditeur non disponible,Date non disponible,Nombre de pages non disponible,Rang de vente non disponible,Religion,10.0,,
"Bescherelle - Maîtriser la grammaire espagnole (grammaire & exercices): lycée, classes préparatoires et université (B1-B2)",https://www.amazon.fr/Bescherelle-Ma%C3%AEtriser-grammaire-pr%C3%A9paratoires-universit%C3%A9/dp/2401094326/ref=sr_1_150,"12,99 €",Pilar Carrasco Thierry,"4,8 sur 5 étoiles, détails de l’évaluation",37,Broché,https://m.media-amazon.com/images/I/712Mit2sU0L._AC_UY218_.jpg,2025-09-04T18:41:19.849885,Description non disponible depuis la recherche,Stock non disponible,ISBN non disponible,Éditeur non disponible,Date non disponible,Nombre de pages non disponible,Rang de vente non disponible,Religion,10.0,,
Larousse dictionnaire des débutants 6/8 ans CP/CE,https://www.amazon.fr/Larousse-dictionnaire-d%C3%A9butants-ans-CP/dp/2036068723/ref=sr_1_151,"15,95 €",Larousse,"4,6 sur 5 étoiles, détails de l’évaluation",3,Broché,https://m.media-amazon.com/images/I/81uLzGxQMmL._AC_UY218_.jpg,2025-09-04T18:41:19.851791,Description non disponible depuis la recherche,Stock non disponible,ISBN non disponible,Éditeur non disponible,Date non disponible,Nombre de pages non disponible,Rang de vente non disponible,Religion,10.0,,
Le Patrimonio 2e édition: 100 solutions patrimoniales illustrées,https://www.amazon.fr/Patrimonio-%C3%A9dition-solutions-patrimoniales-illustr%C3%A9es/dp/289603949X/ref=sr_1_152,"42,00 €",de Antoine Ravel d'Esclapon (de) | 16 mai 2025,"3,9 sur 5 étoiles, détails de l’évaluation",3,Broché,https://m.media-amazon.com/images/I/51fmB+V15hL._AC_UY218_.jpg,2025-09-04T18:41:19.854242,Description non disponible depuis la recherche,Stock non disponible,ISBN non disponible,Éditeur non disponible,Date non disponible,Nombre de pages non disponible,Rang de vente non disponible,Religion,10.0,,
Bled Tout-en-un,https://www.amazon.fr/Bled-Tout-en-Daniel-Berlion/dp/2017151041/ref=sr_1_153,"12,90 €",Daniel Berlion,"4,7 sur 5 étoiles, détails de l’évaluation",1 197,Broché,https://m.media-amazon.com/images/I/71Nu1Kr1uxS._AC_UY218_.jpg,2025-09-04T18:41:19.856188,Description non disponible depuis la recherche,Stock non disponible,ISBN non disponible,Éditeur non disponible,Date non disponible,Nombre de pages non disponible,Rang de vente non disponible,Religion,10.0,,
"Encyclopédie de l’espace: Le livre d’astronomie pour les enfants de 7 à 12 ans | Pour découvrir et tout savoir sur l’espace , le système solaire , la ... en astronomie et comprendre notre ciel",https://www.amazon.fr/Encyclop%C3%A9die-lespace-dastronomie-astronomie-comprendre/dp/B0BHCDZP7X/ref=sr_1_154,"11,95 €",Editions Jenna Smith,"4,4 sur 5 étoiles, détails de l’évaluation",277,Broché,https://m.media-amazon.com/images/I/71Ad3PhY7WL._AC_UY218_.jpg,2025-09-04T18:41:19.858648,Description non disponible depuis la recherche,Stock non disponible,ISBN non disponible,Éditeur non disponible,Date non disponible,Nombre de pages non disponible,Rang de vente non disponible,Religion,10.0,,
"J'apprends l'espagnol autrement - Niveau débutant: 80 cartes mentales pour apprendre facilement la grammaire,la conjugaison et le vocabulaire espagnols ! + 1 livret explicatif",https://www.amazon.fr/Japprends-lespagnol-autrement-conjugaison-vocabulaire/dp/2212571720/ref=sr_1_157,"24,90 €",Stéphanie Eleaume Lachaud,"4,6 sur 5 étoiles, détails de l’évaluation",599,Broché,https://m.media-amazon.com/images/I/71agtrwYbTL._AC_UY218_.jpg,2025-09-04T18:41:19.867238,Description non disponible depuis la recherche,Stock non disponible,ISBN non disponible,Éditeur non disponible,Date non disponible,Nombre de pages non disponible,Rang de vente non disponible,Religion,10.0,,
English Grammar in Use Book with Answers: A Self-study Reference and Practice Book for Intermediate Learners of English,https://www.amazon.fr/English-Grammar-Use-Book-Answers/dp/1108457657/ref=sr_1_158,"27,99 €",Raymond Murphy,"4,7 sur 5 étoiles, détails de l’évaluation",5 109,Broché,https://m.media-amazon.com/images/I/51a+XisfDsL._AC_UY218_.jpg,2025-09-04T18:41:19.869981,Description non disponible depuis la recherche,Stock non disponible,ISBN non disponible,Éditeur non disponible,Date non disponible,Nombre de pages non disponible,Rang de vente non disponible,Religion,10.0,,
Dictionnaire LAROUSSE des SYNONYMES poche,https://www.amazon.fr/Dictionnaire-LAROUSSE-SYNONYMES-poche-Genouvrier/dp/2035985102/ref=sr_1_159,"9,95 €","de Emile Genouvrier, Claude Désirat, et al. | 12 février 2020","4,6 sur 5 étoiles, détails de l’évaluation",554,Broché,https://m.media-amazon.com/images/I/71KJRJpks4L._AC_UY218_.jpg,2025-09-04T18:41:19.873090,Description non disponible depuis la recherche,Stock non disponible,ISBN non disponible,Éditeur non disponible,Date non disponible,Nombre de pages non disponible,Rang de vente non disponible,Religion,10.0,,
Agenda football photos 2025-2026 – Papeterie Jeunesse – À partir de 6 ans,https://www.amazon.fr/Agenda-football-photos-2025-2026-Papeterie/dp/2324036967/ref=sr_1_160,"9,95 €",de Maxime Lafon | 5 juin 2025,"3,6 sur 5 étoiles, détails de l’évaluation",5,Relié,https://m.media-amazon.com/images/I/71Kekr1OHEL._AC_UY218_.jpg,2025-09-04T18:41:19.875637,Description non disponible depuis la recherche,Stock non disponible,ISBN non disponible,Éditeur non disponible,Date non disponible,Nombre de pages non disponible,Rang de vente non disponible,Religion,10.0,,
Guinness World Records 2026,https://www.amazon.fr/Guinness-World-Records-2026/dp/2017075183/ref=sr_1_161,"29,95 €",Guinness World Records,Note non disponible,0 avis,Relié,https://m.media-amazon.com/images/I/71YrVf3MpaL._AC_UY218_.jpg,2025-09-04T18:41:19.877647,Description non disponible depuis la recherche,Stock non disponible,ISBN non disponible,Éditeur non disponible,Date non disponible,Nombre de pages non disponible,Rang de vente non disponible,Religion,10.0,,
Je me mets au japonais,https://www.amazon.fr/Je-me-mets-au-japonais/dp/2501193970/ref=sr_1_162,"16,90 €",de Léïna Pimont-Nishimura et @zerotojapan | 20 août 2025,Note non disponible,0 avis,Broché,https://m.media-amazon.com/images/I/71foJyjtyML._AC_UY218_.jpg,2025-09-04T18:41:19.880468,Description non disponible depuis la recherche,Stock non disponible,ISBN non disponible,Éditeur non disponible,Date non disponible,Nombre de pages non disponible,Rang de vente non disponible,Religion,10.0,,
"HAMANI HAA TUHUKA TE PATUTIKI-Dictionnaire du tatouage polynésien des îles Marquises: marquisien-français, français-marquisien -Tome 1",https://www.amazon.fr/HAMANI-PATUTIKI-Dictionnaire-tatouage-polyn%C3%A9sien-Marquises/dp/2954120509/ref=sr_1_163,"41,14 €",Teiki HUUKENA,"4,8 sur 5 étoiles, détails de l’évaluation",103,Broché,https://m.media-amazon.com/images/I/61Etr8ql8rL._AC_UY218_.jpg,2025-09-04T18:41:19.883076,Description non disponible depuis la recherche,Stock non disponible,ISBN non disponible,Éditeur non disponible,Date non disponible,Nombre de pages non disponible,Rang de vente non disponible,Religion,10.0,,
Agenda de bord 2025/2026 professeur de Sciences de la Vie et de la Terre: Carnet de bord A4 pour les enseignants,https://www.amazon.fr/Agenda-bord-professeur-Sciences-Terre/dp/9403794305/ref=sr_1_164,"11,90 €",Gringolivier editions,"3,8 sur 5 étoiles, détails de l’évaluation",4,Broché,https://m.media-amazon.com/images/I/61B1MsAcCfL._AC_UY218_.jpg,2025-09-04T18:41:19.884870,Description non disponible depuis la recherche,Stock non disponible,ISBN non disponible,Éditeur non disponible,Date non disponible,Nombre de pages non disponible,Rang de vente non disponible,Religion,10.0,,
Agenda Les Carnets de l'apothicaire 2025-2026,https://www.amazon.fr/Agenda-Carnets-lapothicaire-2025-2026-Collectif/dp/B0DXTZNRKB/ref=sr_1_163,"9,95 €","de Collectif, Natsu Hyuuga, et al. | 5 juin 2025","5,0 sur 5 étoiles, détails de l’évaluation",11,Relié,https://m.media-amazon.com/images/I/71nPQhCIsvL._AC_UY218_.jpg,2025-09-04T18:47:27.435406,Description non disponible depuis la recherche,Stock non disponible,ISBN non disponible,Éditeur non disponible,Date non disponible,Nombre de pages non disponible,Rang de vente non disponible,Religion,11.0,,
Dictionnaire Le Robert & Van Dale Poche néerlandais,https://www.amazon.fr/Dictionnaire-Robert-Dale-Poche-n%C3%A9erlandais/dp/2321019190/ref=sr_1_164,"13,95 €",de Collectif | 2 mars 2023,"4,7 sur 5 étoiles, détails de l’évaluation",62,Broché,https://m.media-amazon.com/images/I/51fDDwNjFzL._AC_UY218_.jpg,2025-09-04T18:47:27.437953,Description non disponible depuis la recherche,Stock non disponible,ISBN non disponible,Éditeur non disponible,Date non disponible,Nombre de pages non disponible,Rang de vente non disponible,Religion,11.0,,
Vocabulaire Anglais - Robert & Nathan,https://www.amazon.fr/Vocabulaire-Anglais-Robert-Jacqueline-Fromonot/dp/209152011X/ref=sr_1_165,"15,50 €",Gilbert Fontane,"4,6 sur 5 étoiles, détails de l’évaluation",250,Broché,https://m.media-amazon.com/images/I/61wOmlj1B1L._AC_UY218_.jpg,2025-09-04T18:47:27.440315,Description non disponible depuis la recherche,Stock non disponible,ISBN non disponible,Éditeur non disponible,Date non disponible,Nombre de pages non disponible,Rang de vente non disponible,Religion,11.0,,
RICHE: Un banquier privé vous présente les meilleures stratégies d'investissement pour devenir riche à partir d'un petit capital,https://www.amazon.fr/RICHE-banquier-meilleures-strat%C3%A9gies-dinvestissement/dp/248745850X/ref=sr_1_166,"22,90 €",Mamadou FALL,"4,9 sur 5 étoiles, détails de l’évaluation",95,Broché,https://m.media-amazon.com/images/I/61FEAsNwmhL._AC_UY218_.jpg,2025-09-04T18:47:27.442822,Description non disponible depuis la recherche,Stock non disponible,ISBN non disponible,Éditeur non disponible,Date non disponible,Nombre de pages non disponible,Rang de vente non disponible,Religion,11.0,,
Cahier de compte: Suivi de budget mensuel pour gérer ses comptes personnels ou familiaux | Idéal pour faire ses comptes et économiser,https://www.amazon.fr/Cahier-compte-personnels-familiaux-%C3%A9conomiser/dp/B0DJMFFW85/ref=sr_1_167,"11,99 €",de Bubble Évasion | 3 octobre 2024,"4,7 sur 5 étoiles, détails de l’évaluation",47,Broché,https://m.media-amazon.com/images/I/619p60XWR+L._AC_UY218_.jpg,2025-09-04T18:47:27.445638,Description non disponible depuis la recherche,Stock non disponible,ISBN non disponible,Éditeur non disponible,Date non disponible,Nombre de pages non disponible,Rang de vente non disponible,Religion,11.0,,
Agenda de bord 2025/2026 Enseignant: Carnet de bord A4 pour les professeurs,https://www.amazon.fr/Agenda-bord-2025-2026-Enseignant/dp/9403786426/ref=sr_1_168,"11,90 €",de Agenda-enseignant editions | 5 mai 2025,"4,1 sur 5 étoiles, détails de l’évaluation",5,Broché,https://m.media-amazon.com/images/I/71lHGXzFa6L._AC_UY218_.jpg,2025-09-04T18:47:27.447866,Description non disponible depuis la recherche,Stock non disponible,ISBN non disponible,Éditeur non disponible,Date non disponible,Nombre de pages non disponible,Rang de vente non disponible,Religion,11.0,,
Chirurgie maxillo-faciale: Réussir ses EDN,https://www.amazon.fr/Chirurgie-maxillo-faciale-R%C3%A9ussir-ses-EDN/dp/2294785436/ref=sr_1_169,"38,00 €",de CNECMF (Collège National des Enseignants de Chirurgie Maxillo-Faciale) | 3 juillet 2024,"3,5 sur 5 étoiles, détails de l’évaluation",4,Broché,https://m.media-amazon.com/images/I/71qF1Bv87aL._AC_UY218_.jpg,2025-09-04T18:47:27.451070,Description non disponible depuis la recherche,Stock non disponible,ISBN non disponible,Éditeur non disponible,Date non disponible,Nombre de pages non disponible,Rang de vente non disponible,Religion,11.0,,
Let's speak english !: Une méthode fun et efficace pour progresser en anglais,https://www.amazon.fr/Lets-speak-english-efficace-progresser/dp/2036055575/ref=sr_1_170,"19,95 €",Monsieur Prof,"4,7 sur 5 étoiles, détails de l’évaluation",210,Broché,https://m.media-amazon.com/images/I/817TWAmsaiL._AC_UY218_.jpg,2025-09-04T18:47:27.454096,Description non disponible depuis la recherche,Stock non disponible,ISBN non disponible,Éditeur non disponible,Date non disponible,Nombre de pages non disponible,Rang de vente non disponible,Religion,11.0,,
Agenda de bord 2025/2026 professeur de lycée professionnel: Carnet de bord A4 pour les enseignants,https://www.amazon.fr/Agenda-bord-professeur-lyc%C3%A9e-professionnel/dp/9403794372/ref=sr_1_173,"11,90 €",Gringolivier editions,"4,7 sur 5 étoiles, détails de l’évaluation",4,Broché,https://m.media-amazon.com/images/I/71vdi9mW+GL._AC_UY218_.jpg,2025-09-04T18:47:27.461948,Description non disponible depuis la recherche,Stock non disponible,ISBN non disponible,Éditeur non disponible,Date non disponible,Nombre de pages non disponible,Rang de vente non disponible,Religion,11.0,,
Jeu Brain - délit de faciès - édition 2022: Le jeu où il faut juger pour gagner,https://www.amazon.fr/Jeu-Brain-faci%C3%A8s-%C3%A9dition-gagner/dp/2019466546/ref=sr_1_174,"12,00 €",de Collectif D'Auteurs | 5 octobre 2022,"4,4 sur 5 étoiles, détails de l’évaluation",38,Broché,https://m.media-amazon.com/images/I/51fvUHF8KnL._AC_UY218_.jpg,2025-09-04T18:47:27.465020,Description non disponible depuis la recherche,Stock non disponible,ISBN non disponible,Éditeur non disponible,Date non disponible,Nombre de pages non disponible,Rang de vente non disponible,Religion,11.0,,
Le Petit Nicolas,https://www.amazon.fr/Petit-Nicolas-Ren%C3%A9-Goscinny/dp/2070364232/ref=sr_1_175,"8,50 €",de René Goscinny et Jean-Jacques Sempé | 26 juillet 1973,"4,7 sur 5 étoiles, détails de l’évaluation",1 020,Poche,https://m.media-amazon.com/images/I/71V7ZXX3HJL._AC_UY218_.jpg,2025-09-04T18:47:27.469143,Description non disponible depuis la recherche,Stock non disponible,ISBN non disponible,Éditeur non disponible,Date non disponible,Nombre de pages non disponible,Rang de vente non disponible,Religion,11.0,,
Médecine cardiovasculaire: Réussir ses EDN,https://www.amazon.fr/M%C3%A9decine-cardiovasculaire-R%C3%A9ussir-ses-EDN/dp/2294786610/ref=sr_1_176,"39,00 €",de Collège National des enseignants de cardiologie et Société Française de Cardiologie | 24 septembre 2025,Note non disponible,0 avis,Broché,https://m.media-amazon.com/images/I/71HYvziMFWL._AC_UY218_.jpg,2025-09-04T18:47:27.473159,Description non disponible depuis la recherche,Stock non disponible,ISBN non disponible,Éditeur non disponible,Date non disponible,Nombre de pages non disponible,Rang de vente non disponible,Religion,11.0,,
Petite grammaire anglaise de l'écrit et de l'oral,https://www.amazon.fr/Petite-grammaire-anglaise-l%C3%A9crit-loral/dp/2708016288/ref=sr_1_177,"14,00 €",de Sylvie Persec | 20 avril 2022,"4,7 sur 5 étoiles, détails de l’évaluation",34,Broché,https://m.media-amazon.com/images/I/71y4H58ObsL._AC_UY218_.jpg,2025-09-04T18:47:27.475810,Description non disponible depuis la recherche,Stock non disponible,ISBN non disponible,Éditeur non disponible,Date non disponible,Nombre de pages non disponible,Rang de vente non disponible,Religion,11.0,,
Apprendre l'anglais en lisant des histoires courtes: 10 histoires en Anglais et en Français avec liste de vocabulaire,https://www.amazon.fr/Apprendre-langlais-lisant-histoires-courtes/dp/1095977725/ref=sr_1_178,"11,60 €",de Language University France | 26 avril 2019,"4,3 sur 5 étoiles, détails de l’évaluation",740,Broché,https://m.media-amazon.com/images/I/7129az72qjL._AC_UY218_.jpg,2025-09-04T18:47:27.479146,Description non disponible depuis la recherche,Stock non disponible,ISBN non disponible,Éditeur non disponible,Date non disponible,Nombre de pages non disponible,Rang de vente non disponible,Religion,11.0,,
"Je lis seul, tu lis seule CE2",https://www.amazon.fr/Je-lis-seul-seule-CE2/dp/2091225746/ref=sr_1_179,"8,95 €","de Véronique Calle, Fredéric Consavela, et al. | 30 mai 2013","4,7 sur 5 étoiles, détails de l’évaluation",229,Broché,https://m.media-amazon.com/images/I/61tskJYI8LL._AC_UY218_.jpg,2025-09-04T18:47:27.482023,Description non disponible depuis la recherche,Stock non disponible,ISBN non disponible,Éditeur non disponible,Date non disponible,Nombre de pages non disponible,Rang de vente non disponible,Religion,11.0,,
"What's on... anglais cycle 3 / 6e - Workbook - éd. 2017: cahier, cahier d'exercices, cahier d'activités, TP",https://www.amazon.fr/Whats-anglais-cycle-dexercices-dactivit%C3%A9s/dp/2014627223/ref=sr_1_180,"9,50 €",Wendy Benoit,"4,7 sur 5 étoiles, détails de l’évaluation",491,Broché,https://m.media-amazon.com/images/I/81h3EV5SRwL._AC_UY218_.jpg,2025-09-04T18:47:27.484258,Description non disponible depuis la recherche,Stock non disponible,ISBN non disponible,Éditeur non disponible,Date non disponible,Nombre de pages non disponible,Rang de vente non disponible,Religion,11.0,,
Agenda de bord 2025/2026 professeur de Physique-chimie: Carnet de bord A4 pour les enseignants,https://www.amazon.fr/Agenda-bord-2025-professeur-Physique-chimie/dp/940379433X/ref=sr_1_179,"11,90 €",Gringolivier editions,"4,5 sur 5 étoiles, détails de l’évaluation",4,Broché,https://m.media-amazon.com/images/I/61Ibs-2-QmL._AC_UY218_.jpg,2025-09-04T18:47:37.094008,Description non disponible depuis la recherche,Stock non disponible,ISBN non disponible,Éditeur non disponible,Date non disponible,Nombre de pages non disponible,Rang de vente non disponible,Religion,12.0,,
"Bescherelle - Le coffret de la langue française : Conjugaison, Orthographe, Grammaire: nouvelle édition",https://www.amazon.fr/Bescherelle-fran%C3%A7aise-Conjugaison-Orthographe-Grammaire/dp/2401105352/ref=sr_1_180,"30,50 €","de Bénédicte Delaunay, Claude Kannas, et al. | 21 août 2024","4,9 sur 5 étoiles, détails de l’évaluation",39,Broché,https://m.media-amazon.com/images/I/61PHMRTwoiL._AC_UY218_.jpg,2025-09-04T18:47:37.096409,Description non disponible depuis la recherche,Stock non disponible,ISBN non disponible,Éditeur non disponible,Date non disponible,Nombre de pages non disponible,Rang de vente non disponible,Religion,12.0,,
Le Pouvoir rhétorique: Apprendre à convaincre et à décrypter les discours,https://www.amazon.fr/rh%C3%A9torique-Apprendre-convaincre-d%C3%A9crypter-discours/dp/2757899058/ref=sr_1_181,"10,80 €",Clément Viktorovitch,"4,6 sur 5 étoiles, détails de l’évaluation",977,Poche,https://m.media-amazon.com/images/I/71+VbzsnYcL._AC_UY218_.jpg,2025-09-04T18:47:37.099656,Description non disponible depuis la recherche,Stock non disponible,ISBN non disponible,Éditeur non disponible,Date non disponible,Nombre de pages non disponible,Rang de vente non disponible,Religion,12.0,,
"Agenda Scolaire: Loup blanc, parme, violet | Journalier, un Jour par Page | 12x17 cm Format Standard | Ecole Primaire CP CE1 CE2 CM1 CM2, Collège 6ème ... Souple | Pour Fille, enfant, adolescent",https://www.amazon.fr/Agenda-Scolaire-Journalier-Standard-adolescent/dp/B0F9VJY97L/ref=sr_1_182,"11,99 €",de Roza Yoko | 20 mai 2025,"4,2 sur 5 étoiles, détails de l’évaluation",3,Broché,https://m.media-amazon.com/images/I/61ZLdSK7j8L._AC_UY218_.jpg,2025-09-04T18:47:37.102617,Description non disponible depuis la recherche,Stock non disponible,ISBN non disponible,Éditeur non disponible,Date non disponible,Nombre de pages non disponible,Rang de vente non disponible,Religion,12.0,,
Dictionnaire Larousse poche Allemand,https://www.amazon.fr/Dictionnaire-Larousse-poche-Allemand/dp/2036021905/ref=sr_1_183,"9,95 €",de Collectif | 15 juin 2022,"4,7 sur 5 étoiles, détails de l’évaluation",94,Broché,https://m.media-amazon.com/images/I/81lWuFYTolL._AC_UY218_.jpg,2025-09-04T18:47:37.105131,Description non disponible depuis la recherche,Stock non disponible,ISBN non disponible,Éditeur non disponible,Date non disponible,Nombre de pages non disponible,Rang de vente non disponible,Religion,12.0,,
Conjugaison française,https://www.amazon.fr/Conjugaison-fran%C3%A7aise-Librio/dp/2290170178/ref=sr_1_184,"3,00 €",de Collectif | 12 septembre 2018,"4,7 sur 5 étoiles, détails de l’évaluation",302,Poche,https://m.media-amazon.com/images/I/61eE0s5wGEL._AC_UY218_.jpg,2025-09-04T18:47:37.108017,Description non disponible depuis la recherche,Stock non disponible,ISBN non disponible,Éditeur non disponible,Date non disponible,Nombre de pages non disponible,Rang de vente non disponible,Religion,12.0,,
Complete First for Schools Student's Book without Answers with Online Practice,https://www.amazon.fr/Complete-Schools-Students-without-Practice/dp/1108647332/ref=sr_1_185,"37,19 €",Guy Brook-Hart,"4,6 sur 5 étoiles, détails de l’évaluation",197,Coffret produits,https://m.media-amazon.com/images/I/61wjf6+bdDL._AC_UY218_.jpg,2025-09-04T18:47:37.110743,Description non disponible depuis la recherche,Stock non disponible,ISBN non disponible,Éditeur non disponible,Date non disponible,Nombre de pages non disponible,Rang de vente non disponible,Religion,12.0,,
Agenda de bord 2025/2026 - coordonnateur ULIS: Carnet de bord coordonnateur collège - lycée,https://www.amazon.fr/Agenda-bord-2025-2026-coordonnateur/dp/9403794127/ref=sr_1_186,"11,90 €",Gringolivier editions,"5,0 sur 5 étoiles, détails de l’évaluation",2,Broché,https://m.media-amazon.com/images/I/71J365sgzpL._AC_UY218_.jpg,2025-09-04T18:47:37.112668,Description non disponible depuis la recherche,Stock non disponible,ISBN non disponible,Éditeur non disponible,Date non disponible,Nombre de pages non disponible,Rang de vente non disponible,Religion,12.0,,
Agenda My Hero Academia 2025-2026,https://www.amazon.fr/Agenda-My-Hero-Academia-2025-2026/dp/B0DXV54XNK/ref=sr_1_189,"9,95 €",Kohei Horikoshi,"5,0 sur 5 étoiles, détails de l’évaluation",2,Relié,https://m.media-amazon.com/images/I/71C38bPKB7L._AC_UY218_.jpg,2025-09-04T18:47:37.120873,Description non disponible depuis la recherche,Stock non disponible,ISBN non disponible,Éditeur non disponible,Date non disponible,Nombre de pages non disponible,Rang de vente non disponible,Religion,12.0,,
"Premiers Pas Cahier d'Écriture: Apprenons à Tracer les Formes, Lignes, Lettres et Chiffres. Cahier de Graphisme et de Coloriage pour les Enfants à partir de 3 ans",https://www.amazon.fr/Premiers-Pas-Cahier-d%C3%89criture-Apprenons/dp/B0BF3G86PQ/ref=sr_1_190,"10,54 €",Élève Intelligent Editions,"4,6 sur 5 étoiles, détails de l’évaluation",175,Broché,https://m.media-amazon.com/images/I/71Ep50kBRqL._AC_UY218_.jpg,2025-09-04T18:47:37.123147,Description non disponible depuis la recherche,Stock non disponible,ISBN non disponible,Éditeur non disponible,Date non disponible,Nombre de pages non disponible,Rang de vente non disponible,Religion,12.0,,
Cours de japonais ! BOITE KANA: 148 cartes pour apprendre les hiragana et katakana,https://www.amazon.fr/Cours-japonais-Julien-Fontanier-BOITE/dp/2017187267/ref=sr_1_191,"24,95 €",Julien Fontanier,"4,8 sur 5 étoiles, détails de l’évaluation",90,Broché,https://m.media-amazon.com/images/I/71HYbt0F-HL._AC_UY218_.jpg,2025-09-04T18:47:37.125240,Description non disponible depuis la recherche,Stock non disponible,ISBN non disponible,Éditeur non disponible,Date non disponible,Nombre de pages non disponible,Rang de vente non disponible,Religion,12.0,,
Nutrition: Réussir ses EDN,https://www.amazon.fr/Nutrition-R%C3%A9ussir-ses-Coll%C3%A8ge-Enseignants/dp/2294782283/ref=sr_1_192,"32,50 €",Collège des Enseignants de Nutrition,"4,3 sur 5 étoiles, détails de l’évaluation",5,Broché,https://m.media-amazon.com/images/I/71kO6LNcwDL._AC_UY218_.jpg,2025-09-04T18:47:37.128102,Description non disponible depuis la recherche,Stock non disponible,ISBN non disponible,Éditeur non disponible,Date non disponible,Nombre de pages non disponible,Rang de vente non disponible,Religion,12.0,,
L'Art de moucher les fâcheux: Les secrets de la repartie en 37 stratagèmes,https://www.amazon.fr/moucher-f%C3%A2cheux-secrets-repartie-stratag%C3%A8mes/dp/275789904X/ref=sr_1_193,"8,95 €",Julien Colliat,"3,9 sur 5 étoiles, détails de l’évaluation",204,Poche,https://m.media-amazon.com/images/I/61QtRWxoJiL._AC_UY218_.jpg,2025-09-04T18:47:37.130973,Description non disponible depuis la recherche,Stock non disponible,ISBN non disponible,Éditeur non disponible,Date non disponible,Nombre de pages non disponible,Rang de vente non disponible,Religion,12.0,,
Dictionnaire Hachette POCHE,https://www.amazon.fr/Dictionnaire-Hachette-POCHE-Collectif/dp/2014006814/ref=sr_1_194,"8,90 €",de Collectif | 7 juin 2023,"4,8 sur 5 étoiles, détails de l’évaluation",37,Poche,https://m.media-amazon.com/images/I/81as5hIiMyL._AC_UY218_.jpg,2025-09-04T18:47:37.133493,Description non disponible depuis la recherche,Stock non disponible,ISBN non disponible,Éditeur non disponible,Date non disponible,Nombre de pages non disponible,Rang de vente non disponible,Religion,12.0,,
Le prophète,https://www.amazon.fr/proph%C3%A8te-Khalil-Gibran/dp/2253064092/ref=sr_1_195,"3,90 €",de Khalil Gibran | 1 juin 1996,"4,6 sur 5 étoiles, détails de l’évaluation",1 375,Poche,https://m.media-amazon.com/images/I/91vFKHyTa5L._AC_UY218_.jpg,2025-09-04T18:47:37.136022,Description non disponible depuis la recherche,Stock non disponible,ISBN non disponible,Éditeur non disponible,Date non disponible,Nombre de pages non disponible,Rang de vente non disponible,Religion,12.0,,
Dictionnaire Le Robert & Collins Maxi anglais - Nouvelle édition,https://www.amazon.fr/Dictionnaire-Robert-Collins-Maxi-anglais/dp/2321019921/ref=sr_1_196,"16,99 €",de Collectif | 23 mai 2024,"4,9 sur 5 étoiles, détails de l’évaluation",41,Broché,https://m.media-amazon.com/images/I/610ZsJalF2L._AC_UY218_.jpg,2025-09-04T18:47:37.139359,Description non disponible depuis la recherche,Stock non disponible,ISBN non disponible,Éditeur non disponible,Date non disponible,Nombre de pages non disponible,Rang de vente non disponible,Religion,12.0,,
Atlas Mondial,https://www.amazon.fr/Atlas-Mondial-Patrick-M%C3%A9rienne/dp/2737389062/ref=sr_1_195,"9,90 €",Patrick Mérienne,"4,6 sur 5 étoiles, détails de l’évaluation",107,Broché,https://m.media-amazon.com/images/I/71Bmcv1qmUL._AC_UY218_.jpg,2025-09-04T18:47:47.185291,Description non disponible depuis la recherche,Stock non disponible,ISBN non disponible,Éditeur non disponible,Date non disponible,Nombre de pages non disponible,Rang de vente non disponible,Religion,13.0,,
Kid's Box New Generation Level 1 Activity Book with Digital Pack British English,https://www.amazon.fr/Generation-Activity-Digital-British-English/dp/1108895433/ref=sr_1_196,"16,44 €",Caroline Nixon,"4,5 sur 5 étoiles, détails de l’évaluation",59,Coffret produits,https://m.media-amazon.com/images/I/61eDzVpRXRL._AC_UY218_.jpg,2025-09-04T18:47:47.187744,Description non disponible depuis la recherche,Stock non disponible,ISBN non disponible,Éditeur non disponible,Date non disponible,Nombre de pages non disponible,Rang de vente non disponible,Religion,13.0,,
"Économie, sociologie et histoire du monde contemporain 2025-2026",https://www.amazon.fr/%C3%89conomie-sociologie-histoire-contemporain-2025-2026/dp/2749557410/ref=sr_1_197,"36,00 €",Pierre-André Corpron,Note non disponible,0 avis,Broché,https://m.media-amazon.com/images/I/81TqFRUUgsL._AC_UY218_.jpg,2025-09-04T18:47:47.189825,Description non disponible depuis la recherche,Stock non disponible,ISBN non disponible,Éditeur non disponible,Date non disponible,Nombre de pages non disponible,Rang de vente non disponible,Religion,13.0,,
Je revenais des autres,https://www.amazon.fr/Je-revenais-autres-M%C3%A9lissa-Costa-ebook/dp/B092CR9R6N/ref=sr_1_198,"9,99 €",Mélissa Da Costa,"4,4 sur 5 étoiles, détails de l’évaluation",12 499,Format Kindle,https://m.media-amazon.com/images/I/81oGsege0gL._AC_UY218_.jpg,2025-09-04T18:47:47.193282,Description non disponible depuis la recherche,Stock non disponible,ISBN non disponible,Éditeur non disponible,Date non disponible,Nombre de pages non disponible,Rang de vente non disponible,Religion,13.0,,
Le premier homme,https://www.amazon.fr/premier-homme-Albert-Camus/dp/2070401014/ref=sr_1_199,"9,00 €",Albert Camus,"4,5 sur 5 étoiles, détails de l’évaluation",891,Poche,https://m.media-amazon.com/images/I/81rwEMFTvhL._AC_UY218_.jpg,2025-09-04T18:47:47.196558,Description non disponible depuis la recherche,Stock non disponible,ISBN non disponible,Éditeur non disponible,Date non disponible,Nombre de pages non disponible,Rang de vente non disponible,Religion,13.0,,
Agenda de bord 2025/2026 professeur de Français: Carnet de bord A4 pour les enseignants,https://www.amazon.fr/Agenda-bord-2025-professeur-Fran%C3%A7ais/dp/9403797207/ref=sr_1_200,"11,90 €",Gringolivier editions,"4,6 sur 5 étoiles, détails de l’évaluation",3,Broché,https://m.media-amazon.com/images/I/71Q3W-aGiEL._AC_UY218_.jpg,2025-09-04T18:47:47.198369,Description non disponible depuis la recherche,Stock non disponible,ISBN non disponible,Éditeur non disponible,Date non disponible,Nombre de pages non disponible,Rang de vente non disponible,Religion,13.0,,
"Bescherelle - L'italien pour tous: tout-en-un (grammaire, conjugaison, vocabulaire)",https://www.amazon.fr/Bescherelle-Litalien-pour-tous-tout-en/dp/2401086188/ref=sr_1_201,"13,50 €",Iris Chionne,"4,7 sur 5 étoiles, détails de l’évaluation",230,Broché,https://m.media-amazon.com/images/I/81x5n4CuJYL._AC_UY218_.jpg,2025-09-04T18:47:47.201099,Description non disponible depuis la recherche,Stock non disponible,ISBN non disponible,Éditeur non disponible,Date non disponible,Nombre de pages non disponible,Rang de vente non disponible,Religion,13.0,,
"Bescherelle - L'anglais pour tous: tout-en-un (grammaire, conjugaison, vocabulaire, communiquer)",https://www.amazon.fr/Bescherelle-Langlais-pour-tous-tout-en/dp/2401085238/ref=sr_1_202,"12,99 €",Michèle Malavieille,"4,6 sur 5 étoiles, détails de l’évaluation",170,Broché,https://m.media-amazon.com/images/I/71RlklJ71KL._AC_UY218_.jpg,2025-09-04T18:47:47.203924,Description non disponible depuis la recherche,Stock non disponible,ISBN non disponible,Éditeur non disponible,Date non disponible,Nombre de pages non disponible,Rang de vente non disponible,Religion,13.0,,
Cours de japonais ! Volume 2 : Objectif 1000 mots de vocabulaire,https://www.amazon.fr/Cours-japonais-par-Julien-Fontanier/dp/2017187348/ref=sr_1_205,"24,95 €",Julien Fontanier,"4,8 sur 5 étoiles, détails de l’évaluation",47,Broché,https://m.media-amazon.com/images/I/71euC74NXGL._AC_UY218_.jpg,2025-09-04T18:47:47.212576,Description non disponible depuis la recherche,Stock non disponible,ISBN non disponible,Éditeur non disponible,Date non disponible,Nombre de pages non disponible,Rang de vente non disponible,Religion,13.0,,
Anatomie pour le mouvement - nouvelle edition : introduction a l'analyse des techniques corporelles,https://www.amazon.fr/Anatomie-pour-mouvement-introduction-corporelles/dp/2364032253/ref=sr_1_206,"35,00 €",Blandine Calais-Germain,"4,8 sur 5 étoiles, détails de l’évaluation",59,Broché,https://m.media-amazon.com/images/I/81op9F6YZvL._AC_UY218_.jpg,2025-09-04T18:47:47.215656,Description non disponible depuis la recherche,Stock non disponible,ISBN non disponible,Éditeur non disponible,Date non disponible,Nombre de pages non disponible,Rang de vente non disponible,Religion,13.0,,
Comment Hacker sa L1 Droit ?: Le Guide à lire ABSOLUMENT pour réussir votre première année !,https://www.amazon.fr/Comment-Hacker-L1-Droit-ABSOLUMENT/dp/2492535029/ref=sr_1_207,"25,01 €",Augustin Mercier,"4,8 sur 5 étoiles, détails de l’évaluation",70,Broché,https://m.media-amazon.com/images/I/61DjP1Yc7ZL._AC_UY218_.jpg,2025-09-04T18:47:47.218463,Description non disponible depuis la recherche,Stock non disponible,ISBN non disponible,Éditeur non disponible,Date non disponible,Nombre de pages non disponible,Rang de vente non disponible,Religion,13.0,,
Le chateau de ma mère,https://www.amazon.fr/chateau-ma-m%C3%A8re-Marcel-Pagnol/dp/2877065081/ref=sr_1_208,"7,50 €",de PAGNOL-M | 25 août 2004,"4,7 sur 5 étoiles, détails de l’évaluation",820,Poche,https://m.media-amazon.com/images/I/91hyuKd5X6L._AC_UY218_.jpg,2025-09-04T18:47:47.221912,Description non disponible depuis la recherche,Stock non disponible,ISBN non disponible,Éditeur non disponible,Date non disponible,Nombre de pages non disponible,Rang de vente non disponible,Religion,13.0,,
"Lire et écrire le japonais en moins de 21 jours: Cahier d’exercices d’écriture des kana | Pour apprendre l’alphabet et la calligraphie des hiragana et ... Japon | 130p. grand format (21,5cm x 27,9cm)",https://www.amazon.fr/Lire-%C3%A9crire-japonais-moins-jours/dp/B0BQ9GG851/ref=sr_1_209,"12,99 €",Erwan Ferri,"4,6 sur 5 étoiles, détails de l’évaluation",135,Broché,https://m.media-amazon.com/images/I/61R7IGPRbXL._AC_UY218_.jpg,2025-09-04T18:47:47.224449,Description non disponible depuis la recherche,Stock non disponible,ISBN non disponible,Éditeur non disponible,Date non disponible,Nombre de pages non disponible,Rang de vente non disponible,Religion,13.0,,
"Bescherelle collège - Espagnol (6e, 5e, 4e, 3e): grammaire, conjugaison, vocabulaire, prononciation (A1-A2)",https://www.amazon.fr/Bescherelle-Espagnol-coll%C3%A8ge-conjugaison-prononciation/dp/2401043357/ref=sr_1_210,"12,99 €",Monica Castillo Lluch,"4,7 sur 5 étoiles, détails de l’évaluation",532,Broché,https://m.media-amazon.com/images/I/71czDtsQE5L._AC_UY218_.jpg,2025-09-04T18:47:47.227429,Description non disponible depuis la recherche,Stock non disponible,ISBN non disponible,Éditeur non disponible,Date non disponible,Nombre de pages non disponible,Rang de vente non disponible,Religion,13.0,,
Trading de Cryptomonnaie: La Méthode Facile et Rapide pour Investir en Crypto et Générer un Revenu Passif I Livre pour Débutant,https://www.amazon.fr/Trading-Cryptomonnaie-M%C3%A9thode-Investir-D%C3%A9butant/dp/2488049026/ref=sr_1_211,"19,99 €",T. N. ALISTER,"4,4 sur 5 étoiles, détails de l’évaluation",69,Broché,https://m.media-amazon.com/images/I/71nWVcz8wjL._AC_UY218_.jpg,2025-09-04T18:47:47.230170,Description non disponible depuis la recherche,Stock non disponible,ISBN non disponible,Éditeur non disponible,Date non disponible,Nombre de pages non disponible,Rang de vente non disponible,Religion,13.0,,
Guide de survie pour voyageurs paumés au Japon,https://www.amazon.fr/Guide-survie-voyageurs-paum%C3%A9s-Japon/dp/2017292419/ref=sr_1_212,"19,95 €",Ponchou.net,"4,6 sur 5 étoiles, détails de l’évaluation",12,Broché,https://m.media-amazon.com/images/I/81BWaFpu6eL._AC_UY218_.jpg,2025-09-04T18:47:47.232970,Description non disponible depuis la recherche,Stock non disponible,ISBN non disponible,Éditeur non disponible,Date non disponible,Nombre de pages non disponible,Rang de vente non disponible,Religion,13.0,,
Dictionnaire Larousse poche Italien,https://www.amazon.fr/Dictionnaire-Larousse-poche-Italien/dp/2036021921/ref=sr_1_211,"9,95 €",de Collectif | 15 juin 2022,"4,7 sur 5 étoiles, détails de l’évaluation",70,Broché,https://m.media-amazon.com/images/I/81sSVYD5KpL._AC_UY218_.jpg,2025-09-04T18:47:55.117874,Description non disponible depuis la recherche,Stock non disponible,ISBN non disponible,Éditeur non disponible,Date non disponible,Nombre de pages non disponible,Rang de vente non disponible,Religion,14.0,,
Le DELF B1 100% Réussite - édition 2021-2022 - Livre + didierfle.app: Nouvelles Epreuves,https://www.amazon.fr/DELF-B1-100-r%C3%A9ussite-onprint/dp/2278102532/ref=sr_1_212,"18,60 €","de Bruno Girardeau, Emilie Jacament, et al. | 26 mai 2021","4,6 sur 5 étoiles, détails de l’évaluation",255,Broché,https://m.media-amazon.com/images/I/61l9U5hqPTL._AC_UY218_.jpg,2025-09-04T18:47:55.120594,Description non disponible depuis la recherche,Stock non disponible,ISBN non disponible,Éditeur non disponible,Date non disponible,Nombre de pages non disponible,Rang de vente non disponible,Religion,14.0,,
Mathématiques Déclic 2nde - Livre Élève - Ed. 2019,https://www.amazon.fr/Mathematiques-Declic-2nde-Livre-Eleve/dp/2013954719/ref=sr_1_213,"35,60 €","de Frédéric Boure, Claudine Merdy, et al. | 9 mai 2019","4,6 sur 5 étoiles, détails de l’évaluation",80,Broché,https://m.media-amazon.com/images/I/71PygAFxOcL._AC_UY218_.jpg,2025-09-04T18:47:55.123379,Description non disponible depuis la recherche,Stock non disponible,ISBN non disponible,Éditeur non disponible,Date non disponible,Nombre de pages non disponible,Rang de vente non disponible,Religion,14.0,,
Dictionnaire Larousse Maxipoche 2026,https://www.amazon.fr/Dictionnaire-Larousse-Maxipoche-2026/dp/2036068707/ref=sr_1_214,"14,95 €",Larousse,"4,7 sur 5 étoiles, détails de l’évaluation",4,Broché,https://m.media-amazon.com/images/I/71oG1Tn79eL._AC_UY218_.jpg,2025-09-04T18:47:55.125276,Description non disponible depuis la recherche,Stock non disponible,ISBN non disponible,Éditeur non disponible,Date non disponible,Nombre de pages non disponible,Rang de vente non disponible,Religion,14.0,,
Agenda de bord 2025/2026 Enseignant: Carnet de bord A4 pour les professeurs,https://www.amazon.fr/Agenda-bord-2025-2026-Enseignant/dp/9403794143/ref=sr_1_215,"11,90 €",de Gringolivier editions Enjoylamome | 5 mai 2025,"4,0 sur 5 étoiles, détails de l’évaluation",7,Broché,https://m.media-amazon.com/images/I/61waLb-meEL._AC_UY218_.jpg,2025-09-04T18:47:55.127627,Description non disponible depuis la recherche,Stock non disponible,ISBN non disponible,Éditeur non disponible,Date non disponible,Nombre de pages non disponible,Rang de vente non disponible,Religion,14.0,,
Grammar and Vocabulary for Advanced Book with Answers and Audio: Self-Study Grammar Reference and Practice.,https://www.amazon.fr/Grammar-Vocabulary-Advanced-Answers-Audio/dp/1107481112/ref=sr_1_216,"39,90 €",Martin Hewings,"4,6 sur 5 étoiles, détails de l’évaluation",1 024,Broché,https://m.media-amazon.com/images/I/61RPkyB7KYL._AC_UY218_.jpg,2025-09-04T18:47:55.130264,Description non disponible depuis la recherche,Stock non disponible,ISBN non disponible,Éditeur non disponible,Date non disponible,Nombre de pages non disponible,Rang de vente non disponible,Religion,14.0,,
"Maman Raconte-Moi Ton Histoire: sa Vie et ses Souvenirs Racontés dans ce Journal à Compléter et Partager | Idée cadeau originale pour Fête des Mères, Anniversaire, Noël",https://www.amazon.fr/Maman-Raconte-Moi-Ton-Histoire-Anniversaire/dp/B0CXPSM3NN/ref=sr_1_217,"14,90 €",Mia Letellier,"4,5 sur 5 étoiles, détails de l’évaluation",116,Broché,https://m.media-amazon.com/images/I/71XwLvgl-HL._AC_UY218_.jpg,2025-09-04T18:47:55.132544,Description non disponible depuis la recherche,Stock non disponible,ISBN non disponible,Éditeur non disponible,Date non disponible,Nombre de pages non disponible,Rang de vente non disponible,Religion,14.0,,
"Espagnol: Précis de civilisation espagnole et ibéro-américaine du XXe siècle à nos jours (Licence / Master, CPGE)",https://www.amazon.fr/Espagnol-civilisation-espagnole-ib%C3%A9ro-am%C3%A9ricaine-Licence/dp/234004779X/ref=sr_1_218,"28,00 €",Carole Poux,"4,6 sur 5 étoiles, détails de l’évaluation",39,Broché,https://m.media-amazon.com/images/I/71w9hVf-h6S._AC_UY218_.jpg,2025-09-04T18:47:55.135275,Description non disponible depuis la recherche,Stock non disponible,ISBN non disponible,Éditeur non disponible,Date non disponible,Nombre de pages non disponible,Rang de vente non disponible,Religion,14.0,,
Jeux de Mémoire pour les Seniors: Un Livre d'Activités Puzzle XXL en gros caractères qui contient 501 exercices cérébraux amusants et excitants pour ... cognitives [Le Cadeau du Senior Intelligent],https://www.amazon.fr/Jeux-M%C3%A9moire-pour-Seniors-Intelligent/dp/B0BR5G6D74/ref=sr_1_221,"12,90 €",Gardez Votre Esprit Jeune,"4,4 sur 5 étoiles, détails de l’évaluation",218,Broché,https://m.media-amazon.com/images/I/71gq8D5YQ2L._AC_UY218_.jpg,2025-09-04T18:47:55.143783,Description non disponible depuis la recherche,Stock non disponible,ISBN non disponible,Éditeur non disponible,Date non disponible,Nombre de pages non disponible,Rang de vente non disponible,Religion,14.0,,
"Histoire, Géographie, Enseignement Moral et Civique (EMC) 4ème Cycle 4 - Livre de l'élève - Programme 2016",https://www.amazon.fr/Histoire-G%C3%A9ographie-Enseignement-Moral-Civique/dp/2091718963/ref=sr_1_222,"35,00 €","de Maria Aeschlimann, Laetitia Benbassat, et al. | 19 avril 2016","4,4 sur 5 étoiles, détails de l’évaluation",74,Broché,https://m.media-amazon.com/images/I/71M8eDVWHcL._AC_UY218_.jpg,2025-09-04T18:47:55.146364,Description non disponible depuis la recherche,Stock non disponible,ISBN non disponible,Éditeur non disponible,Date non disponible,Nombre de pages non disponible,Rang de vente non disponible,Religion,14.0,,
Dictionnaire Hachette Junior de Poche,https://www.amazon.fr/Dictionnaire-Hachette-Junior-Poche-Education/dp/2014006784/ref=sr_1_223,"9,90 €",de Collectif | 31 août 2022,"4,7 sur 5 étoiles, détails de l’évaluation",33,Broché,https://m.media-amazon.com/images/I/81FxZvQeXTL._AC_UY218_.jpg,2025-09-04T18:47:55.148836,Description non disponible depuis la recherche,Stock non disponible,ISBN non disponible,Éditeur non disponible,Date non disponible,Nombre de pages non disponible,Rang de vente non disponible,Religion,14.0,,
"Pour comprendre CP, CE1, CE2 Spécial DYS (dyslexie) et difficultés d'apprentissage: Méthode de lecture et d'écriture",https://www.amazon.fr/Pour-comprendre-CE1-CE2-dapprentissage/dp/2017186112/ref=sr_1_224,"12,90 €",Valérie Viron,"4,7 sur 5 étoiles, détails de l’évaluation",343,Relié,https://m.media-amazon.com/images/I/71L92tQz9lL._AC_UY218_.jpg,2025-09-04T18:47:55.150995,Description non disponible depuis la recherche,Stock non disponible,ISBN non disponible,Éditeur non disponible,Date non disponible,Nombre de pages non disponible,Rang de vente non disponible,Religion,14.0,,
Guide Michelin France 2025,https://www.amazon.fr/Guide-Michelin-France-2025/dp/2067268309/ref=sr_1_225,"29,00 €",Michelin,"4,4 sur 5 étoiles, détails de l’évaluation",28,Broché,https://m.media-amazon.com/images/I/71AmON1VdML._AC_UY218_.jpg,2025-09-04T18:47:55.152893,Description non disponible depuis la recherche,Stock non disponible,ISBN non disponible,Éditeur non disponible,Date non disponible,Nombre de pages non disponible,Rang de vente non disponible,Religion,14.0,,
L'Anti-fautes d'orthographe,https://www.amazon.fr/LAnti-fautes-dorthographe-Collectif/dp/2035938767/ref=sr_1_226,"5,95 €",de Collectif | 7 juin 2017,"4,5 sur 5 étoiles, détails de l’évaluation",327,Broché,https://m.media-amazon.com/images/I/71HlOLgwjWL._AC_UY218_.jpg,2025-09-04T18:47:55.155512,Description non disponible depuis la recherche,Stock non disponible,ISBN non disponible,Éditeur non disponible,Date non disponible,Nombre de pages non disponible,Rang de vente non disponible,Religion,14.0,,
Atlas France 2025 Multiflex,https://www.amazon.fr/Atlas-France-2025-Multiflex-Michelin/dp/2067264990/ref=sr_1_227,"24,95 €",Michelin,"4,7 sur 5 étoiles, détails de l’évaluation",66,Broché,https://m.media-amazon.com/images/I/914etlUcqdL._AC_UY218_.jpg,2025-09-04T18:47:55.157449,Description non disponible depuis la recherche,Stock non disponible,ISBN non disponible,Éditeur non disponible,Date non disponible,Nombre de pages non disponible,Rang de vente non disponible,Religion,14.0,,
"The méthode 2, cahier de l'élève",https://www.amazon.fr/m%C3%A9thode-2-cahier-l%C3%A9l%C3%A8ve/dp/B08B7KVLSD/ref=sr_1_228,"13,49 €",Sylvie Hanot,"4,4 sur 5 étoiles, détails de l’évaluation",67,Broché,https://m.media-amazon.com/images/I/51tZD9wbleL._AC_UY218_.jpg,2025-09-04T18:47:55.159531,Description non disponible depuis la recherche,Stock non disponible,ISBN non disponible,Éditeur non disponible,Date non disponible,Nombre de pages non disponible,Rang de vente non disponible,Religion,14.0,,
Fragments d'un discours amoureux,https://www.amazon.fr/Fragments-discours-amoureux-Roland-Barthes/dp/2020046059/ref=sr_1_227,"23,90 €",Roland Barthes,"4,6 sur 5 étoiles, détails de l’évaluation",393,Broché,https://m.media-amazon.com/images/I/61QbhwND-IL._AC_UY218_.jpg,2025-09-04T18:48:05.665086,Description non disponible depuis la recherche,Stock non disponible,ISBN non disponible,Éditeur non disponible,Date non disponible,Nombre de pages non disponible,Rang de vente non disponible,Religion,15.0,,
"Bescherelle collège - Anglais (6e, 5e, 4e, 3e): grammaire, conjugaison, vocabulaire, prononciation (A1-B1)",https://www.amazon.fr/Bescherelle-Anglais-coll%C3%A8ge-conjugaison-prononciation/dp/2401043365/ref=sr_1_228,"11,98 €",Sylvie Collard-Rebeyrolle,"4,7 sur 5 étoiles, détails de l’évaluation",465,Broché,https://m.media-amazon.com/images/I/71poRc04QGL._AC_UY218_.jpg,2025-09-04T18:48:05.667926,Description non disponible depuis la recherche,Stock non disponible,ISBN non disponible,Éditeur non disponible,Date non disponible,Nombre de pages non disponible,Rang de vente non disponible,Religion,15.0,,
The Culture Map,https://www.amazon.fr/Culture-Map-Decoding-People-Cultures/dp/1610392760/ref=sr_1_229,"14,99 €",Erin Meyer,"4,7 sur 5 étoiles, détails de l’évaluation",3 146,Broché,https://m.media-amazon.com/images/I/71ReFbLwF1L._AC_UY218_.jpg,2025-09-04T18:48:05.670734,Description non disponible depuis la recherche,Stock non disponible,ISBN non disponible,Éditeur non disponible,Date non disponible,Nombre de pages non disponible,Rang de vente non disponible,Religion,15.0,,
Dictionnaire Le Robert junior illustré et son dictionnaire en ligne - 7/11 ans - CE-CM-6e - Nouvelle édition,https://www.amazon.fr/Dictionnaire-Robert-junior-illustr%C3%A9-dictionnaire/dp/2321020040/ref=sr_1_230,"21,95 €",de Collectif | 16 mai 2024,"4,9 sur 5 étoiles, détails de l’évaluation",33,Relié,https://m.media-amazon.com/images/I/71ThapSLRlL._AC_UY218_.jpg,2025-09-04T18:48:05.673343,Description non disponible depuis la recherche,Stock non disponible,ISBN non disponible,Éditeur non disponible,Date non disponible,Nombre de pages non disponible,Rang de vente non disponible,Religion,15.0,,
Cahier d'exercices de français CE2: Une collection conçue par Lutin Bazar,https://www.amazon.fr/Cahier-dexercices-fran%C3%A7ais-CE2-cahier/dp/2210778743/ref=sr_1_231,"5,90 €",Morgane Céard,"4,6 sur 5 étoiles, détails de l’évaluation",56,Broché,https://m.media-amazon.com/images/I/71+au8zcBtL._AC_UY218_.jpg,2025-09-04T18:48:05.675257,Description non disponible depuis la recherche,Stock non disponible,ISBN non disponible,Éditeur non disponible,Date non disponible,Nombre de pages non disponible,Rang de vente non disponible,Religion,15.0,,
Les damnés de la terre,https://www.amazon.fr/damn%C3%A9s-terre-Frantz-Fanon/dp/2707142816/ref=sr_1_232,"13,00 €","de Frantz Fanon, Jean-Paul Sartre, et al. | 23 janvier 2004","4,7 sur 5 étoiles, détails de l’évaluation",346,Poche,https://m.media-amazon.com/images/I/71VjYmPjeiL._AC_UY218_.jpg,2025-09-04T18:48:05.678031,Description non disponible depuis la recherche,Stock non disponible,ISBN non disponible,Éditeur non disponible,Date non disponible,Nombre de pages non disponible,Rang de vente non disponible,Religion,15.0,,
Kid's Box New Generation Level 2 Activity Book with Digital Pack British English,https://www.amazon.fr/Generation-Activity-Digital-British-English/dp/1108895492/ref=sr_1_233,"23,46 €",Caroline Nixon,"4,8 sur 5 étoiles, détails de l’évaluation",57,Coffret produits,https://m.media-amazon.com/images/I/61n+hij95NL._AC_UY218_.jpg,2025-09-04T18:48:05.680338,Description non disponible depuis la recherche,Stock non disponible,ISBN non disponible,Éditeur non disponible,Date non disponible,Nombre de pages non disponible,Rang de vente non disponible,Religion,15.0,,
Carnet de lecture,https://www.amazon.fr/Carnet-lecture-Julia-MYOTTE/dp/2036070248/ref=sr_1_234,"10,99 €",Julia MYOTTE,"4,6 sur 5 étoiles, détails de l’évaluation",82,Broché,https://m.media-amazon.com/images/I/710fh4hcs0L._AC_UY218_.jpg,2025-09-04T18:48:05.682971,Description non disponible depuis la recherche,Stock non disponible,ISBN non disponible,Éditeur non disponible,Date non disponible,Nombre de pages non disponible,Rang de vente non disponible,Religion,15.0,,
Dictionnaire Hachette Anglais POCHE,https://www.amazon.fr/Dictionnaire-Hachette-POCHE-Anglais-Collectif/dp/2014006822/ref=sr_1_237,Prix non disponible,de Collectif | 7 juin 2023,"4,8 sur 5 étoiles, détails de l’évaluation",17,Broché,https://m.media-amazon.com/images/I/81hRR4i5ufL._AC_UY218_.jpg,2025-09-04T18:48:05.691195,Description non disponible depuis la recherche,Stock non disponible,ISBN non disponible,Éditeur non disponible,Date non disponible,Nombre de pages non disponible,Rang de vente non disponible,Religion,15.0,,
Le DELF B2 100% Réussite - édition 2021-2022 - Livre + didierfle.app: Nouvelles Epreuves,https://www.amazon.fr/DELF-B2-100-r%C3%A9ussite-onprint/dp/2278102540/ref=sr_1_238,"18,60 €","de Hamza Djimli, Nicolas Frappe, et al. | 2 février 2022","4,4 sur 5 étoiles, détails de l’évaluation",214,Broché,https://m.media-amazon.com/images/I/71e7ulXyyCL._AC_UY218_.jpg,2025-09-04T18:48:05.693773,Description non disponible depuis la recherche,Stock non disponible,ISBN non disponible,Éditeur non disponible,Date non disponible,Nombre de pages non disponible,Rang de vente non disponible,Religion,15.0,,
"16 courtes sourates du Saint Coran: Précieux livre pour les enfants musulmans garçons et filles pour comprendre, apprendre et reciter les courtes sourates coraniques ( option : Scanner & Ecouter)",https://www.amazon.fr/courtes-sourates-Saint-Coran-comprendre/dp/B09R3HDWKQ/ref=sr_1_239,"7,96 €",FINESS Edition,"4,8 sur 5 étoiles, détails de l’évaluation",624,Broché,https://m.media-amazon.com/images/I/71erMo12g5L._AC_UY218_.jpg,2025-09-04T18:48:05.696315,Description non disponible depuis la recherche,Stock non disponible,ISBN non disponible,Éditeur non disponible,Date non disponible,Nombre de pages non disponible,Rang de vente non disponible,Religion,15.0,,
Complete Preliminary for Schools Student's Book without Answers with Online Practice: For the Revised Exam from 2020,https://www.amazon.fr/Complete-Preliminary-Schools-Students-Practice/dp/110853905X/ref=sr_1_240,"25,98 €",Peter May,"4,7 sur 5 étoiles, détails de l’évaluation",277,Coffret produits,https://m.media-amazon.com/images/I/615Ky1vBTnL._AC_UY218_.jpg,2025-09-04T18:48:05.698661,Description non disponible depuis la recherche,Stock non disponible,ISBN non disponible,Éditeur non disponible,Date non disponible,Nombre de pages non disponible,Rang de vente non disponible,Religion,15.0,,
Mes fiches d'anglais illustrées,https://www.amazon.fr/fiches-danglais-illustr%C3%A9es-Cynthia-Fourcade/dp/B0CGTWXX5J/ref=sr_1_241,"12,90 €",Mme Cynthia Fourcade,"4,7 sur 5 étoiles, détails de l’évaluation",109,Broché,https://m.media-amazon.com/images/I/61XdC3CBM7L._AC_UY218_.jpg,2025-09-04T18:48:05.700761,Description non disponible depuis la recherche,Stock non disponible,ISBN non disponible,Éditeur non disponible,Date non disponible,Nombre de pages non disponible,Rang de vente non disponible,Religion,15.0,,
Fleurs d'encre Français cycle 4/ 3e - Livre élève - Ed. 2020,https://www.amazon.fr/Fleurs-dencre-Fran%C3%A7ais-cycle-3e/dp/2017066680/ref=sr_1_242,"27,60 €","de Françoise Carrier-Nayrolles, Stéphane Jougla, et al. | 16 mai 2020","4,5 sur 5 étoiles, détails de l’évaluation",30,Broché,https://m.media-amazon.com/images/I/71rpSeRrX8L._AC_UY218_.jpg,2025-09-04T18:48:05.703608,Description non disponible depuis la recherche,Stock non disponible,ISBN non disponible,Éditeur non disponible,Date non disponible,Nombre de pages non disponible,Rang de vente non disponible,Religion,15.0,,
"Bescherelle - L'allemand pour tous: tout-en-un (grammaire, conjugaison, vocabulaire)",https://www.amazon.fr/Bescherelle-Lallemand-pour-tous-tout-en/dp/2401086196/ref=sr_1_243,"13,50 €",René Métrich,"4,7 sur 5 étoiles, détails de l’évaluation",105,Broché,https://m.media-amazon.com/images/I/71dcehIMYaL._AC_UY218_.jpg,2025-09-04T18:48:05.706260,Description non disponible depuis la recherche,Stock non disponible,ISBN non disponible,Éditeur non disponible,Date non disponible,Nombre de pages non disponible,Rang de vente non disponible,Religion,15.0,,
Lire + comprendre CE1 - CE2 (+ ressources numériques) - Le Petit Poucet et Ali Baba: Énonciation - Lexique - Pronoms - Implicite,https://www.amazon.fr/Lire-comprendre-ressources-num%C3%A9riques-%C3%89nonciation/dp/2725644909/ref=sr_1_244,"45,00 €","de Isabelle Guyot, Brigitte Saussard, et al. | 25 avril 2024","5,0 sur 5 étoiles, détails de l’évaluation",5,Broché,https://m.media-amazon.com/images/I/51+TGQ8qZuL._AC_UY218_.jpg,2025-09-04T18:48:05.708873,Description non disponible depuis la recherche,Stock non disponible,ISBN non disponible,Éditeur non disponible,Date non disponible,Nombre de pages non disponible,Rang de vente non disponible,Religion,15.0,,
"Apprendre l’Anglais: 5 Livres en 1 - Le Cours Complet pour Parler Anglais Couramment en 30 Jours avec Plaisir : Grammaire, Vocabulaire, 500 Exercices, 3000 Phrases et 30 Histoires | AUDIO Inclus",https://www.amazon.fr/Apprendre-lAnglais-Couramment-Grammaire-Vocabulaire/dp/B0DPVLV4MS/ref=sr_1_243,"22,99 €",Emma Harris,"4,5 sur 5 étoiles, détails de l’évaluation",146,Broché,https://m.media-amazon.com/images/I/716zEd9oURL._AC_UY218_.jpg,2025-09-04T18:48:16.836207,Description non disponible depuis la recherche,Stock non disponible,ISBN non disponible,Éditeur non disponible,Date non disponible,Nombre de pages non disponible,Rang de vente non disponible,Religion,16.0,,
Bescherelle - La grammaire pour tous (nouvelle édition): pour maîtriser la langue française,https://www.amazon.fr/Bescherelle-grammaire-nouvelle-ma%C3%AEtriser-fran%C3%A7aise/dp/2401104771/ref=sr_1_244,"10,50 €",Nicolas Laurent,"4,8 sur 5 étoiles, détails de l’évaluation",23,Relié,https://m.media-amazon.com/images/I/61rFN9ExmAL._AC_UY218_.jpg,2025-09-04T18:48:16.839104,Description non disponible depuis la recherche,Stock non disponible,ISBN non disponible,Éditeur non disponible,Date non disponible,Nombre de pages non disponible,Rang de vente non disponible,Religion,16.0,,
Kid's Box New Generation Level 3 Activity Book with Digital Pack British English,https://www.amazon.fr/Generation-Activity-Digital-British-English/dp/1108895549/ref=sr_1_245,"23,41 €",Caroline Nixon,"4,6 sur 5 étoiles, détails de l’évaluation",47,Coffret produits,https://m.media-amazon.com/images/I/61MivfPfgyL._AC_UY218_.jpg,2025-09-04T18:48:16.841374,Description non disponible depuis la recherche,Stock non disponible,ISBN non disponible,Éditeur non disponible,Date non disponible,Nombre de pages non disponible,Rang de vente non disponible,Religion,16.0,,
Pokémon – Agenda 2025-2026 – Pixel Art – Avec des coloriages pixels – Dès 7 ans,https://www.amazon.fr/Pok%C3%A9mon-Agenda-2025-2026-coloriages-pixels/dp/2821218664/ref=sr_1_246,"9,95 €",de The Pokémon Company | 5 juin 2025,Note non disponible,0 avis,Relié,https://m.media-amazon.com/images/I/71-h-P6Y58L._AC_UY218_.jpg,2025-09-04T18:48:16.844080,Description non disponible depuis la recherche,Stock non disponible,ISBN non disponible,Éditeur non disponible,Date non disponible,Nombre de pages non disponible,Rang de vente non disponible,Religion,16.0,,
Ma 4e facile ! Tout-en-un adapté aux enfants dyslexiques (DYS) ou en difficulté d'apprentissage,https://www.amazon.fr/Tout-en-enfants-dyslexiques-difficult%C3%A9-dapprentissage/dp/2401106065/ref=sr_1_247,"10,95 €",Xavier Babonneau,"4,6 sur 5 étoiles, détails de l’évaluation",22,Broché,https://m.media-amazon.com/images/I/71a-Gr2zx-L._AC_UY218_.jpg,2025-09-04T18:48:16.846646,Description non disponible depuis la recherche,Stock non disponible,ISBN non disponible,Éditeur non disponible,Date non disponible,Nombre de pages non disponible,Rang de vente non disponible,Religion,16.0,,
Grammaire progressive du français - Niveau avancé (B1/B2) - Livre + CD + Appli-web - 3ème édition,https://www.amazon.fr/Grammaire-progressive-fran%C3%A7ais-niveau-1C%C3%A9d%C3%A9rom/dp/2090381973/ref=sr_1_248,"26,70 €",Michèle Boulares,"4,7 sur 5 étoiles, détails de l’évaluation",471,Broché,https://m.media-amazon.com/images/I/61auYXO-bUL._AC_UY218_.jpg,2025-09-04T18:48:16.848924,Description non disponible depuis la recherche,Stock non disponible,ISBN non disponible,Éditeur non disponible,Date non disponible,Nombre de pages non disponible,Rang de vente non disponible,Religion,16.0,,
"Lecture Piano + - Manuel de l'élève - Remédiation CE-CM, ULIS, SEGPA, RASED, UPE2A: Méthode pour consolider l'apprentissage de la lecture",https://www.amazon.fr/Lecture-Piano-Rem%C3%A9diation-consolider-lapprentissage/dp/2725645158/ref=sr_1_249,"14,90 €",de Sandrine Monnier | 31 mars 2025,"1,5 sur 5 étoiles, détails de l’évaluation",2,Broché,https://m.media-amazon.com/images/I/61vAoBXOYvL._AC_UY218_.jpg,2025-09-04T18:48:16.851373,Description non disponible depuis la recherche,Stock non disponible,ISBN non disponible,Éditeur non disponible,Date non disponible,Nombre de pages non disponible,Rang de vente non disponible,Religion,16.0,,
Mémo espagnol A1-A2 (collège),https://www.amazon.fr/espagnol-A1-A2-coll%C3%A8ge-Aur%C3%A9lie-Bartolo/dp/2362463192/ref=sr_1_250,"6,30 €",de Aurélie Bartolo | 5 juin 2019,"4,6 sur 5 étoiles, détails de l’évaluation",141,Broché,https://m.media-amazon.com/images/I/71CYQ-yaL8L._AC_UY218_.jpg,2025-09-04T18:48:16.853597,Description non disponible depuis la recherche,Stock non disponible,ISBN non disponible,Éditeur non disponible,Date non disponible,Nombre de pages non disponible,Rang de vente non disponible,Religion,16.0,,
Bled Ecole primaire Français du CE1 au CM2,https://www.amazon.fr/Bled-Ecole-primaire-Fran%C3%A7ais-CE1/dp/2017183822/ref=sr_1_253,"9,50 €",Claude Couque,"4,8 sur 5 étoiles, détails de l’évaluation",179,Broché,https://m.media-amazon.com/images/I/71wWuq5dpfL._AC_UY218_.jpg,2025-09-04T18:48:16.861588,Description non disponible depuis la recherche,Stock non disponible,ISBN non disponible,Éditeur non disponible,Date non disponible,Nombre de pages non disponible,Rang de vente non disponible,Religion,16.0,,
"Domino los verbos, espagnol : Cahier pour conjuguer les verbes espagnols",https://www.amazon.fr/Domino-los-verbos-espagnol-conjuguer/dp/272986783X/ref=sr_1_254,"12,50 €",Arlette Chappard,"4,4 sur 5 étoiles, détails de l’évaluation",63,Broché,https://m.media-amazon.com/images/I/51p++nR1dVL._AC_UY218_.jpg,2025-09-04T18:48:16.863491,Description non disponible depuis la recherche,Stock non disponible,ISBN non disponible,Éditeur non disponible,Date non disponible,Nombre de pages non disponible,Rang de vente non disponible,Religion,16.0,,
Joyeux Calendrier Mathou 2026,https://www.amazon.fr/Joyeux-Calendrier-Mathou-2026/dp/2412102538/ref=sr_1_255,"10,95 €",Calendrier,Note non disponible,0 avis,Calendrier,https://m.media-amazon.com/images/I/51uMSWpDI-L._AC_UY218_.jpg,2025-09-04T18:48:16.865834,Description non disponible depuis la recherche,Stock non disponible,ISBN non disponible,Éditeur non disponible,Date non disponible,Nombre de pages non disponible,Rang de vente non disponible,Religion,16.0,,
Les Justes,https://www.amazon.fr/Justes-Albert-Camus/dp/2070364771/ref=sr_1_256,"6,50 €",Albert Camus,"4,6 sur 5 étoiles, détails de l’évaluation",827,Poche,https://m.media-amazon.com/images/I/91mFkkLovGL._AC_UY218_.jpg,2025-09-04T18:48:16.868372,Description non disponible depuis la recherche,Stock non disponible,ISBN non disponible,Éditeur non disponible,Date non disponible,Nombre de pages non disponible,Rang de vente non disponible,Religion,16.0,,
Astérix - Astérix chez les bretons - n°8,https://www.amazon.fr/Ast%C3%A9rix-chez-bretons-n%C2%B08/dp/2012101402/ref=sr_1_257,"10,90 €",René Goscinny,"4,9 sur 5 étoiles, détails de l’évaluation",1 087,Relié,https://m.media-amazon.com/images/I/81Iwgun0mZL._AC_UY218_.jpg,2025-09-04T18:48:16.871094,Description non disponible depuis la recherche,Stock non disponible,ISBN non disponible,Éditeur non disponible,Date non disponible,Nombre de pages non disponible,Rang de vente non disponible,Religion,16.0,,
Terre des Lettres 4e,https://www.amazon.fr/Terre-Lettres-4e-Anne-Christine-Den%C3%A9ch%C3%A8re/dp/2091717584/ref=sr_1_258,"29,00 €",Anne-Christine Denechère,"4,5 sur 5 étoiles, détails de l’évaluation",50,Broché,https://m.media-amazon.com/images/I/610vosyiEpL._AC_UY218_.jpg,2025-09-04T18:48:16.873139,Description non disponible depuis la recherche,Stock non disponible,ISBN non disponible,Éditeur non disponible,Date non disponible,Nombre de pages non disponible,Rang de vente non disponible,Religion,16.0,,
"Dictionnaire Larousse Micro, le plus petit dictionnaire",https://www.amazon.fr/Dictionnaire-Larousse-Micro-petit-dictionnaire/dp/2036047912/ref=sr_1_259,"5,95 €",de COLLECTIF | 22 mai 2024,"4,3 sur 5 étoiles, détails de l’évaluation",12,Poche,https://m.media-amazon.com/images/I/71GmgIsJ0+L._AC_UY218_.jpg,2025-09-04T18:48:16.875617,Description non disponible depuis la recherche,Stock non disponible,ISBN non disponible,Éditeur non disponible,Date non disponible,Nombre de pages non disponible,Rang de vente non disponible,Religion,16.0,,
"Kathleen Raine, Collected Poems",https://www.amazon.fr/Kathleen-Raine-Collected-Andrew-Johnston/dp/2340104939/ref=sr_1_260,"24,00 €",de Andrew Johnston | 26 août 2025,Note non disponible,0 avis,Broché,https://m.media-amazon.com/images/I/71iy9eMA7TL._AC_UY218_.jpg,2025-09-04T18:48:16.879140,Description non disponible depuis la recherche,Stock non disponible,ISBN non disponible,Éditeur non disponible,Date non disponible,Nombre de pages non disponible,Rang de vente non disponible,Religion,16.0,,
EDN référentiel de médecine vasculaire et de chirurgie vasculaire: (4e édition conforme à la R2C),https://www.amazon.fr/EDN-r%C3%A9f%C3%A9rentiel-m%C3%A9decine-vasculaire-chirurgie/dp/2386050106/ref=sr_1_259,"40,00 €",de Collège français de chirurgie vasculaire et Collège des enseignants de médecine vasculaire | 12 juin 2025,Note non disponible,0 avis,Broché,https://m.media-amazon.com/images/I/61peDsEi4IL._AC_UY218_.jpg,2025-09-04T18:48:26.427645,Description non disponible depuis la recherche,Stock non disponible,ISBN non disponible,Éditeur non disponible,Date non disponible,Nombre de pages non disponible,Rang de vente non disponible,Religion,17.0,,
Tour du mont blanc,https://www.amazon.fr/Tour-du-mont-blanc-Collectif/dp/2758540940/ref=sr_1_260,"9,30 €",Carte,"4,7 sur 5 étoiles, détails de l’évaluation",302,Carte,https://m.media-amazon.com/images/I/81JLCGpImoL._AC_UY218_.jpg,2025-09-04T18:48:26.430180,Description non disponible depuis la recherche,Stock non disponible,ISBN non disponible,Éditeur non disponible,Date non disponible,Nombre de pages non disponible,Rang de vente non disponible,Religion,17.0,,
Bled Anglais Tout en Un,https://www.amazon.fr/Bled-Anglais-Tout-Brigitte-Lallement/dp/2017151092/ref=sr_1_261,"12,90 €",de Brigitte Lallement et Nathalie Pierret | 7 juillet 2021,"4,7 sur 5 étoiles, détails de l’évaluation",182,Broché,https://m.media-amazon.com/images/I/71G0Sbt7wjS._AC_UY218_.jpg,2025-09-04T18:48:26.432895,Description non disponible depuis la recherche,Stock non disponible,ISBN non disponible,Éditeur non disponible,Date non disponible,Nombre de pages non disponible,Rang de vente non disponible,Religion,17.0,,
Un coeur simple,https://www.amazon.fr/coeur-simple-Gustave-Flaubert/dp/2253136425/ref=sr_1_262,"3,00 €",Gustave Flaubert,"4,2 sur 5 étoiles, détails de l’évaluation",2 005,Poche,https://m.media-amazon.com/images/I/71qKCoKwfOL._AC_UY218_.jpg,2025-09-04T18:48:26.436257,Description non disponible depuis la recherche,Stock non disponible,ISBN non disponible,Éditeur non disponible,Date non disponible,Nombre de pages non disponible,Rang de vente non disponible,Religion,17.0,,
Dictionnaire Mini Espagnol,https://www.amazon.fr/Dictionnaire-Mini-Espagnol-COLLECTIF/dp/2036063055/ref=sr_1_263,"5,95 €",de COLLECTIF | 10 janvier 2024,"5,0 sur 5 étoiles, détails de l’évaluation",5,Broché,https://m.media-amazon.com/images/I/81lWEEThaXL._AC_UY218_.jpg,2025-09-04T18:48:26.438945,Description non disponible depuis la recherche,Stock non disponible,ISBN non disponible,Éditeur non disponible,Date non disponible,Nombre de pages non disponible,Rang de vente non disponible,Religion,17.0,,
Le Medecin des Pauvres: 2000 remèdes et savoirs de la médecine populaire (Édition Illustrée),https://www.amazon.fr/Medecin-Pauvres-m%C3%A9decine-populaire-Illustr%C3%A9e/dp/B0F1KG7CM3/ref=sr_1_264,"14,99 €",Dr. Henri Albéric Beauvillard,"3,9 sur 5 étoiles, détails de l’évaluation",37,Broché,https://m.media-amazon.com/images/I/71-aUco42gL._AC_UY218_.jpg,2025-09-04T18:48:26.441491,Description non disponible depuis la recherche,Stock non disponible,ISBN non disponible,Éditeur non disponible,Date non disponible,Nombre de pages non disponible,Rang de vente non disponible,Religion,17.0,,
Agenda de bord 2025/2026 - AESH: Carnet de bord et carnet de notes A4,https://www.amazon.fr/Agenda-bord-2025-2026-Carnet/dp/9403797401/ref=sr_1_265,"11,90 €",Gringolivier editions,"4,7 sur 5 étoiles, détails de l’évaluation",7,Broché,https://m.media-amazon.com/images/I/712QQU+bC3L._AC_UY218_.jpg,2025-09-04T18:48:26.443393,Description non disponible depuis la recherche,Stock non disponible,ISBN non disponible,Éditeur non disponible,Date non disponible,Nombre de pages non disponible,Rang de vente non disponible,Religion,17.0,,
Oxford English Dictionary,https://www.amazon.fr/Oxford-English-Dictionary-Dictionaries/dp/0199640947/ref=sr_1_266,"11,74 €",Édition en Anglais | de Oxford Languages | 7 mai 2012,"4,7 sur 5 étoiles, détails de l’évaluation",7 555,Broché,https://m.media-amazon.com/images/I/61HQhV961oL._AC_UY218_.jpg,2025-09-04T18:48:26.446113,Description non disponible depuis la recherche,Stock non disponible,ISBN non disponible,Éditeur non disponible,Date non disponible,Nombre de pages non disponible,Rang de vente non disponible,Religion,17.0,,
Fun for Movers Student's Book with Online Activities with Audio and Home Fun Booklet 4 (4th edition),https://www.amazon.fr/Movers-Students-Online-Activities-Booklet/dp/131661753X/ref=sr_1_269,"29,24 €",Anne Robinson,"4,7 sur 5 étoiles, détails de l’évaluation",520,Broché,https://m.media-amazon.com/images/I/71SYL37pjdL._AC_UY218_.jpg,2025-09-04T18:48:26.453921,Description non disponible depuis la recherche,Stock non disponible,ISBN non disponible,Éditeur non disponible,Date non disponible,Nombre de pages non disponible,Rang de vente non disponible,Religion,17.0,,
The Artist's Way: A Spiritual Path to Higher Creativity,https://www.amazon.fr/Artists-Way-Spiritual-Higher-Creativity/dp/1788164296/ref=sr_1_270,"24,31 €",Julia Cameron,"4,7 sur 5 étoiles, détails de l’évaluation",12 775,Broché,https://m.media-amazon.com/images/I/81bwx11MQQL._AC_UY218_.jpg,2025-09-04T18:48:26.457577,Description non disponible depuis la recherche,Stock non disponible,ISBN non disponible,Éditeur non disponible,Date non disponible,Nombre de pages non disponible,Rang de vente non disponible,Religion,17.0,,
BLED Collège Dictées,https://www.amazon.fr/BLED-Coll%C3%A8ge-Dict%C3%A9es-Isabelle-Lisle/dp/2017267228/ref=sr_1_271,"8,50 €",de Isabelle de Lisle et Christelle Amiet | 3 juillet 2024,"4,9 sur 5 étoiles, détails de l’évaluation",25,Broché,https://m.media-amazon.com/images/I/71NUEIn-AfL._AC_UY218_.jpg,2025-09-04T18:48:26.460102,Description non disponible depuis la recherche,Stock non disponible,ISBN non disponible,Éditeur non disponible,Date non disponible,Nombre de pages non disponible,Rang de vente non disponible,Religion,17.0,,
Oracle des réponses divines: 101 cartes pour répondre à toutes vos questions,https://www.amazon.fr/Oracle-r%C3%A9ponses-divines-r%C3%A9pondre-questions/dp/2017216356/ref=sr_1_272,"24,95 €",Coralie Gallant,"4,6 sur 5 étoiles, détails de l’évaluation",210,Broché,https://m.media-amazon.com/images/I/717Dde2lqcL._AC_UY218_.jpg,2025-09-04T18:48:26.462071,Description non disponible depuis la recherche,Stock non disponible,ISBN non disponible,Éditeur non disponible,Date non disponible,Nombre de pages non disponible,Rang de vente non disponible,Religion,17.0,,
Tasty: Vocabulaire français-anglais de la restauration et de l'hôtellerie avec exercices corrigés,https://www.amazon.fr/Tasty-Vocabulaire-fran%C3%A7ais-anglais-restauration-lh%C3%B4tellerie/dp/2340077796/ref=sr_1_273,"16,50 €",Sylvie Cesana,"4,9 sur 5 étoiles, détails de l’évaluation",11,Broché,https://m.media-amazon.com/images/I/61F8ssQvSXL._AC_UY218_.jpg,2025-09-04T18:48:26.464827,Description non disponible depuis la recherche,Stock non disponible,ISBN non disponible,Éditeur non disponible,Date non disponible,Nombre de pages non disponible,Rang de vente non disponible,Religion,17.0,,
"THE méthode 3, Cahier de l'élève: Apprendre l'anglais avec des saynètes et des jeux, Cycle 3",https://www.amazon.fr/m%C3%A9thode-Cahier-l%C3%A9l%C3%A8ve-Apprendre-langlais/dp/B0C5BMKGTX/ref=sr_1_274,"9,50 €",de Sylvie Hanot et Christine Hanot | 14 mai 2023,"4,5 sur 5 étoiles, détails de l’évaluation",24,Broché,https://m.media-amazon.com/images/I/61v-oat8PNL._AC_UY218_.jpg,2025-09-04T18:48:26.467192,Description non disponible depuis la recherche,Stock non disponible,ISBN non disponible,Éditeur non disponible,Date non disponible,Nombre de pages non disponible,Rang de vente non disponible,Religion,17.0,,
Petit livre de - Anglais en 5 minutes par jour,https://www.amazon.fr/Petit-Livre-Langlais-minutes-jour/dp/2754036075/ref=sr_1_275,"3,50 €",Nathalie Pierret-Lallement,"4,3 sur 5 étoiles, détails de l’évaluation",1 986,Broché,https://m.media-amazon.com/images/I/61DJ+hVAF1L._AC_UY218_.jpg,2025-09-04T18:48:26.470304,Description non disponible depuis la recherche,Stock non disponible,ISBN non disponible,Éditeur non disponible,Date non disponible,Nombre de pages non disponible,Rang de vente non disponible,Religion,17.0,,
Ma 6e facile ! Tout-en-un adapté aux enfants dyslexiques (DYS) ou en difficulté d'apprentissage,https://www.amazon.fr/Tout-en-enfants-dyslexiques-difficult%C3%A9-dapprentissage/dp/2401106049/ref=sr_1_276,"10,95 €","de Stéphanie Aumont, Xavier Babonneau, et al. | 3 juillet 2024","4,6 sur 5 étoiles, détails de l’évaluation",24,Broché,https://m.media-amazon.com/images/I/710A+4MOSnL._AC_UY218_.jpg,2025-09-04T18:48:26.473712,Description non disponible depuis la recherche,Stock non disponible,ISBN non disponible,Éditeur non disponible,Date non disponible,Nombre de pages non disponible,Rang de vente non disponible,Religion,17.0,,
Calendrier mural Mortelle Adèle 2025-2026,https://www.amazon.fr/Calendrier-mural-Mortelle-Ad%C3%A8le-2025-2026/dp/2494678447/ref=sr_1_275,"11,90 €",Fournitures diverses,"5,0 sur 5 étoiles, détails de l’évaluation",3,Fournitures diverses,https://m.media-amazon.com/images/I/71JArwPZ6oL._AC_UY218_.jpg,2025-09-04T18:48:37.568282,Description non disponible depuis la recherche,Stock non disponible,ISBN non disponible,Éditeur non disponible,Date non disponible,Nombre de pages non disponible,Rang de vente non disponible,Religion,18.0,,
Apprendre le Thaï : 100 verbes 100 jours - Débutant/Intermédiaire: Parler le thaï facilement avec une professeure francophone de langue thaïlandaise,https://www.amazon.fr/Apprendre-Tha%C3%AF-Interm%C3%A9diaire-professeure-tha%C3%AFlandaise/dp/B0DR3L8HDX/ref=sr_1_276,"16,99 €",Olivia Thaï,"5,0 sur 5 étoiles, détails de l’évaluation",233,Broché,https://m.media-amazon.com/images/I/717pVeXdyVL._AC_UY218_.jpg,2025-09-04T18:48:37.571113,Description non disponible depuis la recherche,Stock non disponible,ISBN non disponible,Éditeur non disponible,Date non disponible,Nombre de pages non disponible,Rang de vente non disponible,Religion,18.0,,
Agrégation de Lettres: Tout le programme de littérature française en un volume,https://www.amazon.fr/Agr%C3%A9gation-Lettres-programme-litt%C3%A9rature-fran%C3%A7aise/dp/2340105552/ref=sr_1_277,"39,00 €",Jean-Michel Gouvard,Note non disponible,0 avis,Broché,https://m.media-amazon.com/images/I/61mvb4+erkL._AC_UY218_.jpg,2025-09-04T18:48:37.574020,Description non disponible depuis la recherche,Stock non disponible,ISBN non disponible,Éditeur non disponible,Date non disponible,Nombre de pages non disponible,Rang de vente non disponible,Religion,18.0,,
Agenda de bord 2025/2026 professeur d’Espagnol: Carnet de bord A4 pour les enseignants,https://www.amazon.fr/Agenda-bord-2025-professeur-dEspagnol/dp/9403794216/ref=sr_1_278,"11,90 €",Gringolivier editions,"4,6 sur 5 étoiles, détails de l’évaluation",3,Broché,https://m.media-amazon.com/images/I/71UL0f6-4VL._AC_UY218_.jpg,2025-09-04T18:48:37.576039,Description non disponible depuis la recherche,Stock non disponible,ISBN non disponible,Éditeur non disponible,Date non disponible,Nombre de pages non disponible,Rang de vente non disponible,Religion,18.0,,
"Lecture Piano + - Cahier d'exercices - Remédiation CE-CM, ULIS, SEGPA, RASED, UPE2A: Méthode pour consolider l'apprentissage de la lecture",https://www.amazon.fr/Lecture-Piano-dexercices-Rem%C3%A9diation-lapprentissage/dp/2725647037/ref=sr_1_279,"11,00 €",Sandrine Monnier-Murariu,Note non disponible,0 avis,Broché,https://m.media-amazon.com/images/I/61rgrKhpFJL._AC_UY218_.jpg,2025-09-04T18:48:37.578708,Description non disponible depuis la recherche,Stock non disponible,ISBN non disponible,Éditeur non disponible,Date non disponible,Nombre de pages non disponible,Rang de vente non disponible,Religion,18.0,,
Dictionnaire Le Robert & Collins collège anglais - Nouvelle édition,https://www.amazon.fr/Dictionnaire-Robert-Collins-coll%C3%A8ge-anglais/dp/2321020806/ref=sr_1_280,"17,90 €",de Collectif | 15 mai 2025,"5,0 sur 5 étoiles, détails de l’évaluation",1,Relié,https://m.media-amazon.com/images/I/71L-mPBEW3L._AC_UY218_.jpg,2025-09-04T18:48:37.581137,Description non disponible depuis la recherche,Stock non disponible,ISBN non disponible,Éditeur non disponible,Date non disponible,Nombre de pages non disponible,Rang de vente non disponible,Religion,18.0,,
The English Textbook Prépas ECG-ECT: 3e édition conforme à la réforme,https://www.amazon.fr/English-Textbook-Pr%C3%A9pas-ECG-ECT/dp/2340071852/ref=sr_1_281,"29,00 €",de M. Joël Cascade et collectif | 23 août 2022,"4,2 sur 5 étoiles, détails de l’évaluation",11,Broché,https://m.media-amazon.com/images/I/61hmSgjGbTL._AC_UY218_.jpg,2025-09-04T18:48:37.584725,Description non disponible depuis la recherche,Stock non disponible,ISBN non disponible,Éditeur non disponible,Date non disponible,Nombre de pages non disponible,Rang de vente non disponible,Religion,18.0,,
Le vieil homme et la mer,https://www.amazon.fr/vieil-homme-mer-Ernest-Hemingway/dp/2072762081/ref=sr_1_282,"7,60 €",Ernest Hemingway,"4,6 sur 5 étoiles, détails de l’évaluation",1 797,Poche,https://m.media-amazon.com/images/I/81WcA8f9DaL._AC_UY218_.jpg,2025-09-04T18:48:37.588800,Description non disponible depuis la recherche,Stock non disponible,ISBN non disponible,Éditeur non disponible,Date non disponible,Nombre de pages non disponible,Rang de vente non disponible,Religion,18.0,,
Classics & Co Anglais LLCE - The Importance of Being Earnest,https://www.amazon.fr/Classics-Co-Anglais-LLCE-Importance/dp/2401063137/ref=sr_1_285,"7,90 €",Oscar Wilde,"4,6 sur 5 étoiles, détails de l’évaluation",186,Broché,https://m.media-amazon.com/images/I/81ptQylF2LL._AC_UY218_.jpg,2025-09-04T18:48:37.596331,Description non disponible depuis la recherche,Stock non disponible,ISBN non disponible,Éditeur non disponible,Date non disponible,Nombre de pages non disponible,Rang de vente non disponible,Religion,18.0,,
ESCROLOGIE: Comment l'Écologie Politique est en train de mener l’Europe vers sa destruction finale,https://www.amazon.fr/ESCROLOGIE-Comment-l%C3%89cologie-Politique-destruction/dp/B0DLGZ4WRB/ref=sr_1_286,"16,88 €",Aldo Sterone,"4,7 sur 5 étoiles, détails de l’évaluation",188,Broché,https://m.media-amazon.com/images/I/71m0PpKn0TL._AC_UY218_.jpg,2025-09-04T18:48:37.599000,Description non disponible depuis la recherche,Stock non disponible,ISBN non disponible,Éditeur non disponible,Date non disponible,Nombre de pages non disponible,Rang de vente non disponible,Religion,18.0,,
Astérix n° 32 : La rentrée gauloise,https://www.amazon.fr/Ast%C3%A9rix-n%C2%B0-32-rentr%C3%A9e-gauloise/dp/2864971534/ref=sr_1_287,"10,90 €",René Goscinny,"4,7 sur 5 étoiles, détails de l’évaluation",1 006,Relié,https://m.media-amazon.com/images/I/81aBivOoVyL._AC_UY218_.jpg,2025-09-04T18:48:37.603107,Description non disponible depuis la recherche,Stock non disponible,ISBN non disponible,Éditeur non disponible,Date non disponible,Nombre de pages non disponible,Rang de vente non disponible,Religion,18.0,,
Atlas géopolitique mondial 2025,https://www.amazon.fr/Atlas-g%C3%A9opolitique-mondial-Alexis-Bautzmann/dp/2268110893/ref=sr_1_288,"25,00 €",Alexis Bautzmann,"4,6 sur 5 étoiles, détails de l’évaluation",30,Broché,https://m.media-amazon.com/images/I/81vcpCHgBAL._AC_UY218_.jpg,2025-09-04T18:48:37.605396,Description non disponible depuis la recherche,Stock non disponible,ISBN non disponible,Éditeur non disponible,Date non disponible,Nombre de pages non disponible,Rang de vente non disponible,Religion,18.0,,
Pour un oui ou pour un non,https://www.amazon.fr/Pour-oui-ou-pour-non/dp/2070407519/ref=sr_1_289,"7,60 €",Nathalie Sarraute,"4,4 sur 5 étoiles, détails de l’évaluation",174,Poche,https://m.media-amazon.com/images/I/51NZSTlGDUL._AC_UY218_.jpg,2025-09-04T18:48:37.608872,Description non disponible depuis la recherche,Stock non disponible,ISBN non disponible,Éditeur non disponible,Date non disponible,Nombre de pages non disponible,Rang de vente non disponible,Religion,18.0,,
Français 5ème Cycle 4 livre de l'élève - Grand format - Nouveau programme 2016,https://www.amazon.fr/Fran%C3%A7ais-5%C3%A8me-Cycle-livre-l%C3%A9l%C3%A8ve/dp/2701197414/ref=sr_1_290,"32,90 €",Florence Randanne,"4,6 sur 5 étoiles, détails de l’évaluation",48,Broché,https://m.media-amazon.com/images/I/81IFdrtRn1L._AC_UY218_.jpg,2025-09-04T18:48:37.611145,Description non disponible depuis la recherche,Stock non disponible,ISBN non disponible,Éditeur non disponible,Date non disponible,Nombre de pages non disponible,Rang de vente non disponible,Religion,18.0,,
Burning Issues: Vocabulaire anglais de l'actualité,https://www.amazon.fr/Burning-Issues-Vocabulaire-anglais-lactualit%C3%A9/dp/2340105978/ref=sr_1_291,"21,00 €",de Jean-Max Thomson | 1 juillet 2025,"4,0 sur 5 étoiles, détails de l’évaluation",1,Broché,https://m.media-amazon.com/images/I/51livC6P75L._AC_UY218_.jpg,2025-09-04T18:48:37.614420,Description non disponible depuis la recherche,Stock non disponible,ISBN non disponible,Éditeur non disponible,Date non disponible,Nombre de pages non disponible,Rang de vente non disponible,Religion,18.0,,
Au bonheur des dames,https://www.amazon.fr/Au-bonheur-dames-%C3%89mile-Zola/dp/2253002860/ref=sr_1_292,"4,50 €",Émile Zola,"4,6 sur 5 étoiles, détails de l’évaluation",969,Poche,https://m.media-amazon.com/images/I/81yW0weOUcL._AC_UY218_.jpg,2025-09-04T18:48:37.617362,Description non disponible depuis la recherche,Stock non disponible,ISBN non disponible,Éditeur non disponible,Date non disponible,Nombre de pages non disponible,Rang de vente non disponible,Religion,18.0,,
Médecine générale: Réussir ses EDN,https://www.amazon.fr/M%C3%A9decine-g%C3%A9n%C3%A9rale-R%C3%A9ussir-ses-EDN/dp/229478183X/ref=sr_1_291,"42,00 €",de CNGE | 10 juillet 2024,"4,4 sur 5 étoiles, détails de l’évaluation",21,Broché,https://m.media-amazon.com/images/I/71WqeKV+sCL._AC_UY218_.jpg,2025-09-04T18:48:47.186718,Description non disponible depuis la recherche,Stock non disponible,ISBN non disponible,Éditeur non disponible,Date non disponible,Nombre de pages non disponible,Rang de vente non disponible,Religion,19.0,,
L'Art de ne pas dire: Chronique d'un saccage du langage,https://www.amazon.fr/LArt-pas-dire-Chronique-saccage/dp/2021566005/ref=sr_1_292,"16,50 €",Clément Viktorovitch,"4,5 sur 5 étoiles, détails de l’évaluation",61,Broché,https://m.media-amazon.com/images/I/51I7q2ZTaiL._AC_UY218_.jpg,2025-09-04T18:48:47.189452,Description non disponible depuis la recherche,Stock non disponible,ISBN non disponible,Éditeur non disponible,Date non disponible,Nombre de pages non disponible,Rang de vente non disponible,Religion,19.0,,
Grammaire - Vocabulaire TOEIC® (conforme au nouveau test TOEIC®),https://www.amazon.fr/Grammaire-Vocabulaire-TOEIC%C2%AE-conforme-nouveau/dp/2017183792/ref=sr_1_293,"22,90 €",Cassandra Harvey,"4,5 sur 5 étoiles, détails de l’évaluation",240,Broché,https://m.media-amazon.com/images/I/71uUYcZAmcL._AC_UY218_.jpg,2025-09-04T18:48:47.191621,Description non disponible depuis la recherche,Stock non disponible,ISBN non disponible,Éditeur non disponible,Date non disponible,Nombre de pages non disponible,Rang de vente non disponible,Religion,19.0,,
Como agua para chocolate,https://www.amazon.fr/Como-agua-chocolate-Laura-Esquivel/dp/B08XFP2RNZ/ref=sr_1_294,"9,90 €",Laura Esquivel,"4,6 sur 5 étoiles, détails de l’évaluation",5 921,Broché,https://m.media-amazon.com/images/I/71od7lqa-AS._AC_UY218_.jpg,2025-09-04T18:48:47.195706,Description non disponible depuis la recherche,Stock non disponible,ISBN non disponible,Éditeur non disponible,Date non disponible,Nombre de pages non disponible,Rang de vente non disponible,Religion,19.0,,
A Cultural Guide,https://www.amazon.fr/Cultural-Guide-Fran%C3%A7oise-Grellet/dp/2095025377/ref=sr_1_295,"19,40 €",de Françoise Grellet | 4 mai 2023,"4,2 sur 5 étoiles, détails de l’évaluation",20,Relié,https://m.media-amazon.com/images/I/61LvW5eWuzL._AC_UY218_.jpg,2025-09-04T18:48:47.198204,Description non disponible depuis la recherche,Stock non disponible,ISBN non disponible,Éditeur non disponible,Date non disponible,Nombre de pages non disponible,Rang de vente non disponible,Religion,19.0,,
Les Origines du conflit israélo-arabe (1870-1950),https://www.amazon.fr/Origines-conflit-isra%C3%A9lo-arabe-1870-1950/dp/2130794890/ref=sr_1_296,"10,00 €",Georges Bensoussan,"4,5 sur 5 étoiles, détails de l’évaluation",690,Broché,https://m.media-amazon.com/images/I/61dSfv-61OL._AC_UY218_.jpg,2025-09-04T18:48:47.201810,Description non disponible depuis la recherche,Stock non disponible,ISBN non disponible,Éditeur non disponible,Date non disponible,Nombre de pages non disponible,Rang de vente non disponible,Religion,19.0,,
"Bescherelle lycée - Français 2de, 1re Nouveau bac: la référence pour le bac de français",https://www.amazon.fr/Bescherelle-Fran%C3%A7ais-lyc%C3%A9e-2de-1re/dp/2401084568/ref=sr_1_297,"12,90 €",Aurélia Courtial,"4,5 sur 5 étoiles, détails de l’évaluation",38,Broché,https://m.media-amazon.com/images/I/71Q2r-xJ8IL._AC_UY218_.jpg,2025-09-04T18:48:47.204478,Description non disponible depuis la recherche,Stock non disponible,ISBN non disponible,Éditeur non disponible,Date non disponible,Nombre de pages non disponible,Rang de vente non disponible,Religion,19.0,,
Thème grammatical anglais: Les bons réflexes !,https://www.amazon.fr/Anglais-Th%C3%A8me-Grammatical-Bons-Reflexes/dp/2340008344/ref=sr_1_298,"18,00 €",Marie Damont,"4,6 sur 5 étoiles, détails de l’évaluation",42,Broché,https://m.media-amazon.com/images/I/51qJHV9x+UL._AC_UY218_.jpg,2025-09-04T18:48:47.206487,Description non disponible depuis la recherche,Stock non disponible,ISBN non disponible,Éditeur non disponible,Date non disponible,Nombre de pages non disponible,Rang de vente non disponible,Religion,19.0,,
Mes premiers mots d'arabe Tunisien: L'essentiel des mots Tunisiens dans un seul ouvrage pour les enfants et les nouveaux apprenants,https://www.amazon.fr/Mes-premiers-mots-darabe-Tunisien/dp/B0BD8LKVBJ/ref=sr_1_301,"19,90 €",Grimaldi Editions,"4,4 sur 5 étoiles, détails de l’évaluation",31,Broché,https://m.media-amazon.com/images/I/619IOuyKC4L._AC_UY218_.jpg,2025-09-04T18:48:47.214802,Description non disponible depuis la recherche,Stock non disponible,ISBN non disponible,Éditeur non disponible,Date non disponible,Nombre de pages non disponible,Rang de vente non disponible,Religion,19.0,,
"Agenda Scolaire 2025 2026: Journal Quotidien A5 | Garçons & Filles | Primaire, Collège, Lycée | Motifs de Dessin Enfant",https://www.amazon.fr/Agenda-Scolaire-2025-2026-Quotidien/dp/B0F84FZLDS/ref=sr_1_302,"12,50 €",de DAN BRIEL | 4 mai 2025,"5,0 sur 5 étoiles, détails de l’évaluation",1,Broché,https://m.media-amazon.com/images/I/61w+rWzp85L._AC_UY218_.jpg,2025-09-04T18:48:47.217205,Description non disponible depuis la recherche,Stock non disponible,ISBN non disponible,Éditeur non disponible,Date non disponible,Nombre de pages non disponible,Rang de vente non disponible,Religion,19.0,,
Anatomie et vocabulaire médical: Schémas - Lexique - Exercices,https://www.amazon.fr/Anatomie-vocabulaire-m%C3%A9dical-Sch%C3%A9mas-Exercices/dp/2311661833/ref=sr_1_303,"14,90 €",Evelyne Berdagué-Boutet,"4,7 sur 5 étoiles, détails de l’évaluation",547,Broché,https://m.media-amazon.com/images/I/71EQWx0svGL._AC_UY218_.jpg,2025-09-04T18:48:47.219578,Description non disponible depuis la recherche,Stock non disponible,ISBN non disponible,Éditeur non disponible,Date non disponible,Nombre de pages non disponible,Rang de vente non disponible,Religion,19.0,,
L'encyclopédie Minecraft des idées à construire: Plus de 70 projets,https://www.amazon.fr/Lencyclop%C3%A9die-Minecraft-id%C3%A9es-construire-projets/dp/2075208980/ref=sr_1_304,"20,00 €",de Thomas McBrien et Alexandre Fil | 31 octobre 2024,"4,7 sur 5 étoiles, détails de l’évaluation",39,Broché,https://m.media-amazon.com/images/I/81219JJrYGL._AC_UY218_.jpg,2025-09-04T18:48:47.222106,Description non disponible depuis la recherche,Stock non disponible,ISBN non disponible,Éditeur non disponible,Date non disponible,Nombre de pages non disponible,Rang de vente non disponible,Religion,19.0,,
"Brown Bear, Brown Bear, What Do You See?",https://www.amazon.fr/Brown-Bear-What-You-See/dp/0141501596/ref=sr_1_305,"9,72 €",Eric Carle,"4,8 sur 5 étoiles, détails de l’évaluation",53 069,Broché,https://m.media-amazon.com/images/I/91RHY93ywLL._AC_UY218_.jpg,2025-09-04T18:48:47.225994,Description non disponible depuis la recherche,Stock non disponible,ISBN non disponible,Éditeur non disponible,Date non disponible,Nombre de pages non disponible,Rang de vente non disponible,Religion,19.0,,
Dictionnaire des synonymes et nuances Poche - Nouvelle édition,https://www.amazon.fr/Dictionnaire-synonymes-nuances-Poche-Nouvelle/dp/2321020075/ref=sr_1_306,"11,90 €",de Collectif | 6 juin 2024,"4,9 sur 5 étoiles, détails de l’évaluation",13,Broché,https://m.media-amazon.com/images/I/61QTqMt5+QL._AC_UY218_.jpg,2025-09-04T18:48:47.228997,Description non disponible depuis la recherche,Stock non disponible,ISBN non disponible,Éditeur non disponible,Date non disponible,Nombre de pages non disponible,Rang de vente non disponible,Religion,19.0,,
BLED Ecole Primaire Dictées Primaire Du CE1 au CM2,https://www.amazon.fr/BLED-Ecole-Primaire-Dict%C3%A9es-CE1/dp/2017267201/ref=sr_1_307,"8,50 €",Daniel Berlion,"4,6 sur 5 étoiles, détails de l’évaluation",28,Broché,https://m.media-amazon.com/images/I/713hekZP7yL._AC_UY218_.jpg,2025-09-04T18:48:47.230949,Description non disponible depuis la recherche,Stock non disponible,ISBN non disponible,Éditeur non disponible,Date non disponible,Nombre de pages non disponible,Rang de vente non disponible,Religion,19.0,,
Agenda de bord 2025/2026 professeur d’Arts Plastiques: Carnet de bord A4 pour les enseignants,https://www.amazon.fr/Agenda-bord-professeur-dArts-Plastiques/dp/940379724X/ref=sr_1_308,"11,90 €",Gringolivier editions,"5,0 sur 5 étoiles, détails de l’évaluation",2,Broché,https://m.media-amazon.com/images/I/71t1EZWCieL._AC_UY218_.jpg,2025-09-04T18:48:47.232876,Description non disponible depuis la recherche,Stock non disponible,ISBN non disponible,Éditeur non disponible,Date non disponible,Nombre de pages non disponible,Rang de vente non disponible,Religion,19.0,,
Le Lexique de « Dis-moi où tu as mal » (nvelle éd.2024 augmentée),https://www.amazon.fr/Lexique-Dis-moi-nvelle-%C3%A9d-2024-augment%C3%A9e/dp/2226490442/ref=sr_1_307,"19,90 €",Michel Odoul,"4,7 sur 5 étoiles, détails de l’évaluation",92,Broché,https://m.media-amazon.com/images/I/81QLHiPPaML._AC_UY218_.jpg,2025-09-04T18:48:58.452587,Description non disponible depuis la recherche,Stock non disponible,ISBN non disponible,Éditeur non disponible,Date non disponible,Nombre de pages non disponible,Rang de vente non disponible,Religion,20.0,,
Déclic Maths 1ère - Livre élève - Ed. 2019,https://www.amazon.fr/D%C3%A9clic-Maths-1%C3%A8re-Livre-%C3%A9l%C3%A8ve/dp/2013954891/ref=sr_1_308,"38,90 €","de Frédéric Léon, Frédéric Boure, et al. | 29 mai 2019","4,7 sur 5 étoiles, détails de l’évaluation",67,Broché,https://m.media-amazon.com/images/I/81LV6CYbOcL._AC_UY218_.jpg,2025-09-04T18:48:58.455311,Description non disponible depuis la recherche,Stock non disponible,ISBN non disponible,Éditeur non disponible,Date non disponible,Nombre de pages non disponible,Rang de vente non disponible,Religion,20.0,,
Anthologie de la poésie française,https://www.amazon.fr/Anthologie-po%C3%A9sie-fran%C3%A7aise-Georges-Pompidou/dp/2253005436/ref=sr_1_309,"8,90 €",Georges Pompidou,"4,6 sur 5 étoiles, détails de l’évaluation",412,Poche,https://m.media-amazon.com/images/I/819JuF8LjUS._AC_UY218_.jpg,2025-09-04T18:48:58.457452,Description non disponible depuis la recherche,Stock non disponible,ISBN non disponible,Éditeur non disponible,Date non disponible,Nombre de pages non disponible,Rang de vente non disponible,Religion,20.0,,
"COURS COMPLET pour APPRENDRE l'ESPAGNOL: Apprenez l'Espagnol en 30 jours avec la Méthode Audioboost | Grammaire, Vocabulaire, Histoires Bilingues et Version Audio | Cours vidéo Inclus",https://www.amazon.fr/COURS-COMPLET-pour-APPRENDRE-lESPAGNOL/dp/B0DWS6YSWT/ref=sr_1_310,"17,95 €",Audioboost Academy,"4,3 sur 5 étoiles, détails de l’évaluation",26,Broché,https://m.media-amazon.com/images/I/711-eNEqKSL._AC_UY218_.jpg,2025-09-04T18:48:58.459742,Description non disponible depuis la recherche,Stock non disponible,ISBN non disponible,Éditeur non disponible,Date non disponible,Nombre de pages non disponible,Rang de vente non disponible,Religion,20.0,,
"Bescherelle - L'espagnol pour tous: tout-en-un (grammaire, conjugaison, vocabulaire, communiquer)",https://www.amazon.fr/Bescherelle-Lespagnol-pour-tous-tout-en/dp/2401086218/ref=sr_1_311,"12,99 €",Marta Lopez-Izquierdo,"4,4 sur 5 étoiles, détails de l’évaluation",121,Broché,https://m.media-amazon.com/images/I/71gNt2l96iL._AC_UY218_.jpg,2025-09-04T18:48:58.462434,Description non disponible depuis la recherche,Stock non disponible,ISBN non disponible,Éditeur non disponible,Date non disponible,Nombre de pages non disponible,Rang de vente non disponible,Religion,20.0,,
Mon cahier d'activités déclic lecture,https://www.amazon.fr/Mon-cahier-dactivit%C3%A9s-d%C3%A9clic-lecture/dp/2366470908/ref=sr_1_312,"8,95 €",Claude Huguenin,"4,7 sur 5 étoiles, détails de l’évaluation",639,Broché,https://m.media-amazon.com/images/I/81pcx2Rhd1L._AC_UY218_.jpg,2025-09-04T18:48:58.464809,Description non disponible depuis la recherche,Stock non disponible,ISBN non disponible,Éditeur non disponible,Date non disponible,Nombre de pages non disponible,Rang de vente non disponible,Religion,20.0,,
La grammaire anglaise au lycée,https://www.amazon.fr/grammaire-anglaise-au-lycee/dp/2708015958/ref=sr_1_313,"16,00 €",Serge Berland-Delépine,"4,3 sur 5 étoiles, détails de l’évaluation",28,Broché,https://m.media-amazon.com/images/I/81XEpHfg3vL._AC_UY218_.jpg,2025-09-04T18:48:58.466845,Description non disponible depuis la recherche,Stock non disponible,ISBN non disponible,Éditeur non disponible,Date non disponible,Nombre de pages non disponible,Rang de vente non disponible,Religion,20.0,,
Dictionnaire Le Petit Robert de la langue française 2026,https://www.amazon.fr/Dictionnaire-Petit-Robert-langue-fran%C3%A7aise/dp/2321020636/ref=sr_1_314,"69,90 €","de Collectif, Alain Rey, et al. | 15 mai 2025","5,0 sur 5 étoiles, détails de l’évaluation",3,Relié,https://m.media-amazon.com/images/I/51DspmFV8eL._AC_UY218_.jpg,2025-09-04T18:48:58.469622,Description non disponible depuis la recherche,Stock non disponible,ISBN non disponible,Éditeur non disponible,Date non disponible,Nombre de pages non disponible,Rang de vente non disponible,Religion,20.0,,
Agenda de bord 2025/2026 professeur de Sciences de la Vie et de la Terre: Carnet de bord A4 pour les enseignants,https://www.amazon.fr/Agenda-bord-professeur-Sciences-Terre/dp/9403794291/ref=sr_1_317,"11,90 €",Gringolivier editions,"4,6 sur 5 étoiles, détails de l’évaluation",6,Broché,https://m.media-amazon.com/images/I/71EnL4tiqwL._AC_UY218_.jpg,2025-09-04T18:48:58.478068,Description non disponible depuis la recherche,Stock non disponible,ISBN non disponible,Éditeur non disponible,Date non disponible,Nombre de pages non disponible,Rang de vente non disponible,Religion,20.0,,
Apprendre la prière et les ablutions: Méthode progressive - Précieux guide illustré pour les enfants musulmans garçons et filles pour apprendre la Salat et Le Woudou' (Option : Scanner & Ecouter),https://www.amazon.fr/Apprendre-pri%C3%A8re-ablutions-progressive-musulmans/dp/B0BMJS87V6/ref=sr_1_318,"11,99 €",FINESS Edition,"4,7 sur 5 étoiles, détails de l’évaluation",343,Broché,https://m.media-amazon.com/images/I/71kmDVXdT-L._AC_UY218_.jpg,2025-09-04T18:48:58.480936,Description non disponible depuis la recherche,Stock non disponible,ISBN non disponible,Éditeur non disponible,Date non disponible,Nombre de pages non disponible,Rang de vente non disponible,Religion,20.0,,
Mon encyclopédie junior des roches et minéraux,https://www.amazon.fr/Mon-encyclop%C3%A9die-junior-roches-min%C3%A9raux/dp/1773883615/ref=sr_1_319,"16,95 €","de Marie-Ève Côté, DAVID MARCHAND, et al. | 17 octobre 2023","4,8 sur 5 étoiles, détails de l’évaluation",25,Relié,https://m.media-amazon.com/images/I/81aq51E+K4L._AC_UY218_.jpg,2025-09-04T18:48:58.485422,Description non disponible depuis la recherche,Stock non disponible,ISBN non disponible,Éditeur non disponible,Date non disponible,Nombre de pages non disponible,Rang de vente non disponible,Religion,20.0,,
Classics & Co Anglais LLCE - The Fall of the House of Usher - The Tell-Tale Heart,https://www.amazon.fr/Classics-Co-Anglais-LLCE-Tell-Tale/dp/2401063145/ref=sr_1_320,"7,90 €",Edgar Allan Poe,"4,6 sur 5 étoiles, détails de l’évaluation",174,Broché,https://m.media-amazon.com/images/I/81TPWLhtQxL._AC_UY218_.jpg,2025-09-04T18:48:58.488784,Description non disponible depuis la recherche,Stock non disponible,ISBN non disponible,Éditeur non disponible,Date non disponible,Nombre de pages non disponible,Rang de vente non disponible,Religion,20.0,,
Édito B2 - édition 2022-2024 - Livre + didierfle.app,https://www.amazon.fr/Edito-B2-%C3%A9dition-Livre-didierfle-app/dp/2278103660/ref=sr_1_321,"21,80 €","de Myriam Abou-Samra, Elodie Heu, et al. | 2 mars 2022","4,5 sur 5 étoiles, détails de l’évaluation",72,Broché,https://m.media-amazon.com/images/I/81TrXDtAM1L._AC_UY218_.jpg,2025-09-04T18:48:58.491427,Description non disponible depuis la recherche,Stock non disponible,ISBN non disponible,Éditeur non disponible,Date non disponible,Nombre de pages non disponible,Rang de vente non disponible,Religion,20.0,,
Le coréen débutant - programme d’auto-apprentissage complet,https://www.amazon.fr/cor%C3%A9en-d%C3%A9butant-programme-dauto-apprentissage-complet/dp/B09XSSK24Q/ref=sr_1_322,"23,03 €",Fandom Media,"4,5 sur 5 étoiles, détails de l’évaluation",123,Broché,https://m.media-amazon.com/images/I/61w-ajbEodL._AC_UY218_.jpg,2025-09-04T18:48:58.494497,Description non disponible depuis la recherche,Stock non disponible,ISBN non disponible,Éditeur non disponible,Date non disponible,Nombre de pages non disponible,Rang de vente non disponible,Religion,20.0,,
Médecine légale - Médecine du travail: Réussir ses EDN,https://www.amazon.fr/M%C3%A9decine-l%C3%A9gale-travail-R%C3%A9ussir-ses/dp/2294787439/ref=sr_1_483,"29,50 €","de Collège National Des Enseignants De Médecine Légale, Collège Des Enseignants Hospitalo-Universitaires De Médecine et Santé au Travail, et al. | 1 octobre 2025",Note non disponible,0 avis,Broché,https://m.media-amazon.com/images/I/71P1otMN4sL._AC_UY218_.jpg,2025-09-04T08:56:43.914381,Description non disponible depuis la recherche,Stock non disponible,ISBN non disponible,Éditeur non disponible,Date non disponible,Nombre de pages non disponible,Rang de vente non disponible,Religion,31.0,,
"APPRENDRE L'ANGLAIS EN 30 JOURS: 7 livres en 1: Le cours complet pour tous les niveaux (A1-C2). Grammaire +500 exercices avec audio, +3000 mots et conversation pour les examenss, 15 histoires",https://www.amazon.fr/APPRENDRE-LANGLAIS-JOURS-Grammaire-conversation-ebook/dp/B0FJ88JXVY/ref=sr_1_484,"22,95 €",Peter J. Locke,"5,0 sur 5 étoiles, détails de l’évaluation",15,Format Kindle,https://m.media-amazon.com/images/I/814kJooOVeL._AC_UY218_.jpg,2025-09-04T08:56:43.917554,Description non disponible depuis la recherche,Stock non disponible,ISBN non disponible,Éditeur non disponible,Date non disponible,Nombre de pages non disponible,Rang de vente non disponible,Religion,31.0,,
Le Petit Nicolas,https://www.amazon.fr/Le-Petit-Nicolas/dp/B086WNGXG6/ref=sr_1_485,"0,00 €",Livres audio Audible,"4,6 sur 5 étoiles, détails de l’évaluation",1 672,Livres audio Audible,https://m.media-amazon.com/images/I/71ePxZjcWjL._AC_UY218_.jpg,2025-09-04T08:56:43.920914,Description non disponible depuis la recherche,Stock non disponible,ISBN non disponible,Éditeur non disponible,Date non disponible,Nombre de pages non disponible,Rang de vente non disponible,Religion,31.0,,
Le Robert Maxi Plus langue française,https://www.amazon.fr/Robert-Maxi-Plus-Langue-Fran%C3%A7aise/dp/2321016582/ref=sr_1_486,"16,95 €",de Collectif | 3 juin 2021,"4,6 sur 5 étoiles, détails de l’évaluation",200,Broché,https://m.media-amazon.com/images/I/61C8BJJerWL._AC_UY218_.jpg,2025-09-04T08:56:43.923867,Description non disponible depuis la recherche,Stock non disponible,ISBN non disponible,Éditeur non disponible,Date non disponible,Nombre de pages non disponible,Rang de vente non disponible,Religion,31.0,,
A handbook of literary terms - Introduction au vocabulaire littéraire anglais,https://www.amazon.fr/handbook-literary-terms-Introduction-vocabulaire/dp/2011401798/ref=sr_1_487,"25,90 €",Françoise Grellet,"4,6 sur 5 étoiles, détails de l’évaluation",213,Broché,https://m.media-amazon.com/images/I/71IyTHHXB8L._AC_UY218_.jpg,2025-09-04T08:56:43.926659,Description non disponible depuis la recherche,Stock non disponible,ISBN non disponible,Éditeur non disponible,Date non disponible,Nombre de pages non disponible,Rang de vente non disponible,Religion,31.0,,
"J'apprends l'allemand autrement - Niveau débutant: 80 cartes mentales pour apprendre facilement la grammaire, la conjugaison et le vocabulaire allemands avec livret explicatif",https://www.amazon.fr/Japprends-lallemand-autrement-conjugaison-vocabulaire/dp/2212574207/ref=sr_1_488,"24,90 €",Stéphanie Eleaume Lachaud,"4,6 sur 5 étoiles, détails de l’évaluation",213,Broché,https://m.media-amazon.com/images/I/71L+7SvJxkL._AC_UY218_.jpg,2025-09-04T08:56:43.928766,Description non disponible depuis la recherche,Stock non disponible,ISBN non disponible,Éditeur non disponible,Date non disponible,Nombre de pages non disponible,Rang de vente non disponible,Religion,31.0,,
Histoire/Géographie 2nde compilation - Livre élève - Ed. 2019,https://www.amazon.fr/Histoire-G%C3%A9ographie-2nde-compilation-Livre/dp/2017088005/ref=sr_1_489,"42,90 €",de Michaël Navarro et Henri Simonneau | 22 mai 2019,"4,6 sur 5 étoiles, détails de l’évaluation",50,Relié,https://m.media-amazon.com/images/I/81HxXjooK1L._AC_UY218_.jpg,2025-09-04T08:56:43.931767,Description non disponible depuis la recherche,Stock non disponible,ISBN non disponible,Éditeur non disponible,Date non disponible,Nombre de pages non disponible,Rang de vente non disponible,Religion,31.0,,
Le Robert illustré et son dictionnaire en ligne 2026,https://www.amazon.fr/Robert-illustr%C3%A9-dictionnaire-ligne-2026/dp/2321020423/ref=sr_1_490,"34,90 €",de Collectif | 15 mai 2025,"4,8 sur 5 étoiles, détails de l’évaluation",5,Relié,https://m.media-amazon.com/images/I/71J4I0D1QaL._AC_UY218_.jpg,2025-09-04T08:56:43.934257,Description non disponible depuis la recherche,Stock non disponible,ISBN non disponible,Éditeur non disponible,Date non disponible,Nombre de pages non disponible,Rang de vente non disponible,Religion,31.0,,
Et je t'aimerai encore,https://www.amazon.fr/je-taimerai-encore-Lucas-Clavel/dp/1704945046/ref=sr_1_493,"12,99 €",Lucas Clavel,"4,5 sur 5 étoiles, détails de l’évaluation",1 312,Broché,https://m.media-amazon.com/images/I/61bF088YDlL._AC_UY218_.jpg,2025-09-04T08:56:43.944183,Description non disponible depuis la recherche,Stock non disponible,ISBN non disponible,Éditeur non disponible,Date non disponible,Nombre de pages non disponible,Rang de vente non disponible,Religion,31.0,,
Pourquoi moi ?,https://www.amazon.fr/Pourquoi-moi-Christine-Kelly/dp/2213731586/ref=sr_1_494,"20,90 €",Christine Kelly,Note non disponible,0 avis,Broché,https://m.media-amazon.com/images/I/713pyhyokpL._AC_UY218_.jpg,2025-09-04T08:56:43.947381,Description non disponible depuis la recherche,Stock non disponible,ISBN non disponible,Éditeur non disponible,Date non disponible,Nombre de pages non disponible,Rang de vente non disponible,Religion,31.0,,
Carte Nationale France Sud-Ouest 2025,https://www.amazon.fr/Carte-Nationale-France-Sud-Ouest-2025/dp/2067265261/ref=sr_1_495,"6,50 €",Michelin,"4,7 sur 5 étoiles, détails de l’évaluation",4,Carte,https://m.media-amazon.com/images/I/81VC2nKRWrL._AC_UY218_.jpg,2025-09-04T08:56:43.949404,Description non disponible depuis la recherche,Stock non disponible,ISBN non disponible,Éditeur non disponible,Date non disponible,Nombre de pages non disponible,Rang de vente non disponible,Religion,31.0,,
Je ne suis pas une fille bien,https://www.amazon.fr/suis-pas-une-fille-bien/dp/B093RLBN6B/ref=sr_1_496,"9,90 €",Emma Samary,"4,5 sur 5 étoiles, détails de l’évaluation",1 101,Broché,https://m.media-amazon.com/images/I/31yf5naklvL._AC_UY218_.jpg,2025-09-04T08:56:43.952453,Description non disponible depuis la recherche,Stock non disponible,ISBN non disponible,Éditeur non disponible,Date non disponible,Nombre de pages non disponible,Rang de vente non disponible,Religion,31.0,,
Mon agenda super kawaii 2025-2026,https://www.amazon.fr/Mon-agenda-super-kawaii-2025-2026/dp/B0DZ2ZN26K/ref=sr_1_497,"11,95 €",de Paku | 5 juin 2025,"5,0 sur 5 étoiles, détails de l’évaluation",2,Relié,https://m.media-amazon.com/images/I/51iNKkXS9hL._AC_UY218_.jpg,2025-09-04T08:56:43.955881,Description non disponible depuis la recherche,Stock non disponible,ISBN non disponible,Éditeur non disponible,Date non disponible,Nombre de pages non disponible,Rang de vente non disponible,Religion,31.0,,
A l'est d'Eden,https://www.amazon.fr/lest-dEden-John-Steinbeck/dp/2253005975/ref=sr_1_498,"10,40 €",John Steinbeck,"4,6 sur 5 étoiles, détails de l’évaluation",1 317,Poche,https://m.media-amazon.com/images/I/71+XuMue2mL._AC_UY218_.jpg,2025-09-04T08:56:43.958672,Description non disponible depuis la recherche,Stock non disponible,ISBN non disponible,Éditeur non disponible,Date non disponible,Nombre de pages non disponible,Rang de vente non disponible,Religion,31.0,,
"Vivre avec un TDAH quand on est adulte: devenez plus concentré, dites stop à la procrastination et luttez contre le stress",https://www.amazon.fr/Vivre-avec-TDAH-quand-adulte/dp/B0DGF7Z2G1/ref=sr_1_499,"16,90 €",Lucie Muller,"4,7 sur 5 étoiles, détails de l’évaluation",46,Broché,https://m.media-amazon.com/images/I/71p4ke46jyL._AC_UY218_.jpg,2025-09-04T08:56:43.961001,Description non disponible depuis la recherche,Stock non disponible,ISBN non disponible,Éditeur non disponible,Date non disponible,Nombre de pages non disponible,Rang de vente non disponible,Religion,31.0,,
Le bibliobus - 4 oeuvres complètes - La barbe bleue et autres histoires,https://www.amazon.fr/bibliobus-oeuvres-compl%C3%A8tes-autres-histoires/dp/2011164435/ref=sr_1_500,"9,10 €",de Collectif | 7 mai 2003,"4,6 sur 5 étoiles, détails de l’évaluation",130,Broché,https://m.media-amazon.com/images/I/914BeE4BO0L._AC_UY218_.jpg,2025-09-04T08:56:43.963717,Description non disponible depuis la recherche,Stock non disponible,ISBN non disponible,Éditeur non disponible,Date non disponible,Nombre de pages non disponible,Rang de vente non disponible,Religion,31.0,,
Dictionnaire Le Robert & Collins Senior anglais - Nouvelle édition,https://www.amazon.fr/Dictionnaire-Robert-Collins-Senior-anglais/dp/2321019913/ref=sr_1_499,"49,90 €",de Collectif | 23 mai 2024,"5,0 sur 5 étoiles, détails de l’évaluation",10,Relié,https://m.media-amazon.com/images/I/51jV3L70bKL._AC_UY218_.jpg,2025-09-04T08:56:54.759625,Description non disponible depuis la recherche,Stock non disponible,ISBN non disponible,Éditeur non disponible,Date non disponible,Nombre de pages non disponible,Rang de vente non disponible,Religion,32.0,,
Du mot à la phrase: Vocabulaire anglais contemporain et exercices,https://www.amazon.fr/Phrase-Vocabulaire-Anglais-Contemporain-Exercices/dp/2729854894/ref=sr_1_500,"16,50 €",Michel Dumong,"4,4 sur 5 étoiles, détails de l’évaluation",94,Broché,https://m.media-amazon.com/images/I/81o2aaQjAAL._AC_UY218_.jpg,2025-09-04T08:56:54.761854,Description non disponible depuis la recherche,Stock non disponible,ISBN non disponible,Éditeur non disponible,Date non disponible,Nombre de pages non disponible,Rang de vente non disponible,Religion,32.0,,
CAPES de Lettres: Tout le programme de littérature française en un volume,https://www.amazon.fr/CAPES-Lettres-programme-litt%C3%A9rature-fran%C3%A7aise/dp/2340105544/ref=sr_1_501,"39,00 €","de Alain Corbellari, Patricia Eichel-Lojkine, et al. | 12 août 2025",Note non disponible,0 avis,Broché,https://m.media-amazon.com/images/I/613Zo0R-1nL._AC_UY218_.jpg,2025-09-04T08:56:54.765454,Description non disponible depuis la recherche,Stock non disponible,ISBN non disponible,Éditeur non disponible,Date non disponible,Nombre de pages non disponible,Rang de vente non disponible,Religion,32.0,,
Astérix - Astérix chez les Belges - n°24,https://www.amazon.fr/Ast%C3%A9rix-chez-Belges-n%C2%B024/dp/2012101569/ref=sr_1_502,"10,90 €",René Goscinny,"4,8 sur 5 étoiles, détails de l’évaluation",686,Relié,https://m.media-amazon.com/images/I/91Npx6G8p1L._AC_UY218_.jpg,2025-09-04T08:56:54.768428,Description non disponible depuis la recherche,Stock non disponible,ISBN non disponible,Éditeur non disponible,Date non disponible,Nombre de pages non disponible,Rang de vente non disponible,Religion,32.0,,
Astérix - Le domaine des Dieux - n°17,https://www.amazon.fr/Ast%C3%A9rix-domaine-Dieux-Ren%C3%A9-Goscinny/dp/2012101496/ref=sr_1_503,"10,90 €",René Goscinny,"4,8 sur 5 étoiles, détails de l’évaluation",586,Relié,https://m.media-amazon.com/images/I/91CBsWXUccL._AC_UY218_.jpg,2025-09-04T08:56:54.771256,Description non disponible depuis la recherche,Stock non disponible,ISBN non disponible,Éditeur non disponible,Date non disponible,Nombre de pages non disponible,Rang de vente non disponible,Religion,32.0,,
Notre-Dame de Paris,https://www.amazon.fr/Notre-Dame-Paris-Victor-Hugo/dp/2253009687/ref=sr_1_504,"4,60 €",Victor Hugo,"4,5 sur 5 étoiles, détails de l’évaluation",793,Poche,https://m.media-amazon.com/images/I/81ACmLcxYML._AC_UY218_.jpg,2025-09-04T08:56:54.774379,Description non disponible depuis la recherche,Stock non disponible,ISBN non disponible,Éditeur non disponible,Date non disponible,Nombre de pages non disponible,Rang de vente non disponible,Religion,32.0,,
Activate Advanced C1: A Complete Self-Study Course,https://www.amazon.fr/Activate-Advanced-C1-Complete-Self-Study/dp/8412214358/ref=sr_1_505,"31,99 €",E Mason,"4,4 sur 5 étoiles, détails de l’évaluation",361,Broché,https://m.media-amazon.com/images/I/71OgW62YfoL._AC_UY218_.jpg,2025-09-04T08:56:54.777275,Description non disponible depuis la recherche,Stock non disponible,ISBN non disponible,Éditeur non disponible,Date non disponible,Nombre de pages non disponible,Rang de vente non disponible,Religion,32.0,,
"De la fin du Franquisme à la transition démocratique : ""La caída de Madrid"" de Rafael Chirbes",https://www.amazon.fr/fin-Franquisme-transition-d%C3%A9mocratique-Chirbes/dp/234010498X/ref=sr_1_506,"24,00 €",de Anne Lenquette | 26 août 2025,Note non disponible,0 avis,Broché,https://m.media-amazon.com/images/I/61QsUQCM-1L._AC_UY218_.jpg,2025-09-04T08:56:54.780792,Description non disponible depuis la recherche,Stock non disponible,ISBN non disponible,Éditeur non disponible,Date non disponible,Nombre de pages non disponible,Rang de vente non disponible,Religion,32.0,,
Bled Grammaire,https://www.amazon.fr/Bled-Grammaire-Daniel-Berlion/dp/2017151076/ref=sr_1_509,"9,90 €",Daniel Berlion,"4,7 sur 5 étoiles, détails de l’évaluation",279,Relié,https://m.media-amazon.com/images/I/716gQ0-8VdS._AC_UY218_.jpg,2025-09-04T08:56:54.789363,Description non disponible depuis la recherche,Stock non disponible,ISBN non disponible,Éditeur non disponible,Date non disponible,Nombre de pages non disponible,Rang de vente non disponible,Religion,32.0,,
Le DELF A2 100% Réussite - édition 2021-2022 - Livre + didierfle.app: Nouvelles Epreuves,https://www.amazon.fr/DELF-A2-100-r%C3%A9ussite-%C3%A9dition/dp/2278102524/ref=sr_1_510,"18,10 €","de Dorothée Dupleix, Catherine Houssa, et al. | 21 avril 2021","4,6 sur 5 étoiles, détails de l’évaluation",150,Livre de poche relié à la colle,https://m.media-amazon.com/images/I/61bvrytAHEL._AC_UY218_.jpg,2025-09-04T08:56:54.792127,Description non disponible depuis la recherche,Stock non disponible,ISBN non disponible,Éditeur non disponible,Date non disponible,Nombre de pages non disponible,Rang de vente non disponible,Religion,32.0,,
Jonathan Livingston le goéland,https://www.amazon.fr/Jonathan-Livingston-go%C3%A9land-Richard-Bach/dp/2290215627/ref=sr_1_511,"3,00 €",Richard Bach,"4,7 sur 5 étoiles, détails de l’évaluation",731,Poche,https://m.media-amazon.com/images/I/61ZOZhR+v-L._AC_UY218_.jpg,2025-09-04T08:56:54.795571,Description non disponible depuis la recherche,Stock non disponible,ISBN non disponible,Éditeur non disponible,Date non disponible,Nombre de pages non disponible,Rang de vente non disponible,Religion,32.0,,
One Piece - Édition originale - Tome 79: Lucy !!,https://www.amazon.fr/One-Piece-%C3%89dition-originale-Lucy/dp/2344016376/ref=sr_1_512,"7,20 €",Eiichiro Oda,"4,9 sur 5 étoiles, détails de l’évaluation",496,Broché,https://m.media-amazon.com/images/I/915WOKkOgbL._AC_UY218_.jpg,2025-09-04T08:56:54.798297,Description non disponible depuis la recherche,Stock non disponible,ISBN non disponible,Éditeur non disponible,Date non disponible,Nombre de pages non disponible,Rang de vente non disponible,Religion,32.0,,
A Literary Guide - Anglais: Un guide de référence de la littérature anglophone de l'an 1 000 à l'an 2 000,https://www.amazon.fr/Literary-Guide-Anglais-Fran%C3%A7oise-Grellet/dp/2091651680/ref=sr_1_513,"20,90 €",Françoise Grellet,"4,7 sur 5 étoiles, détails de l’évaluation",78,Broché,https://m.media-amazon.com/images/I/61GtTFyQFML._AC_UY218_.jpg,2025-09-04T08:56:54.801007,Description non disponible depuis la recherche,Stock non disponible,ISBN non disponible,Éditeur non disponible,Date non disponible,Nombre de pages non disponible,Rang de vente non disponible,Religion,32.0,,
Passion simple - Prix Nobel de Littérature 2022,https://www.amazon.fr/Passion-simple-Annie-Ernaux/dp/2070388409/ref=sr_1_514,"8,00 €",Annie Ernaux,"3,7 sur 5 étoiles, détails de l’évaluation",888,Poche,https://m.media-amazon.com/images/I/7187tnYfsoL._AC_UY218_.jpg,2025-09-04T08:56:54.804429,Description non disponible depuis la recherche,Stock non disponible,ISBN non disponible,Éditeur non disponible,Date non disponible,Nombre de pages non disponible,Rang de vente non disponible,Religion,32.0,,
Métaphysique des tubes,https://www.amazon.fr/M%C3%A9taphysique-tubes-Am%C3%A9lie-Nothomb/dp/2253152846/ref=sr_1_515,"7,90 €",Amélie Nothomb,"4,4 sur 5 étoiles, détails de l’évaluation",1 345,Poche,https://m.media-amazon.com/images/I/71hlC6RorgL._AC_UY218_.jpg,2025-09-04T08:56:54.807948,Description non disponible depuis la recherche,Stock non disponible,ISBN non disponible,Éditeur non disponible,Date non disponible,Nombre de pages non disponible,Rang de vente non disponible,Religion,32.0,,
Agenda de bord 2025/2026 professeur documentaliste: Carnet de bord A4 pour les enseignants,https://www.amazon.fr/Agenda-bord-2025-professeur-documentaliste/dp/9403794208/ref=sr_1_516,"11,90 €",Gringolivier editions,"5,0 sur 5 étoiles, détails de l’évaluation",3,Broché,https://m.media-amazon.com/images/I/71r5VJKghcL._AC_UY218_.jpg,2025-09-04T08:56:54.809930,Description non disponible depuis la recherche,Stock non disponible,ISBN non disponible,Éditeur non disponible,Date non disponible,Nombre de pages non disponible,Rang de vente non disponible,Religion,32.0,,
Dictionnaire de science économique - 7e éd.,https://www.amazon.fr/Dictionnaire-science-%C3%A9conomique-7e-%C3%A9d/dp/210085190X/ref=sr_1_515,"26,90 €",Alain Beitone,"4,3 sur 5 étoiles, détails de l’évaluation",11,Broché,https://m.media-amazon.com/images/I/71oWomk3QkL._AC_UY218_.jpg,2025-09-04T08:57:06.747604,Description non disponible depuis la recherche,Stock non disponible,ISBN non disponible,Éditeur non disponible,Date non disponible,Nombre de pages non disponible,Rang de vente non disponible,Religion,33.0,,
Epreuve écrite disciplinaire appliquée: Préparation et sujets corrigés Concours M2,https://www.amazon.fr/Epreuve-%C3%A9crite-disciplinaire-appliqu%C3%A9e-Pr%C3%A9paration/dp/2340104955/ref=sr_1_516,"26,00 €",de Jean-Christophe Coquilhat | 26 août 2025,Note non disponible,0 avis,Broché,https://m.media-amazon.com/images/I/617NyFO3mPL._AC_UY218_.jpg,2025-09-04T08:57:06.751197,Description non disponible depuis la recherche,Stock non disponible,ISBN non disponible,Éditeur non disponible,Date non disponible,Nombre de pages non disponible,Rang de vente non disponible,Religion,33.0,,
Mon carnet de lecture,https://www.amazon.fr/Mon-carnet-lecture-Audrey-Tribot/dp/2501190998/ref=sr_1_517,"9,90 €",Audrey Tribot,"4,4 sur 5 étoiles, détails de l’évaluation",22,Broché,https://m.media-amazon.com/images/I/81ko-jpNeaL._AC_UY218_.jpg,2025-09-04T08:57:06.753265,Description non disponible depuis la recherche,Stock non disponible,ISBN non disponible,Éditeur non disponible,Date non disponible,Nombre de pages non disponible,Rang de vente non disponible,Religion,33.0,,
Physique-Chimie MPSI,https://www.amazon.fr/Physique-Chimie-MPSI-Elsa-Choubert/dp/2340105234/ref=sr_1_518,"49,00 €","de Elsa Choubert, Sébastien Fayolle, et al. | 15 juillet 2025","5,0 sur 5 étoiles, détails de l’évaluation",1,Broché,https://m.media-amazon.com/images/I/61T7WkrSgfL._AC_UY218_.jpg,2025-09-04T08:57:06.756538,Description non disponible depuis la recherche,Stock non disponible,ISBN non disponible,Éditeur non disponible,Date non disponible,Nombre de pages non disponible,Rang de vente non disponible,Religion,33.0,,
"Encyclopédie des dinosaures pour les enfants: Un livre entièrement illustré pour découvrir les animaux du Trias, du Jurassique et du Crétacé.",https://www.amazon.fr/Encyclop%C3%A9die-dinosaures-pour-enfants-enti%C3%A8rement/dp/B0CJLDMBW7/ref=sr_1_519,"15,99 €",Ethan S.LUKAS,"4,3 sur 5 étoiles, détails de l’évaluation",49,Broché,https://m.media-amazon.com/images/I/71DK5JCUibL._AC_UY218_.jpg,2025-09-04T08:57:06.759957,Description non disponible depuis la recherche,Stock non disponible,ISBN non disponible,Éditeur non disponible,Date non disponible,Nombre de pages non disponible,Rang de vente non disponible,Religion,33.0,,
Chouette - Maths 6e: cahier de révision et d'entraînement recommandé par les enseignants,https://www.amazon.fr/Maths-6e-cahier-r%C3%A9vision-dentra%C3%AEnement/dp/2401084975/ref=sr_1_520,"6,30 €",Gérard Bonnefond,"4,6 sur 5 étoiles, détails de l’évaluation",183,Broché,https://m.media-amazon.com/images/I/7136iK-2vIL._AC_UY218_.jpg,2025-09-04T08:57:06.762150,Description non disponible depuis la recherche,Stock non disponible,ISBN non disponible,Éditeur non disponible,Date non disponible,Nombre de pages non disponible,Rang de vente non disponible,Religion,33.0,,
"Permaculture, la bible pour débuter",https://www.amazon.fr/Permaculture-bible-pour-d%C3%A9buter-Johann/dp/2815318644/ref=sr_1_521,"24,95 €",de Johann Gis et Hugo Clément | 29 avril 2022,"4,8 sur 5 étoiles, détails de l’évaluation",165,Broché,https://m.media-amazon.com/images/I/91YjwBN3PkL._AC_UY218_.jpg,2025-09-04T08:57:06.764857,Description non disponible depuis la recherche,Stock non disponible,ISBN non disponible,Éditeur non disponible,Date non disponible,Nombre de pages non disponible,Rang de vente non disponible,Religion,33.0,,
Médecine cardio-vasculaire: Réussir son DFASM - Connaissances clés,https://www.amazon.fr/M%C3%A9decine-cardio-vasculaire-R%C3%A9ussir-DFASM-Connaissances/dp/2294776860/ref=sr_1_522,"38,50 €",de Collège National des enseignants de cardiologie et Société Française de Cardiologie | 28 septembre 2022,"4,7 sur 5 étoiles, détails de l’évaluation",87,Broché,https://m.media-amazon.com/images/I/41GBAo3kwYL._AC_UY218_.jpg,2025-09-04T08:57:06.768233,Description non disponible depuis la recherche,Stock non disponible,ISBN non disponible,Éditeur non disponible,Date non disponible,Nombre de pages non disponible,Rang de vente non disponible,Religion,33.0,,
Le petit guide de survie en Australie et Nouvelle-Zélande,https://www.amazon.fr/petit-guide-survie-Australie-Nouvelle-Z%C3%A9lande/dp/2035927331/ref=sr_1_525,"7,95 €",de Olivia Merlen | 1 mars 2017,"4,6 sur 5 étoiles, détails de l’évaluation",176,Broché,https://m.media-amazon.com/images/I/81MnMfAE2AL._AC_UY218_.jpg,2025-09-04T08:57:06.777137,Description non disponible depuis la recherche,Stock non disponible,ISBN non disponible,Éditeur non disponible,Date non disponible,Nombre de pages non disponible,Rang de vente non disponible,Religion,33.0,,
Kullo tamâm Arabe palier 1 (2005) - Manuel élève,https://www.amazon.fr/Arabe-Kullo-tam%C3%A2m-Niveau-1/dp/2206087480/ref=sr_1_526,"31,50 €",Fouad Mlih,"4,4 sur 5 étoiles, détails de l’évaluation",38,Poche,https://m.media-amazon.com/images/I/71ESPEfFGUL._AC_UY218_.jpg,2025-09-04T08:57:06.779752,Description non disponible depuis la recherche,Stock non disponible,ISBN non disponible,Éditeur non disponible,Date non disponible,Nombre de pages non disponible,Rang de vente non disponible,Religion,33.0,,
Terre des Lettres 5e - Grand format - Nouveau programme 2016,https://www.amazon.fr/Terre-Lettres-5e-Nouveau-programme/dp/2091717134/ref=sr_1_527,"27,50 €","de Jean-Charles Boilevin, Collectif, et al. | 19 avril 2016","4,6 sur 5 étoiles, détails de l’évaluation",62,Broché,https://m.media-amazon.com/images/I/61Q23Yu5OYL._AC_UY218_.jpg,2025-09-04T08:57:06.782601,Description non disponible depuis la recherche,Stock non disponible,ISBN non disponible,Éditeur non disponible,Date non disponible,Nombre de pages non disponible,Rang de vente non disponible,Religion,33.0,,
Cahier d'exercices de français CM2: Une collection conçue par Lutin Bazar,https://www.amazon.fr/Cahier-dexercices-fran%C3%A7ais-CM2-cahier/dp/221077876X/ref=sr_1_528,"5,90 €",de Edouard VINCENT et Morgane Céard | 14 février 2024,"4,5 sur 5 étoiles, détails de l’évaluation",21,Broché,https://m.media-amazon.com/images/I/61hP+YF0gzL._AC_UY218_.jpg,2025-09-04T08:57:06.785231,Description non disponible depuis la recherche,Stock non disponible,ISBN non disponible,Éditeur non disponible,Date non disponible,Nombre de pages non disponible,Rang de vente non disponible,Religion,33.0,,
Dictionnaire Le Robert & Collins collège espagnol - Nouvelle édition,https://www.amazon.fr/Dictionnaire-Robert-Collins-Coll%C3%A8ge-Espagnol/dp/2321010967/ref=sr_1_529,"17,90 €",de Collectif | 23 mai 2019,"4,7 sur 5 étoiles, détails de l’évaluation",80,Broché,https://m.media-amazon.com/images/I/71juiRXwAKL._AC_UY218_.jpg,2025-09-04T08:57:06.787835,Description non disponible depuis la recherche,Stock non disponible,ISBN non disponible,Éditeur non disponible,Date non disponible,Nombre de pages non disponible,Rang de vente non disponible,Religion,33.0,,
Apprenez facilement la langue des signes ! - Méthode illustrée pour bien débuter,https://www.amazon.fr/Apprenez-facilement-langue-signes-illustr%C3%A9e/dp/2380154864/ref=sr_1_530,"15,90 €",Chris Pavone,"4,5 sur 5 étoiles, détails de l’évaluation",378,Broché,https://m.media-amazon.com/images/I/61jOxpBxRBL._AC_UY218_.jpg,2025-09-04T08:57:06.790498,Description non disponible depuis la recherche,Stock non disponible,ISBN non disponible,Éditeur non disponible,Date non disponible,Nombre de pages non disponible,Rang de vente non disponible,Religion,33.0,,
L'Empire des Anges,https://www.amazon.fr/LEmpire-Anges-Bernard-Werber/dp/2253152072/ref=sr_1_531,"9,40 €",Bernard Werber,"4,5 sur 5 étoiles, détails de l’évaluation",1 370,Poche,https://m.media-amazon.com/images/I/71gFUA5vJtL._AC_UY218_.jpg,2025-09-04T08:57:06.793836,Description non disponible depuis la recherche,Stock non disponible,ISBN non disponible,Éditeur non disponible,Date non disponible,Nombre de pages non disponible,Rang de vente non disponible,Religion,33.0,,
"Signes et Messages de l'au-delà: Développez vos capacités extra-sensorielles, ouvrez les portes de la médiumnité pour recevoir les messages de vos guides",https://www.amazon.fr/Signes-Messages-lau-del%C3%A0-D%C3%A9veloppez-extra-sensorielles/dp/B0CKVWDQFQ/ref=sr_1_532,"14,00 €",Garance Inchauspe,"4,2 sur 5 étoiles, détails de l’évaluation",185,Broché,https://m.media-amazon.com/images/I/61bDwTRDZCL._AC_UY218_.jpg,2025-09-04T08:57:06.796203,Description non disponible depuis la recherche,Stock non disponible,ISBN non disponible,Éditeur non disponible,Date non disponible,Nombre de pages non disponible,Rang de vente non disponible,Religion,33.0,,
Changer d'état d'esprit: Une nouvelle psychologie de la réussite,https://www.amazon.fr/Changer-d%C3%A9tat-desprit-nouvelle-psychologie/dp/B08QBXQ6C8/ref=sr_1_531,"0,00 €",Livres audio Audible,"4,3 sur 5 étoiles, détails de l’évaluation",230,Livres audio Audible,https://m.media-amazon.com/images/I/81q8l0ioYPL._AC_UY218_.jpg,2025-09-04T08:57:14.491769,Description non disponible depuis la recherche,Stock non disponible,ISBN non disponible,Éditeur non disponible,Date non disponible,Nombre de pages non disponible,Rang de vente non disponible,Religion,34.0,,
"Bescherelle - Maîtriser le vocabulaire anglais contemporain (lexique thématique & exercices): lycée, classes préparatoires et université (B1-B2)",https://www.amazon.fr/Bescherelle-vocabulaire-contemporain-th%C3%A9matique-pr%C3%A9paratoires/dp/2401094342/ref=sr_1_532,"13,95 €",Michèle Malavieille,"5,0 sur 5 étoiles, détails de l’évaluation",12,Broché,https://m.media-amazon.com/images/I/71aUrxm0ODL._AC_UY218_.jpg,2025-09-04T08:57:14.494484,Description non disponible depuis la recherche,Stock non disponible,ISBN non disponible,Éditeur non disponible,Date non disponible,Nombre de pages non disponible,Rang de vente non disponible,Religion,34.0,,
Dictionnaire Allemand - Spécial Collège,https://www.amazon.fr/Dictionnaire-Allemand-Sp%C3%A9cial-Coll%C3%A8ge-Collectif/dp/2035889413/ref=sr_1_533,"14,95 €",de Collectif | 6 mars 2013,"4,6 sur 5 étoiles, détails de l’évaluation",156,Relié,https://m.media-amazon.com/images/I/81UPZsod+YL._AC_UY218_.jpg,2025-09-04T08:57:14.496988,Description non disponible depuis la recherche,Stock non disponible,ISBN non disponible,Éditeur non disponible,Date non disponible,Nombre de pages non disponible,Rang de vente non disponible,Religion,34.0,,
Harrap's Mini dictionnaire visuel Japonais,https://www.amazon.fr/Harraps-Mini-dictionnaire-visuel-Japonais/dp/2818705991/ref=sr_1_534,"7,95 €",de Collectif | 21 février 2018,"4,7 sur 5 étoiles, détails de l’évaluation",306,Broché,https://m.media-amazon.com/images/I/81+EeXOEA+L._AC_UY218_.jpg,2025-09-04T08:57:14.499492,Description non disponible depuis la recherche,Stock non disponible,ISBN non disponible,Éditeur non disponible,Date non disponible,Nombre de pages non disponible,Rang de vente non disponible,Religion,34.0,,
Astérix - Astérix et le chaudron - n°13,https://www.amazon.fr/Ast%C3%A9rix-chaudron-n%C2%B013-Ren%C3%A9-Goscinny/dp/2012101453/ref=sr_1_535,"10,90 €",René Goscinny,"4,8 sur 5 étoiles, détails de l’évaluation",651,Relié,https://m.media-amazon.com/images/I/81o53A--e8L._AC_UY218_.jpg,2025-09-04T08:57:14.502923,Description non disponible depuis la recherche,Stock non disponible,ISBN non disponible,Éditeur non disponible,Date non disponible,Nombre de pages non disponible,Rang de vente non disponible,Religion,34.0,,
One Piece - Édition originale - Tome 90,https://www.amazon.fr/One-Piece-%C3%89dition-originale-90/dp/2344033599/ref=sr_1_536,"7,20 €",Eiichiro Oda,"4,8 sur 5 étoiles, détails de l’évaluation",648,Broché,https://m.media-amazon.com/images/I/91QhHIgTk2L._AC_UY218_.jpg,2025-09-04T08:57:14.505583,Description non disponible depuis la recherche,Stock non disponible,ISBN non disponible,Éditeur non disponible,Date non disponible,Nombre de pages non disponible,Rang de vente non disponible,Religion,34.0,,
Epreuve écrite disciplinaire: La composition,https://www.amazon.fr/Epreuve-%C3%A9crite-disciplinaire-Wendy-Cutler/dp/2340104947/ref=sr_1_537,"24,00 €","de Wendy Cutler, Leslie de Bont, et al. | 26 août 2025",Note non disponible,0 avis,Broché,https://m.media-amazon.com/images/I/61SIm694l3L._AC_UY218_.jpg,2025-09-04T08:57:14.509224,Description non disponible depuis la recherche,Stock non disponible,ISBN non disponible,Éditeur non disponible,Date non disponible,Nombre de pages non disponible,Rang de vente non disponible,Religion,34.0,,
Le Larousse médical,https://www.amazon.fr/Larousse-m%C3%A9dical-Jean-Pierre-Wainsten/dp/2036025951/ref=sr_1_538,"59,90 €",de Collectif | 12 octobre 2022,"4,9 sur 5 étoiles, détails de l’évaluation",55,Relié,https://m.media-amazon.com/images/I/71HMRH0XW6L._AC_UY218_.jpg,2025-09-04T08:57:14.511767,Description non disponible depuis la recherche,Stock non disponible,ISBN non disponible,Éditeur non disponible,Date non disponible,Nombre de pages non disponible,Rang de vente non disponible,Religion,34.0,,
Agenda de bord 2025/2026 professeur d’Histoire Géographie EMC: Carnet de bord A4 pour les enseignants,https://www.amazon.fr/Agenda-bord-professeur-dHistoire-G%C3%A9ographie/dp/9403794178/ref=sr_1_541,"11,90 €",Gringolivier editions,"5,0 sur 5 étoiles, détails de l’évaluation",1,Broché,https://m.media-amazon.com/images/I/71bOEFOL3kL._AC_UY218_.jpg,2025-09-04T08:57:14.519955,Description non disponible depuis la recherche,Stock non disponible,ISBN non disponible,Éditeur non disponible,Date non disponible,Nombre de pages non disponible,Rang de vente non disponible,Religion,34.0,,
Mémo anglais A2-B1 (collège) - édition 2020,https://www.amazon.fr/M%C3%A9mo-anglais-A2-B1-coll%C3%A8ge-%C3%A9dition/dp/2362463508/ref=sr_1_542,"6,30 €",Elise Peizerat,"4,7 sur 5 étoiles, détails de l’évaluation",72,Broché,https://m.media-amazon.com/images/I/71AVTBJyBDL._AC_UY218_.jpg,2025-09-04T08:57:14.521860,Description non disponible depuis la recherche,Stock non disponible,ISBN non disponible,Éditeur non disponible,Date non disponible,Nombre de pages non disponible,Rang de vente non disponible,Religion,34.0,,
"Game Changer : On se cherche, on se trouve",https://www.amazon.fr/Game-Changer-cherche-Rita-Badraoui/dp/B0CNHF7KQJ/ref=sr_1_543,"14,90 €",Rita Badraoui,"4,3 sur 5 étoiles, détails de l’évaluation",139,Broché,https://m.media-amazon.com/images/I/61RbIh3GfkL._AC_UY218_.jpg,2025-09-04T08:57:14.524478,Description non disponible depuis la recherche,Stock non disponible,ISBN non disponible,Éditeur non disponible,Date non disponible,Nombre de pages non disponible,Rang de vente non disponible,Religion,34.0,,
Le guide officiel du test Cambridge English Certificate (Niveau B2),https://www.amazon.fr/officiel-Cambridge-English-Certificate-Niveau/dp/2017082821/ref=sr_1_544,"14,90 €","de Cambridge Assessment English, Cambridge University Press, et al. | 3 juillet 2019","4,6 sur 5 étoiles, détails de l’évaluation",161,Broché,https://m.media-amazon.com/images/I/71rK+yItgwL._AC_UY218_.jpg,2025-09-04T08:57:14.527145,Description non disponible depuis la recherche,Stock non disponible,ISBN non disponible,Éditeur non disponible,Date non disponible,Nombre de pages non disponible,Rang de vente non disponible,Religion,34.0,,
"Encyclopédie Du Corps Humain Pour Enfants: Découvre ton anatomie, le squelette, les organes, les muscles, les cinq sens, les émotions… Avec activités et Quiz pour s'amuser",https://www.amazon.fr/Encyclop%C3%A9die-Corps-Humain-Pour-Enfants/dp/B09WHQCQC3/ref=sr_1_545,"11,95 €",Relative Editions,"4,5 sur 5 étoiles, détails de l’évaluation",108,Broché,https://m.media-amazon.com/images/I/71+YY2ktdgL._AC_UY218_.jpg,2025-09-04T08:57:14.529359,Description non disponible depuis la recherche,Stock non disponible,ISBN non disponible,Éditeur non disponible,Date non disponible,Nombre de pages non disponible,Rang de vente non disponible,Religion,34.0,,
Le mot et l’idée 2 – espagnol,https://www.amazon.fr/mot-lid%C3%A9e-2-espagnol/dp/2708016563/ref=sr_1_546,"18,95 €",de Éric Freysselinard | 21 mars 2023,"4,8 sur 5 étoiles, détails de l’évaluation",17,Relié,https://m.media-amazon.com/images/I/61BW36aKjdL._AC_UY218_.jpg,2025-09-04T08:57:14.531908,Description non disponible depuis la recherche,Stock non disponible,ISBN non disponible,Éditeur non disponible,Date non disponible,Nombre de pages non disponible,Rang de vente non disponible,Religion,34.0,,
"Tout l'anglais aux concours - 3e éd: Concours écoles de commerce ,d'ingénieur, sciences Po et IEP",https://www.amazon.fr/Tout-langlais-aux-concours-ding%C3%A9nieur/dp/2200638787/ref=sr_1_547,"23,90 €",Eddy Chevalier,"3,7 sur 5 étoiles, détails de l’évaluation",4,Broché,https://m.media-amazon.com/images/I/61-TWzaEyML._AC_UY218_.jpg,2025-09-04T08:57:14.534714,Description non disponible depuis la recherche,Stock non disponible,ISBN non disponible,Éditeur non disponible,Date non disponible,Nombre de pages non disponible,Rang de vente non disponible,Religion,34.0,,
L'architecture d'intérieur: Un guide pratique de référence,https://www.amazon.fr/Larchitecture-dint%C3%A9rieur-guide-pratique-r%C3%A9f%C3%A9rence/dp/2350174581/ref=sr_1_548,"28,00 €","de Chris Grimley, Mimi Love, et al. | 7 novembre 2019","4,6 sur 5 étoiles, détails de l’évaluation",340,Broché,https://m.media-amazon.com/images/I/71HZjYn+mML._AC_UY218_.jpg,2025-09-04T08:57:14.537414,Description non disponible depuis la recherche,Stock non disponible,ISBN non disponible,Éditeur non disponible,Date non disponible,Nombre de pages non disponible,Rang de vente non disponible,Religion,34.0,,
Tout le Diplôme Infirmier en fiches mémos - DEI - UE 1.1 à 6.2 - IFSI - Entrainement révision 3e Ed,https://www.amazon.fr/Tout-Dipl%C3%B4me-Infirmier-fiches-m%C3%A9mos/dp/221617128X/ref=sr_1_547,"29,95 €",de Collectif | 3 avril 2024,"4,9 sur 5 étoiles, détails de l’évaluation",17,Broché,https://m.media-amazon.com/images/I/61XFlXdCVxL._AC_UY218_.jpg,2025-09-04T08:57:24.405033,Description non disponible depuis la recherche,Stock non disponible,ISBN non disponible,Éditeur non disponible,Date non disponible,Nombre de pages non disponible,Rang de vente non disponible,Religion,35.0,,
Bescherelle - L'orthographe pour tous (nouvelle édition): pour écrire un français sans fautes,https://www.amazon.fr/Bescherelle-Lorthographe-nouvelle-%C3%A9dition-fran%C3%A7ais/dp/2401104763/ref=sr_1_548,"10,50 €",Aurore Ponsonnet,"4,3 sur 5 étoiles, détails de l’évaluation",13,Broché,https://m.media-amazon.com/images/I/61bXKHCAgkL._AC_UY218_.jpg,2025-09-04T08:57:24.407775,Description non disponible depuis la recherche,Stock non disponible,ISBN non disponible,Éditeur non disponible,Date non disponible,Nombre de pages non disponible,Rang de vente non disponible,Religion,35.0,,
L'induction en Hypnose: Construisez pas à pas des inductions efficaces,https://www.amazon.fr/Linduction-Hypnose-Construisez-inductions-efficaces/dp/B0BF2ZR359/ref=sr_1_549,"29,54 €",JORDAN VEROT,"4,7 sur 5 étoiles, détails de l’évaluation",232,Broché,https://m.media-amazon.com/images/I/61Zj6VxchfL._AC_UY218_.jpg,2025-09-04T08:57:24.409674,Description non disponible depuis la recherche,Stock non disponible,ISBN non disponible,Éditeur non disponible,Date non disponible,Nombre de pages non disponible,Rang de vente non disponible,Religion,35.0,,
La Clef vers l'Autolibération - Origines psychologiques de 1000 maladies,https://www.amazon.fr/Clef-vers-lAutolib%C3%A9ration-Origines-psychologiques/dp/9075849044/ref=sr_1_550,"59,00 €",Christiane Beerlandt,"4,6 sur 5 étoiles, détails de l’évaluation",310,Relié,https://m.media-amazon.com/images/I/71M6vFSC0LL._AC_UY218_.jpg,2025-09-04T08:57:24.411764,Description non disponible depuis la recherche,Stock non disponible,ISBN non disponible,Éditeur non disponible,Date non disponible,Nombre de pages non disponible,Rang de vente non disponible,Religion,35.0,,
Les mille premiers mots en anglais - Usborne - dès 5 ans,https://www.amazon.fr/mille-premiers-mots-anglais/dp/1409570916/ref=sr_1_551,"10,00 €",Heather Amery,"4,7 sur 5 étoiles, détails de l’évaluation",336,Broché,https://m.media-amazon.com/images/I/715PBgH-Y5L._AC_UY218_.jpg,2025-09-04T08:57:24.414227,Description non disponible depuis la recherche,Stock non disponible,ISBN non disponible,Éditeur non disponible,Date non disponible,Nombre de pages non disponible,Rang de vente non disponible,Religion,35.0,,
Dictionnaire Hachette Espagnol POCHE,https://www.amazon.fr/Dictionnaire-Hachette-POCHE-Espagnol-Collectif/dp/2014006830/ref=sr_1_552,"7,90 €",de Collectif | 7 juin 2023,"4,5 sur 5 étoiles, détails de l’évaluation",7,Broché,https://m.media-amazon.com/images/I/81jtkZxqgVL._AC_UY218_.jpg,2025-09-04T08:57:24.416680,Description non disponible depuis la recherche,Stock non disponible,ISBN non disponible,Éditeur non disponible,Date non disponible,Nombre de pages non disponible,Rang de vente non disponible,Religion,35.0,,
Géographie CM2 (+ CD-Rom) - Nouvelle édition avec évaluations: EDITION 2018,https://www.amazon.fr/G%C3%A9ographie-CM2-CD-Rom-Nouvelle-%C3%A9valuations/dp/2725636027/ref=sr_1_553,"63,00 €",Alexandra Baudinault,"4,5 sur 5 étoiles, détails de l’évaluation",53,Broché,https://m.media-amazon.com/images/I/61vtCg5reJL._AC_UY218_.jpg,2025-09-04T08:57:24.418795,Description non disponible depuis la recherche,Stock non disponible,ISBN non disponible,Éditeur non disponible,Date non disponible,Nombre de pages non disponible,Rang de vente non disponible,Religion,35.0,,
Bescherelle - Italien : les verbes: la référence sur la conjugaison italienne,https://www.amazon.fr/Bescherelle-italien-verbes-M/dp/2218926180/ref=sr_1_554,"11,50 €",Luciano Cappelletti,"4,7 sur 5 étoiles, détails de l’évaluation",319,Broché,https://m.media-amazon.com/images/I/61doQW5mjqL._AC_UY218_.jpg,2025-09-04T08:57:24.421578,Description non disponible depuis la recherche,Stock non disponible,ISBN non disponible,Éditeur non disponible,Date non disponible,Nombre de pages non disponible,Rang de vente non disponible,Religion,35.0,,
Bescherelle - Portugais : les verbes: la référence sur la conjugaison portugaise,https://www.amazon.fr/Portugais-verbes-N-Anido-Freire/dp/221893177X/ref=sr_1_557,"11,50 €",Naiade-Anido Freire,"4,7 sur 5 étoiles, détails de l’évaluation",314,Broché,https://m.media-amazon.com/images/I/61WViF99O9L._AC_UY218_.jpg,2025-09-04T08:57:24.430580,Description non disponible depuis la recherche,Stock non disponible,ISBN non disponible,Éditeur non disponible,Date non disponible,Nombre de pages non disponible,Rang de vente non disponible,Religion,35.0,,
L'Atelier de Lecture CE1,https://www.amazon.fr/LAtelier-Lecture-CE1-Olivier-Dartois/dp/2091224375/ref=sr_1_558,"7,95 €","de Alain Bentolila, Collectif, et al. | 30 août 2012","4,7 sur 5 étoiles, détails de l’évaluation",210,Broché,https://m.media-amazon.com/images/I/61oHi9FzlxL._AC_UY218_.jpg,2025-09-04T08:57:24.433181,Description non disponible depuis la recherche,Stock non disponible,ISBN non disponible,Éditeur non disponible,Date non disponible,Nombre de pages non disponible,Rang de vente non disponible,Religion,35.0,,
Le Prince de Machiavel: Texte Original Intégral - Un Classique À Lire Au Moins Une Fois Dans Sa Vie,https://www.amazon.fr/Prince-Machiavel-Original-Int%C3%A9gral-Classique/dp/B0FHDVPGM6/ref=sr_1_559,"9,99 €",de Nicolas Machiavel et Jean Vincent Périès | 11 juillet 2025,Note non disponible,0 avis,Broché,https://m.media-amazon.com/images/I/61ZBJW2-FqL._AC_UY218_.jpg,2025-09-04T08:57:24.435619,Description non disponible depuis la recherche,Stock non disponible,ISBN non disponible,Éditeur non disponible,Date non disponible,Nombre de pages non disponible,Rang de vente non disponible,Religion,35.0,,
Éloge de la fuite,https://www.amazon.fr/%C3%89loge-fuite-Henri-Laborit/dp/2070322831/ref=sr_1_560,"9,50 €",Henri Laborit,"4,5 sur 5 étoiles, détails de l’évaluation",441,Poche,https://m.media-amazon.com/images/I/81RXAPGCGPL._AC_UY218_.jpg,2025-09-04T08:57:24.437661,Description non disponible depuis la recherche,Stock non disponible,ISBN non disponible,Éditeur non disponible,Date non disponible,Nombre de pages non disponible,Rang de vente non disponible,Religion,35.0,,
Astérix - La zizanie - n°15,https://www.amazon.fr/Ast%C3%A9rix-zizanie-n%C2%B015-Ren%C3%A9-Goscinny/dp/201210147X/ref=sr_1_561,"10,90 €",René Goscinny,"4,8 sur 5 étoiles, détails de l’évaluation",643,Relié,https://m.media-amazon.com/images/I/81+Na+1bozL._AC_UY218_.jpg,2025-09-04T08:57:24.440449,Description non disponible depuis la recherche,Stock non disponible,ISBN non disponible,Éditeur non disponible,Date non disponible,Nombre de pages non disponible,Rang de vente non disponible,Religion,35.0,,
Complete Key for Schools Student's Book without Answers with Online Practice,https://www.amazon.fr/Complete-Schools-Students-without-Practice/dp/1108539335/ref=sr_1_562,"33,33 €",David McKeegan,"4,7 sur 5 étoiles, détails de l’évaluation",326,Coffret produits,https://m.media-amazon.com/images/I/61JbZ9-uToL._AC_UY218_.jpg,2025-09-04T08:57:24.442779,Description non disponible depuis la recherche,Stock non disponible,ISBN non disponible,Éditeur non disponible,Date non disponible,Nombre de pages non disponible,Rang de vente non disponible,Religion,35.0,,
Pack étudiant essentiel L1 2026,https://www.amazon.fr/Pack-%C3%A9tudiant-essentiel-L1-2026/dp/2711042774/ref=sr_1_563,"35,00 €","de Jean-Jacques Ansault, Charlotte Goldie-Genicon, et al. | 25 juin 2025",Note non disponible,0 avis,Relié,https://m.media-amazon.com/images/I/713NHus7GXL._AC_UY218_.jpg,2025-09-04T08:57:24.445452,Description non disponible depuis la recherche,Stock non disponible,ISBN non disponible,Éditeur non disponible,Date non disponible,Nombre de pages non disponible,Rang de vente non disponible,Religion,35.0,,
"Le Voyageur sans bagage, suivi de Le Bal des voleurs",https://www.amazon.fr/Voyageur-sans-bagage-suivi-voleurs/dp/2070367592/ref=sr_1_564,"8,00 €",Jean Anouilh,"4,5 sur 5 étoiles, détails de l’évaluation",306,Poche,https://m.media-amazon.com/images/I/71QUCIT10TL._AC_UY218_.jpg,2025-09-04T08:57:24.447541,Description non disponible depuis la recherche,Stock non disponible,ISBN non disponible,Éditeur non disponible,Date non disponible,Nombre de pages non disponible,Rang de vente non disponible,Religion,35.0,,
Vocabulaire anglais courant,https://www.amazon.fr/Vocabulaire-anglais-courant-Jean-Bernard-Piat/dp/2290170194/ref=sr_1_563,"3,00 €",Jean-Bernard Piat,"4,5 sur 5 étoiles, détails de l’évaluation",440,Poche,https://m.media-amazon.com/images/I/616oGtpWiiL._AC_UY218_.jpg,2025-09-04T08:57:35.295642,Description non disponible depuis la recherche,Stock non disponible,ISBN non disponible,Éditeur non disponible,Date non disponible,Nombre de pages non disponible,Rang de vente non disponible,Religion,36.0,,
ABC DELF - Niveau A2 - 3ème édition: Audio en ligne et version numérique 100% interactive incluse,https://www.amazon.fr/ABC-DELF-%C3%A9dition-num%C3%A9rique-interactive/dp/2090398027/ref=sr_1_564,"18,60 €",de Jugurta Bentifraouine et David Clément Davies | 6 mai 2025,"5,0 sur 5 étoiles, détails de l’évaluation",1,Broché,https://m.media-amazon.com/images/I/61S3q42EZFL._AC_UY218_.jpg,2025-09-04T08:57:35.298086,Description non disponible depuis la recherche,Stock non disponible,ISBN non disponible,Éditeur non disponible,Date non disponible,Nombre de pages non disponible,Rang de vente non disponible,Religion,36.0,,
Mon cahier d'orthographe facile ! adapté aux enfants DYS ou en difficulté d'apprentissage CM1-CM2: 9 - 11 ans,https://www.amazon.fr/Mon-cahier-dorthographe-facile-CM1-CM2/dp/2401084835/ref=sr_1_565,"7,95 €",Evelyne Barge,"4,7 sur 5 étoiles, détails de l’évaluation",64,Broché,https://m.media-amazon.com/images/I/71vG2UBo6FL._AC_UY218_.jpg,2025-09-04T08:57:35.301123,Description non disponible depuis la recherche,Stock non disponible,ISBN non disponible,Éditeur non disponible,Date non disponible,Nombre de pages non disponible,Rang de vente non disponible,Religion,36.0,,
English Grammar in Use Book with Answers and Interactive eBook: A Self-study Reference and Practice Book for Intermediate Learners of English,https://www.amazon.fr/English-Grammar-Answers-Interactive-eBook/dp/1108586627/ref=sr_1_566,"43,07 €",Raymond Murphy,"4,6 sur 5 étoiles, détails de l’évaluation",2 338,Coffret produits,https://m.media-amazon.com/images/I/61Ydh6JWm-L._AC_UY218_.jpg,2025-09-04T08:57:35.303520,Description non disponible depuis la recherche,Stock non disponible,ISBN non disponible,Éditeur non disponible,Date non disponible,Nombre de pages non disponible,Rang de vente non disponible,Religion,36.0,,
Grammatik aktiv: U>bungsgrammatik inkl. PagePlayer-App - new edition 2023,https://www.amazon.fr/Grammatik-aktiv-A1-B1-%C3%9Cbungsgrammatik-PagePlayer-App/dp/3061229647/ref=sr_1_567,"22,99 €",Friederike Jin,"4,7 sur 5 étoiles, détails de l’évaluation",1 320,Broché,https://m.media-amazon.com/images/I/51AmI-ggt+L._AC_UY218_.jpg,2025-09-04T08:57:35.306575,Description non disponible depuis la recherche,Stock non disponible,ISBN non disponible,Éditeur non disponible,Date non disponible,Nombre de pages non disponible,Rang de vente non disponible,Religion,36.0,,
Les petits devoirs - Conjugaison CM1,https://www.amazon.fr/petits-devoirs-Conjugaison-CM1/dp/2369408014/ref=sr_1_568,"6,95 €",Brigitte Guigui,"4,7 sur 5 étoiles, détails de l’évaluation",54,Broché,https://m.media-amazon.com/images/I/41JsB8OQ3iL._AC_UY218_.jpg,2025-09-04T08:57:35.308755,Description non disponible depuis la recherche,Stock non disponible,ISBN non disponible,Éditeur non disponible,Date non disponible,Nombre de pages non disponible,Rang de vente non disponible,Religion,36.0,,
"L'espagnol de A à Z: grammaire, conjugaison & difficultés de traduction",https://www.amazon.fr/Lespagnol-grammaire-conjugaison-difficult%C3%A9s-traduction/dp/2401086161/ref=sr_1_569,"13,50 €",de Claude Mariani et Daniel Vassiviere | 15 juin 2022,"4,2 sur 5 étoiles, détails de l’évaluation",25,Broché,https://m.media-amazon.com/images/I/81mpkAFAaaL._AC_UY218_.jpg,2025-09-04T08:57:35.312108,Description non disponible depuis la recherche,Stock non disponible,ISBN non disponible,Éditeur non disponible,Date non disponible,Nombre de pages non disponible,Rang de vente non disponible,Religion,36.0,,
"J'apprends l'italien autrement - niveau débutant: 80 cartes mentales pour apprendre facilement la grammaire, la conjugaison et le vocabulaire italiens !",https://www.amazon.fr/Japprends-litalien-autrement-conjugaison-vocabulaire/dp/2416003062/ref=sr_1_570,"24,90 €",Stéphanie Eleaume Lachaud,"4,6 sur 5 étoiles, détails de l’évaluation",80,Broché,https://m.media-amazon.com/images/I/71U6kEqyIoL._AC_UY218_.jpg,2025-09-04T08:57:35.314143,Description non disponible depuis la recherche,Stock non disponible,ISBN non disponible,Éditeur non disponible,Date non disponible,Nombre de pages non disponible,Rang de vente non disponible,Religion,36.0,,
Astérix - Astérix chez les Pictes - n°35,https://www.amazon.fr/Ast%C3%A9rix-chez-Pictes-Ren%C3%A9-Goscinny/dp/2864972662/ref=sr_1_573,"10,90 €","de René Goscinny, Albert Uderzo, et al. | 24 octobre 2013","4,6 sur 5 étoiles, détails de l’évaluation",1 579,Relié,https://m.media-amazon.com/images/I/91GQW6xRizL._AC_UY218_.jpg,2025-09-04T08:57:35.323905,Description non disponible depuis la recherche,Stock non disponible,ISBN non disponible,Éditeur non disponible,Date non disponible,Nombre de pages non disponible,Rang de vente non disponible,Religion,36.0,,
"contemplations, Les",https://www.amazon.fr/contemplations-Victor-Hugo-ebook/dp/B005R8GQJO/ref=sr_1_574,"0,00 €",Victor Hugo,"4,6 sur 5 étoiles, détails de l’évaluation",989,Format Kindle,https://m.media-amazon.com/images/I/91FsLKvWepL._AC_UY218_.jpg,2025-09-04T08:57:35.332523,Description non disponible depuis la recherche,Stock non disponible,ISBN non disponible,Éditeur non disponible,Date non disponible,Nombre de pages non disponible,Rang de vente non disponible,Religion,36.0,,
Physique PC/PC*,https://www.amazon.fr/Physique-PC-R%C3%A9gis-Bourdin/dp/2340066840/ref=sr_1_575,"49,00 €","de Régis Bourdin, Ludovic Menguy, et al. | 17 mai 2022","4,2 sur 5 étoiles, détails de l’évaluation",15,Broché,https://m.media-amazon.com/images/I/61sJUjhfy1L._AC_UY218_.jpg,2025-09-04T08:57:35.336511,Description non disponible depuis la recherche,Stock non disponible,ISBN non disponible,Éditeur non disponible,Date non disponible,Nombre de pages non disponible,Rang de vente non disponible,Religion,36.0,,
Dragon Ball Super - Tome 03,https://www.amazon.fr/Dragon-Ball-Super-Akira-Toriyama/dp/2344027556/ref=sr_1_576,"7,20 €",Akira Toriyama,"4,8 sur 5 étoiles, détails de l’évaluation",1 428,Broché,https://m.media-amazon.com/images/I/91ibg+JqQ5L._AC_UY218_.jpg,2025-09-04T08:57:35.339855,Description non disponible depuis la recherche,Stock non disponible,ISBN non disponible,Éditeur non disponible,Date non disponible,Nombre de pages non disponible,Rang de vente non disponible,Religion,36.0,,
Agenda Animaux trop mignons 2025-2026,https://www.amazon.fr/Agenda-Animaux-trop-mignons-2025-2026/dp/2385430754/ref=sr_1_577,Prix non disponible,de Collectif | 5 juin 2025,"5,0 sur 5 étoiles, détails de l’évaluation",3,Relié,https://m.media-amazon.com/images/I/41pPnBucX8L._AC_UY218_.jpg,2025-09-04T08:57:35.342368,Description non disponible depuis la recherche,Stock non disponible,ISBN non disponible,Éditeur non disponible,Date non disponible,Nombre de pages non disponible,Rang de vente non disponible,Religion,36.0,,
Dictionnaire d'Economie et de Sciences Sociales et Politiques (SES et HGGSP) - Edition 2026 - Bac et études supérieures - Données statistiques actualisées,https://www.amazon.fr/Dictionnaire-dEconomie-Sciences-Sociales-Politiques/dp/2095050169/ref=sr_1_578,"14,95 €",Franck Bazureau,"3,8 sur 5 étoiles, détails de l’évaluation",4,Broché,https://m.media-amazon.com/images/I/61LK918-+7L._AC_UY218_.jpg,2025-09-04T08:57:35.345455,Description non disponible depuis la recherche,Stock non disponible,ISBN non disponible,Éditeur non disponible,Date non disponible,Nombre de pages non disponible,Rang de vente non disponible,Religion,36.0,,
Destination B2. Grammar; Vocabulary / Student's Book with Key,https://www.amazon.fr/Destination-Grammar-Vocabulary-Students-Book/dp/3190429553/ref=sr_1_579,"34,51 €",Malcolm Mann,"4,6 sur 5 étoiles, détails de l’évaluation",475,Broché,https://m.media-amazon.com/images/I/41DRjpPfZmL._AC_UY218_.jpg,2025-09-04T08:57:35.347918,Description non disponible depuis la recherche,Stock non disponible,ISBN non disponible,Éditeur non disponible,Date non disponible,Nombre de pages non disponible,Rang de vente non disponible,Religion,36.0,,
Le grand Larousse du vin,https://www.amazon.fr/grand-Larousse-du-vin/dp/2035959675/ref=sr_1_580,"39,95 €",de Collectif | 22 août 2018,"4,7 sur 5 étoiles, détails de l’évaluation",339,Relié,https://m.media-amazon.com/images/I/71yoTtfIsQL._AC_UY218_.jpg,2025-09-04T08:57:35.350776,Description non disponible depuis la recherche,Stock non disponible,ISBN non disponible,Éditeur non disponible,Date non disponible,Nombre de pages non disponible,Rang de vente non disponible,Religion,36.0,,
L'Île noire,https://www.amazon.fr/L%C3%8Ele-noire-Herg%C3%A9/dp/2203001062/ref=sr_1_579,"12,50 €",Hergé,"4,8 sur 5 étoiles, détails de l’évaluation",841,Broché,https://m.media-amazon.com/images/I/81y5NsS-RLL._AC_UY218_.jpg,2025-09-04T08:57:47.371593,Description non disponible depuis la recherche,Stock non disponible,ISBN non disponible,Éditeur non disponible,Date non disponible,Nombre de pages non disponible,Rang de vente non disponible,Religion,37.0,,
L'infirmière de bloc opératoire 6e éd.,https://www.amazon.fr/Linfirmi%C3%A8re-bloc-op%C3%A9ratoire-Collectif/dp/2224035438/ref=sr_1_580,"56,00 €",Guy Samama,"4,5 sur 5 étoiles, détails de l’évaluation",149,Broché,https://m.media-amazon.com/images/I/41CMY+oP73L._AC_UY218_.jpg,2025-09-04T08:57:47.373613,Description non disponible depuis la recherche,Stock non disponible,ISBN non disponible,Éditeur non disponible,Date non disponible,Nombre de pages non disponible,Rang de vente non disponible,Religion,37.0,,
Cahier de Français 6e éd. 2020 - Cahier de l'élève,https://www.amazon.fr/Cahier-Fran%C3%A7ais-6e-%C3%A9d-2020/dp/2401062785/ref=sr_1_581,"7,20 €",Annie Lomné,"4,7 sur 5 étoiles, détails de l’évaluation",1 077,Broché,https://m.media-amazon.com/images/I/71ZACRuzQpL._AC_UY218_.jpg,2025-09-04T08:57:47.375593,Description non disponible depuis la recherche,Stock non disponible,ISBN non disponible,Éditeur non disponible,Date non disponible,Nombre de pages non disponible,Rang de vente non disponible,Religion,37.0,,
Mais...Qui est Allah?: (Islam pour enfants),https://www.amazon.fr/Mais-Qui-est-Allah-enfants/dp/1988779170/ref=sr_1_582,"10,95 €",Bachar Karroum,"4,6 sur 5 étoiles, détails de l’évaluation",740,Broché,https://m.media-amazon.com/images/I/41CEDhF8NhL._AC_UY218_.jpg,2025-09-04T08:57:47.378073,Description non disponible depuis la recherche,Stock non disponible,ISBN non disponible,Éditeur non disponible,Date non disponible,Nombre de pages non disponible,Rang de vente non disponible,Religion,37.0,,
Astérix - Astérix en hispanie - n°14,https://www.amazon.fr/Ast%C3%A9rix-en-hispanie-n%C2%B014/dp/2012101461/ref=sr_1_583,"10,90 €",René Goscinny,"4,8 sur 5 étoiles, détails de l’évaluation",644,Broché,https://m.media-amazon.com/images/I/81aeRQvN+LL._AC_UY218_.jpg,2025-09-04T08:57:47.381397,Description non disponible depuis la recherche,Stock non disponible,ISBN non disponible,Éditeur non disponible,Date non disponible,Nombre de pages non disponible,Rang de vente non disponible,Religion,37.0,,
Dictionnaire de Géopolitique - Nouvelle édition 2024,https://www.amazon.fr/Dictionnaire-G%C3%A9opolitique-Nouvelle-%C3%A9dition-2024/dp/240111260X/ref=sr_1_584,"16,50 €",de Stéphanie Beucher et Annette Ciattoni | 21 août 2024,"5,0 sur 5 étoiles, détails de l’évaluation",2,Broché,https://m.media-amazon.com/images/I/716LjEcBWWL._AC_UY218_.jpg,2025-09-04T08:57:47.383976,Description non disponible depuis la recherche,Stock non disponible,ISBN non disponible,Éditeur non disponible,Date non disponible,Nombre de pages non disponible,Rang de vente non disponible,Religion,37.0,,
Bled Italien Tout en Un,https://www.amazon.fr/Bled-Italien-Tout-Dani%C3%A8le-Gas/dp/2017151122/ref=sr_1_585,"12,90 €",Danièle Gas,"4,6 sur 5 étoiles, détails de l’évaluation",227,Broché,https://m.media-amazon.com/images/I/71G+a38G04S._AC_UY218_.jpg,2025-09-04T08:57:47.386066,Description non disponible depuis la recherche,Stock non disponible,ISBN non disponible,Éditeur non disponible,Date non disponible,Nombre de pages non disponible,Rang de vente non disponible,Religion,37.0,,
"Tous les pays, capitales et drapeaux du monde: (Guide des Drapeaux)",https://www.amazon.fr/Tous-pays-capitales-drapeaux-monde/dp/B085KJS57X/ref=sr_1_586,"10,99 €",Enfants intelligents,"4,4 sur 5 étoiles, détails de l’évaluation",402,Broché,https://m.media-amazon.com/images/I/71N8tq69kiL._AC_UY218_.jpg,2025-09-04T08:57:47.387947,Description non disponible depuis la recherche,Stock non disponible,ISBN non disponible,Éditeur non disponible,Date non disponible,Nombre de pages non disponible,Rang de vente non disponible,Religion,37.0,,
Le Nouveau Bescherelle. L' Art de conjuguer Dictionnaire de verbes francais (Édition Allemande),https://www.amazon.fr/Nouveau-Bescherelle-L-Art/dp/3425067710/ref=sr_1_589,"17,95 €",de olaf-hahn | 1 janvier 2000,"4,5 sur 5 étoiles, détails de l’évaluation",149,Relié,https://m.media-amazon.com/images/I/71t7TL6AiTL._AC_UY218_.jpg,2025-09-04T08:57:47.397017,Description non disponible depuis la recherche,Stock non disponible,ISBN non disponible,Éditeur non disponible,Date non disponible,Nombre de pages non disponible,Rang de vente non disponible,Religion,37.0,,
La révolution des fourmis,https://www.amazon.fr/r%C3%A9volution-fourmis-Bernard-Werber/dp/2253144452/ref=sr_1_590,"10,40 €",Bernard Werber,"4,5 sur 5 étoiles, détails de l’évaluation",639,Poche,https://m.media-amazon.com/images/I/717+ycrvQRL._AC_UY218_.jpg,2025-09-04T08:57:47.400377,Description non disponible depuis la recherche,Stock non disponible,ISBN non disponible,Éditeur non disponible,Date non disponible,Nombre de pages non disponible,Rang de vente non disponible,Religion,37.0,,
Atlas routiers : Grand Paris et Banlieue,https://www.amazon.fr/Atlas-routiers-Grand-Paris-Banlieue/dp/2707204595/ref=sr_1_591,"29,90 €",de Atlas Indispensable | 5 septembre 2002,"4,6 sur 5 étoiles, détails de l’évaluation",175,Broché,https://m.media-amazon.com/images/I/91I1l46+zyL._AC_UY218_.jpg,2025-09-04T08:57:47.402858,Description non disponible depuis la recherche,Stock non disponible,ISBN non disponible,Éditeur non disponible,Date non disponible,Nombre de pages non disponible,Rang de vente non disponible,Religion,37.0,,
Petit Larousse illustré 2025,https://www.amazon.fr/Petit-Larousse-illustr%C3%A9-2025-COLLECTIF/dp/2036022200/ref=sr_1_592,"32,95 €",de COLLECTIF | 22 mai 2024,"4,7 sur 5 étoiles, détails de l’évaluation",138,Relié,https://m.media-amazon.com/images/I/81DfFKQFkSL._AC_UY218_.jpg,2025-09-04T08:57:47.405226,Description non disponible depuis la recherche,Stock non disponible,ISBN non disponible,Éditeur non disponible,Date non disponible,Nombre de pages non disponible,Rang de vente non disponible,Religion,37.0,,
Bretagne Nord - Le sentier des douaniers GR34 (89028),https://www.amazon.fr/Bretagne-Nord-sentier-douaniers-89028/dp/2758551276/ref=sr_1_593,"9,30 €",Carte,"4,6 sur 5 étoiles, détails de l’évaluation",116,Carte,https://m.media-amazon.com/images/I/813+c98RF0L._AC_UY218_.jpg,2025-09-04T08:57:47.407056,Description non disponible depuis la recherche,Stock non disponible,ISBN non disponible,Éditeur non disponible,Date non disponible,Nombre de pages non disponible,Rang de vente non disponible,Religion,37.0,,
Essential Grammar in Use Book with Answers and Interactive ebook French Edition,https://www.amazon.fr/Essential-Grammar-Answers-Interactive-French/dp/1316505294/ref=sr_1_594,"40,36 €",Martine Hennard-Dutheil de la Rochère,"4,6 sur 5 étoiles, détails de l’évaluation",298,Broché,https://m.media-amazon.com/images/I/61rO+E8a5IL._AC_UY218_.jpg,2025-09-04T08:57:47.410149,Description non disponible depuis la recherche,Stock non disponible,ISBN non disponible,Éditeur non disponible,Date non disponible,Nombre de pages non disponible,Rang de vente non disponible,Religion,37.0,,
Les petits devoirs - Conjugaison CM2,https://www.amazon.fr/petits-devoirs-Conjugaison-CM2/dp/2369408111/ref=sr_1_595,"6,95 €",Alice GRAVIER,"4,7 sur 5 étoiles, détails de l’évaluation",25,Broché,https://m.media-amazon.com/images/I/81i0r7AgMxL._AC_UY218_.jpg,2025-09-04T08:57:47.412218,Description non disponible depuis la recherche,Stock non disponible,ISBN non disponible,Éditeur non disponible,Date non disponible,Nombre de pages non disponible,Rang de vente non disponible,Religion,37.0,,
BLED Collège Histoire,https://www.amazon.fr/BLED-Coll%C3%A8ge-Histoire-Antoine-Auger/dp/2017267236/ref=sr_1_596,"12,90 €",de Antoine Auger et Guillaume Picon | 3 juillet 2024,"4,8 sur 5 étoiles, détails de l’évaluation",13,Broché,https://m.media-amazon.com/images/I/714Uea94N0L._AC_UY218_.jpg,2025-09-04T08:57:47.414823,Description non disponible depuis la recherche,Stock non disponible,ISBN non disponible,Éditeur non disponible,Date non disponible,Nombre de pages non disponible,Rang de vente non disponible,Religion,37.0,,
Comment parler en public,https://www.amazon.fr/Comment-parler-public-Dale-Carnegie/dp/2253061204/ref=sr_1_595,"8,40 €",Dale Carnegie,"4,4 sur 5 étoiles, détails de l’évaluation",613,Poche,https://m.media-amazon.com/images/I/61DMm5V5-wL._AC_UY218_.jpg,2025-09-04T08:57:59.246374,Description non disponible depuis la recherche,Stock non disponible,ISBN non disponible,Éditeur non disponible,Date non disponible,Nombre de pages non disponible,Rang de vente non disponible,Religion,38.0,,
Les Nouveaux Outils pour le Français CM2 (2016) - Manuel de l'élève,https://www.amazon.fr/nouveaux-outils-pour-fran%C3%A7ais-Cycle/dp/2210502098/ref=sr_1_596,"16,50 €",Claire Barthomeuf-Schillinger,"4,7 sur 5 étoiles, détails de l’évaluation",222,Poche,https://m.media-amazon.com/images/I/71jxbY4jVkL._AC_UY218_.jpg,2025-09-04T08:57:59.248788,Description non disponible depuis la recherche,Stock non disponible,ISBN non disponible,Éditeur non disponible,Date non disponible,Nombre de pages non disponible,Rang de vente non disponible,Religion,38.0,,
Édito B1 - édition 2022-2024 - Cahier + didierfle.app,https://www.amazon.fr/Edito-B1-%C3%A9dition-2022-2024-didierfle-app/dp/2278108522/ref=sr_1_597,"13,10 €","de Elodie Heu, Marie Gatin, et al. | 29 août 2023","4,6 sur 5 étoiles, détails de l’évaluation",40,Broché,https://m.media-amazon.com/images/I/812ICxqrFVL._AC_UY218_.jpg,2025-09-04T08:57:59.251546,Description non disponible depuis la recherche,Stock non disponible,ISBN non disponible,Éditeur non disponible,Date non disponible,Nombre de pages non disponible,Rang de vente non disponible,Religion,38.0,,
¡ Hablo español !: Une méthode facile et ludique pour apprendre l'espagnol !,https://www.amazon.fr/Hablo-espa%C3%B1ol-m%C3%A9thode-apprendre-lespagnol/dp/2501185250/ref=sr_1_598,"16,90 €",Paloma @espagnol.france,"4,3 sur 5 étoiles, détails de l’évaluation",39,Broché,https://m.media-amazon.com/images/I/71P2tLNz3sL._AC_UY218_.jpg,2025-09-04T08:57:59.254468,Description non disponible depuis la recherche,Stock non disponible,ISBN non disponible,Éditeur non disponible,Date non disponible,Nombre de pages non disponible,Rang de vente non disponible,Religion,38.0,,
"Histoire/Géographie, Géopolitique, Sciences politiques 1ère spé- Livre élève - Ed. 2019",https://www.amazon.fr/Histoire-G%C3%A9ographie-G%C3%A9opolitique-Sciences-politiques/dp/2017087971/ref=sr_1_599,"40,90 €",Michaël Navarro,"4,7 sur 5 étoiles, détails de l’évaluation",60,Broché,https://m.media-amazon.com/images/I/81SQfcxH5sL._AC_UY218_.jpg,2025-09-04T08:57:59.256782,Description non disponible depuis la recherche,Stock non disponible,ISBN non disponible,Éditeur non disponible,Date non disponible,Nombre de pages non disponible,Rang de vente non disponible,Religion,38.0,,
Grammaire progressive du français - Niveau débutant (A1) - Livre + CD + Appli-web - 3ème édition,https://www.amazon.fr/Grammaire-progressive-fran%C3%A7ais-Livre-web-interactif/dp/2090380993/ref=sr_1_600,"26,00 €",de Maïa Grégoire et Gracia Merlo | 16 juillet 2018,"4,6 sur 5 étoiles, détails de l’évaluation",671,Broché,https://m.media-amazon.com/images/I/71b7d-OOevL._AC_UY218_.jpg,2025-09-04T08:57:59.259633,Description non disponible depuis la recherche,Stock non disponible,ISBN non disponible,Éditeur non disponible,Date non disponible,Nombre de pages non disponible,Rang de vente non disponible,Religion,38.0,,
Agenda de bord 2025/2026 professeur d’éducation musicale: Carnet de bord A4 pour les enseignants,https://www.amazon.fr/Agenda-bord-professeur-d%C3%A9ducation-musicale/dp/9403794267/ref=sr_1_601,"11,90 €",Gringolivier editions,"4,5 sur 5 étoiles, détails de l’évaluation",2,Broché,https://m.media-amazon.com/images/I/61MA6kx2iyL._AC_UY218_.jpg,2025-09-04T08:57:59.261620,Description non disponible depuis la recherche,Stock non disponible,ISBN non disponible,Éditeur non disponible,Date non disponible,Nombre de pages non disponible,Rang de vente non disponible,Religion,38.0,,
"Bescherelle - Maîtriser la langue française au lycée (2de, 1re): règles & exercices corrigés (grammaire, orthographe, expression)",https://www.amazon.fr/Bescherelle-Ma%C3%AEtriser-langue-fran%C3%A7aise-lyc%C3%A9e/dp/2401054553/ref=sr_1_602,"12,90 €","de Sandrine Girard, Olivier Chartrain, et al. | 24 juin 2020","4,7 sur 5 étoiles, détails de l’évaluation",261,Broché,https://m.media-amazon.com/images/I/71QIX+9aYGS._AC_UY218_.jpg,2025-09-04T08:57:59.265273,Description non disponible depuis la recherche,Stock non disponible,ISBN non disponible,Éditeur non disponible,Date non disponible,Nombre de pages non disponible,Rang de vente non disponible,Religion,38.0,,
"Dominoes, New Edition Level 1: Sherlock Holmes: The Blue Diamond",https://www.amazon.fr/Sherlock-Holmes-Arthur-Conan-Doyle/dp/0194247597/ref=sr_1_605,"16,95 €",Édition en Anglais | de XXX | 10 décembre 2009,"4,4 sur 5 étoiles, détails de l’évaluation",115,Broché,https://m.media-amazon.com/images/I/81cOQ3DZCrL._AC_UY218_.jpg,2025-09-04T08:57:59.274353,Description non disponible depuis la recherche,Stock non disponible,ISBN non disponible,Éditeur non disponible,Date non disponible,Nombre de pages non disponible,Rang de vente non disponible,Religion,38.0,,
100 dieux et héros de la Mythologie,https://www.amazon.fr/dieux-h%C3%A9ros-Mythologie-Cl%C3%A9mentine-Baron/dp/2371046272/ref=sr_1_606,"21,90 €","de Bruno Wennagel, Mathieu Ferret, et al. | 6 octobre 2021","4,8 sur 5 étoiles, détails de l’évaluation",156,Relié,https://m.media-amazon.com/images/I/81YJ4+wkZnL._AC_UY218_.jpg,2025-09-04T08:57:59.277495,Description non disponible depuis la recherche,Stock non disponible,ISBN non disponible,Éditeur non disponible,Date non disponible,Nombre de pages non disponible,Rang de vente non disponible,Religion,38.0,,
"Minecraft, le guide du débutant: Tout savoir sur Minecraft, en mode survie ou créatif-Nouvelle édition",https://www.amazon.fr/Minecraft-guide-d%C3%A9butant-cr%C3%A9atif-Nouvelle-%C3%A9dition/dp/2075201927/ref=sr_1_607,"14,90 €",de Collectif et Alexandre Fil | 5 septembre 2024,"4,5 sur 5 étoiles, détails de l’évaluation",12,Broché,https://m.media-amazon.com/images/I/81YrjAk1xlL._AC_UY218_.jpg,2025-09-04T08:57:59.279952,Description non disponible depuis la recherche,Stock non disponible,ISBN non disponible,Éditeur non disponible,Date non disponible,Nombre de pages non disponible,Rang de vente non disponible,Religion,38.0,,
Les mots fléchés Le Robert N°1: Broché,https://www.amazon.fr/mots-fl%C3%A9ch%C3%A9s-Robert-N%C2%B01/dp/2321006870/ref=sr_1_608,"12,50 €",Julien Soulié,"4,3 sur 5 étoiles, détails de l’évaluation",202,Broché,https://m.media-amazon.com/images/I/51rXwuxcmYL._AC_UY218_.jpg,2025-09-04T08:57:59.282051,Description non disponible depuis la recherche,Stock non disponible,ISBN non disponible,Éditeur non disponible,Date non disponible,Nombre de pages non disponible,Rang de vente non disponible,Religion,38.0,,
Cahier d'espagnol débutant/faux débutant pour les Nuls grand format,https://www.amazon.fr/Cahier-despagnol-d%C3%A9butant-grand-format/dp/2412026831/ref=sr_1_609,"9,95 €",José González Ordonez,"4,5 sur 5 étoiles, détails de l’évaluation",237,Broché,https://m.media-amazon.com/images/I/61IbueOIQpL._AC_UY218_.jpg,2025-09-04T08:57:59.284053,Description non disponible depuis la recherche,Stock non disponible,ISBN non disponible,Éditeur non disponible,Date non disponible,Nombre de pages non disponible,Rang de vente non disponible,Religion,38.0,,
MES P'TITS DOCS - Mer (La) - Dès 4 ans,https://www.amazon.fr/MES-PTITS-DOCS-Mer-D%C3%A8s/dp/2408031664/ref=sr_1_610,"7,90 €",Stéphanie Ledu,"4,7 sur 5 étoiles, détails de l’évaluation",55,Relié,https://m.media-amazon.com/images/I/71VklTF3lQL._AC_UY218_.jpg,2025-09-04T08:57:59.286847,Description non disponible depuis la recherche,Stock non disponible,ISBN non disponible,Éditeur non disponible,Date non disponible,Nombre de pages non disponible,Rang de vente non disponible,Religion,38.0,,
Comment Hacker sa L2 Droit ?: Le guide à lire absolument pour réussir sa deuxième année,https://www.amazon.fr/Comment-Hacker-L2-Droit-absolument/dp/2492535002/ref=sr_1_611,"21,99 €",Augustin Mercier,"4,8 sur 5 étoiles, détails de l’évaluation",39,Broché,https://m.media-amazon.com/images/I/6108C4QECNL._AC_UY218_.jpg,2025-09-04T08:57:59.288829,Description non disponible depuis la recherche,Stock non disponible,ISBN non disponible,Éditeur non disponible,Date non disponible,Nombre de pages non disponible,Rang de vente non disponible,Religion,38.0,,
Le livre extraordinaire des monstres mythologiques,https://www.amazon.fr/livre-extraordinaire-monstres-mythologiques/dp/2374086747/ref=sr_1_612,"24,00 €",de Ferguson Diana et Kenny Gonzalo | 13 octobre 2023,"4,9 sur 5 étoiles, détails de l’évaluation",60,Broché,https://m.media-amazon.com/images/I/813YePN33dL._AC_UY218_.jpg,2025-09-04T08:57:59.291543,Description non disponible depuis la recherche,Stock non disponible,ISBN non disponible,Éditeur non disponible,Date non disponible,Nombre de pages non disponible,Rang de vente non disponible,Religion,38.0,,
LEO ET LEA 2019 - Cahier d'exercices CP: Nouvelle édition 2019,https://www.amazon.fr/NOUVEAU-LEO-LEA-dexercices-Nouvelle/dp/B07LDN93XP/ref=sr_1_611,"6,90 €",de Thérèse Cuche et Michelle Sommer | 13 mars 2019,"4,7 sur 5 étoiles, détails de l’évaluation",123,Broché,https://m.media-amazon.com/images/I/71Px0iE6z5L._AC_UY218_.jpg,2025-09-04T08:58:10.680310,Description non disponible depuis la recherche,Stock non disponible,ISBN non disponible,Éditeur non disponible,Date non disponible,Nombre de pages non disponible,Rang de vente non disponible,Religion,39.0,,
"50 usages puissants du bleu de méthylène: Le protocole naturel pour restaurer l’esprit, le corps et les cellules",https://www.amazon.fr/usages-puissants-bleu-m%C3%A9thyl%C3%A8ne-protocole/dp/B0FC644324/ref=sr_1_612,"16,90 €",de Olivier Villard | 5 juin 2025,"4,5 sur 5 étoiles, détails de l’évaluation",9,Broché,https://m.media-amazon.com/images/I/61zOP-yav9L._AC_UY218_.jpg,2025-09-04T08:58:10.683604,Description non disponible depuis la recherche,Stock non disponible,ISBN non disponible,Éditeur non disponible,Date non disponible,Nombre de pages non disponible,Rang de vente non disponible,Religion,39.0,,
Mon répertoire orthographique pour écrire - Cycle 3,https://www.amazon.fr/Mon-r%C3%A9pertoire-orthographique-pour-%C3%A9crire/dp/2725636574/ref=sr_1_613,"6,50 €",Antoine Fetet,"4,4 sur 5 étoiles, détails de l’évaluation",138,Broché,https://m.media-amazon.com/images/I/51v-SyyKlRL._AC_UY218_.jpg,2025-09-04T08:58:10.685628,Description non disponible depuis la recherche,Stock non disponible,ISBN non disponible,Éditeur non disponible,Date non disponible,Nombre de pages non disponible,Rang de vente non disponible,Religion,39.0,,
"LES GRANDES TRAHISONS: COMMENT L'EUROPE EST DETRUITE, UNE TRAHISION A LA FOIS",https://www.amazon.fr/GRANDES-TRAHISONS-COMMENT-DETRUITE-TRAHISION/dp/B0F32J3FTG/ref=sr_1_614,"18,99 €",Aldo Sterone,"4,6 sur 5 étoiles, détails de l’évaluation",50,Broché,https://m.media-amazon.com/images/I/71D-BDpDznL._AC_UY218_.jpg,2025-09-04T08:58:10.687889,Description non disponible depuis la recherche,Stock non disponible,ISBN non disponible,Éditeur non disponible,Date non disponible,Nombre de pages non disponible,Rang de vente non disponible,Religion,39.0,,
Espagnol B1-C1: Grammaire en cartes mentales avec exercices corrigés et commentés,https://www.amazon.fr/Espagnol-B1-C1-Grammaire-exercices-comment%C3%A9s/dp/2340087325/ref=sr_1_615,"21,00 €",de Claire Anzemberger et Carole Poux | 23 avril 2024,"4,0 sur 5 étoiles, détails de l’évaluation",3,Broché,https://m.media-amazon.com/images/I/61P+ne12mGL._AC_UY218_.jpg,2025-09-04T08:58:10.691102,Description non disponible depuis la recherche,Stock non disponible,ISBN non disponible,Éditeur non disponible,Date non disponible,Nombre de pages non disponible,Rang de vente non disponible,Religion,39.0,,
King Sejong Institute Practical Korean 1 Beginner: MP3 Audio Download,https://www.amazon.fr/Sejong-Institute-Practical-Korean-Beginner/dp/B0CN8L3G29/ref=sr_1_616,"21,60 €",Édition en Coréen | de King Sejong Institute Foundation | 8 novembre 2023,"4,5 sur 5 étoiles, détails de l’évaluation",29,Broché,https://m.media-amazon.com/images/I/51CJGIZ1WkL._AC_UY218_.jpg,2025-09-04T08:58:10.693679,Description non disponible depuis la recherche,Stock non disponible,ISBN non disponible,Éditeur non disponible,Date non disponible,Nombre de pages non disponible,Rang de vente non disponible,Religion,39.0,,
L'Etoile mystérieuse,https://www.amazon.fr/LEtoile-myst%C3%A9rieuse-Herg%C3%A9/dp/2203001097/ref=sr_1_617,"12,50 €",Hergé,"4,8 sur 5 étoiles, détails de l’évaluation",621,Broché,https://m.media-amazon.com/images/I/714uTHWnXxL._AC_UY218_.jpg,2025-09-04T08:58:10.696203,Description non disponible depuis la recherche,Stock non disponible,ISBN non disponible,Éditeur non disponible,Date non disponible,Nombre de pages non disponible,Rang de vente non disponible,Religion,39.0,,
Le Robert Mini langue française,https://www.amazon.fr/Robert-Mini-Langue-Fran%C3%A7aise/dp/2321016590/ref=sr_1_618,"7,95 €",de Collectif | 3 juin 2021,"4,5 sur 5 étoiles, détails de l’évaluation",107,Broché,https://m.media-amazon.com/images/I/61+XzO9nC5L._AC_UY218_.jpg,2025-09-04T08:58:10.698883,Description non disponible depuis la recherche,Stock non disponible,ISBN non disponible,Éditeur non disponible,Date non disponible,Nombre de pages non disponible,Rang de vente non disponible,Religion,39.0,,
Bien gérer son argent pour enfants: 20 histoires inspirantes avec questions et exercices pratiques sur l'intelligence financière pour enfants à partir de 7 ans,https://www.amazon.fr/Bien-g%C3%A9rer-argent-pour-enfants/dp/B0D1332Y11/ref=sr_1_621,"11,95 €",Elsa Editions,"4,4 sur 5 étoiles, détails de l’évaluation",18,Broché,https://m.media-amazon.com/images/I/71gcBxQFQ-L._AC_UY218_.jpg,2025-09-04T08:58:10.707420,Description non disponible depuis la recherche,Stock non disponible,ISBN non disponible,Éditeur non disponible,Date non disponible,Nombre de pages non disponible,Rang de vente non disponible,Religion,39.0,,
L'alimentation - Incroyable microbiote !,https://www.amazon.fr/Lalimentation-Incroyable-microbiote-nourrir-intestin/dp/B0D667PPYN/ref=sr_1_622,"22,00 €",Julien Dr Scanzi,"3,8 sur 5 étoiles, détails de l’évaluation",32,Broché,https://m.media-amazon.com/images/I/71DJC1UZbVL._AC_UY218_.jpg,2025-09-04T08:58:10.710733,Description non disponible depuis la recherche,Stock non disponible,ISBN non disponible,Éditeur non disponible,Date non disponible,Nombre de pages non disponible,Rang de vente non disponible,Religion,39.0,,
Avec vous... en lecture-écriture - Cahier + didierfle.app,https://www.amazon.fr/Avec-vous-lecture-%C3%A9criture-Cahier-didierfle-app/dp/2278111639/ref=sr_1_623,"13,90 €","de Madame Silvia Camara-Tombini, Hélène Dugros, et al. | 30 avril 2025","5,0 sur 5 étoiles, détails de l’évaluation",1,Broché,https://m.media-amazon.com/images/I/71ba4iizaiL._AC_UY218_.jpg,2025-09-04T08:58:10.713595,Description non disponible depuis la recherche,Stock non disponible,ISBN non disponible,Éditeur non disponible,Date non disponible,Nombre de pages non disponible,Rang de vente non disponible,Religion,39.0,,
Agenda de bord 2025/2026 professeur d’économie et gestion: Carnet de bord A4 pour les enseignants,https://www.amazon.fr/Agenda-bord-professeur-d%C3%A9conomie-gestion/dp/9403794275/ref=sr_1_624,"11,90 €",Gringolivier editions,"4,2 sur 5 étoiles, détails de l’évaluation",3,Broché,https://m.media-amazon.com/images/I/71A+5Z8CiYL._AC_UY218_.jpg,2025-09-04T08:58:10.715463,Description non disponible depuis la recherche,Stock non disponible,ISBN non disponible,Éditeur non disponible,Date non disponible,Nombre de pages non disponible,Rang de vente non disponible,Religion,39.0,,
Initial - Dictionnaire de Géographie Ed. 2022,https://www.amazon.fr/Initial-Dictionnaire-G%C3%A9ographie-Ed-2022/dp/2401086226/ref=sr_1_625,"14,90 €","de Pascal Baud, Serge Bourgeat, et al. | 17 août 2022","4,6 sur 5 étoiles, détails de l’évaluation",19,Broché,https://m.media-amazon.com/images/I/71dCzxZ8rIL._AC_UY218_.jpg,2025-09-04T08:58:10.719206,Description non disponible depuis la recherche,Stock non disponible,ISBN non disponible,Éditeur non disponible,Date non disponible,Nombre de pages non disponible,Rang de vente non disponible,Religion,39.0,,
Astérix - Les lauriers de César - n°18,https://www.amazon.fr/Ast%C3%A9rix-lauriers-C%C3%A9sar-Ren%C3%A9-Goscinny/dp/201210150X/ref=sr_1_626,"10,90 €",René Goscinny,"4,8 sur 5 étoiles, détails de l’évaluation",540,Relié,https://m.media-amazon.com/images/I/81knjRU0TSL._AC_UY218_.jpg,2025-09-04T08:58:10.722706,Description non disponible depuis la recherche,Stock non disponible,ISBN non disponible,Éditeur non disponible,Date non disponible,Nombre de pages non disponible,Rang de vente non disponible,Religion,39.0,,
Bled Conjugaison,https://www.amazon.fr/Bled-Conjugaison-Daniel-Berlion/dp/2017151068/ref=sr_1_627,"9,00 €",Daniel Berlion,"4,8 sur 5 étoiles, détails de l’évaluation",96,Relié,https://m.media-amazon.com/images/I/71k2IGkaNRS._AC_UY218_.jpg,2025-09-04T08:58:10.725206,Description non disponible depuis la recherche,Stock non disponible,ISBN non disponible,Éditeur non disponible,Date non disponible,Nombre de pages non disponible,Rang de vente non disponible,Religion,39.0,,
"Expériences de la nature en 39 dissertations: Epreuve de français/philosophie, Prépas scientifiques, Concours",https://www.amazon.fr/Exp%C3%A9riences-nature-dissertations-philosophie-scientifiques/dp/234010159X/ref=sr_1_628,"22,00 €",Sophie Rochefort-Guillouet,Note non disponible,0 avis,Broché,https://m.media-amazon.com/images/I/619+GgE34gL._AC_UY218_.jpg,2025-09-04T08:58:10.729053,Description non disponible depuis la recherche,Stock non disponible,ISBN non disponible,Éditeur non disponible,Date non disponible,Nombre de pages non disponible,Rang de vente non disponible,Religion,39.0,,
"Le lotus et l’écureuil: 73 contes zen pour une vie plus sereine, éveillée et joyeuse",https://www.amazon.fr/lotus-l%C3%A9cureuil-sereine-%C3%A9veill%C3%A9e-joyeuse/dp/B0F7Y4RH7J/ref=sr_1_627,"14,50 €",de Kaori Sen | 7 mai 2025,"4,4 sur 5 étoiles, détails de l’évaluation",15,Broché,https://m.media-amazon.com/images/I/518g6O3PN-L._AC_UY218_.jpg,2025-09-04T08:58:22.875714,Description non disponible depuis la recherche,Stock non disponible,ISBN non disponible,Éditeur non disponible,Date non disponible,Nombre de pages non disponible,Rang de vente non disponible,Religion,40.0,,
Mes 1 000 premiers mots d'espagnol,https://www.amazon.fr/1-000-premiers-mots-despagnol-Nathalie-Choux/dp/2408028620/ref=sr_1_628,"14,50 €",de Collectif d'illustrateurs et Victor H. Garcia Lopez | 15 septembre 2021,"4,9 sur 5 étoiles, détails de l’évaluation",53,Relié,https://m.media-amazon.com/images/I/71Yg3yEIvIL._AC_UY218_.jpg,2025-09-04T08:58:22.878306,Description non disponible depuis la recherche,Stock non disponible,ISBN non disponible,Éditeur non disponible,Date non disponible,Nombre de pages non disponible,Rang de vente non disponible,Religion,40.0,,
Fragments de lumière - Sur la Voie ésotérique des Bâtisseurs,https://www.amazon.fr/Fragments-lumi%C3%A8re-Voie-%C3%A9sot%C3%A9rique-B%C3%A2tisseurs/dp/2940594791/ref=sr_1_629,"28,00 €",de Thomas Büchi | 12 novembre 2024,"4,8 sur 5 étoiles, détails de l’évaluation",20,Broché,https://m.media-amazon.com/images/I/61eK+eLsI-L._AC_UY218_.jpg,2025-09-04T08:58:22.880799,Description non disponible depuis la recherche,Stock non disponible,ISBN non disponible,Éditeur non disponible,Date non disponible,Nombre de pages non disponible,Rang de vente non disponible,Religion,40.0,,
MaClé ALPHA - Méthode rapide d'alphabétisation pour adultes: Manuel + CD-Rom,https://www.amazon.fr/MaCl%C3%A9-ALPHA-M%C3%A9thode-dalphab%C3%A9tisation-adultes/dp/2725635985/ref=sr_1_630,"15,60 €",de Marion Aguilar et Scolibris - livre solid | 14 septembre 2017,"4,5 sur 5 étoiles, détails de l’évaluation",247,Broché,https://m.media-amazon.com/images/I/616KPsG-lUL._AC_UY218_.jpg,2025-09-04T08:58:22.883486,Description non disponible depuis la recherche,Stock non disponible,ISBN non disponible,Éditeur non disponible,Date non disponible,Nombre de pages non disponible,Rang de vente non disponible,Religion,40.0,,
L'italien (livre seul),https://www.amazon.fr/M%C3%A9thode-Assimil-Italien-Federico-Benedetti/dp/2700508106/ref=sr_1_631,"26,90 €",de Federico Benedetti | 14 octobre 2021,"4,6 sur 5 étoiles, détails de l’évaluation",80,Broché,https://m.media-amazon.com/images/I/61MzyLcX3zL._AC_UY218_.jpg,2025-09-04T08:58:22.886040,Description non disponible depuis la recherche,Stock non disponible,ISBN non disponible,Éditeur non disponible,Date non disponible,Nombre de pages non disponible,Rang de vente non disponible,Religion,40.0,,
"Langenscheidt Taschenwörterbuch Portugiesisch - Buch mit Online-Anbindung: Buch mit Online-Anbindung, Portugiesisch-Deutsch / Deutsch-Portugiesisch",https://www.amazon.fr/Langenscheidt-Taschenw%C3%B6rterbuch-Portugiesisch-Portugiesisch-Deutsch-Deutsch-Portugiesisch/dp/3125142490/ref=sr_1_632,"35,16 €",Édition en Portugais | de Redaktion Langenscheidt | 1 septembre 2015,"4,6 sur 5 étoiles, détails de l’évaluation",65,Relié,https://m.media-amazon.com/images/I/511MyZkOSFS._AC_UY218_.jpg,2025-09-04T08:58:22.889507,Description non disponible depuis la recherche,Stock non disponible,ISBN non disponible,Éditeur non disponible,Date non disponible,Nombre de pages non disponible,Rang de vente non disponible,Religion,40.0,,
Capital Trading : Guide Complet: Des Fondamentaux aux Profits : Tout ce dont Vous Avez Besoin pour Réussir,https://www.amazon.fr/Capital-Trading-Complet-Fondamentaux-Profits/dp/2959168909/ref=sr_1_633,"19,99 €",de Hugo Terrier et Mickael Renaux | 21 décembre 2023,"4,8 sur 5 étoiles, détails de l’évaluation",174,Broché,https://m.media-amazon.com/images/I/71Y7kQzHryL._AC_UY218_.jpg,2025-09-04T08:58:22.892897,Description non disponible depuis la recherche,Stock non disponible,ISBN non disponible,Éditeur non disponible,Date non disponible,Nombre de pages non disponible,Rang de vente non disponible,Religion,40.0,,
Bled Allemand Tout en Un,https://www.amazon.fr/Bled-Allemand-Tout-Bernard-Viselthier/dp/2017151114/ref=sr_1_634,"12,90 €",Bernard Viselthier,"4,6 sur 5 étoiles, détails de l’évaluation",179,Broché,https://m.media-amazon.com/images/I/71OblwImjoS._AC_UY218_.jpg,2025-09-04T08:58:22.895019,Description non disponible depuis la recherche,Stock non disponible,ISBN non disponible,Éditeur non disponible,Date non disponible,Nombre de pages non disponible,Rang de vente non disponible,Religion,40.0,,
Grand Atlas 2026,https://www.amazon.fr/Grand-Atlas-2026-Frank-T%C3%A9tart/dp/2080493671/ref=sr_1_637,"19,90 €",Frank Tétart,Note non disponible,0 avis,Broché,https://m.media-amazon.com/images/I/71Bso3wEQeL._AC_UY218_.jpg,2025-09-04T08:58:22.904372,Description non disponible depuis la recherche,Stock non disponible,ISBN non disponible,Éditeur non disponible,Date non disponible,Nombre de pages non disponible,Rang de vente non disponible,Religion,40.0,,
"Le deuxième sexe, tome 2",https://www.amazon.fr/deuxi%C3%A8me-sexe-2-Simone-Beauvoir/dp/2070323528/ref=sr_1_638,"12,60 €",Simone de Beauvoir,"4,6 sur 5 étoiles, détails de l’évaluation",504,Poche,https://m.media-amazon.com/images/I/81VJC-pIOdL._AC_UY218_.jpg,2025-09-04T08:58:22.907737,Description non disponible depuis la recherche,Stock non disponible,ISBN non disponible,Éditeur non disponible,Date non disponible,Nombre de pages non disponible,Rang de vente non disponible,Religion,40.0,,
La Reunion,https://www.amazon.fr/Reunion-Collectif/dp/2758549115/ref=sr_1_639,"9,30 €",Carte,"4,7 sur 5 étoiles, détails de l’évaluation",170,Carte,https://m.media-amazon.com/images/I/812dk9adidL._AC_UY218_.jpg,2025-09-04T08:58:22.909950,Description non disponible depuis la recherche,Stock non disponible,ISBN non disponible,Éditeur non disponible,Date non disponible,Nombre de pages non disponible,Rang de vente non disponible,Religion,40.0,,
Les 100 fiches de vocabulaire du test TOEIC® (conforme au nouveau test TOEIC),https://www.amazon.fr/fiches-vocabulaire-TOEIC%C2%AE-conforme-nouveau/dp/2017261300/ref=sr_1_640,"14,90 €",de Collectif | 21 août 2024,"4,9 sur 5 étoiles, détails de l’évaluation",13,Broché,https://m.media-amazon.com/images/I/71Z8i7g2qqL._AC_UY218_.jpg,2025-09-04T08:58:22.912402,Description non disponible depuis la recherche,Stock non disponible,ISBN non disponible,Éditeur non disponible,Date non disponible,Nombre de pages non disponible,Rang de vente non disponible,Religion,40.0,,
Penguin Readers Level 3: Sherlock Holmes Short Stories (ELT Graded Reader),https://www.amazon.fr/Penguin-Readers-Level-Sherlock-Stories/dp/0241588987/ref=sr_1_641,"9,70 €",Arthur Conan Doyle,"4,6 sur 5 étoiles, détails de l’évaluation",48,Broché,https://m.media-amazon.com/images/I/81xUs2ZqJKL._AC_UY218_.jpg,2025-09-04T08:58:22.915100,Description non disponible depuis la recherche,Stock non disponible,ISBN non disponible,Éditeur non disponible,Date non disponible,Nombre de pages non disponible,Rang de vente non disponible,Religion,40.0,,
"Cahier d'activités Maternelles Moyenne et Grande Section MS GS 4-5 ans: 100 Activités et Jeux en Couleurs : écriture cursive, tracés des chiffres, points à relier, coloriages, différences, labyrinthes",https://www.amazon.fr/Cahier-dactivit%C3%A9s-Maternelles-Moyenne-Section/dp/B097XB79H7/ref=sr_1_642,"11,95 €",Relative Editions,"4,5 sur 5 étoiles, détails de l’évaluation",171,Broché,https://m.media-amazon.com/images/I/71h2pa0LfTL._AC_UY218_.jpg,2025-09-04T08:58:22.916911,Description non disponible depuis la recherche,Stock non disponible,ISBN non disponible,Éditeur non disponible,Date non disponible,Nombre de pages non disponible,Rang de vente non disponible,Religion,40.0,,
"Apprendre l’Italien: 5 Livres en 1 – La Méthode Express et Ludique pour Parler Italien en 30 Jours : Grammaire Essentielle, Vocabulaire Clé, 500 Exercices, 3000 Phrases, 30 Histoires | Audio Inclus",https://www.amazon.fr/Apprendre-lItalien-Grammaire-Essentielle-Vocabulaire/dp/B0FG7K9265/ref=sr_1_643,"19,99 €",de Claire Bellini | 30 juin 2025,"5,0 sur 5 étoiles, détails de l’évaluation",37,Broché,https://m.media-amazon.com/images/I/71sQvRBVUjL._AC_UY218_.jpg,2025-09-04T08:58:22.919538,Description non disponible depuis la recherche,Stock non disponible,ISBN non disponible,Éditeur non disponible,Date non disponible,Nombre de pages non disponible,Rang de vente non disponible,Religion,40.0,,
Apprendre le Portugais du Portugal en 30 Jours: La méthode intuitive et naturelle pour maîtriser rapidement le portugais du Portugal (spécialement conçue pour les débutants),https://www.amazon.fr/Apprendre-Portugais-Portugal-Jours-sp%C3%A9cialement/dp/B0FFYKMVRK/ref=sr_1_644,"19,98 €",Lumen Lingua,"5,0 sur 5 étoiles, détails de l’évaluation",1,Broché,https://m.media-amazon.com/images/I/71KPLlZLvoL._AC_UY218_.jpg,2025-09-04T08:58:22.921695,Description non disponible depuis la recherche,Stock non disponible,ISBN non disponible,Éditeur non disponible,Date non disponible,Nombre de pages non disponible,Rang de vente non disponible,Religion,40.0,,
"Mathématiques approfondies, informatique ECG 1re année",https://www.amazon.fr/Math%C3%A9matiques-approfondies-informatique-pr%C3%A9pas-ann%C3%A9e/dp/2340048621/ref=sr_1_803,"33,00 €",Gianfranco Niffoi,"4,8 sur 5 étoiles, détails de l’évaluation",31,Broché,https://m.media-amazon.com/images/I/61JAde-0QOS._AC_UY218_.jpg,2025-09-04T18:50:16.996410,Description non disponible depuis la recherche,Stock non disponible,ISBN non disponible,Éditeur non disponible,Date non disponible,Nombre de pages non disponible,Rang de vente non disponible,Religion,51.0,,
Reporteros 5e - Livre de l'élève: Au coeur du monde hispanophone,https://www.amazon.fr/Reporteros-5e-A1-l%C3%A9l%C3%A8ve-despagnol/dp/2356853707/ref=sr_1_804,"22,90 €",de Collectif | 26 mai 2016,"4,3 sur 5 étoiles, détails de l’évaluation",31,Broché,https://m.media-amazon.com/images/I/71x3oapv9sL._AC_UY218_.jpg,2025-09-04T18:50:16.998944,Description non disponible depuis la recherche,Stock non disponible,ISBN non disponible,Éditeur non disponible,Date non disponible,Nombre de pages non disponible,Rang de vente non disponible,Religion,51.0,,
Activate Upper-Intermediate B2: A Complete Self-Study Course,https://www.amazon.fr/Activate-Upper-Intermediate-B2-Complete-Self-Study/dp/8412214382/ref=sr_1_805,"31,99 €",E. Mason,"4,5 sur 5 étoiles, détails de l’évaluation",117,Broché,https://m.media-amazon.com/images/I/61Ny2RPNZxL._AC_UY218_.jpg,2025-09-04T18:50:17.001770,Description non disponible depuis la recherche,Stock non disponible,ISBN non disponible,Éditeur non disponible,Date non disponible,Nombre de pages non disponible,Rang de vente non disponible,Religion,51.0,,
L'art de la fermentation,https://www.amazon.fr/Lart-fermentation-Camille-Oger/dp/2383383686/ref=sr_1_806,"35,00 €",Luna Kyung,"4,9 sur 5 étoiles, détails de l’évaluation",11,Broché,https://m.media-amazon.com/images/I/71Sy7JxkxxL._AC_UY218_.jpg,2025-09-04T18:50:17.004669,Description non disponible depuis la recherche,Stock non disponible,ISBN non disponible,Éditeur non disponible,Date non disponible,Nombre de pages non disponible,Rang de vente non disponible,Religion,51.0,,
Ateliers graphiques: GS,https://www.amazon.fr/Ateliers-graphiques-Elisabeth-Grimault/dp/2725629551/ref=sr_1_807,"18,90 €",Élisabeth Grimault,"4,6 sur 5 étoiles, détails de l’évaluation",337,Broché,https://m.media-amazon.com/images/I/71vPmrC34zL._AC_UY218_.jpg,2025-09-04T18:50:17.006763,Description non disponible depuis la recherche,Stock non disponible,ISBN non disponible,Éditeur non disponible,Date non disponible,Nombre de pages non disponible,Rang de vente non disponible,Religion,51.0,,
THE VIAGRA-SILDENAFIL MEN'S NOTEBOOK: Fast Solutions for Erectile Dysfunction and Lasting Satisfaction Viagra sildenafil,https://www.amazon.fr/VIAGRA-SILDENAFIL-MENS-NOTEBOOK-Dysfunction-Satisfaction/dp/B0FPBN1YZG/ref=sr_1_808,"16,30 €",Édition en Anglais | de Fabian Steele | 28 août 2025,Note non disponible,0 avis,Broché,https://m.media-amazon.com/images/I/61QQ40qCCPL._AC_UY218_.jpg,2025-09-04T18:50:17.009461,Description non disponible depuis la recherche,Stock non disponible,ISBN non disponible,Éditeur non disponible,Date non disponible,Nombre de pages non disponible,Rang de vente non disponible,Religion,51.0,,
Belle du Seigneur,https://www.amazon.fr/Belle-du-Seigneur-Albert-Cohen/dp/2070404021/ref=sr_1_809,"13,90 €",Albert Cohen,"4,3 sur 5 étoiles, détails de l’évaluation",798,Poche,https://m.media-amazon.com/images/I/819SN3gLLPL._AC_UY218_.jpg,2025-09-04T18:50:17.013053,Description non disponible depuis la recherche,Stock non disponible,ISBN non disponible,Éditeur non disponible,Date non disponible,Nombre de pages non disponible,Rang de vente non disponible,Religion,51.0,,
"DELF B2 - 9 examens officiels: 9 épreuves DELF B2, corrections et transcriptions, vidéos et conseils",https://www.amazon.fr/DELF-B2-officiels-corrections-transcriptions/dp/B0F2MKPN9Y/ref=sr_1_810,"21,60 €",Mr Abdoulaye TALL,"5,0 sur 5 étoiles, détails de l’évaluation",5,Broché,https://m.media-amazon.com/images/I/61w7h4xSN7L._AC_UY218_.jpg,2025-09-04T18:50:17.015008,Description non disponible depuis la recherche,Stock non disponible,ISBN non disponible,Éditeur non disponible,Date non disponible,Nombre de pages non disponible,Rang de vente non disponible,Religion,51.0,,
Géographie 2de (2019) - Manuel élève: Les défis d'un monde en transition,https://www.amazon.fr/G%C3%A9ographie-2de-d%C3%A9fis-monde-transition/dp/2210111544/ref=sr_1_813,"35,00 €","de Jacqueline Jalta, Jean-François Joly, et al. | 28 mai 2019","4,6 sur 5 étoiles, détails de l’évaluation",52,Broché,https://m.media-amazon.com/images/I/A1c5jt67TcL._AC_UY218_.jpg,2025-09-04T18:50:17.023637,Description non disponible depuis la recherche,Stock non disponible,ISBN non disponible,Éditeur non disponible,Date non disponible,Nombre de pages non disponible,Rang de vente non disponible,Religion,51.0,,
Encyclopédie du savoir relatif et absolu - tome 2: Livres XIII à XVIII,https://www.amazon.fr/Encyclop%C3%A9die-savoir-relatif-absolu-Livres/dp/2226494480/ref=sr_1_814,"29,90 €",Bernard Werber,"4,7 sur 5 étoiles, détails de l’évaluation",54,Relié,https://m.media-amazon.com/images/I/81ArcwVWCjL._AC_UY218_.jpg,2025-09-04T18:50:17.026303,Description non disponible depuis la recherche,Stock non disponible,ISBN non disponible,Éditeur non disponible,Date non disponible,Nombre de pages non disponible,Rang de vente non disponible,Religion,51.0,,
Meuf: Guide pour nos filles,https://www.amazon.fr/Meuf-Guide-pour-nos-filles/dp/2808211031/ref=sr_1_815,"23,95 €",de Dubois Marie | 1 mars 2024,"4,9 sur 5 étoiles, détails de l’évaluation",19,Broché,https://m.media-amazon.com/images/I/61wP40VjX-L._AC_UY218_.jpg,2025-09-04T18:50:17.029644,Description non disponible depuis la recherche,Stock non disponible,ISBN non disponible,Éditeur non disponible,Date non disponible,Nombre de pages non disponible,Rang de vente non disponible,Religion,51.0,,
Le petit dictionnaire des émotions: Volume 1,https://www.amazon.fr/petit-dictionnaire-%C3%A9motions-1/dp/2492925315/ref=sr_1_816,"12,90 €",Camille Trichet,"4,7 sur 5 étoiles, détails de l’évaluation",82,Broché,https://m.media-amazon.com/images/I/61mpF3SkZTL._AC_UY218_.jpg,2025-09-04T18:50:17.032736,Description non disponible depuis la recherche,Stock non disponible,ISBN non disponible,Éditeur non disponible,Date non disponible,Nombre de pages non disponible,Rang de vente non disponible,Religion,51.0,,
Clave: Diccionario de uso del español actual: le dictionnaire unilingue espagnol de référence!,https://www.amazon.fr/Diccionario-Clave-uso-espa%C3%B1ol-actual/dp/8467541385/ref=sr_1_817,"39,90 €",Édition en Espagnol | de Gabriel Garcia Marquez et Varios autores | 1 mars 2012,"4,7 sur 5 étoiles, détails de l’évaluation",124,Broché,https://m.media-amazon.com/images/I/71-3e4LgFqL._AC_UY218_.jpg,2025-09-04T18:50:17.035800,Description non disponible depuis la recherche,Stock non disponible,ISBN non disponible,Éditeur non disponible,Date non disponible,Nombre de pages non disponible,Rang de vente non disponible,Religion,51.0,,
"Fortune de France, tome 1",https://www.amazon.fr/Fortune-France-1-Robert-Merle/dp/2253135356/ref=sr_1_818,"9,70 €",Robert Merle,"4,7 sur 5 étoiles, détails de l’évaluation",239,Poche,https://m.media-amazon.com/images/I/81LZ8XV3f0L._AC_UY218_.jpg,2025-09-04T18:50:17.038353,Description non disponible depuis la recherche,Stock non disponible,ISBN non disponible,Éditeur non disponible,Date non disponible,Nombre de pages non disponible,Rang de vente non disponible,Religion,51.0,,
L'Oeuvre au noir,https://www.amazon.fr/LOeuvre-au-noir-Marguerite-Yourcenar/dp/2070367983/ref=sr_1_819,"10,00 €",de Marguerite Yourcenar | 1 janvier 1976,"4,4 sur 5 étoiles, détails de l’évaluation",377,Poche,https://m.media-amazon.com/images/I/81iGqOfl3nL._AC_UY218_.jpg,2025-09-04T18:50:17.042731,Description non disponible depuis la recherche,Stock non disponible,ISBN non disponible,Éditeur non disponible,Date non disponible,Nombre de pages non disponible,Rang de vente non disponible,Religion,51.0,,
¡Con soltura!: Manuel de vocabulaire thématique espagnol-français B2-C1,https://www.amazon.fr/soltura-Manuel-vocabulaire-th%C3%A9matique-espagnol-fran%C3%A7ais/dp/2340077680/ref=sr_1_820,"28,50 €",de Nicolas Klein | 28 mars 2023,"5,0 sur 5 étoiles, détails de l’évaluation",3,Broché,https://m.media-amazon.com/images/I/61fk6JuvD6L._AC_UY218_.jpg,2025-09-04T18:50:17.046078,Description non disponible depuis la recherche,Stock non disponible,ISBN non disponible,Éditeur non disponible,Date non disponible,Nombre de pages non disponible,Rang de vente non disponible,Religion,51.0,,
Tout pour maîtriser l'anglais,https://www.amazon.fr/Tout-pour-ma%C3%AEtriser-langlais-Mary/dp/6191882874/ref=sr_1_819,"18,90 €",Mary Dell,"4,5 sur 5 étoiles, détails de l’évaluation",1 255,Broché,https://m.media-amazon.com/images/I/61LSyD9BekL._AC_UY218_.jpg,2025-09-04T18:50:24.894709,Description non disponible depuis la recherche,Stock non disponible,ISBN non disponible,Éditeur non disponible,Date non disponible,Nombre de pages non disponible,Rang de vente non disponible,Religion,52.0,,
Aula internacional Plus 3 B1: Internationale Ausgabe. Libro del alumno con audios y vídeos,https://www.amazon.fr/internacional-alumno-audios-v%C3%ADdeos-online/dp/3125158230/ref=sr_1_820,"33,03 €",Édition en Espagnol | 6 avril 2021,"4,4 sur 5 étoiles, détails de l’évaluation",95,Broché,https://m.media-amazon.com/images/I/6100pD90MxL._AC_UY218_.jpg,2025-09-04T18:50:24.897223,Description non disponible depuis la recherche,Stock non disponible,ISBN non disponible,Éditeur non disponible,Date non disponible,Nombre de pages non disponible,Rang de vente non disponible,Religion,52.0,,
"Cahier de compréhension Bien Lire et Aimer Lire: Étude de la langue - Grammaire, orthographe, lexique - Méthode de la lecture gestuelle Borel-Maisonny",https://www.amazon.fr/Cahier-compr%C3%A9hension-Bien-Lire-Aimer/dp/2487475056/ref=sr_1_821,"12,90 €",Luna Cavalier,Note non disponible,0 avis,Broché,https://m.media-amazon.com/images/I/71T8bI4yTYL._AC_UY218_.jpg,2025-09-04T18:50:24.899681,Description non disponible depuis la recherche,Stock non disponible,ISBN non disponible,Éditeur non disponible,Date non disponible,Nombre de pages non disponible,Rang de vente non disponible,Religion,52.0,,
Médecine légale - Médecine du travail: Réussir son DFASM - Connaissances clés,https://www.amazon.fr/M%C3%A9decine-l%C3%A9gale-travail-R%C3%A9ussir-Connaissances/dp/2294776488/ref=sr_1_822,"28,90 €","de Collège National Des Enseignants De Médecine Légale, Collège Des Enseignants Hospitalo-Universitaires De Médecine et Santé au Travail, et al. | 23 novembre 2022","4,7 sur 5 étoiles, détails de l’évaluation",44,Broché,https://m.media-amazon.com/images/I/415RbzESz5L._AC_UY218_.jpg,2025-09-04T18:50:24.903647,Description non disponible depuis la recherche,Stock non disponible,ISBN non disponible,Éditeur non disponible,Date non disponible,Nombre de pages non disponible,Rang de vente non disponible,Religion,52.0,,
Agenda de bord 2025/2026 professeur de Lettres et Histoire Géographie: Carnet de bord A4 pour les enseignants,https://www.amazon.fr/Agenda-professeur-Lettres-Histoire-G%C3%A9ographie/dp/9403794100/ref=sr_1_823,"11,90 €",Gringolivier editions,"5,0 sur 5 étoiles, détails de l’évaluation",1,Broché,https://m.media-amazon.com/images/I/61x08DBirUL._AC_UY218_.jpg,2025-09-04T18:50:24.905526,Description non disponible depuis la recherche,Stock non disponible,ISBN non disponible,Éditeur non disponible,Date non disponible,Nombre de pages non disponible,Rang de vente non disponible,Religion,52.0,,
Bretagne Sud - Le sentier des douaniers GR34 (89029),https://www.amazon.fr/Bretagne-Sud-sentier-douaniers-89029/dp/2758551284/ref=sr_1_824,"9,30 €",Carte,"4,8 sur 5 étoiles, détails de l’évaluation",81,Carte,https://m.media-amazon.com/images/I/81pHeMmnmYL._AC_UY218_.jpg,2025-09-04T18:50:24.907347,Description non disponible depuis la recherche,Stock non disponible,ISBN non disponible,Éditeur non disponible,Date non disponible,Nombre de pages non disponible,Rang de vente non disponible,Religion,52.0,,
"Résilience! L'eau - Manuel Pratique: Comment Collecter, Gérer, Transporter, Stocker, Filtrer et Purifier l'Eau",https://www.amazon.fr/R%C3%A9silience-Leau-Pratique-Collecter-Transporter/dp/B09FS5FV2M/ref=sr_1_825,"29,57 €",Mouton Résilient,"4,7 sur 5 étoiles, détails de l’évaluation",456,Broché,https://m.media-amazon.com/images/I/61Qb19Yrp+L._AC_UY218_.jpg,2025-09-04T18:50:24.909647,Description non disponible depuis la recherche,Stock non disponible,ISBN non disponible,Éditeur non disponible,Date non disponible,Nombre de pages non disponible,Rang de vente non disponible,Religion,52.0,,
Good Days: An A-Z of Hope and Happiness,https://www.amazon.fr/Good-Days-Z-Hope-Happiness/dp/1529148928/ref=sr_1_826,"20,61 €",Michael Rosen,Note non disponible,0 avis,Relié,https://m.media-amazon.com/images/I/812IehcEm5L._AC_UY218_.jpg,2025-09-04T18:50:24.914082,Description non disponible depuis la recherche,Stock non disponible,ISBN non disponible,Éditeur non disponible,Date non disponible,Nombre de pages non disponible,Rang de vente non disponible,Religion,52.0,,
Les Origines de la France: Histoire de France de la Préhistoire à Napoléon,https://www.amazon.fr/Origines-France-Histoire-Pr%C3%A9histoire-Napol%C3%A9on/dp/B0FHQR8ZKK/ref=sr_1_829,"14,99 €",Jim Barrow,"5,0 sur 5 étoiles, détails de l’évaluation",11,Broché,https://m.media-amazon.com/images/I/61J0KyeJKyL._AC_UY218_.jpg,2025-09-04T18:50:24.922567,Description non disponible depuis la recherche,Stock non disponible,ISBN non disponible,Éditeur non disponible,Date non disponible,Nombre de pages non disponible,Rang de vente non disponible,Religion,52.0,,
"Deutschland Aktuell. L'Allemagne d'aujourd'hui, les nouveaux défis. 3e édition actualisée et enrichie",https://www.amazon.fr/Deutschland-Aktuell-LAllemagne-daujourdhui-actualis%C3%A9e/dp/234006645X/ref=sr_1_830,"21,01 €",de Brigitte Duconseille | 12 avril 2022,"4,6 sur 5 étoiles, détails de l’évaluation",5,Broché,https://m.media-amazon.com/images/I/61mzNQGgKZL._AC_UY218_.jpg,2025-09-04T18:50:24.925925,Description non disponible depuis la recherche,Stock non disponible,ISBN non disponible,Éditeur non disponible,Date non disponible,Nombre de pages non disponible,Rang de vente non disponible,Religion,52.0,,
Physiologie à colorier Netter,https://www.amazon.fr/Physiologie-colorier-Netter-Susan-Mulroney/dp/2294771850/ref=sr_1_831,"22,90 €",de Susan Mulroney et Adam Myers | 13 juillet 2022,"4,6 sur 5 étoiles, détails de l’évaluation",50,Broché,https://m.media-amazon.com/images/I/71Kwya-NGyL._AC_UY218_.jpg,2025-09-04T18:50:24.928517,Description non disponible depuis la recherche,Stock non disponible,ISBN non disponible,Éditeur non disponible,Date non disponible,Nombre de pages non disponible,Rang de vente non disponible,Religion,52.0,,
Pokémon - Pokédex de Kanto à Galar,https://www.amazon.fr/Pok%C3%A9mon-Pok%C3%A9dex-Kanto-%C3%A0-Galar/dp/2017142514/ref=sr_1_832,"19,95 €","de Hachette Jeunesse, Jade Chu-Lejeune, et al. | 6 octobre 2021","4,6 sur 5 étoiles, détails de l’évaluation",1 271,Relié,https://m.media-amazon.com/images/I/71z8nIB1OJL._AC_UY218_.jpg,2025-09-04T18:50:24.931198,Description non disponible depuis la recherche,Stock non disponible,ISBN non disponible,Éditeur non disponible,Date non disponible,Nombre de pages non disponible,Rang de vente non disponible,Religion,52.0,,
Apprenons le coréen ! Manuel A1-A2 3e édition: Manuel A1-A2 3ème édition,https://www.amazon.fr/Apprenons-cor%C3%A9en-Niveau-d%C3%A9butant-A1/dp/B07RD3HKPW/ref=sr_1_833,"21,00 €",Édition en Coréen | de Jin-mieung Li et Kim Bona | 5 septembre 2019,"4,6 sur 5 étoiles, détails de l’évaluation",304,Broché,https://m.media-amazon.com/images/I/91gOQWzRHoL._AC_UY218_.jpg,2025-09-04T18:50:24.934248,Description non disponible depuis la recherche,Stock non disponible,ISBN non disponible,Éditeur non disponible,Date non disponible,Nombre de pages non disponible,Rang de vente non disponible,Religion,52.0,,
Méthode d'arabe: Arabe littéral - volume 1,https://www.amazon.fr/M%C3%A9thode-darabe-Arabe-lit%C3%A9ral-1/dp/2360573004/ref=sr_1_834,"39,50 €",Luc-Willy Deheuvels,"4,5 sur 5 étoiles, détails de l’évaluation",36,Broché,https://m.media-amazon.com/images/I/61P7t6qgC6L._AC_UY218_.jpg,2025-09-04T18:50:24.936149,Description non disponible depuis la recherche,Stock non disponible,ISBN non disponible,Éditeur non disponible,Date non disponible,Nombre de pages non disponible,Rang de vente non disponible,Religion,52.0,,
Petit livre La Langue des signes française,https://www.amazon.fr/Petit-livre-Langue-signes-fran%C3%A7aise/dp/2412059616/ref=sr_1_835,"3,50 €",Olivier Marchal,"4,5 sur 5 étoiles, détails de l’évaluation",876,Broché,https://m.media-amazon.com/images/I/61HTRYRf1XL._AC_UY218_.jpg,2025-09-04T18:50:24.939016,Description non disponible depuis la recherche,Stock non disponible,ISBN non disponible,Éditeur non disponible,Date non disponible,Nombre de pages non disponible,Rang de vente non disponible,Religion,52.0,,
Cahier de Compte Facile - Suivi Mensuel: Suivez vos factures mensuelles et restez organisé | Planificateur et organisateur de budget XL - 48 mois,https://www.amazon.fr/Cahier-Compte-Facile-Planificateur-organisateur/dp/B0DN9YQMHW/ref=sr_1_836,"11,99 €",de smart essentials edition | 11 novembre 2024,"4,6 sur 5 étoiles, détails de l’évaluation",18,Broché,https://m.media-amazon.com/images/I/61hGqRYL4iL._AC_UY218_.jpg,2025-09-04T18:50:24.942448,Description non disponible depuis la recherche,Stock non disponible,ISBN non disponible,Éditeur non disponible,Date non disponible,Nombre de pages non disponible,Rang de vente non disponible,Religion,52.0,,
Carnet de bord 2025-26 des professeurs d'espagnol,https://www.amazon.fr/Carnet-bord-2025-26-professeurs-despagnol/dp/2356858660/ref=sr_1_835,"15,90 €",de Collectif | 13 juin 2025,"3,0 sur 5 étoiles, détails de l’évaluation",1,Broché,https://m.media-amazon.com/images/I/51ZzstRxiVL._AC_UY218_.jpg,2025-09-04T18:50:37.783308,Description non disponible depuis la recherche,Stock non disponible,ISBN non disponible,Éditeur non disponible,Date non disponible,Nombre de pages non disponible,Rang de vente non disponible,Religion,53.0,,
L'Atelier de Vocabulaire CM1,https://www.amazon.fr/LAtelier-Vocabulaire-CM1-Marianne-Andr%C3%A9-K%C3%A9r%C3%A9bel/dp/2091228206/ref=sr_1_836,"8,70 €",Marianne André-Kérébel,"4,7 sur 5 étoiles, détails de l’évaluation",97,Broché,https://m.media-amazon.com/images/I/61lmaK4PaDL._AC_UY218_.jpg,2025-09-04T18:50:37.785588,Description non disponible depuis la recherche,Stock non disponible,ISBN non disponible,Éditeur non disponible,Date non disponible,Nombre de pages non disponible,Rang de vente non disponible,Religion,53.0,,
"LIVRESQUE DES MOTS - Anthologie inédite & éclectique de citations: Florilège d’aphorismes, d’extraits de romans, articles, poésies, chansons, anecdotes littéraires, répliques de cinéma",https://www.amazon.fr/LIVRESQUE-MOTS-Anthologie-daphorismes-litt%C3%A9raires-ebook/dp/B0CW994YWH/ref=sr_1_837,"35,00 €",Stéphane  LALUT,"4,1 sur 5 étoiles, détails de l’évaluation",56,Format Kindle,https://m.media-amazon.com/images/I/8128RDkYAgL._AC_UY218_.jpg,2025-09-04T18:50:37.787672,Description non disponible depuis la recherche,Stock non disponible,ISBN non disponible,Éditeur non disponible,Date non disponible,Nombre de pages non disponible,Rang de vente non disponible,Religion,53.0,,
Prima aktiv: Arbeitsbuch A1.2 inkl. PagePlayer App,https://www.amazon.fr/Prima-aktiv-Arbeitsbuch-inkl-PagePlayer/dp/3061225986/ref=sr_1_838,"24,11 €",Édition en Allemand | de AA.VV | 29 juillet 2022,"4,1 sur 5 étoiles, détails de l’évaluation",7,Broché,https://m.media-amazon.com/images/I/61Gp8Mg3FSL._AC_UY218_.jpg,2025-09-04T18:50:37.790408,Description non disponible depuis la recherche,Stock non disponible,ISBN non disponible,Éditeur non disponible,Date non disponible,Nombre de pages non disponible,Rang de vente non disponible,Religion,53.0,,
Lire et écrire en français: Méthode d'alphabétisation progressive,https://www.amazon.fr/Lire-%C3%A9crire-fran%C3%A7ais-dalphab%C3%A9tisation-progressive/dp/2410011217/ref=sr_1_839,"17,50 €",de Collectif | 3 octobre 2017,"4,6 sur 5 étoiles, détails de l’évaluation",281,Broché,https://m.media-amazon.com/images/I/714LvOU9ngL._AC_UY218_.jpg,2025-09-04T18:50:37.793006,Description non disponible depuis la recherche,Stock non disponible,ISBN non disponible,Éditeur non disponible,Date non disponible,Nombre de pages non disponible,Rang de vente non disponible,Religion,53.0,,
Agenda de bord 2025/2026 - conseiller principal d’éducation: Carnet de bord et carnet de notes A4 pour CPE,https://www.amazon.fr/Agenda-bord-2025-2026-conseiller/dp/9403797347/ref=sr_1_840,"11,90 €",de Gringolivier editions | 8 mai 2025,"5,0 sur 5 étoiles, détails de l’évaluation",2,Broché,https://m.media-amazon.com/images/I/718Jk+PlDaL._AC_UY218_.jpg,2025-09-04T18:50:37.795374,Description non disponible depuis la recherche,Stock non disponible,ISBN non disponible,Éditeur non disponible,Date non disponible,Nombre de pages non disponible,Rang de vente non disponible,Religion,53.0,,
Parlons Japonais A1-A2.1: Niveau A1-A2.1,https://www.amazon.fr/Parlons-Japonais-A1-A2-1-Niveau/dp/2706153814/ref=sr_1_841,"29,20 €",TOMOKO HIGASHI,"5,0 sur 5 étoiles, détails de l’évaluation",5,Broché,https://m.media-amazon.com/images/I/71-t2-MDyOL._AC_UY218_.jpg,2025-09-04T18:50:37.797806,Description non disponible depuis la recherche,Stock non disponible,ISBN non disponible,Éditeur non disponible,Date non disponible,Nombre de pages non disponible,Rang de vente non disponible,Religion,53.0,,
"Carte Départementale Hautes-Pyrénées, Pyrénées Atlantiques",https://www.amazon.fr/Carte-Hautes-Pyr%C3%A9n%C3%A9es-Pyr%C3%A9n%C3%A9es-Atlantiques-Michelin-Collectif/dp/2067202448/ref=sr_1_842,"6,50 €",Michelin,"4,7 sur 5 étoiles, détails de l’évaluation",165,Carte,https://m.media-amazon.com/images/I/81m1a7p1PhL._AC_UY218_.jpg,2025-09-04T18:50:37.800122,Description non disponible depuis la recherche,Stock non disponible,ISBN non disponible,Éditeur non disponible,Date non disponible,Nombre de pages non disponible,Rang de vente non disponible,Religion,53.0,,
Mon imagier T'choupi français anglais - Dès 2 ans,https://www.amazon.fr/Mon-imagier-Tchoupi-fran%C3%A7ais-anglais/dp/2092575589/ref=sr_1_845,"12,90 €",Thierry Courtin,"4,8 sur 5 étoiles, détails de l’évaluation",437,Relié,https://m.media-amazon.com/images/I/71S7wQrBdvL._AC_UY218_.jpg,2025-09-04T18:50:37.808077,Description non disponible depuis la recherche,Stock non disponible,ISBN non disponible,Éditeur non disponible,Date non disponible,Nombre de pages non disponible,Rang de vente non disponible,Religion,53.0,,
One Piece Les recettes pirates de Sanji Le cuisinier marin de première classe (edición francesa),https://www.amazon.fr/One-Piece-recettes-pirates-Sanji/dp/2344025294/ref=sr_1_846,"20,00 €",Sanji,"4,7 sur 5 étoiles, détails de l’évaluation",1 046,Broché,https://m.media-amazon.com/images/I/91fYmxCg4uL._AC_UY218_.jpg,2025-09-04T18:50:37.810150,Description non disponible depuis la recherche,Stock non disponible,ISBN non disponible,Éditeur non disponible,Date non disponible,Nombre de pages non disponible,Rang de vente non disponible,Religion,53.0,,
Vocabulaire anglais - 5e éd. - Politique - Économie - Société: Politique - Économie - Société,https://www.amazon.fr/Vocabulaire-anglais-Politique-%C3%89conomie-Soci%C3%A9t%C3%A9/dp/2200617895/ref=sr_1_847,"23,60 €",Jean Max Thomson,"4,8 sur 5 étoiles, détails de l’évaluation",21,Broché,https://m.media-amazon.com/images/I/71+9wEBvKDL._AC_UY218_.jpg,2025-09-04T18:50:37.812205,Description non disponible depuis la recherche,Stock non disponible,ISBN non disponible,Éditeur non disponible,Date non disponible,Nombre de pages non disponible,Rang de vente non disponible,Religion,53.0,,
Longman Active Study Dictionary 5e Ed.,https://www.amazon.fr/Longman-Active-Study-Dictionary-Ed/dp/1408232367/ref=sr_1_848,"19,50 €",LONGMAN,"4,7 sur 5 étoiles, détails de l’évaluation",212,Broché,https://m.media-amazon.com/images/I/71CtpYwxedL._AC_UY218_.jpg,2025-09-04T18:50:37.814448,Description non disponible depuis la recherche,Stock non disponible,ISBN non disponible,Éditeur non disponible,Date non disponible,Nombre de pages non disponible,Rang de vente non disponible,Religion,53.0,,
"La littérature de A à Z (nouvelle édition): les auteurs, les oeuvres et les procédés littéraires",https://www.amazon.fr/litt%C3%A9rature-nouvelle-%C3%A9dition-proc%C3%A9d%C3%A9s-litt%C3%A9raires/dp/2401077901/ref=sr_1_849,"14,95 €","de Claude Eterstein, Laurence Martin, et al. | 23 juin 2021","4,5 sur 5 étoiles, détails de l’évaluation",48,Broché,https://m.media-amazon.com/images/I/71XkyK7zZgL._AC_UY218_.jpg,2025-09-04T18:50:37.817962,Description non disponible depuis la recherche,Stock non disponible,ISBN non disponible,Éditeur non disponible,Date non disponible,Nombre de pages non disponible,Rang de vente non disponible,Religion,53.0,,
ROUTE DES GRANDES ALPES,https://www.amazon.fr/ROUTE-GRANDES-ALPES-COLLECTIF/dp/2758555387/ref=sr_1_850,"9,30 €",Carte,"4,8 sur 5 étoiles, détails de l’évaluation",21,Carte,https://m.media-amazon.com/images/I/61c8YSAuLQL._AC_UY218_.jpg,2025-09-04T18:50:37.819909,Description non disponible depuis la recherche,Stock non disponible,ISBN non disponible,Éditeur non disponible,Date non disponible,Nombre de pages non disponible,Rang de vente non disponible,Religion,53.0,,
My Brother,https://www.amazon.fr/My-Brother-Anthony-Browne/dp/0552560219/ref=sr_1_851,"8,51 €",Anthony Browne,"4,7 sur 5 étoiles, détails de l’évaluation",201,Broché,https://m.media-amazon.com/images/I/91W2HAcwR6L._AC_UY218_.jpg,2025-09-04T18:50:37.822312,Description non disponible depuis la recherche,Stock non disponible,ISBN non disponible,Éditeur non disponible,Date non disponible,Nombre de pages non disponible,Rang de vente non disponible,Religion,53.0,,
Chats - Agenda 2026,https://www.amazon.fr/Chats-Agenda-2026-Collectif/dp/2897763027/ref=sr_1_852,"18,95 €",Couverture à spirales,"4,7 sur 5 étoiles, détails de l’évaluation",7,Couverture à spirales,https://m.media-amazon.com/images/I/8181++TeUVL._AC_UY218_.jpg,2025-09-04T18:50:37.824264,Description non disponible depuis la recherche,Stock non disponible,ISBN non disponible,Éditeur non disponible,Date non disponible,Nombre de pages non disponible,Rang de vente non disponible,Religion,53.0,,
DCG 12 - Anglais des affaires : Manuel et Applications: Maîtriser les compétences et réussir le diplôme,https://www.amazon.fr/DCG-12-Applications-Ma%C3%AEtriser-comp%C3%A9tences-ebook/dp/B0C83W5V4S/ref=sr_1_851,"21,99 €",de Julie Dancre et Sylvie Hadman | 13 juin 2023,"4,0 sur 5 étoiles, détails de l’évaluation",7,Format Kindle,https://m.media-amazon.com/images/I/71BUIEpJByL._AC_UY218_.jpg,2025-09-04T18:50:48.604336,Description non disponible depuis la recherche,Stock non disponible,ISBN non disponible,Éditeur non disponible,Date non disponible,Nombre de pages non disponible,Rang de vente non disponible,Religion,54.0,,
Mon carnet de lecture - Romance,https://www.amazon.fr/carnet-lecture-Lylybay-alias-Lylyblabla/dp/2501196775/ref=sr_1_852,"9,90 €",de Lylybay alias Lylyblabla | 27 août 2025,"5,0 sur 5 étoiles, détails de l’évaluation",2,Broché,https://m.media-amazon.com/images/I/81CQ5iMq++L._AC_UY218_.jpg,2025-09-04T18:50:48.606754,Description non disponible depuis la recherche,Stock non disponible,ISBN non disponible,Éditeur non disponible,Date non disponible,Nombre de pages non disponible,Rang de vente non disponible,Religion,54.0,,
ECN référentiel d'Anesthésie-réanimation et de médecine péri-opératoire: Conforme au nouveau programme,https://www.amazon.fr/R%C3%A9f%C3%A9rentiel-danesth%C3%A9sie-r%C3%A9animation-m%C3%A9decine-p%C3%A9ri-op%C3%A9ratoire-CNEAR/dp/2869067569/ref=sr_1_853,"37,00 €","de (CNEAR) Collège National des Enseignants det#8217;anesthésie et de réanimation, Gérald Chanques, et al. | 17 septembre 2020","4,7 sur 5 étoiles, détails de l’évaluation",25,Broché,https://m.media-amazon.com/images/I/61aC-LQR-1L._AC_UY218_.jpg,2025-09-04T18:50:48.609534,Description non disponible depuis la recherche,Stock non disponible,ISBN non disponible,Éditeur non disponible,Date non disponible,Nombre de pages non disponible,Rang de vente non disponible,Religion,54.0,,
Advanced Grammar in Use Book + Ebook and Online Test,https://www.amazon.fr/Advanced-Grammar-Book-Ebook-Online/dp/1108920217/ref=sr_1_854,"32,42 €",Martin Hewings,"4,7 sur 5 étoiles, détails de l’évaluation",205,Coffret produits,https://m.media-amazon.com/images/I/61+Ck2Yb0fL._AC_UY218_.jpg,2025-09-04T18:50:48.611741,Description non disponible depuis la recherche,Stock non disponible,ISBN non disponible,Éditeur non disponible,Date non disponible,Nombre de pages non disponible,Rang de vente non disponible,Religion,54.0,,
Enzyklopädie der Gräser,https://www.amazon.fr/Enzyklop%C3%A4die-Gr%C3%A4ser-Rick-Darke/dp/3800157640/ref=sr_1_855,"97,61 €",Rick Darke,"4,4 sur 5 étoiles, détails de l’évaluation",2,Relié,https://m.media-amazon.com/images/I/91DLSlkYLbL._AC_UY218_.jpg,2025-09-04T18:50:48.613885,Description non disponible depuis la recherche,Stock non disponible,ISBN non disponible,Éditeur non disponible,Date non disponible,Nombre de pages non disponible,Rang de vente non disponible,Religion,54.0,,
Bescherelle - Le vocabulaire pour tous (nouvelle édition): pour mieux s'exprimer à l'écrit et à l'oral,https://www.amazon.fr/Bescherelle-vocabulaire-nouvelle-%C3%A9dition-sexprimer/dp/240110478X/ref=sr_1_856,"10,50 €",Adeline Lesot,"4,8 sur 5 étoiles, détails de l’évaluation",273,Broché,https://m.media-amazon.com/images/I/61qhdLdPx5L._AC_UY218_.jpg,2025-09-04T18:50:48.616153,Description non disponible depuis la recherche,Stock non disponible,ISBN non disponible,Éditeur non disponible,Date non disponible,Nombre de pages non disponible,Rang de vente non disponible,Religion,54.0,,
Holes,https://www.amazon.fr/Holes-Louis-Sachar/dp/044022859X/ref=sr_1_857,"6,99 €",Louis Sachar,"4,7 sur 5 étoiles, détails de l’évaluation",32 952,Poche,https://m.media-amazon.com/images/I/81wiZw1LEXL._AC_UY218_.jpg,2025-09-04T18:50:48.620350,Description non disponible depuis la recherche,Stock non disponible,ISBN non disponible,Éditeur non disponible,Date non disponible,Nombre de pages non disponible,Rang de vente non disponible,Religion,54.0,,
La grammaire progressive de l'anglais,https://www.amazon.fr/grammaire-progressive-langlais-Romain-Delhem/dp/2708016504/ref=sr_1_858,"18,00 €",Alexis Pichard,"5,0 sur 5 étoiles, détails de l’évaluation",3,Broché,https://m.media-amazon.com/images/I/81IC3qUwJcL._AC_UY218_.jpg,2025-09-04T18:50:48.622399,Description non disponible depuis la recherche,Stock non disponible,ISBN non disponible,Éditeur non disponible,Date non disponible,Nombre de pages non disponible,Rang de vente non disponible,Religion,54.0,,
Dictionnaire médical de poche: Avec des planches anatomiques en couleurs,https://www.amazon.fr/Dictionnaire-m%C3%A9dical-poche-planches-anatomiques/dp/2294747216/ref=sr_1_861,"16,90 €",Ibrahim Marroun,"4,6 sur 5 étoiles, détails de l’évaluation",184,Broché,https://m.media-amazon.com/images/I/61hvVH-+k4L._AC_UY218_.jpg,2025-09-04T18:50:48.630971,Description non disponible depuis la recherche,Stock non disponible,ISBN non disponible,Éditeur non disponible,Date non disponible,Nombre de pages non disponible,Rang de vente non disponible,Religion,54.0,,
Géographie CM1 (+ CD-Rom): EDITION 2017 - Avec évaluations,https://www.amazon.fr/G%C3%A9ographie-CM1-CD-Rom-Daniel-Gal/dp/2725636019/ref=sr_1_862,"63,00 €",Alexandra Baudinault,"4,4 sur 5 étoiles, détails de l’évaluation",62,Broché,https://m.media-amazon.com/images/I/61+eJRoQnOL._AC_UY218_.jpg,2025-09-04T18:50:48.633254,Description non disponible depuis la recherche,Stock non disponible,ISBN non disponible,Éditeur non disponible,Date non disponible,Nombre de pages non disponible,Rang de vente non disponible,Religion,54.0,,
Agenda de bord 2025/2026 Enseignant: Carnet de bord A4 pour les professeurs,https://www.amazon.fr/Agenda-bord-2025-2026-Enseignant/dp/940379738X/ref=sr_1_863,"11,90 €",Gringolivier editions,"5,0 sur 5 étoiles, détails de l’évaluation",2,Broché,https://m.media-amazon.com/images/I/61SQpPUO2+L._AC_UY218_.jpg,2025-09-04T18:50:48.635028,Description non disponible depuis la recherche,Stock non disponible,ISBN non disponible,Éditeur non disponible,Date non disponible,Nombre de pages non disponible,Rang de vente non disponible,Religion,54.0,,
Je lis le texte et je comprends ma lecture. Lire et répondre aux questions de compréhension. 150 questions CE2 CM1 CM2 6e FLE: Aussi pour dyslexiques ... deux avares outils et ressources pédagogiques,https://www.amazon.fr/comprends-lecture-r%C3%A9pondre-questions-compr%C3%A9hension/dp/293127058X/ref=sr_1_864,"19,99 €",Frédéric Luhmer,"5,0 sur 5 étoiles, détails de l’évaluation",5,Broché,https://m.media-amazon.com/images/I/71rUvFw7ENL._AC_UY218_.jpg,2025-09-04T18:50:48.637483,Description non disponible depuis la recherche,Stock non disponible,ISBN non disponible,Éditeur non disponible,Date non disponible,Nombre de pages non disponible,Rang de vente non disponible,Religion,54.0,,
Fondements et étapes du processus de recherche,https://www.amazon.fr/Fondements-%C3%A9tapes-du-processus-recherche/dp/2765073562/ref=sr_1_865,"70,00 €",Marie-Fabienne Fortin,"4,9 sur 5 étoiles, détails de l’évaluation",13,Broché,https://m.media-amazon.com/images/I/51ZnA7iRw-L._AC_UY218_.jpg,2025-09-04T18:50:48.639423,Description non disponible depuis la recherche,Stock non disponible,ISBN non disponible,Éditeur non disponible,Date non disponible,Nombre de pages non disponible,Rang de vente non disponible,Religion,54.0,,
Bled supérieur - Anglais,https://www.amazon.fr/Bled-sup%C3%A9rieur-Sophie-Mc-Keown/dp/2017196754/ref=sr_1_866,"14,50 €",Sophie Mc Keown,"5,0 sur 5 étoiles, détails de l’évaluation",5,Broché,https://m.media-amazon.com/images/I/713AjqdRDgL._AC_UY218_.jpg,2025-09-04T18:50:48.642223,Description non disponible depuis la recherche,Stock non disponible,ISBN non disponible,Éditeur non disponible,Date non disponible,Nombre de pages non disponible,Rang de vente non disponible,Religion,54.0,,
Thinking in Systems: International Bestseller,https://www.amazon.fr/Thinking-Systems-Donella-H-Meadows/dp/1603580557/ref=sr_1_867,"17,00 €",Donella Meadows,"4,6 sur 5 étoiles, détails de l’évaluation",5 625,Broché,https://m.media-amazon.com/images/I/71+QmpkC0aL._AC_UY218_.jpg,2025-09-04T18:50:48.645946,Description non disponible depuis la recherche,Stock non disponible,ISBN non disponible,Éditeur non disponible,Date non disponible,Nombre de pages non disponible,Rang de vente non disponible,Religion,54.0,,
Planète SVT 2nde - Livre Élève - Ed. 2019,https://www.amazon.fr/Plan%C3%A8te-SVT-2nde-Livre-%C3%89l%C3%A8ve/dp/2013954735/ref=sr_1_868,"35,90 €","de Florence Bolognesi, Catherine Lamy, et al. | 22 mai 2019","4,3 sur 5 étoiles, détails de l’évaluation",19,Relié,https://m.media-amazon.com/images/I/813Fx7ouqhL._AC_UY218_.jpg,2025-09-04T18:50:48.648655,Description non disponible depuis la recherche,Stock non disponible,ISBN non disponible,Éditeur non disponible,Date non disponible,Nombre de pages non disponible,Rang de vente non disponible,Religion,54.0,,
"60 Partitions de Piano Faciles pour Débutants: Chansons Françaises Classiques et Modernes, Connues et Populaires, avec Doigtés et Paroles, Classées en 3 Niveaux de Difficulté",https://www.amazon.fr/Partitions-Piano-Faciles-pour-D%C3%A9butants/dp/B0DH55P3RW/ref=sr_1_867,"11,98 €",Piano Melody,"4,1 sur 5 étoiles, détails de l’évaluation",60,Broché,https://m.media-amazon.com/images/I/61DQlIuvwuL._AC_UY218_.jpg,2025-09-04T18:50:56.801901,Description non disponible depuis la recherche,Stock non disponible,ISBN non disponible,Éditeur non disponible,Date non disponible,Nombre de pages non disponible,Rang de vente non disponible,Religion,55.0,,
Montserrat,https://www.amazon.fr/Montserrat-Emmanuel-Robl%C3%A8s/dp/2253003530/ref=sr_1_869,"7,40 €",Emmanuel Roblès,"4,6 sur 5 étoiles, détails de l’évaluation",497,Poche,https://m.media-amazon.com/images/I/71-uzI-9ejL._AC_UY218_.jpg,2025-09-04T18:50:56.807694,Description non disponible depuis la recherche,Stock non disponible,ISBN non disponible,Éditeur non disponible,Date non disponible,Nombre de pages non disponible,Rang de vente non disponible,Religion,55.0,,
Petit livre de - Les 800 expressions pour tout dire en coréen,https://www.amazon.fr/expressions-pour-tout-dire-cor%C3%A9en/dp/2412075042/ref=sr_1_870,"3,50 €",Yumi Han,"4,7 sur 5 étoiles, détails de l’évaluation",276,Broché,https://m.media-amazon.com/images/I/611+aw-AihL._AC_UY218_.jpg,2025-09-04T18:50:56.810354,Description non disponible depuis la recherche,Stock non disponible,ISBN non disponible,Éditeur non disponible,Date non disponible,Nombre de pages non disponible,Rang de vente non disponible,Religion,55.0,,
"Investir Intelligemment pour Gagner en Bourse: Leçons des Meilleurs Investisseurs - Warren Buffet, Benjamin Graham, Philip Fisher et Peter Lynch",https://www.amazon.fr/Investir-Intelligemment-pour-Gagner-Bourse/dp/B0CL9NVYXF/ref=sr_1_871,"17,47 €",de L'investisseur Intelligent | 18 octobre 2023,"4,4 sur 5 étoiles, détails de l’évaluation",93,Broché,https://m.media-amazon.com/images/I/61zL3FgxJhL._AC_UY218_.jpg,2025-09-04T18:50:56.813486,Description non disponible depuis la recherche,Stock non disponible,ISBN non disponible,Éditeur non disponible,Date non disponible,Nombre de pages non disponible,Rang de vente non disponible,Religion,55.0,,
"Améliorer sa conjugaison CM1/CM2 9-11 ans - Chouette, Je réussis !: cahier de soutien en français",https://www.amazon.fr/Am%C3%A9liorer-conjugaison-CM1-CM2-9-11/dp/2401093753/ref=sr_1_872,"3,95 €",Lou Lecacheur,"4,8 sur 5 étoiles, détails de l’évaluation",36,Broché,https://m.media-amazon.com/images/I/71mgMdqL6nL._AC_UY218_.jpg,2025-09-04T18:50:56.816112,Description non disponible depuis la recherche,Stock non disponible,ISBN non disponible,Éditeur non disponible,Date non disponible,Nombre de pages non disponible,Rang de vente non disponible,Religion,55.0,,
Dictionnaire Hachette Allemand POCHE,https://www.amazon.fr/Dictionnaire-Hachette-POCHE-Allemand-Collectif/dp/2014006849/ref=sr_1_873,"7,90 €",de Collectif | 7 juin 2023,"4,6 sur 5 étoiles, détails de l’évaluation",5,Broché,https://m.media-amazon.com/images/I/81rEaLSVwSL._AC_UY218_.jpg,2025-09-04T18:50:56.818665,Description non disponible depuis la recherche,Stock non disponible,ISBN non disponible,Éditeur non disponible,Date non disponible,Nombre de pages non disponible,Rang de vente non disponible,Religion,55.0,,
"Warhammer 40,000 Character Encyclopedia: Includes Lieutenant Titus Miniature",https://www.amazon.fr/Warhammer-000-Character-Encyclopedia-Lieutenant/dp/0241761522/ref=sr_1_874,"28,71 €",Wade Pryce,Note non disponible,0 avis,Relié,https://m.media-amazon.com/images/I/91xsiCZLrlL._AC_UY218_.jpg,2025-09-04T18:50:56.821974,Description non disponible depuis la recherche,Stock non disponible,ISBN non disponible,Éditeur non disponible,Date non disponible,Nombre de pages non disponible,Rang de vente non disponible,Religion,55.0,,
"MINECRAFT, LE GUIDE DU COMBAT",https://www.amazon.fr/MINECRAFT-GUIDE-DU-COMBAT-Collectif/dp/2075107858/ref=sr_1_877,"12,50 €",Coffret produits,"4,8 sur 5 étoiles, détails de l’évaluation",75,Coffret produits,https://m.media-amazon.com/images/I/714B6bobniL._AC_UY218_.jpg,2025-09-04T18:50:56.830047,Description non disponible depuis la recherche,Stock non disponible,ISBN non disponible,Éditeur non disponible,Date non disponible,Nombre de pages non disponible,Rang de vente non disponible,Religion,55.0,,
Atlas historique de la France,https://www.amazon.fr/Atlas-historique-France-Christian-Grataloup/dp/B08BF44G8H/ref=sr_1_878,"27,00 €",Christian Grataloup,"4,8 sur 5 étoiles, détails de l’évaluation",234,Broché,https://m.media-amazon.com/images/I/81n4d7rf8EL._AC_UY218_.jpg,2025-09-04T18:50:56.832123,Description non disponible depuis la recherche,Stock non disponible,ISBN non disponible,Éditeur non disponible,Date non disponible,Nombre de pages non disponible,Rang de vente non disponible,Religion,55.0,,
L'Oreille cassée,https://www.amazon.fr/Aventures-Tintin-Loreille-cass%C3%A9e/dp/2203001054/ref=sr_1_879,"12,50 €",Hergé,"4,8 sur 5 étoiles, détails de l’évaluation",646,Broché,https://m.media-amazon.com/images/I/91aHCGxuqNL._AC_UY218_.jpg,2025-09-04T18:50:56.834843,Description non disponible depuis la recherche,Stock non disponible,ISBN non disponible,Éditeur non disponible,Date non disponible,Nombre de pages non disponible,Rang de vente non disponible,Religion,55.0,,
Taoki et compagnie CP :-Manuel élève- Edition 2010,https://www.amazon.fr/Taoki-compagnie-CP-Manuel-%C3%A9l%C3%A8ve/dp/2011165520/ref=sr_1_880,"14,90 €",Angélique Le Van Gong,"4,7 sur 5 étoiles, détails de l’évaluation",479,Relié,https://m.media-amazon.com/images/I/81mxOElwhoL._AC_UY218_.jpg,2025-09-04T18:50:56.837746,Description non disponible depuis la recherche,Stock non disponible,ISBN non disponible,Éditeur non disponible,Date non disponible,Nombre de pages non disponible,Rang de vente non disponible,Religion,55.0,,
Learn english with cat and mouse - go to school,https://www.amazon.fr/Cat-Mouse-school-1CD-audio/dp/2368361669/ref=sr_1_881,"14,90 €",Édition en Anglais | de Stéphane Husar et Loïc Méhée | 6 février 2020,"4,8 sur 5 étoiles, détails de l’évaluation",46,Relié,https://m.media-amazon.com/images/I/61ggEfoKZzL._AC_UY218_.jpg,2025-09-04T18:50:56.840706,Description non disponible depuis la recherche,Stock non disponible,ISBN non disponible,Éditeur non disponible,Date non disponible,Nombre de pages non disponible,Rang de vente non disponible,Religion,55.0,,
Bescherelle - Allemand : les verbes: la référence sur la conjugaison allemande,https://www.amazon.fr/Allemand-verbes-Michel-Esterle/dp/2218926164/ref=sr_1_882,"11,50 €",Michel Esterle,"4,8 sur 5 étoiles, détails de l’évaluation",193,Broché,https://m.media-amazon.com/images/I/61e3L7b3yGL._AC_UY218_.jpg,2025-09-04T18:50:56.843484,Description non disponible depuis la recherche,Stock non disponible,ISBN non disponible,Éditeur non disponible,Date non disponible,Nombre de pages non disponible,Rang de vente non disponible,Religion,55.0,,
Cours de langue grecque : grammaire grecque à l'usage des Classes de la 4° aux Classes préparatoires,https://www.amazon.fr/Cours-langue-grecque-grammaire-pr%C3%A9paratoires/dp/2010003497/ref=sr_1_883,"22,95 €",J. Allard,"4,7 sur 5 étoiles, détails de l’évaluation",92,Broché,https://m.media-amazon.com/images/I/71MayVr1n3L._AC_UY218_.jpg,2025-09-04T18:50:56.845721,Description non disponible depuis la recherche,Stock non disponible,ISBN non disponible,Éditeur non disponible,Date non disponible,Nombre de pages non disponible,Rang de vente non disponible,Religion,55.0,,
Educating Rita,https://www.amazon.fr/Educating-Rita-Willy-Russell/dp/135020093X/ref=sr_1_884,"13,49 €",Willy Russell,"5,0 sur 5 étoiles, détails de l’évaluation",6,Broché,https://m.media-amazon.com/images/I/81jxDgS7-3L._AC_UY218_.jpg,2025-09-04T18:50:56.849033,Description non disponible depuis la recherche,Stock non disponible,ISBN non disponible,Éditeur non disponible,Date non disponible,Nombre de pages non disponible,Rang de vente non disponible,Religion,55.0,,
"1000 exercices d'orthographe, spécial collège",https://www.amazon.fr/1000-exercices-dorthographe-sp%C3%A9cial-coll%C3%A8ge/dp/2035947227/ref=sr_1_883,"9,95 €",Daniel Berlion,"4,6 sur 5 étoiles, détails de l’évaluation",297,Broché,https://m.media-amazon.com/images/I/71mPauirPzL._AC_UY218_.jpg,2025-09-04T18:51:07.262030,Description non disponible depuis la recherche,Stock non disponible,ISBN non disponible,Éditeur non disponible,Date non disponible,Nombre de pages non disponible,Rang de vente non disponible,Religion,56.0,,
ABC DELF - Niveau B1 - 3ème édition: Audio en ligne et version numérique 100% interactive incluse,https://www.amazon.fr/ABC-DELF-%C3%A9dition-num%C3%A9rique-interactive/dp/2090398043/ref=sr_1_884,"20,00 €","de Cédric Vial, A. Bredelet, et al. | 6 mai 2025","5,0 sur 5 étoiles, détails de l’évaluation",1,Broché,https://m.media-amazon.com/images/I/617wIHKkjYL._AC_UY218_.jpg,2025-09-04T18:51:07.265378,Description non disponible depuis la recherche,Stock non disponible,ISBN non disponible,Éditeur non disponible,Date non disponible,Nombre de pages non disponible,Rang de vente non disponible,Religion,56.0,,
Anatomie pour le Mouvement - T2 : Bases d'Exercices,https://www.amazon.fr/Anatomie-pour-Mouvement-Bases-dExercices/dp/2364030870/ref=sr_1_885,"29,50 €",Blandine Calais-Germain,"4,5 sur 5 étoiles, détails de l’évaluation",156,Broché,https://m.media-amazon.com/images/I/61BzRdTfFyL._AC_UY218_.jpg,2025-09-04T18:51:07.267385,Description non disponible depuis la recherche,Stock non disponible,ISBN non disponible,Éditeur non disponible,Date non disponible,Nombre de pages non disponible,Rang de vente non disponible,Religion,56.0,,
Übungsbuch - 150 Lückentexte: von A2 bis C1,https://www.amazon.fr/%C3%9Cbungsbuch-150-L%C3%BCckentexte-von-bis/dp/3347104838/ref=sr_1_886,"28,37 €",Reinhard Laun,"4,7 sur 5 étoiles, détails de l’évaluation",8,Relié,https://m.media-amazon.com/images/I/616FMC3ioSL._AC_UY218_.jpg,2025-09-04T18:51:07.272164,Description non disponible depuis la recherche,Stock non disponible,ISBN non disponible,Éditeur non disponible,Date non disponible,Nombre de pages non disponible,Rang de vente non disponible,Religion,56.0,,
"Bescherelle lycée - Maths 2de, 1re, Tle Nouveau bac: tous les programmes de maths au lycée",https://www.amazon.fr/Bescherelle-lyc%C3%A9e-Maths-Nouveau-programmes/dp/2401104747/ref=sr_1_887,"13,95 €",Géraud Chaumeil,"4,5 sur 5 étoiles, détails de l’évaluation",12,Broché,https://m.media-amazon.com/images/I/712lWdzvZYL._AC_UY218_.jpg,2025-09-04T18:51:07.275017,Description non disponible depuis la recherche,Stock non disponible,ISBN non disponible,Éditeur non disponible,Date non disponible,Nombre de pages non disponible,Rang de vente non disponible,Religion,56.0,,
Les 900 plantes de jardin à connaître,https://www.amazon.fr/900-plantes-jardin-%C3%A0-conna%C3%AEtre/dp/2379223483/ref=sr_1_888,"32,00 €",Didier Willery,"4,8 sur 5 étoiles, détails de l’évaluation",44,Relié,https://m.media-amazon.com/images/I/71v9smGn3KL._AC_UY218_.jpg,2025-09-04T18:51:07.277869,Description non disponible depuis la recherche,Stock non disponible,ISBN non disponible,Éditeur non disponible,Date non disponible,Nombre de pages non disponible,Rang de vente non disponible,Religion,56.0,,
Le Grand Atlas du monde,https://www.amazon.fr/Grand-Atlas-Autrement-Flammarion-Jeunesse/dp/2080442155/ref=sr_1_889,"24,90 €",de Olivier Godard | 27 août 2025,Note non disponible,0 avis,Relié,https://m.media-amazon.com/images/I/81lGitIR4hL._AC_UY218_.jpg,2025-09-04T18:51:07.280873,Description non disponible depuis la recherche,Stock non disponible,ISBN non disponible,Éditeur non disponible,Date non disponible,Nombre de pages non disponible,Rang de vente non disponible,Religion,56.0,,
"Encyclopédie des plantes d'intérieur: 500 plantes, des plus classiques aux plus insolites - Les choisir, les entretenir, les soigner - Les mutiplier et agrandir sa collection",https://www.amazon.fr/Encyclop%C3%A9die-plantes-dint%C3%A9rieur-classiques-entretenir/dp/2379223521/ref=sr_1_890,"32,00 €",de Solène Moutardier | 12 septembre 2024,"4,8 sur 5 étoiles, détails de l’évaluation",17,Relié,https://m.media-amazon.com/images/I/71-mvR7j7QL._AC_UY218_.jpg,2025-09-04T18:51:07.283475,Description non disponible depuis la recherche,Stock non disponible,ISBN non disponible,Éditeur non disponible,Date non disponible,Nombre de pages non disponible,Rang de vente non disponible,Religion,56.0,,
"Anglais. Stage intensif spécial prépas commerciales et scientifiques B2-C1 (Révisions grammaticales, Entraînement à la traduction et à l'oral)",https://www.amazon.fr/Anglais-B2-C1-commerciales-scientifiques/dp/2340046084/ref=sr_1_893,"23,00 €",Daniel Gandrillon,"3,9 sur 5 étoiles, détails de l’évaluation",8,Broché,https://m.media-amazon.com/images/I/61PRzkcx5tL._AC_UY218_.jpg,2025-09-04T18:51:07.291977,Description non disponible depuis la recherche,Stock non disponible,ISBN non disponible,Éditeur non disponible,Date non disponible,Nombre de pages non disponible,Rang de vente non disponible,Religion,56.0,,
"La méthode complète pour bien gérer son argent: Des étapes simples et efficaces pour apprendre à maitriser ses finances, épargner et investir pour ... des revenus passifs en partant de zéro.",https://www.amazon.fr/m%C3%A9thode-compl%C3%A8te-pour-g%C3%A9rer-argent/dp/B0DVQF8R6S/ref=sr_1_894,"17,00 €",Amélie Legrand,"4,2 sur 5 étoiles, détails de l’évaluation",19,Broché,https://m.media-amazon.com/images/I/61iS8Y-LRFL._AC_UY218_.jpg,2025-09-04T18:51:07.294811,Description non disponible depuis la recherche,Stock non disponible,ISBN non disponible,Éditeur non disponible,Date non disponible,Nombre de pages non disponible,Rang de vente non disponible,Religion,56.0,,
Les Caractères ou Les moeurs de ce siècle,https://www.amazon.fr/Caract%C3%A8res-moeurs-si%C3%A8cle-Jean-Bruy%C3%A8re/dp/2253015059/ref=sr_1_895,"5,90 €",Jean de La Bruyère,"4,5 sur 5 étoiles, détails de l’évaluation",222,Poche,https://m.media-amazon.com/images/I/81jBRaI57wL._AC_UY218_.jpg,2025-09-04T18:51:07.298287,Description non disponible depuis la recherche,Stock non disponible,ISBN non disponible,Éditeur non disponible,Date non disponible,Nombre de pages non disponible,Rang de vente non disponible,Religion,56.0,,
"ANNALÉES CORRIGÉES DES EVC – RADIODIAGNOSTIC ET IMAGERIE MÉDICALE 2009–2021: Corrigés Officiels, Détaillés et Pédagogiques – Conformes aux ... et Européennes (PAE / EVC / PADHUE)",https://www.amazon.fr/ANNAL%C3%89ES-CORRIG%C3%89ES-EVC-RADIODIAGNOSTIC-P%C3%A9dagogiques/dp/B0FHWTYZ11/ref=sr_1_896,"83,34 €",de médecin de garde médecin de garde | 16 juillet 2025,"5,0 sur 5 étoiles, détails de l’évaluation",1,Broché,https://m.media-amazon.com/images/I/61lRBeUkoeL._AC_UY218_.jpg,2025-09-04T18:51:07.300812,Description non disponible depuis la recherche,Stock non disponible,ISBN non disponible,Éditeur non disponible,Date non disponible,Nombre de pages non disponible,Rang de vente non disponible,Religion,56.0,,
"Bescherelle - Maîtriser la grammaire allemande (grammaire & exercices): lycée, classes préparatoires et université (B1-B2)",https://www.amazon.fr/Bescherelle-Ma%C3%AEtriser-grammaire-pr%C3%A9paratoires-universit%C3%A9/dp/2401094334/ref=sr_1_897,"13,95 €",René Métrich,"4,8 sur 5 étoiles, détails de l’évaluation",24,Broché,https://m.media-amazon.com/images/I/71mQkfLNOSL._AC_UY218_.jpg,2025-09-04T18:51:07.303386,Description non disponible depuis la recherche,Stock non disponible,ISBN non disponible,Éditeur non disponible,Date non disponible,Nombre de pages non disponible,Rang de vente non disponible,Religion,56.0,,
"Guide Ultime de Metal Gear Solid Delta : Snake Eater: Solution Complète avec Tous les Objets de Collection, Stratégies de Boss et Conseils d’Expert",https://www.amazon.fr/Guide-Ultime-Metal-Solid-Delta/dp/B0FP9M7ND6/ref=sr_1_898,"16,87 €",de Marcus  J. Nate et Anonymous Anonymous | 30 août 2025,Note non disponible,0 avis,Broché,https://m.media-amazon.com/images/I/615tognoX6L._AC_UY218_.jpg,2025-09-04T18:51:07.307067,Description non disponible depuis la recherche,Stock non disponible,ISBN non disponible,Éditeur non disponible,Date non disponible,Nombre de pages non disponible,Rang de vente non disponible,Religion,56.0,,
L'espagnol (pack téléchargement),https://www.amazon.fr/T%C3%A9l%C3%A9chargement-Espagnol-livre-audio-t%C3%A9l%C3%A9chargement/dp/2700571142/ref=sr_1_899,"49,90 €",de Juan Córdoba | 23 janvier 2020,"4,4 sur 5 étoiles, détails de l’évaluation",59,Broché,https://m.media-amazon.com/images/I/71aFmGhiAhL._AC_UY218_.jpg,2025-09-04T18:51:07.309800,Description non disponible depuis la recherche,Stock non disponible,ISBN non disponible,Éditeur non disponible,Date non disponible,Nombre de pages non disponible,Rang de vente non disponible,Religion,56.0,,
Dictionnaire philosophique,https://www.amazon.fr/Dictionnaire-philosophique-Andr%C3%A9-Comte-Sponville/dp/2130804357/ref=sr_1_900,"36,00 €",André Comte-Sponville,"4,7 sur 5 étoiles, détails de l’évaluation",199,Broché,https://m.media-amazon.com/images/I/61YdwHzED1L._AC_UY218_.jpg,2025-09-04T18:51:07.312739,Description non disponible depuis la recherche,Stock non disponible,ISBN non disponible,Éditeur non disponible,Date non disponible,Nombre de pages non disponible,Rang de vente non disponible,Religion,56.0,,
"Interpréter un ECG: Un Manuel Accessible pour Maîtriser pas à pas la Lecture des Tracés et Détecter les Arythmies Cardiaques en Toute Sécurité, Simplicité et Précision",https://www.amazon.fr/Interpr%C3%A9ter-ECG-Accessible-Cardiaques-Simplicit%C3%A9/dp/B0CQ555SY3/ref=sr_1_899,"18,99 €",MedEase Academy,"4,5 sur 5 étoiles, détails de l’évaluation",60,Broché,https://m.media-amazon.com/images/I/713gxdcyJfL._AC_UY218_.jpg,2025-09-04T18:51:16.871947,Description non disponible depuis la recherche,Stock non disponible,ISBN non disponible,Éditeur non disponible,Date non disponible,Nombre de pages non disponible,Rang de vente non disponible,Religion,57.0,,
ABC DELF- Niveau B2 - 3ème édition: Audio en ligne et version numérique 100% interactive incluse,https://www.amazon.fr/ABC-DELF-Niveau-num%C3%A9rique-interactive/dp/2090398051/ref=sr_1_900,"22,60 €","de Cédric Vial, A. Bredelet, et al. | 6 mai 2025","1,0 sur 5 étoiles, détails de l’évaluation",2,Broché,https://m.media-amazon.com/images/I/613c09odBeL._AC_UY218_.jpg,2025-09-04T18:51:16.874568,Description non disponible depuis la recherche,Stock non disponible,ISBN non disponible,Éditeur non disponible,Date non disponible,Nombre de pages non disponible,Rang de vente non disponible,Religion,57.0,,
CLÉO CM1 - École inclusive: Fichier d'entrainement,https://www.amazon.fr/CL%C3%89O-CM1-inclusive-Antoine-Fetet/dp/2725640768/ref=sr_1_901,"18,00 €",de Antoine Fetet et Joëlle Gardette | 5 août 2021,"4,3 sur 5 étoiles, détails de l’évaluation",25,Broché,https://m.media-amazon.com/images/I/51X8gyteHRL._AC_UY218_.jpg,2025-09-04T18:51:16.877124,Description non disponible depuis la recherche,Stock non disponible,ISBN non disponible,Éditeur non disponible,Date non disponible,Nombre de pages non disponible,Rang de vente non disponible,Religion,57.0,,
Dictionnaire Hachette Poche,https://www.amazon.fr/Dictionnaire-Hachette-Poche-Collectif/dp/2014006911/ref=sr_1_902,"8,90 €",de Collectif | 4 juin 2025,Note non disponible,0 avis,Poche,https://m.media-amazon.com/images/I/81D0XeBW61L._AC_UY218_.jpg,2025-09-04T18:51:16.879922,Description non disponible depuis la recherche,Stock non disponible,ISBN non disponible,Éditeur non disponible,Date non disponible,Nombre de pages non disponible,Rang de vente non disponible,Religion,57.0,,
"Avant que la mémoire s'efface. Quelques propos maritimes: un livre d'Olivier de Kersauson, le testament marin du marin le plus populaire de France.",https://www.amazon.fr/m%C3%A9moire-sefface-Quelques-propos-maritimes/dp/2749179300/ref=sr_1_903,"19,80 €",Olivier de Kersauson,"4,3 sur 5 étoiles, détails de l’évaluation",182,Broché,https://m.media-amazon.com/images/I/71UXEsjmU9L._AC_UY218_.jpg,2025-09-04T18:51:16.882971,Description non disponible depuis la recherche,Stock non disponible,ISBN non disponible,Éditeur non disponible,Date non disponible,Nombre de pages non disponible,Rang de vente non disponible,Religion,57.0,,
Musculation pour le fight et les sports de combat,https://www.amazon.fr/Musculation-pour-fight-sports-combat/dp/271142135X/ref=sr_1_904,"27,90 €",Frédéric Delavier,"4,6 sur 5 étoiles, détails de l’évaluation",514,Broché,https://m.media-amazon.com/images/I/81LKzQbDPiL._AC_UY218_.jpg,2025-09-04T18:51:16.885708,Description non disponible depuis la recherche,Stock non disponible,ISBN non disponible,Éditeur non disponible,Date non disponible,Nombre de pages non disponible,Rang de vente non disponible,Religion,57.0,,
Etymologie pour les enfants latin et grec ancien,https://www.amazon.fr/Etymologie-pour-enfants-latin-ancien/dp/B0991DVSGD/ref=sr_1_905,"8,90 €","de Stéphanie Bioret, Hugues Bioret, et al. | 8 octobre 2021","4,4 sur 5 étoiles, détails de l’évaluation",70,Broché,https://m.media-amazon.com/images/I/61sfnrsUk2L._AC_UY218_.jpg,2025-09-04T18:51:16.889460,Description non disponible depuis la recherche,Stock non disponible,ISBN non disponible,Éditeur non disponible,Date non disponible,Nombre de pages non disponible,Rang de vente non disponible,Religion,57.0,,
Bescherelle - Anglais : les exercices: exercices de grammaire anglaise,https://www.amazon.fr/Bescherelle-anglais-exercices-Mich%C3%A8le-Malavieille/dp/2218934507/ref=sr_1_906,"6,95 €",Michèle Malavieille,"4,6 sur 5 étoiles, détails de l’évaluation",401,Broché,https://m.media-amazon.com/images/I/61aYh6vACIL._AC_UY218_.jpg,2025-09-04T18:51:16.892501,Description non disponible depuis la recherche,Stock non disponible,ISBN non disponible,Éditeur non disponible,Date non disponible,Nombre de pages non disponible,Rang de vente non disponible,Religion,57.0,,
Coluche l’accident. Contre-enquête,https://www.amazon.fr/Coluche-laccident-Contre-enqu%C3%AAte-Antoine-Casubolo/dp/B0D6V2LBP8/ref=sr_1_909,"19,90 €",Antoine Casubolo,"4,6 sur 5 étoiles, détails de l’évaluation",40,Broché,https://m.media-amazon.com/images/I/71ljeYUGH5L._AC_UY218_.jpg,2025-09-04T18:51:16.901649,Description non disponible depuis la recherche,Stock non disponible,ISBN non disponible,Éditeur non disponible,Date non disponible,Nombre de pages non disponible,Rang de vente non disponible,Religion,57.0,,
L'économie mondiale 2025,https://www.amazon.fr/L%C3%A9conomie-mondiale-prospectives-dinformations-internationales/dp/2348084856/ref=sr_1_910,"11,00 €",CEPII (Centre d'études prospectives et d'informations internationales),"4,0 sur 5 étoiles, détails de l’évaluation",13,Broché,https://m.media-amazon.com/images/I/51gLygK6+hL._AC_UY218_.jpg,2025-09-04T18:51:16.904366,Description non disponible depuis la recherche,Stock non disponible,ISBN non disponible,Éditeur non disponible,Date non disponible,Nombre de pages non disponible,Rang de vente non disponible,Religion,57.0,,
La grammaire anglaise de l’étudiant,https://www.amazon.fr/grammaire-anglaise-l%C3%A9tudiant-Serge-Berland-Del%C3%A9pine/dp/270801658X/ref=sr_1_911,"24,00 €",de Serge Berland-Delépine et Jean-Claude Burgué | 3 mai 2023,"4,2 sur 5 étoiles, détails de l’évaluation",6,Relié,https://m.media-amazon.com/images/I/81d7EsJr9UL._AC_UY218_.jpg,2025-09-04T18:51:16.906918,Description non disponible depuis la recherche,Stock non disponible,ISBN non disponible,Éditeur non disponible,Date non disponible,Nombre de pages non disponible,Rang de vente non disponible,Religion,57.0,,
L'anglais (livre seul),https://www.amazon.fr/Langlais-livre-seul-Anthony-Bulger/dp/2700509102/ref=sr_1_912,"26,90 €",Anthony Bulger,"4,8 sur 5 étoiles, détails de l’évaluation",9,Broché,https://m.media-amazon.com/images/I/71sbbTGknsL._AC_UY218_.jpg,2025-09-04T18:51:16.908886,Description non disponible depuis la recherche,Stock non disponible,ISBN non disponible,Éditeur non disponible,Date non disponible,Nombre de pages non disponible,Rang de vente non disponible,Religion,57.0,,
Méthode de chinois premier niveau,https://www.amazon.fr/M%C3%A9thode-chinois-Premier-Liu-Hong/dp/2360572687/ref=sr_1_913,"49,90 €",Isabelle Rabut,"4,6 sur 5 étoiles, détails de l’évaluation",36,Broché,https://m.media-amazon.com/images/I/71G+hYv9KSL._AC_UY218_.jpg,2025-09-04T18:51:16.910945,Description non disponible depuis la recherche,Stock non disponible,ISBN non disponible,Éditeur non disponible,Date non disponible,Nombre de pages non disponible,Rang de vente non disponible,Religion,57.0,,
La France: Atlas géographique et géopolitique,https://www.amazon.fr/France-Atlas-g%C3%A9ographique-g%C3%A9opolitique/dp/2080289446/ref=sr_1_914,"29,90 €","de Collectif, Florence Smits, et al. | 7 septembre 2022","4,6 sur 5 étoiles, détails de l’évaluation",74,Broché,https://m.media-amazon.com/images/I/61lbAvNfkXL._AC_UY218_.jpg,2025-09-04T18:51:16.914223,Description non disponible depuis la recherche,Stock non disponible,ISBN non disponible,Éditeur non disponible,Date non disponible,Nombre de pages non disponible,Rang de vente non disponible,Religion,57.0,,
Agenda Minecraft 2025-2026 non officiel - Agenda jeux vidéo – Rentrée scolaire 2025 – 2026 – Agenda rentrée scolaire,https://www.amazon.fr/Agenda-Minecraft-2025-2026-Rentr%C3%A9e-scolaire/dp/B0DQSVRRX3/ref=sr_1_915,Prix non disponible,Stéphane Pilet,"5,0 sur 5 étoiles, détails de l’évaluation",3,Relié,https://m.media-amazon.com/images/I/61oxgReMRYL._AC_UY218_.jpg,2025-09-04T18:51:16.916330,Description non disponible depuis la recherche,Stock non disponible,ISBN non disponible,Éditeur non disponible,Date non disponible,Nombre de pages non disponible,Rang de vente non disponible,Religion,57.0,,
"Cahier d'activités Maternelle Grande Section et CP GS 5-6 ans: 100 Activités et Jeux en Couleurs : écriture cursive, calcul additions soustractions, dessins, points à relier, labyrinthes",https://www.amazon.fr/Cahier-dactivit%C3%A9s-Maternelle-Grande-Section/dp/B097XH548H/ref=sr_1_916,"11,95 €",Relative Editions,"4,5 sur 5 étoiles, détails de l’évaluation",121,Broché,https://m.media-amazon.com/images/I/719qcZLdqBL._AC_UY218_.jpg,2025-09-04T18:51:16.918285,Description non disponible depuis la recherche,Stock non disponible,ISBN non disponible,Éditeur non disponible,Date non disponible,Nombre de pages non disponible,Rang de vente non disponible,Religion,57.0,,
Paso a paso. Vocabulaire thématique espagnol en fiches et exercices corrigés B1-B2-C1,https://www.amazon.fr/Vocabulaire-th%C3%A9matique-espagnol-exercices-corrig%C3%A9s/dp/2340036259/ref=sr_1_915,"15,50 €",de Christian Bayeux | 25 février 2020,"4,6 sur 5 étoiles, détails de l’évaluation",38,Broché,https://m.media-amazon.com/images/I/71ZF9C40AnL._AC_UY218_.jpg,2025-09-04T18:51:25.943593,Description non disponible depuis la recherche,Stock non disponible,ISBN non disponible,Éditeur non disponible,Date non disponible,Nombre de pages non disponible,Rang de vente non disponible,Religion,58.0,,
Atlas des saveurs: 1500 accords créatifs et des recettes inspirantes,https://www.amazon.fr/Atlas-saveurs-cr%C3%A9atifs-recettes-inspirantes/dp/2100834169/ref=sr_1_916,"27,90 €",Raphaël Haumont,"4,6 sur 5 étoiles, détails de l’évaluation",70,Relié,https://m.media-amazon.com/images/I/71YH7s1briL._AC_UY218_.jpg,2025-09-04T18:51:25.946580,Description non disponible depuis la recherche,Stock non disponible,ISBN non disponible,Éditeur non disponible,Date non disponible,Nombre de pages non disponible,Rang de vente non disponible,Religion,58.0,,
LA TRAVERSEE DES PYRENEES,https://www.amazon.fr/TRAVERSEE-PYRENEES-IGN/dp/2758551292/ref=sr_1_917,"9,30 €",Carte,"4,6 sur 5 étoiles, détails de l’évaluation",53,Carte,https://m.media-amazon.com/images/I/81HN0OawiHL._AC_UY218_.jpg,2025-09-04T18:51:25.948529,Description non disponible depuis la recherche,Stock non disponible,ISBN non disponible,Éditeur non disponible,Date non disponible,Nombre de pages non disponible,Rang de vente non disponible,Religion,58.0,,
Les petits devoirs - Orthographe CM1,https://www.amazon.fr/petits-devoirs-Orthographe-CM1/dp/2369408006/ref=sr_1_918,"6,95 €",Marie Chardonnet,"4,6 sur 5 étoiles, détails de l’évaluation",74,Broché,https://m.media-amazon.com/images/I/818Q5+S-XtL._AC_UY218_.jpg,2025-09-04T18:51:25.950762,Description non disponible depuis la recherche,Stock non disponible,ISBN non disponible,Éditeur non disponible,Date non disponible,Nombre de pages non disponible,Rang de vente non disponible,Religion,58.0,,
Le cahier de vacances pour réussir en médecine PASS / LAS: Testez-vous !,https://www.amazon.fr/cahier-vacances-pour-r%C3%A9ussir-m%C3%A9decine/dp/2749556279/ref=sr_1_919,"9,90 €",de Nicolas Pernodet | 3 avril 2025,"4,6 sur 5 étoiles, détails de l’évaluation",36,Broché,https://m.media-amazon.com/images/I/81YsF+Isj-L._AC_UY218_.jpg,2025-09-04T18:51:25.953304,Description non disponible depuis la recherche,Stock non disponible,ISBN non disponible,Éditeur non disponible,Date non disponible,Nombre de pages non disponible,Rang de vente non disponible,Religion,58.0,,
Kid's Box New Gen Level 5 Activity Book with Digital Pack,https://www.amazon.fr/Kids-Level-Activity-Book-Digital/dp/1108890032/ref=sr_1_920_mod_primary_new,"24,88 €",Coffret produits,"4,9 sur 5 étoiles, détails de l’évaluation",23,Coffret produits,https://m.media-amazon.com/images/I/51AUOuOfZkL._AC_UY218_.jpg,2025-09-04T18:51:25.956407,Description non disponible depuis la recherche,Stock non disponible,ISBN non disponible,Éditeur non disponible,Date non disponible,Nombre de pages non disponible,Rang de vente non disponible,Religion,58.0,,
Le Petit Prince,https://www.amazon.fr/Le-Petit-Prince/dp/B01CUWVY82/ref=sr_1_921,"0,00 €",Livres audio Audible,"4,7 sur 5 étoiles, détails de l’évaluation",13 699,Livres audio Audible,https://m.media-amazon.com/images/I/81QiCy9v6oL._AC_UY218_.jpg,2025-09-04T18:51:25.959673,Description non disponible depuis la recherche,Stock non disponible,ISBN non disponible,Éditeur non disponible,Date non disponible,Nombre de pages non disponible,Rang de vente non disponible,Religion,58.0,,
Workbook Join the Team 5e,https://www.amazon.fr/Workbook-Join-Team-Cyril-Dowling/dp/2091738204/ref=sr_1_922,"9,20 €",Hélène Adrian,"4,6 sur 5 étoiles, détails de l’évaluation",219,Broché,https://m.media-amazon.com/images/I/71eTNs0EBBL._AC_UY218_.jpg,2025-09-04T18:51:25.961878,Description non disponible depuis la recherche,Stock non disponible,ISBN non disponible,Éditeur non disponible,Date non disponible,Nombre de pages non disponible,Rang de vente non disponible,Religion,58.0,,
"Code général de la fonction publique - Partie réglementaire - Livre 1er et livre II - CGFP - Version du 1er février 2025: Livre Ier : Droits, ... Exercice du droit syndical et dialogue social",https://www.amazon.fr/Code-g%C3%A9n%C3%A9ral-fonction-publique-r%C3%A9glementaire/dp/B0DWMXF9R9/ref=sr_1_925,"9,99 €",de Stéphane MATTHEY | 9 février 2025,Note non disponible,0 avis,Broché,https://m.media-amazon.com/images/I/61O12IZsJvL._AC_UY218_.jpg,2025-09-04T18:51:25.970164,Description non disponible depuis la recherche,Stock non disponible,ISBN non disponible,Éditeur non disponible,Date non disponible,Nombre de pages non disponible,Rang de vente non disponible,Religion,58.0,,
The Money-Saving Garden Year: A Month-by-month Guide to a Great Garden that Costs Less,https://www.amazon.fr/Money-Saving-Garden-Year-Christmas-gardener/dp/0241733065/ref=sr_1_926,"18,52 €",Anya Lautenbach,"4,7 sur 5 étoiles, détails de l’évaluation",550,Relié,https://m.media-amazon.com/images/I/81qEQl1CA7L._AC_UY218_.jpg,2025-09-04T18:51:25.973314,Description non disponible depuis la recherche,Stock non disponible,ISBN non disponible,Éditeur non disponible,Date non disponible,Nombre de pages non disponible,Rang de vente non disponible,Religion,58.0,,
"Livre d'or: Mariage, PACS, Batême, Anniversaire, Noces, EVJF, Départ à la retraite, Pot de départ Impression intérieur en couleur ! Un joli livre d'or ... Laissez libre cours à votre imagination",https://www.amazon.fr/Livre-dor-Anniversaire-Impression-imagination/dp/B0BCRWKRKZ/ref=sr_1_927,"13,50 €",FairyLove Editions,"4,7 sur 5 étoiles, détails de l’évaluation",19,Broché,https://m.media-amazon.com/images/I/514V-OVFGqL._AC_UY218_.jpg,2025-09-04T18:51:25.975588,Description non disponible depuis la recherche,Stock non disponible,ISBN non disponible,Éditeur non disponible,Date non disponible,Nombre de pages non disponible,Rang de vente non disponible,Religion,58.0,,
Civilisation britannique - British Civilization,https://www.amazon.fr/Civilisation-britannique-Civilization-Sarah-Pickard/dp/2266331183/ref=sr_1_928,"11,20 €",Sarah Pickard,"4,7 sur 5 étoiles, détails de l’évaluation",25,Poche,https://m.media-amazon.com/images/I/710jY-t0O7L._AC_UY218_.jpg,2025-09-04T18:51:25.977847,Description non disponible depuis la recherche,Stock non disponible,ISBN non disponible,Éditeur non disponible,Date non disponible,Nombre de pages non disponible,Rang de vente non disponible,Religion,58.0,,
"Apprendre l'espagnol en 30 jours: Méthode rapide et facile pour les débutants. Les bases pour la vie quotidienne et les voyages. (Grammaire, vocabulaire, exercices et audio)",https://www.amazon.fr/Apprendre-lespagnol-jours-quotidienne-vocabulaire/dp/B0BB5GWRTZ/ref=sr_1_929,"12,98 €",Easy Words,"4,3 sur 5 étoiles, détails de l’évaluation",172,Broché,https://m.media-amazon.com/images/I/61MnhNdg2TL._AC_UY218_.jpg,2025-09-04T18:51:25.980549,Description non disponible depuis la recherche,Stock non disponible,ISBN non disponible,Éditeur non disponible,Date non disponible,Nombre de pages non disponible,Rang de vente non disponible,Religion,58.0,,
Grammaire méthodique du français,https://www.amazon.fr/Grammaire-m%C3%A9thodique-fran%C3%A7ais-Martin-Riegel/dp/2130867618/ref=sr_1_930,"24,00 €",de Martin Riegel et Jean-Christophe Pellat | 19 juin 2024,"4,7 sur 5 étoiles, détails de l’évaluation",8,Broché,https://m.media-amazon.com/images/I/41YywJEpVgL._AC_UY218_.jpg,2025-09-04T18:51:25.983993,Description non disponible depuis la recherche,Stock non disponible,ISBN non disponible,Éditeur non disponible,Date non disponible,Nombre de pages non disponible,Rang de vente non disponible,Religion,58.0,,
Sapiens: THE MULTI-MILLION COPY BESTSELLER,https://www.amazon.fr/Sapiens-Humankind-Yuval-Noah-Harari/dp/0099590085/ref=sr_1_931,"12,00 €",Yuval Noah Harari,"4,6 sur 5 étoiles, détails de l’évaluation",141 864,Broché,https://m.media-amazon.com/images/I/713jIoMO3UL._AC_UY218_.jpg,2025-09-04T18:51:25.987911,Description non disponible depuis la recherche,Stock non disponible,ISBN non disponible,Éditeur non disponible,Date non disponible,Nombre de pages non disponible,Rang de vente non disponible,Religion,58.0,,
Les petits devoirs - Orthographe CE1,https://www.amazon.fr/petits-devoirs-Orthographe-CE1/dp/2369407808/ref=sr_1_932,"6,95 €",Catherine Boy-Stien,"4,7 sur 5 étoiles, détails de l’évaluation",131,Broché,https://m.media-amazon.com/images/I/81I7Z+LUh2L._AC_UY218_.jpg,2025-09-04T18:51:25.990149,Description non disponible depuis la recherche,Stock non disponible,ISBN non disponible,Éditeur non disponible,Date non disponible,Nombre de pages non disponible,Rang de vente non disponible,Religion,58.0,,
Une année d'écriture créative: 365 invitations à prendre la plume pour cultiver sa créativité et développer ses talents d’écrivain au quotidien,https://www.amazon.fr/Une-ann%C3%A9e-d%C3%A9criture-cr%C3%A9ative-invitations/dp/2491148102/ref=sr_1_931,"12,90 €",Agathe Karella,"4,5 sur 5 étoiles, détails de l’évaluation",35,Broché,https://m.media-amazon.com/images/I/61Biv1CLXvL._AC_UY218_.jpg,2025-09-04T18:51:37.652524,Description non disponible depuis la recherche,Stock non disponible,ISBN non disponible,Éditeur non disponible,Date non disponible,Nombre de pages non disponible,Rang de vente non disponible,Religion,59.0,,
La Dame aux camélias,https://www.amazon.fr/Dame-cam%C3%A9lias-Alexandre-Dumas-fils/dp/2253011843/ref=sr_1_932,"5,90 €",Alexandre Dumas fils,"4,6 sur 5 étoiles, détails de l’évaluation",431,Poche,https://m.media-amazon.com/images/I/817S0Q3iZSL._AC_UY218_.jpg,2025-09-04T18:51:37.655870,Description non disponible depuis la recherche,Stock non disponible,ISBN non disponible,Éditeur non disponible,Date non disponible,Nombre de pages non disponible,Rang de vente non disponible,Religion,59.0,,
Le répertoire des saveurs,https://www.amazon.fr/r%C3%A9pertoire-saveurs-Niki-Segnit/dp/2501075056/ref=sr_1_933,"29,90 €",Niki Segnit,"4,6 sur 5 étoiles, détails de l’évaluation",290,Relié,https://m.media-amazon.com/images/I/71uq3OjENML._AC_UY218_.jpg,2025-09-04T18:51:37.659165,Description non disponible depuis la recherche,Stock non disponible,ISBN non disponible,Éditeur non disponible,Date non disponible,Nombre de pages non disponible,Rang de vente non disponible,Religion,59.0,,
Substance & style: 30 étapes de civilisation et expression en anglais,https://www.amazon.fr/Substance-style-civilisation-expression-anglais/dp/2340042097/ref=sr_1_934,"29,50 €",Guillaume Delaby,"4,5 sur 5 étoiles, détails de l’évaluation",21,Broché,https://m.media-amazon.com/images/I/61t9zX3begL._AC_UY218_.jpg,2025-09-04T18:51:37.662038,Description non disponible depuis la recherche,Stock non disponible,ISBN non disponible,Éditeur non disponible,Date non disponible,Nombre de pages non disponible,Rang de vente non disponible,Religion,59.0,,
Anglais Make it to the Top !: Réussir en prépa B2-C1 : 50 Séquences de révision incontournables,https://www.amazon.fr/S%C3%A9quences-Incontournables-Vocabulaire-Grammaire-Exercices/dp/2340010977/ref=sr_1_935,"18,00 €",Daniel Gandrillon,"4,4 sur 5 étoiles, détails de l’évaluation",28,Broché,https://m.media-amazon.com/images/I/61mBThfb-dS._AC_UY218_.jpg,2025-09-04T18:51:37.664088,Description non disponible depuis la recherche,Stock non disponible,ISBN non disponible,Éditeur non disponible,Date non disponible,Nombre de pages non disponible,Rang de vente non disponible,Religion,59.0,,
Sciences industrielles de l'ingénieur PT/PT*,https://www.amazon.fr/Sciences-industrielles-ling%C3%A9nieur-PT/dp/2340080282/ref=sr_1_936,"47,00 €",Patrick Beynet,"4,5 sur 5 étoiles, détails de l’évaluation",4,Broché,https://m.media-amazon.com/images/I/61XEpmid8GL._AC_UY218_.jpg,2025-09-04T18:51:37.666856,Description non disponible depuis la recherche,Stock non disponible,ISBN non disponible,Éditeur non disponible,Date non disponible,Nombre de pages non disponible,Rang de vente non disponible,Religion,59.0,,
Mon CE1 facile ! Adapté aux enfants DYS ou en difficulté d'apprentissage - 8 ans: Tout en un DYS,https://www.amazon.fr/facile-Adapt%C3%A9-enfants-difficult%C3%A9-dapprentissage/dp/2401105034/ref=sr_1_937,"9,20 €","de Evelyne Barge, Marco Overzee, et al. | 3 juillet 2024","5,0 sur 5 étoiles, détails de l’évaluation",12,Broché,https://m.media-amazon.com/images/I/7138Xoe-RpL._AC_UY218_.jpg,2025-09-04T18:51:37.670374,Description non disponible depuis la recherche,Stock non disponible,ISBN non disponible,Éditeur non disponible,Date non disponible,Nombre de pages non disponible,Rang de vente non disponible,Religion,59.0,,
Astérix - Le cadeau de César - n°21,https://www.amazon.fr/Ast%C3%A9rix-cadeau-C%C3%A9sar-Ren%C3%A9-Goscinny/dp/2012101534/ref=sr_1_938,"10,90 €",René Goscinny,"4,8 sur 5 étoiles, détails de l’évaluation",478,Relié,https://m.media-amazon.com/images/I/81RX9Pab6dL._AC_UY218_.jpg,2025-09-04T18:51:37.674055,Description non disponible depuis la recherche,Stock non disponible,ISBN non disponible,Éditeur non disponible,Date non disponible,Nombre de pages non disponible,Rang de vente non disponible,Religion,59.0,,
Le Grand 365 Joyeuses pensées avec Mathou,https://www.amazon.fr/Grand-Joyeuses-pens%C3%A9es-avec-Mathou/dp/2385430835/ref=sr_1_941,"9,99 €",Mathou,Note non disponible,0 avis,Broché,https://m.media-amazon.com/images/I/51f-XdrsyFL._AC_UY218_.jpg,2025-09-04T18:51:37.682275,Description non disponible depuis la recherche,Stock non disponible,ISBN non disponible,Éditeur non disponible,Date non disponible,Nombre de pages non disponible,Rang de vente non disponible,Religion,59.0,,
Géographie 1re: Manuel élève 2019,https://www.amazon.fr/G%C3%A9ographie-1re-Manuel-%C3%A9l%C3%A8ve-2019/dp/B07Q8DWFZT/ref=sr_1_942,"38,90 €","de Bourgeat serge/ bras catherine, Serge Bourgeat, et al. | 31 mai 2019","4,8 sur 5 étoiles, détails de l’évaluation",28,Relié,https://m.media-amazon.com/images/I/61pOHEHSTUL._AC_UY218_.jpg,2025-09-04T18:51:37.684823,Description non disponible depuis la recherche,Stock non disponible,ISBN non disponible,Éditeur non disponible,Date non disponible,Nombre de pages non disponible,Rang de vente non disponible,Religion,59.0,,
Mathématiques PSI/PSI* - Programme 2022,https://www.amazon.fr/Math%C3%A9matiques-PSI-Michel-Goumi/dp/2340066808/ref=sr_1_943,"47,00 €",Michel Goumi,"4,6 sur 5 étoiles, détails de l’évaluation",6,Broché,https://m.media-amazon.com/images/I/61Pr3nXt-PL._AC_UY218_.jpg,2025-09-04T18:51:37.687747,Description non disponible depuis la recherche,Stock non disponible,ISBN non disponible,Éditeur non disponible,Date non disponible,Nombre de pages non disponible,Rang de vente non disponible,Religion,59.0,,
"SMART Strategic, Measurable, Ambitious, Relevant, Timely: Réussir en anglais en classes préparatoires aux grandes écoles : une fiche/une semaine",https://www.amazon.fr/SMART-Strategic-Measurable-Ambitious-pr%C3%A9paratoires/dp/2340039673/ref=sr_1_944,"22,50 €",Guillaume Delaby,"4,9 sur 5 étoiles, détails de l’évaluation",15,Broché,https://m.media-amazon.com/images/I/61CSTtkT8uL._AC_UY218_.jpg,2025-09-04T18:51:37.690476,Description non disponible depuis la recherche,Stock non disponible,ISBN non disponible,Éditeur non disponible,Date non disponible,Nombre de pages non disponible,Rang de vente non disponible,Religion,59.0,,
Petit-Bleu et Petit-Jaune,https://www.amazon.fr/Petit-Bleu-Petit-Jaune-Leo-Lionni/dp/2211058787/ref=sr_1_945,"6,00 €",Leo Lionni,"4,7 sur 5 étoiles, détails de l’évaluation",306,Broché,https://m.media-amazon.com/images/I/51PNhquhcsL._AC_UY218_.jpg,2025-09-04T18:51:37.693394,Description non disponible depuis la recherche,Stock non disponible,ISBN non disponible,Éditeur non disponible,Date non disponible,Nombre de pages non disponible,Rang de vente non disponible,Religion,59.0,,
"Challenge Escape Game Couple: Une évasion romantique à vivre à deux, 3 aventures collaboratives à résoudre avec son smartphone (Livre énigmes pour adultes)",https://www.amazon.fr/Challenge-Escape-Game-Couple-collaboratives/dp/2487277599/ref=sr_1_946,"18,90 €",SOLV,"4,6 sur 5 étoiles, détails de l’évaluation",43,Broché,https://m.media-amazon.com/images/I/61k1DVUtfFL._AC_UY218_.jpg,2025-09-04T18:51:37.695492,Description non disponible depuis la recherche,Stock non disponible,ISBN non disponible,Éditeur non disponible,Date non disponible,Nombre de pages non disponible,Rang de vente non disponible,Religion,59.0,,
Official Guide to the TOEFL iBT Test,https://www.amazon.fr/Official-Guide-Toefl-Ibt-Test/dp/1265477310/ref=sr_1_947,"39,44 €",Educational Testing Service,"4,6 sur 5 étoiles, détails de l’évaluation",192,Broché,https://m.media-amazon.com/images/I/71cRpeagiYL._AC_UY218_.jpg,2025-09-04T18:51:37.697714,Description non disponible depuis la recherche,Stock non disponible,ISBN non disponible,Éditeur non disponible,Date non disponible,Nombre de pages non disponible,Rang de vente non disponible,Religion,59.0,,
J'apprends l'anglais avec Tommy et Julie Dès 7 ans,https://www.amazon.fr/Japprends-langlais-avec-Tommy-Julie/dp/2017223921/ref=sr_1_948,"7,95 €",Sylvain Audino,"4,4 sur 5 étoiles, détails de l’évaluation",215,Broché,https://m.media-amazon.com/images/I/7193ATMhXLL._AC_UY218_.jpg,2025-09-04T18:51:37.699940,Description non disponible depuis la recherche,Stock non disponible,ISBN non disponible,Éditeur non disponible,Date non disponible,Nombre de pages non disponible,Rang de vente non disponible,Religion,59.0,,
Agenda de bord 2025/2026 professeur de Physique-chimie: Carnet de bord A4 pour les enseignants,https://www.amazon.fr/Agenda-bord-2025-professeur-Physique-chimie/dp/9403794321/ref=sr_1_947,"11,90 €",Gringolivier editions,"4,1 sur 5 étoiles, détails de l’évaluation",6,Broché,https://m.media-amazon.com/images/I/71-rDheD62L._AC_UY218_.jpg,2025-09-04T18:51:47.241872,Description non disponible depuis la recherche,Stock non disponible,ISBN non disponible,Éditeur non disponible,Date non disponible,Nombre de pages non disponible,Rang de vente non disponible,Religion,60.0,,
Grammaire Française du Xxie Siecle,https://www.amazon.fr/Grammaire-Fran%C3%A7aise-du-Xxie-Siecle/dp/2878101189/ref=sr_1_948,"29,00 €",de Editions de Clairval | 1 septembre 2009,"4,8 sur 5 étoiles, détails de l’évaluation",23,Broché,https://m.media-amazon.com/images/I/71M-4+KWPuL._AC_UY218_.jpg,2025-09-04T18:51:47.244536,Description non disponible depuis la recherche,Stock non disponible,ISBN non disponible,Éditeur non disponible,Date non disponible,Nombre de pages non disponible,Rang de vente non disponible,Religion,60.0,,
"L'obsolescence de l'homme : Sur l'âme à l'époque de la deuxième révolution industrielle, 1956",https://www.amazon.fr/Lobsolescence-lhomme-deuxi%C3%A8me-r%C3%A9volution-industrielle/dp/2910386147/ref=sr_1_949,"25,00 €",Günther Anders,"4,7 sur 5 étoiles, détails de l’évaluation",219,Broché,https://m.media-amazon.com/images/I/91HiSzTJpaL._AC_UY218_.jpg,2025-09-04T18:51:47.246461,Description non disponible depuis la recherche,Stock non disponible,ISBN non disponible,Éditeur non disponible,Date non disponible,Nombre de pages non disponible,Rang de vente non disponible,Religion,60.0,,
Thérapie existentielle,https://www.amazon.fr/Th%C3%A9rapie-existentielle-Irvin-Yalom/dp/2253068039/ref=sr_1_950,"12,90 €",Irvin Yalom,"4,6 sur 5 étoiles, détails de l’évaluation",214,Poche,https://m.media-amazon.com/images/I/91GKmQaM+eL._AC_UY218_.jpg,2025-09-04T18:51:47.248504,Description non disponible depuis la recherche,Stock non disponible,ISBN non disponible,Éditeur non disponible,Date non disponible,Nombre de pages non disponible,Rang de vente non disponible,Religion,60.0,,
Carnet de bord 2025-26 des professeurs de lettres,https://www.amazon.fr/Carnet-bord-2025-26-professeurs-lettres/dp/2356858652/ref=sr_1_951,"15,90 €",de Collectif | 13 juin 2025,Note non disponible,0 avis,Broché,https://m.media-amazon.com/images/I/51VfC97q+tL._AC_UY218_.jpg,2025-09-04T18:51:47.251232,Description non disponible depuis la recherche,Stock non disponible,ISBN non disponible,Éditeur non disponible,Date non disponible,Nombre de pages non disponible,Rang de vente non disponible,Religion,60.0,,
Physique PCSI,https://www.amazon.fr/Physique-PCSI-S%C3%A9bastien-Fayolle/dp/2340105218/ref=sr_1_952,"47,00 €","de Sébastien Fayolle, David Legrand, et al. | 15 juillet 2025",Note non disponible,0 avis,Broché,https://m.media-amazon.com/images/I/61U5xZXQeQL._AC_UY218_.jpg,2025-09-04T18:51:47.254819,Description non disponible depuis la recherche,Stock non disponible,ISBN non disponible,Éditeur non disponible,Date non disponible,Nombre de pages non disponible,Rang de vente non disponible,Religion,60.0,,
1 Histoire de France par jour pendant 100 jours: La France en cent récits — un parcours de mémoire et de grandeur.,https://www.amazon.fr/Histoire-France-jour-pendant-jours/dp/B0FB5FGQ37/ref=sr_1_953,"12,98 €",MouraEnigme,Note non disponible,0 avis,Broché,https://m.media-amazon.com/images/I/71InNnatr-L._AC_UY218_.jpg,2025-09-04T18:51:47.256788,Description non disponible depuis la recherche,Stock non disponible,ISBN non disponible,Éditeur non disponible,Date non disponible,Nombre de pages non disponible,Rang de vente non disponible,Religion,60.0,,
Pre A1 Starters 4 Student's Book with Answers with Audio with Resource Bank: Authentic Practice Tests,https://www.amazon.fr/Starters-Students-Answers-Audio-Resource/dp/1009036262/ref=sr_1_954,"24,82 €",Coffret produits,"4,7 sur 5 étoiles, détails de l’évaluation",31,Coffret produits,https://m.media-amazon.com/images/I/51i8hv-d1VL._AC_UY218_.jpg,2025-09-04T18:51:47.259214,Description non disponible depuis la recherche,Stock non disponible,ISBN non disponible,Éditeur non disponible,Date non disponible,Nombre de pages non disponible,Rang de vente non disponible,Religion,60.0,,
Apprendre le Thaï en 100 Jours: La méthode naturelle et intuitive pour maitriser le thaï rapidement (conçue pour les débutants).,https://www.amazon.fr/Apprendre-Tha%C3%AF-100-Jours-rapidement/dp/B0CVNJJH5P/ref=sr_1_957,"19,99 €",Natura Lingua,"4,0 sur 5 étoiles, détails de l’évaluation",39,Broché,https://m.media-amazon.com/images/I/613ZVTv8ViL._AC_UY218_.jpg,2025-09-04T18:51:47.267096,Description non disponible depuis la recherche,Stock non disponible,ISBN non disponible,Éditeur non disponible,Date non disponible,Nombre de pages non disponible,Rang de vente non disponible,Religion,60.0,,
Se soigner avec l'Argile - 100 remèdes naturels à faire chez soi: Guide complet pour se soigner grâce aux bienfaits de cette médecine naturelle qui apaise et guérit,https://www.amazon.fr/soigner-avec-lArgile-bienfaits-naturelle/dp/B0DV4PR9VJ/ref=sr_1_958,"11,98 €",de Arthur Gimenez | 26 janvier 2025,"4,7 sur 5 étoiles, détails de l’évaluation",8,Broché,https://m.media-amazon.com/images/I/713BxEn00jL._AC_UY218_.jpg,2025-09-04T18:51:47.271420,Description non disponible depuis la recherche,Stock non disponible,ISBN non disponible,Éditeur non disponible,Date non disponible,Nombre de pages non disponible,Rang de vente non disponible,Religion,60.0,,
Dictionnaire amoureux du féminisme,https://www.amazon.fr/Dictionnaire-amoureux-f%C3%A9minisme-Rokhaya-Diallo/dp/2259305857/ref=sr_1_959,"26,00 €",Rokhaya Diallo,"5,0 sur 5 étoiles, détails de l’évaluation",1,Broché,https://m.media-amazon.com/images/I/51kOVohuOWL._AC_UY218_.jpg,2025-09-04T18:51:47.274415,Description non disponible depuis la recherche,Stock non disponible,ISBN non disponible,Éditeur non disponible,Date non disponible,Nombre de pages non disponible,Rang de vente non disponible,Religion,60.0,,
Harrap's dictionnaire compact anglais,https://www.amazon.fr/Harraps-dictionnaire-compact-anglais-Collectif/dp/2818704766/ref=sr_1_960,"24,95 €",Édition en Anglais | de Collectif | 8 juin 2016,"4,7 sur 5 étoiles, détails de l’évaluation",68,Relié,https://m.media-amazon.com/images/I/81WbEaph7GL._AC_UY218_.jpg,2025-09-04T18:51:47.277198,Description non disponible depuis la recherche,Stock non disponible,ISBN non disponible,Éditeur non disponible,Date non disponible,Nombre de pages non disponible,Rang de vente non disponible,Religion,60.0,,
La Vie mode d'emploi,https://www.amazon.fr/Vie-mode-demploi-Georges-Perec/dp/2253023906/ref=sr_1_961,"9,90 €",Georges Perec,"4,4 sur 5 étoiles, détails de l’évaluation",346,Poche,https://m.media-amazon.com/images/I/81fVAiKSQeL._AC_UY218_.jpg,2025-09-04T18:51:47.280837,Description non disponible depuis la recherche,Stock non disponible,ISBN non disponible,Éditeur non disponible,Date non disponible,Nombre de pages non disponible,Rang de vente non disponible,Religion,60.0,,
Anglais Shine Bright 1re - workbook élève (nouveau programme 2019),https://www.amazon.fr/Anglais-Shine-Bright-1re-programme/dp/2091781495/ref=sr_1_962,"7,90 €","de Clotilde Bellamy, William Bertin, et al. | 7 août 2019","4,4 sur 5 étoiles, détails de l’évaluation",66,Broché,https://m.media-amazon.com/images/I/61gtt0sv+CL._AC_UY218_.jpg,2025-09-04T18:51:47.283526,Description non disponible depuis la recherche,Stock non disponible,ISBN non disponible,Éditeur non disponible,Date non disponible,Nombre de pages non disponible,Rang de vente non disponible,Religion,60.0,,
Bled CE1 - Cahier de l'élève - Edition 2022,https://www.amazon.fr/Bled-CE1-Cahier-l%C3%A9l%C3%A8ve-2022/dp/2017136255/ref=sr_1_963,"7,45 €",de Sophie Raimbert et Benjamin Manbon | 27 juin 2022,"4,5 sur 5 étoiles, détails de l’évaluation",25,Relié,https://m.media-amazon.com/images/I/71EW-K086fL._AC_UY218_.jpg,2025-09-04T18:51:47.286115,Description non disponible depuis la recherche,Stock non disponible,ISBN non disponible,Éditeur non disponible,Date non disponible,Nombre de pages non disponible,Rang de vente non disponible,Religion,60.0,,
L'Intégrale IELTS - La méthode de référence pour réussir son IELTS - Conforme au test officiel 2025,https://www.amazon.fr/LInt%C3%A9grale-IELTS-maximise-score-2023/dp/2095016939/ref=sr_1_964,"29,90 €","Édition en Français | de Serena Murdoch Stern, Maria Parker, et al. | 12 janvier 2023","4,4 sur 5 étoiles, détails de l’évaluation",12,Broché,https://m.media-amazon.com/images/I/61yW6x6M16L._AC_UY218_.jpg,2025-09-04T18:51:47.289035,Description non disponible depuis la recherche,Stock non disponible,ISBN non disponible,Éditeur non disponible,Date non disponible,Nombre de pages non disponible,Rang de vente non disponible,Religion,60.0,,
Le Robert Maxi Plus langue française,https://www.amazon.fr/Robert-Maxi-Plus-Langue-Fran%C3%A7aise/dp/2321016582/ref=sr_1_483,"16,95 €",de Collectif | 3 juin 2021,"4,6 sur 5 étoiles, détails de l’évaluation",200,Broché,https://m.media-amazon.com/images/I/61C8BJJerWL._AC_UY218_.jpg,2025-09-04T18:48:58.172088,Description non disponible depuis la recherche,Stock non disponible,ISBN non disponible,Éditeur non disponible,Date non disponible,Nombre de pages non disponible,Rang de vente non disponible,Religion,31.0,,
A handbook of literary terms - Introduction au vocabulaire littéraire anglais,https://www.amazon.fr/handbook-literary-terms-Introduction-vocabulaire/dp/2011401798/ref=sr_1_484,"25,90 €",Françoise Grellet,"4,6 sur 5 étoiles, détails de l’évaluation",213,Broché,https://m.media-amazon.com/images/I/71IyTHHXB8L._AC_UY218_.jpg,2025-09-04T18:48:58.174839,Description non disponible depuis la recherche,Stock non disponible,ISBN non disponible,Éditeur non disponible,Date non disponible,Nombre de pages non disponible,Rang de vente non disponible,Religion,31.0,,
"J'apprends l'allemand autrement - Niveau débutant: 80 cartes mentales pour apprendre facilement la grammaire, la conjugaison et le vocabulaire allemands avec livret explicatif",https://www.amazon.fr/Japprends-lallemand-autrement-conjugaison-vocabulaire/dp/2212574207/ref=sr_1_485,"24,90 €",Stéphanie Eleaume Lachaud,"4,6 sur 5 étoiles, détails de l’évaluation",213,Broché,https://m.media-amazon.com/images/I/71L+7SvJxkL._AC_UY218_.jpg,2025-09-04T18:48:58.176916,Description non disponible depuis la recherche,Stock non disponible,ISBN non disponible,Éditeur non disponible,Date non disponible,Nombre de pages non disponible,Rang de vente non disponible,Religion,31.0,,
Histoire/Géographie 2nde compilation - Livre élève - Ed. 2019,https://www.amazon.fr/Histoire-G%C3%A9ographie-2nde-compilation-Livre/dp/2017088005/ref=sr_1_486,"42,90 €",de Michaël Navarro et Henri Simonneau | 22 mai 2019,"4,6 sur 5 étoiles, détails de l’évaluation",50,Relié,https://m.media-amazon.com/images/I/81HxXjooK1L._AC_UY218_.jpg,2025-09-04T18:48:58.179600,Description non disponible depuis la recherche,Stock non disponible,ISBN non disponible,Éditeur non disponible,Date non disponible,Nombre de pages non disponible,Rang de vente non disponible,Religion,31.0,,
Le Robert illustré et son dictionnaire en ligne 2026,https://www.amazon.fr/Robert-illustr%C3%A9-dictionnaire-ligne-2026/dp/2321020423/ref=sr_1_487,"34,90 €",de Collectif | 15 mai 2025,"4,8 sur 5 étoiles, détails de l’évaluation",5,Relié,https://m.media-amazon.com/images/I/71J4I0D1QaL._AC_UY218_.jpg,2025-09-04T18:48:58.181877,Description non disponible depuis la recherche,Stock non disponible,ISBN non disponible,Éditeur non disponible,Date non disponible,Nombre de pages non disponible,Rang de vente non disponible,Religion,31.0,,
Et je t'aimerai encore,https://www.amazon.fr/je-taimerai-encore-Lucas-Clavel/dp/1704945046/ref=sr_1_488,"12,99 €",Lucas Clavel,"4,5 sur 5 étoiles, détails de l’évaluation",1 312,Broché,https://m.media-amazon.com/images/I/61bF088YDlL._AC_UY218_.jpg,2025-09-04T18:48:58.185165,Description non disponible depuis la recherche,Stock non disponible,ISBN non disponible,Éditeur non disponible,Date non disponible,Nombre de pages non disponible,Rang de vente non disponible,Religion,31.0,,
Pourquoi moi ?,https://www.amazon.fr/Pourquoi-moi-Christine-Kelly/dp/2213731586/ref=sr_1_489,"20,90 €",Christine Kelly,Note non disponible,0 avis,Broché,https://m.media-amazon.com/images/I/713pyhyokpL._AC_UY218_.jpg,2025-09-04T18:48:58.187977,Description non disponible depuis la recherche,Stock non disponible,ISBN non disponible,Éditeur non disponible,Date non disponible,Nombre de pages non disponible,Rang de vente non disponible,Religion,31.0,,
Carte Nationale France Sud-Ouest 2025,https://www.amazon.fr/Carte-Nationale-France-Sud-Ouest-2025/dp/2067265261/ref=sr_1_490,"6,50 €",Michelin,"4,7 sur 5 étoiles, détails de l’évaluation",4,Carte,https://m.media-amazon.com/images/I/81VC2nKRWrL._AC_UY218_.jpg,2025-09-04T18:48:58.189944,Description non disponible depuis la recherche,Stock non disponible,ISBN non disponible,Éditeur non disponible,Date non disponible,Nombre de pages non disponible,Rang de vente non disponible,Religion,31.0,,
Je ne suis pas une fille bien,https://www.amazon.fr/suis-pas-une-fille-bien/dp/B093RLBN6B/ref=sr_1_493,"9,90 €",Emma Samary,"4,5 sur 5 étoiles, détails de l’évaluation",1 101,Broché,https://m.media-amazon.com/images/I/31yf5naklvL._AC_UY218_.jpg,2025-09-04T18:48:58.198962,Description non disponible depuis la recherche,Stock non disponible,ISBN non disponible,Éditeur non disponible,Date non disponible,Nombre de pages non disponible,Rang de vente non disponible,Religion,31.0,,
Mon agenda super kawaii 2025-2026,https://www.amazon.fr/Mon-agenda-super-kawaii-2025-2026/dp/B0DZ2ZN26K/ref=sr_1_494,"11,95 €",de Paku | 5 juin 2025,"5,0 sur 5 étoiles, détails de l’évaluation",2,Relié,https://m.media-amazon.com/images/I/51iNKkXS9hL._AC_UY218_.jpg,2025-09-04T18:48:58.201573,Description non disponible depuis la recherche,Stock non disponible,ISBN non disponible,Éditeur non disponible,Date non disponible,Nombre de pages non disponible,Rang de vente non disponible,Religion,31.0,,
A l'est d'Eden,https://www.amazon.fr/lest-dEden-John-Steinbeck/dp/2253005975/ref=sr_1_495,"10,40 €",John Steinbeck,"4,6 sur 5 étoiles, détails de l’évaluation",1 317,Poche,https://m.media-amazon.com/images/I/71+XuMue2mL._AC_UY218_.jpg,2025-09-04T18:48:58.204098,Description non disponible depuis la recherche,Stock non disponible,ISBN non disponible,Éditeur non disponible,Date non disponible,Nombre de pages non disponible,Rang de vente non disponible,Religion,31.0,,
"Vivre avec un TDAH quand on est adulte: devenez plus concentré, dites stop à la procrastination et luttez contre le stress",https://www.amazon.fr/Vivre-avec-TDAH-quand-adulte/dp/B0DGF7Z2G1/ref=sr_1_496,"16,90 €",Lucie Muller,"4,7 sur 5 étoiles, détails de l’évaluation",46,Broché,https://m.media-amazon.com/images/I/71p4ke46jyL._AC_UY218_.jpg,2025-09-04T18:48:58.206219,Description non disponible depuis la recherche,Stock non disponible,ISBN non disponible,Éditeur non disponible,Date non disponible,Nombre de pages non disponible,Rang de vente non disponible,Religion,31.0,,
Le bibliobus - 4 oeuvres complètes - La barbe bleue et autres histoires,https://www.amazon.fr/bibliobus-oeuvres-compl%C3%A8tes-autres-histoires/dp/2011164435/ref=sr_1_497,"9,10 €",de Collectif | 7 mai 2003,"4,6 sur 5 étoiles, détails de l’évaluation",130,Broché,https://m.media-amazon.com/images/I/914BeE4BO0L._AC_UY218_.jpg,2025-09-04T18:48:58.208788,Description non disponible depuis la recherche,Stock non disponible,ISBN non disponible,Éditeur non disponible,Date non disponible,Nombre de pages non disponible,Rang de vente non disponible,Religion,31.0,,
Dictionnaire Le Robert & Collins Senior anglais - Nouvelle édition,https://www.amazon.fr/Dictionnaire-Robert-Collins-Senior-anglais/dp/2321019913/ref=sr_1_498,"49,90 €",de Collectif | 23 mai 2024,"5,0 sur 5 étoiles, détails de l’évaluation",10,Relié,https://m.media-amazon.com/images/I/51jV3L70bKL._AC_UY218_.jpg,2025-09-04T18:48:58.211210,Description non disponible depuis la recherche,Stock non disponible,ISBN non disponible,Éditeur non disponible,Date non disponible,Nombre de pages non disponible,Rang de vente non disponible,Religion,31.0,,
Du mot à la phrase: Vocabulaire anglais contemporain et exercices,https://www.amazon.fr/Phrase-Vocabulaire-Anglais-Contemporain-Exercices/dp/2729854894/ref=sr_1_499,"16,50 €",Michel Dumong,"4,4 sur 5 étoiles, détails de l’évaluation",94,Broché,https://m.media-amazon.com/images/I/81o2aaQjAAL._AC_UY218_.jpg,2025-09-04T18:48:58.213458,Description non disponible depuis la recherche,Stock non disponible,ISBN non disponible,Éditeur non disponible,Date non disponible,Nombre de pages non disponible,Rang de vente non disponible,Religion,31.0,,
CAPES de Lettres: Tout le programme de littérature française en un volume,https://www.amazon.fr/CAPES-Lettres-programme-litt%C3%A9rature-fran%C3%A7aise/dp/2340105544/ref=sr_1_500,"39,00 €","de Alain Corbellari, Patricia Eichel-Lojkine, et al. | 12 août 2025",Note non disponible,0 avis,Broché,https://m.media-amazon.com/images/I/613Zo0R-1nL._AC_UY218_.jpg,2025-09-04T18:48:58.217164,Description non disponible depuis la recherche,Stock non disponible,ISBN non disponible,Éditeur non disponible,Date non disponible,Nombre de pages non disponible,Rang de vente non disponible,Religion,31.0,,
Astérix - Astérix chez les Belges - n°24,https://www.amazon.fr/Ast%C3%A9rix-chez-Belges-n%C2%B024/dp/2012101569/ref=sr_1_499,"10,90 €",René Goscinny,"4,8 sur 5 étoiles, détails de l’évaluation",686,Relié,https://m.media-amazon.com/images/I/91Npx6G8p1L._AC_UY218_.jpg,2025-09-04T18:49:07.715793,Description non disponible depuis la recherche,Stock non disponible,ISBN non disponible,Éditeur non disponible,Date non disponible,Nombre de pages non disponible,Rang de vente non disponible,Religion,32.0,,
Astérix - Le domaine des Dieux - n°17,https://www.amazon.fr/Ast%C3%A9rix-domaine-Dieux-Ren%C3%A9-Goscinny/dp/2012101496/ref=sr_1_500,"10,90 €",René Goscinny,"4,8 sur 5 étoiles, détails de l’évaluation",587,Relié,https://m.media-amazon.com/images/I/91CBsWXUccL._AC_UY218_.jpg,2025-09-04T18:49:07.718634,Description non disponible depuis la recherche,Stock non disponible,ISBN non disponible,Éditeur non disponible,Date non disponible,Nombre de pages non disponible,Rang de vente non disponible,Religion,32.0,,
Notre-Dame de Paris,https://www.amazon.fr/Notre-Dame-Paris-Victor-Hugo/dp/2253009687/ref=sr_1_501,"4,60 €",Victor Hugo,"4,5 sur 5 étoiles, détails de l’évaluation",794,Poche,https://m.media-amazon.com/images/I/81ACmLcxYML._AC_UY218_.jpg,2025-09-04T18:49:07.721845,Description non disponible depuis la recherche,Stock non disponible,ISBN non disponible,Éditeur non disponible,Date non disponible,Nombre de pages non disponible,Rang de vente non disponible,Religion,32.0,,
Activate Advanced C1: A Complete Self-Study Course,https://www.amazon.fr/Activate-Advanced-C1-Complete-Self-Study/dp/8412214358/ref=sr_1_502,"31,99 €",E Mason,"4,4 sur 5 étoiles, détails de l’évaluation",361,Broché,https://m.media-amazon.com/images/I/71OgW62YfoL._AC_UY218_.jpg,2025-09-04T18:49:07.724879,Description non disponible depuis la recherche,Stock non disponible,ISBN non disponible,Éditeur non disponible,Date non disponible,Nombre de pages non disponible,Rang de vente non disponible,Religion,32.0,,
"De la fin du Franquisme à la transition démocratique : ""La caída de Madrid"" de Rafael Chirbes",https://www.amazon.fr/fin-Franquisme-transition-d%C3%A9mocratique-Chirbes/dp/234010498X/ref=sr_1_503,"24,00 €",de Anne Lenquette | 26 août 2025,Note non disponible,0 avis,Broché,https://m.media-amazon.com/images/I/61QsUQCM-1L._AC_UY218_.jpg,2025-09-04T18:49:07.728593,Description non disponible depuis la recherche,Stock non disponible,ISBN non disponible,Éditeur non disponible,Date non disponible,Nombre de pages non disponible,Rang de vente non disponible,Religion,32.0,,
Bled Grammaire,https://www.amazon.fr/Bled-Grammaire-Daniel-Berlion/dp/2017151076/ref=sr_1_504,"9,90 €",Daniel Berlion,"4,7 sur 5 étoiles, détails de l’évaluation",279,Relié,https://m.media-amazon.com/images/I/716gQ0-8VdS._AC_UY218_.jpg,2025-09-04T18:49:07.730727,Description non disponible depuis la recherche,Stock non disponible,ISBN non disponible,Éditeur non disponible,Date non disponible,Nombre de pages non disponible,Rang de vente non disponible,Religion,32.0,,
Le DELF A2 100% Réussite - édition 2021-2022 - Livre + didierfle.app: Nouvelles Epreuves,https://www.amazon.fr/DELF-A2-100-r%C3%A9ussite-%C3%A9dition/dp/2278102524/ref=sr_1_505,"18,10 €","de Dorothée Dupleix, Catherine Houssa, et al. | 21 avril 2021","4,6 sur 5 étoiles, détails de l’évaluation",150,Livre de poche relié à la colle,https://m.media-amazon.com/images/I/61bvrytAHEL._AC_UY218_.jpg,2025-09-04T18:49:07.733520,Description non disponible depuis la recherche,Stock non disponible,ISBN non disponible,Éditeur non disponible,Date non disponible,Nombre de pages non disponible,Rang de vente non disponible,Religion,32.0,,
Jonathan Livingston le goéland,https://www.amazon.fr/Jonathan-Livingston-go%C3%A9land-Richard-Bach/dp/2290215627/ref=sr_1_506,"3,00 €",Richard Bach,"4,7 sur 5 étoiles, détails de l’évaluation",731,Poche,https://m.media-amazon.com/images/I/61ZOZhR+v-L._AC_UY218_.jpg,2025-09-04T18:49:07.736958,Description non disponible depuis la recherche,Stock non disponible,ISBN non disponible,Éditeur non disponible,Date non disponible,Nombre de pages non disponible,Rang de vente non disponible,Religion,32.0,,
One Piece - Édition originale - Tome 79: Lucy !!,https://www.amazon.fr/One-Piece-%C3%89dition-originale-Lucy/dp/2344016376/ref=sr_1_509,"7,20 €",Eiichiro Oda,"4,9 sur 5 étoiles, détails de l’évaluation",496,Broché,https://m.media-amazon.com/images/I/915WOKkOgbL._AC_UY218_.jpg,2025-09-04T18:49:07.745531,Description non disponible depuis la recherche,Stock non disponible,ISBN non disponible,Éditeur non disponible,Date non disponible,Nombre de pages non disponible,Rang de vente non disponible,Religion,32.0,,
A Literary Guide - Anglais: Un guide de référence de la littérature anglophone de l'an 1 000 à l'an 2 000,https://www.amazon.fr/Literary-Guide-Anglais-Fran%C3%A7oise-Grellet/dp/2091651680/ref=sr_1_510,"20,90 €",Françoise Grellet,"4,7 sur 5 étoiles, détails de l’évaluation",78,Broché,https://m.media-amazon.com/images/I/61GtTFyQFML._AC_UY218_.jpg,2025-09-04T18:49:07.748245,Description non disponible depuis la recherche,Stock non disponible,ISBN non disponible,Éditeur non disponible,Date non disponible,Nombre de pages non disponible,Rang de vente non disponible,Religion,32.0,,
Passion simple - Prix Nobel de Littérature 2022,https://www.amazon.fr/Passion-simple-Annie-Ernaux/dp/2070388409/ref=sr_1_511,"8,00 €",Annie Ernaux,"3,7 sur 5 étoiles, détails de l’évaluation",888,Poche,https://m.media-amazon.com/images/I/7187tnYfsoL._AC_UY218_.jpg,2025-09-04T18:49:07.751735,Description non disponible depuis la recherche,Stock non disponible,ISBN non disponible,Éditeur non disponible,Date non disponible,Nombre de pages non disponible,Rang de vente non disponible,Religion,32.0,,
Métaphysique des tubes,https://www.amazon.fr/M%C3%A9taphysique-tubes-Am%C3%A9lie-Nothomb/dp/2253152846/ref=sr_1_512,"7,90 €",Amélie Nothomb,"4,4 sur 5 étoiles, détails de l’évaluation",1 345,Poche,https://m.media-amazon.com/images/I/71hlC6RorgL._AC_UY218_.jpg,2025-09-04T18:49:07.755247,Description non disponible depuis la recherche,Stock non disponible,ISBN non disponible,Éditeur non disponible,Date non disponible,Nombre de pages non disponible,Rang de vente non disponible,Religion,32.0,,
Agenda de bord 2025/2026 professeur documentaliste: Carnet de bord A4 pour les enseignants,https://www.amazon.fr/Agenda-bord-2025-professeur-documentaliste/dp/9403794208/ref=sr_1_513,"11,90 €",Gringolivier editions,"5,0 sur 5 étoiles, détails de l’évaluation",3,Broché,https://m.media-amazon.com/images/I/71r5VJKghcL._AC_UY218_.jpg,2025-09-04T18:49:07.757287,Description non disponible depuis la recherche,Stock non disponible,ISBN non disponible,Éditeur non disponible,Date non disponible,Nombre de pages non disponible,Rang de vente non disponible,Religion,32.0,,
Dictionnaire de science économique - 7e éd.,https://www.amazon.fr/Dictionnaire-science-%C3%A9conomique-7e-%C3%A9d/dp/210085190X/ref=sr_1_514,"26,90 €",Alain Beitone,"4,3 sur 5 étoiles, détails de l’évaluation",11,Broché,https://m.media-amazon.com/images/I/71oWomk3QkL._AC_UY218_.jpg,2025-09-04T18:49:07.759975,Description non disponible depuis la recherche,Stock non disponible,ISBN non disponible,Éditeur non disponible,Date non disponible,Nombre de pages non disponible,Rang de vente non disponible,Religion,32.0,,
Epreuve écrite disciplinaire appliquée: Préparation et sujets corrigés Concours M2,https://www.amazon.fr/Epreuve-%C3%A9crite-disciplinaire-appliqu%C3%A9e-Pr%C3%A9paration/dp/2340104955/ref=sr_1_515,"26,00 €",de Jean-Christophe Coquilhat | 26 août 2025,Note non disponible,0 avis,Broché,https://m.media-amazon.com/images/I/617NyFO3mPL._AC_UY218_.jpg,2025-09-04T18:49:07.763455,Description non disponible depuis la recherche,Stock non disponible,ISBN non disponible,Éditeur non disponible,Date non disponible,Nombre de pages non disponible,Rang de vente non disponible,Religion,32.0,,
Mon carnet de lecture,https://www.amazon.fr/Mon-carnet-lecture-Audrey-Tribot/dp/2501190998/ref=sr_1_516,"9,90 €",Audrey Tribot,"4,4 sur 5 étoiles, détails de l’évaluation",22,Broché,https://m.media-amazon.com/images/I/81ko-jpNeaL._AC_UY218_.jpg,2025-09-04T18:49:07.765464,Description non disponible depuis la recherche,Stock non disponible,ISBN non disponible,Éditeur non disponible,Date non disponible,Nombre de pages non disponible,Rang de vente non disponible,Religion,32.0,,
Physique-Chimie MPSI,https://www.amazon.fr/Physique-Chimie-MPSI-Elsa-Choubert/dp/2340105234/ref=sr_1_515,"49,00 €","de Elsa Choubert, Sébastien Fayolle, et al. | 15 juillet 2025","5,0 sur 5 étoiles, détails de l’évaluation",1,Broché,https://m.media-amazon.com/images/I/61T7WkrSgfL._AC_UY218_.jpg,2025-09-04T18:49:18.807711,Description non disponible depuis la recherche,Stock non disponible,ISBN non disponible,Éditeur non disponible,Date non disponible,Nombre de pages non disponible,Rang de vente non disponible,Religion,33.0,,
"Encyclopédie des dinosaures pour les enfants: Un livre entièrement illustré pour découvrir les animaux du Trias, du Jurassique et du Crétacé.",https://www.amazon.fr/Encyclop%C3%A9die-dinosaures-pour-enfants-enti%C3%A8rement/dp/B0CJLDMBW7/ref=sr_1_516,"15,99 €",Ethan S.LUKAS,"4,3 sur 5 étoiles, détails de l’évaluation",49,Broché,https://m.media-amazon.com/images/I/71DK5JCUibL._AC_UY218_.jpg,2025-09-04T18:49:18.811273,Description non disponible depuis la recherche,Stock non disponible,ISBN non disponible,Éditeur non disponible,Date non disponible,Nombre de pages non disponible,Rang de vente non disponible,Religion,33.0,,
Chouette - Maths 6e: cahier de révision et d'entraînement recommandé par les enseignants,https://www.amazon.fr/Maths-6e-cahier-r%C3%A9vision-dentra%C3%AEnement/dp/2401084975/ref=sr_1_517,"6,30 €",Gérard Bonnefond,"4,6 sur 5 étoiles, détails de l’évaluation",184,Broché,https://m.media-amazon.com/images/I/7136iK-2vIL._AC_UY218_.jpg,2025-09-04T18:49:18.813616,Description non disponible depuis la recherche,Stock non disponible,ISBN non disponible,Éditeur non disponible,Date non disponible,Nombre de pages non disponible,Rang de vente non disponible,Religion,33.0,,
"Permaculture, la bible pour débuter",https://www.amazon.fr/Permaculture-bible-pour-d%C3%A9buter-Johann/dp/2815318644/ref=sr_1_518,"24,95 €",de Johann Gis et Hugo Clément | 29 avril 2022,"4,8 sur 5 étoiles, détails de l’évaluation",165,Broché,https://m.media-amazon.com/images/I/91YjwBN3PkL._AC_UY218_.jpg,2025-09-04T18:49:18.816151,Description non disponible depuis la recherche,Stock non disponible,ISBN non disponible,Éditeur non disponible,Date non disponible,Nombre de pages non disponible,Rang de vente non disponible,Religion,33.0,,
Médecine cardio-vasculaire: Réussir son DFASM - Connaissances clés,https://www.amazon.fr/M%C3%A9decine-cardio-vasculaire-R%C3%A9ussir-DFASM-Connaissances/dp/2294776860/ref=sr_1_519,"38,50 €",de Collège National des enseignants de cardiologie et Société Française de Cardiologie | 28 septembre 2022,"4,7 sur 5 étoiles, détails de l’évaluation",87,Broché,https://m.media-amazon.com/images/I/41GBAo3kwYL._AC_UY218_.jpg,2025-09-04T18:49:18.819469,Description non disponible depuis la recherche,Stock non disponible,ISBN non disponible,Éditeur non disponible,Date non disponible,Nombre de pages non disponible,Rang de vente non disponible,Religion,33.0,,
Le petit guide de survie en Australie et Nouvelle-Zélande,https://www.amazon.fr/petit-guide-survie-Australie-Nouvelle-Z%C3%A9lande/dp/2035927331/ref=sr_1_520,"7,95 €",de Olivia Merlen | 1 mars 2017,"4,6 sur 5 étoiles, détails de l’évaluation",176,Broché,https://m.media-amazon.com/images/I/81MnMfAE2AL._AC_UY218_.jpg,2025-09-04T18:49:18.822096,Description non disponible depuis la recherche,Stock non disponible,ISBN non disponible,Éditeur non disponible,Date non disponible,Nombre de pages non disponible,Rang de vente non disponible,Religion,33.0,,
Kullo tamâm Arabe palier 1 (2005) - Manuel élève,https://www.amazon.fr/Arabe-Kullo-tam%C3%A2m-Niveau-1/dp/2206087480/ref=sr_1_521,"31,50 €",Fouad Mlih,"4,4 sur 5 étoiles, détails de l’évaluation",38,Poche,https://m.media-amazon.com/images/I/71ESPEfFGUL._AC_UY218_.jpg,2025-09-04T18:49:18.824742,Description non disponible depuis la recherche,Stock non disponible,ISBN non disponible,Éditeur non disponible,Date non disponible,Nombre de pages non disponible,Rang de vente non disponible,Religion,33.0,,
Terre des Lettres 5e - Grand format - Nouveau programme 2016,https://www.amazon.fr/Terre-Lettres-5e-Nouveau-programme/dp/2091717134/ref=sr_1_522,"27,50 €","de Jean-Charles Boilevin, Collectif, et al. | 19 avril 2016","4,6 sur 5 étoiles, détails de l’évaluation",62,Broché,https://m.media-amazon.com/images/I/61Q23Yu5OYL._AC_UY218_.jpg,2025-09-04T18:49:18.827692,Description non disponible depuis la recherche,Stock non disponible,ISBN non disponible,Éditeur non disponible,Date non disponible,Nombre de pages non disponible,Rang de vente non disponible,Religion,33.0,,
Cahier d'exercices de français CM2: Une collection conçue par Lutin Bazar,https://www.amazon.fr/Cahier-dexercices-fran%C3%A7ais-CM2-cahier/dp/221077876X/ref=sr_1_525,"5,90 €",de Edouard VINCENT et Morgane Céard | 14 février 2024,"4,5 sur 5 étoiles, détails de l’évaluation",21,Broché,https://m.media-amazon.com/images/I/61hP+YF0gzL._AC_UY218_.jpg,2025-09-04T18:49:18.836240,Description non disponible depuis la recherche,Stock non disponible,ISBN non disponible,Éditeur non disponible,Date non disponible,Nombre de pages non disponible,Rang de vente non disponible,Religion,33.0,,
Dictionnaire Le Robert & Collins collège espagnol - Nouvelle édition,https://www.amazon.fr/Dictionnaire-Robert-Collins-Coll%C3%A8ge-Espagnol/dp/2321010967/ref=sr_1_526,"17,90 €",de Collectif | 23 mai 2019,"4,7 sur 5 étoiles, détails de l’évaluation",80,Broché,https://m.media-amazon.com/images/I/71juiRXwAKL._AC_UY218_.jpg,2025-09-04T18:49:18.838823,Description non disponible depuis la recherche,Stock non disponible,ISBN non disponible,Éditeur non disponible,Date non disponible,Nombre de pages non disponible,Rang de vente non disponible,Religion,33.0,,
Apprenez facilement la langue des signes ! - Méthode illustrée pour bien débuter,https://www.amazon.fr/Apprenez-facilement-langue-signes-illustr%C3%A9e/dp/2380154864/ref=sr_1_527,"15,90 €",Chris Pavone,"4,5 sur 5 étoiles, détails de l’évaluation",378,Broché,https://m.media-amazon.com/images/I/61jOxpBxRBL._AC_UY218_.jpg,2025-09-04T18:49:18.841692,Description non disponible depuis la recherche,Stock non disponible,ISBN non disponible,Éditeur non disponible,Date non disponible,Nombre de pages non disponible,Rang de vente non disponible,Religion,33.0,,
L'Empire des Anges,https://www.amazon.fr/LEmpire-Anges-Bernard-Werber/dp/2253152072/ref=sr_1_528,"9,40 €",Bernard Werber,"4,5 sur 5 étoiles, détails de l’évaluation",1 370,Poche,https://m.media-amazon.com/images/I/71gFUA5vJtL._AC_UY218_.jpg,2025-09-04T18:49:18.845281,Description non disponible depuis la recherche,Stock non disponible,ISBN non disponible,Éditeur non disponible,Date non disponible,Nombre de pages non disponible,Rang de vente non disponible,Religion,33.0,,
"Signes et Messages de l'au-delà: Développez vos capacités extra-sensorielles, ouvrez les portes de la médiumnité pour recevoir les messages de vos guides",https://www.amazon.fr/Signes-Messages-lau-del%C3%A0-D%C3%A9veloppez-extra-sensorielles/dp/B0CKVWDQFQ/ref=sr_1_529,"14,00 €",Garance Inchauspe,"4,2 sur 5 étoiles, détails de l’évaluation",185,Broché,https://m.media-amazon.com/images/I/61bDwTRDZCL._AC_UY218_.jpg,2025-09-04T18:49:18.847735,Description non disponible depuis la recherche,Stock non disponible,ISBN non disponible,Éditeur non disponible,Date non disponible,Nombre de pages non disponible,Rang de vente non disponible,Religion,33.0,,
Changer d'état d'esprit: Une nouvelle psychologie de la réussite,https://www.amazon.fr/Changer-d%C3%A9tat-desprit-nouvelle-psychologie/dp/B08QBXQ6C8/ref=sr_1_530,"0,00 €",Livres audio Audible,"4,3 sur 5 étoiles, détails de l’évaluation",230,Livres audio Audible,https://m.media-amazon.com/images/I/81q8l0ioYPL._AC_UY218_.jpg,2025-09-04T18:49:18.850462,Description non disponible depuis la recherche,Stock non disponible,ISBN non disponible,Éditeur non disponible,Date non disponible,Nombre de pages non disponible,Rang de vente non disponible,Religion,33.0,,
"Bescherelle - Maîtriser le vocabulaire anglais contemporain (lexique thématique & exercices): lycée, classes préparatoires et université (B1-B2)",https://www.amazon.fr/Bescherelle-vocabulaire-contemporain-th%C3%A9matique-pr%C3%A9paratoires/dp/2401094342/ref=sr_1_531,"13,95 €",Michèle Malavieille,"5,0 sur 5 étoiles, détails de l’évaluation",12,Broché,https://m.media-amazon.com/images/I/71aUrxm0ODL._AC_UY218_.jpg,2025-09-04T18:49:18.853299,Description non disponible depuis la recherche,Stock non disponible,ISBN non disponible,Éditeur non disponible,Date non disponible,Nombre de pages non disponible,Rang de vente non disponible,Religion,33.0,,
Dictionnaire Allemand - Spécial Collège,https://www.amazon.fr/Dictionnaire-Allemand-Sp%C3%A9cial-Coll%C3%A8ge-Collectif/dp/2035889413/ref=sr_1_532,"14,95 €",de Collectif | 6 mars 2013,"4,6 sur 5 étoiles, détails de l’évaluation",157,Relié,https://m.media-amazon.com/images/I/81UPZsod+YL._AC_UY218_.jpg,2025-09-04T18:49:18.855917,Description non disponible depuis la recherche,Stock non disponible,ISBN non disponible,Éditeur non disponible,Date non disponible,Nombre de pages non disponible,Rang de vente non disponible,Religion,33.0,,
Harrap's Mini dictionnaire visuel Japonais,https://www.amazon.fr/Harraps-Mini-dictionnaire-visuel-Japonais/dp/2818705991/ref=sr_1_531,"7,95 €",de Collectif | 21 février 2018,"4,7 sur 5 étoiles, détails de l’évaluation",306,Broché,https://m.media-amazon.com/images/I/81+EeXOEA+L._AC_UY218_.jpg,2025-09-04T18:49:30.887435,Description non disponible depuis la recherche,Stock non disponible,ISBN non disponible,Éditeur non disponible,Date non disponible,Nombre de pages non disponible,Rang de vente non disponible,Religion,34.0,,
Astérix - Astérix et le chaudron - n°13,https://www.amazon.fr/Ast%C3%A9rix-chaudron-n%C2%B013-Ren%C3%A9-Goscinny/dp/2012101453/ref=sr_1_532,"10,90 €",René Goscinny,"4,8 sur 5 étoiles, détails de l’évaluation",651,Relié,https://m.media-amazon.com/images/I/81o53A--e8L._AC_UY218_.jpg,2025-09-04T18:49:30.891070,Description non disponible depuis la recherche,Stock non disponible,ISBN non disponible,Éditeur non disponible,Date non disponible,Nombre de pages non disponible,Rang de vente non disponible,Religion,34.0,,
One Piece - Édition originale - Tome 90,https://www.amazon.fr/One-Piece-%C3%89dition-originale-90/dp/2344033599/ref=sr_1_533,"7,20 €",Eiichiro Oda,"4,8 sur 5 étoiles, détails de l’évaluation",648,Broché,https://m.media-amazon.com/images/I/91QhHIgTk2L._AC_UY218_.jpg,2025-09-04T18:49:30.894035,Description non disponible depuis la recherche,Stock non disponible,ISBN non disponible,Éditeur non disponible,Date non disponible,Nombre de pages non disponible,Rang de vente non disponible,Religion,34.0,,
Epreuve écrite disciplinaire: La composition,https://www.amazon.fr/Epreuve-%C3%A9crite-disciplinaire-Wendy-Cutler/dp/2340104947/ref=sr_1_534,"24,00 €","de Wendy Cutler, Leslie de Bont, et al. | 26 août 2025",Note non disponible,0 avis,Broché,https://m.media-amazon.com/images/I/61SIm694l3L._AC_UY218_.jpg,2025-09-04T18:49:30.897726,Description non disponible depuis la recherche,Stock non disponible,ISBN non disponible,Éditeur non disponible,Date non disponible,Nombre de pages non disponible,Rang de vente non disponible,Religion,34.0,,
Le Larousse médical,https://www.amazon.fr/Larousse-m%C3%A9dical-Jean-Pierre-Wainsten/dp/2036025951/ref=sr_1_535,"59,90 €",de Collectif | 12 octobre 2022,"4,9 sur 5 étoiles, détails de l’évaluation",55,Relié,https://m.media-amazon.com/images/I/71HMRH0XW6L._AC_UY218_.jpg,2025-09-04T18:49:30.900292,Description non disponible depuis la recherche,Stock non disponible,ISBN non disponible,Éditeur non disponible,Date non disponible,Nombre de pages non disponible,Rang de vente non disponible,Religion,34.0,,
Agenda de bord 2025/2026 professeur d’Histoire Géographie EMC: Carnet de bord A4 pour les enseignants,https://www.amazon.fr/Agenda-bord-professeur-dHistoire-G%C3%A9ographie/dp/9403794178/ref=sr_1_536,"11,90 €",Gringolivier editions,"5,0 sur 5 étoiles, détails de l’évaluation",1,Broché,https://m.media-amazon.com/images/I/71bOEFOL3kL._AC_UY218_.jpg,2025-09-04T18:49:30.902587,Description non disponible depuis la recherche,Stock non disponible,ISBN non disponible,Éditeur non disponible,Date non disponible,Nombre de pages non disponible,Rang de vente non disponible,Religion,34.0,,
Mémo anglais A2-B1 (collège) - édition 2020,https://www.amazon.fr/M%C3%A9mo-anglais-A2-B1-coll%C3%A8ge-%C3%A9dition/dp/2362463508/ref=sr_1_537,"6,30 €",Elise Peizerat,"4,7 sur 5 étoiles, détails de l’évaluation",72,Broché,https://m.media-amazon.com/images/I/71AVTBJyBDL._AC_UY218_.jpg,2025-09-04T18:49:30.904579,Description non disponible depuis la recherche,Stock non disponible,ISBN non disponible,Éditeur non disponible,Date non disponible,Nombre de pages non disponible,Rang de vente non disponible,Religion,34.0,,
"Game Changer : On se cherche, on se trouve",https://www.amazon.fr/Game-Changer-cherche-Rita-Badraoui/dp/B0CNHF7KQJ/ref=sr_1_538,"14,90 €",Rita Badraoui,"4,3 sur 5 étoiles, détails de l’évaluation",139,Broché,https://m.media-amazon.com/images/I/61RbIh3GfkL._AC_UY218_.jpg,2025-09-04T18:49:30.907079,Description non disponible depuis la recherche,Stock non disponible,ISBN non disponible,Éditeur non disponible,Date non disponible,Nombre de pages non disponible,Rang de vente non disponible,Religion,34.0,,
Le guide officiel du test Cambridge English Certificate (Niveau B2),https://www.amazon.fr/officiel-Cambridge-English-Certificate-Niveau/dp/2017082821/ref=sr_1_541,"14,90 €","de Cambridge Assessment English, Cambridge University Press, et al. | 3 juillet 2019","4,6 sur 5 étoiles, détails de l’évaluation",161,Broché,https://m.media-amazon.com/images/I/71rK+yItgwL._AC_UY218_.jpg,2025-09-04T18:49:30.915392,Description non disponible depuis la recherche,Stock non disponible,ISBN non disponible,Éditeur non disponible,Date non disponible,Nombre de pages non disponible,Rang de vente non disponible,Religion,34.0,,
"Encyclopédie Du Corps Humain Pour Enfants: Découvre ton anatomie, le squelette, les organes, les muscles, les cinq sens, les émotions… Avec activités et Quiz pour s'amuser",https://www.amazon.fr/Encyclop%C3%A9die-Corps-Humain-Pour-Enfants/dp/B09WHQCQC3/ref=sr_1_542,"11,95 €",Relative Editions,"4,5 sur 5 étoiles, détails de l’évaluation",109,Broché,https://m.media-amazon.com/images/I/71+YY2ktdgL._AC_UY218_.jpg,2025-09-04T18:49:30.917605,Description non disponible depuis la recherche,Stock non disponible,ISBN non disponible,Éditeur non disponible,Date non disponible,Nombre de pages non disponible,Rang de vente non disponible,Religion,34.0,,
Le mot et l’idée 2 – espagnol,https://www.amazon.fr/mot-lid%C3%A9e-2-espagnol/dp/2708016563/ref=sr_1_543,"18,95 €",de Éric Freysselinard | 21 mars 2023,"4,8 sur 5 étoiles, détails de l’évaluation",17,Relié,https://m.media-amazon.com/images/I/61BW36aKjdL._AC_UY218_.jpg,2025-09-04T18:49:30.920142,Description non disponible depuis la recherche,Stock non disponible,ISBN non disponible,Éditeur non disponible,Date non disponible,Nombre de pages non disponible,Rang de vente non disponible,Religion,34.0,,
"Tout l'anglais aux concours - 3e éd: Concours écoles de commerce ,d'ingénieur, sciences Po et IEP",https://www.amazon.fr/Tout-langlais-aux-concours-ding%C3%A9nieur/dp/2200638787/ref=sr_1_544,"23,90 €",Eddy Chevalier,"3,7 sur 5 étoiles, détails de l’évaluation",4,Broché,https://m.media-amazon.com/images/I/61-TWzaEyML._AC_UY218_.jpg,2025-09-04T18:49:30.923041,Description non disponible depuis la recherche,Stock non disponible,ISBN non disponible,Éditeur non disponible,Date non disponible,Nombre de pages non disponible,Rang de vente non disponible,Religion,34.0,,
L'architecture d'intérieur: Un guide pratique de référence,https://www.amazon.fr/Larchitecture-dint%C3%A9rieur-guide-pratique-r%C3%A9f%C3%A9rence/dp/2350174581/ref=sr_1_545,"28,00 €","de Chris Grimley, Mimi Love, et al. | 7 novembre 2019","4,6 sur 5 étoiles, détails de l’évaluation",340,Broché,https://m.media-amazon.com/images/I/71HZjYn+mML._AC_UY218_.jpg,2025-09-04T18:49:30.925827,Description non disponible depuis la recherche,Stock non disponible,ISBN non disponible,Éditeur non disponible,Date non disponible,Nombre de pages non disponible,Rang de vente non disponible,Religion,34.0,,
Tout le Diplôme Infirmier en fiches mémos - DEI - UE 1.1 à 6.2 - IFSI - Entrainement révision 3e Ed,https://www.amazon.fr/Tout-Dipl%C3%B4me-Infirmier-fiches-m%C3%A9mos/dp/221617128X/ref=sr_1_546,"29,95 €",de Collectif | 3 avril 2024,"4,9 sur 5 étoiles, détails de l’évaluation",17,Broché,https://m.media-amazon.com/images/I/61XFlXdCVxL._AC_UY218_.jpg,2025-09-04T18:49:30.928432,Description non disponible depuis la recherche,Stock non disponible,ISBN non disponible,Éditeur non disponible,Date non disponible,Nombre de pages non disponible,Rang de vente non disponible,Religion,34.0,,
Bescherelle - L'orthographe pour tous (nouvelle édition): pour écrire un français sans fautes,https://www.amazon.fr/Bescherelle-Lorthographe-nouvelle-%C3%A9dition-fran%C3%A7ais/dp/2401104763/ref=sr_1_547,"10,50 €",Aurore Ponsonnet,"4,3 sur 5 étoiles, détails de l’évaluation",13,Broché,https://m.media-amazon.com/images/I/61bXKHCAgkL._AC_UY218_.jpg,2025-09-04T18:49:30.931105,Description non disponible depuis la recherche,Stock non disponible,ISBN non disponible,Éditeur non disponible,Date non disponible,Nombre de pages non disponible,Rang de vente non disponible,Religion,34.0,,
L'induction en Hypnose: Construisez pas à pas des inductions efficaces,https://www.amazon.fr/Linduction-Hypnose-Construisez-inductions-efficaces/dp/B0BF2ZR359/ref=sr_1_548,"29,54 €",JORDAN VEROT,"4,7 sur 5 étoiles, détails de l’évaluation",232,Broché,https://m.media-amazon.com/images/I/61Zj6VxchfL._AC_UY218_.jpg,2025-09-04T18:49:30.933222,Description non disponible depuis la recherche,Stock non disponible,ISBN non disponible,Éditeur non disponible,Date non disponible,Nombre de pages non disponible,Rang de vente non disponible,Religion,34.0,,
La Clef vers l'Autolibération - Origines psychologiques de 1000 maladies,https://www.amazon.fr/Clef-vers-lAutolib%C3%A9ration-Origines-psychologiques/dp/9075849044/ref=sr_1_547,"59,00 €",Christiane Beerlandt,"4,6 sur 5 étoiles, détails de l’évaluation",310,Relié,https://m.media-amazon.com/images/I/71M6vFSC0LL._AC_UY218_.jpg,2025-09-04T18:49:42.612184,Description non disponible depuis la recherche,Stock non disponible,ISBN non disponible,Éditeur non disponible,Date non disponible,Nombre de pages non disponible,Rang de vente non disponible,Religion,35.0,,
Les mille premiers mots en anglais - Usborne - dès 5 ans,https://www.amazon.fr/mille-premiers-mots-anglais/dp/1409570916/ref=sr_1_548,"10,00 €",Heather Amery,"4,7 sur 5 étoiles, détails de l’évaluation",336,Broché,https://m.media-amazon.com/images/I/715PBgH-Y5L._AC_UY218_.jpg,2025-09-04T18:49:42.614513,Description non disponible depuis la recherche,Stock non disponible,ISBN non disponible,Éditeur non disponible,Date non disponible,Nombre de pages non disponible,Rang de vente non disponible,Religion,35.0,,
Dictionnaire Hachette Espagnol POCHE,https://www.amazon.fr/Dictionnaire-Hachette-POCHE-Espagnol-Collectif/dp/2014006830/ref=sr_1_549,"7,90 €",de Collectif | 7 juin 2023,"4,5 sur 5 étoiles, détails de l’évaluation",7,Broché,https://m.media-amazon.com/images/I/81jtkZxqgVL._AC_UY218_.jpg,2025-09-04T18:49:42.617099,Description non disponible depuis la recherche,Stock non disponible,ISBN non disponible,Éditeur non disponible,Date non disponible,Nombre de pages non disponible,Rang de vente non disponible,Religion,35.0,,
Géographie CM2 (+ CD-Rom) - Nouvelle édition avec évaluations: EDITION 2018,https://www.amazon.fr/G%C3%A9ographie-CM2-CD-Rom-Nouvelle-%C3%A9valuations/dp/2725636027/ref=sr_1_550,"63,00 €",Alexandra Baudinault,"4,5 sur 5 étoiles, détails de l’évaluation",53,Broché,https://m.media-amazon.com/images/I/61vtCg5reJL._AC_UY218_.jpg,2025-09-04T18:49:42.619389,Description non disponible depuis la recherche,Stock non disponible,ISBN non disponible,Éditeur non disponible,Date non disponible,Nombre de pages non disponible,Rang de vente non disponible,Religion,35.0,,
Bescherelle - Italien : les verbes: la référence sur la conjugaison italienne,https://www.amazon.fr/Bescherelle-italien-verbes-M/dp/2218926180/ref=sr_1_551,"11,50 €",Luciano Cappelletti,"4,7 sur 5 étoiles, détails de l’évaluation",319,Broché,https://m.media-amazon.com/images/I/61doQW5mjqL._AC_UY218_.jpg,2025-09-04T18:49:42.622292,Description non disponible depuis la recherche,Stock non disponible,ISBN non disponible,Éditeur non disponible,Date non disponible,Nombre de pages non disponible,Rang de vente non disponible,Religion,35.0,,
Bescherelle - Portugais : les verbes: la référence sur la conjugaison portugaise,https://www.amazon.fr/Portugais-verbes-N-Anido-Freire/dp/221893177X/ref=sr_1_552,"11,50 €",Naiade-Anido Freire,"4,7 sur 5 étoiles, détails de l’évaluation",314,Broché,https://m.media-amazon.com/images/I/61WViF99O9L._AC_UY218_.jpg,2025-09-04T18:49:42.625233,Description non disponible depuis la recherche,Stock non disponible,ISBN non disponible,Éditeur non disponible,Date non disponible,Nombre de pages non disponible,Rang de vente non disponible,Religion,35.0,,
L'Atelier de Lecture CE1,https://www.amazon.fr/LAtelier-Lecture-CE1-Olivier-Dartois/dp/2091224375/ref=sr_1_553,"7,95 €","de Alain Bentolila, Collectif, et al. | 30 août 2012","4,7 sur 5 étoiles, détails de l’évaluation",211,Broché,https://m.media-amazon.com/images/I/61oHi9FzlxL._AC_UY218_.jpg,2025-09-04T18:49:42.628007,Description non disponible depuis la recherche,Stock non disponible,ISBN non disponible,Éditeur non disponible,Date non disponible,Nombre de pages non disponible,Rang de vente non disponible,Religion,35.0,,
Le Prince de Machiavel: Texte Original Intégral - Un Classique À Lire Au Moins Une Fois Dans Sa Vie,https://www.amazon.fr/Prince-Machiavel-Original-Int%C3%A9gral-Classique/dp/B0FHDVPGM6/ref=sr_1_554,"9,99 €",de Nicolas Machiavel et Jean Vincent Périès | 11 juillet 2025,Note non disponible,0 avis,Broché,https://m.media-amazon.com/images/I/61ZBJW2-FqL._AC_UY218_.jpg,2025-09-04T18:49:42.630624,Description non disponible depuis la recherche,Stock non disponible,ISBN non disponible,Éditeur non disponible,Date non disponible,Nombre de pages non disponible,Rang de vente non disponible,Religion,35.0,,
Éloge de la fuite,https://www.amazon.fr/%C3%89loge-fuite-Henri-Laborit/dp/2070322831/ref=sr_1_557,"9,50 €",Henri Laborit,"4,5 sur 5 étoiles, détails de l’évaluation",442,Poche,https://m.media-amazon.com/images/I/81RXAPGCGPL._AC_UY218_.jpg,2025-09-04T18:49:42.638675,Description non disponible depuis la recherche,Stock non disponible,ISBN non disponible,Éditeur non disponible,Date non disponible,Nombre de pages non disponible,Rang de vente non disponible,Religion,35.0,,
Astérix - La zizanie - n°15,https://www.amazon.fr/Ast%C3%A9rix-zizanie-n%C2%B015-Ren%C3%A9-Goscinny/dp/201210147X/ref=sr_1_558,"10,90 €",René Goscinny,"4,8 sur 5 étoiles, détails de l’évaluation",643,Relié,https://m.media-amazon.com/images/I/81+Na+1bozL._AC_UY218_.jpg,2025-09-04T18:49:42.641545,Description non disponible depuis la recherche,Stock non disponible,ISBN non disponible,Éditeur non disponible,Date non disponible,Nombre de pages non disponible,Rang de vente non disponible,Religion,35.0,,
Complete Key for Schools Student's Book without Answers with Online Practice,https://www.amazon.fr/Complete-Schools-Students-without-Practice/dp/1108539335/ref=sr_1_559,"33,33 €",David McKeegan,"4,7 sur 5 étoiles, détails de l’évaluation",326,Coffret produits,https://m.media-amazon.com/images/I/61JbZ9-uToL._AC_UY218_.jpg,2025-09-04T18:49:42.644020,Description non disponible depuis la recherche,Stock non disponible,ISBN non disponible,Éditeur non disponible,Date non disponible,Nombre de pages non disponible,Rang de vente non disponible,Religion,35.0,,
Pack étudiant essentiel L1 2026,https://www.amazon.fr/Pack-%C3%A9tudiant-essentiel-L1-2026/dp/2711042774/ref=sr_1_560,"35,00 €","de Jean-Jacques Ansault, Charlotte Goldie-Genicon, et al. | 25 juin 2025",Note non disponible,0 avis,Relié,https://m.media-amazon.com/images/I/713NHus7GXL._AC_UY218_.jpg,2025-09-04T18:49:42.646749,Description non disponible depuis la recherche,Stock non disponible,ISBN non disponible,Éditeur non disponible,Date non disponible,Nombre de pages non disponible,Rang de vente non disponible,Religion,35.0,,
"Le Voyageur sans bagage, suivi de Le Bal des voleurs",https://www.amazon.fr/Voyageur-sans-bagage-suivi-voleurs/dp/2070367592/ref=sr_1_561,"8,00 €",Jean Anouilh,"4,5 sur 5 étoiles, détails de l’évaluation",306,Poche,https://m.media-amazon.com/images/I/71QUCIT10TL._AC_UY218_.jpg,2025-09-04T18:49:42.648880,Description non disponible depuis la recherche,Stock non disponible,ISBN non disponible,Éditeur non disponible,Date non disponible,Nombre de pages non disponible,Rang de vente non disponible,Religion,35.0,,
Vocabulaire anglais courant,https://www.amazon.fr/Vocabulaire-anglais-courant-Jean-Bernard-Piat/dp/2290170194/ref=sr_1_562,"3,00 €",Jean-Bernard Piat,"4,5 sur 5 étoiles, détails de l’évaluation",440,Poche,https://m.media-amazon.com/images/I/616oGtpWiiL._AC_UY218_.jpg,2025-09-04T18:49:42.651440,Description non disponible depuis la recherche,Stock non disponible,ISBN non disponible,Éditeur non disponible,Date non disponible,Nombre de pages non disponible,Rang de vente non disponible,Religion,35.0,,
ABC DELF - Niveau A2 - 3ème édition: Audio en ligne et version numérique 100% interactive incluse,https://www.amazon.fr/ABC-DELF-%C3%A9dition-num%C3%A9rique-interactive/dp/2090398027/ref=sr_1_563,"18,60 €",de Jugurta Bentifraouine et David Clément Davies | 6 mai 2025,"5,0 sur 5 étoiles, détails de l’évaluation",1,Broché,https://m.media-amazon.com/images/I/61S3q42EZFL._AC_UY218_.jpg,2025-09-04T18:49:42.653786,Description non disponible depuis la recherche,Stock non disponible,ISBN non disponible,Éditeur non disponible,Date non disponible,Nombre de pages non disponible,Rang de vente non disponible,Religion,35.0,,
Mon cahier d'orthographe facile ! adapté aux enfants DYS ou en difficulté d'apprentissage CM1-CM2: 9 - 11 ans,https://www.amazon.fr/Mon-cahier-dorthographe-facile-CM1-CM2/dp/2401084835/ref=sr_1_564,"7,95 €",Evelyne Barge,"4,7 sur 5 étoiles, détails de l’évaluation",64,Broché,https://m.media-amazon.com/images/I/71vG2UBo6FL._AC_UY218_.jpg,2025-09-04T18:49:42.656740,Description non disponible depuis la recherche,Stock non disponible,ISBN non disponible,Éditeur non disponible,Date non disponible,Nombre de pages non disponible,Rang de vente non disponible,Religion,35.0,,
English Grammar in Use Book with Answers and Interactive eBook: A Self-study Reference and Practice Book for Intermediate Learners of English,https://www.amazon.fr/English-Grammar-Answers-Interactive-eBook/dp/1108586627/ref=sr_1_563,"43,07 €",Raymond Murphy,"4,6 sur 5 étoiles, détails de l’évaluation",2 339,Coffret produits,https://m.media-amazon.com/images/I/61Ydh6JWm-L._AC_UY218_.jpg,2025-09-04T18:49:55.070082,Description non disponible depuis la recherche,Stock non disponible,ISBN non disponible,Éditeur non disponible,Date non disponible,Nombre de pages non disponible,Rang de vente non disponible,Religion,36.0,,
Grammatik aktiv: U>bungsgrammatik inkl. PagePlayer-App - new edition 2023,https://www.amazon.fr/Grammatik-aktiv-A1-B1-%C3%9Cbungsgrammatik-PagePlayer-App/dp/3061229647/ref=sr_1_564,"22,99 €",Friederike Jin,"4,7 sur 5 étoiles, détails de l’évaluation",1 321,Broché,https://m.media-amazon.com/images/I/51AmI-ggt+L._AC_UY218_.jpg,2025-09-04T18:49:55.073127,Description non disponible depuis la recherche,Stock non disponible,ISBN non disponible,Éditeur non disponible,Date non disponible,Nombre de pages non disponible,Rang de vente non disponible,Religion,36.0,,
Les petits devoirs - Conjugaison CM1,https://www.amazon.fr/petits-devoirs-Conjugaison-CM1/dp/2369408014/ref=sr_1_565,"6,95 €",Brigitte Guigui,"4,7 sur 5 étoiles, détails de l’évaluation",54,Broché,https://m.media-amazon.com/images/I/41JsB8OQ3iL._AC_UY218_.jpg,2025-09-04T18:49:55.075302,Description non disponible depuis la recherche,Stock non disponible,ISBN non disponible,Éditeur non disponible,Date non disponible,Nombre de pages non disponible,Rang de vente non disponible,Religion,36.0,,
"L'espagnol de A à Z: grammaire, conjugaison & difficultés de traduction",https://www.amazon.fr/Lespagnol-grammaire-conjugaison-difficult%C3%A9s-traduction/dp/2401086161/ref=sr_1_566,"13,50 €",de Claude Mariani et Daniel Vassiviere | 15 juin 2022,"4,2 sur 5 étoiles, détails de l’évaluation",25,Broché,https://m.media-amazon.com/images/I/81mpkAFAaaL._AC_UY218_.jpg,2025-09-04T18:49:55.078774,Description non disponible depuis la recherche,Stock non disponible,ISBN non disponible,Éditeur non disponible,Date non disponible,Nombre de pages non disponible,Rang de vente non disponible,Religion,36.0,,
"J'apprends l'italien autrement - niveau débutant: 80 cartes mentales pour apprendre facilement la grammaire, la conjugaison et le vocabulaire italiens !",https://www.amazon.fr/Japprends-litalien-autrement-conjugaison-vocabulaire/dp/2416003062/ref=sr_1_567,"24,90 €",Stéphanie Eleaume Lachaud,"4,6 sur 5 étoiles, détails de l’évaluation",80,Broché,https://m.media-amazon.com/images/I/71U6kEqyIoL._AC_UY218_.jpg,2025-09-04T18:49:55.080855,Description non disponible depuis la recherche,Stock non disponible,ISBN non disponible,Éditeur non disponible,Date non disponible,Nombre de pages non disponible,Rang de vente non disponible,Religion,36.0,,
Astérix - Astérix chez les Pictes - n°35,https://www.amazon.fr/Ast%C3%A9rix-chez-Pictes-Ren%C3%A9-Goscinny/dp/2864972662/ref=sr_1_568,"10,90 €","de René Goscinny, Albert Uderzo, et al. | 24 octobre 2013","4,6 sur 5 étoiles, détails de l’évaluation",1 580,Relié,https://m.media-amazon.com/images/I/91GQW6xRizL._AC_UY218_.jpg,2025-09-04T18:49:55.084416,Description non disponible depuis la recherche,Stock non disponible,ISBN non disponible,Éditeur non disponible,Date non disponible,Nombre de pages non disponible,Rang de vente non disponible,Religion,36.0,,
"contemplations, Les",https://www.amazon.fr/contemplations-Victor-Hugo-ebook/dp/B005R8GQJO/ref=sr_1_569,"0,00 €",Victor Hugo,"4,6 sur 5 étoiles, détails de l’évaluation",989,Format Kindle,https://m.media-amazon.com/images/I/91FsLKvWepL._AC_UY218_.jpg,2025-09-04T18:49:55.087728,Description non disponible depuis la recherche,Stock non disponible,ISBN non disponible,Éditeur non disponible,Date non disponible,Nombre de pages non disponible,Rang de vente non disponible,Religion,36.0,,
Physique PC/PC*,https://www.amazon.fr/Physique-PC-R%C3%A9gis-Bourdin/dp/2340066840/ref=sr_1_570,"49,00 €","de Régis Bourdin, Ludovic Menguy, et al. | 17 mai 2022","4,2 sur 5 étoiles, détails de l’évaluation",15,Broché,https://m.media-amazon.com/images/I/61sJUjhfy1L._AC_UY218_.jpg,2025-09-04T18:49:55.090942,Description non disponible depuis la recherche,Stock non disponible,ISBN non disponible,Éditeur non disponible,Date non disponible,Nombre de pages non disponible,Rang de vente non disponible,Religion,36.0,,
Dragon Ball Super - Tome 03,https://www.amazon.fr/Dragon-Ball-Super-Akira-Toriyama/dp/2344027556/ref=sr_1_573,"7,20 €",Akira Toriyama,"4,8 sur 5 étoiles, détails de l’évaluation",1 428,Broché,https://m.media-amazon.com/images/I/91ibg+JqQ5L._AC_UY218_.jpg,2025-09-04T18:49:55.099918,Description non disponible depuis la recherche,Stock non disponible,ISBN non disponible,Éditeur non disponible,Date non disponible,Nombre de pages non disponible,Rang de vente non disponible,Religion,36.0,,
Agenda Animaux trop mignons 2025-2026,https://www.amazon.fr/Agenda-Animaux-trop-mignons-2025-2026/dp/2385430754/ref=sr_1_574,Prix non disponible,de Collectif | 5 juin 2025,"5,0 sur 5 étoiles, détails de l’évaluation",3,Relié,https://m.media-amazon.com/images/I/41pPnBucX8L._AC_UY218_.jpg,2025-09-04T18:49:55.102150,Description non disponible depuis la recherche,Stock non disponible,ISBN non disponible,Éditeur non disponible,Date non disponible,Nombre de pages non disponible,Rang de vente non disponible,Religion,36.0,,
Dictionnaire d'Economie et de Sciences Sociales et Politiques (SES et HGGSP) - Edition 2026 - Bac et études supérieures - Données statistiques actualisées,https://www.amazon.fr/Dictionnaire-dEconomie-Sciences-Sociales-Politiques/dp/2095050169/ref=sr_1_575,"14,95 €",Franck Bazureau,"3,8 sur 5 étoiles, détails de l’évaluation",4,Broché,https://m.media-amazon.com/images/I/61LK918-+7L._AC_UY218_.jpg,2025-09-04T18:49:55.105059,Description non disponible depuis la recherche,Stock non disponible,ISBN non disponible,Éditeur non disponible,Date non disponible,Nombre de pages non disponible,Rang de vente non disponible,Religion,36.0,,
Destination B2. Grammar; Vocabulary / Student's Book with Key,https://www.amazon.fr/Destination-Grammar-Vocabulary-Students-Book/dp/3190429553/ref=sr_1_576,"34,51 €",Malcolm Mann,"4,6 sur 5 étoiles, détails de l’évaluation",475,Broché,https://m.media-amazon.com/images/I/41DRjpPfZmL._AC_UY218_.jpg,2025-09-04T18:49:55.107506,Description non disponible depuis la recherche,Stock non disponible,ISBN non disponible,Éditeur non disponible,Date non disponible,Nombre de pages non disponible,Rang de vente non disponible,Religion,36.0,,
Le grand Larousse du vin,https://www.amazon.fr/grand-Larousse-du-vin/dp/2035959675/ref=sr_1_577,"39,95 €",de Collectif | 22 août 2018,"4,7 sur 5 étoiles, détails de l’évaluation",340,Relié,https://m.media-amazon.com/images/I/71yoTtfIsQL._AC_UY218_.jpg,2025-09-04T18:49:55.110012,Description non disponible depuis la recherche,Stock non disponible,ISBN non disponible,Éditeur non disponible,Date non disponible,Nombre de pages non disponible,Rang de vente non disponible,Religion,36.0,,
L'Île noire,https://www.amazon.fr/L%C3%8Ele-noire-Herg%C3%A9/dp/2203001062/ref=sr_1_578,"12,50 €",Hergé,"4,8 sur 5 étoiles, détails de l’évaluation",841,Broché,https://m.media-amazon.com/images/I/81y5NsS-RLL._AC_UY218_.jpg,2025-09-04T18:49:55.112731,Description non disponible depuis la recherche,Stock non disponible,ISBN non disponible,Éditeur non disponible,Date non disponible,Nombre de pages non disponible,Rang de vente non disponible,Religion,36.0,,
L'infirmière de bloc opératoire 6e éd.,https://www.amazon.fr/Linfirmi%C3%A8re-bloc-op%C3%A9ratoire-Collectif/dp/2224035438/ref=sr_1_579,"56,00 €",Guy Samama,"4,5 sur 5 étoiles, détails de l’évaluation",149,Broché,https://m.media-amazon.com/images/I/41CMY+oP73L._AC_UY218_.jpg,2025-09-04T18:49:55.114802,Description non disponible depuis la recherche,Stock non disponible,ISBN non disponible,Éditeur non disponible,Date non disponible,Nombre de pages non disponible,Rang de vente non disponible,Religion,36.0,,
"Réussir le CAPES de Lettres Modernes en L3. Programme 2026 - ""Méchants et méchantes""",https://www.amazon.fr/R%C3%A9ussir-CAPES-Lettres-Modernes-Programme-ebook/dp/B0FPF7H4TK/ref=sr_1_580,"24,99 €","de Jean-Michel Gouvard, Aurélie Renault, et al. | 2 septembre 2025",Note non disponible,0 avis,Format Kindle,https://m.media-amazon.com/images/I/71R1zt+hiFL._AC_UY218_.jpg,2025-09-04T18:49:55.118872,Description non disponible depuis la recherche,Stock non disponible,ISBN non disponible,Éditeur non disponible,Date non disponible,Nombre de pages non disponible,Rang de vente non disponible,Religion,36.0,,
Cahier de Français 6e éd. 2020 - Cahier de l'élève,https://www.amazon.fr/Cahier-Fran%C3%A7ais-6e-%C3%A9d-2020/dp/2401062785/ref=sr_1_579,"7,20 €",Annie Lomné,"4,7 sur 5 étoiles, détails de l’évaluation",1 078,Broché,https://m.media-amazon.com/images/I/71ZACRuzQpL._AC_UY218_.jpg,2025-09-04T18:50:05.337936,Description non disponible depuis la recherche,Stock non disponible,ISBN non disponible,Éditeur non disponible,Date non disponible,Nombre de pages non disponible,Rang de vente non disponible,Religion,37.0,,
Mais...Qui est Allah?: (Islam pour enfants),https://www.amazon.fr/Mais-Qui-est-Allah-enfants/dp/1988779170/ref=sr_1_580,"10,95 €",Bachar Karroum,"4,6 sur 5 étoiles, détails de l’évaluation",740,Broché,https://m.media-amazon.com/images/I/41CEDhF8NhL._AC_UY218_.jpg,2025-09-04T18:50:05.340414,Description non disponible depuis la recherche,Stock non disponible,ISBN non disponible,Éditeur non disponible,Date non disponible,Nombre de pages non disponible,Rang de vente non disponible,Religion,37.0,,
Astérix - Astérix en hispanie - n°14,https://www.amazon.fr/Ast%C3%A9rix-en-hispanie-n%C2%B014/dp/2012101461/ref=sr_1_581,"10,90 €",René Goscinny,"4,8 sur 5 étoiles, détails de l’évaluation",643,Broché,https://m.media-amazon.com/images/I/81aeRQvN+LL._AC_UY218_.jpg,2025-09-04T18:50:05.343784,Description non disponible depuis la recherche,Stock non disponible,ISBN non disponible,Éditeur non disponible,Date non disponible,Nombre de pages non disponible,Rang de vente non disponible,Religion,37.0,,
Dictionnaire de Géopolitique - Nouvelle édition 2024,https://www.amazon.fr/Dictionnaire-G%C3%A9opolitique-Nouvelle-%C3%A9dition-2024/dp/240111260X/ref=sr_1_582,"16,50 €",de Stéphanie Beucher et Annette Ciattoni | 21 août 2024,"5,0 sur 5 étoiles, détails de l’évaluation",2,Broché,https://m.media-amazon.com/images/I/716LjEcBWWL._AC_UY218_.jpg,2025-09-04T18:50:05.346589,Description non disponible depuis la recherche,Stock non disponible,ISBN non disponible,Éditeur non disponible,Date non disponible,Nombre de pages non disponible,Rang de vente non disponible,Religion,37.0,,
Bled Italien Tout en Un,https://www.amazon.fr/Bled-Italien-Tout-Dani%C3%A8le-Gas/dp/2017151122/ref=sr_1_583,"12,90 €",Danièle Gas,"4,6 sur 5 étoiles, détails de l’évaluation",227,Broché,https://m.media-amazon.com/images/I/71G+a38G04S._AC_UY218_.jpg,2025-09-04T18:50:05.348711,Description non disponible depuis la recherche,Stock non disponible,ISBN non disponible,Éditeur non disponible,Date non disponible,Nombre de pages non disponible,Rang de vente non disponible,Religion,37.0,,
"Tous les pays, capitales et drapeaux du monde: (Guide des Drapeaux)",https://www.amazon.fr/Tous-pays-capitales-drapeaux-monde/dp/B085KJS57X/ref=sr_1_584,"10,99 €",Enfants intelligents,"4,4 sur 5 étoiles, détails de l’évaluation",403,Broché,https://m.media-amazon.com/images/I/71N8tq69kiL._AC_UY218_.jpg,2025-09-04T18:50:05.350917,Description non disponible depuis la recherche,Stock non disponible,ISBN non disponible,Éditeur non disponible,Date non disponible,Nombre de pages non disponible,Rang de vente non disponible,Religion,37.0,,
Le Nouveau Bescherelle. L' Art de conjuguer Dictionnaire de verbes francais (Édition Allemande),https://www.amazon.fr/Nouveau-Bescherelle-L-Art/dp/3425067710/ref=sr_1_585,"17,95 €",de olaf-hahn | 1 janvier 2000,"4,5 sur 5 étoiles, détails de l’évaluation",149,Relié,https://m.media-amazon.com/images/I/71t7TL6AiTL._AC_UY218_.jpg,2025-09-04T18:50:05.353678,Description non disponible depuis la recherche,Stock non disponible,ISBN non disponible,Éditeur non disponible,Date non disponible,Nombre de pages non disponible,Rang de vente non disponible,Religion,37.0,,
La révolution des fourmis,https://www.amazon.fr/r%C3%A9volution-fourmis-Bernard-Werber/dp/2253144452/ref=sr_1_586,"10,40 €",Bernard Werber,"4,5 sur 5 étoiles, détails de l’évaluation",639,Poche,https://m.media-amazon.com/images/I/717+ycrvQRL._AC_UY218_.jpg,2025-09-04T18:50:05.357208,Description non disponible depuis la recherche,Stock non disponible,ISBN non disponible,Éditeur non disponible,Date non disponible,Nombre de pages non disponible,Rang de vente non disponible,Religion,37.0,,
Atlas routiers : Grand Paris et Banlieue,https://www.amazon.fr/Atlas-routiers-Grand-Paris-Banlieue/dp/2707204595/ref=sr_1_589,"29,90 €",de Atlas Indispensable | 5 septembre 2002,"4,6 sur 5 étoiles, détails de l’évaluation",175,Broché,https://m.media-amazon.com/images/I/91I1l46+zyL._AC_UY218_.jpg,2025-09-04T18:50:05.365516,Description non disponible depuis la recherche,Stock non disponible,ISBN non disponible,Éditeur non disponible,Date non disponible,Nombre de pages non disponible,Rang de vente non disponible,Religion,37.0,,
Petit Larousse illustré 2025,https://www.amazon.fr/Petit-Larousse-illustr%C3%A9-2025-COLLECTIF/dp/2036022200/ref=sr_1_590,"32,95 €",de COLLECTIF | 22 mai 2024,"4,7 sur 5 étoiles, détails de l’évaluation",138,Relié,https://m.media-amazon.com/images/I/81DfFKQFkSL._AC_UY218_.jpg,2025-09-04T18:50:05.367897,Description non disponible depuis la recherche,Stock non disponible,ISBN non disponible,Éditeur non disponible,Date non disponible,Nombre de pages non disponible,Rang de vente non disponible,Religion,37.0,,
Bretagne Nord - Le sentier des douaniers GR34 (89028),https://www.amazon.fr/Bretagne-Nord-sentier-douaniers-89028/dp/2758551276/ref=sr_1_591,"9,30 €",Carte,"4,6 sur 5 étoiles, détails de l’évaluation",116,Carte,https://m.media-amazon.com/images/I/813+c98RF0L._AC_UY218_.jpg,2025-09-04T18:50:05.369695,Description non disponible depuis la recherche,Stock non disponible,ISBN non disponible,Éditeur non disponible,Date non disponible,Nombre de pages non disponible,Rang de vente non disponible,Religion,37.0,,
Essential Grammar in Use Book with Answers and Interactive ebook French Edition,https://www.amazon.fr/Essential-Grammar-Answers-Interactive-French/dp/1316505294/ref=sr_1_592,"40,36 €",Martine Hennard-Dutheil de la Rochère,"4,6 sur 5 étoiles, détails de l’évaluation",298,Broché,https://m.media-amazon.com/images/I/61rO+E8a5IL._AC_UY218_.jpg,2025-09-04T18:50:05.372890,Description non disponible depuis la recherche,Stock non disponible,ISBN non disponible,Éditeur non disponible,Date non disponible,Nombre de pages non disponible,Rang de vente non disponible,Religion,37.0,,
Les petits devoirs - Conjugaison CM2,https://www.amazon.fr/petits-devoirs-Conjugaison-CM2/dp/2369408111/ref=sr_1_593,"6,95 €",Alice GRAVIER,"4,7 sur 5 étoiles, détails de l’évaluation",25,Broché,https://m.media-amazon.com/images/I/81i0r7AgMxL._AC_UY218_.jpg,2025-09-04T18:50:05.374835,Description non disponible depuis la recherche,Stock non disponible,ISBN non disponible,Éditeur non disponible,Date non disponible,Nombre de pages non disponible,Rang de vente non disponible,Religion,37.0,,
BLED Collège Histoire,https://www.amazon.fr/BLED-Coll%C3%A8ge-Histoire-Antoine-Auger/dp/2017267236/ref=sr_1_594,"12,90 €",de Antoine Auger et Guillaume Picon | 3 juillet 2024,"4,8 sur 5 étoiles, détails de l’évaluation",13,Broché,https://m.media-amazon.com/images/I/714Uea94N0L._AC_UY218_.jpg,2025-09-04T18:50:05.377578,Description non disponible depuis la recherche,Stock non disponible,ISBN non disponible,Éditeur non disponible,Date non disponible,Nombre de pages non disponible,Rang de vente non disponible,Religion,37.0,,
Édito B1 - édition 2022-2024 - Cahier + didierfle.app,https://www.amazon.fr/Edito-B1-%C3%A9dition-2022-2024-didierfle-app/dp/2278108522/ref=sr_1_595,"13,10 €","de Elodie Heu, Marie Gatin, et al. | 29 août 2023","4,6 sur 5 étoiles, détails de l’évaluation",40,Broché,https://m.media-amazon.com/images/I/812ICxqrFVL._AC_UY218_.jpg,2025-09-04T18:50:15.382753,Description non disponible depuis la recherche,Stock non disponible,ISBN non disponible,Éditeur non disponible,Date non disponible,Nombre de pages non disponible,Rang de vente non disponible,Religion,38.0,,
¡ Hablo español !: Une méthode facile et ludique pour apprendre l'espagnol !,https://www.amazon.fr/Hablo-espa%C3%B1ol-m%C3%A9thode-apprendre-lespagnol/dp/2501185250/ref=sr_1_596,"16,90 €",Paloma @espagnol.france,"4,3 sur 5 étoiles, détails de l’évaluation",39,Broché,https://m.media-amazon.com/images/I/71P2tLNz3sL._AC_UY218_.jpg,2025-09-04T18:50:15.385503,Description non disponible depuis la recherche,Stock non disponible,ISBN non disponible,Éditeur non disponible,Date non disponible,Nombre de pages non disponible,Rang de vente non disponible,Religion,38.0,,
"Histoire/Géographie, Géopolitique, Sciences politiques 1ère spé- Livre élève - Ed. 2019",https://www.amazon.fr/Histoire-G%C3%A9ographie-G%C3%A9opolitique-Sciences-politiques/dp/2017087971/ref=sr_1_597,"40,90 €",Michaël Navarro,"4,7 sur 5 étoiles, détails de l’évaluation",60,Broché,https://m.media-amazon.com/images/I/81SQfcxH5sL._AC_UY218_.jpg,2025-09-04T18:50:15.387906,Description non disponible depuis la recherche,Stock non disponible,ISBN non disponible,Éditeur non disponible,Date non disponible,Nombre de pages non disponible,Rang de vente non disponible,Religion,38.0,,
Grammaire progressive du français - Niveau débutant (A1) - Livre + CD + Appli-web - 3ème édition,https://www.amazon.fr/Grammaire-progressive-fran%C3%A7ais-Livre-web-interactif/dp/2090380993/ref=sr_1_598,"26,00 €",de Maïa Grégoire et Gracia Merlo | 16 juillet 2018,"4,6 sur 5 étoiles, détails de l’évaluation",671,Broché,https://m.media-amazon.com/images/I/71b7d-OOevL._AC_UY218_.jpg,2025-09-04T18:50:15.390507,Description non disponible depuis la recherche,Stock non disponible,ISBN non disponible,Éditeur non disponible,Date non disponible,Nombre de pages non disponible,Rang de vente non disponible,Religion,38.0,,
Agenda de bord 2025/2026 professeur d’éducation musicale: Carnet de bord A4 pour les enseignants,https://www.amazon.fr/Agenda-bord-professeur-d%C3%A9ducation-musicale/dp/9403794267/ref=sr_1_599,"11,90 €",Gringolivier editions,"4,5 sur 5 étoiles, détails de l’évaluation",2,Broché,https://m.media-amazon.com/images/I/61MA6kx2iyL._AC_UY218_.jpg,2025-09-04T18:50:15.392467,Description non disponible depuis la recherche,Stock non disponible,ISBN non disponible,Éditeur non disponible,Date non disponible,Nombre de pages non disponible,Rang de vente non disponible,Religion,38.0,,
"Bescherelle - Maîtriser la langue française au lycée (2de, 1re): règles & exercices corrigés (grammaire, orthographe, expression)",https://www.amazon.fr/Bescherelle-Ma%C3%AEtriser-langue-fran%C3%A7aise-lyc%C3%A9e/dp/2401054553/ref=sr_1_600,"12,90 €","de Sandrine Girard, Olivier Chartrain, et al. | 24 juin 2020","4,7 sur 5 étoiles, détails de l’évaluation",261,Broché,https://m.media-amazon.com/images/I/71QIX+9aYGS._AC_UY218_.jpg,2025-09-04T18:50:15.396117,Description non disponible depuis la recherche,Stock non disponible,ISBN non disponible,Éditeur non disponible,Date non disponible,Nombre de pages non disponible,Rang de vente non disponible,Religion,38.0,,
"Dominoes, New Edition Level 1: Sherlock Holmes: The Blue Diamond",https://www.amazon.fr/Sherlock-Holmes-Arthur-Conan-Doyle/dp/0194247597/ref=sr_1_601,"16,95 €",Édition en Anglais | de XXX | 10 décembre 2009,"4,4 sur 5 étoiles, détails de l’évaluation",115,Broché,https://m.media-amazon.com/images/I/81cOQ3DZCrL._AC_UY218_.jpg,2025-09-04T18:50:15.398976,Description non disponible depuis la recherche,Stock non disponible,ISBN non disponible,Éditeur non disponible,Date non disponible,Nombre de pages non disponible,Rang de vente non disponible,Religion,38.0,,
100 dieux et héros de la Mythologie,https://www.amazon.fr/dieux-h%C3%A9ros-Mythologie-Cl%C3%A9mentine-Baron/dp/2371046272/ref=sr_1_602,"21,90 €","de Bruno Wennagel, Mathieu Ferret, et al. | 6 octobre 2021","4,8 sur 5 étoiles, détails de l’évaluation",156,Relié,https://m.media-amazon.com/images/I/81YJ4+wkZnL._AC_UY218_.jpg,2025-09-04T18:50:15.401944,Description non disponible depuis la recherche,Stock non disponible,ISBN non disponible,Éditeur non disponible,Date non disponible,Nombre de pages non disponible,Rang de vente non disponible,Religion,38.0,,
"Minecraft, le guide du débutant: Tout savoir sur Minecraft, en mode survie ou créatif-Nouvelle édition",https://www.amazon.fr/Minecraft-guide-d%C3%A9butant-cr%C3%A9atif-Nouvelle-%C3%A9dition/dp/2075201927/ref=sr_1_605,"14,90 €",de Collectif et Alexandre Fil | 5 septembre 2024,"4,5 sur 5 étoiles, détails de l’évaluation",12,Broché,https://m.media-amazon.com/images/I/81YrjAk1xlL._AC_UY218_.jpg,2025-09-04T18:50:15.411175,Description non disponible depuis la recherche,Stock non disponible,ISBN non disponible,Éditeur non disponible,Date non disponible,Nombre de pages non disponible,Rang de vente non disponible,Religion,38.0,,
Les mots fléchés Le Robert N°1: Broché,https://www.amazon.fr/mots-fl%C3%A9ch%C3%A9s-Robert-N%C2%B01/dp/2321006870/ref=sr_1_606,"12,50 €",Julien Soulié,"4,3 sur 5 étoiles, détails de l’évaluation",202,Broché,https://m.media-amazon.com/images/I/51rXwuxcmYL._AC_UY218_.jpg,2025-09-04T18:50:15.413308,Description non disponible depuis la recherche,Stock non disponible,ISBN non disponible,Éditeur non disponible,Date non disponible,Nombre de pages non disponible,Rang de vente non disponible,Religion,38.0,,
Cahier d'espagnol débutant/faux débutant pour les Nuls grand format,https://www.amazon.fr/Cahier-despagnol-d%C3%A9butant-grand-format/dp/2412026831/ref=sr_1_607,"9,95 €",José González Ordonez,"4,5 sur 5 étoiles, détails de l’évaluation",237,Broché,https://m.media-amazon.com/images/I/61IbueOIQpL._AC_UY218_.jpg,2025-09-04T18:50:15.415652,Description non disponible depuis la recherche,Stock non disponible,ISBN non disponible,Éditeur non disponible,Date non disponible,Nombre de pages non disponible,Rang de vente non disponible,Religion,38.0,,
MES P'TITS DOCS - Mer (La) - Dès 4 ans,https://www.amazon.fr/MES-PTITS-DOCS-Mer-D%C3%A8s/dp/2408031664/ref=sr_1_608,"7,90 €",Stéphanie Ledu,"4,7 sur 5 étoiles, détails de l’évaluation",55,Relié,https://m.media-amazon.com/images/I/71VklTF3lQL._AC_UY218_.jpg,2025-09-04T18:50:15.418593,Description non disponible depuis la recherche,Stock non disponible,ISBN non disponible,Éditeur non disponible,Date non disponible,Nombre de pages non disponible,Rang de vente non disponible,Religion,38.0,,
Comment Hacker sa L2 Droit ?: Le guide à lire absolument pour réussir sa deuxième année,https://www.amazon.fr/Comment-Hacker-L2-Droit-absolument/dp/2492535002/ref=sr_1_609,"21,99 €",Augustin Mercier,"4,8 sur 5 étoiles, détails de l’évaluation",39,Broché,https://m.media-amazon.com/images/I/6108C4QECNL._AC_UY218_.jpg,2025-09-04T18:50:15.420505,Description non disponible depuis la recherche,Stock non disponible,ISBN non disponible,Éditeur non disponible,Date non disponible,Nombre de pages non disponible,Rang de vente non disponible,Religion,38.0,,
Le livre extraordinaire des monstres mythologiques,https://www.amazon.fr/livre-extraordinaire-monstres-mythologiques/dp/2374086747/ref=sr_1_610,"24,00 €",de Ferguson Diana et Kenny Gonzalo | 13 octobre 2023,"4,9 sur 5 étoiles, détails de l’évaluation",60,Broché,https://m.media-amazon.com/images/I/813YePN33dL._AC_UY218_.jpg,2025-09-04T18:50:15.423194,Description non disponible depuis la recherche,Stock non disponible,ISBN non disponible,Éditeur non disponible,Date non disponible,Nombre de pages non disponible,Rang de vente non disponible,Religion,38.0,,
Mon répertoire orthographique pour écrire - Cycle 3,https://www.amazon.fr/Mon-r%C3%A9pertoire-orthographique-pour-%C3%A9crire/dp/2725636574/ref=sr_1_611,"6,50 €",Antoine Fetet,"4,4 sur 5 étoiles, détails de l’évaluation",138,Broché,https://m.media-amazon.com/images/I/51v-SyyKlRL._AC_UY218_.jpg,2025-09-04T18:50:27.679111,Description non disponible depuis la recherche,Stock non disponible,ISBN non disponible,Éditeur non disponible,Date non disponible,Nombre de pages non disponible,Rang de vente non disponible,Religion,39.0,,
"LES GRANDES TRAHISONS: COMMENT L'EUROPE EST DETRUITE, UNE TRAHISION A LA FOIS",https://www.amazon.fr/GRANDES-TRAHISONS-COMMENT-DETRUITE-TRAHISION/dp/B0F32J3FTG/ref=sr_1_612,"18,99 €",Aldo Sterone,"4,6 sur 5 étoiles, détails de l’évaluation",52,Broché,https://m.media-amazon.com/images/I/71D-BDpDznL._AC_UY218_.jpg,2025-09-04T18:50:27.681268,Description non disponible depuis la recherche,Stock non disponible,ISBN non disponible,Éditeur non disponible,Date non disponible,Nombre de pages non disponible,Rang de vente non disponible,Religion,39.0,,
Espagnol B1-C1: Grammaire en cartes mentales avec exercices corrigés et commentés,https://www.amazon.fr/Espagnol-B1-C1-Grammaire-exercices-comment%C3%A9s/dp/2340087325/ref=sr_1_613,"21,00 €",de Claire Anzemberger et Carole Poux | 23 avril 2024,"4,0 sur 5 étoiles, détails de l’évaluation",3,Broché,https://m.media-amazon.com/images/I/61P+ne12mGL._AC_UY218_.jpg,2025-09-04T18:50:27.684559,Description non disponible depuis la recherche,Stock non disponible,ISBN non disponible,Éditeur non disponible,Date non disponible,Nombre de pages non disponible,Rang de vente non disponible,Religion,39.0,,
King Sejong Institute Practical Korean 1 Beginner: MP3 Audio Download,https://www.amazon.fr/Sejong-Institute-Practical-Korean-Beginner/dp/B0CN8L3G29/ref=sr_1_614,"21,60 €",Édition en Coréen | de King Sejong Institute Foundation | 8 novembre 2023,"4,5 sur 5 étoiles, détails de l’évaluation",29,Broché,https://m.media-amazon.com/images/I/51CJGIZ1WkL._AC_UY218_.jpg,2025-09-04T18:50:27.687153,Description non disponible depuis la recherche,Stock non disponible,ISBN non disponible,Éditeur non disponible,Date non disponible,Nombre de pages non disponible,Rang de vente non disponible,Religion,39.0,,
L'Etoile mystérieuse,https://www.amazon.fr/LEtoile-myst%C3%A9rieuse-Herg%C3%A9/dp/2203001097/ref=sr_1_615,"12,50 €",Hergé,"4,8 sur 5 étoiles, détails de l’évaluation",622,Broché,https://m.media-amazon.com/images/I/714uTHWnXxL._AC_UY218_.jpg,2025-09-04T18:50:27.689872,Description non disponible depuis la recherche,Stock non disponible,ISBN non disponible,Éditeur non disponible,Date non disponible,Nombre de pages non disponible,Rang de vente non disponible,Religion,39.0,,
Le Robert Mini langue française,https://www.amazon.fr/Robert-Mini-Langue-Fran%C3%A7aise/dp/2321016590/ref=sr_1_616,"7,95 €",de Collectif | 3 juin 2021,"4,5 sur 5 étoiles, détails de l’évaluation",107,Broché,https://m.media-amazon.com/images/I/61+XzO9nC5L._AC_UY218_.jpg,2025-09-04T18:50:27.692450,Description non disponible depuis la recherche,Stock non disponible,ISBN non disponible,Éditeur non disponible,Date non disponible,Nombre de pages non disponible,Rang de vente non disponible,Religion,39.0,,
Bien gérer son argent pour enfants: 20 histoires inspirantes avec questions et exercices pratiques sur l'intelligence financière pour enfants à partir de 7 ans,https://www.amazon.fr/Bien-g%C3%A9rer-argent-pour-enfants/dp/B0D1332Y11/ref=sr_1_617,"11,95 €",Elsa Editions,"4,4 sur 5 étoiles, détails de l’évaluation",18,Broché,https://m.media-amazon.com/images/I/71gcBxQFQ-L._AC_UY218_.jpg,2025-09-04T18:50:27.694592,Description non disponible depuis la recherche,Stock non disponible,ISBN non disponible,Éditeur non disponible,Date non disponible,Nombre de pages non disponible,Rang de vente non disponible,Religion,39.0,,
L'alimentation - Incroyable microbiote !,https://www.amazon.fr/Lalimentation-Incroyable-microbiote-nourrir-intestin/dp/B0D667PPYN/ref=sr_1_618,"22,00 €",Julien Dr Scanzi,"3,8 sur 5 étoiles, détails de l’évaluation",32,Broché,https://m.media-amazon.com/images/I/71DJC1UZbVL._AC_UY218_.jpg,2025-09-04T18:50:27.697526,Description non disponible depuis la recherche,Stock non disponible,ISBN non disponible,Éditeur non disponible,Date non disponible,Nombre de pages non disponible,Rang de vente non disponible,Religion,39.0,,
Avec vous... en lecture-écriture - Cahier + didierfle.app,https://www.amazon.fr/Avec-vous-lecture-%C3%A9criture-Cahier-didierfle-app/dp/2278111639/ref=sr_1_621,"13,90 €","de Madame Silvia Camara-Tombini, Hélène Dugros, et al. | 30 avril 2025","5,0 sur 5 étoiles, détails de l’évaluation",1,Broché,https://m.media-amazon.com/images/I/71ba4iizaiL._AC_UY218_.jpg,2025-09-04T18:50:27.706581,Description non disponible depuis la recherche,Stock non disponible,ISBN non disponible,Éditeur non disponible,Date non disponible,Nombre de pages non disponible,Rang de vente non disponible,Religion,39.0,,
Agenda de bord 2025/2026 professeur d’économie et gestion: Carnet de bord A4 pour les enseignants,https://www.amazon.fr/Agenda-bord-professeur-d%C3%A9conomie-gestion/dp/9403794275/ref=sr_1_622,"11,90 €",Gringolivier editions,"4,2 sur 5 étoiles, détails de l’évaluation",3,Broché,https://m.media-amazon.com/images/I/71A+5Z8CiYL._AC_UY218_.jpg,2025-09-04T18:50:27.708632,Description non disponible depuis la recherche,Stock non disponible,ISBN non disponible,Éditeur non disponible,Date non disponible,Nombre de pages non disponible,Rang de vente non disponible,Religion,39.0,,
Initial - Dictionnaire de Géographie Ed. 2022,https://www.amazon.fr/Initial-Dictionnaire-G%C3%A9ographie-Ed-2022/dp/2401086226/ref=sr_1_623,"14,90 €","de Pascal Baud, Serge Bourgeat, et al. | 17 août 2022","4,6 sur 5 étoiles, détails de l’évaluation",19,Broché,https://m.media-amazon.com/images/I/71dCzxZ8rIL._AC_UY218_.jpg,2025-09-04T18:50:27.712028,Description non disponible depuis la recherche,Stock non disponible,ISBN non disponible,Éditeur non disponible,Date non disponible,Nombre de pages non disponible,Rang de vente non disponible,Religion,39.0,,
Astérix - Les lauriers de César - n°18,https://www.amazon.fr/Ast%C3%A9rix-lauriers-C%C3%A9sar-Ren%C3%A9-Goscinny/dp/201210150X/ref=sr_1_624,"10,90 €",René Goscinny,"4,8 sur 5 étoiles, détails de l’évaluation",539,Relié,https://m.media-amazon.com/images/I/81knjRU0TSL._AC_UY218_.jpg,2025-09-04T18:50:27.715363,Description non disponible depuis la recherche,Stock non disponible,ISBN non disponible,Éditeur non disponible,Date non disponible,Nombre de pages non disponible,Rang de vente non disponible,Religion,39.0,,
Bled Conjugaison,https://www.amazon.fr/Bled-Conjugaison-Daniel-Berlion/dp/2017151068/ref=sr_1_625,"9,00 €",Daniel Berlion,"4,8 sur 5 étoiles, détails de l’évaluation",96,Relié,https://m.media-amazon.com/images/I/71k2IGkaNRS._AC_UY218_.jpg,2025-09-04T18:50:27.717426,Description non disponible depuis la recherche,Stock non disponible,ISBN non disponible,Éditeur non disponible,Date non disponible,Nombre de pages non disponible,Rang de vente non disponible,Religion,39.0,,
"Expériences de la nature en 39 dissertations: Epreuve de français/philosophie, Prépas scientifiques, Concours",https://www.amazon.fr/Exp%C3%A9riences-nature-dissertations-philosophie-scientifiques/dp/234010159X/ref=sr_1_626,"22,00 €",Sophie Rochefort-Guillouet,Note non disponible,0 avis,Broché,https://m.media-amazon.com/images/I/619+GgE34gL._AC_UY218_.jpg,2025-09-04T18:50:27.720652,Description non disponible depuis la recherche,Stock non disponible,ISBN non disponible,Éditeur non disponible,Date non disponible,Nombre de pages non disponible,Rang de vente non disponible,Religion,39.0,,
Fragments de lumière - Sur la Voie ésotérique des Bâtisseurs,https://www.amazon.fr/Fragments-lumi%C3%A8re-Voie-%C3%A9sot%C3%A9rique-B%C3%A2tisseurs/dp/2940594791/ref=sr_1_627,"28,00 €",de Thomas Büchi | 12 novembre 2024,"4,8 sur 5 étoiles, détails de l’évaluation",20,Broché,https://m.media-amazon.com/images/I/61eK+eLsI-L._AC_UY218_.jpg,2025-09-04T18:50:37.972398,Description non disponible depuis la recherche,Stock non disponible,ISBN non disponible,Éditeur non disponible,Date non disponible,Nombre de pages non disponible,Rang de vente non disponible,Religion,40.0,,
MaClé ALPHA - Méthode rapide d'alphabétisation pour adultes: Manuel + CD-Rom,https://www.amazon.fr/MaCl%C3%A9-ALPHA-M%C3%A9thode-dalphab%C3%A9tisation-adultes/dp/2725635985/ref=sr_1_628,"15,60 €",de Marion Aguilar et Scolibris - livre solid | 14 septembre 2017,"4,5 sur 5 étoiles, détails de l’évaluation",247,Broché,https://m.media-amazon.com/images/I/616KPsG-lUL._AC_UY218_.jpg,2025-09-04T18:50:37.975010,Description non disponible depuis la recherche,Stock non disponible,ISBN non disponible,Éditeur non disponible,Date non disponible,Nombre de pages non disponible,Rang de vente non disponible,Religion,40.0,,
L'italien (livre seul),https://www.amazon.fr/M%C3%A9thode-Assimil-Italien-Federico-Benedetti/dp/2700508106/ref=sr_1_629,"26,90 €",de Federico Benedetti | 14 octobre 2021,"4,6 sur 5 étoiles, détails de l’évaluation",80,Broché,https://m.media-amazon.com/images/I/61MzyLcX3zL._AC_UY218_.jpg,2025-09-04T18:50:37.977804,Description non disponible depuis la recherche,Stock non disponible,ISBN non disponible,Éditeur non disponible,Date non disponible,Nombre de pages non disponible,Rang de vente non disponible,Religion,40.0,,
"Langenscheidt Taschenwörterbuch Portugiesisch - Buch mit Online-Anbindung: Buch mit Online-Anbindung, Portugiesisch-Deutsch / Deutsch-Portugiesisch",https://www.amazon.fr/Langenscheidt-Taschenw%C3%B6rterbuch-Portugiesisch-Portugiesisch-Deutsch-Deutsch-Portugiesisch/dp/3125142490/ref=sr_1_630,"35,16 €",Édition en Portugais | de Redaktion Langenscheidt | 1 septembre 2015,"4,6 sur 5 étoiles, détails de l’évaluation",65,Relié,https://m.media-amazon.com/images/I/511MyZkOSFS._AC_UY218_.jpg,2025-09-04T18:50:37.982251,Description non disponible depuis la recherche,Stock non disponible,ISBN non disponible,Éditeur non disponible,Date non disponible,Nombre de pages non disponible,Rang de vente non disponible,Religion,40.0,,
Capital Trading : Guide Complet: Des Fondamentaux aux Profits : Tout ce dont Vous Avez Besoin pour Réussir,https://www.amazon.fr/Capital-Trading-Complet-Fondamentaux-Profits/dp/2959168909/ref=sr_1_631,"19,99 €",de Hugo Terrier et Mickael Renaux | 21 décembre 2023,"4,8 sur 5 étoiles, détails de l’évaluation",174,Broché,https://m.media-amazon.com/images/I/71Y7kQzHryL._AC_UY218_.jpg,2025-09-04T18:50:37.986144,Description non disponible depuis la recherche,Stock non disponible,ISBN non disponible,Éditeur non disponible,Date non disponible,Nombre de pages non disponible,Rang de vente non disponible,Religion,40.0,,
Bled Allemand Tout en Un,https://www.amazon.fr/Bled-Allemand-Tout-Bernard-Viselthier/dp/2017151114/ref=sr_1_632,"12,90 €",Bernard Viselthier,"4,6 sur 5 étoiles, détails de l’évaluation",179,Broché,https://m.media-amazon.com/images/I/71OblwImjoS._AC_UY218_.jpg,2025-09-04T18:50:37.988631,Description non disponible depuis la recherche,Stock non disponible,ISBN non disponible,Éditeur non disponible,Date non disponible,Nombre de pages non disponible,Rang de vente non disponible,Religion,40.0,,
Grand Atlas 2026,https://www.amazon.fr/Grand-Atlas-2026-Frank-T%C3%A9tart/dp/2080493671/ref=sr_1_633,"19,90 €",Frank Tétart,Note non disponible,0 avis,Broché,https://m.media-amazon.com/images/I/71Bso3wEQeL._AC_UY218_.jpg,2025-09-04T18:50:37.991518,Description non disponible depuis la recherche,Stock non disponible,ISBN non disponible,Éditeur non disponible,Date non disponible,Nombre de pages non disponible,Rang de vente non disponible,Religion,40.0,,
"Le deuxième sexe, tome 2",https://www.amazon.fr/deuxi%C3%A8me-sexe-2-Simone-Beauvoir/dp/2070323528/ref=sr_1_634,"12,60 €",Simone de Beauvoir,"4,6 sur 5 étoiles, détails de l’évaluation",504,Poche,https://m.media-amazon.com/images/I/81VJC-pIOdL._AC_UY218_.jpg,2025-09-04T18:50:37.994819,Description non disponible depuis la recherche,Stock non disponible,ISBN non disponible,Éditeur non disponible,Date non disponible,Nombre de pages non disponible,Rang de vente non disponible,Religion,40.0,,
La Reunion,https://www.amazon.fr/Reunion-Collectif/dp/2758549115/ref=sr_1_637,"9,30 €",Carte,"4,7 sur 5 étoiles, détails de l’évaluation",171,Carte,https://m.media-amazon.com/images/I/812dk9adidL._AC_UY218_.jpg,2025-09-04T18:50:38.003349,Description non disponible depuis la recherche,Stock non disponible,ISBN non disponible,Éditeur non disponible,Date non disponible,Nombre de pages non disponible,Rang de vente non disponible,Religion,40.0,,
Les 100 fiches de vocabulaire du test TOEIC® (conforme au nouveau test TOEIC),https://www.amazon.fr/fiches-vocabulaire-TOEIC%C2%AE-conforme-nouveau/dp/2017261300/ref=sr_1_638,"14,90 €",de Collectif | 21 août 2024,"4,9 sur 5 étoiles, détails de l’évaluation",13,Broché,https://m.media-amazon.com/images/I/71Z8i7g2qqL._AC_UY218_.jpg,2025-09-04T18:50:38.005970,Description non disponible depuis la recherche,Stock non disponible,ISBN non disponible,Éditeur non disponible,Date non disponible,Nombre de pages non disponible,Rang de vente non disponible,Religion,40.0,,
Penguin Readers Level 3: Sherlock Holmes Short Stories (ELT Graded Reader),https://www.amazon.fr/Penguin-Readers-Level-Sherlock-Stories/dp/0241588987/ref=sr_1_639,"9,70 €",Arthur Conan Doyle,"4,6 sur 5 étoiles, détails de l’évaluation",48,Broché,https://m.media-amazon.com/images/I/81xUs2ZqJKL._AC_UY218_.jpg,2025-09-04T18:50:38.008937,Description non disponible depuis la recherche,Stock non disponible,ISBN non disponible,Éditeur non disponible,Date non disponible,Nombre de pages non disponible,Rang de vente non disponible,Religion,40.0,,
"Cahier d'activités Maternelles Moyenne et Grande Section MS GS 4-5 ans: 100 Activités et Jeux en Couleurs : écriture cursive, tracés des chiffres, points à relier, coloriages, différences, labyrinthes",https://www.amazon.fr/Cahier-dactivit%C3%A9s-Maternelles-Moyenne-Section/dp/B097XB79H7/ref=sr_1_640,"11,95 €",Relative Editions,"4,5 sur 5 étoiles, détails de l’évaluation",171,Broché,https://m.media-amazon.com/images/I/71h2pa0LfTL._AC_UY218_.jpg,2025-09-04T18:50:38.010697,Description non disponible depuis la recherche,Stock non disponible,ISBN non disponible,Éditeur non disponible,Date non disponible,Nombre de pages non disponible,Rang de vente non disponible,Religion,40.0,,
"Apprendre l’Italien: 5 Livres en 1 – La Méthode Express et Ludique pour Parler Italien en 30 Jours : Grammaire Essentielle, Vocabulaire Clé, 500 Exercices, 3000 Phrases, 30 Histoires | Audio Inclus",https://www.amazon.fr/Apprendre-lItalien-Grammaire-Essentielle-Vocabulaire/dp/B0FG7K9265/ref=sr_1_641,"19,99 €",de Claire Bellini | 30 juin 2025,"5,0 sur 5 étoiles, détails de l’évaluation",37,Broché,https://m.media-amazon.com/images/I/71sQvRBVUjL._AC_UY218_.jpg,2025-09-04T18:50:38.013313,Description non disponible depuis la recherche,Stock non disponible,ISBN non disponible,Éditeur non disponible,Date non disponible,Nombre de pages non disponible,Rang de vente non disponible,Religion,40.0,,
Apprendre le Portugais du Portugal en 30 Jours: La méthode intuitive et naturelle pour maîtriser rapidement le portugais du Portugal (spécialement conçue pour les débutants),https://www.amazon.fr/Apprendre-Portugais-Portugal-Jours-sp%C3%A9cialement/dp/B0FFYKMVRK/ref=sr_1_642,"19,98 €",Lumen Lingua,"5,0 sur 5 étoiles, détails de l’évaluation",1,Broché,https://m.media-amazon.com/images/I/71KPLlZLvoL._AC_UY218_.jpg,2025-09-04T18:50:38.015391,Description non disponible depuis la recherche,Stock non disponible,ISBN non disponible,Éditeur non disponible,Date non disponible,Nombre de pages non disponible,Rang de vente non disponible,Religion,40.0,,
"Énigmes à tous les étages, Tome 03: L'immeuble aux espions",https://www.amazon.fr/%C3%89nigmes-tous-%C3%A9tages-Limmeuble-espions/dp/B09PQH6HDM/ref=sr_1_643,"12,90 €",Paul Martin,"4,8 sur 5 étoiles, détails de l’évaluation",87,Broché,https://m.media-amazon.com/images/I/81r-pQ11oCL._AC_UY218_.jpg,2025-09-04T18:50:38.017418,Description non disponible depuis la recherche,Stock non disponible,ISBN non disponible,Éditeur non disponible,Date non disponible,Nombre de pages non disponible,Rang de vente non disponible,Religion,40.0,,
Mathématiques MPSI/MP2I - Programme 2021,https://www.amazon.fr/Math%C3%A9matiques-MPSI-MP2I-Programme-2021/dp/2340048508/ref=sr_1_644,"49,00 €","de Walter Damin, Mathieu Fontes, et al. | 25 mai 2021","4,7 sur 5 étoiles, détails de l’évaluation",66,Broché,https://m.media-amazon.com/images/I/61RJP3fpOhS._AC_UY218_.jpg,2025-09-04T18:50:38.020918,Description non disponible depuis la recherche,Stock non disponible,ISBN non disponible,Éditeur non disponible,Date non disponible,Nombre de pages non disponible,Rang de vente non disponible,Religion,40.0,,
Dictionnaire Le Robert & Collins Maxi Plus allemand et sa version numérique à télécharger PC - Nouvelle édition,https://www.amazon.fr/Dictionnaire-Collins-allemand-num%C3%A9rique-t%C3%A9l%C3%A9charger/dp/2321017848/ref=sr_1_1123,"21,90 €",de Collectif | 16 juin 2022,"4,2 sur 5 étoiles, détails de l’évaluation",20,Relié,https://m.media-amazon.com/images/I/61wFQ18amwL._AC_UY218_.jpg,2025-09-04T19:36:45.332466,Description non disponible depuis la recherche,Stock non disponible,ISBN non disponible,Éditeur non disponible,Date non disponible,Nombre de pages non disponible,Rang de vente non disponible,Religion,71.0,,
La guerre des semi-conducteurs: Un conflit mondial pour une technologie vitale,https://www.amazon.fr/guerre-semi-conducteurs-conflit-mondial-technologie/dp/2810012016/ref=sr_1_1124,"23,00 €",de Chris Miller | 15 mai 2024,"4,6 sur 5 étoiles, détails de l’évaluation",70,Broché,https://m.media-amazon.com/images/I/718evWxbS4L._AC_UY218_.jpg,2025-09-04T19:36:45.335984,Description non disponible depuis la recherche,Stock non disponible,ISBN non disponible,Éditeur non disponible,Date non disponible,Nombre de pages non disponible,Rang de vente non disponible,Religion,71.0,,
Atlas des routes de France 2025,https://www.amazon.fr/Atlas-routes-France-2025-Collectif/dp/2263187928/ref=sr_1_1125,"25,00 €",de Collectif | 30 mai 2024,"4,3 sur 5 étoiles, détails de l’évaluation",14,Relié,https://m.media-amazon.com/images/I/71q8WhimiGL._AC_UY218_.jpg,2025-09-04T19:36:45.338781,Description non disponible depuis la recherche,Stock non disponible,ISBN non disponible,Éditeur non disponible,Date non disponible,Nombre de pages non disponible,Rang de vente non disponible,Religion,71.0,,
L'Atlas Gallimard Jeunesse: Un outil indispensable pour le collège et le lycée,https://www.amazon.fr/LAtlas-Gallimard-Jeunesse-indispensable-coll%C3%A8ge/dp/207518481X/ref=sr_1_1126,"24,95 €","de Collectif, Sylvie Deraime, et al. | 1 juin 2023","5,0 sur 5 étoiles, détails de l’évaluation",10,Broché,https://m.media-amazon.com/images/I/71RZTwsZq1L._AC_UY218_.jpg,2025-09-04T19:36:45.341938,Description non disponible depuis la recherche,Stock non disponible,ISBN non disponible,Éditeur non disponible,Date non disponible,Nombre de pages non disponible,Rang de vente non disponible,Religion,71.0,,
L'Art du mot juste: 275 propositions pour enrichir son vocabulaire,https://www.amazon.fr/LArt-juste-propositions-enrichir-vocabulaire/dp/2757857908/ref=sr_1_1127,"7,90 €",de Valérie Mandera | 4 février 2016,"4,2 sur 5 étoiles, détails de l’évaluation",283,Poche,https://m.media-amazon.com/images/I/61Wm3yS8wxL._AC_UY218_.jpg,2025-09-04T19:36:45.344615,Description non disponible depuis la recherche,Stock non disponible,ISBN non disponible,Éditeur non disponible,Date non disponible,Nombre de pages non disponible,Rang de vente non disponible,Religion,71.0,,
Own It! Level 1 + Ebook,https://www.amazon.fr/Own-Level-1-Workbook-eBook/dp/100904351X/ref=sr_1_1128,"24,94 €","Édition en Anglais | de Vicki Durrant,Lynn,Anderson | 16 novembre 2021","4,8 sur 5 étoiles, détails de l’évaluation",67,Broché,https://m.media-amazon.com/images/I/61aAZtdqyCL._AC_UY218_.jpg,2025-09-04T19:36:45.347520,Description non disponible depuis la recherche,Stock non disponible,ISBN non disponible,Éditeur non disponible,Date non disponible,Nombre de pages non disponible,Rang de vente non disponible,Religion,71.0,,
Pilote de guerre,https://www.amazon.fr/Pilote-guerre-Antoine-Saint-Exup%C3%A9ry/dp/2070368246/ref=sr_1_1129,"8,00 €",Antoine de Saint-Exupéry,"4,4 sur 5 étoiles, détails de l’évaluation",276,Poche,https://m.media-amazon.com/images/I/81OLEa5N36L._AC_UY218_.jpg,2025-09-04T19:36:45.350630,Description non disponible depuis la recherche,Stock non disponible,ISBN non disponible,Éditeur non disponible,Date non disponible,Nombre de pages non disponible,Rang de vente non disponible,Religion,71.0,,
ANGLAIS Histoires courtes pour Débutants: 20 histoires courtes captivantes pour apprendre l’anglais et améliorer son vocabulaire en s’amusant !,https://www.amazon.fr/ANGLAIS-Histoires-courtes-pour-D%C3%A9butants/dp/B0CMWT89ZH/ref=sr_1_1130,"14,90 €",LINGO FACILE,"4,4 sur 5 étoiles, détails de l’évaluation",62,Broché,https://m.media-amazon.com/images/I/61QkCmyDRJL._AC_UY218_.jpg,2025-09-04T19:36:45.353455,Description non disponible depuis la recherche,Stock non disponible,ISBN non disponible,Éditeur non disponible,Date non disponible,Nombre de pages non disponible,Rang de vente non disponible,Religion,71.0,,
Chinese Blockbuster 1: Learn to read simplified and traditional Chinese characters and to pronounce them in Mandarin by bringing their building blocks ... drama and memory tricks. (English Edition),https://www.amazon.fr/Chinese-Blockbuster-simplified-traditional-characters-ebook/dp/B06XBWNWRB/ref=sr_1_1133,"9,45 €",Gilbert-C. Remillard,"4,5 sur 5 étoiles, détails de l’évaluation",36,Format Kindle,https://m.media-amazon.com/images/I/81z-U79zoJL._AC_UY218_.jpg,2025-09-04T19:36:45.361886,Description non disponible depuis la recherche,Stock non disponible,ISBN non disponible,Éditeur non disponible,Date non disponible,Nombre de pages non disponible,Rang de vente non disponible,Religion,71.0,,
Essential Grammar in Use with Answers: A Self-Study Reference and Practice Book for Elementary Learners of English,https://www.amazon.fr/Essential-Grammar-Use-Answers-Self-Study/dp/1107480558/ref=sr_1_1134,"22,00 €",Raymond Murphy,"4,7 sur 5 étoiles, détails de l’évaluation",6 215,Broché,https://m.media-amazon.com/images/I/51UqCoR8T2L._AC_UY218_.jpg,2025-09-04T19:36:45.364324,Description non disponible depuis la recherche,Stock non disponible,ISBN non disponible,Éditeur non disponible,Date non disponible,Nombre de pages non disponible,Rang de vente non disponible,Religion,71.0,,
Bob Morane - Le Tigre des Lagunes: Tome 047,https://www.amazon.fr/Bob-Morane-Tigre-Lagunes-047/dp/B0FP6BQMNQ/ref=sr_1_1135,"14,88 €","de Henri Vernes, Les Editions Ananke, et al. | 29 août 2025",Note non disponible,0 avis,Broché,https://m.media-amazon.com/images/I/711s1cZNNHL._AC_UY218_.jpg,2025-09-04T19:36:45.367711,Description non disponible depuis la recherche,Stock non disponible,ISBN non disponible,Éditeur non disponible,Date non disponible,Nombre de pages non disponible,Rang de vente non disponible,Religion,71.0,,
Bréviaire des échecs,https://www.amazon.fr/Br%C3%A9viaire-%C3%A9checs-Xavier-Tartakover/dp/2253046205/ref=sr_1_1136,"8,70 €",Xavier Tartakover,"4,4 sur 5 étoiles, détails de l’évaluation",276,Poche,https://m.media-amazon.com/images/I/61Sw91nAeJL._AC_UY218_.jpg,2025-09-04T19:36:45.369861,Description non disponible depuis la recherche,Stock non disponible,ISBN non disponible,Éditeur non disponible,Date non disponible,Nombre de pages non disponible,Rang de vente non disponible,Religion,71.0,,
Les lectures de Théa: Romance contemporaine,https://www.amazon.fr/lectures-Th%C3%A9a-Romance-contemporaine-ebook/dp/B0FGQM3QM7/ref=sr_1_1137,"14,99 €",Hélène Jasmé,"4,6 sur 5 étoiles, détails de l’évaluation",253,Format Kindle,https://m.media-amazon.com/images/I/71UhCW7LS3L._AC_UY218_.jpg,2025-09-04T19:36:45.372486,Description non disponible depuis la recherche,Stock non disponible,ISBN non disponible,Éditeur non disponible,Date non disponible,Nombre de pages non disponible,Rang de vente non disponible,Religion,71.0,,
Papillon,https://www.amazon.fr/Papillon-Henri-Charri%C3%A8re/dp/2266118358/ref=sr_1_1138,"9,60 €",Henri Charrière,"4,6 sur 5 étoiles, détails de l’évaluation",787,Poche,https://m.media-amazon.com/images/I/716C+hYN2bL._AC_UY218_.jpg,2025-09-04T19:36:45.376036,Description non disponible depuis la recherche,Stock non disponible,ISBN non disponible,Éditeur non disponible,Date non disponible,Nombre de pages non disponible,Rang de vente non disponible,Religion,71.0,,
"Bescherelle - Rédiger et communiquer efficacement: pour optimiser ses écrits (CV, mail, compte-rendu, pages web...)",https://www.amazon.fr/R%C3%A9diger-communiquer-efficacement-optimiser-%C3%A9crits/dp/2401054545/ref=sr_1_1139,"12,99 €",Marie-Aline Sergent,"4,5 sur 5 étoiles, détails de l’évaluation",243,Broché,https://m.media-amazon.com/images/I/71hbLKBLv5L._AC_UY218_.jpg,2025-09-04T19:36:45.379193,Description non disponible depuis la recherche,Stock non disponible,ISBN non disponible,Éditeur non disponible,Date non disponible,Nombre de pages non disponible,Rang de vente non disponible,Religion,71.0,,
"Agrégation Anglais 2025 - Mouvements protestataires, contestations politiques et luttes sociales en Grande-Bretagne (1811-1914)",https://www.amazon.fr/Agr%C3%A9gation-Anglais-2025-protestataires-Grande-Bretagne/dp/2340094313/ref=sr_1_1140,"24,00 €",de Béatrice Laurent et collectif | 20 août 2024,"4,1 sur 5 étoiles, détails de l’évaluation",13,Broché,https://m.media-amazon.com/images/I/71MtsYwONBL._AC_UY218_.jpg,2025-09-04T19:36:45.382701,Description non disponible depuis la recherche,Stock non disponible,ISBN non disponible,Éditeur non disponible,Date non disponible,Nombre de pages non disponible,Rang de vente non disponible,Religion,71.0,,
"Fortune de France, tome 3 : Paris, ma bonne ville",https://www.amazon.fr/Fortune-France-Paris-bonne-ville/dp/225313550X/ref=sr_1_1139,"9,90 €",Robert Merle,"4,7 sur 5 étoiles, détails de l’évaluation",152,Poche,https://m.media-amazon.com/images/I/61e89Fmpl3L._AC_UY218_.jpg,2025-09-04T19:36:55.484656,Description non disponible depuis la recherche,Stock non disponible,ISBN non disponible,Éditeur non disponible,Date non disponible,Nombre de pages non disponible,Rang de vente non disponible,Religion,72.0,,
"Énigmes à tous les étages, Tome 06: Mythologie",https://www.amazon.fr/Enigmes-%C3%A0-tous-%C3%A9tages-MYTHOLOGIE/dp/B07PMLWY3J/ref=sr_1_1140,"12,90 €",Paul Martin,"4,7 sur 5 étoiles, détails de l’évaluation",469,Broché,https://m.media-amazon.com/images/I/81DTPxRpNzL._AC_UY218_.jpg,2025-09-04T19:36:55.487216,Description non disponible depuis la recherche,Stock non disponible,ISBN non disponible,Éditeur non disponible,Date non disponible,Nombre de pages non disponible,Rang de vente non disponible,Religion,72.0,,
Nexus: A Brief History of Information Networks from the Stone Age to AI,https://www.amazon.fr/Nexus-Brief-History-Information-Networks/dp/B0CSZ18L4R/ref=sr_1_1141,"0,00 €",Livres audio Audible,"4,6 sur 5 étoiles, détails de l’évaluation",7 413,Livres audio Audible,https://m.media-amazon.com/images/I/71vGJcPNbXL._AC_UY218_.jpg,2025-09-04T19:36:55.490447,Description non disponible depuis la recherche,Stock non disponible,ISBN non disponible,Éditeur non disponible,Date non disponible,Nombre de pages non disponible,Rang de vente non disponible,Religion,72.0,,
"INVESTIR EN BOURSE LES MEILLEURS ETF POUR PEA: PLUS DE PERFORMANCE, MOINS DE RISQUE, S’ENRICHIR INTELLIGEMMENT",https://www.amazon.fr/INVESTIR-BOURSE-MEILLEURS-POUR-INTELLIGEMMENT/dp/B0F1LBLBHS/ref=sr_1_1142,"13,90 €",de ALPHACRAFT INVEST | 14 mars 2025,"4,0 sur 5 étoiles, détails de l’évaluation",27,Broché,https://m.media-amazon.com/images/I/61TrlFc-6ZL._AC_UY218_.jpg,2025-09-04T19:36:55.493180,Description non disponible depuis la recherche,Stock non disponible,ISBN non disponible,Éditeur non disponible,Date non disponible,Nombre de pages non disponible,Rang de vente non disponible,Religion,72.0,,
La Jeune Fille à la perle,https://www.amazon.fr/Jeune-Fille-%C3%A0-perle/dp/2070417948/ref=sr_1_1143,"9,50 €",Tracy Chevalier,"4,4 sur 5 étoiles, détails de l’évaluation",826,Poche,https://m.media-amazon.com/images/I/81to5Djp-nL._AC_UY218_.jpg,2025-09-04T19:36:55.496906,Description non disponible depuis la recherche,Stock non disponible,ISBN non disponible,Éditeur non disponible,Date non disponible,Nombre de pages non disponible,Rang de vente non disponible,Religion,72.0,,
"Apprendre l'orthographe, 4e / 3e",https://www.amazon.fr/Apprendre-lorthographe-4e-Jeanine-Guion/dp/2218933454/ref=sr_1_1144,"12,99 €",Jean Guion,"4,6 sur 5 étoiles, détails de l’évaluation",107,Broché,https://m.media-amazon.com/images/I/716Eo1Xiq-L._AC_UY218_.jpg,2025-09-04T19:36:55.499160,Description non disponible depuis la recherche,Stock non disponible,ISBN non disponible,Éditeur non disponible,Date non disponible,Nombre de pages non disponible,Rang de vente non disponible,Religion,72.0,,
"Mon Bullet Journal Infirmier ! Tout pour réussir mon année !: Fiches de révision, schémas d'anatomie, planning de révision...",https://www.amazon.fr/Bullet-Journal-Infirmier-r%C3%A9ussir-ann%C3%A9e/dp/2294786807/ref=sr_1_1145,"17,90 €",de Justine ROSE | 12 juin 2024,"5,0 sur 5 étoiles, détails de l’évaluation",2,Broché,https://m.media-amazon.com/images/I/71nLDK+oW+L._AC_UY218_.jpg,2025-09-04T19:36:55.501807,Description non disponible depuis la recherche,Stock non disponible,ISBN non disponible,Éditeur non disponible,Date non disponible,Nombre de pages non disponible,Rang de vente non disponible,Religion,72.0,,
"""Les Mots croisés du journal """"Le Monde"""""": 80 grilles",https://www.amazon.fr/Mots-crois%C3%A9s-journal-Monde-grilles/dp/2757842838/ref=sr_1_1146,"6,95 €",de Philippe Dupuis | 15 mai 2014,"4,4 sur 5 étoiles, détails de l’évaluation",123,Poche,https://m.media-amazon.com/images/I/61iD97qu+AL._AC_UY218_.jpg,2025-09-04T19:36:55.504429,Description non disponible depuis la recherche,Stock non disponible,ISBN non disponible,Éditeur non disponible,Date non disponible,Nombre de pages non disponible,Rang de vente non disponible,Religion,72.0,,
Die Verlorene: Der neue fesselnde Roman der Bestsellerautorin von Elbleuchten (German Edition),https://www.amazon.fr/Die-Verlorene-fesselnde-Bestsellerautorin-Elbleuchten-ebook/dp/B0F4ZRLC5M/ref=sr_1_1149,"12,99 €",Miriam Georg,"4,0 sur 5 étoiles, détails de l’évaluation",26,Format Kindle,https://m.media-amazon.com/images/I/81pVmOTGJAL._AC_UY218_.jpg,2025-09-04T19:36:55.514271,Description non disponible depuis la recherche,Stock non disponible,ISBN non disponible,Éditeur non disponible,Date non disponible,Nombre de pages non disponible,Rang de vente non disponible,Religion,72.0,,
Bob Morane - Le Temple des Crocodiles: Tome 046,https://www.amazon.fr/Bob-Morane-Temple-Crocodiles-046/dp/B0FP517PMS/ref=sr_1_1150,"14,88 €","de Henri Vernes, Les Editions Ananke, et al. | 28 août 2025","5,0 sur 5 étoiles, détails de l’évaluation",1,Broché,https://m.media-amazon.com/images/I/6176FdKnKBL._AC_UY218_.jpg,2025-09-04T19:36:55.517481,Description non disponible depuis la recherche,Stock non disponible,ISBN non disponible,Éditeur non disponible,Date non disponible,Nombre de pages non disponible,Rang de vente non disponible,Religion,72.0,,
"700 dictées et exercices d'orthographe, spécial collège",https://www.amazon.fr/dict%C3%A9es-exercices-dorthographe-sp%C3%A9cial-coll%C3%A8ge/dp/2036024483/ref=sr_1_1151,"9,95 €",André Vulin,"4,5 sur 5 étoiles, détails de l’évaluation",44,Broché,https://m.media-amazon.com/images/I/71Y0I4d7O6L._AC_UY218_.jpg,2025-09-04T19:36:55.519680,Description non disponible depuis la recherche,Stock non disponible,ISBN non disponible,Éditeur non disponible,Date non disponible,Nombre de pages non disponible,Rang de vente non disponible,Religion,72.0,,
King Sejong Institute Practical Korean 2 Beginner: MP3 Audio Download,https://www.amazon.fr/Sejong-Institute-Practical-Korean-Beginner/dp/B0CN8WBR27/ref=sr_1_1152,"21,60 €",Édition en Coréen | de King Sejong Institute Foundation | 8 novembre 2023,"4,7 sur 5 étoiles, détails de l’évaluation",13,Broché,https://m.media-amazon.com/images/I/51IxwONaY7L._AC_UY218_.jpg,2025-09-04T19:36:55.522474,Description non disponible depuis la recherche,Stock non disponible,ISBN non disponible,Éditeur non disponible,Date non disponible,Nombre de pages non disponible,Rang de vente non disponible,Religion,72.0,,
Saturn's Moons: A W.G Sebald Handbook (English Edition),https://www.amazon.fr/Saturns-Moons-Sebald-Handbook-English-ebook/dp/B073RQJRH6/ref=sr_1_1153,"36,24 €",Édition en Anglais | de Jo Catling et Richard Hibbitt | 5 juillet 2017,"4,5 sur 5 étoiles, détails de l’évaluation",11,Format Kindle,https://m.media-amazon.com/images/I/51bYB--Nj3L._AC_UY218_.jpg,2025-09-04T19:36:55.526847,Description non disponible depuis la recherche,Stock non disponible,ISBN non disponible,Éditeur non disponible,Date non disponible,Nombre de pages non disponible,Rang de vente non disponible,Religion,72.0,,
Domain-Driven Design: Tackling Complexity in the Heart of Software,https://www.amazon.fr/Domain-Driven-Design-Tackling-Complexity-Software/dp/0321125215/ref=sr_1_1154,"65,05 €",Eric Evans,"4,6 sur 5 étoiles, détails de l’évaluation",1 452,Relié,https://m.media-amazon.com/images/I/81ykBjVaUjL._AC_UY218_.jpg,2025-09-04T19:36:55.529844,Description non disponible depuis la recherche,Stock non disponible,ISBN non disponible,Éditeur non disponible,Date non disponible,Nombre de pages non disponible,Rang de vente non disponible,Religion,72.0,,
La vraie méthode pour Apprendre l'Anglais rapidement: Guide Ultime Bilingue,https://www.amazon.fr/vraie-m%C3%A9thode-Apprendre-lAnglais-rapidement/dp/B08WP3LMT5/ref=sr_1_1155,"14,99 €",Romain Genovese,"4,1 sur 5 étoiles, détails de l’évaluation",130,Broché,https://m.media-amazon.com/images/I/61GRwEpp79L._AC_UY218_.jpg,2025-09-04T19:36:55.531989,Description non disponible depuis la recherche,Stock non disponible,ISBN non disponible,Éditeur non disponible,Date non disponible,Nombre de pages non disponible,Rang de vente non disponible,Religion,72.0,,
"Carte Départementale Loire-Atlantique, Vendée",https://www.amazon.fr/Carte-Loire-Atlantique-Vend%C3%A9e-Michelin-Collectif/dp/2067202189/ref=sr_1_1156,"6,50 €",Michelin,"4,8 sur 5 étoiles, détails de l’évaluation",175,Carte,https://m.media-amazon.com/images/I/81r+OKNJBlL._AC_UY218_.jpg,2025-09-04T19:36:55.534206,Description non disponible depuis la recherche,Stock non disponible,ISBN non disponible,Éditeur non disponible,Date non disponible,Nombre de pages non disponible,Rang de vente non disponible,Religion,72.0,,
1748OT Gavarnie luz-saint-sauveur pn des pyrenees,https://www.amazon.fr/1748OT-Gavarnie-luz-saint-sauveur-pn-pyrenees/dp/2758551861/ref=sr_1_1155,"14,10 €",Carte,"4,8 sur 5 étoiles, détails de l’évaluation",27,Carte,https://m.media-amazon.com/images/I/81Ui2yJE6zL._AC_UY218_.jpg,2025-09-04T19:37:06.552038,Description non disponible depuis la recherche,Stock non disponible,ISBN non disponible,Éditeur non disponible,Date non disponible,Nombre de pages non disponible,Rang de vente non disponible,Religion,73.0,,
"Ramsès, tome 1 : Le Fils de la lumière",https://www.amazon.fr/Rams%C3%A8s-1-lumi%C3%A8re-Christian-Jacq/dp/2266073354/ref=sr_1_1156,"8,10 €",Christian Jacq,"4,5 sur 5 étoiles, détails de l’évaluation",451,Poche,https://m.media-amazon.com/images/I/619SqjpsPML._AC_UY218_.jpg,2025-09-04T19:37:06.555979,Description non disponible depuis la recherche,Stock non disponible,ISBN non disponible,Éditeur non disponible,Date non disponible,Nombre de pages non disponible,Rang de vente non disponible,Religion,73.0,,
Adomania 2 - Cahier d'activités (A1-A2),https://www.amazon.fr/Adomania-Cahier-dactivit%C3%A9s-Parcours-digital/dp/2014015252/ref=sr_1_1157,"10,80 €",Céline Himber,"4,6 sur 5 étoiles, détails de l’évaluation",95,Broché,https://m.media-amazon.com/images/I/81oIaKX9yVL._AC_UY218_.jpg,2025-09-04T19:37:06.558266,Description non disponible depuis la recherche,Stock non disponible,ISBN non disponible,Éditeur non disponible,Date non disponible,Nombre de pages non disponible,Rang de vente non disponible,Religion,73.0,,
Le Bibliobus N° 31 CM - La Mythologie grecque - Livre de l'élève - Ed.2010,https://www.amazon.fr/mythologie-grecque-CM-cycle/dp/2011175070/ref=sr_1_1158,"9,10 €",Alain Dag'Naud,"4,7 sur 5 étoiles, détails de l’évaluation",82,Broché,https://m.media-amazon.com/images/I/71Ffu84WuVL._AC_UY218_.jpg,2025-09-04T19:37:06.560320,Description non disponible depuis la recherche,Stock non disponible,ISBN non disponible,Éditeur non disponible,Date non disponible,Nombre de pages non disponible,Rang de vente non disponible,Religion,73.0,,
Agenda de bord 2025/2026 professeur d’Italien: Carnet de bord A4 pour les enseignants,https://www.amazon.fr/Agenda-bord-2025-professeur-dItalien/dp/9403794119/ref=sr_1_1159,"11,90 €",Gringolivier editions,"5,0 sur 5 étoiles, détails de l’évaluation",1,Broché,https://m.media-amazon.com/images/I/71TCyd9WymL._AC_UY218_.jpg,2025-09-04T19:37:06.562247,Description non disponible depuis la recherche,Stock non disponible,ISBN non disponible,Éditeur non disponible,Date non disponible,Nombre de pages non disponible,Rang de vente non disponible,Religion,73.0,,
Les aventures de Tintin au pays des soviets,https://www.amazon.fr/aventures-Tintin-pays-soviets/dp/2203001003/ref=sr_1_1160,"12,50 €",Hergé,"4,7 sur 5 étoiles, détails de l’évaluation",665,Relié,https://m.media-amazon.com/images/I/614CKjTSRxL._AC_UY218_.jpg,2025-09-04T19:37:06.564637,Description non disponible depuis la recherche,Stock non disponible,ISBN non disponible,Éditeur non disponible,Date non disponible,Nombre de pages non disponible,Rang de vente non disponible,Religion,73.0,,
Français - Pack d'autocollants pour l'évaluation,https://www.amazon.fr/Pack-dautocollants-pour-l%C3%A9valuation-fran%C3%A7ais/dp/2356856560/ref=sr_1_1161,"11,90 €",de Collectif | 22 mai 2019,"4,8 sur 5 étoiles, détails de l’évaluation",74,Broché,https://m.media-amazon.com/images/I/817Zw2BwEpL._AC_UY218_.jpg,2025-09-04T19:37:06.567491,Description non disponible depuis la recherche,Stock non disponible,ISBN non disponible,Éditeur non disponible,Date non disponible,Nombre de pages non disponible,Rang de vente non disponible,Religion,73.0,,
Édito B2 - édition 2022-2024 - Livre + numérique inclus,https://www.amazon.fr/Edito-B2-%C3%A9dition-num%C3%A9rique-didierfle-app/dp/2278104306/ref=sr_1_1162,"24,80 €","de Marion Perrard, Elodie Heu, et al. | 8 mars 2022","4,6 sur 5 étoiles, détails de l’évaluation",44,Broché,https://m.media-amazon.com/images/I/81g2cK32WYL._AC_UY218_.jpg,2025-09-04T19:37:06.570453,Description non disponible depuis la recherche,Stock non disponible,ISBN non disponible,Éditeur non disponible,Date non disponible,Nombre de pages non disponible,Rang de vente non disponible,Religion,73.0,,
Histoire CM2 (+ CD-Rom),https://www.amazon.fr/Histoire-CM2-CD-Rom-Elsa-Bouteville/dp/2725635551/ref=sr_1_1165,"63,00 €",Elsa Bouteville,"4,7 sur 5 étoiles, détails de l’évaluation",62,Broché,https://m.media-amazon.com/images/I/61Oalb3zYRL._AC_UY218_.jpg,2025-09-04T19:37:06.579033,Description non disponible depuis la recherche,Stock non disponible,ISBN non disponible,Éditeur non disponible,Date non disponible,Nombre de pages non disponible,Rang de vente non disponible,Religion,73.0,,
Mon 1er Atlas Monde,https://www.amazon.fr/Mon-1er-Atlas-Monde-2nde/dp/2386140253/ref=sr_1_1166,"21,90 €","de Margot Boutges, Noémie Arnaud, et al. | 2 octobre 2024","3,7 sur 5 étoiles, détails de l’évaluation",10,Relié,https://m.media-amazon.com/images/I/71Jl7r2ra3L._AC_UY218_.jpg,2025-09-04T19:37:06.581883,Description non disponible depuis la recherche,Stock non disponible,ISBN non disponible,Éditeur non disponible,Date non disponible,Nombre de pages non disponible,Rang de vente non disponible,Religion,73.0,,
"Agenda Scolaire: Planificateur daté - Une page par jour - Danse classique pour les filles du collège, lycée et université",https://www.amazon.fr/Agenda-Scolaire-Planificateur-classique-universit%C3%A9/dp/B09XB2GXR1/ref=sr_1_1167,"11,99 €",de Eva-Claire Gagnon | 1 avril 2022,"4,4 sur 5 étoiles, détails de l’évaluation",10,Broché,https://m.media-amazon.com/images/I/618u26kRHgL._AC_UY218_.jpg,2025-09-04T19:37:06.584838,Description non disponible depuis la recherche,Stock non disponible,ISBN non disponible,Éditeur non disponible,Date non disponible,Nombre de pages non disponible,Rang de vente non disponible,Religion,73.0,,
Fleurs d'encre Français CM2 - Livre élève - Edition 2021,https://www.amazon.fr/Fleurs-dencre-Fran%C3%A7ais-CM2-Livre/dp/2017115487/ref=sr_1_1168,"17,70 €",Françoise Carrier,"4,6 sur 5 étoiles, détails de l’évaluation",23,Broché,https://m.media-amazon.com/images/I/91+Ljyy52cL._AC_UY218_.jpg,2025-09-04T19:37:06.587664,Description non disponible depuis la recherche,Stock non disponible,ISBN non disponible,Éditeur non disponible,Date non disponible,Nombre de pages non disponible,Rang de vente non disponible,Religion,73.0,,
Agenda de bord 2025/2026 Enseignant: Carnet de bord A4 pour les professeurs,https://www.amazon.fr/Agenda-bord-2025-2026-Enseignant/dp/940378640X/ref=sr_1_1169,"11,90 €",Agenda-enseignant editions,"5,0 sur 5 étoiles, détails de l’évaluation",1,Broché,https://m.media-amazon.com/images/I/71D0vH6ZclL._AC_UY218_.jpg,2025-09-04T19:37:06.590457,Description non disponible depuis la recherche,Stock non disponible,ISBN non disponible,Éditeur non disponible,Date non disponible,Nombre de pages non disponible,Rang de vente non disponible,Religion,73.0,,
"Les annales des (très) bien classés: EDN 2023 et 2024 : toutes les questions commentées, corrigées et analysées (mini-DP, QI, QROC, KFP, TCS et zone à pointer)",https://www.amazon.fr/annales-tr%C3%A8s-bien-class%C3%A9s-comment%C3%A9es/dp/2311666290/ref=sr_1_1170,"45,00 €","de Pier-Luka Pardo, Baptiste Roussanne, et al. | 25 avril 2025","5,0 sur 5 étoiles, détails de l’évaluation",1,Broché,https://m.media-amazon.com/images/I/71zvCkSLTTL._AC_UY218_.jpg,2025-09-04T19:37:06.594452,Description non disponible depuis la recherche,Stock non disponible,ISBN non disponible,Éditeur non disponible,Date non disponible,Nombre de pages non disponible,Rang de vente non disponible,Religion,73.0,,
1000 exercices d'orthographe spécial Lycée et +,https://www.amazon.fr/1000-exercices-dorthographe-Larousse/dp/2035979188/ref=sr_1_1171,"9,95 €",Line Sommant,"4,5 sur 5 étoiles, détails de l’évaluation",173,Broché,https://m.media-amazon.com/images/I/71drAgV-epL._AC_UY218_.jpg,2025-09-04T19:37:06.596777,Description non disponible depuis la recherche,Stock non disponible,ISBN non disponible,Éditeur non disponible,Date non disponible,Nombre de pages non disponible,Rang de vente non disponible,Religion,73.0,,
Géographie 1re (2019) - Manuel élève: Les dynamiques d'un monde en recomposition,https://www.amazon.fr/G%C3%A9ographie-1re-dynamiques-monde-recomposition/dp/2210112222/ref=sr_1_1172,Prix non disponible,"de Jacqueline Jalta, Jean-François Joly, et al. | 24 avril 2019","4,7 sur 5 étoiles, détails de l’évaluation",45,Broché,https://m.media-amazon.com/images/I/A1lMqguGoiL._AC_UY218_.jpg,2025-09-04T19:37:06.599974,Description non disponible depuis la recherche,Stock non disponible,ISBN non disponible,Éditeur non disponible,Date non disponible,Nombre de pages non disponible,Rang de vente non disponible,Religion,73.0,,
"Mon Manuel d'hypnose, les meilleures recettes: Ce qui fonctionne, ce qui fait progresser",https://www.amazon.fr/Mon-Manuel-dhypnose-meilleures-recettes/dp/2958981363/ref=sr_1_1171,"27,90 €",de Delphine GERMAIN et Jean DUPRÉ | 17 décembre 2024,"5,0 sur 5 étoiles, détails de l’évaluation",21,Broché,https://m.media-amazon.com/images/I/61NY7BOpDKL._AC_UY218_.jpg,2025-09-04T19:37:15.803694,Description non disponible depuis la recherche,Stock non disponible,ISBN non disponible,Éditeur non disponible,Date non disponible,Nombre de pages non disponible,Rang de vente non disponible,Religion,74.0,,
Lagarde et Michard : XIXe siècle : Les Grands Auteurs français du programme - Anthologie et Histoire littéraire,https://www.amazon.fr/Lagarde-Michard-programme-Anthologie-litt%C3%A9raire/dp/204016216X/ref=sr_1_1172,"39,00 €",de André Lagarde et Laurent Michard | 2 février 1993,"4,6 sur 5 étoiles, détails de l’évaluation",120,Relié,https://m.media-amazon.com/images/I/61mklq94K5L._AC_UY218_.jpg,2025-09-04T19:37:15.807639,Description non disponible depuis la recherche,Stock non disponible,ISBN non disponible,Éditeur non disponible,Date non disponible,Nombre de pages non disponible,Rang de vente non disponible,Religion,74.0,,
Parasitoses et mycoses: des régions tempérées et tropicales ; Réussir son DFASM - Connaissances clés,https://www.amazon.fr/Parasitoses-mycoses-temp%C3%A9r%C3%A9es-tropicales-Connaissances/dp/2294774310/ref=sr_1_1173,"39,00 €",ANOFEL,"4,3 sur 5 étoiles, détails de l’évaluation",9,Broché,https://m.media-amazon.com/images/I/71wmmEChPEL._AC_UY218_.jpg,2025-09-04T19:37:15.811828,Description non disponible depuis la recherche,Stock non disponible,ISBN non disponible,Éditeur non disponible,Date non disponible,Nombre de pages non disponible,Rang de vente non disponible,Religion,74.0,,
Dictionnaire abrégé latin-français,https://www.amazon.fr/Dictionnaire-abr%C3%A9g%C3%A9-latin-fran%C3%A7ais-F-Gaffiot/dp/2010024974/ref=sr_1_1174,"22,50 €",F. Gaffiot,"4,3 sur 5 étoiles, détails de l’évaluation",29,Broché,https://m.media-amazon.com/images/I/91cKo7iXdNL._AC_UY218_.jpg,2025-09-04T19:37:15.814914,Description non disponible depuis la recherche,Stock non disponible,ISBN non disponible,Éditeur non disponible,Date non disponible,Nombre de pages non disponible,Rang de vente non disponible,Religion,74.0,,
Storyfun for Starters Level 1 Student's Book with Online Activities and Home Fun Booklet 1,https://www.amazon.fr/Storyfun-Starters-Students-Activities-Booklet/dp/1316617017/ref=sr_1_1175,"21,30 €",Karen Saxby,"4,6 sur 5 étoiles, détails de l’évaluation",142,Poche,https://m.media-amazon.com/images/I/7141G9QROCL._AC_UY218_.jpg,2025-09-04T19:37:15.817439,Description non disponible depuis la recherche,Stock non disponible,ISBN non disponible,Éditeur non disponible,Date non disponible,Nombre de pages non disponible,Rang de vente non disponible,Religion,74.0,,
Dieu & Sorcière (Plume Noire),https://www.amazon.fr/Dieu-Sorcie%CC%80re-Angel-Arekin-ebook/dp/B0DPG8822B/ref=sr_1_1176,"9,99 €",Angel Arekin,"4,3 sur 5 étoiles, détails de l’évaluation",19,Format Kindle,https://m.media-amazon.com/images/I/81mW3nEjP3L._AC_UY218_.jpg,2025-09-04T19:37:15.820809,Description non disponible depuis la recherche,Stock non disponible,ISBN non disponible,Éditeur non disponible,Date non disponible,Nombre de pages non disponible,Rang de vente non disponible,Religion,74.0,,
Lecture silencieuse CE1- Pochette élève - Ed.2002,https://www.amazon.fr/Lecture-silencieuse-CE1-Martine-G%C3%A9hin/dp/2011163536/ref=sr_1_1177,"10,30 €",Martine Géhin,"4,8 sur 5 étoiles, détails de l’évaluation",132,Broché,https://m.media-amazon.com/images/I/91bx4mhgfUL._AC_UY218_.jpg,2025-09-04T19:37:15.822926,Description non disponible depuis la recherche,Stock non disponible,ISBN non disponible,Éditeur non disponible,Date non disponible,Nombre de pages non disponible,Rang de vente non disponible,Religion,74.0,,
3 mots par jour: Vocabulaire du Saint Coran,https://www.amazon.fr/mots-par-jour-Vocabulaire-Saint/dp/B0CMMDDCCX/ref=sr_1_1178,"17,05 €",Yam’s Teaching,"4,3 sur 5 étoiles, détails de l’évaluation",23,Broché,https://m.media-amazon.com/images/I/61JGBYRuaFL._AC_UY218_.jpg,2025-09-04T19:37:15.824812,Description non disponible depuis la recherche,Stock non disponible,ISBN non disponible,Éditeur non disponible,Date non disponible,Nombre de pages non disponible,Rang de vente non disponible,Religion,74.0,,
Édito A2 - édition 2022-2024 - Livre + numérique inclus,https://www.amazon.fr/Edito-A2-Livre-num%C3%A9rique-didierfle-app/dp/227810411X/ref=sr_1_1181,"22,50 €","de Caroline Spérandio, Marlène Dodin, et al. | 22 juin 2022","4,6 sur 5 étoiles, détails de l’évaluation",60,Broché,https://m.media-amazon.com/images/I/81Ip2dQr2CL._AC_UY218_.jpg,2025-09-04T19:37:15.834306,Description non disponible depuis la recherche,Stock non disponible,ISBN non disponible,Éditeur non disponible,Date non disponible,Nombre de pages non disponible,Rang de vente non disponible,Religion,74.0,,
100% FLE - Communication essentielle du français A1 - Livre + didierfle.app,https://www.amazon.fr/Communication-essentielle-fran%C3%A7ais-A1-Collection/dp/2278102257/ref=sr_1_1182,"21,90 €",de Marie-Laure Lions Oliviéri et Eugénie MOTTIRONI | 15 juillet 2021,"4,7 sur 5 étoiles, détails de l’évaluation",58,Livre de poche relié à la colle,https://m.media-amazon.com/images/I/618dLl3wu0L._AC_UY218_.jpg,2025-09-04T19:37:15.837368,Description non disponible depuis la recherche,Stock non disponible,ISBN non disponible,Éditeur non disponible,Date non disponible,Nombre de pages non disponible,Rang de vente non disponible,Religion,74.0,,
Never Split the Difference: Negotiating as if Your Life Depended on It,https://www.amazon.fr/Never-Split-Difference-Negotiating-Depended/dp/1847941494/ref=sr_1_1183,"11,49 €",Chris Voss,"4,6 sur 5 étoiles, détails de l’évaluation",47 096,Broché,https://m.media-amazon.com/images/I/61cxW8Axu1L._AC_UY218_.jpg,2025-09-04T19:37:15.841975,Description non disponible depuis la recherche,Stock non disponible,ISBN non disponible,Éditeur non disponible,Date non disponible,Nombre de pages non disponible,Rang de vente non disponible,Religion,74.0,,
Trampoline - Fichier de lecture-compréhension - CP,https://www.amazon.fr/Trampoline-Fichier-lecture-compr%C3%A9hension-Alain-Bondot/dp/2091243442/ref=sr_1_1184,"7,30 €",Alain Bondot,"4,6 sur 5 étoiles, détails de l’évaluation",85,Broché,https://m.media-amazon.com/images/I/61VV1Pj1GUL._AC_UY218_.jpg,2025-09-04T19:37:15.844113,Description non disponible depuis la recherche,Stock non disponible,ISBN non disponible,Éditeur non disponible,Date non disponible,Nombre de pages non disponible,Rang de vente non disponible,Religion,74.0,,
"Compact First. Student's Book without answers: Third edition. Student's Book without answers with Test and Train Class-based, Online Practice and enhanced eBook",https://www.amazon.fr/Compact-First-Students-without-answers/dp/312535448X/ref=sr_1_1185,"37,46 €",Édition en Anglais | 16 juin 2021,"4,4 sur 5 étoiles, détails de l’évaluation",15,Broché,https://m.media-amazon.com/images/I/61zt28eMieL._AC_UY218_.jpg,2025-09-04T19:37:15.846775,Description non disponible depuis la recherche,Stock non disponible,ISBN non disponible,Éditeur non disponible,Date non disponible,Nombre de pages non disponible,Rang de vente non disponible,Religion,74.0,,
100% FLE - Grammaire essentielle du français A2 - livre + didierfle.app,https://www.amazon.fr/100-FLE-Grammaire-essentielle-didierfle-app/dp/2278109243/ref=sr_1_1186,"22,40 €","de Ludivine Glaud, Muriel Lannier, et al. | 4 février 2015","5,0 sur 5 étoiles, détails de l’évaluation",6,Broché,https://m.media-amazon.com/images/I/61C+ZbS9MBL._AC_UY218_.jpg,2025-09-04T19:37:15.849685,Description non disponible depuis la recherche,Stock non disponible,ISBN non disponible,Éditeur non disponible,Date non disponible,Nombre de pages non disponible,Rang de vente non disponible,Religion,74.0,,
Physique 2e année MP/MP*,https://www.amazon.fr/Physique-2e-ann%C3%A9e-MP/dp/2340083397/ref=sr_1_1187,"39,00 €","de Christian Garing, Frédéric Paviet, et al. | 31 octobre 2023","5,0 sur 5 étoiles, détails de l’évaluation",4,Broché,https://m.media-amazon.com/images/I/71TKRqQMAyL._AC_UY218_.jpg,2025-09-04T19:37:15.853220,Description non disponible depuis la recherche,Stock non disponible,ISBN non disponible,Éditeur non disponible,Date non disponible,Nombre de pages non disponible,Rang de vente non disponible,Religion,74.0,,
200% TOEFL iBT,https://www.amazon.fr/200-TOEFL-iBT-Prepmyfuture/dp/2340105048/ref=sr_1_1188,"39,00 €",de Prepmyfuture | 15 juillet 2025,Note non disponible,0 avis,Broché,https://m.media-amazon.com/images/I/61i8-OzRFiL._AC_UY218_.jpg,2025-09-04T19:37:15.855842,Description non disponible depuis la recherche,Stock non disponible,ISBN non disponible,Éditeur non disponible,Date non disponible,Nombre de pages non disponible,Rang de vente non disponible,Religion,74.0,,
LEÇONS DE FRANÇAIS: FRANÇAIS PAS À PAS,https://www.amazon.fr/LE%C3%87ONS-FRAN%C3%87AIS-PAS-%C3%80/dp/B0DHJ4HDXY/ref=sr_1_1187,"69,60 €",de HUSEYIN GUREL et EMRIYE GUREL | 15 septembre 2024,"5,0 sur 5 étoiles, détails de l’évaluation",1,Broché,https://m.media-amazon.com/images/I/415qykJb9KL._AC_UY218_.jpg,2025-09-04T19:37:26.026973,Description non disponible depuis la recherche,Stock non disponible,ISBN non disponible,Éditeur non disponible,Date non disponible,Nombre de pages non disponible,Rang de vente non disponible,Religion,75.0,,
Trampoline - Fichier d'apprentissage du code - CP,https://www.amazon.fr/Trampoline-Fichier-dapprentissage-code-CP/dp/2091243450/ref=sr_1_1188,"7,30 €","de Alain Bondot, Christine Chevrier, et al. | 28 février 2020","4,8 sur 5 étoiles, détails de l’évaluation",64,Broché,https://m.media-amazon.com/images/I/61JwHmYna-L._AC_UY218_.jpg,2025-09-04T19:37:26.029787,Description non disponible depuis la recherche,Stock non disponible,ISBN non disponible,Éditeur non disponible,Date non disponible,Nombre de pages non disponible,Rang de vente non disponible,Religion,75.0,,
3637OT Mont viso st-veran aiguilles pnr du queyras,https://www.amazon.fr/3637OT-Mont-st-veran-aiguilles-queyras/dp/2758543338/ref=sr_1_1189,"14,10 €",Carte,"4,9 sur 5 étoiles, détails de l’évaluation",73,Carte,https://m.media-amazon.com/images/I/91pUJcBw89L._AC_UY218_.jpg,2025-09-04T19:37:26.031785,Description non disponible depuis la recherche,Stock non disponible,ISBN non disponible,Éditeur non disponible,Date non disponible,Nombre de pages non disponible,Rang de vente non disponible,Religion,75.0,,
Les petits devoirs - Orthographe CM2,https://www.amazon.fr/petits-devoirs-Orthographe-CM2/dp/2369408103/ref=sr_1_1190,"6,95 €",de Céline de Pontfarcy et Alice GRAVIER | 11 janvier 2023,"4,2 sur 5 étoiles, détails de l’évaluation",14,Broché,https://m.media-amazon.com/images/I/81sKwkysdbL._AC_UY218_.jpg,2025-09-04T19:37:26.034476,Description non disponible depuis la recherche,Stock non disponible,ISBN non disponible,Éditeur non disponible,Date non disponible,Nombre de pages non disponible,Rang de vente non disponible,Religion,75.0,,
The Tempest,https://www.amazon.fr/Oxford-School-Shakespeare-Tempest-William/dp/0198325002/ref=sr_1_1191,"8,72 €",William Shakespeare,"4,6 sur 5 étoiles, détails de l’évaluation",715,Broché,https://m.media-amazon.com/images/I/71bLS9tSq1L._AC_UY218_.jpg,2025-09-04T19:37:26.037062,Description non disponible depuis la recherche,Stock non disponible,ISBN non disponible,Éditeur non disponible,Date non disponible,Nombre de pages non disponible,Rang de vente non disponible,Religion,75.0,,
Grammatik aktiv - Deutsch als Fremdsprache,https://www.amazon.fr/Grammatik-aktiv-Verstehen-%C3%9Cbungsgrammatik-PagePlayer-App/dp/3061229655/ref=sr_1_1192,"31,95 €",Friederike Jin,"4,8 sur 5 étoiles, détails de l’évaluation",242,Livre de poche relié à la colle,https://m.media-amazon.com/images/I/51FqkxStzcL._AC_UY218_.jpg,2025-09-04T19:37:26.039825,Description non disponible depuis la recherche,Stock non disponible,ISBN non disponible,Éditeur non disponible,Date non disponible,Nombre de pages non disponible,Rang de vente non disponible,Religion,75.0,,
Mémento du germaniste,https://www.amazon.fr/M%C3%A9mento-du-germaniste-Jean-Pierre-Vasseur/dp/2950120962/ref=sr_1_1193,"13,00 €",Jean-Pierre Vasseur,"4,6 sur 5 étoiles, détails de l’évaluation",61,Broché,https://m.media-amazon.com/images/I/91jSKE2uyLL._AC_UY218_.jpg,2025-09-04T19:37:26.041913,Description non disponible depuis la recherche,Stock non disponible,ISBN non disponible,Éditeur non disponible,Date non disponible,Nombre de pages non disponible,Rang de vente non disponible,Religion,75.0,,
"Khâgnes 2026: Jean de Léry, Histoire d’un voyage faict en la terre du Brésil, Madame d'Aulnoy, Contes des Fées, Gérard de Nerval, Aurélia, Louis Aragon, Le Paysan de Paris",https://www.amazon.fr/Kh%C3%A2gnes-2026-Histoire-dAulnoy-Aur%C3%A9lia/dp/2384280570/ref=sr_1_1194,"25,00 €",de Collectif | 2 octobre 2025,Note non disponible,0 avis,Broché,https://m.media-amazon.com/images/I/51+ij6a9YmL._AC_UY218_.jpg,2025-09-04T19:37:26.044526,Description non disponible depuis la recherche,Stock non disponible,ISBN non disponible,Éditeur non disponible,Date non disponible,Nombre de pages non disponible,Rang de vente non disponible,Religion,75.0,,
Oxford Essential French Dictionary,https://www.amazon.fr/Oxford-Essential-French-Dictionary-Dictionaries/dp/0199576386/ref=sr_1_1197,"7,27 €",Édition en Multilingue | de Oxford Languages | 6 avril 2010,"4,6 sur 5 étoiles, détails de l’évaluation",1 955,Broché,https://m.media-amazon.com/images/I/71F42X1y5OL._AC_UY218_.jpg,2025-09-04T19:37:26.053235,Description non disponible depuis la recherche,Stock non disponible,ISBN non disponible,Éditeur non disponible,Date non disponible,Nombre de pages non disponible,Rang de vente non disponible,Religion,75.0,,
Francais 6e Cycle 3 Passeurs de textes : Livre unique - Nouveau programme 2016,https://www.amazon.fr/Francais-Cycle-Passeurs-textes-programme/dp/2321005300/ref=sr_1_1198,"26,90 €",de Collectif | 28 avril 2016,"4,5 sur 5 étoiles, détails de l’évaluation",26,Broché,https://m.media-amazon.com/images/I/61zsq-Xaj2L._AC_UY218_.jpg,2025-09-04T19:37:26.055969,Description non disponible depuis la recherche,Stock non disponible,ISBN non disponible,Éditeur non disponible,Date non disponible,Nombre de pages non disponible,Rang de vente non disponible,Religion,75.0,,
Le Vrai Savoir-Vivre: Le manuel phare de la belle époque : Perspectives du siècle dernier sur la politesse et les bonnes manières,https://www.amazon.fr/Vrai-Savoir-Vivre-Perspectives-politesse-mani%C3%A8res/dp/B0CVBH7M4W/ref=sr_1_1199,"18,90 €",de Les frères des écoles chrétiennes | 8 février 2024,"4,5 sur 5 étoiles, détails de l’évaluation",15,Broché,https://m.media-amazon.com/images/I/610-g-llW4L._AC_UY218_.jpg,2025-09-04T19:37:26.059199,Description non disponible depuis la recherche,Stock non disponible,ISBN non disponible,Éditeur non disponible,Date non disponible,Nombre de pages non disponible,Rang de vente non disponible,Religion,75.0,,
LE MAGNETISME TEL QUE JE LE PRATIQUE: Formation de base,https://www.amazon.fr/MAGNETISME-TEL-QUE-PRATIQUE-Formation/dp/B0CH23W8MV/ref=sr_1_1200,"15,00 €",Stéphanie DEJEAN,"4,6 sur 5 étoiles, détails de l’évaluation",126,Broché,https://m.media-amazon.com/images/I/614v6Szy6gL._AC_UY218_.jpg,2025-09-04T19:37:26.061994,Description non disponible depuis la recherche,Stock non disponible,ISBN non disponible,Éditeur non disponible,Date non disponible,Nombre de pages non disponible,Rang de vente non disponible,Religion,75.0,,
FestiJeux - Tout sur tout: + de 600 questions de culture générale !,https://www.amazon.fr/FestiJeux-Tout-questions-culture-g%C3%A9n%C3%A9rale/dp/2383556009/ref=sr_1_1201,"5,95 €",Coffret produits,"4,1 sur 5 étoiles, détails de l’évaluation",19,Coffret produits,https://m.media-amazon.com/images/I/81PPebQAA-L._AC_UY218_.jpg,2025-09-04T19:37:26.063797,Description non disponible depuis la recherche,Stock non disponible,ISBN non disponible,Éditeur non disponible,Date non disponible,Nombre de pages non disponible,Rang de vente non disponible,Religion,75.0,,
Mes 1 000 premiers mots d'anglais,https://www.amazon.fr/Mes-000-premiers-mots-danglais/dp/2408014603/ref=sr_1_1202,"14,50 €",de Collectif d'illustrateurs | 18 septembre 2019,"4,7 sur 5 étoiles, détails de l’évaluation",115,Relié,https://m.media-amazon.com/images/I/819ztMG9ugL._AC_UY218_.jpg,2025-09-04T19:37:26.066363,Description non disponible depuis la recherche,Stock non disponible,ISBN non disponible,Éditeur non disponible,Date non disponible,Nombre de pages non disponible,Rang de vente non disponible,Religion,75.0,,
Mon carnet collège - L'archipel littéraire,https://www.amazon.fr/Mon-carnet-coll%C3%A8ge-Larchipel-litt%C3%A9raire/dp/2356856587/ref=sr_1_1203,"5,90 €",de Collectif | 11 avril 2020,"4,6 sur 5 étoiles, détails de l’évaluation",128,Broché,https://m.media-amazon.com/images/I/61RMfsnMPLL._AC_UY218_.jpg,2025-09-04T19:37:26.068974,Description non disponible depuis la recherche,Stock non disponible,ISBN non disponible,Éditeur non disponible,Date non disponible,Nombre de pages non disponible,Rang de vente non disponible,Religion,75.0,,
Vingt ans après,https://www.amazon.fr/Vingt-ans-apr%C3%A8s-Alexandre-Dumas-ebook/dp/B004TXRLYW/ref=sr_1_1204,"0,00 €",Alexandre Dumas,"4,6 sur 5 étoiles, détails de l’évaluation",1 087,Format Kindle,https://m.media-amazon.com/images/I/91+IoMwmVCL._AC_UY218_.jpg,2025-09-04T19:37:26.072256,Description non disponible depuis la recherche,Stock non disponible,ISBN non disponible,Éditeur non disponible,Date non disponible,Nombre de pages non disponible,Rang de vente non disponible,Religion,75.0,,
