titre,url,prix,auteur,note,nombre_avis,format,image_url,date_scraping,description,stock,isbn,editeur,date_publication,pages,rang_vente,categorie,page_source,image,etoiles
Les Gouttes de Dieu - Tome 09,https://www.amazon.fr/Gouttes-Dieu-Vol-9-AGI-Tadashi/dp/2723466566/ref=sr_1_323,"9,50 €",Tadashi Agi,"4,7 sur 5 étoiles, détails de l’évaluation",38,Broché,https://m.media-amazon.com/images/I/61x1aJIYgZL._AC_UY218_.jpg,2025-09-04T08:44:08.161666,Description non disponible depuis la recherche,Stock non disponible,ISBN non disponible,Éditeur non disponible,Date non disponible,Nombre de pages non disponible,Rang de vente non disponible,Manga,21.0,,
"Berserk of Gluttony T10 - Manga: Berserk of Gluttony Manga, T10",https://www.amazon.fr/Berserk-Gluttony-Manga-T10-ebook/dp/B0DNR6PHB6/ref=sr_1_324,"8,00 €",Ichika Isshiki,"4,8 sur 5 étoiles, détails de l’évaluation",47,Format Kindle,https://m.media-amazon.com/images/I/819Osdm4RCL._AC_UY218_.jpg,2025-09-04T08:44:08.163849,Description non disponible depuis la recherche,Stock non disponible,ISBN non disponible,Éditeur non disponible,Date non disponible,Nombre de pages non disponible,Rang de vente non disponible,Manga,21.0,,
Hunter X Hunter - Tome 10,https://www.amazon.fr/Hunter-X-10-Yoshihiro-Togashi/dp/2871293252/ref=sr_1_325,"7,30 €",Yoshihiro Togashi,"4,8 sur 5 étoiles, détails de l’évaluation",333,Poche,https://m.media-amazon.com/images/I/81fmRhkEpvL._AC_UY218_.jpg,2025-09-04T08:44:08.166518,Description non disponible depuis la recherche,Stock non disponible,ISBN non disponible,Éditeur non disponible,Date non disponible,Nombre de pages non disponible,Rang de vente non disponible,Manga,21.0,,
Nukinin - Rin : La shinobi prédatrice,https://www.amazon.fr/Nukinin-shinobi-pr%C3%A9datrice-Kabuki-Shigeyuki/dp/2385041022/ref=sr_1_326,"11,95 €",Kabuki Shigeyuki,Note non disponible,0 avis,Poche,https://m.media-amazon.com/images/I/91uF7vY6dZL._AC_UY218_.jpg,2025-09-04T08:44:08.168883,Description non disponible depuis la recherche,Stock non disponible,ISBN non disponible,Éditeur non disponible,Date non disponible,Nombre de pages non disponible,Rang de vente non disponible,Manga,21.0,,
Voyage au centre de la Terre T01,https://www.amazon.fr/Voyage-au-centre-Terre-T01/dp/2811696040/ref=sr_1_329,"25,00 €",Jules Verne,"4,5 sur 5 étoiles, détails de l’évaluation",29,Relié,https://m.media-amazon.com/images/I/81QfAXwP9dL._AC_UY218_.jpg,2025-09-04T08:44:08.178915,Description non disponible depuis la recherche,Stock non disponible,ISBN non disponible,Éditeur non disponible,Date non disponible,Nombre de pages non disponible,Rang de vente non disponible,Manga,21.0,,
"CREE TON MANGA 100 planches BD vierges: bande dessinée vierge pour adultes, adolescents ou enfants | Crée ton propre manga | BD de 100 planches à dessiner",https://www.amazon.fr/CREE-TON-MANGA-planches-vierges/dp/B084QLMBBD/ref=sr_1_330,"7,99 €",de Les Editions de Mus | 15 février 2020,"4,4 sur 5 étoiles, détails de l’évaluation",33,Broché,https://m.media-amazon.com/images/I/41mAsLKC17L._AC_UY218_.jpg,2025-09-04T08:44:08.181674,Description non disponible depuis la recherche,Stock non disponible,ISBN non disponible,Éditeur non disponible,Date non disponible,Nombre de pages non disponible,Rang de vente non disponible,Manga,21.0,,
WILD STRAWBERRY T03,https://www.amazon.fr/WILD-STRAWBERRY-T03-Ire-Yonemoto/dp/2820352332/ref=sr_1_331,"7,99 €",de Ire Yonemoto | 3 septembre 2025,Note non disponible,0 avis,Broché,https://m.media-amazon.com/images/I/91img1tlYhL._AC_UY218_.jpg,2025-09-04T08:44:08.184192,Description non disponible depuis la recherche,Stock non disponible,ISBN non disponible,Éditeur non disponible,Date non disponible,Nombre de pages non disponible,Rang de vente non disponible,Manga,21.0,,
Le Poids du Silence - Tome 04,https://www.amazon.fr/Poids-du-Silence-04/dp/238503977X/ref=sr_1_332,"7,95 €",de Fujimatsu Mei | 5 décembre 2025,Note non disponible,0 avis,Poche,https://m.media-amazon.com/images/I/81wtKkjsdrL._AC_UY218_.jpg,2025-09-04T08:44:08.186788,Description non disponible depuis la recherche,Stock non disponible,ISBN non disponible,Éditeur non disponible,Date non disponible,Nombre de pages non disponible,Rang de vente non disponible,Manga,21.0,,
Mars - Perfect Edition T06,https://www.amazon.fr/Mars-Perfect-T06-Fuyumi-Soryo/dp/B0CY1N5N5P/ref=sr_1_334,"16,99 €",Fuyumi Soryo,"5,0 sur 5 étoiles, détails de l’évaluation",2,Broché,https://m.media-amazon.com/images/I/71uPF9VJwJL._AC_UY218_.jpg,2025-09-04T08:44:08.191865,Description non disponible depuis la recherche,Stock non disponible,ISBN non disponible,Éditeur non disponible,Date non disponible,Nombre de pages non disponible,Rang de vente non disponible,Manga,21.0,,
Les fleurs du passé - Tome 05: Natsuyuki rendez-vous - Extra,https://www.amazon.fr/fleurs-pass%C3%A9-Natsuyuki-rendez-vous-Extra/dp/2380601380/ref=sr_1_335,"8,00 €",de Haruka Kawachi | 24 octobre 2025,Note non disponible,0 avis,Broché,https://m.media-amazon.com/images/I/91mTeGV6ZGL._AC_UY218_.jpg,2025-09-04T08:44:08.194542,Description non disponible depuis la recherche,Stock non disponible,ISBN non disponible,Éditeur non disponible,Date non disponible,Nombre de pages non disponible,Rang de vente non disponible,Manga,21.0,,
Ki & Hi - tome 2 Une famille de fous !,https://www.amazon.fr/Ki-Hi-Une-famille-fous/dp/2749932718/ref=sr_1_336,"9,95 €",Kevin Tran,"4,7 sur 5 étoiles, détails de l’évaluation",920,Broché,https://m.media-amazon.com/images/I/71uYX0Ag1SL._AC_UY218_.jpg,2025-09-04T08:44:08.197232,Description non disponible depuis la recherche,Stock non disponible,ISBN non disponible,Éditeur non disponible,Date non disponible,Nombre de pages non disponible,Rang de vente non disponible,Manga,21.0,,
"Moi, quand je me réincarne en slime - Tome 07 (7)",https://www.amazon.fr/Moi-quand-r%C3%A9incarne-slime-FUSE/dp/2368527214/ref=sr_1_337,"7,95 €",Fuse,"4,8 sur 5 étoiles, détails de l’évaluation",322,Broché,https://m.media-amazon.com/images/I/71LIgGx0QOL._AC_UY218_.jpg,2025-09-04T08:44:08.200062,Description non disponible depuis la recherche,Stock non disponible,ISBN non disponible,Éditeur non disponible,Date non disponible,Nombre de pages non disponible,Rang de vente non disponible,Manga,21.0,,
Manga + Chibi : Apprendre à dessiner des personnages mignons dans les deux versions !,https://www.amazon.fr/Manga-Chibi-Apprendre-dessiner-personnages/dp/2711427382/ref=sr_1_339,"19,90 €",de Yoai | 17 avril 2025,Note non disponible,0 avis,Broché,https://m.media-amazon.com/images/I/81i-jg6g9UL._AC_UY218_.jpg,2025-09-04T08:44:08.205688,Description non disponible depuis la recherche,Stock non disponible,ISBN non disponible,Éditeur non disponible,Date non disponible,Nombre de pages non disponible,Rang de vente non disponible,Manga,21.0,,
Pokémon - La Grande Aventure - tome 03 (3),https://www.amazon.fr/Pok%C3%A9mon-grande-aventure-Vol-3-MATO/dp/2368520155/ref=sr_1_340,"10,00 €",Hidenori Kusaka,"4,7 sur 5 étoiles, détails de l’évaluation",642,Broché,https://m.media-amazon.com/images/I/71FIpq67GqL._AC_UY218_.jpg,2025-09-04T08:44:08.208434,Description non disponible depuis la recherche,Stock non disponible,ISBN non disponible,Éditeur non disponible,Date non disponible,Nombre de pages non disponible,Rang de vente non disponible,Manga,21.0,,
Kindergarten Wars T10,https://www.amazon.fr/Kindergarten-Wars-T10-You-Chiba/dp/B0F59BRSSP/ref=sr_1_341,"7,95 €",You Chiba,Note non disponible,0 avis,Broché,https://m.media-amazon.com/images/I/7179ILeeLXL._AC_UY218_.jpg,2025-09-04T08:44:08.211205,Description non disponible depuis la recherche,Stock non disponible,ISBN non disponible,Éditeur non disponible,Date non disponible,Nombre de pages non disponible,Rang de vente non disponible,Manga,21.0,,
L'Uomo Tigre. Tiger Mask. New edition (Vol. 1),https://www.amazon.fr/LUomo-Tigre-Tiger-Mask-Vol/dp/8828798238/ref=sr_1_342,"14,90 €",Ikki Kajiwara,"4,6 sur 5 étoiles, détails de l’évaluation",40,Broché,https://m.media-amazon.com/images/I/61Y7SxyJudL._AC_UY218_.jpg,2025-09-04T08:44:08.213475,Description non disponible depuis la recherche,Stock non disponible,ISBN non disponible,Éditeur non disponible,Date non disponible,Nombre de pages non disponible,Rang de vente non disponible,Manga,21.0,,
PandoraHearts Perfect Edition T03,https://www.amazon.fr/PandoraHearts-Perfect-T03-Jun-Mochizuki/dp/B0DM15WT3B/ref=sr_1_339,"16,00 €",Jun Mochizuki,"5,0 sur 5 étoiles, détails de l’évaluation",4,Poche,https://m.media-amazon.com/images/I/71UqfqvXGVL._AC_UY218_.jpg,2025-09-04T08:44:18.398858,Description non disponible depuis la recherche,Stock non disponible,ISBN non disponible,Éditeur non disponible,Date non disponible,Nombre de pages non disponible,Rang de vente non disponible,Manga,22.0,,
BLOOM T05,https://www.amazon.fr/BLOOM-T05-Saka-Mikami/dp/2384963910/ref=sr_1_340,"7,20 €",Saka Mikami,Note non disponible,0 avis,Poche,https://m.media-amazon.com/images/I/81fCkXrm-BL._AC_UY218_.jpg,2025-09-04T08:44:18.402054,Description non disponible depuis la recherche,Stock non disponible,ISBN non disponible,Éditeur non disponible,Date non disponible,Nombre de pages non disponible,Rang de vente non disponible,Manga,22.0,,
HAIKYU!! T10 SMASH ÉDITION LIMITEE,https://www.amazon.fr/HAIKYU-T10-SMASH-%C3%89DITION-LIMITEE/dp/2820353479/ref=sr_1_341,"17,99 €",Haruichi Furudate,Note non disponible,0 avis,Poche,https://m.media-amazon.com/images/I/01PkLIhTX3L._AC_UY218_.gif,2025-09-04T08:44:18.404438,Description non disponible depuis la recherche,Stock non disponible,ISBN non disponible,Éditeur non disponible,Date non disponible,Nombre de pages non disponible,Rang de vente non disponible,Manga,22.0,,
"One piece, Volume 38",https://www.amazon.fr/One-piece-38-Eiichiro-Oda/dp/2723498662/ref=sr_1_342,"7,20 €",Eiichiro Oda,"4,8 sur 5 étoiles, détails de l’évaluation",681,Broché,https://m.media-amazon.com/images/I/91uz2El4XxL._AC_UY218_.jpg,2025-09-04T08:44:18.407798,Description non disponible depuis la recherche,Stock non disponible,ISBN non disponible,Éditeur non disponible,Date non disponible,Nombre de pages non disponible,Rang de vente non disponible,Manga,22.0,,
Gunnm - Édition originale - Tome 09,https://www.amazon.fr/Gunnm-%C3%89dition-originale-Yukito-Kishiro/dp/2344024417/ref=sr_1_345,"7,90 €",Yukito Kishiro,"4,8 sur 5 étoiles, détails de l’évaluation",392,Broché,https://m.media-amazon.com/images/I/91t0bI9QG6L._AC_UY218_.jpg,2025-09-04T08:44:18.416667,Description non disponible depuis la recherche,Stock non disponible,ISBN non disponible,Éditeur non disponible,Date non disponible,Nombre de pages non disponible,Rang de vente non disponible,Manga,22.0,,
Super Mario Manga Adventures T11,https://www.amazon.fr/Super-Mario-T11-Yukio-Sawada/dp/2302056345/ref=sr_1_346,"7,29 €",Yukio Sawada,"4,8 sur 5 étoiles, détails de l’évaluation",202,Broché,https://m.media-amazon.com/images/I/810PBXa+GML._AC_UY218_.jpg,2025-09-04T08:44:18.418822,Description non disponible depuis la recherche,Stock non disponible,ISBN non disponible,Éditeur non disponible,Date non disponible,Nombre de pages non disponible,Rang de vente non disponible,Manga,22.0,,
Je veux t'aimer jusqu'à ta mort - Tome 07,https://www.amazon.fr/Je-veux-taimer-jusqu%C3%A0-mort/dp/2385034808/ref=sr_1_347,"7,95 €",de Nachi Aono | 26 février 2025,"5,0 sur 5 étoiles, détails de l’évaluation",3,Poche,https://m.media-amazon.com/images/I/71nAN1weGhL._AC_UY218_.jpg,2025-09-04T08:44:18.421507,Description non disponible depuis la recherche,Stock non disponible,ISBN non disponible,Éditeur non disponible,Date non disponible,Nombre de pages non disponible,Rang de vente non disponible,Manga,22.0,,
Manga Livre de Coloriage: Une collection enchanteresse de filles japonnaises découvrant les joies du shopping en ville | personnages de manga et d'anime pour les enfants et adolescents,https://www.amazon.fr/Manga-Livre-Coloriage-enchanteresse-japonnaises/dp/B0CDND2PFH/ref=sr_1_348,"10,22 €",de Emma Évasion | 5 août 2023,"5,0 sur 5 étoiles, détails de l’évaluation",2,Broché,https://m.media-amazon.com/images/I/71l0w7aNs3L._AC_UY218_.jpg,2025-09-04T08:44:18.424327,Description non disponible depuis la recherche,Stock non disponible,ISBN non disponible,Éditeur non disponible,Date non disponible,Nombre de pages non disponible,Rang de vente non disponible,Manga,22.0,,
Fairy Tail T38,https://www.amazon.fr/Fairy-Tail-Vol-38-MASHIMA-Hiro/dp/2811615172/ref=sr_1_350,"7,20 €",Hiro Mashima,"4,8 sur 5 étoiles, détails de l’évaluation",235,Poche,https://m.media-amazon.com/images/I/91wp8J8m4RL._AC_UY218_.jpg,2025-09-04T08:44:18.429646,Description non disponible depuis la recherche,Stock non disponible,ISBN non disponible,Éditeur non disponible,Date non disponible,Nombre de pages non disponible,Rang de vente non disponible,Manga,22.0,,
All Out!! T12,https://www.amazon.fr/All-Out-T12-Shiori-Amase/dp/2811683046/ref=sr_1_351,"7,70 €",Shiori Amase,Note non disponible,0 avis,Poche,https://m.media-amazon.com/images/I/81kRK86ThWL._AC_UY218_.jpg,2025-09-04T08:44:18.432638,Description non disponible depuis la recherche,Stock non disponible,ISBN non disponible,Éditeur non disponible,Date non disponible,Nombre de pages non disponible,Rang de vente non disponible,Manga,22.0,,
One-Punch Man - T6,https://www.amazon.fr/One-Punch-Man-T6-ONE/dp/2368523782/ref=sr_1_352,"7,30 €",Yusuke Murata,"4,8 sur 5 étoiles, détails de l’évaluation",603,Broché,https://m.media-amazon.com/images/I/71Xx4bEbdeL._AC_UY218_.jpg,2025-09-04T08:44:18.435366,Description non disponible depuis la recherche,Stock non disponible,ISBN non disponible,Éditeur non disponible,Date non disponible,Nombre de pages non disponible,Rang de vente non disponible,Manga,22.0,,
Chi - Une vie de chat - Tome 10,https://www.amazon.fr/Chi-Une-vie-chat-Vol-10/dp/272349750X/ref=sr_1_353,"10,75 €",de Konami Kanata | 27 novembre 2013,"4,9 sur 5 étoiles, détails de l’évaluation",228,Broché,https://m.media-amazon.com/images/I/71PfpNpcE8L._AC_UY218_.jpg,2025-09-04T08:44:18.437887,Description non disponible depuis la recherche,Stock non disponible,ISBN non disponible,Éditeur non disponible,Date non disponible,Nombre de pages non disponible,Rang de vente non disponible,Manga,22.0,,
Mashle T08,https://www.amazon.fr/Mashle-T08-Hajime-Komoto/dp/2820343546/ref=sr_1_355,"7,15 €",Hajime Komoto,"4,8 sur 5 étoiles, détails de l’évaluation",246,Poche,https://m.media-amazon.com/images/I/81QYJsZUXoL._AC_UY218_.jpg,2025-09-04T08:44:18.443703,Description non disponible depuis la recherche,Stock non disponible,ISBN non disponible,Éditeur non disponible,Date non disponible,Nombre de pages non disponible,Rang de vente non disponible,Manga,22.0,,
"Bleach - Tome 17: Rosa Rubicundior, Lilio Candidior",https://www.amazon.fr/Bleach-Vol-17-TITE-Kubo/dp/2723453863/ref=sr_1_356,"7,20 €",Tite Kubo,"4,9 sur 5 étoiles, détails de l’évaluation",99,Broché,https://m.media-amazon.com/images/I/71DmzG01L1L._AC_UY218_.jpg,2025-09-04T08:44:18.446529,Description non disponible depuis la recherche,Stock non disponible,ISBN non disponible,Éditeur non disponible,Date non disponible,Nombre de pages non disponible,Rang de vente non disponible,Manga,22.0,,
Kagurabachi - Tome 2,https://www.amazon.fr/Kagurabachi-2-Takeru-HOKAZONO/dp/250513328X/ref=sr_1_357,"7,30 €",Takeru HOKAZONO,"4,9 sur 5 étoiles, détails de l’évaluation",44,Broché,https://m.media-amazon.com/images/I/913gbNJO0iL._AC_UY218_.jpg,2025-09-04T08:44:18.449340,Description non disponible depuis la recherche,Stock non disponible,ISBN non disponible,Éditeur non disponible,Date non disponible,Nombre de pages non disponible,Rang de vente non disponible,Manga,22.0,,
Les Aventures de Kirby dans les Étoiles T02,https://www.amazon.fr/Aventures-Kirby-dans-%C3%89toiles-T02/dp/2302090381/ref=sr_1_358,"7,29 €",Nintendo,"4,8 sur 5 étoiles, détails de l’évaluation",168,Broché,https://m.media-amazon.com/images/I/81HBwVso3cL._AC_UY218_.jpg,2025-09-04T08:44:18.451367,Description non disponible depuis la recherche,Stock non disponible,ISBN non disponible,Éditeur non disponible,Date non disponible,Nombre de pages non disponible,Rang de vente non disponible,Manga,22.0,,
L'Atelier des Sorciers T14 Edition collector,https://www.amazon.fr/LAtelier-Sorciers-collector-Kamome-Shirahama/dp/B0F9NKFL6G/ref=sr_1_355,"19,90 €",Kamome Shirahama,"4,8 sur 5 étoiles, détails de l’évaluation",9,Broché,https://m.media-amazon.com/images/I/71Mw835B17L._AC_UY218_.jpg,2025-09-04T08:44:28.033939,Description non disponible depuis la recherche,Stock non disponible,ISBN non disponible,Éditeur non disponible,Date non disponible,Nombre de pages non disponible,Rang de vente non disponible,Manga,23.0,,
La Forêt magique de Hoshigahara T1,https://www.amazon.fr/For%C3%AAt-magique-Hoshigahara-T1/dp/2810207747/ref=sr_1_356,"9,90 €",Hisae Iwaoka,"4,6 sur 5 étoiles, détails de l’évaluation",13,Broché,https://m.media-amazon.com/images/I/617U7hPrAkL._AC_UY218_.jpg,2025-09-04T08:44:28.036159,Description non disponible depuis la recherche,Stock non disponible,ISBN non disponible,Éditeur non disponible,Date non disponible,Nombre de pages non disponible,Rang de vente non disponible,Manga,23.0,,
Naruto Box Set 2: Volumes 28-48,https://www.amazon.fr/Naruto-Box-Set-Volumes-28-48/dp/1421580802/ref=sr_1_357,"140,44 €",Masashi Kishimoto,"4,8 sur 5 étoiles, détails de l’évaluation",1 727,Broché,https://m.media-amazon.com/images/I/81jRYbFeCCL._AC_UY218_.jpg,2025-09-04T08:44:28.038481,Description non disponible depuis la recherche,Stock non disponible,ISBN non disponible,Éditeur non disponible,Date non disponible,Nombre de pages non disponible,Rang de vente non disponible,Manga,23.0,,
Sand Land Perfect Edition,https://www.amazon.fr/Sand-Land-Perfect-Akira-Toriyama/dp/2344065369/ref=sr_1_358,"13,25 €",Akira Toriyama,"5,0 sur 5 étoiles, détails de l’évaluation",20,Broché,https://m.media-amazon.com/images/I/81gldZzKsvL._AC_UY218_.jpg,2025-09-04T08:44:28.040500,Description non disponible depuis la recherche,Stock non disponible,ISBN non disponible,Éditeur non disponible,Date non disponible,Nombre de pages non disponible,Rang de vente non disponible,Manga,23.0,,
"Nana, tome 8",https://www.amazon.fr/Nana-8-Ai-Yazawa/dp/284789358X/ref=sr_1_361,"7,29 €",Ai Yazawa,"4,9 sur 5 étoiles, détails de l’évaluation",135,Broché,https://m.media-amazon.com/images/I/81agqzLECBL._AC_UY218_.jpg,2025-09-04T08:44:28.049089,Description non disponible depuis la recherche,Stock non disponible,ISBN non disponible,Éditeur non disponible,Date non disponible,Nombre de pages non disponible,Rang de vente non disponible,Manga,23.0,,
Terroriser - La méthode Junji Ito,https://www.amazon.fr/Terroriser-m%C3%A9thode-Junji-Ito/dp/2382815841/ref=sr_1_362,"21,95 €",Junji Ito,"5,0 sur 5 étoiles, détails de l’évaluation",1,Broché,https://m.media-amazon.com/images/I/71Egb-+SL0L._AC_UY218_.jpg,2025-09-04T08:44:28.051826,Description non disponible depuis la recherche,Stock non disponible,ISBN non disponible,Éditeur non disponible,Date non disponible,Nombre de pages non disponible,Rang de vente non disponible,Manga,23.0,,
Dragon Ball - Full Color - Le roi démon Piccolo - Tome 03,https://www.amazon.fr/Dragon-Ball-Color-d%C3%A9mon-Piccolo/dp/2344068864/ref=sr_1_363,"14,95 €",Akira Toriyama,"3,0 sur 5 étoiles, détails de l’évaluation",1,Broché,https://m.media-amazon.com/images/I/81zykA2ljeL._AC_UY218_.jpg,2025-09-04T08:44:28.053850,Description non disponible depuis la recherche,Stock non disponible,ISBN non disponible,Éditeur non disponible,Date non disponible,Nombre de pages non disponible,Rang de vente non disponible,Manga,23.0,,
ILS ETAIENT DIX - T1 MANGA,https://www.amazon.fr/ILS-ETAIENT-DIX-T1-MANGA/dp/2889326144/ref=sr_1_364,"8,00 €",de Agatha Christie | 16 avril 2025,"5,0 sur 5 étoiles, détails de l’évaluation",1,Relié,https://m.media-amazon.com/images/I/812a1vh5E0L._AC_UY218_.jpg,2025-09-04T08:44:28.057081,Description non disponible depuis la recherche,Stock non disponible,ISBN non disponible,Éditeur non disponible,Date non disponible,Nombre de pages non disponible,Rang de vente non disponible,Manga,23.0,,
LE MONDE SELON SETCHAN,https://www.amazon.fr/monde-selon-Setchan-Tomoko-Oshima/dp/2353481795/ref=sr_1_366,"13,00 €",de Tomoko OSHIMA | 28 mai 2020,"4,2 sur 5 étoiles, détails de l’évaluation",10,Broché,https://m.media-amazon.com/images/I/71SPKkfDb2L._AC_UY218_.jpg,2025-09-04T08:44:28.062743,Description non disponible depuis la recherche,Stock non disponible,ISBN non disponible,Éditeur non disponible,Date non disponible,Nombre de pages non disponible,Rang de vente non disponible,Manga,23.0,,
True Beauty T10,https://www.amazon.fr/True-Beauty-T10-Yaongyi/dp/2382882360/ref=sr_1_367,"14,95 €",Yaongyi,"4,7 sur 5 étoiles, détails de l’évaluation",33,Broché,https://m.media-amazon.com/images/I/71StOemgt1L._AC_UY218_.jpg,2025-09-04T08:44:28.064839,Description non disponible depuis la recherche,Stock non disponible,ISBN non disponible,Éditeur non disponible,Date non disponible,Nombre de pages non disponible,Rang de vente non disponible,Manga,23.0,,
L'étranger du Zephyr - Tome 03 - Livre (Manga) - Yaoi - Hana Collection,https://www.amazon.fr/L%C3%A9tranger-Zephyr-Livre-Manga-Collection/dp/2368776125/ref=sr_1_368,"7,95 €",Kii Kanna,"4,8 sur 5 étoiles, détails de l’évaluation",124,Poche,https://m.media-amazon.com/images/I/71wN2purhmL._AC_UY218_.jpg,2025-09-04T08:44:28.067261,Description non disponible depuis la recherche,Stock non disponible,ISBN non disponible,Éditeur non disponible,Date non disponible,Nombre de pages non disponible,Rang de vente non disponible,Manga,23.0,,
Les deux lions - Livre (Manga) - Yaoi - Hana Collection,https://www.amazon.fr/deux-lions-Livre-Manga-Collection/dp/2368776869/ref=sr_1_369,"7,95 €",de Furuya Nagisa | 4 novembre 2019,"4,7 sur 5 étoiles, détails de l’évaluation",314,Poche,https://m.media-amazon.com/images/I/71vDEWwtI5L._AC_UY218_.jpg,2025-09-04T08:44:28.070341,Description non disponible depuis la recherche,Stock non disponible,ISBN non disponible,Éditeur non disponible,Date non disponible,Nombre de pages non disponible,Rang de vente non disponible,Manga,23.0,,
Coffret intégrale ALMA (Nouvelle édition),https://www.amazon.fr/Coffret-int%C3%A9grale-ALMA-Nouvelle-%C3%A9dition/dp/B0CBB1H292/ref=sr_1_371,"33,16 €",Shinji Mito,"5,0 sur 5 étoiles, détails de l’évaluation",7,Broché,https://m.media-amazon.com/images/I/711Z9TT11YL._AC_UY218_.jpg,2025-09-04T08:44:28.075469,Description non disponible depuis la recherche,Stock non disponible,ISBN non disponible,Éditeur non disponible,Date non disponible,Nombre de pages non disponible,Rang de vente non disponible,Manga,23.0,,
AO ASHI T29,https://www.amazon.fr/AO-ASHI-T29-Y%C3%BBgo-Kobayashi/dp/238281862X/ref=sr_1_372,"7,20 €",de Yûgo Kobayashi et Amira Zegrour | 2 juillet 2025,"5,0 sur 5 étoiles, détails de l’évaluation",1,Poche,https://m.media-amazon.com/images/I/81sDN6GuQ3L._AC_UY218_.jpg,2025-09-04T08:44:28.078301,Description non disponible depuis la recherche,Stock non disponible,ISBN non disponible,Éditeur non disponible,Date non disponible,Nombre de pages non disponible,Rang de vente non disponible,Manga,23.0,,
"RWBY: The Official Manga Anthology, Vol. 5: Shine",https://www.amazon.fr/RWBY-Official-Manga-Anthology-Shine/dp/1974723690/ref=sr_1_373,"11,69 €",Monty Oum,"4,8 sur 5 étoiles, détails de l’évaluation",329,Broché,https://m.media-amazon.com/images/I/81EjP4Hv85L._AC_UY218_.jpg,2025-09-04T08:44:28.080633,Description non disponible depuis la recherche,Stock non disponible,ISBN non disponible,Éditeur non disponible,Date non disponible,Nombre de pages non disponible,Rang de vente non disponible,Manga,23.0,,
Fairy Tail T18,https://www.amazon.fr/Fairy-Tail-Vol-18-MASHIMA-Hiro/dp/2811604634/ref=sr_1_374,"7,20 €",Hiro Mashima,"4,8 sur 5 étoiles, détails de l’évaluation",364,Broché,https://m.media-amazon.com/images/I/919qqBxM75L._AC_UY218_.jpg,2025-09-04T08:44:28.083299,Description non disponible depuis la recherche,Stock non disponible,ISBN non disponible,Éditeur non disponible,Date non disponible,Nombre de pages non disponible,Rang de vente non disponible,Manga,23.0,,
Fairy Tail T18,https://www.amazon.fr/Fairy-Tail-Vol-18-MASHIMA-Hiro/dp/2811604634/ref=sr_1_371,"7,20 €",Hiro Mashima,"4,8 sur 5 étoiles, détails de l’évaluation",364,Broché,https://m.media-amazon.com/images/I/919qqBxM75L._AC_UY218_.jpg,2025-09-04T08:44:37.823476,Description non disponible depuis la recherche,Stock non disponible,ISBN non disponible,Éditeur non disponible,Date non disponible,Nombre de pages non disponible,Rang de vente non disponible,Manga,24.0,,
True Beauty T11,https://www.amazon.fr/True-Beauty-T11-Yaongyi/dp/2382882379/ref=sr_1_372,"14,95 €",Yaongyi,"4,9 sur 5 étoiles, détails de l’évaluation",23,Broché,https://m.media-amazon.com/images/I/71jEcCbPPML._AC_UY218_.jpg,2025-09-04T08:44:37.825377,Description non disponible depuis la recherche,Stock non disponible,ISBN non disponible,Éditeur non disponible,Date non disponible,Nombre de pages non disponible,Rang de vente non disponible,Manga,24.0,,
Dragon Ball - Édition originale - Tome 02: Les Dragon Balls sont en danger !,https://www.amazon.fr/Dragon-Ball-Kamehameha-Akira-Toriyama/dp/272343463X/ref=sr_1_373,"7,20 €",Akira Toriyama,"4,8 sur 5 étoiles, détails de l’évaluation",561,Broché,https://m.media-amazon.com/images/I/81s18qCv5wL._AC_UY218_.jpg,2025-09-04T08:44:37.827432,Description non disponible depuis la recherche,Stock non disponible,ISBN non disponible,Éditeur non disponible,Date non disponible,Nombre de pages non disponible,Rang de vente non disponible,Manga,24.0,,
Demon Slayer T01,https://www.amazon.fr/Demon-Slayer-T01-Koyoharu-Gotouge/dp/2809482314/ref=sr_1_374,"7,29 €",Koyoharu Gotouge,"4,8 sur 5 étoiles, détails de l’évaluation",2 792,Broché,https://m.media-amazon.com/images/I/81jLaojdiyL._AC_UY218_.jpg,2025-09-04T08:44:37.830134,Description non disponible depuis la recherche,Stock non disponible,ISBN non disponible,Éditeur non disponible,Date non disponible,Nombre de pages non disponible,Rang de vente non disponible,Manga,24.0,,
Rainbow Ultimate T02,https://www.amazon.fr/Rainbow-Ultimate-T02-Masasumi-Kakizaki/dp/2820322352/ref=sr_1_377,"14,99 €",Masasumi Kakizaki,"4,8 sur 5 étoiles, détails de l’évaluation",31,Broché,https://m.media-amazon.com/images/I/91LQgekRA5L._AC_UY218_.jpg,2025-09-04T08:44:37.838027,Description non disponible depuis la recherche,Stock non disponible,ISBN non disponible,Éditeur non disponible,Date non disponible,Nombre de pages non disponible,Rang de vente non disponible,Manga,24.0,,
Blue Lock Season 1 Part 1 Manga Box Set,https://www.amazon.fr/Blue-Lock-Season-Part-Manga/dp/B0CZQ5GD57/ref=sr_1_378,"70,19 €",Muneyuki Kaneshiro,"4,9 sur 5 étoiles, détails de l’évaluation",142,Broché,https://m.media-amazon.com/images/I/81Wo3b3sNZL._AC_UY218_.jpg,2025-09-04T08:44:37.840263,Description non disponible depuis la recherche,Stock non disponible,ISBN non disponible,Éditeur non disponible,Date non disponible,Nombre de pages non disponible,Rang de vente non disponible,Manga,24.0,,
Death Note - Tome 2,https://www.amazon.fr/Death-note-Vol-2-%C3%94BA-Tsugumi/dp/2505000425/ref=sr_1_379,"7,30 €",Tsugumi Ohba,"4,8 sur 5 étoiles, détails de l’évaluation",864,Broché,https://m.media-amazon.com/images/I/81CNyr9MXmL._AC_UY218_.jpg,2025-09-04T08:44:37.843680,Description non disponible depuis la recherche,Stock non disponible,ISBN non disponible,Éditeur non disponible,Date non disponible,Nombre de pages non disponible,Rang de vente non disponible,Manga,24.0,,
Bleach - Tome 13: The undead,https://www.amazon.fr/Bleach-Vol-13-TITE-Kubo/dp/2723451313/ref=sr_1_380,"7,20 €",Tite Kubo,"4,9 sur 5 étoiles, détails de l’évaluation",120,Broché,https://m.media-amazon.com/images/I/51DOlJq8VxL._AC_UY218_.jpg,2025-09-04T08:44:37.846909,Description non disponible depuis la recherche,Stock non disponible,ISBN non disponible,Éditeur non disponible,Date non disponible,Nombre de pages non disponible,Rang de vente non disponible,Manga,24.0,,
Harem in the Fantasy World Dungeon - Tome 10,https://www.amazon.fr/Harem-Fantasy-World-Dungeon-10/dp/2382751827/ref=sr_1_382,"6,95 €","de Issei Hyouju, Shikidouji, et al. | 27 juin 2025","5,0 sur 5 étoiles, détails de l’évaluation",4,Poche,https://m.media-amazon.com/images/I/81mLtED9TRL._AC_UY218_.jpg,2025-09-04T08:44:37.852315,Description non disponible depuis la recherche,Stock non disponible,ISBN non disponible,Éditeur non disponible,Date non disponible,Nombre de pages non disponible,Rang de vente non disponible,Manga,24.0,,
Evol T03,https://www.amazon.fr/Evol-T03-Atsushi-Kaneko/dp/2413078673/ref=sr_1_383,"19,99 €",Atsushi Kaneko,"4,7 sur 5 étoiles, détails de l’évaluation",5,Relié,https://m.media-amazon.com/images/I/81jVdvx8yiL._AC_UY218_.jpg,2025-09-04T08:44:37.854917,Description non disponible depuis la recherche,Stock non disponible,ISBN non disponible,Éditeur non disponible,Date non disponible,Nombre de pages non disponible,Rang de vente non disponible,Manga,24.0,,
Détective Conan - Tome 23,https://www.amazon.fr/D%C3%A9tective-Conan-23-Gosho-Aoyama/dp/2871292590/ref=sr_1_384,"7,30 €",Gosho Aoyama,"4,8 sur 5 étoiles, détails de l’évaluation",126,Poche,https://m.media-amazon.com/images/I/81vjlCVP1tL._AC_UY218_.jpg,2025-09-04T08:44:37.857631,Description non disponible depuis la recherche,Stock non disponible,ISBN non disponible,Éditeur non disponible,Date non disponible,Nombre de pages non disponible,Rang de vente non disponible,Manga,24.0,,
Sexy Cosplay Doll - Tome 4,https://www.amazon.fr/Sexy-Cosplay-Doll-Shinichi-Fukuda/dp/2505084734/ref=sr_1_385,"8,10 €",Shinichi Fukuda,"4,9 sur 5 étoiles, détails de l’évaluation",235,Broché,https://m.media-amazon.com/images/I/81aaSRmSR0L._AC_UY218_.jpg,2025-09-04T08:44:37.859709,Description non disponible depuis la recherche,Stock non disponible,ISBN non disponible,Éditeur non disponible,Date non disponible,Nombre de pages non disponible,Rang de vente non disponible,Manga,24.0,,
Honey Lemon Soda T10,https://www.amazon.fr/Honey-Lemon-Soda-Mayu-Murata/dp/2384964232/ref=sr_1_387,"7,20 €",Mayu Murata,"5,0 sur 5 étoiles, détails de l’évaluation",1,Poche,https://m.media-amazon.com/images/I/81U-C5WsINL._AC_UY218_.jpg,2025-09-04T08:44:37.864992,Description non disponible depuis la recherche,Stock non disponible,ISBN non disponible,Éditeur non disponible,Date non disponible,Nombre de pages non disponible,Rang de vente non disponible,Manga,24.0,,
Blue Box T04,https://www.amazon.fr/Blue-Box-T04-Miura-Kouji/dp/2413078614/ref=sr_1_388,"7,29 €",de Miura Kouji | 27 septembre 2023,"4,9 sur 5 étoiles, détails de l’évaluation",19,Broché,https://m.media-amazon.com/images/I/81ROIT+mVhL._AC_UY218_.jpg,2025-09-04T08:44:37.868378,Description non disponible depuis la recherche,Stock non disponible,ISBN non disponible,Éditeur non disponible,Date non disponible,Nombre de pages non disponible,Rang de vente non disponible,Manga,24.0,,
Comme un manga: Tome 1,https://www.amazon.fr/Comme-manga-1-Elisabeth-Castel-ebook/dp/B0CQRGZ42C/ref=sr_1_389,"12,00 €",A.Elisabeth Castel,"4,6 sur 5 étoiles, détails de l’évaluation",58,Format Kindle,https://m.media-amazon.com/images/I/81N1klvuuYL._AC_UY218_.jpg,2025-09-04T08:44:37.870743,Description non disponible depuis la recherche,Stock non disponible,ISBN non disponible,Éditeur non disponible,Date non disponible,Nombre de pages non disponible,Rang de vente non disponible,Manga,24.0,,
Oshi no ko - T3 (3),https://www.amazon.fr/Oshi-no-ko-T3-3/dp/2380713065/ref=sr_1_390,"7,95 €",Aka Akasaka,"4,9 sur 5 étoiles, détails de l’évaluation",192,Poche,https://m.media-amazon.com/images/I/71A1XZsFC6L._AC_UY218_.jpg,2025-09-04T08:44:37.873315,Description non disponible depuis la recherche,Stock non disponible,ISBN non disponible,Éditeur non disponible,Date non disponible,Nombre de pages non disponible,Rang de vente non disponible,Manga,24.0,,
Fairy Tail T27,https://www.amazon.fr/Fairy-Tail-Vol-27-Hiro-Mashima/dp/2811606963/ref=sr_1_387,"7,20 €",Hiro Mashima,"4,9 sur 5 étoiles, détails de l’évaluation",269,Poche,https://m.media-amazon.com/images/I/918XwnEddhL._AC_UY218_.jpg,2025-09-04T08:44:46.322392,Description non disponible depuis la recherche,Stock non disponible,ISBN non disponible,Éditeur non disponible,Date non disponible,Nombre de pages non disponible,Rang de vente non disponible,Manga,25.0,,
Le retour du clan Hwasan - Tome 6,https://www.amazon.fr/retour-clan-Hwasan-Biga/dp/2749957141/ref=sr_1_388,"14,95 €",de Biga et Studio Lico | 15 mai 2025,"5,0 sur 5 étoiles, détails de l’évaluation",3,Poche,https://m.media-amazon.com/images/I/71PfCjKEPCL._AC_UY218_.jpg,2025-09-04T08:44:46.325040,Description non disponible depuis la recherche,Stock non disponible,ISBN non disponible,Éditeur non disponible,Date non disponible,Nombre de pages non disponible,Rang de vente non disponible,Manga,25.0,,
"Agenda Scolaire 2025–2026: Planificateur et Organisateur Scolaire Pour Primaire, Collège et Lycée | Parfait Pour Fille et Garçon | Thème manga | Reste Organisé et Motivé Toute L'année !",https://www.amazon.fr/Agenda-Scolaire-2025-2026-Planificateur-Organisateur/dp/B0FMNW5QM1/ref=sr_1_389,"13,60 €",de Tiago A | 9 août 2025,"2,0 sur 5 étoiles, détails de l’évaluation",1,Broché,https://m.media-amazon.com/images/I/71VfTDKz03L._AC_UY218_.jpg,2025-09-04T08:44:46.327470,Description non disponible depuis la recherche,Stock non disponible,ISBN non disponible,Éditeur non disponible,Date non disponible,Nombre de pages non disponible,Rang de vente non disponible,Manga,25.0,,
Elden ring become lord - Tome 1,https://www.amazon.fr/Elden-ring-become-lord-1/dp/2379509077/ref=sr_1_390,"19,00 €",de 21g et Hand Punch | 23 mai 2025,"4,6 sur 5 étoiles, détails de l’évaluation",3,Broché,https://m.media-amazon.com/images/I/81h0bV7arKL._AC_UY218_.jpg,2025-09-04T08:44:46.330468,Description non disponible depuis la recherche,Stock non disponible,ISBN non disponible,Éditeur non disponible,Date non disponible,Nombre de pages non disponible,Rang de vente non disponible,Manga,25.0,,
Death Note - Tome 3,https://www.amazon.fr/Death-note-Vol-3-%C3%94BA-Tsugumi/dp/2505000794/ref=sr_1_393,"7,30 €",Tsugumi Ohba,"4,8 sur 5 étoiles, détails de l’évaluation",818,Broché,https://m.media-amazon.com/images/I/91r3EHCzBUL._AC_UY218_.jpg,2025-09-04T08:44:46.339697,Description non disponible depuis la recherche,Stock non disponible,ISBN non disponible,Éditeur non disponible,Date non disponible,Nombre de pages non disponible,Rang de vente non disponible,Manga,25.0,,
One Piece - Blue Deep,https://www.amazon.fr/One-Piece-Blue-Eiichiro-Oda/dp/2723495639/ref=sr_1_394,"7,90 €",Eiichiro Oda,"4,7 sur 5 étoiles, détails de l’évaluation",244,Broché,https://m.media-amazon.com/images/I/91srdlDWbJL._AC_UY218_.jpg,2025-09-04T08:44:46.341798,Description non disponible depuis la recherche,Stock non disponible,ISBN non disponible,Éditeur non disponible,Date non disponible,Nombre de pages non disponible,Rang de vente non disponible,Manga,25.0,,
Naruto - Tome 37,https://www.amazon.fr/Naruto-Vol-37-KISHIMOTO-Masashi/dp/2505003785/ref=sr_1_395,"7,30 €",Masashi Kishimoto,"4,9 sur 5 étoiles, détails de l’évaluation",360,Broché,https://m.media-amazon.com/images/I/716PS01La2L._AC_UY218_.jpg,2025-09-04T08:44:46.344576,Description non disponible depuis la recherche,Stock non disponible,ISBN non disponible,Éditeur non disponible,Date non disponible,Nombre de pages non disponible,Rang de vente non disponible,Manga,25.0,,
Sakamoto Days - Tome 09,https://www.amazon.fr/Sakamoto-Days-09-Yuto-Suzuki/dp/2344055398/ref=sr_1_396,"7,20 €",Yuto Suzuki,"4,9 sur 5 étoiles, détails de l’évaluation",63,Poche,https://m.media-amazon.com/images/I/81ZdMmKvszL._AC_UY218_.jpg,2025-09-04T08:44:46.346841,Description non disponible depuis la recherche,Stock non disponible,ISBN non disponible,Éditeur non disponible,Date non disponible,Nombre de pages non disponible,Rang de vente non disponible,Manga,25.0,,
"Berserk of Gluttony T06 - Manga: Berserk of Gluttony Manga, T6",https://www.amazon.fr/Berserk-Gluttony-T06-Manga-T6-ebook/dp/B0CRVV4DKH/ref=sr_1_398,"8,00 €","de Ichika Isshiki, Daisuke Takino, et al. | 26 janvier 2024","4,7 sur 5 étoiles, détails de l’évaluation",73,Format Kindle,https://m.media-amazon.com/images/I/71LC-mI+d2L._AC_UY218_.jpg,2025-09-04T08:44:46.352483,Description non disponible depuis la recherche,Stock non disponible,ISBN non disponible,Éditeur non disponible,Date non disponible,Nombre de pages non disponible,Rang de vente non disponible,Manga,25.0,,
Programme 8 semaines pour arrêter de manger mes émotions !: La méthode Isabelle Minceur,https://www.amazon.fr/Programme-semaines-arr%C3%AAter-manger-%C3%A9motions/dp/2036062164/ref=sr_1_399,"16,95 €",Isabelle Veverka,"4,4 sur 5 étoiles, détails de l’évaluation",79,Broché,https://m.media-amazon.com/images/I/717C6lnMeQL._AC_UY218_.jpg,2025-09-04T08:44:46.355084,Description non disponible depuis la recherche,Stock non disponible,ISBN non disponible,Éditeur non disponible,Date non disponible,Nombre de pages non disponible,Rang de vente non disponible,Manga,25.0,,
L'Attaque des Titans T24,https://www.amazon.fr/LAttaque-Titans-T24-Hajime-Isayama/dp/281163990X/ref=sr_1_400,"7,20 €",Hajime Isayama,"4,9 sur 5 étoiles, détails de l’évaluation",623,Poche,https://m.media-amazon.com/images/I/81hHoV9q2FL._AC_UY218_.jpg,2025-09-04T08:44:46.357561,Description non disponible depuis la recherche,Stock non disponible,ISBN non disponible,Éditeur non disponible,Date non disponible,Nombre de pages non disponible,Rang de vente non disponible,Manga,25.0,,
Sasaki et Miyano - Tome 8 (VF),https://www.amazon.fr/Sasaki-Miyano-VF-Shou-Harusono/dp/2382124571/ref=sr_1_401,"7,95 €",Shou Harusono,"4,9 sur 5 étoiles, détails de l’évaluation",45,Poche,https://m.media-amazon.com/images/I/7144XBdCREL._AC_UY218_.jpg,2025-09-04T08:44:46.360171,Description non disponible depuis la recherche,Stock non disponible,ISBN non disponible,Éditeur non disponible,Date non disponible,Nombre de pages non disponible,Rang de vente non disponible,Manga,25.0,,
Lili-Men T05,https://www.amazon.fr/Lili-Men-T05-Takuma-Tokashiki/dp/B0DHBXTX3Y/ref=sr_1_403,"7,95 €",de Takuma Tokashiki | 4 septembre 2025,Note non disponible,0 avis,Broché,https://m.media-amazon.com/images/I/61+EAQAOx1L._AC_UY218_.jpg,2025-09-04T08:44:46.366734,Description non disponible depuis la recherche,Stock non disponible,ISBN non disponible,Éditeur non disponible,Date non disponible,Nombre de pages non disponible,Rang de vente non disponible,Manga,25.0,,
Naruto - Tome 68,https://www.amazon.fr/Naruto-Vol-68-KISHIMOTO-Masashi/dp/250506167X/ref=sr_1_404,"7,30 €",Masashi Kishimoto,"4,8 sur 5 étoiles, détails de l’évaluation",392,Broché,https://m.media-amazon.com/images/I/81RIozg6jeL._AC_UY218_.jpg,2025-09-04T08:44:46.369497,Description non disponible depuis la recherche,Stock non disponible,ISBN non disponible,Éditeur non disponible,Date non disponible,Nombre de pages non disponible,Rang de vente non disponible,Manga,25.0,,
Ascension T06,https://www.amazon.fr/Ascension-Vol-6-SAKAMOTO-ShinIchi/dp/2756020478/ref=sr_1_405,"8,50 €",de SAKAMOTO-S | 17 août 2011,"4,8 sur 5 étoiles, détails de l’évaluation",37,Broché,https://m.media-amazon.com/images/I/81nyk4tg13S._AC_UY218_.jpg,2025-09-04T08:44:46.372686,Description non disponible depuis la recherche,Stock non disponible,ISBN non disponible,Éditeur non disponible,Date non disponible,Nombre de pages non disponible,Rang de vente non disponible,Manga,25.0,,
Promise Cinderella - Tome 02,https://www.amazon.fr/Promise-Cinderella-02-Oreco-Tachibana/dp/234406544X/ref=sr_1_406,"7,90 €",Oreco Tachibana,"4,4 sur 5 étoiles, détails de l’évaluation",6,Poche,https://m.media-amazon.com/images/I/71wmRzoCcYL._AC_UY218_.jpg,2025-09-04T08:44:46.375194,Description non disponible depuis la recherche,Stock non disponible,ISBN non disponible,Éditeur non disponible,Date non disponible,Nombre de pages non disponible,Rang de vente non disponible,Manga,25.0,,
One-Punch Man - T5,https://www.amazon.fr/One-Punch-Man-T5-ONE/dp/2368523774/ref=sr_1_403,"7,30 €",Yusuke Murata,"4,8 sur 5 étoiles, détails de l’évaluation",648,Tankobon broché,https://m.media-amazon.com/images/I/71mh5rp5REL._AC_UY218_.jpg,2025-09-04T08:44:57.904122,Description non disponible depuis la recherche,Stock non disponible,ISBN non disponible,Éditeur non disponible,Date non disponible,Nombre de pages non disponible,Rang de vente non disponible,Manga,26.0,,
Détective Conan - Tome 9,https://www.amazon.fr/D%C3%A9tective-Conan-9-Gosho-Aoyama/dp/2871291802/ref=sr_1_404,"7,30 €",Gosho Aoyama,"4,8 sur 5 étoiles, détails de l’évaluation",306,Poche,https://m.media-amazon.com/images/I/719gTku8SQL._AC_UY218_.jpg,2025-09-04T08:44:57.907044,Description non disponible depuis la recherche,Stock non disponible,ISBN non disponible,Éditeur non disponible,Date non disponible,Nombre de pages non disponible,Rang de vente non disponible,Manga,26.0,,
Asakiyumemishi - Le Dit du Genji T03,https://www.amazon.fr/Asakiyumemishi-Dit-du-Genji-T03/dp/B0DSPGZLS4/ref=sr_1_405,"19,99 €",Waki Yamato,Note non disponible,0 avis,Broché,https://m.media-amazon.com/images/I/81pVKxjP9wL._AC_UY218_.jpg,2025-09-04T08:44:57.910506,Description non disponible depuis la recherche,Stock non disponible,ISBN non disponible,Éditeur non disponible,Date non disponible,Nombre de pages non disponible,Rang de vente non disponible,Manga,26.0,,
COUTEAU ET PIMENT VERT VOL.3,https://www.amazon.fr/COUTEAU-PIMENT-VERT-VOL-3-ISOYA/dp/235348378X/ref=sr_1_406,"8,50 €",de YUKI ISOYA | 23 octobre 2024,"5,0 sur 5 étoiles, détails de l’évaluation",3,Poche,https://m.media-amazon.com/images/I/81Ry61POxYL._AC_UY218_.jpg,2025-09-04T08:44:57.913048,Description non disponible depuis la recherche,Stock non disponible,ISBN non disponible,Éditeur non disponible,Date non disponible,Nombre de pages non disponible,Rang de vente non disponible,Manga,26.0,,
Dr. Stone - Tome 10,https://www.amazon.fr/Dr-Stone-10-Riichir%C3%B4-Inagaki/dp/2344039694/ref=sr_1_409,"7,20 €",Riichirô Inagaki,"4,9 sur 5 étoiles, détails de l’évaluation",489,Broché,https://m.media-amazon.com/images/I/91YVf55ZSnL._AC_UY218_.jpg,2025-09-04T08:44:57.921974,Description non disponible depuis la recherche,Stock non disponible,ISBN non disponible,Éditeur non disponible,Date non disponible,Nombre de pages non disponible,Rang de vente non disponible,Manga,26.0,,
"Comme une famille T01: Comme une famille, T1",https://www.amazon.fr/Comme-une-famille-T01-T1-ebook/dp/B0D8VYF83C/ref=sr_1_410,Prix non disponible,Kai Asou,"4,6 sur 5 étoiles, détails de l’évaluation",47,Format Kindle,https://m.media-amazon.com/images/I/71HJ2lEuQHL._AC_UY218_.jpg,2025-09-04T08:44:57.925076,Description non disponible depuis la recherche,Stock non disponible,ISBN non disponible,Éditeur non disponible,Date non disponible,Nombre de pages non disponible,Rang de vente non disponible,Manga,26.0,,
Sushi Ichi Tome 3,https://www.amazon.fr/Sushi-Ichi-3-Etsushi-Ogawa/dp/2380463816/ref=sr_1_411,"8,90 €",de Etsushi Ogawa | 27 août 2025,Note non disponible,0 avis,Poche,https://m.media-amazon.com/images/I/61ccXwtLm1L._AC_UY218_.jpg,2025-09-04T08:44:57.927702,Description non disponible depuis la recherche,Stock non disponible,ISBN non disponible,Éditeur non disponible,Date non disponible,Nombre de pages non disponible,Rang de vente non disponible,Manga,26.0,,
Nana T18,https://www.amazon.fr/Nana-Vol-18-YAZAWA-Ai/dp/2756013595/ref=sr_1_412,"8,50 €",de YAZAWA-A | 12 mars 2008,"4,9 sur 5 étoiles, détails de l’évaluation",118,Broché,https://m.media-amazon.com/images/I/81ZEc0YWMfL._AC_UY218_.jpg,2025-09-04T08:44:57.930936,Description non disponible depuis la recherche,Stock non disponible,ISBN non disponible,Éditeur non disponible,Date non disponible,Nombre de pages non disponible,Rang de vente non disponible,Manga,26.0,,
The Cave King - vol. 07,https://www.amazon.fr/Cave-King-vol-07/dp/B0F2LLF3KQ/ref=sr_1_414,"7,50 €",de Hajime NAEHARA et DEMISE Takao | 2 juillet 2025,"5,0 sur 5 étoiles, détails de l’évaluation",13,Poche,https://m.media-amazon.com/images/I/81whODI7JYL._AC_UY218_.jpg,2025-09-04T08:44:57.936579,Description non disponible depuis la recherche,Stock non disponible,ISBN non disponible,Éditeur non disponible,Date non disponible,Nombre de pages non disponible,Rang de vente non disponible,Manga,26.0,,
Metamorphosis,https://www.amazon.fr/Metamorphosis-Shindo-L/dp/1634420608/ref=sr_1_415,"21,47 €",Édition en Anglais | de Shindo L | 18 mai 2017,"4,7 sur 5 étoiles, détails de l’évaluation",1 019,Broché,https://m.media-amazon.com/images/I/811iuye+KEL._AC_UY218_.jpg,2025-09-04T08:44:57.939431,Description non disponible depuis la recherche,Stock non disponible,ISBN non disponible,Éditeur non disponible,Date non disponible,Nombre de pages non disponible,Rang de vente non disponible,Manga,26.0,,
Livre De Coloriage Anime & Manga: Livre d’illustrations mettant en avant des figures expressives et des scènes inspirées de la bande dessinée japonaise.,https://www.amazon.fr/Livre-Coloriage-Anime-Manga-dillustrations/dp/B0FMP6NGQP/ref=sr_1_416,"11,99 €",Ode Mann Éditions,Note non disponible,0 avis,Broché,https://m.media-amazon.com/images/I/71ZQGKBvDgL._AC_UY218_.jpg,2025-09-04T08:44:57.941663,Description non disponible depuis la recherche,Stock non disponible,ISBN non disponible,Éditeur non disponible,Date non disponible,Nombre de pages non disponible,Rang de vente non disponible,Manga,26.0,,
Toilet-bound Hanako-kun T19,https://www.amazon.fr/Toilet-bound-Hanako-kun-T19-AidaIro/dp/2811690190/ref=sr_1_417,"7,70 €",AidaIro,"4,8 sur 5 étoiles, détails de l’évaluation",28,Poche,https://m.media-amazon.com/images/I/81OQ2qGTxHL._AC_UY218_.jpg,2025-09-04T08:44:57.944615,Description non disponible depuis la recherche,Stock non disponible,ISBN non disponible,Éditeur non disponible,Date non disponible,Nombre de pages non disponible,Rang de vente non disponible,Manga,26.0,,
Sailor Moon T02,https://www.amazon.fr/Sailor-Moon-Pretty-Guardian-Vol-2/dp/2811607145/ref=sr_1_419,"7,20 €",Naoko Takeuchi,"4,8 sur 5 étoiles, détails de l’évaluation",438,Poche,https://m.media-amazon.com/images/I/81sscKePDlL._AC_UY218_.jpg,2025-09-04T08:44:57.950011,Description non disponible depuis la recherche,Stock non disponible,ISBN non disponible,Éditeur non disponible,Date non disponible,Nombre de pages non disponible,Rang de vente non disponible,Manga,26.0,,
ILS ETAIENT DIX - T2 MANGA,https://www.amazon.fr/ILS-ETAIENT-DIX-T2-MANGA/dp/2889326152/ref=sr_1_420,"8,00 €",Agatha Christie,"4,7 sur 5 étoiles, détails de l’évaluation",3,Relié,https://m.media-amazon.com/images/I/81Jr869N4cL._AC_UY218_.jpg,2025-09-04T08:44:57.952892,Description non disponible depuis la recherche,Stock non disponible,ISBN non disponible,Éditeur non disponible,Date non disponible,Nombre de pages non disponible,Rang de vente non disponible,Manga,26.0,,
Dragon Ball - Édition originale - Tome 08: Son Gokû passe à l'attaque,https://www.amazon.fr/Dragon-Ball-8-Akira-Toriyama/dp/2723446883/ref=sr_1_421,"7,20 €",Akira Toriyama,"4,8 sur 5 étoiles, détails de l’évaluation",340,Broché,https://m.media-amazon.com/images/I/81MAOfkRJ3L._AC_UY218_.jpg,2025-09-04T08:44:57.955145,Description non disponible depuis la recherche,Stock non disponible,ISBN non disponible,Éditeur non disponible,Date non disponible,Nombre de pages non disponible,Rang de vente non disponible,Manga,26.0,,
LE VENDEUR DU MAGASIN DE VELOS VOL.3,https://www.amazon.fr/VENDEUR-DU-MAGASIN-VELOS-VOL-3/dp/2353483038/ref=sr_1_422,"8,50 €",de ARARE MATSUMUSHI | 3 janvier 2024,"4,4 sur 5 étoiles, détails de l’évaluation",9,Poche,https://m.media-amazon.com/images/I/815JwlJYzPL._AC_UY218_.jpg,2025-09-04T08:44:57.957928,Description non disponible depuis la recherche,Stock non disponible,ISBN non disponible,Éditeur non disponible,Date non disponible,Nombre de pages non disponible,Rang de vente non disponible,Manga,26.0,,
Dragon Ball - Édition originale - Tome 08: Son Gokû passe à l'attaque,https://www.amazon.fr/Dragon-Ball-8-Akira-Toriyama/dp/2723446883/ref=sr_1_419,"7,20 €",Akira Toriyama,"4,8 sur 5 étoiles, détails de l’évaluation",340,Broché,https://m.media-amazon.com/images/I/81MAOfkRJ3L._AC_UY218_.jpg,2025-09-04T08:45:09.864131,Description non disponible depuis la recherche,Stock non disponible,ISBN non disponible,Éditeur non disponible,Date non disponible,Nombre de pages non disponible,Rang de vente non disponible,Manga,27.0,,
LE VENDEUR DU MAGASIN DE VELOS VOL.3,https://www.amazon.fr/VENDEUR-DU-MAGASIN-VELOS-VOL-3/dp/2353483038/ref=sr_1_420,"8,50 €",de ARARE MATSUMUSHI | 3 janvier 2024,"4,4 sur 5 étoiles, détails de l’évaluation",9,Poche,https://m.media-amazon.com/images/I/815JwlJYzPL._AC_UY218_.jpg,2025-09-04T08:45:09.866638,Description non disponible depuis la recherche,Stock non disponible,ISBN non disponible,Éditeur non disponible,Date non disponible,Nombre de pages non disponible,Rang de vente non disponible,Manga,27.0,,
LE VENDEUR DU MAGASIN DE VELOS VOL.2,https://www.amazon.fr/VENDEUR-DU-MAGASIN-VELOS-VOL-2/dp/235348302X/ref=sr_1_421,"8,50 €",de ARARE MATSUMUSHI | 11 octobre 2023,"5,0 sur 5 étoiles, détails de l’évaluation",5,Poche,https://m.media-amazon.com/images/I/81RUYlKMcjL._AC_UY218_.jpg,2025-09-04T08:45:09.869352,Description non disponible depuis la recherche,Stock non disponible,ISBN non disponible,Éditeur non disponible,Date non disponible,Nombre de pages non disponible,Rang de vente non disponible,Manga,27.0,,
"Moi, quand je me réincarne en Slime - tome 03 (3)",https://www.amazon.fr/Moi-quand-r%C3%A9incarne-Slime-03/dp/2368526269/ref=sr_1_422,"7,95 €","de Taiki Kawakami, Mitz Vah, et al. | 8 mars 2018","4,8 sur 5 étoiles, détails de l’évaluation",339,Tankobon broché,https://m.media-amazon.com/images/I/71hBzSU9RwL._AC_UY218_.jpg,2025-09-04T08:45:09.873190,Description non disponible depuis la recherche,Stock non disponible,ISBN non disponible,Éditeur non disponible,Date non disponible,Nombre de pages non disponible,Rang de vente non disponible,Manga,27.0,,
Naruto - Tome 52,https://www.amazon.fr/Naruto-Vol-52-Masashi-Kishimoto/dp/2505010617/ref=sr_1_425,"7,30 €",Masashi Kishimoto,"4,8 sur 5 étoiles, détails de l’évaluation",359,Broché,https://m.media-amazon.com/images/I/91vouAkQl3L._AC_UY218_.jpg,2025-09-04T08:45:09.882685,Description non disponible depuis la recherche,Stock non disponible,ISBN non disponible,Éditeur non disponible,Date non disponible,Nombre de pages non disponible,Rang de vente non disponible,Manga,27.0,,
Kaiju N°8 T03,https://www.amazon.fr/Kaiju-N%C2%B08-T03-Naoya-Matsumoto/dp/2820343090/ref=sr_1_426,"7,15 €",de Naoya Matsumoto | 2 février 2022,"4,9 sur 5 étoiles, détails de l’évaluation",706,Broché,https://m.media-amazon.com/images/I/81fpcvwbYDL._AC_UY218_.jpg,2025-09-04T08:45:09.885932,Description non disponible depuis la recherche,Stock non disponible,ISBN non disponible,Éditeur non disponible,Date non disponible,Nombre de pages non disponible,Rang de vente non disponible,Manga,27.0,,
"Berserk of Gluttony T02 - Manga: Berserk of Gluttony Manga, T2",https://www.amazon.fr/Berserk-Gluttony-T02-Manga-T2-ebook/dp/B0CPPLFWCX/ref=sr_1_427,"8,00 €",Ichika Isshiki,"4,7 sur 5 étoiles, détails de l’évaluation",125,Format Kindle,https://m.media-amazon.com/images/I/81rXrz1NEWL._AC_UY218_.jpg,2025-09-04T08:45:09.888153,Description non disponible depuis la recherche,Stock non disponible,ISBN non disponible,Éditeur non disponible,Date non disponible,Nombre de pages non disponible,Rang de vente non disponible,Manga,27.0,,
The Water Magician (Manga): Volume 4 (English Edition),https://www.amazon.fr/Water-Magician-Manga-English-ebook/dp/B0DYGB7LNB/ref=sr_1_428,"8,59 €",Tadashi Kubou,"4,6 sur 5 étoiles, détails de l’évaluation",50,Format Kindle,https://m.media-amazon.com/images/I/81pwuMr7RUL._AC_UY218_.jpg,2025-09-04T08:45:09.890202,Description non disponible depuis la recherche,Stock non disponible,ISBN non disponible,Éditeur non disponible,Date non disponible,Nombre de pages non disponible,Rang de vente non disponible,Manga,27.0,,
"Moi, quand je me réincarne en Slime - Tome 25",https://www.amazon.fr/Moi-quand-r%C3%A9incarne-Slime-25/dp/B0D6YFX1VP/ref=sr_1_430,"7,95 €",Fuse,"4,7 sur 5 étoiles, détails de l’évaluation",49,Poche,https://m.media-amazon.com/images/I/71lg9i+wMML._AC_UY218_.jpg,2025-09-04T08:45:09.896416,Description non disponible depuis la recherche,Stock non disponible,ISBN non disponible,Éditeur non disponible,Date non disponible,Nombre de pages non disponible,Rang de vente non disponible,Manga,27.0,,
Boruto - Naruto next generations - Tome 9,https://www.amazon.fr/Boruto-Naruto-next-generations-9/dp/2505080674/ref=sr_1_431,"7,30 €",Ukyo Kodachi,"4,8 sur 5 étoiles, détails de l’évaluation",623,Broché,https://m.media-amazon.com/images/I/81C0H236yjL._AC_UY218_.jpg,2025-09-04T08:45:09.899175,Description non disponible depuis la recherche,Stock non disponible,ISBN non disponible,Éditeur non disponible,Date non disponible,Nombre de pages non disponible,Rang de vente non disponible,Manga,27.0,,
Dragon & Caméléon T01,https://www.amazon.fr/Dragon-Cam%C3%A9l%C3%A9on-T01-Ryo-Ishiyama/dp/B0DX5B6LN5/ref=sr_1_432,"7,95 €",Ryo Ishiyama,"4,0 sur 5 étoiles, détails de l’évaluation",1,Poche,https://m.media-amazon.com/images/I/71v46oirrYL._AC_UY218_.jpg,2025-09-04T08:45:09.901232,Description non disponible depuis la recherche,Stock non disponible,ISBN non disponible,Éditeur non disponible,Date non disponible,Nombre de pages non disponible,Rang de vente non disponible,Manga,27.0,,
Mécanique du point - Guides manga,https://www.amazon.fr/M%C3%A9canique-du-point-Collectif/dp/2351413385/ref=sr_1_433,"17,99 €",Hideo Nitta,"4,5 sur 5 étoiles, détails de l’évaluation",24,Broché,https://m.media-amazon.com/images/I/81H-2RhiOFL._AC_UY218_.jpg,2025-09-04T08:45:09.903310,Description non disponible depuis la recherche,Stock non disponible,ISBN non disponible,Éditeur non disponible,Date non disponible,Nombre de pages non disponible,Rang de vente non disponible,Manga,27.0,,
Splatoon - La Contrée Clabousse T01,https://www.amazon.fr/Splatoon-Contr%C3%A9e-Clabousse-Sankichi-Hinodeya/dp/2302101324/ref=sr_1_435,"8,50 €",Sankichi Hinodeya,"4,8 sur 5 étoiles, détails de l’évaluation",55,Broché,https://m.media-amazon.com/images/I/81Od0Vb7B0L._AC_UY218_.jpg,2025-09-04T08:45:09.909854,Description non disponible depuis la recherche,Stock non disponible,ISBN non disponible,Éditeur non disponible,Date non disponible,Nombre de pages non disponible,Rang de vente non disponible,Manga,27.0,,
"Le XXe siècle en manga, Tome 03: Le XXème siècle après 1960",https://www.amazon.fr/XXe-si%C3%A8cle-manga-03-XX%C3%A8me/dp/B0BRS6YG29/ref=sr_1_436,"13,50 €",de Marie VILLENEUVE | 26 avril 2023,"4,9 sur 5 étoiles, détails de l’évaluation",21,Broché,https://m.media-amazon.com/images/I/71RYe+xbMoL._AC_UY218_.jpg,2025-09-04T08:45:09.912581,Description non disponible depuis la recherche,Stock non disponible,ISBN non disponible,Éditeur non disponible,Date non disponible,Nombre de pages non disponible,Rang de vente non disponible,Manga,27.0,,
Le Prince alchimiste - vol. 04,https://www.amazon.fr/Prince-alchimiste-vol-04/dp/B0C7Z7BD2C/ref=sr_1_437,"7,50 €",de Rui TSUKIYO et S. Kosugi | 6 décembre 2023,"4,8 sur 5 étoiles, détails de l’évaluation",20,Poche,https://m.media-amazon.com/images/I/81wvcRnt+oL._AC_UY218_.jpg,2025-09-04T08:45:09.915345,Description non disponible depuis la recherche,Stock non disponible,ISBN non disponible,Éditeur non disponible,Date non disponible,Nombre de pages non disponible,Rang de vente non disponible,Manga,27.0,,
Vertical - Tome 18,https://www.amazon.fr/Vertical-18-Shinichi-Ishizuka/dp/2344018328/ref=sr_1_438,"7,90 €",Shinichi Ishizuka,"5,0 sur 5 étoiles, détails de l’évaluation",8,Broché,https://m.media-amazon.com/images/I/81M9+EkqMxL._AC_UY218_.jpg,2025-09-04T08:45:09.918669,Description non disponible depuis la recherche,Stock non disponible,ISBN non disponible,Éditeur non disponible,Date non disponible,Nombre de pages non disponible,Rang de vente non disponible,Manga,27.0,,
Vertical - Tome 18,https://www.amazon.fr/Vertical-18-Shinichi-Ishizuka/dp/2344018328/ref=sr_1_435,"7,90 €",Shinichi Ishizuka,"5,0 sur 5 étoiles, détails de l’évaluation",8,Broché,https://m.media-amazon.com/images/I/81M9+EkqMxL._AC_UY218_.jpg,2025-09-04T08:45:20.535355,Description non disponible depuis la recherche,Stock non disponible,ISBN non disponible,Éditeur non disponible,Date non disponible,Nombre de pages non disponible,Rang de vente non disponible,Manga,28.0,,
Pourquoi j'ai mangé mon père,https://www.amazon.fr/Pourquoi-jai-mang%C3%A9-mon-p%C3%A8re/dp/2330165722/ref=sr_1_436,"4,95 €",Roy Lewis,"4,3 sur 5 étoiles, détails de l’évaluation",536,Poche,https://m.media-amazon.com/images/I/41fMRqmDprL._AC_UY218_.jpg,2025-09-04T08:45:20.538470,Description non disponible depuis la recherche,Stock non disponible,ISBN non disponible,Éditeur non disponible,Date non disponible,Nombre de pages non disponible,Rang de vente non disponible,Manga,28.0,,
"La Marchande d'Esprits T01: La Marchande d'Esprits, T1",https://www.amazon.fr/Marchande-dEsprits-T01-T1-ebook/dp/B0F79K2X7X/ref=sr_1_437,Prix non disponible,de Jun Shiraishi et Marina Bonzi | 9 mai 2025,"4,7 sur 5 étoiles, détails de l’évaluation",33,Format Kindle,https://m.media-amazon.com/images/I/812sveRurJL._AC_UY218_.jpg,2025-09-04T08:45:20.541275,Description non disponible depuis la recherche,Stock non disponible,ISBN non disponible,Éditeur non disponible,Date non disponible,Nombre de pages non disponible,Rang de vente non disponible,Manga,28.0,,
The Legend of Zelda - Twilight Princess T01,https://www.amazon.fr/Legend-Zelda-Twilight-Princess-T01/dp/2302056388/ref=sr_1_438,"8,50 €",de Akira Himekawa | 25 janvier 2017,"4,8 sur 5 étoiles, détails de l’évaluation",854,Broché,https://m.media-amazon.com/images/I/817KCg3GcbL._AC_UY218_.jpg,2025-09-04T08:45:20.544561,Description non disponible depuis la recherche,Stock non disponible,ISBN non disponible,Éditeur non disponible,Date non disponible,Nombre de pages non disponible,Rang de vente non disponible,Manga,28.0,,
Evol T09,https://www.amazon.fr/Evol-T09-Atsushi-Kaneko/dp/2413089330/ref=sr_1_441,"19,99 €",Atsushi Kaneko,Note non disponible,0 avis,Broché,https://m.media-amazon.com/images/I/71zjTkzEPqL._AC_UY218_.jpg,2025-09-04T08:45:20.552453,Description non disponible depuis la recherche,Stock non disponible,ISBN non disponible,Éditeur non disponible,Date non disponible,Nombre de pages non disponible,Rang de vente non disponible,Manga,28.0,,
TATA le chat - Tome 2 Webtoon (2),https://www.amazon.fr/TATA-chat-2-Webtoon/dp/2487488093/ref=sr_1_442,"9,95 €","de Suwan Kim, Subin Kim, et al. | 21 août 2025",Note non disponible,0 avis,Poche,https://m.media-amazon.com/images/I/71oT07UYV7L._AC_UY218_.jpg,2025-09-04T08:45:20.555061,Description non disponible depuis la recherche,Stock non disponible,ISBN non disponible,Éditeur non disponible,Date non disponible,Nombre de pages non disponible,Rang de vente non disponible,Manga,28.0,,
"Pan'Pan Panda, une vie en douceur T02",https://www.amazon.fr/PanPan-Panda-une-vie-douceur/dp/2384961276/ref=sr_1_443,"10,90 €",Sato Horokura,"4,6 sur 5 étoiles, détails de l’évaluation",48,Poche,https://m.media-amazon.com/images/I/71ElN1qWsrL._AC_UY218_.jpg,2025-09-04T08:45:20.557586,Description non disponible depuis la recherche,Stock non disponible,ISBN non disponible,Éditeur non disponible,Date non disponible,Nombre de pages non disponible,Rang de vente non disponible,Manga,28.0,,
The Captured Lady Knight is Adored by the Enemy General (Romance Manga) (English Edition),https://www.amazon.fr/Captured-Knight-General-Romance-English-ebook/dp/B0DM5818MV/ref=sr_1_444,"5,00 €",Édition en Anglais | de USA USAMIYA et KOMIKA OKANO | 13 novembre 2024,"3,8 sur 5 étoiles, détails de l’évaluation",46,Format Kindle,https://m.media-amazon.com/images/I/81qT5HI5guL._AC_UY218_.jpg,2025-09-04T08:45:20.559976,Description non disponible depuis la recherche,Stock non disponible,ISBN non disponible,Éditeur non disponible,Date non disponible,Nombre de pages non disponible,Rang de vente non disponible,Manga,28.0,,
L'Attaque des Titans T31,https://www.amazon.fr/LAttaque-Titans-T31-Hajime-Isayama/dp/2811655999/ref=sr_1_446,"7,20 €",Hajime Isayama,"4,9 sur 5 étoiles, détails de l’évaluation",1 078,Poche,https://m.media-amazon.com/images/I/81G5sU8ulOL._AC_UY218_.jpg,2025-09-04T08:45:20.565529,Description non disponible depuis la recherche,Stock non disponible,ISBN non disponible,Éditeur non disponible,Date non disponible,Nombre de pages non disponible,Rang de vente non disponible,Manga,28.0,,
Pokémon Ecarlate et Violet - tome 3,https://www.amazon.fr/Pok%C3%A9mon-Ecarlate-Violet-Hidenori-Kusaka/dp/B0F595L8D7/ref=sr_1_447,"7,30 €","de Hidenori Kusaka, Satoshi Yamamoto, et al. | 18 septembre 2025",Note non disponible,0 avis,Poche,https://m.media-amazon.com/images/I/71wSbjLNKoL._AC_UY218_.jpg,2025-09-04T08:45:20.568293,Description non disponible depuis la recherche,Stock non disponible,ISBN non disponible,Éditeur non disponible,Date non disponible,Nombre de pages non disponible,Rang de vente non disponible,Manga,28.0,,
Stitch - Aventures à Okinawa,https://www.amazon.fr/Stitch-Aventures-Okinawa-Miho-Asada/dp/2384960083/ref=sr_1_448,"7,50 €",Miho Asada,"4,7 sur 5 étoiles, détails de l’évaluation",92,Poche,https://m.media-amazon.com/images/I/81EsfzWSdlL._AC_UY218_.jpg,2025-09-04T08:45:20.570381,Description non disponible depuis la recherche,Stock non disponible,ISBN non disponible,Éditeur non disponible,Date non disponible,Nombre de pages non disponible,Rang de vente non disponible,Manga,28.0,,
"Saint Seiya - Time Odyssey - Tome 4 / Edition spéciale, Collector",https://www.amazon.fr/Saint-Seiya-Time-Odyssey-4/dp/250513572X/ref=sr_1_449,"34,90 €",de Alquie Jérôme et Dollen Arnaud | 14 novembre 2025,Note non disponible,0 avis,Broché,https://m.media-amazon.com/images/I/71waZFz2i5L._AC_UY218_.jpg,2025-09-04T08:45:20.573084,Description non disponible depuis la recherche,Stock non disponible,ISBN non disponible,Éditeur non disponible,Date non disponible,Nombre de pages non disponible,Rang de vente non disponible,Manga,28.0,,
Kaiju N°8 T04,https://www.amazon.fr/Kaiju-N%C2%B08-T04-Naoya-Matsumoto/dp/2820343104/ref=sr_1_451,"7,15 €",de Naoya Matsumoto | 6 avril 2022,"4,9 sur 5 étoiles, détails de l’évaluation",594,Poche,https://m.media-amazon.com/images/I/71TmZZGk8ML._AC_UY218_.jpg,2025-09-04T08:45:20.579274,Description non disponible depuis la recherche,Stock non disponible,ISBN non disponible,Éditeur non disponible,Date non disponible,Nombre de pages non disponible,Rang de vente non disponible,Manga,28.0,,
Vampire Dormitory T13,https://www.amazon.fr/Vampire-Dormitory-T13-Ema-Toyama/dp/2811697705/ref=sr_1_452,"7,20 €",Ema Toyama,"5,0 sur 5 étoiles, détails de l’évaluation",1,Poche,https://m.media-amazon.com/images/I/81S71A3DtaL._AC_UY218_.jpg,2025-09-04T08:45:20.581205,Description non disponible depuis la recherche,Stock non disponible,ISBN non disponible,Éditeur non disponible,Date non disponible,Nombre de pages non disponible,Rang de vente non disponible,Manga,28.0,,
Mange tes légumes !: 75 recettes pour faire avaler des légumes aux enfants en leur racontant des salades,https://www.amazon.fr/l%C3%A9gumes-recettes-avaler-enfants-racontant/dp/B0BGN7SR82/ref=sr_1_453,"24,00 €",Stéphanie Antoine,"4,4 sur 5 étoiles, détails de l’évaluation",17,Broché,https://m.media-amazon.com/images/I/818WuVVuTQL._AC_UY218_.jpg,2025-09-04T08:45:20.584182,Description non disponible depuis la recherche,Stock non disponible,ISBN non disponible,Éditeur non disponible,Date non disponible,Nombre de pages non disponible,Rang de vente non disponible,Manga,28.0,,
Call of the night - Tome 15,https://www.amazon.fr/Call-night-15-Kotoyama/dp/B0FC1KMW25/ref=sr_1_454,"7,30 €",de Kotoyama et Xavière Daumarie | 13 novembre 2025,Note non disponible,0 avis,Poche,https://m.media-amazon.com/images/I/713kCxG1HTL._AC_UY218_.jpg,2025-09-04T08:45:20.586912,Description non disponible depuis la recherche,Stock non disponible,ISBN non disponible,Éditeur non disponible,Date non disponible,Nombre de pages non disponible,Rang de vente non disponible,Manga,28.0,,
On a mangé la mer: Une enquête au coeur de la crise de la pêche en France,https://www.amazon.fr/mang%C3%A9-mer-Maxime-Lisle/dp/2754835539/ref=sr_1_451,"22,00 €",Maxime de Lisle,"4,4 sur 5 étoiles, détails de l’évaluation",4,Relié,https://m.media-amazon.com/images/I/817c-vr3Z0L._AC_UY218_.jpg,2025-09-04T08:45:31.572719,Description non disponible depuis la recherche,Stock non disponible,ISBN non disponible,Éditeur non disponible,Date non disponible,Nombre de pages non disponible,Rang de vente non disponible,Manga,29.0,,
Naruto - édition Hokage - Tome 1,https://www.amazon.fr/Naruto-%C3%A9dition-Hokage-Masashi-Kishimoto/dp/2505114749/ref=sr_1_452,"15,95 €",Masashi Kishimoto,"4,5 sur 5 étoiles, détails de l’évaluation",125,Broché,https://m.media-amazon.com/images/I/81qPI0y6ZuL._AC_UY218_.jpg,2025-09-04T08:45:31.574772,Description non disponible depuis la recherche,Stock non disponible,ISBN non disponible,Éditeur non disponible,Date non disponible,Nombre de pages non disponible,Rang de vente non disponible,Manga,29.0,,
One-Punch Man - T3,https://www.amazon.fr/One-Punch-Man-T3-ONE/dp/2368522654/ref=sr_1_453,"7,30 €",de Yusuke Murata et Frédéric Malet | 9 juin 2016,"4,8 sur 5 étoiles, détails de l’évaluation",662,Broché,https://m.media-amazon.com/images/I/719oyXwaxWL._AC_UY218_.jpg,2025-09-04T08:45:31.578293,Description non disponible depuis la recherche,Stock non disponible,ISBN non disponible,Éditeur non disponible,Date non disponible,Nombre de pages non disponible,Rang de vente non disponible,Manga,29.0,,
Black Clover T29,https://www.amazon.fr/Black-Clover-T29-TABATA-Y/dp/2820341268/ref=sr_1_454,"7,05 €",de TABATA-Y | 17 novembre 2021,"4,9 sur 5 étoiles, détails de l’évaluation",173,Broché,https://m.media-amazon.com/images/I/8162OKcfBvL._AC_UY218_.jpg,2025-09-04T08:45:31.581751,Description non disponible depuis la recherche,Stock non disponible,ISBN non disponible,Éditeur non disponible,Date non disponible,Nombre de pages non disponible,Rang de vente non disponible,Manga,29.0,,
True Beauty T03,https://www.amazon.fr/True-Beauty-T03-Yaongyi/dp/2382880414/ref=sr_1_457,"14,95 €",Yaongyi,"4,7 sur 5 étoiles, détails de l’évaluation",165,Broché,https://m.media-amazon.com/images/I/81H3pHlvx+L._AC_UY218_.jpg,2025-09-04T08:45:31.589878,Description non disponible depuis la recherche,Stock non disponible,ISBN non disponible,Éditeur non disponible,Date non disponible,Nombre de pages non disponible,Rang de vente non disponible,Manga,29.0,,
Les Trois Mousquetaires en Manga (Tome 2) - Milady,https://www.amazon.fr/Trois-Mousquetaires-Manga-Milady-ebook/dp/B0CKTWV93C/ref=sr_1_458,"5,99 €",Cédric Tchao,"4,8 sur 5 étoiles, détails de l’évaluation",8,Format Kindle,https://m.media-amazon.com/images/I/811XlImPmxL._AC_UY218_.jpg,2025-09-04T08:45:31.592217,Description non disponible depuis la recherche,Stock non disponible,ISBN non disponible,Éditeur non disponible,Date non disponible,Nombre de pages non disponible,Rang de vente non disponible,Manga,29.0,,
KILL BLUE T05,https://www.amazon.fr/KILL-BLUE-T05-Tadatoshi-Fujimaki/dp/2820351891/ref=sr_1_459,"7,29 €",de Tadatoshi Fujimaki et Fabien Legalle | 2 juillet 2025,"5,0 sur 5 étoiles, détails de l’évaluation",2,Broché,https://m.media-amazon.com/images/I/71TKfOuJMIL._AC_UY218_.jpg,2025-09-04T08:45:31.595789,Description non disponible depuis la recherche,Stock non disponible,ISBN non disponible,Éditeur non disponible,Date non disponible,Nombre de pages non disponible,Rang de vente non disponible,Manga,29.0,,
"Bien manger pour bien vieillir - 100 recettes faciles, santé et plaisir",https://www.amazon.fr/Bien-manger-pour-bien-vieillir/dp/238642300X/ref=sr_1_460,"24,90 €",Patrick Serog,"4,8 sur 5 étoiles, détails de l’évaluation",6,Broché,https://m.media-amazon.com/images/I/61v7d4QAD6L._AC_UY218_.jpg,2025-09-04T08:45:31.598068,Description non disponible depuis la recherche,Stock non disponible,ISBN non disponible,Éditeur non disponible,Date non disponible,Nombre de pages non disponible,Rang de vente non disponible,Manga,29.0,,
De neige et d'encre T02,https://www.amazon.fr/neige-dencre-T02-Miyuki-Unohana/dp/B0F1T8R1BH/ref=sr_1_462,"8,29 €",de Miyuki Unohana | 2 juillet 2025,"5,0 sur 5 étoiles, détails de l’évaluation",1,Broché,https://m.media-amazon.com/images/I/71hrizV0sAL._AC_UY218_.jpg,2025-09-04T08:45:31.604555,Description non disponible depuis la recherche,Stock non disponible,ISBN non disponible,Éditeur non disponible,Date non disponible,Nombre de pages non disponible,Rang de vente non disponible,Manga,29.0,,
Mochi et compagnie T06,https://www.amazon.fr/Mochi-compagnie-T06-Hiromu-Shinozuka/dp/2373495430/ref=sr_1_463,"7,20 €",Hiromu Shinozuka,"4,9 sur 5 étoiles, détails de l’évaluation",104,Poche,https://m.media-amazon.com/images/I/811z3NRkayS._AC_UY218_.jpg,2025-09-04T08:45:31.606659,Description non disponible depuis la recherche,Stock non disponible,ISBN non disponible,Éditeur non disponible,Date non disponible,Nombre de pages non disponible,Rang de vente non disponible,Manga,29.0,,
Coffret Naruto Tome 1 à 5,https://www.amazon.fr/Coffret-Naruto-1-%C3%A0-5/dp/B0D93GZ929/ref=sr_1_464,"23,60 €",31 octobre 2024,"3,8 sur 5 étoiles, détails de l’évaluation",5,Broché,https://m.media-amazon.com/images/I/51J3USXAuFL._AC_UY218_.jpg,2025-09-04T08:45:31.608883,Description non disponible depuis la recherche,Stock non disponible,ISBN non disponible,Éditeur non disponible,Date non disponible,Nombre de pages non disponible,Rang de vente non disponible,Manga,29.0,,
Fullmetal Alchemist Perfect T10 (10),https://www.amazon.fr/Fullmetal-Alchemist-Perfect-T10-10/dp/238071066X/ref=sr_1_465,"11,95 €",Hiromu Arakawa,"4,9 sur 5 étoiles, détails de l’évaluation",130,Poche,https://m.media-amazon.com/images/I/61VSYIhFgyL._AC_UY218_.jpg,2025-09-04T08:45:31.611086,Description non disponible depuis la recherche,Stock non disponible,ISBN non disponible,Éditeur non disponible,Date non disponible,Nombre de pages non disponible,Rang de vente non disponible,Manga,29.0,,
Kagurabachi - Tome 4,https://www.amazon.fr/Kagurabachi-4-Takeru-HOKAZONO/dp/2505133808/ref=sr_1_467,"7,30 €",Takeru HOKAZONO,"5,0 sur 5 étoiles, détails de l’évaluation",1,Broché,https://m.media-amazon.com/images/I/91l+EZsa+AL._AC_UY218_.jpg,2025-09-04T08:45:31.616858,Description non disponible depuis la recherche,Stock non disponible,ISBN non disponible,Éditeur non disponible,Date non disponible,Nombre de pages non disponible,Rang de vente non disponible,Manga,29.0,,
Komi cherche ses mots T18,https://www.amazon.fr/Komi-cherche-ses-mots-T18/dp/2811698108/ref=sr_1_468,"7,20 €",Tomohito Oda,"5,0 sur 5 étoiles, détails de l’évaluation",8,Poche,https://m.media-amazon.com/images/I/813AvT8k6vL._AC_UY218_.jpg,2025-09-04T08:45:31.618889,Description non disponible depuis la recherche,Stock non disponible,ISBN non disponible,Éditeur non disponible,Date non disponible,Nombre de pages non disponible,Rang de vente non disponible,Manga,29.0,,
Hunter X Hunter - Tome 38,https://www.amazon.fr/Hunter-X-38-Yoshihiro-Togashi/dp/2505122474/ref=sr_1_469,"7,30 €",Yoshihiro Togashi,"5,0 sur 5 étoiles, détails de l’évaluation",13,Broché,https://m.media-amazon.com/images/I/71gsQa5stoL._AC_UY218_.jpg,2025-09-04T08:45:31.621387,Description non disponible depuis la recherche,Stock non disponible,ISBN non disponible,Éditeur non disponible,Date non disponible,Nombre de pages non disponible,Rang de vente non disponible,Manga,29.0,,
Pokémon Épée et Bouclier - T1 (1),https://www.amazon.fr/Pok%C3%A9mon-%C3%89p%C3%A9e-Bouclier-T1-1/dp/2380711526/ref=sr_1_470,"7,30 €","de Hidenori Kusaka, Satoshi Yamamoto, et al. | 14 janvier 2021","4,8 sur 5 étoiles, détails de l’évaluation",399,Broché,https://m.media-amazon.com/images/I/718afbJiDJL._AC_UY218_.jpg,2025-09-04T08:45:31.624026,Description non disponible depuis la recherche,Stock non disponible,ISBN non disponible,Éditeur non disponible,Date non disponible,Nombre de pages non disponible,Rang de vente non disponible,Manga,29.0,,
Nos différences enlacées - Tome 08,https://www.amazon.fr/Nos-diff%C3%A9rences-enlac%C3%A9es-08-Mikanuji/dp/2385030721/ref=sr_1_467,"6,95 €",de Mikanuji | 13 juin 2025,"5,0 sur 5 étoiles, détails de l’évaluation",1,Poche,https://m.media-amazon.com/images/I/81MimGPFrhL._AC_UY218_.jpg,2025-09-04T08:45:42.770170,Description non disponible depuis la recherche,Stock non disponible,ISBN non disponible,Éditeur non disponible,Date non disponible,Nombre de pages non disponible,Rang de vente non disponible,Manga,30.0,,
Love Coach Koigakubo-kun T06,https://www.amazon.fr/Love-Coach-Koigakubo-kun-T06-Miasa/dp/2302105168/ref=sr_1_473,"7,29 €",Rin Miasa,"5,0 sur 5 étoiles, détails de l’évaluation",1,Broché,https://m.media-amazon.com/images/I/812wDy+P2iL._AC_UY218_.jpg,2025-09-04T08:45:42.786621,Description non disponible depuis la recherche,Stock non disponible,ISBN non disponible,Éditeur non disponible,Date non disponible,Nombre de pages non disponible,Rang de vente non disponible,Manga,30.0,,
100 Manga Artists. 45th Ed.,https://www.amazon.fr/100-Manga-Artists-40th-Ed/dp/3836599937/ref=sr_1_474,"23,38 €",Julius Wiedemann,"5,0 sur 5 étoiles, détails de l’évaluation",2,Relié,https://m.media-amazon.com/images/I/91euQFmJaiL._AC_UY218_.jpg,2025-09-04T08:45:42.788908,Description non disponible depuis la recherche,Stock non disponible,ISBN non disponible,Éditeur non disponible,Date non disponible,Nombre de pages non disponible,Rang de vente non disponible,Manga,30.0,,
Elden Ring : Le chemin vers l'Arbre-Monde T08,https://www.amazon.fr/Elden-Ring-chemin-vers-lArbre-Monde/dp/B0F58Z1F24/ref=sr_1_475,"7,95 €",de Tobita Nikiichi | 4 septembre 2025,Note non disponible,0 avis,Broché,https://m.media-amazon.com/images/I/711kaNF8pYL._AC_UY218_.jpg,2025-09-04T08:45:42.791962,Description non disponible depuis la recherche,Stock non disponible,ISBN non disponible,Éditeur non disponible,Date non disponible,Nombre de pages non disponible,Rang de vente non disponible,Manga,30.0,,
Bleach Box Set 2 Volumes 22-48,https://www.amazon.fr/Bleach-Box-Set-Volumes-22-48/dp/1421580810/ref=sr_1_476,"144,87 €",Tite Kubo,"4,9 sur 5 étoiles, détails de l’évaluation",1 030,Broché,https://m.media-amazon.com/images/I/81BFJxM+cNL._AC_UY218_.jpg,2025-09-04T08:45:42.794388,Description non disponible depuis la recherche,Stock non disponible,ISBN non disponible,Éditeur non disponible,Date non disponible,Nombre de pages non disponible,Rang de vente non disponible,Manga,30.0,,
My NTR Wife,https://www.amazon.fr/My-NTR-Wife-Arakure-ebook/dp/B0D79WPMT6/ref=sr_1_478,"10,99 €",de Arakure | 11 juillet 2024,"4,2 sur 5 étoiles, détails de l’évaluation",46,Format Kindle,https://m.media-amazon.com/images/I/71b6R0rUKnL._AC_UY218_.jpg,2025-09-04T08:45:42.799576,Description non disponible depuis la recherche,Stock non disponible,ISBN non disponible,Éditeur non disponible,Date non disponible,Nombre de pages non disponible,Rang de vente non disponible,Manga,30.0,,
Blue Lock T28,https://www.amazon.fr/Blue-Lock-T28-Muneyuki-Kaneshiro/dp/281169675X/ref=sr_1_479,"7,20 €",Muneyuki Kaneshiro,"5,0 sur 5 étoiles, détails de l’évaluation",9,Poche,https://m.media-amazon.com/images/I/81cSGfexJzL._AC_UY218_.jpg,2025-09-04T08:45:42.802031,Description non disponible depuis la recherche,Stock non disponible,ISBN non disponible,Éditeur non disponible,Date non disponible,Nombre de pages non disponible,Rang de vente non disponible,Manga,30.0,,
DEATH NOTE - BLACK EDITION - Tome 1,https://www.amazon.fr/DEATH-NOTE-BLACK-1-French/dp/2505009058/ref=sr_1_480,"13,25 €",Tsugumi Ohba,"4,7 sur 5 étoiles, détails de l’évaluation",374,Broché,https://m.media-amazon.com/images/I/71cy6uG52xL._AC_UY218_.jpg,2025-09-04T08:45:42.804239,Description non disponible depuis la recherche,Stock non disponible,ISBN non disponible,Éditeur non disponible,Date non disponible,Nombre de pages non disponible,Rang de vente non disponible,Manga,30.0,,
Super Ball Girls T01,https://www.amazon.fr/Super-Ball-Girls-Akira-Hiramoto/dp/2302104064/ref=sr_1_481,"8,50 €",de Akira Hiramoto et Muneyuki Kaneshiro | 2 juillet 2025,"4,0 sur 5 étoiles, détails de l’évaluation",2,Broché,https://m.media-amazon.com/images/I/815MSNBAU9L._AC_UY218_.jpg,2025-09-04T08:45:42.807778,Description non disponible depuis la recherche,Stock non disponible,ISBN non disponible,Éditeur non disponible,Date non disponible,Nombre de pages non disponible,Rang de vente non disponible,Manga,30.0,,
Nana T10,https://www.amazon.fr/Nana-Vol-10-YAZAWA-Ai/dp/2847893865/ref=sr_1_483,"7,29 €",de YAZAWA-A | 24 novembre 2004,"4,9 sur 5 étoiles, détails de l’évaluation",112,Broché,https://m.media-amazon.com/images/I/814nT4d1XoL._AC_UY218_.jpg,2025-09-04T08:45:42.814316,Description non disponible depuis la recherche,Stock non disponible,ISBN non disponible,Éditeur non disponible,Date non disponible,Nombre de pages non disponible,Rang de vente non disponible,Manga,30.0,,
Fairy Tail - 100 Years Quest T12,https://www.amazon.fr/Fairy-Tail-100-Years-Quest/dp/281167375X/ref=sr_1_484,"7,20 €",Atsuo Ueda,"4,9 sur 5 étoiles, détails de l’évaluation",196,Poche,https://m.media-amazon.com/images/I/81LBiB-JbjL._AC_UY218_.jpg,2025-09-04T08:45:42.817004,Description non disponible depuis la recherche,Stock non disponible,ISBN non disponible,Éditeur non disponible,Date non disponible,Nombre de pages non disponible,Rang de vente non disponible,Manga,30.0,,
The Abandoned Empress T09,https://www.amazon.fr/Abandoned-Empress-T09-Ina/dp/2382883197/ref=sr_1_485,"14,95 €",de Ina et Yuna | 14 mai 2025,"4,8 sur 5 étoiles, détails de l’évaluation",9,Broché,https://m.media-amazon.com/images/I/91HyebGoutL._AC_UY218_.jpg,2025-09-04T08:45:42.819784,Description non disponible depuis la recherche,Stock non disponible,ISBN non disponible,Éditeur non disponible,Date non disponible,Nombre de pages non disponible,Rang de vente non disponible,Manga,30.0,,
Helck - vol. 11,https://www.amazon.fr/Helck-vol-11-Nanaki-NANAO/dp/B0F2M33Q4Z/ref=sr_1_486,"7,95 €",Nanaki NANAO,Note non disponible,0 avis,Poche,https://m.media-amazon.com/images/I/81+f-ck6lLL._AC_UY218_.jpg,2025-09-04T08:45:42.822305,Description non disponible depuis la recherche,Stock non disponible,ISBN non disponible,Éditeur non disponible,Date non disponible,Nombre de pages non disponible,Rang de vente non disponible,Manga,30.0,,
ILS ETAIENT DIX - T3 MANGA,https://www.amazon.fr/ILS-ETAIENT-DIX-T3-MANGA/dp/2889326160/ref=sr_1_321,"8,00 €",Agatha Christie,"5,0 sur 5 étoiles, détails de l’évaluation",3,Relié,https://m.media-amazon.com/images/I/81ZXNhTglgL._AC_UY218_.jpg,2025-09-04T18:36:16.253586,Description non disponible depuis la recherche,Stock non disponible,ISBN non disponible,Éditeur non disponible,Date non disponible,Nombre de pages non disponible,Rang de vente non disponible,Manga,21.0,,
Shangri-la - Tome 01 - Livre (Manga) - Yaoi - Hana Collection,https://www.amazon.fr/Shangri-Livre-Manga-Yaoi-Collection/dp/2368776982/ref=sr_1_322,"7,95 €",Ranmaru Zaria,"4,7 sur 5 étoiles, détails de l’évaluation",61,Poche,https://m.media-amazon.com/images/I/611iheE4S9L._AC_UY218_.jpg,2025-09-04T18:36:16.255874,Description non disponible depuis la recherche,Stock non disponible,ISBN non disponible,Éditeur non disponible,Date non disponible,Nombre de pages non disponible,Rang de vente non disponible,Manga,21.0,,
Fleurs et dragons T03,https://www.amazon.fr/Fleurs-dragons-T03-Sonoko-Machidori/dp/2372878840/ref=sr_1_323,"7,99 €","de Sonoko Machidori, Agewo, et al. | 21 août 2025","5,0 sur 5 étoiles, détails de l’évaluation",1,Broché,https://m.media-amazon.com/images/I/711JmvvP0bL._AC_UY218_.jpg,2025-09-04T18:36:16.258367,Description non disponible depuis la recherche,Stock non disponible,ISBN non disponible,Éditeur non disponible,Date non disponible,Nombre de pages non disponible,Rang de vente non disponible,Manga,21.0,,
"Livre De Coloriage Anime & Manga: Un ouvrage grand format regroupant de nombreux dessins de personnages célèbres d'animes et de mangas, spécialement ... les adolescents, les enfants et les adultes",https://www.amazon.fr/Livre-Coloriage-Anime-Manga-sp%C3%A9cialement/dp/B0DP1PCM6H/ref=sr_1_324,"8,39 €",de Manman Gaga | 4 juillet 2023,Note non disponible,0 avis,Broché,https://m.media-amazon.com/images/I/61WcuRIdroL._AC_UY218_.jpg,2025-09-04T18:36:16.260904,Description non disponible depuis la recherche,Stock non disponible,ISBN non disponible,Éditeur non disponible,Date non disponible,Nombre de pages non disponible,Rang de vente non disponible,Manga,21.0,,
Les Gouttes de Dieu - Tome 09,https://www.amazon.fr/Gouttes-Dieu-Vol-9-AGI-Tadashi/dp/2723466566/ref=sr_1_325,"9,50 €",Tadashi Agi,"4,7 sur 5 étoiles, détails de l’évaluation",38,Broché,https://m.media-amazon.com/images/I/61x1aJIYgZL._AC_UY218_.jpg,2025-09-04T18:36:16.263928,Description non disponible depuis la recherche,Stock non disponible,ISBN non disponible,Éditeur non disponible,Date non disponible,Nombre de pages non disponible,Rang de vente non disponible,Manga,21.0,,
"Berserk of Gluttony T10 - Manga: Berserk of Gluttony Manga, T10",https://www.amazon.fr/Berserk-Gluttony-Manga-T10-ebook/dp/B0DNR6PHB6/ref=sr_1_326,"8,00 €",Ichika Isshiki,"4,8 sur 5 étoiles, détails de l’évaluation",47,Format Kindle,https://m.media-amazon.com/images/I/819Osdm4RCL._AC_UY218_.jpg,2025-09-04T18:36:16.266095,Description non disponible depuis la recherche,Stock non disponible,ISBN non disponible,Éditeur non disponible,Date non disponible,Nombre de pages non disponible,Rang de vente non disponible,Manga,21.0,,
Hunter X Hunter - Tome 10,https://www.amazon.fr/Hunter-X-10-Yoshihiro-Togashi/dp/2871293252/ref=sr_1_327,"7,30 €",Yoshihiro Togashi,"4,8 sur 5 étoiles, détails de l’évaluation",334,Poche,https://m.media-amazon.com/images/I/81fmRhkEpvL._AC_UY218_.jpg,2025-09-04T18:36:16.268787,Description non disponible depuis la recherche,Stock non disponible,ISBN non disponible,Éditeur non disponible,Date non disponible,Nombre de pages non disponible,Rang de vente non disponible,Manga,21.0,,
Nukinin - Rin : La shinobi prédatrice,https://www.amazon.fr/Nukinin-shinobi-pr%C3%A9datrice-Kabuki-Shigeyuki/dp/2385041022/ref=sr_1_328,"11,95 €",Kabuki Shigeyuki,Note non disponible,0 avis,Poche,https://m.media-amazon.com/images/I/91uF7vY6dZL._AC_UY218_.jpg,2025-09-04T18:36:16.270810,Description non disponible depuis la recherche,Stock non disponible,ISBN non disponible,Éditeur non disponible,Date non disponible,Nombre de pages non disponible,Rang de vente non disponible,Manga,21.0,,
Mars - Perfect Edition T06,https://www.amazon.fr/Mars-Perfect-T06-Fuyumi-Soryo/dp/B0CY1N5N5P/ref=sr_1_333,"16,99 €",Fuyumi Soryo,"5,0 sur 5 étoiles, détails de l’évaluation",2,Broché,https://m.media-amazon.com/images/I/71uPF9VJwJL._AC_UY218_.jpg,2025-09-04T18:36:16.283592,Description non disponible depuis la recherche,Stock non disponible,ISBN non disponible,Éditeur non disponible,Date non disponible,Nombre de pages non disponible,Rang de vente non disponible,Manga,21.0,,
Les fleurs du passé - Tome 05: Natsuyuki rendez-vous - Extra,https://www.amazon.fr/fleurs-pass%C3%A9-Natsuyuki-rendez-vous-Extra/dp/2380601380/ref=sr_1_334,"8,00 €",de Haruka Kawachi | 24 octobre 2025,Note non disponible,0 avis,Broché,https://m.media-amazon.com/images/I/91mTeGV6ZGL._AC_UY218_.jpg,2025-09-04T18:36:16.286317,Description non disponible depuis la recherche,Stock non disponible,ISBN non disponible,Éditeur non disponible,Date non disponible,Nombre de pages non disponible,Rang de vente non disponible,Manga,21.0,,
Ki & Hi - tome 2 Une famille de fous !,https://www.amazon.fr/Ki-Hi-Une-famille-fous/dp/2749932718/ref=sr_1_335,"9,95 €",Kevin Tran,"4,7 sur 5 étoiles, détails de l’évaluation",920,Broché,https://m.media-amazon.com/images/I/71uYX0Ag1SL._AC_UY218_.jpg,2025-09-04T18:36:16.288979,Description non disponible depuis la recherche,Stock non disponible,ISBN non disponible,Éditeur non disponible,Date non disponible,Nombre de pages non disponible,Rang de vente non disponible,Manga,21.0,,
"Moi, quand je me réincarne en slime - Tome 07 (7)",https://www.amazon.fr/Moi-quand-r%C3%A9incarne-slime-FUSE/dp/2368527214/ref=sr_1_336,"7,95 €",Fuse,"4,8 sur 5 étoiles, détails de l’évaluation",322,Broché,https://m.media-amazon.com/images/I/71LIgGx0QOL._AC_UY218_.jpg,2025-09-04T18:36:16.291843,Description non disponible depuis la recherche,Stock non disponible,ISBN non disponible,Éditeur non disponible,Date non disponible,Nombre de pages non disponible,Rang de vente non disponible,Manga,21.0,,
Manga + Chibi : Apprendre à dessiner des personnages mignons dans les deux versions !,https://www.amazon.fr/Manga-Chibi-Apprendre-dessiner-personnages/dp/2711427382/ref=sr_1_337,"19,90 €",de Yoai | 17 avril 2025,Note non disponible,0 avis,Broché,https://m.media-amazon.com/images/I/81i-jg6g9UL._AC_UY218_.jpg,2025-09-04T18:36:27.375908,Description non disponible depuis la recherche,Stock non disponible,ISBN non disponible,Éditeur non disponible,Date non disponible,Nombre de pages non disponible,Rang de vente non disponible,Manga,22.0,,
Pokémon - La Grande Aventure - tome 03 (3),https://www.amazon.fr/Pok%C3%A9mon-grande-aventure-Vol-3-MATO/dp/2368520155/ref=sr_1_338,"10,00 €",Hidenori Kusaka,"4,7 sur 5 étoiles, détails de l’évaluation",643,Broché,https://m.media-amazon.com/images/I/71FIpq67GqL._AC_UY218_.jpg,2025-09-04T18:36:27.378545,Description non disponible depuis la recherche,Stock non disponible,ISBN non disponible,Éditeur non disponible,Date non disponible,Nombre de pages non disponible,Rang de vente non disponible,Manga,22.0,,
Kindergarten Wars T10,https://www.amazon.fr/Kindergarten-Wars-T10-You-Chiba/dp/B0F59BRSSP/ref=sr_1_339,"7,95 €",You Chiba,Note non disponible,0 avis,Broché,https://m.media-amazon.com/images/I/7179ILeeLXL._AC_UY218_.jpg,2025-09-04T18:36:27.381514,Description non disponible depuis la recherche,Stock non disponible,ISBN non disponible,Éditeur non disponible,Date non disponible,Nombre de pages non disponible,Rang de vente non disponible,Manga,22.0,,
PandoraHearts Perfect Edition T03,https://www.amazon.fr/PandoraHearts-Perfect-T03-Jun-Mochizuki/dp/B0DM15WT3B/ref=sr_1_340,"16,00 €",Jun Mochizuki,"5,0 sur 5 étoiles, détails de l’évaluation",4,Poche,https://m.media-amazon.com/images/I/71UqfqvXGVL._AC_UY218_.jpg,2025-09-04T18:36:27.383640,Description non disponible depuis la recherche,Stock non disponible,ISBN non disponible,Éditeur non disponible,Date non disponible,Nombre de pages non disponible,Rang de vente non disponible,Manga,22.0,,
BLOOM T05,https://www.amazon.fr/BLOOM-T05-Saka-Mikami/dp/2384963910/ref=sr_1_341,"7,20 €",Saka Mikami,"5,0 sur 5 étoiles, détails de l’évaluation",1,Poche,https://m.media-amazon.com/images/I/81fCkXrm-BL._AC_UY218_.jpg,2025-09-04T18:36:27.386286,Description non disponible depuis la recherche,Stock non disponible,ISBN non disponible,Éditeur non disponible,Date non disponible,Nombre de pages non disponible,Rang de vente non disponible,Manga,22.0,,
HAIKYU!! T10 SMASH ÉDITION LIMITEE,https://www.amazon.fr/HAIKYU-T10-SMASH-%C3%89DITION-LIMITEE/dp/2820353479/ref=sr_1_342,"17,99 €",Haruichi Furudate,Note non disponible,0 avis,Poche,https://m.media-amazon.com/images/I/01PkLIhTX3L._AC_UY218_.gif,2025-09-04T18:36:27.388489,Description non disponible depuis la recherche,Stock non disponible,ISBN non disponible,Éditeur non disponible,Date non disponible,Nombre de pages non disponible,Rang de vente non disponible,Manga,22.0,,
"One piece, Volume 38",https://www.amazon.fr/One-piece-38-Eiichiro-Oda/dp/2723498662/ref=sr_1_343,"7,20 €",Eiichiro Oda,"4,8 sur 5 étoiles, détails de l’évaluation",682,Broché,https://m.media-amazon.com/images/I/91uz2El4XxL._AC_UY218_.jpg,2025-09-04T18:36:27.391374,Description non disponible depuis la recherche,Stock non disponible,ISBN non disponible,Éditeur non disponible,Date non disponible,Nombre de pages non disponible,Rang de vente non disponible,Manga,22.0,,
Gunnm - Édition originale - Tome 09,https://www.amazon.fr/Gunnm-%C3%89dition-originale-Yukito-Kishiro/dp/2344024417/ref=sr_1_344,"7,90 €",Yukito Kishiro,"4,8 sur 5 étoiles, détails de l’évaluation",392,Broché,https://m.media-amazon.com/images/I/91t0bI9QG6L._AC_UY218_.jpg,2025-09-04T18:36:27.393957,Description non disponible depuis la recherche,Stock non disponible,ISBN non disponible,Éditeur non disponible,Date non disponible,Nombre de pages non disponible,Rang de vente non disponible,Manga,22.0,,
Super Mario Manga Adventures T11,https://www.amazon.fr/Super-Mario-T11-Yukio-Sawada/dp/2302056345/ref=sr_1_345,"7,29 €",Yukio Sawada,"4,8 sur 5 étoiles, détails de l’évaluation",202,Broché,https://m.media-amazon.com/images/I/810PBXa+GML._AC_UY218_.jpg,2025-09-04T18:36:27.396001,Description non disponible depuis la recherche,Stock non disponible,ISBN non disponible,Éditeur non disponible,Date non disponible,Nombre de pages non disponible,Rang de vente non disponible,Manga,22.0,,
Manga Livre de Coloriage: Une collection enchanteresse de filles japonnaises découvrant les joies du shopping en ville | personnages de manga et d'anime pour les enfants et adolescents,https://www.amazon.fr/Manga-Livre-Coloriage-enchanteresse-japonnaises/dp/B0CDND2PFH/ref=sr_1_346,"10,22 €",de Emma Évasion | 5 août 2023,"5,0 sur 5 étoiles, détails de l’évaluation",2,Broché,https://m.media-amazon.com/images/I/71l0w7aNs3L._AC_UY218_.jpg,2025-09-04T18:36:27.398439,Description non disponible depuis la recherche,Stock non disponible,ISBN non disponible,Éditeur non disponible,Date non disponible,Nombre de pages non disponible,Rang de vente non disponible,Manga,22.0,,
Fairy Tail T38,https://www.amazon.fr/Fairy-Tail-Vol-38-MASHIMA-Hiro/dp/2811615172/ref=sr_1_347,"7,20 €",Hiro Mashima,"4,8 sur 5 étoiles, détails de l’évaluation",235,Poche,https://m.media-amazon.com/images/I/91wp8J8m4RL._AC_UY218_.jpg,2025-09-04T18:36:27.401073,Description non disponible depuis la recherche,Stock non disponible,ISBN non disponible,Éditeur non disponible,Date non disponible,Nombre de pages non disponible,Rang de vente non disponible,Manga,22.0,,
"Pan'Pan Panda, une vie en douceur T02",https://www.amazon.fr/PanPan-Panda-une-vie-douceur/dp/2384961276/ref=sr_1_348,"10,90 €",Sato Horokura,"4,6 sur 5 étoiles, détails de l’évaluation",48,Poche,https://m.media-amazon.com/images/I/71ElN1qWsrL._AC_UY218_.jpg,2025-09-04T18:36:27.403640,Description non disponible depuis la recherche,Stock non disponible,ISBN non disponible,Éditeur non disponible,Date non disponible,Nombre de pages non disponible,Rang de vente non disponible,Manga,22.0,,
One-Punch Man - T6,https://www.amazon.fr/One-Punch-Man-T6-ONE/dp/2368523782/ref=sr_1_349,"7,30 €",Yusuke Murata,"4,8 sur 5 étoiles, détails de l’évaluation",603,Broché,https://m.media-amazon.com/images/I/71Xx4bEbdeL._AC_UY218_.jpg,2025-09-04T18:36:27.406481,Description non disponible depuis la recherche,Stock non disponible,ISBN non disponible,Éditeur non disponible,Date non disponible,Nombre de pages non disponible,Rang de vente non disponible,Manga,22.0,,
Chi - Une vie de chat - Tome 10,https://www.amazon.fr/Chi-Une-vie-chat-Vol-10/dp/272349750X/ref=sr_1_350,"10,75 €",de Konami Kanata | 27 novembre 2013,"4,9 sur 5 étoiles, détails de l’évaluation",228,Broché,https://m.media-amazon.com/images/I/71PfpNpcE8L._AC_UY218_.jpg,2025-09-04T18:36:27.409337,Description non disponible depuis la recherche,Stock non disponible,ISBN non disponible,Éditeur non disponible,Date non disponible,Nombre de pages non disponible,Rang de vente non disponible,Manga,22.0,,
"Bleach - Tome 17: Rosa Rubicundior, Lilio Candidior",https://www.amazon.fr/Bleach-Vol-17-TITE-Kubo/dp/2723453863/ref=sr_1_351,"7,20 €",Tite Kubo,"4,9 sur 5 étoiles, détails de l’évaluation",99,Broché,https://m.media-amazon.com/images/I/71DmzG01L1L._AC_UY218_.jpg,2025-09-04T18:36:27.411967,Description non disponible depuis la recherche,Stock non disponible,ISBN non disponible,Éditeur non disponible,Date non disponible,Nombre de pages non disponible,Rang de vente non disponible,Manga,22.0,,
Kagurabachi - Tome 2,https://www.amazon.fr/Kagurabachi-2-Takeru-HOKAZONO/dp/250513328X/ref=sr_1_352,"7,30 €",Takeru HOKAZONO,"4,9 sur 5 étoiles, détails de l’évaluation",45,Broché,https://m.media-amazon.com/images/I/913gbNJO0iL._AC_UY218_.jpg,2025-09-04T18:36:27.414597,Description non disponible depuis la recherche,Stock non disponible,ISBN non disponible,Éditeur non disponible,Date non disponible,Nombre de pages non disponible,Rang de vente non disponible,Manga,22.0,,
Fairy Tail T18,https://www.amazon.fr/Fairy-Tail-Vol-18-MASHIMA-Hiro/dp/2811604634/ref=sr_1_353,"7,20 €",Hiro Mashima,"4,8 sur 5 étoiles, détails de l’évaluation",364,Broché,https://m.media-amazon.com/images/I/919qqBxM75L._AC_UY218_.jpg,2025-09-04T18:36:36.565836,Description non disponible depuis la recherche,Stock non disponible,ISBN non disponible,Éditeur non disponible,Date non disponible,Nombre de pages non disponible,Rang de vente non disponible,Manga,23.0,,
Les Aventures de Kirby dans les Étoiles T02,https://www.amazon.fr/Aventures-Kirby-dans-%C3%89toiles-T02/dp/2302090381/ref=sr_1_354,"7,29 €",Nintendo,"4,8 sur 5 étoiles, détails de l’évaluation",168,Broché,https://m.media-amazon.com/images/I/81HBwVso3cL._AC_UY218_.jpg,2025-09-04T18:36:36.567962,Description non disponible depuis la recherche,Stock non disponible,ISBN non disponible,Éditeur non disponible,Date non disponible,Nombre de pages non disponible,Rang de vente non disponible,Manga,23.0,,
"Nana, tome 8",https://www.amazon.fr/Nana-8-Ai-Yazawa/dp/284789358X/ref=sr_1_359,"7,29 €",Ai Yazawa,"4,9 sur 5 étoiles, détails de l’évaluation",135,Broché,https://m.media-amazon.com/images/I/81agqzLECBL._AC_UY218_.jpg,2025-09-04T18:36:36.580928,Description non disponible depuis la recherche,Stock non disponible,ISBN non disponible,Éditeur non disponible,Date non disponible,Nombre de pages non disponible,Rang de vente non disponible,Manga,23.0,,
Splatoon - La Contrée Clabousse T01,https://www.amazon.fr/Splatoon-Contr%C3%A9e-Clabousse-Sankichi-Hinodeya/dp/2302101324/ref=sr_1_360,"8,50 €",Sankichi Hinodeya,"4,8 sur 5 étoiles, détails de l’évaluation",55,Broché,https://m.media-amazon.com/images/I/81Od0Vb7B0L._AC_UY218_.jpg,2025-09-04T18:36:36.583827,Description non disponible depuis la recherche,Stock non disponible,ISBN non disponible,Éditeur non disponible,Date non disponible,Nombre de pages non disponible,Rang de vente non disponible,Manga,23.0,,
Terroriser - La méthode Junji Ito,https://www.amazon.fr/Terroriser-m%C3%A9thode-Junji-Ito/dp/2382815841/ref=sr_1_361,"21,95 €",Junji Ito,"5,0 sur 5 étoiles, détails de l’évaluation",1,Broché,https://m.media-amazon.com/images/I/71Egb-+SL0L._AC_UY218_.jpg,2025-09-04T18:36:36.586868,Description non disponible depuis la recherche,Stock non disponible,ISBN non disponible,Éditeur non disponible,Date non disponible,Nombre de pages non disponible,Rang de vente non disponible,Manga,23.0,,
Dragon Ball - Full Color - Le roi démon Piccolo - Tome 03,https://www.amazon.fr/Dragon-Ball-Color-d%C3%A9mon-Piccolo/dp/2344068864/ref=sr_1_362,"14,95 €",Akira Toriyama,"3,0 sur 5 étoiles, détails de l’évaluation",1,Broché,https://m.media-amazon.com/images/I/81zykA2ljeL._AC_UY218_.jpg,2025-09-04T18:36:36.588680,Description non disponible depuis la recherche,Stock non disponible,ISBN non disponible,Éditeur non disponible,Date non disponible,Nombre de pages non disponible,Rang de vente non disponible,Manga,23.0,,
ILS ETAIENT DIX - T1 MANGA,https://www.amazon.fr/ILS-ETAIENT-DIX-T1-MANGA/dp/2889326144/ref=sr_1_363,"8,00 €",de Agatha Christie | 16 avril 2025,"5,0 sur 5 étoiles, détails de l’évaluation",1,Relié,https://m.media-amazon.com/images/I/812a1vh5E0L._AC_UY218_.jpg,2025-09-04T18:36:36.591783,Description non disponible depuis la recherche,Stock non disponible,ISBN non disponible,Éditeur non disponible,Date non disponible,Nombre de pages non disponible,Rang de vente non disponible,Manga,23.0,,
LE MONDE SELON SETCHAN,https://www.amazon.fr/monde-selon-Setchan-Tomoko-Oshima/dp/2353481795/ref=sr_1_364,"13,00 €",de Tomoko OSHIMA | 28 mai 2020,"4,2 sur 5 étoiles, détails de l’évaluation",10,Broché,https://m.media-amazon.com/images/I/71SPKkfDb2L._AC_UY218_.jpg,2025-09-04T18:36:36.594388,Description non disponible depuis la recherche,Stock non disponible,ISBN non disponible,Éditeur non disponible,Date non disponible,Nombre de pages non disponible,Rang de vente non disponible,Manga,23.0,,
True Beauty T10,https://www.amazon.fr/True-Beauty-T10-Yaongyi/dp/2382882360/ref=sr_1_365,"14,95 €",Yaongyi,"4,7 sur 5 étoiles, détails de l’évaluation",33,Broché,https://m.media-amazon.com/images/I/71StOemgt1L._AC_UY218_.jpg,2025-09-04T18:36:36.596354,Description non disponible depuis la recherche,Stock non disponible,ISBN non disponible,Éditeur non disponible,Date non disponible,Nombre de pages non disponible,Rang de vente non disponible,Manga,23.0,,
L'étranger du Zephyr - Tome 03 - Livre (Manga) - Yaoi - Hana Collection,https://www.amazon.fr/L%C3%A9tranger-Zephyr-Livre-Manga-Collection/dp/2368776125/ref=sr_1_366,"7,95 €",Kii Kanna,"4,8 sur 5 étoiles, détails de l’évaluation",124,Poche,https://m.media-amazon.com/images/I/71wN2purhmL._AC_UY218_.jpg,2025-09-04T18:36:36.598604,Description non disponible depuis la recherche,Stock non disponible,ISBN non disponible,Éditeur non disponible,Date non disponible,Nombre de pages non disponible,Rang de vente non disponible,Manga,23.0,,
Les deux lions - Livre (Manga) - Yaoi - Hana Collection,https://www.amazon.fr/deux-lions-Livre-Manga-Collection/dp/2368776869/ref=sr_1_367,"7,95 €",de Furuya Nagisa | 4 novembre 2019,"4,7 sur 5 étoiles, détails de l’évaluation",314,Poche,https://m.media-amazon.com/images/I/71vDEWwtI5L._AC_UY218_.jpg,2025-09-04T18:36:36.601956,Description non disponible depuis la recherche,Stock non disponible,ISBN non disponible,Éditeur non disponible,Date non disponible,Nombre de pages non disponible,Rang de vente non disponible,Manga,23.0,,
Mashle T08,https://www.amazon.fr/Mashle-T08-Hajime-Komoto/dp/2820343546/ref=sr_1_368,"7,15 €",Hajime Komoto,"4,8 sur 5 étoiles, détails de l’évaluation",246,Poche,https://m.media-amazon.com/images/I/81QYJsZUXoL._AC_UY218_.jpg,2025-09-04T18:36:36.604551,Description non disponible depuis la recherche,Stock non disponible,ISBN non disponible,Éditeur non disponible,Date non disponible,Nombre de pages non disponible,Rang de vente non disponible,Manga,23.0,,
Coffret intégrale ALMA (Nouvelle édition),https://www.amazon.fr/Coffret-int%C3%A9grale-ALMA-Nouvelle-%C3%A9dition/dp/B0CBB1H292/ref=sr_1_369,"33,16 €",Shinji Mito,"5,0 sur 5 étoiles, détails de l’évaluation",7,Broché,https://m.media-amazon.com/images/I/711Z9TT11YL._AC_UY218_.jpg,2025-09-04T18:36:48.280108,Description non disponible depuis la recherche,Stock non disponible,ISBN non disponible,Éditeur non disponible,Date non disponible,Nombre de pages non disponible,Rang de vente non disponible,Manga,24.0,,
AO ASHI T29,https://www.amazon.fr/AO-ASHI-T29-Y%C3%BBgo-Kobayashi/dp/238281862X/ref=sr_1_370,"7,20 €",de Yûgo Kobayashi et Amira Zegrour | 2 juillet 2025,"5,0 sur 5 étoiles, détails de l’évaluation",1,Poche,https://m.media-amazon.com/images/I/81sDN6GuQ3L._AC_UY218_.jpg,2025-09-04T18:36:48.282846,Description non disponible depuis la recherche,Stock non disponible,ISBN non disponible,Éditeur non disponible,Date non disponible,Nombre de pages non disponible,Rang de vente non disponible,Manga,24.0,,
"RWBY: The Official Manga Anthology, Vol. 5: Shine",https://www.amazon.fr/RWBY-Official-Manga-Anthology-Shine/dp/1974723690/ref=sr_1_371,"11,69 €",Monty Oum,"4,8 sur 5 étoiles, détails de l’évaluation",329,Broché,https://m.media-amazon.com/images/I/81EjP4Hv85L._AC_UY218_.jpg,2025-09-04T18:36:48.284985,Description non disponible depuis la recherche,Stock non disponible,ISBN non disponible,Éditeur non disponible,Date non disponible,Nombre de pages non disponible,Rang de vente non disponible,Manga,24.0,,
Naruto - Tome 52,https://www.amazon.fr/Naruto-Vol-52-Masashi-Kishimoto/dp/2505010617/ref=sr_1_374,"7,30 €",Masashi Kishimoto,"4,8 sur 5 étoiles, détails de l’évaluation",359,Broché,https://m.media-amazon.com/images/I/91vouAkQl3L._AC_UY218_.jpg,2025-09-04T18:36:48.291829,Description non disponible depuis la recherche,Stock non disponible,ISBN non disponible,Éditeur non disponible,Date non disponible,Nombre de pages non disponible,Rang de vente non disponible,Manga,24.0,,
Demon Slayer T01,https://www.amazon.fr/Demon-Slayer-T01-Koyoharu-Gotouge/dp/2809482314/ref=sr_1_375,"7,29 €",Koyoharu Gotouge,"4,8 sur 5 étoiles, détails de l’évaluation",2 792,Broché,https://m.media-amazon.com/images/I/81jLaojdiyL._AC_UY218_.jpg,2025-09-04T18:36:48.294601,Description non disponible depuis la recherche,Stock non disponible,ISBN non disponible,Éditeur non disponible,Date non disponible,Nombre de pages non disponible,Rang de vente non disponible,Manga,24.0,,
Je veux t'aimer jusqu'à ta mort - Tome 07,https://www.amazon.fr/Je-veux-taimer-jusqu%C3%A0-mort/dp/2385034808/ref=sr_1_376,"7,95 €",de Nachi Aono | 26 février 2025,"5,0 sur 5 étoiles, détails de l’évaluation",3,Poche,https://m.media-amazon.com/images/I/71nAN1weGhL._AC_UY218_.jpg,2025-09-04T18:36:48.297133,Description non disponible depuis la recherche,Stock non disponible,ISBN non disponible,Éditeur non disponible,Date non disponible,Nombre de pages non disponible,Rang de vente non disponible,Manga,24.0,,
Blue Lock Season 1 Part 1 Manga Box Set,https://www.amazon.fr/Blue-Lock-Season-Part-Manga/dp/B0CZQ5GD57/ref=sr_1_377,"70,19 €",Muneyuki Kaneshiro,"4,9 sur 5 étoiles, détails de l’évaluation",143,Broché,https://m.media-amazon.com/images/I/81Wo3b3sNZL._AC_UY218_.jpg,2025-09-04T18:36:48.299726,Description non disponible depuis la recherche,Stock non disponible,ISBN non disponible,Éditeur non disponible,Date non disponible,Nombre de pages non disponible,Rang de vente non disponible,Manga,24.0,,
Death Note - Tome 2,https://www.amazon.fr/Death-note-Vol-2-%C3%94BA-Tsugumi/dp/2505000425/ref=sr_1_378,"7,30 €",Tsugumi Ohba,"4,8 sur 5 étoiles, détails de l’évaluation",864,Broché,https://m.media-amazon.com/images/I/81CNyr9MXmL._AC_UY218_.jpg,2025-09-04T18:36:48.303011,Description non disponible depuis la recherche,Stock non disponible,ISBN non disponible,Éditeur non disponible,Date non disponible,Nombre de pages non disponible,Rang de vente non disponible,Manga,24.0,,
Bleach - Tome 13: The undead,https://www.amazon.fr/Bleach-Vol-13-TITE-Kubo/dp/2723451313/ref=sr_1_379,"7,20 €",Tite Kubo,"4,9 sur 5 étoiles, détails de l’évaluation",120,Broché,https://m.media-amazon.com/images/I/51DOlJq8VxL._AC_UY218_.jpg,2025-09-04T18:36:48.306239,Description non disponible depuis la recherche,Stock non disponible,ISBN non disponible,Éditeur non disponible,Date non disponible,Nombre de pages non disponible,Rang de vente non disponible,Manga,24.0,,
Harem in the Fantasy World Dungeon - Tome 10,https://www.amazon.fr/Harem-Fantasy-World-Dungeon-10/dp/2382751827/ref=sr_1_380,"6,95 €","de Issei Hyouju, Shikidouji, et al. | 27 juin 2025","5,0 sur 5 étoiles, détails de l’évaluation",5,Poche,https://m.media-amazon.com/images/I/81mLtED9TRL._AC_UY218_.jpg,2025-09-04T18:36:48.308701,Description non disponible depuis la recherche,Stock non disponible,ISBN non disponible,Éditeur non disponible,Date non disponible,Nombre de pages non disponible,Rang de vente non disponible,Manga,24.0,,
Le retour du clan Hwasan - Tome 6,https://www.amazon.fr/retour-clan-Hwasan-Biga/dp/2749957141/ref=sr_1_381,"14,95 €",de Biga et Studio Lico | 15 mai 2025,"5,0 sur 5 étoiles, détails de l’évaluation",3,Poche,https://m.media-amazon.com/images/I/71PfCjKEPCL._AC_UY218_.jpg,2025-09-04T18:36:48.311409,Description non disponible depuis la recherche,Stock non disponible,ISBN non disponible,Éditeur non disponible,Date non disponible,Nombre de pages non disponible,Rang de vente non disponible,Manga,24.0,,
Evol T03,https://www.amazon.fr/Evol-T03-Atsushi-Kaneko/dp/2413078673/ref=sr_1_382,"19,99 €",Atsushi Kaneko,"4,7 sur 5 étoiles, détails de l’évaluation",5,Relié,https://m.media-amazon.com/images/I/81jVdvx8yiL._AC_UY218_.jpg,2025-09-04T18:36:48.314061,Description non disponible depuis la recherche,Stock non disponible,ISBN non disponible,Éditeur non disponible,Date non disponible,Nombre de pages non disponible,Rang de vente non disponible,Manga,24.0,,
Sexy Cosplay Doll - Tome 4,https://www.amazon.fr/Sexy-Cosplay-Doll-Shinichi-Fukuda/dp/2505084734/ref=sr_1_383,"8,10 €",Shinichi Fukuda,"4,9 sur 5 étoiles, détails de l’évaluation",235,Broché,https://m.media-amazon.com/images/I/81aaSRmSR0L._AC_UY218_.jpg,2025-09-04T18:36:48.316311,Description non disponible depuis la recherche,Stock non disponible,ISBN non disponible,Éditeur non disponible,Date non disponible,Nombre de pages non disponible,Rang de vente non disponible,Manga,24.0,,
Honey Lemon Soda T10,https://www.amazon.fr/Honey-Lemon-Soda-Mayu-Murata/dp/2384964232/ref=sr_1_384,"7,20 €",Mayu Murata,"5,0 sur 5 étoiles, détails de l’évaluation",2,Poche,https://m.media-amazon.com/images/I/81U-C5WsINL._AC_UY218_.jpg,2025-09-04T18:36:48.318859,Description non disponible depuis la recherche,Stock non disponible,ISBN non disponible,Éditeur non disponible,Date non disponible,Nombre de pages non disponible,Rang de vente non disponible,Manga,24.0,,
Honey Lemon Soda T10,https://www.amazon.fr/Honey-Lemon-Soda-Mayu-Murata/dp/2384964232/ref=sr_1_385,"7,20 €",Mayu Murata,"5,0 sur 5 étoiles, détails de l’évaluation",2,Poche,https://m.media-amazon.com/images/I/81U-C5WsINL._AC_UY218_.jpg,2025-09-04T18:36:58.591737,Description non disponible depuis la recherche,Stock non disponible,ISBN non disponible,Éditeur non disponible,Date non disponible,Nombre de pages non disponible,Rang de vente non disponible,Manga,25.0,,
Blue Box T04,https://www.amazon.fr/Blue-Box-T04-Miura-Kouji/dp/2413078614/ref=sr_1_386,"7,29 €",de Miura Kouji | 27 septembre 2023,"4,9 sur 5 étoiles, détails de l’évaluation",19,Broché,https://m.media-amazon.com/images/I/81ROIT+mVhL._AC_UY218_.jpg,2025-09-04T18:36:58.595196,Description non disponible depuis la recherche,Stock non disponible,ISBN non disponible,Éditeur non disponible,Date non disponible,Nombre de pages non disponible,Rang de vente non disponible,Manga,25.0,,
Comme un manga: Tome 1,https://www.amazon.fr/Comme-manga-1-Elisabeth-Castel-ebook/dp/B0CQRGZ42C/ref=sr_1_387,"12,00 €",A.Elisabeth Castel,"4,6 sur 5 étoiles, détails de l’évaluation",58,Format Kindle,https://m.media-amazon.com/images/I/81N1klvuuYL._AC_UY218_.jpg,2025-09-04T18:36:58.597453,Description non disponible depuis la recherche,Stock non disponible,ISBN non disponible,Éditeur non disponible,Date non disponible,Nombre de pages non disponible,Rang de vente non disponible,Manga,25.0,,
Oshi no ko - T3 (3),https://www.amazon.fr/Oshi-no-ko-T3-3/dp/2380713065/ref=sr_1_388,"7,95 €",Aka Akasaka,"4,9 sur 5 étoiles, détails de l’évaluation",192,Poche,https://m.media-amazon.com/images/I/71A1XZsFC6L._AC_UY218_.jpg,2025-09-04T18:36:58.599946,Description non disponible depuis la recherche,Stock non disponible,ISBN non disponible,Éditeur non disponible,Date non disponible,Nombre de pages non disponible,Rang de vente non disponible,Manga,25.0,,
Fairy Tail T27,https://www.amazon.fr/Fairy-Tail-Vol-27-Hiro-Mashima/dp/2811606963/ref=sr_1_389,"7,20 €",Hiro Mashima,"4,9 sur 5 étoiles, détails de l’évaluation",271,Poche,https://m.media-amazon.com/images/I/918XwnEddhL._AC_UY218_.jpg,2025-09-04T18:36:58.602483,Description non disponible depuis la recherche,Stock non disponible,ISBN non disponible,Éditeur non disponible,Date non disponible,Nombre de pages non disponible,Rang de vente non disponible,Manga,25.0,,
"Agenda Scolaire 2025–2026: Planificateur et Organisateur Scolaire Pour Primaire, Collège et Lycée | Parfait Pour Fille et Garçon | Thème manga | Reste Organisé et Motivé Toute L'année !",https://www.amazon.fr/Agenda-Scolaire-2025-2026-Planificateur-Organisateur/dp/B0FMNW5QM1/ref=sr_1_390,"13,60 €",de Tiago A | 9 août 2025,"2,0 sur 5 étoiles, détails de l’évaluation",1,Broché,https://m.media-amazon.com/images/I/71VfTDKz03L._AC_UY218_.jpg,2025-09-04T18:36:58.605098,Description non disponible depuis la recherche,Stock non disponible,ISBN non disponible,Éditeur non disponible,Date non disponible,Nombre de pages non disponible,Rang de vente non disponible,Manga,25.0,,
Death Note - Tome 3,https://www.amazon.fr/Death-note-Vol-3-%C3%94BA-Tsugumi/dp/2505000794/ref=sr_1_391,"7,30 €",Tsugumi Ohba,"4,8 sur 5 étoiles, détails de l’évaluation",818,Broché,https://m.media-amazon.com/images/I/91r3EHCzBUL._AC_UY218_.jpg,2025-09-04T18:36:58.608933,Description non disponible depuis la recherche,Stock non disponible,ISBN non disponible,Éditeur non disponible,Date non disponible,Nombre de pages non disponible,Rang de vente non disponible,Manga,25.0,,
One Piece - Blue Deep,https://www.amazon.fr/One-Piece-Blue-Eiichiro-Oda/dp/2723495639/ref=sr_1_392,"7,90 €",Eiichiro Oda,"4,7 sur 5 étoiles, détails de l’évaluation",244,Broché,https://m.media-amazon.com/images/I/91srdlDWbJL._AC_UY218_.jpg,2025-09-04T18:36:58.610984,Description non disponible depuis la recherche,Stock non disponible,ISBN non disponible,Éditeur non disponible,Date non disponible,Nombre de pages non disponible,Rang de vente non disponible,Manga,25.0,,
Pokémon Épée et Bouclier - T1 (1),https://www.amazon.fr/Pok%C3%A9mon-%C3%89p%C3%A9e-Bouclier-T1-1/dp/2380711526/ref=sr_1_393,"7,30 €","de Hidenori Kusaka, Satoshi Yamamoto, et al. | 14 janvier 2021","4,8 sur 5 étoiles, détails de l’évaluation",399,Broché,https://m.media-amazon.com/images/I/718afbJiDJL._AC_UY218_.jpg,2025-09-04T18:36:58.613598,Description non disponible depuis la recherche,Stock non disponible,ISBN non disponible,Éditeur non disponible,Date non disponible,Nombre de pages non disponible,Rang de vente non disponible,Manga,25.0,,
Sakamoto Days - Tome 09,https://www.amazon.fr/Sakamoto-Days-09-Yuto-Suzuki/dp/2344055398/ref=sr_1_394,"7,20 €",Yuto Suzuki,"4,9 sur 5 étoiles, détails de l’évaluation",63,Poche,https://m.media-amazon.com/images/I/81ZdMmKvszL._AC_UY218_.jpg,2025-09-04T18:36:58.615881,Description non disponible depuis la recherche,Stock non disponible,ISBN non disponible,Éditeur non disponible,Date non disponible,Nombre de pages non disponible,Rang de vente non disponible,Manga,25.0,,
"Berserk of Gluttony T06 - Manga: Berserk of Gluttony Manga, T6",https://www.amazon.fr/Berserk-Gluttony-T06-Manga-T6-ebook/dp/B0CRVV4DKH/ref=sr_1_395,"8,00 €","de Ichika Isshiki, Daisuke Takino, et al. | 26 janvier 2024","4,7 sur 5 étoiles, détails de l’évaluation",73,Format Kindle,https://m.media-amazon.com/images/I/71LC-mI+d2L._AC_UY218_.jpg,2025-09-04T18:36:58.618514,Description non disponible depuis la recherche,Stock non disponible,ISBN non disponible,Éditeur non disponible,Date non disponible,Nombre de pages non disponible,Rang de vente non disponible,Manga,25.0,,
L'Attaque des Titans T24,https://www.amazon.fr/LAttaque-Titans-T24-Hajime-Isayama/dp/281163990X/ref=sr_1_396,"7,20 €",Hajime Isayama,"4,9 sur 5 étoiles, détails de l’évaluation",623,Poche,https://m.media-amazon.com/images/I/81hHoV9q2FL._AC_UY218_.jpg,2025-09-04T18:36:58.621044,Description non disponible depuis la recherche,Stock non disponible,ISBN non disponible,Éditeur non disponible,Date non disponible,Nombre de pages non disponible,Rang de vente non disponible,Manga,25.0,,
Sasaki et Miyano - Tome 8 (VF),https://www.amazon.fr/Sasaki-Miyano-VF-Shou-Harusono/dp/2382124571/ref=sr_1_397,"7,95 €",Shou Harusono,"4,9 sur 5 étoiles, détails de l’évaluation",45,Poche,https://m.media-amazon.com/images/I/7144XBdCREL._AC_UY218_.jpg,2025-09-04T18:36:58.623815,Description non disponible depuis la recherche,Stock non disponible,ISBN non disponible,Éditeur non disponible,Date non disponible,Nombre de pages non disponible,Rang de vente non disponible,Manga,25.0,,
Programme 8 semaines pour arrêter de manger mes émotions !: La méthode Isabelle Minceur,https://www.amazon.fr/Programme-semaines-arr%C3%AAter-manger-%C3%A9motions/dp/2036062164/ref=sr_1_398,"16,95 €",Isabelle Veverka,"4,4 sur 5 étoiles, détails de l’évaluation",79,Broché,https://m.media-amazon.com/images/I/717C6lnMeQL._AC_UY218_.jpg,2025-09-04T18:36:58.626497,Description non disponible depuis la recherche,Stock non disponible,ISBN non disponible,Éditeur non disponible,Date non disponible,Nombre de pages non disponible,Rang de vente non disponible,Manga,25.0,,
Lili-Men T05,https://www.amazon.fr/Lili-Men-T05-Takuma-Tokashiki/dp/B0DHBXTX3Y/ref=sr_1_399,"7,95 €",de Takuma Tokashiki | 4 septembre 2025,Note non disponible,0 avis,Broché,https://m.media-amazon.com/images/I/61+EAQAOx1L._AC_UY218_.jpg,2025-09-04T18:36:58.630118,Description non disponible depuis la recherche,Stock non disponible,ISBN non disponible,Éditeur non disponible,Date non disponible,Nombre de pages non disponible,Rang de vente non disponible,Manga,25.0,,
Naruto - Tome 68,https://www.amazon.fr/Naruto-Vol-68-KISHIMOTO-Masashi/dp/250506167X/ref=sr_1_400,"7,30 €",Masashi Kishimoto,"4,8 sur 5 étoiles, détails de l’évaluation",392,Broché,https://m.media-amazon.com/images/I/81RIozg6jeL._AC_UY218_.jpg,2025-09-04T18:36:58.632730,Description non disponible depuis la recherche,Stock non disponible,ISBN non disponible,Éditeur non disponible,Date non disponible,Nombre de pages non disponible,Rang de vente non disponible,Manga,25.0,,
Ascension T06,https://www.amazon.fr/Ascension-Vol-6-SAKAMOTO-ShinIchi/dp/2756020478/ref=sr_1_401,"8,50 €",de SAKAMOTO-S | 17 août 2011,"4,8 sur 5 étoiles, détails de l’évaluation",37,Broché,https://m.media-amazon.com/images/I/81nyk4tg13S._AC_UY218_.jpg,2025-09-04T18:37:06.697433,Description non disponible depuis la recherche,Stock non disponible,ISBN non disponible,Éditeur non disponible,Date non disponible,Nombre de pages non disponible,Rang de vente non disponible,Manga,26.0,,
Promise Cinderella - Tome 02,https://www.amazon.fr/Promise-Cinderella-02-Oreco-Tachibana/dp/234406544X/ref=sr_1_402,"7,90 €",Oreco Tachibana,"4,4 sur 5 étoiles, détails de l’évaluation",6,Poche,https://m.media-amazon.com/images/I/71wmRzoCcYL._AC_UY218_.jpg,2025-09-04T18:37:06.699981,Description non disponible depuis la recherche,Stock non disponible,ISBN non disponible,Éditeur non disponible,Date non disponible,Nombre de pages non disponible,Rang de vente non disponible,Manga,26.0,,
"Le XXe siècle en manga, Tome 03: Le XXème siècle après 1960",https://www.amazon.fr/XXe-si%C3%A8cle-manga-03-XX%C3%A8me/dp/B0BRS6YG29/ref=sr_1_405,"13,50 €",de Marie VILLENEUVE | 26 avril 2023,"4,9 sur 5 étoiles, détails de l’évaluation",21,Broché,https://m.media-amazon.com/images/I/71RYe+xbMoL._AC_UY218_.jpg,2025-09-04T18:37:06.708270,Description non disponible depuis la recherche,Stock non disponible,ISBN non disponible,Éditeur non disponible,Date non disponible,Nombre de pages non disponible,Rang de vente non disponible,Manga,26.0,,
Asakiyumemishi - Le Dit du Genji T03,https://www.amazon.fr/Asakiyumemishi-Dit-du-Genji-T03/dp/B0DSPGZLS4/ref=sr_1_406,"19,99 €",Waki Yamato,Note non disponible,0 avis,Broché,https://m.media-amazon.com/images/I/81pVKxjP9wL._AC_UY218_.jpg,2025-09-04T18:37:06.711368,Description non disponible depuis la recherche,Stock non disponible,ISBN non disponible,Éditeur non disponible,Date non disponible,Nombre de pages non disponible,Rang de vente non disponible,Manga,26.0,,
COUTEAU ET PIMENT VERT VOL.3,https://www.amazon.fr/COUTEAU-PIMENT-VERT-VOL-3-ISOYA/dp/235348378X/ref=sr_1_407,"8,50 €",de YUKI ISOYA | 23 octobre 2024,"5,0 sur 5 étoiles, détails de l’évaluation",3,Poche,https://m.media-amazon.com/images/I/81Ry61POxYL._AC_UY218_.jpg,2025-09-04T18:37:06.713776,Description non disponible depuis la recherche,Stock non disponible,ISBN non disponible,Éditeur non disponible,Date non disponible,Nombre de pages non disponible,Rang de vente non disponible,Manga,26.0,,
Dr. Stone - Tome 10,https://www.amazon.fr/Dr-Stone-10-Riichir%C3%B4-Inagaki/dp/2344039694/ref=sr_1_408,"7,20 €",Riichirô Inagaki,"4,9 sur 5 étoiles, détails de l’évaluation",489,Broché,https://m.media-amazon.com/images/I/91YVf55ZSnL._AC_UY218_.jpg,2025-09-04T18:37:06.716729,Description non disponible depuis la recherche,Stock non disponible,ISBN non disponible,Éditeur non disponible,Date non disponible,Nombre de pages non disponible,Rang de vente non disponible,Manga,26.0,,
"Comme une famille T01: Comme une famille, T1",https://www.amazon.fr/Comme-une-famille-T01-T1-ebook/dp/B0D8VYF83C/ref=sr_1_409,Prix non disponible,Kai Asou,"4,6 sur 5 étoiles, détails de l’évaluation",47,Format Kindle,https://m.media-amazon.com/images/I/71HJ2lEuQHL._AC_UY218_.jpg,2025-09-04T18:37:06.719083,Description non disponible depuis la recherche,Stock non disponible,ISBN non disponible,Éditeur non disponible,Date non disponible,Nombre de pages non disponible,Rang de vente non disponible,Manga,26.0,,
Sushi Ichi Tome 3,https://www.amazon.fr/Sushi-Ichi-3-Etsushi-Ogawa/dp/2380463816/ref=sr_1_410,"8,90 €",de Etsushi Ogawa | 27 août 2025,Note non disponible,0 avis,Poche,https://m.media-amazon.com/images/I/61ccXwtLm1L._AC_UY218_.jpg,2025-09-04T18:37:06.721642,Description non disponible depuis la recherche,Stock non disponible,ISBN non disponible,Éditeur non disponible,Date non disponible,Nombre de pages non disponible,Rang de vente non disponible,Manga,26.0,,
The Cave King - vol. 07,https://www.amazon.fr/Cave-King-vol-07/dp/B0F2LLF3KQ/ref=sr_1_411,"7,50 €",de Hajime NAEHARA et DEMISE Takao | 2 juillet 2025,"5,0 sur 5 étoiles, détails de l’évaluation",14,Poche,https://m.media-amazon.com/images/I/81whODI7JYL._AC_UY218_.jpg,2025-09-04T18:37:06.724517,Description non disponible depuis la recherche,Stock non disponible,ISBN non disponible,Éditeur non disponible,Date non disponible,Nombre de pages non disponible,Rang de vente non disponible,Manga,26.0,,
Livre De Coloriage Anime & Manga: Livre d’illustrations mettant en avant des figures expressives et des scènes inspirées de la bande dessinée japonaise.,https://www.amazon.fr/Livre-Coloriage-Anime-Manga-dillustrations/dp/B0FMP6NGQP/ref=sr_1_412,"11,99 €",Ode Mann Éditions,Note non disponible,0 avis,Broché,https://m.media-amazon.com/images/I/71ZQGKBvDgL._AC_UY218_.jpg,2025-09-04T18:37:06.726470,Description non disponible depuis la recherche,Stock non disponible,ISBN non disponible,Éditeur non disponible,Date non disponible,Nombre de pages non disponible,Rang de vente non disponible,Manga,26.0,,
"Berserk of Gluttony T02 - Manga: Berserk of Gluttony Manga, T2",https://www.amazon.fr/Berserk-Gluttony-T02-Manga-T2-ebook/dp/B0CPPLFWCX/ref=sr_1_413,"8,00 €",Ichika Isshiki,"4,7 sur 5 étoiles, détails de l’évaluation",125,Format Kindle,https://m.media-amazon.com/images/I/81rXrz1NEWL._AC_UY218_.jpg,2025-09-04T18:37:06.728669,Description non disponible depuis la recherche,Stock non disponible,ISBN non disponible,Éditeur non disponible,Date non disponible,Nombre de pages non disponible,Rang de vente non disponible,Manga,26.0,,
Toilet-bound Hanako-kun T19,https://www.amazon.fr/Toilet-bound-Hanako-kun-T19-AidaIro/dp/2811690190/ref=sr_1_414,"7,70 €",AidaIro,"4,8 sur 5 étoiles, détails de l’évaluation",29,Poche,https://m.media-amazon.com/images/I/81OQ2qGTxHL._AC_UY218_.jpg,2025-09-04T18:37:06.731183,Description non disponible depuis la recherche,Stock non disponible,ISBN non disponible,Éditeur non disponible,Date non disponible,Nombre de pages non disponible,Rang de vente non disponible,Manga,26.0,,
Sailor Moon T02,https://www.amazon.fr/Sailor-Moon-Pretty-Guardian-Vol-2/dp/2811607145/ref=sr_1_415,"7,20 €",Naoko Takeuchi,"4,8 sur 5 étoiles, détails de l’évaluation",438,Poche,https://m.media-amazon.com/images/I/81sscKePDlL._AC_UY218_.jpg,2025-09-04T18:37:06.733494,Description non disponible depuis la recherche,Stock non disponible,ISBN non disponible,Éditeur non disponible,Date non disponible,Nombre de pages non disponible,Rang de vente non disponible,Manga,26.0,,
ILS ETAIENT DIX - T2 MANGA,https://www.amazon.fr/ILS-ETAIENT-DIX-T2-MANGA/dp/2889326152/ref=sr_1_416,"8,00 €",Agatha Christie,"4,7 sur 5 étoiles, détails de l’évaluation",3,Relié,https://m.media-amazon.com/images/I/81Jr869N4cL._AC_UY218_.jpg,2025-09-04T18:37:06.736060,Description non disponible depuis la recherche,Stock non disponible,ISBN non disponible,Éditeur non disponible,Date non disponible,Nombre de pages non disponible,Rang de vente non disponible,Manga,26.0,,
Sailor Moon T02,https://www.amazon.fr/Sailor-Moon-Pretty-Guardian-Vol-2/dp/2811607145/ref=sr_1_418,"7,20 €",Naoko Takeuchi,"4,8 sur 5 étoiles, détails de l’évaluation",438,Poche,https://m.media-amazon.com/images/I/81sscKePDlL._AC_UY218_.jpg,2025-09-04T18:37:17.646416,Description non disponible depuis la recherche,Stock non disponible,ISBN non disponible,Éditeur non disponible,Date non disponible,Nombre de pages non disponible,Rang de vente non disponible,Manga,27.0,,
ILS ETAIENT DIX - T2 MANGA,https://www.amazon.fr/ILS-ETAIENT-DIX-T2-MANGA/dp/2889326152/ref=sr_1_419,"8,00 €",Agatha Christie,"4,7 sur 5 étoiles, détails de l’évaluation",3,Relié,https://m.media-amazon.com/images/I/81Jr869N4cL._AC_UY218_.jpg,2025-09-04T18:37:17.649018,Description non disponible depuis la recherche,Stock non disponible,ISBN non disponible,Éditeur non disponible,Date non disponible,Nombre de pages non disponible,Rang de vente non disponible,Manga,27.0,,
Mochi et compagnie T06,https://www.amazon.fr/Mochi-compagnie-T06-Hiromu-Shinozuka/dp/2373495430/ref=sr_1_420,"7,20 €",Hiromu Shinozuka,"4,9 sur 5 étoiles, détails de l’évaluation",104,Poche,https://m.media-amazon.com/images/I/811z3NRkayS._AC_UY218_.jpg,2025-09-04T18:37:17.651059,Description non disponible depuis la recherche,Stock non disponible,ISBN non disponible,Éditeur non disponible,Date non disponible,Nombre de pages non disponible,Rang de vente non disponible,Manga,27.0,,
LE VENDEUR DU MAGASIN DE VELOS VOL.2,https://www.amazon.fr/VENDEUR-DU-MAGASIN-VELOS-VOL-2/dp/235348302X/ref=sr_1_423,"8,50 €",de ARARE MATSUMUSHI | 11 octobre 2023,"5,0 sur 5 étoiles, détails de l’évaluation",5,Poche,https://m.media-amazon.com/images/I/81RUYlKMcjL._AC_UY218_.jpg,2025-09-04T18:37:17.658355,Description non disponible depuis la recherche,Stock non disponible,ISBN non disponible,Éditeur non disponible,Date non disponible,Nombre de pages non disponible,Rang de vente non disponible,Manga,27.0,,
Metamorphosis,https://www.amazon.fr/Metamorphosis-Shindo-L/dp/1634420608/ref=sr_1_424,"18,38 €",Édition en Anglais | de Shindo L | 18 mai 2017,"4,7 sur 5 étoiles, détails de l’évaluation",1 019,Broché,https://m.media-amazon.com/images/I/811iuye+KEL._AC_UY218_.jpg,2025-09-04T18:37:17.661100,Description non disponible depuis la recherche,Stock non disponible,ISBN non disponible,Éditeur non disponible,Date non disponible,Nombre de pages non disponible,Rang de vente non disponible,Manga,27.0,,
"Moi, quand je me réincarne en Slime - tome 03 (3)",https://www.amazon.fr/Moi-quand-r%C3%A9incarne-Slime-03/dp/2368526269/ref=sr_1_425,"7,95 €","de Taiki Kawakami, Mitz Vah, et al. | 8 mars 2018","4,8 sur 5 étoiles, détails de l’évaluation",339,Tankobon broché,https://m.media-amazon.com/images/I/71hBzSU9RwL._AC_UY218_.jpg,2025-09-04T18:37:17.664442,Description non disponible depuis la recherche,Stock non disponible,ISBN non disponible,Éditeur non disponible,Date non disponible,Nombre de pages non disponible,Rang de vente non disponible,Manga,27.0,,
De neige et d'encre T02,https://www.amazon.fr/neige-dencre-T02-Miyuki-Unohana/dp/B0F1T8R1BH/ref=sr_1_426,"8,29 €",de Miyuki Unohana | 2 juillet 2025,"5,0 sur 5 étoiles, détails de l’évaluation",1,Broché,https://m.media-amazon.com/images/I/71hrizV0sAL._AC_UY218_.jpg,2025-09-04T18:37:17.667626,Description non disponible depuis la recherche,Stock non disponible,ISBN non disponible,Éditeur non disponible,Date non disponible,Nombre de pages non disponible,Rang de vente non disponible,Manga,27.0,,
The Water Magician (Manga): Volume 4 (English Edition),https://www.amazon.fr/Water-Magician-Manga-English-ebook/dp/B0DYGB7LNB/ref=sr_1_427,"8,59 €",Tadashi Kubou,"4,6 sur 5 étoiles, détails de l’évaluation",50,Format Kindle,https://m.media-amazon.com/images/I/81pwuMr7RUL._AC_UY218_.jpg,2025-09-04T18:37:17.669594,Description non disponible depuis la recherche,Stock non disponible,ISBN non disponible,Éditeur non disponible,Date non disponible,Nombre de pages non disponible,Rang de vente non disponible,Manga,27.0,,
"Moi, quand je me réincarne en Slime - Tome 25",https://www.amazon.fr/Moi-quand-r%C3%A9incarne-Slime-25/dp/B0D6YFX1VP/ref=sr_1_428,"7,95 €",Fuse,"4,7 sur 5 étoiles, détails de l’évaluation",49,Poche,https://m.media-amazon.com/images/I/71lg9i+wMML._AC_UY218_.jpg,2025-09-04T18:37:17.672389,Description non disponible depuis la recherche,Stock non disponible,ISBN non disponible,Éditeur non disponible,Date non disponible,Nombre de pages non disponible,Rang de vente non disponible,Manga,27.0,,
Boruto - Naruto next generations - Tome 9,https://www.amazon.fr/Boruto-Naruto-next-generations-9/dp/2505080674/ref=sr_1_429,"7,30 €",Ukyo Kodachi,"4,8 sur 5 étoiles, détails de l’évaluation",624,Broché,https://m.media-amazon.com/images/I/81C0H236yjL._AC_UY218_.jpg,2025-09-04T18:37:17.675314,Description non disponible depuis la recherche,Stock non disponible,ISBN non disponible,Éditeur non disponible,Date non disponible,Nombre de pages non disponible,Rang de vente non disponible,Manga,27.0,,
Dragon & Caméléon T01,https://www.amazon.fr/Dragon-Cam%C3%A9l%C3%A9on-T01-Ryo-Ishiyama/dp/B0DX5B6LN5/ref=sr_1_430,"7,95 €",Ryo Ishiyama,"4,0 sur 5 étoiles, détails de l’évaluation",1,Poche,https://m.media-amazon.com/images/I/71v46oirrYL._AC_UY218_.jpg,2025-09-04T18:37:17.677362,Description non disponible depuis la recherche,Stock non disponible,ISBN non disponible,Éditeur non disponible,Date non disponible,Nombre de pages non disponible,Rang de vente non disponible,Manga,27.0,,
Mécanique du point - Guides manga,https://www.amazon.fr/M%C3%A9canique-du-point-Collectif/dp/2351413385/ref=sr_1_431,"17,99 €",Hideo Nitta,"4,5 sur 5 étoiles, détails de l’évaluation",24,Broché,https://m.media-amazon.com/images/I/81H-2RhiOFL._AC_UY218_.jpg,2025-09-04T18:37:17.679725,Description non disponible depuis la recherche,Stock non disponible,ISBN non disponible,Éditeur non disponible,Date non disponible,Nombre de pages non disponible,Rang de vente non disponible,Manga,27.0,,
Détective Conan - Tome 23,https://www.amazon.fr/D%C3%A9tective-Conan-23-Gosho-Aoyama/dp/2871292590/ref=sr_1_432,"7,30 €",Gosho Aoyama,"4,8 sur 5 étoiles, détails de l’évaluation",126,Poche,https://m.media-amazon.com/images/I/81vjlCVP1tL._AC_UY218_.jpg,2025-09-04T18:37:17.682355,Description non disponible depuis la recherche,Stock non disponible,ISBN non disponible,Éditeur non disponible,Date non disponible,Nombre de pages non disponible,Rang de vente non disponible,Manga,27.0,,
Détective Conan - Tome 23,https://www.amazon.fr/D%C3%A9tective-Conan-23-Gosho-Aoyama/dp/2871292590/ref=sr_1_433,"7,30 €",Gosho Aoyama,"4,8 sur 5 étoiles, détails de l’évaluation",126,Poche,https://m.media-amazon.com/images/I/81vjlCVP1tL._AC_UY218_.jpg,2025-09-04T18:37:27.691991,Description non disponible depuis la recherche,Stock non disponible,ISBN non disponible,Éditeur non disponible,Date non disponible,Nombre de pages non disponible,Rang de vente non disponible,Manga,28.0,,
Le Prince alchimiste - vol. 04,https://www.amazon.fr/Prince-alchimiste-vol-04/dp/B0C7Z7BD2C/ref=sr_1_434,"7,50 €",de Rui TSUKIYO et S. Kosugi | 6 décembre 2023,"4,8 sur 5 étoiles, détails de l’évaluation",20,Poche,https://m.media-amazon.com/images/I/81wvcRnt+oL._AC_UY218_.jpg,2025-09-04T18:37:27.694785,Description non disponible depuis la recherche,Stock non disponible,ISBN non disponible,Éditeur non disponible,Date non disponible,Nombre de pages non disponible,Rang de vente non disponible,Manga,28.0,,
Rainbow Ultimate T02,https://www.amazon.fr/Rainbow-Ultimate-T02-Masasumi-Kakizaki/dp/2820322352/ref=sr_1_439,"14,99 €",Masasumi Kakizaki,"4,8 sur 5 étoiles, détails de l’évaluation",31,Broché,https://m.media-amazon.com/images/I/91LQgekRA5L._AC_UY218_.jpg,2025-09-04T18:37:27.708840,Description non disponible depuis la recherche,Stock non disponible,ISBN non disponible,Éditeur non disponible,Date non disponible,Nombre de pages non disponible,Rang de vente non disponible,Manga,28.0,,
Kaiju N°8 T03,https://www.amazon.fr/Kaiju-N%C2%B08-T03-Naoya-Matsumoto/dp/2820343090/ref=sr_1_440,"7,15 €",de Naoya Matsumoto | 2 février 2022,"4,9 sur 5 étoiles, détails de l’évaluation",706,Broché,https://m.media-amazon.com/images/I/81fpcvwbYDL._AC_UY218_.jpg,2025-09-04T18:37:27.712213,Description non disponible depuis la recherche,Stock non disponible,ISBN non disponible,Éditeur non disponible,Date non disponible,Nombre de pages non disponible,Rang de vente non disponible,Manga,28.0,,
The Captured Lady Knight is Adored by the Enemy General (Romance Manga) (English Edition),https://www.amazon.fr/Captured-Knight-General-Romance-English-ebook/dp/B0DM5818MV/ref=sr_1_443,"5,00 €",Édition en Anglais | de USA USAMIYA et KOMIKA OKANO | 13 novembre 2024,"3,8 sur 5 étoiles, détails de l’évaluation",46,Format Kindle,https://m.media-amazon.com/images/I/81qT5HI5guL._AC_UY218_.jpg,2025-09-04T18:37:27.719418,Description non disponible depuis la recherche,Stock non disponible,ISBN non disponible,Éditeur non disponible,Date non disponible,Nombre de pages non disponible,Rang de vente non disponible,Manga,28.0,,
All Out!! T12,https://www.amazon.fr/All-Out-T12-Shiori-Amase/dp/2811683046/ref=sr_1_444,"7,70 €",Shiori Amase,Note non disponible,0 avis,Poche,https://m.media-amazon.com/images/I/81kRK86ThWL._AC_UY218_.jpg,2025-09-04T18:37:27.722560,Description non disponible depuis la recherche,Stock non disponible,ISBN non disponible,Éditeur non disponible,Date non disponible,Nombre de pages non disponible,Rang de vente non disponible,Manga,28.0,,
Nana T18,https://www.amazon.fr/Nana-Vol-18-YAZAWA-Ai/dp/2756013595/ref=sr_1_445,"8,50 €",de YAZAWA-A | 12 mars 2008,"4,9 sur 5 étoiles, détails de l’évaluation",118,Broché,https://m.media-amazon.com/images/I/81ZEc0YWMfL._AC_UY218_.jpg,2025-09-04T18:37:27.726125,Description non disponible depuis la recherche,Stock non disponible,ISBN non disponible,Éditeur non disponible,Date non disponible,Nombre de pages non disponible,Rang de vente non disponible,Manga,28.0,,
Shy - Tome 25,https://www.amazon.fr/Shy-25-Bukimi-Miki/dp/250513345X/ref=sr_1_447,"7,30 €",de Bukimi Miki | 11 juillet 2025,Note non disponible,0 avis,Broché,https://m.media-amazon.com/images/I/71Af+jhf8EL._AC_UY218_.jpg,2025-09-04T18:37:27.732708,Description non disponible depuis la recherche,Stock non disponible,ISBN non disponible,Éditeur non disponible,Date non disponible,Nombre de pages non disponible,Rang de vente non disponible,Manga,28.0,,
Kaiju N°8 T04,https://www.amazon.fr/Kaiju-N%C2%B08-T04-Naoya-Matsumoto/dp/2820343104/ref=sr_1_450,"7,15 €",de Naoya Matsumoto | 6 avril 2022,"4,9 sur 5 étoiles, détails de l’évaluation",594,Poche,https://m.media-amazon.com/images/I/71TmZZGk8ML._AC_UY218_.jpg,2025-09-04T18:37:37.423055,Description non disponible depuis la recherche,Stock non disponible,ISBN non disponible,Éditeur non disponible,Date non disponible,Nombre de pages non disponible,Rang de vente non disponible,Manga,29.0,,
Vampire Dormitory T13,https://www.amazon.fr/Vampire-Dormitory-T13-Ema-Toyama/dp/2811697705/ref=sr_1_451,"7,20 €",Ema Toyama,"5,0 sur 5 étoiles, détails de l’évaluation",1,Poche,https://m.media-amazon.com/images/I/81S71A3DtaL._AC_UY218_.jpg,2025-09-04T18:37:37.424954,Description non disponible depuis la recherche,Stock non disponible,ISBN non disponible,Éditeur non disponible,Date non disponible,Nombre de pages non disponible,Rang de vente non disponible,Manga,29.0,,
Mange tes légumes !: 75 recettes pour faire avaler des légumes aux enfants en leur racontant des salades,https://www.amazon.fr/l%C3%A9gumes-recettes-avaler-enfants-racontant/dp/B0BGN7SR82/ref=sr_1_452,"24,00 €",Stéphanie Antoine,"4,4 sur 5 étoiles, détails de l’évaluation",17,Broché,https://m.media-amazon.com/images/I/818WuVVuTQL._AC_UY218_.jpg,2025-09-04T18:37:37.427792,Description non disponible depuis la recherche,Stock non disponible,ISBN non disponible,Éditeur non disponible,Date non disponible,Nombre de pages non disponible,Rang de vente non disponible,Manga,29.0,,
Call of the night - Tome 15,https://www.amazon.fr/Call-night-15-Kotoyama/dp/B0FC1KMW25/ref=sr_1_453,"7,30 €",de Kotoyama et Xavière Daumarie | 13 novembre 2025,Note non disponible,0 avis,Poche,https://m.media-amazon.com/images/I/713kCxG1HTL._AC_UY218_.jpg,2025-09-04T18:37:37.430366,Description non disponible depuis la recherche,Stock non disponible,ISBN non disponible,Éditeur non disponible,Date non disponible,Nombre de pages non disponible,Rang de vente non disponible,Manga,29.0,,
Dragon Ball - Édition originale - Tome 40: La dernière arme secrète de l'armée terrienne !!,https://www.amazon.fr/Dragon-Ball-sens-lecture-japonais/dp/2723449378/ref=sr_1_454,"7,20 €",Akira Toriyama,"4,8 sur 5 étoiles, détails de l’évaluation",168,Poche,https://m.media-amazon.com/images/I/81Ws3Wxs0xL._AC_UY218_.jpg,2025-09-04T18:37:37.432379,Description non disponible depuis la recherche,Stock non disponible,ISBN non disponible,Éditeur non disponible,Date non disponible,Nombre de pages non disponible,Rang de vente non disponible,Manga,29.0,,
One piece - Edition originale Vol.2,https://www.amazon.fr/One-piece-originale-ODA-Eiichir%C3%B4/dp/2723489892/ref=sr_1_455,"7,20 €",Eiichiro Oda,"4,8 sur 5 étoiles, détails de l’évaluation",3 594,Broché,https://m.media-amazon.com/images/I/918Ai9a893L._AC_UY218_.jpg,2025-09-04T18:37:37.435059,Description non disponible depuis la recherche,Stock non disponible,ISBN non disponible,Éditeur non disponible,Date non disponible,Nombre de pages non disponible,Rang de vente non disponible,Manga,29.0,,
On a mangé la mer: Une enquête au coeur de la crise de la pêche en France,https://www.amazon.fr/mang%C3%A9-mer-Maxime-Lisle/dp/2754835539/ref=sr_1_456,"22,00 €",Maxime de Lisle,"4,4 sur 5 étoiles, détails de l’évaluation",4,Relié,https://m.media-amazon.com/images/I/817c-vr3Z0L._AC_UY218_.jpg,2025-09-04T18:37:37.437769,Description non disponible depuis la recherche,Stock non disponible,ISBN non disponible,Éditeur non disponible,Date non disponible,Nombre de pages non disponible,Rang de vente non disponible,Manga,29.0,,
Naruto - édition Hokage - Tome 1,https://www.amazon.fr/Naruto-%C3%A9dition-Hokage-Masashi-Kishimoto/dp/2505114749/ref=sr_1_457,"15,95 €",Masashi Kishimoto,"4,5 sur 5 étoiles, détails de l’évaluation",125,Broché,https://m.media-amazon.com/images/I/81qPI0y6ZuL._AC_UY218_.jpg,2025-09-04T18:37:37.439805,Description non disponible depuis la recherche,Stock non disponible,ISBN non disponible,Éditeur non disponible,Date non disponible,Nombre de pages non disponible,Rang de vente non disponible,Manga,29.0,,
One-Punch Man - T3,https://www.amazon.fr/One-Punch-Man-T3-ONE/dp/2368522654/ref=sr_1_458,"7,30 €",de Yusuke Murata et Frédéric Malet | 9 juin 2016,"4,8 sur 5 étoiles, détails de l’évaluation",663,Broché,https://m.media-amazon.com/images/I/719oyXwaxWL._AC_UY218_.jpg,2025-09-04T18:37:37.443213,Description non disponible depuis la recherche,Stock non disponible,ISBN non disponible,Éditeur non disponible,Date non disponible,Nombre de pages non disponible,Rang de vente non disponible,Manga,29.0,,
Black Clover T29,https://www.amazon.fr/Black-Clover-T29-TABATA-Y/dp/2820341268/ref=sr_1_459,"7,05 €",de TABATA-Y | 17 novembre 2021,"4,9 sur 5 étoiles, détails de l’évaluation",173,Broché,https://m.media-amazon.com/images/I/8162OKcfBvL._AC_UY218_.jpg,2025-09-04T18:37:37.446520,Description non disponible depuis la recherche,Stock non disponible,ISBN non disponible,Éditeur non disponible,Date non disponible,Nombre de pages non disponible,Rang de vente non disponible,Manga,29.0,,
True Beauty T03,https://www.amazon.fr/True-Beauty-T03-Yaongyi/dp/2382880414/ref=sr_1_460,"14,95 €",Yaongyi,"4,7 sur 5 étoiles, détails de l’évaluation",165,Broché,https://m.media-amazon.com/images/I/81H3pHlvx+L._AC_UY218_.jpg,2025-09-04T18:37:37.448543,Description non disponible depuis la recherche,Stock non disponible,ISBN non disponible,Éditeur non disponible,Date non disponible,Nombre de pages non disponible,Rang de vente non disponible,Manga,29.0,,
Les Trois Mousquetaires en Manga (Tome 2) - Milady,https://www.amazon.fr/Trois-Mousquetaires-Manga-Milady-ebook/dp/B0CKTWV93C/ref=sr_1_461,"5,99 €",Cédric Tchao,"4,8 sur 5 étoiles, détails de l’évaluation",8,Format Kindle,https://m.media-amazon.com/images/I/811XlImPmxL._AC_UY218_.jpg,2025-09-04T18:37:37.450832,Description non disponible depuis la recherche,Stock non disponible,ISBN non disponible,Éditeur non disponible,Date non disponible,Nombre de pages non disponible,Rang de vente non disponible,Manga,29.0,,
KILL BLUE T05,https://www.amazon.fr/KILL-BLUE-T05-Tadatoshi-Fujimaki/dp/2820351891/ref=sr_1_462,"7,29 €",de Tadatoshi Fujimaki et Fabien Legalle | 2 juillet 2025,"5,0 sur 5 étoiles, détails de l’évaluation",2,Broché,https://m.media-amazon.com/images/I/71TKfOuJMIL._AC_UY218_.jpg,2025-09-04T18:37:37.454233,Description non disponible depuis la recherche,Stock non disponible,ISBN non disponible,Éditeur non disponible,Date non disponible,Nombre de pages non disponible,Rang de vente non disponible,Manga,29.0,,
"Bien manger pour bien vieillir - 100 recettes faciles, santé et plaisir",https://www.amazon.fr/Bien-manger-pour-bien-vieillir/dp/238642300X/ref=sr_1_463,"24,90 €",Patrick Serog,"4,8 sur 5 étoiles, détails de l’évaluation",6,Broché,https://m.media-amazon.com/images/I/61v7d4QAD6L._AC_UY218_.jpg,2025-09-04T18:37:37.456843,Description non disponible depuis la recherche,Stock non disponible,ISBN non disponible,Éditeur non disponible,Date non disponible,Nombre de pages non disponible,Rang de vente non disponible,Manga,29.0,,
Le goût des fraises - tome 1,https://www.amazon.fr/go%C3%BBt-fraises-1-Irono/dp/B0CKB8MQ9W/ref=sr_1_464,"9,50 €",de Irono et Gaëlle Ruel | 15 février 2024,"4,9 sur 5 étoiles, détails de l’évaluation",18,Poche,https://m.media-amazon.com/images/I/61jO2A7VVWL._AC_UY218_.jpg,2025-09-04T18:37:37.460468,Description non disponible depuis la recherche,Stock non disponible,ISBN non disponible,Éditeur non disponible,Date non disponible,Nombre de pages non disponible,Rang de vente non disponible,Manga,29.0,,
Coffret Naruto Tome 1 à 5,https://www.amazon.fr/Coffret-Naruto-1-%C3%A0-5/dp/B0D93GZ929/ref=sr_1_465,"23,60 €",31 octobre 2024,"3,8 sur 5 étoiles, détails de l’évaluation",5,Broché,https://m.media-amazon.com/images/I/51J3USXAuFL._AC_UY218_.jpg,2025-09-04T18:37:48.453419,Description non disponible depuis la recherche,Stock non disponible,ISBN non disponible,Éditeur non disponible,Date non disponible,Nombre de pages non disponible,Rang de vente non disponible,Manga,30.0,,
Fullmetal Alchemist Perfect T10 (10),https://www.amazon.fr/Fullmetal-Alchemist-Perfect-T10-10/dp/238071066X/ref=sr_1_466,"11,95 €",Hiromu Arakawa,"4,9 sur 5 étoiles, détails de l’évaluation",130,Poche,https://m.media-amazon.com/images/I/61VSYIhFgyL._AC_UY218_.jpg,2025-09-04T18:37:48.455663,Description non disponible depuis la recherche,Stock non disponible,ISBN non disponible,Éditeur non disponible,Date non disponible,Nombre de pages non disponible,Rang de vente non disponible,Manga,30.0,,
Nos différences enlacées - Tome 08,https://www.amazon.fr/Nos-diff%C3%A9rences-enlac%C3%A9es-08-Mikanuji/dp/2385030721/ref=sr_1_468,"6,95 €",de Mikanuji | 13 juin 2025,"5,0 sur 5 étoiles, détails de l’évaluation",1,Poche,https://m.media-amazon.com/images/I/81MimGPFrhL._AC_UY218_.jpg,2025-09-04T18:37:48.460764,Description non disponible depuis la recherche,Stock non disponible,ISBN non disponible,Éditeur non disponible,Date non disponible,Nombre de pages non disponible,Rang de vente non disponible,Manga,30.0,,
Komi cherche ses mots T18,https://www.amazon.fr/Komi-cherche-ses-mots-T18/dp/2811698108/ref=sr_1_469,"7,20 €",Tomohito Oda,"5,0 sur 5 étoiles, détails de l’évaluation",8,Poche,https://m.media-amazon.com/images/I/813AvT8k6vL._AC_UY218_.jpg,2025-09-04T18:37:48.462713,Description non disponible depuis la recherche,Stock non disponible,ISBN non disponible,Éditeur non disponible,Date non disponible,Nombre de pages non disponible,Rang de vente non disponible,Manga,30.0,,
Hunter X Hunter - Tome 38,https://www.amazon.fr/Hunter-X-38-Yoshihiro-Togashi/dp/2505122474/ref=sr_1_470,"7,30 €",Yoshihiro Togashi,"5,0 sur 5 étoiles, détails de l’évaluation",13,Broché,https://m.media-amazon.com/images/I/71gsQa5stoL._AC_UY218_.jpg,2025-09-04T18:37:48.465581,Description non disponible depuis la recherche,Stock non disponible,ISBN non disponible,Éditeur non disponible,Date non disponible,Nombre de pages non disponible,Rang de vente non disponible,Manga,30.0,,
Love Coach Koigakubo-kun T06,https://www.amazon.fr/Love-Coach-Koigakubo-kun-T06-Miasa/dp/2302105168/ref=sr_1_471,"7,29 €",Rin Miasa,"5,0 sur 5 étoiles, détails de l’évaluation",1,Broché,https://m.media-amazon.com/images/I/812wDy+P2iL._AC_UY218_.jpg,2025-09-04T18:37:48.468468,Description non disponible depuis la recherche,Stock non disponible,ISBN non disponible,Éditeur non disponible,Date non disponible,Nombre de pages non disponible,Rang de vente non disponible,Manga,30.0,,
100 Manga Artists. 45th Ed.,https://www.amazon.fr/100-Manga-Artists-40th-Ed/dp/3836599937/ref=sr_1_472,"23,38 €",Julius Wiedemann,"5,0 sur 5 étoiles, détails de l’évaluation",2,Relié,https://m.media-amazon.com/images/I/91euQFmJaiL._AC_UY218_.jpg,2025-09-04T18:37:48.470910,Description non disponible depuis la recherche,Stock non disponible,ISBN non disponible,Éditeur non disponible,Date non disponible,Nombre de pages non disponible,Rang de vente non disponible,Manga,30.0,,
Elden Ring : Le chemin vers l'Arbre-Monde T08,https://www.amazon.fr/Elden-Ring-chemin-vers-lArbre-Monde/dp/B0F58Z1F24/ref=sr_1_473,"7,95 €",de Tobita Nikiichi | 4 septembre 2025,Note non disponible,0 avis,Broché,https://m.media-amazon.com/images/I/711kaNF8pYL._AC_UY218_.jpg,2025-09-04T18:37:48.474611,Description non disponible depuis la recherche,Stock non disponible,ISBN non disponible,Éditeur non disponible,Date non disponible,Nombre de pages non disponible,Rang de vente non disponible,Manga,30.0,,
Bleach Box Set 2 Volumes 22-48,https://www.amazon.fr/Bleach-Box-Set-Volumes-22-48/dp/1421580810/ref=sr_1_474,"144,87 €",Tite Kubo,"4,9 sur 5 étoiles, détails de l’évaluation",1 031,Broché,https://m.media-amazon.com/images/I/81BFJxM+cNL._AC_UY218_.jpg,2025-09-04T18:37:48.477860,Description non disponible depuis la recherche,Stock non disponible,ISBN non disponible,Éditeur non disponible,Date non disponible,Nombre de pages non disponible,Rang de vente non disponible,Manga,30.0,,
My NTR Wife,https://www.amazon.fr/My-NTR-Wife-Arakure-ebook/dp/B0D79WPMT6/ref=sr_1_475,"10,99 €",de Arakure | 11 juillet 2024,"4,2 sur 5 étoiles, détails de l’évaluation",46,Format Kindle,https://m.media-amazon.com/images/I/71b6R0rUKnL._AC_UY218_.jpg,2025-09-04T18:37:48.479874,Description non disponible depuis la recherche,Stock non disponible,ISBN non disponible,Éditeur non disponible,Date non disponible,Nombre de pages non disponible,Rang de vente non disponible,Manga,30.0,,
Blue Lock T28,https://www.amazon.fr/Blue-Lock-T28-Muneyuki-Kaneshiro/dp/281169675X/ref=sr_1_476,"7,20 €",Muneyuki Kaneshiro,"5,0 sur 5 étoiles, détails de l’évaluation",10,Poche,https://m.media-amazon.com/images/I/81cSGfexJzL._AC_UY218_.jpg,2025-09-04T18:37:48.482156,Description non disponible depuis la recherche,Stock non disponible,ISBN non disponible,Éditeur non disponible,Date non disponible,Nombre de pages non disponible,Rang de vente non disponible,Manga,30.0,,
DEATH NOTE - BLACK EDITION - Tome 1,https://www.amazon.fr/DEATH-NOTE-BLACK-1-French/dp/2505009058/ref=sr_1_477,"13,25 €",Tsugumi Ohba,"4,7 sur 5 étoiles, détails de l’évaluation",374,Broché,https://m.media-amazon.com/images/I/71cy6uG52xL._AC_UY218_.jpg,2025-09-04T18:37:48.484487,Description non disponible depuis la recherche,Stock non disponible,ISBN non disponible,Éditeur non disponible,Date non disponible,Nombre de pages non disponible,Rang de vente non disponible,Manga,30.0,,
The Abandoned Empress T09,https://www.amazon.fr/Abandoned-Empress-T09-Ina/dp/2382883197/ref=sr_1_478,"14,95 €",de Ina et Yuna | 14 mai 2025,"4,8 sur 5 étoiles, détails de l’évaluation",9,Broché,https://m.media-amazon.com/images/I/91HyebGoutL._AC_UY218_.jpg,2025-09-04T18:37:48.487502,Description non disponible depuis la recherche,Stock non disponible,ISBN non disponible,Éditeur non disponible,Date non disponible,Nombre de pages non disponible,Rang de vente non disponible,Manga,30.0,,
Super Ball Girls T01,https://www.amazon.fr/Super-Ball-Girls-Akira-Hiramoto/dp/2302104064/ref=sr_1_479,"8,50 €",de Akira Hiramoto et Muneyuki Kaneshiro | 2 juillet 2025,"4,0 sur 5 étoiles, détails de l’évaluation",2,Broché,https://m.media-amazon.com/images/I/815MSNBAU9L._AC_UY218_.jpg,2025-09-04T18:37:48.490775,Description non disponible depuis la recherche,Stock non disponible,ISBN non disponible,Éditeur non disponible,Date non disponible,Nombre de pages non disponible,Rang de vente non disponible,Manga,30.0,,
Nana T10,https://www.amazon.fr/Nana-Vol-10-YAZAWA-Ai/dp/2847893865/ref=sr_1_480,"7,29 €",de YAZAWA-A | 24 novembre 2004,"4,9 sur 5 étoiles, détails de l’évaluation",112,Broché,https://m.media-amazon.com/images/I/814nT4d1XoL._AC_UY218_.jpg,2025-09-04T18:37:48.494034,Description non disponible depuis la recherche,Stock non disponible,ISBN non disponible,Éditeur non disponible,Date non disponible,Nombre de pages non disponible,Rang de vente non disponible,Manga,30.0,,
Alya sometimes hides her feelings in russian - Tome 1,https://www.amazon.fr/Alya-sometimes-hides-feelings-russian/dp/2379508054/ref=sr_1_643,"8,35 €","de Sansansun, Tenamachi Saho, et al. | 27 juin 2025","5,0 sur 5 étoiles, détails de l’évaluation",1,Broché,https://m.media-amazon.com/images/I/81-C3AQoCDL._AC_UY218_.jpg,2025-09-04T18:37:43.875440,Description non disponible depuis la recherche,Stock non disponible,ISBN non disponible,Éditeur non disponible,Date non disponible,Nombre de pages non disponible,Rang de vente non disponible,Manga,41.0,,
Black Clover T11,https://www.amazon.fr/Black-Clover-T11-Y%C3%BBki-Tabata/dp/2820332110/ref=sr_1_644,"7,05 €",Yuki Tabata,"4,8 sur 5 étoiles, détails de l’évaluation",273,Broché,https://m.media-amazon.com/images/I/91iQ13JPE1L._AC_UY218_.jpg,2025-09-04T18:37:43.878249,Description non disponible depuis la recherche,Stock non disponible,ISBN non disponible,Éditeur non disponible,Date non disponible,Nombre de pages non disponible,Rang de vente non disponible,Manga,41.0,,
Sun-Ken Rock - Édition Deluxe - vol. 13,https://www.amazon.fr/Sun-Ken-Rock-%C3%89dition-Deluxe-vol-13/dp/2818978122/ref=sr_1_645,"19,90 €",Boichi,"5,0 sur 5 étoiles, détails de l’évaluation",36,Poche,https://m.media-amazon.com/images/I/7180ulAPusL._AC_UY218_.jpg,2025-09-04T18:37:43.880363,Description non disponible depuis la recherche,Stock non disponible,ISBN non disponible,Éditeur non disponible,Date non disponible,Nombre de pages non disponible,Rang de vente non disponible,Manga,41.0,,
Dreamland T23,https://www.amazon.fr/Dreamland-T23-Reno-Lemaire/dp/2811690441/ref=sr_1_646,"7,70 €",Reno Lemaire,Note non disponible,0 avis,Poche,https://m.media-amazon.com/images/I/81AvmSOmeEL._AC_UY218_.jpg,2025-09-04T18:37:43.882903,Description non disponible depuis la recherche,Stock non disponible,ISBN non disponible,Éditeur non disponible,Date non disponible,Nombre de pages non disponible,Rang de vente non disponible,Manga,41.0,,
Tokyo Ghoul - Tome 04,https://www.amazon.fr/Tokyo-ghoul-Vol-4-ISHIDA-Sui/dp/2723498298/ref=sr_1_649,"7,20 €",Sui Ishida,"4,8 sur 5 étoiles, détails de l’évaluation",686,Broché,https://m.media-amazon.com/images/I/8191neD1hSL._AC_UY218_.jpg,2025-09-04T18:37:43.892238,Description non disponible depuis la recherche,Stock non disponible,ISBN non disponible,Éditeur non disponible,Date non disponible,Nombre de pages non disponible,Rang de vente non disponible,Manga,41.0,,
12 ans - Tome 06,https://www.amazon.fr/12-ans-06-Nao-Maita/dp/2344019960/ref=sr_1_650,"7,20 €",Nao Maita,"4,8 sur 5 étoiles, détails de l’évaluation",144,Broché,https://m.media-amazon.com/images/I/81Eu5Ufyd5L._AC_UY218_.jpg,2025-09-04T18:37:43.894925,Description non disponible depuis la recherche,Stock non disponible,ISBN non disponible,Éditeur non disponible,Date non disponible,Nombre de pages non disponible,Rang de vente non disponible,Manga,41.0,,
Bleach - Tome 24: Immanent god blues,https://www.amazon.fr/Bleach-Vol-24-TITE-Kubo/dp/2723459535/ref=sr_1_651,"7,20 €",Tite Kubo,"4,8 sur 5 étoiles, détails de l’évaluation",103,Broché,https://m.media-amazon.com/images/I/81kxV9c1XVL._AC_UY218_.jpg,2025-09-04T18:37:43.897673,Description non disponible depuis la recherche,Stock non disponible,ISBN non disponible,Éditeur non disponible,Date non disponible,Nombre de pages non disponible,Rang de vente non disponible,Manga,41.0,,
My Love Story With Yamada-kun at LVL999 T03,https://www.amazon.fr/Love-Story-Yamada-kun-LVL999-T03/dp/B0D6Y6Q5FQ/ref=sr_1_652,"7,95 €",Mashiro,"4,6 sur 5 étoiles, détails de l’évaluation",30,Poche,https://m.media-amazon.com/images/I/71t-vaWp0pL._AC_UY218_.jpg,2025-09-04T18:37:43.900046,Description non disponible depuis la recherche,Stock non disponible,ISBN non disponible,Éditeur non disponible,Date non disponible,Nombre de pages non disponible,Rang de vente non disponible,Manga,41.0,,
High School Mercenary - Tome 4,https://www.amazon.fr/High-School-Mercenary-4-YC/dp/2749957087/ref=sr_1_654,"12,95 €",de YC et Rak Hyun | 18 avril 2024,"4,8 sur 5 étoiles, détails de l’évaluation",14,Poche,https://m.media-amazon.com/images/I/71d4DRwojOL._AC_UY218_.jpg,2025-09-04T18:37:43.905701,Description non disponible depuis la recherche,Stock non disponible,ISBN non disponible,Éditeur non disponible,Date non disponible,Nombre de pages non disponible,Rang de vente non disponible,Manga,41.0,,
Blue Box T05,https://www.amazon.fr/Blue-Box-T05-Miura-Kouji/dp/2413078622/ref=sr_1_655,"7,29 €",de Miura Kouji | 3 janvier 2024,"4,6 sur 5 étoiles, détails de l’évaluation",14,Broché,https://m.media-amazon.com/images/I/71RsuQXUpbL._AC_UY218_.jpg,2025-09-04T18:37:43.909073,Description non disponible depuis la recherche,Stock non disponible,ISBN non disponible,Éditeur non disponible,Date non disponible,Nombre de pages non disponible,Rang de vente non disponible,Manga,41.0,,
Wind Breaker T18,https://www.amazon.fr/Wind-Breaker-T18-Nii-Satoru/dp/B0FC5W86G9/ref=sr_1_656,"7,20 €",Nii Satoru,Note non disponible,0 avis,Poche,https://m.media-amazon.com/images/I/81ZTGPhie+L._AC_UY218_.jpg,2025-09-04T18:37:43.911977,Description non disponible depuis la recherche,Stock non disponible,ISBN non disponible,Éditeur non disponible,Date non disponible,Nombre de pages non disponible,Rang de vente non disponible,Manga,41.0,,
Erio & The Electric Doll T02,https://www.amazon.fr/Erio-Electric-Doll-Mujirushi-Shimazaki/dp/2382819626/ref=sr_1_657,"9,95 €","de Mujirushi Shimazaki, Kuroimori, et al. | 2 juillet 2025","4,6 sur 5 étoiles, détails de l’évaluation",6,Broché,https://m.media-amazon.com/images/I/91baYQxzmcL._AC_UY218_.jpg,2025-09-04T18:37:43.914709,Description non disponible depuis la recherche,Stock non disponible,ISBN non disponible,Éditeur non disponible,Date non disponible,Nombre de pages non disponible,Rang de vente non disponible,Manga,41.0,,
Manga Mania Coloring Book: Over 100 Cute Characters to Color – Manga and Anime Coloring Book for Adults and Kids,https://www.amazon.fr/Manga-Mania-Coloring-Book-Characters/dp/1684620864/ref=sr_1_659,"18,56 €",Christopher Hart,"4,8 sur 5 étoiles, détails de l’évaluation",13,Broché,https://m.media-amazon.com/images/I/91HjXidl-sL._AC_UY218_.jpg,2025-09-04T18:37:43.919763,Description non disponible depuis la recherche,Stock non disponible,ISBN non disponible,Éditeur non disponible,Date non disponible,Nombre de pages non disponible,Rang de vente non disponible,Manga,41.0,,
Vertical - Tome 09,https://www.amazon.fr/Vertical-09-Shinichi-Ishizuka/dp/2344005439/ref=sr_1_660,"7,90 €",Shinichi Ishizuka,"4,4 sur 5 étoiles, détails de l’évaluation",8,Broché,https://m.media-amazon.com/images/I/91+MLc7WN9L._AC_UY218_.jpg,2025-09-04T18:37:43.922469,Description non disponible depuis la recherche,Stock non disponible,ISBN non disponible,Éditeur non disponible,Date non disponible,Nombre de pages non disponible,Rang de vente non disponible,Manga,41.0,,
Haikyu !! - Les As du volley T01,https://www.amazon.fr/Haikyu-volley-Vol-1-FURUDATE-Haruichi/dp/2820316581/ref=sr_1_661,"7,05 €",Haruichi Furudate,"4,8 sur 5 étoiles, détails de l’évaluation",408,Broché,https://m.media-amazon.com/images/I/81R4sKZuKmL._AC_UY218_.jpg,2025-09-04T18:37:43.925291,Description non disponible depuis la recherche,Stock non disponible,ISBN non disponible,Éditeur non disponible,Date non disponible,Nombre de pages non disponible,Rang de vente non disponible,Manga,41.0,,
Remina - Édition prestige,https://www.amazon.fr/Remina-%C3%89dition-prestige-Junji-Ito/dp/2413048049/ref=sr_1_662,"19,99 €",Junji Ito,"4,4 sur 5 étoiles, détails de l’évaluation",44,Broché,https://m.media-amazon.com/images/I/81n-TzODJhL._AC_UY218_.jpg,2025-09-04T18:37:43.927961,Description non disponible depuis la recherche,Stock non disponible,ISBN non disponible,Éditeur non disponible,Date non disponible,Nombre de pages non disponible,Rang de vente non disponible,Manga,41.0,,
The Eminence in Shadow - vol. 03,https://www.amazon.fr/Eminence-Shadow-vol-03/dp/2818989051/ref=sr_1_659,"7,50 €",Daisuke AIZAWA,"4,8 sur 5 étoiles, détails de l’évaluation",136,Poche,https://m.media-amazon.com/images/I/818jMzlWuvL._AC_UY218_.jpg,2025-09-04T18:37:54.658727,Description non disponible depuis la recherche,Stock non disponible,ISBN non disponible,Éditeur non disponible,Date non disponible,Nombre de pages non disponible,Rang de vente non disponible,Manga,42.0,,
Ramen Akaneko - Tome 2,https://www.amazon.fr/Ramen-Akaneko-2-Angyaman/dp/B0CW61CWNF/ref=sr_1_660,"7,95 €",Angyaman,"4,6 sur 5 étoiles, détails de l’évaluation",24,Poche,https://m.media-amazon.com/images/I/71ZyHTuAFDL._AC_UY218_.jpg,2025-09-04T18:37:54.661174,Description non disponible depuis la recherche,Stock non disponible,ISBN non disponible,Éditeur non disponible,Date non disponible,Nombre de pages non disponible,Rang de vente non disponible,Manga,42.0,,
Gachiakuta T13,https://www.amazon.fr/Gachiakuta-T13-Kei-Urana/dp/B0F4CQC5FW/ref=sr_1_661,"7,20 €",Kei Urana,"5,0 sur 5 étoiles, détails de l’évaluation",2,Poche,https://m.media-amazon.com/images/I/81udnHrg+aL._AC_UY218_.jpg,2025-09-04T18:37:54.663596,Description non disponible depuis la recherche,Stock non disponible,ISBN non disponible,Éditeur non disponible,Date non disponible,Nombre de pages non disponible,Rang de vente non disponible,Manga,42.0,,
Terra Formars T21,https://www.amazon.fr/Terra-Formars-T21-Yu-Sasuga/dp/2820331998/ref=sr_1_662,"8,29 €",Yu Sasuga,"4,7 sur 5 étoiles, détails de l’évaluation",41,Broché,https://m.media-amazon.com/images/I/81Lyhb5vjWL._AC_UY218_.jpg,2025-09-04T18:37:54.666493,Description non disponible depuis la recherche,Stock non disponible,ISBN non disponible,Éditeur non disponible,Date non disponible,Nombre de pages non disponible,Rang de vente non disponible,Manga,42.0,,
MANGE-MOI,https://www.amazon.fr/MANGE-MOI-NATHALIE-PAPIN/dp/2211051723/ref=sr_1_665,"7,00 €",NATHALIE PAPIN,"4,4 sur 5 étoiles, détails de l’évaluation",43,Broché,https://m.media-amazon.com/images/I/716jeX96R-L._AC_UY218_.jpg,2025-09-04T18:37:54.674664,Description non disponible depuis la recherche,Stock non disponible,ISBN non disponible,Éditeur non disponible,Date non disponible,Nombre de pages non disponible,Rang de vente non disponible,Manga,42.0,,
Yu-Gi-Oh ! - Tome 5,https://www.amazon.fr/Yu-Gi-Oh-5-Kazuki-Takahashi/dp/2871292272/ref=sr_1_666,"7,30 €",Kazuki Takahashi,"4,8 sur 5 étoiles, détails de l’évaluation",70,Poche,https://m.media-amazon.com/images/I/81vUQPZ8TuL._AC_UY218_.jpg,2025-09-04T18:37:54.676701,Description non disponible depuis la recherche,Stock non disponible,ISBN non disponible,Éditeur non disponible,Date non disponible,Nombre de pages non disponible,Rang de vente non disponible,Manga,42.0,,
"Vagabond, tome 18",https://www.amazon.fr/Vagabond-18-INOUE-Takehiko/dp/2845805381/ref=sr_1_667,"9,99 €",Takehiko Inoué,"5,0 sur 5 étoiles, détails de l’évaluation",75,Broché,https://m.media-amazon.com/images/I/81lSFlbpveL._AC_UY218_.jpg,2025-09-04T18:37:54.678653,Description non disponible depuis la recherche,Stock non disponible,ISBN non disponible,Éditeur non disponible,Date non disponible,Nombre de pages non disponible,Rang de vente non disponible,Manga,42.0,,
Baki - Artbook 30e Anniversaire,https://www.amazon.fr/Baki-Artbook-Anniversaire-Keisuke-Itagaki/dp/2386585611/ref=sr_1_668,"29,95 €",Keisuke Itagaki,Note non disponible,0 avis,Poche,https://m.media-amazon.com/images/I/91JM079c5NL._AC_UY218_.jpg,2025-09-04T18:37:54.680724,Description non disponible depuis la recherche,Stock non disponible,ISBN non disponible,Éditeur non disponible,Date non disponible,Nombre de pages non disponible,Rang de vente non disponible,Manga,42.0,,
One Piece - Édition originale - Tome 110,https://www.amazon.fr/One-Piece-%C3%89dition-originale-110/dp/2344062815/ref=sr_1_670,"7,20 €",Eiichiro Oda,Note non disponible,0 avis,Poche,https://m.media-amazon.com/images/I/91bSe5WTCHL._AC_UY218_.jpg,2025-09-04T18:37:54.686512,Description non disponible depuis la recherche,Stock non disponible,ISBN non disponible,Éditeur non disponible,Date non disponible,Nombre de pages non disponible,Rang de vente non disponible,Manga,42.0,,
Boruto - Naruto next generations - Tome 16,https://www.amazon.fr/Boruto-Naruto-next-generations-16/dp/2505113920/ref=sr_1_671,"7,30 €",de Masashi Kishimoto et Mikio Ikemoto | 10 février 2023,"4,8 sur 5 étoiles, détails de l’évaluation",133,Broché,https://m.media-amazon.com/images/I/81qcrYcIu3L._AC_UY218_.jpg,2025-09-04T18:37:54.689804,Description non disponible depuis la recherche,Stock non disponible,ISBN non disponible,Éditeur non disponible,Date non disponible,Nombre de pages non disponible,Rang de vente non disponible,Manga,42.0,,
Saint Seiya - Les Chevaliers du Zodiaque - The Lost Canvas - La Légende d'Hadès - tome 2,https://www.amazon.fr/Saint-Seiya-Chevaliers-Zodiaque-L%C3%A9gende/dp/2380713898/ref=sr_1_672,"3,00 €",Masami Kurumada,"4,8 sur 5 étoiles, détails de l’évaluation",51,Poche,https://m.media-amazon.com/images/I/81dG3mmkFfL._AC_UY218_.jpg,2025-09-04T18:37:54.692471,Description non disponible depuis la recherche,Stock non disponible,ISBN non disponible,Éditeur non disponible,Date non disponible,Nombre de pages non disponible,Rang de vente non disponible,Manga,42.0,,
Dark Souls Redemption T01,https://www.amazon.fr/Dark-Souls-Redemption-Julien-Blondel/dp/B0CW5MDZVV/ref=sr_1_673,"7,95 €",Julien Blondel,"4,5 sur 5 étoiles, détails de l’évaluation",48,Poche,https://m.media-amazon.com/images/I/71fr4k6x8OL._AC_UY218_.jpg,2025-09-04T18:37:54.695059,Description non disponible depuis la recherche,Stock non disponible,ISBN non disponible,Éditeur non disponible,Date non disponible,Nombre de pages non disponible,Rang de vente non disponible,Manga,42.0,,
Pokémon Noir & Blanc - Tome 3 (chapitres 35 à 52),https://www.amazon.fr/Pok%C3%A9mon-Noir-Blanc-chapitres-35/dp/2380715505/ref=sr_1_675,"10,00 €",Hidenori Kusaka,"4,8 sur 5 étoiles, détails de l’évaluation",16,Poche,https://m.media-amazon.com/images/I/71YZIEuo-3L._AC_UY218_.jpg,2025-09-04T18:37:54.700149,Description non disponible depuis la recherche,Stock non disponible,ISBN non disponible,Éditeur non disponible,Date non disponible,Nombre de pages non disponible,Rang de vente non disponible,Manga,42.0,,
Blue Box T06,https://www.amazon.fr/Blue-Box-T06-Miura-Koji/dp/2413080694/ref=sr_1_676,"7,29 €",de Miura Koji | 26 juin 2024,"4,7 sur 5 étoiles, détails de l’évaluation",16,Broché,https://m.media-amazon.com/images/I/81JeQIReH5L._AC_UY218_.jpg,2025-09-04T18:37:54.703566,Description non disponible depuis la recherche,Stock non disponible,ISBN non disponible,Éditeur non disponible,Date non disponible,Nombre de pages non disponible,Rang de vente non disponible,Manga,42.0,,
Tokyo Ghoul Re - Tome 08,https://www.amazon.fr/Tokyo-Ghoul-Re-Sui-Ishida/dp/2344023046/ref=sr_1_677,"7,20 €",Sui Ishida,"4,8 sur 5 étoiles, détails de l’évaluation",185,Broché,https://m.media-amazon.com/images/I/81Xj2s0MjJL._AC_UY218_.jpg,2025-09-04T18:37:54.706289,Description non disponible depuis la recherche,Stock non disponible,ISBN non disponible,Éditeur non disponible,Date non disponible,Nombre de pages non disponible,Rang de vente non disponible,Manga,42.0,,
When the Saintly King Unleashes His Passion (Romance Manga) (English Edition),https://www.amazon.fr/Saintly-Unleashes-Passion-Romance-English-ebook/dp/B0FNTC9XKS/ref=sr_1_678,"5,04 €",Édition en Anglais | de HIROKO ISHIMARU et HIKARI TSUKINO | 3 septembre 2025,Note non disponible,0 avis,Format Kindle,https://m.media-amazon.com/images/I/81MDz-WbSjL._AC_UY218_.jpg,2025-09-04T18:37:54.708657,Description non disponible depuis la recherche,Stock non disponible,ISBN non disponible,Éditeur non disponible,Date non disponible,Nombre de pages non disponible,Rang de vente non disponible,Manga,42.0,,
Tokyo Ghoul Re - Tome 08,https://www.amazon.fr/Tokyo-Ghoul-Re-Sui-Ishida/dp/2344023046/ref=sr_1_675,"7,20 €",Sui Ishida,"4,8 sur 5 étoiles, détails de l’évaluation",185,Broché,https://m.media-amazon.com/images/I/81Xj2s0MjJL._AC_UY218_.jpg,2025-09-04T18:38:05.242760,Description non disponible depuis la recherche,Stock non disponible,ISBN non disponible,Éditeur non disponible,Date non disponible,Nombre de pages non disponible,Rang de vente non disponible,Manga,43.0,,
20th century boys. Ultimate deluxe edition (Vol. 3),https://www.amazon.fr/20th-century-boys-Ultimate-deluxe/dp/8828765488/ref=sr_1_676,"14,90 €",Naoki Urasawa,"4,8 sur 5 étoiles, détails de l’évaluation",299,Broché,https://m.media-amazon.com/images/I/61Hr6N6RsJL._AC_UY218_.jpg,2025-09-04T18:38:05.245013,Description non disponible depuis la recherche,Stock non disponible,ISBN non disponible,Éditeur non disponible,Date non disponible,Nombre de pages non disponible,Rang de vente non disponible,Manga,43.0,,
When the Saintly King Unleashes His Passion (Romance Manga) (English Edition),https://www.amazon.fr/Saintly-Unleashes-Passion-Romance-English-ebook/dp/B0FNTC9XKS/ref=sr_1_677,"5,04 €",Édition en Anglais | de HIROKO ISHIMARU et HIKARI TSUKINO | 3 septembre 2025,Note non disponible,0 avis,Format Kindle,https://m.media-amazon.com/images/I/81MDz-WbSjL._AC_UY218_.jpg,2025-09-04T18:38:05.247259,Description non disponible depuis la recherche,Stock non disponible,ISBN non disponible,Éditeur non disponible,Date non disponible,Nombre de pages non disponible,Rang de vente non disponible,Manga,43.0,,
Bases de données: Les bases de données BD,https://www.amazon.fr/guide-manga-bases-donn%C3%A9es/dp/2351413563/ref=sr_1_678,"17,99 €",Mana Takahashi,"4,6 sur 5 étoiles, détails de l’évaluation",21,Broché,https://m.media-amazon.com/images/I/81q-sYYkE0L._AC_UY218_.jpg,2025-09-04T18:38:05.249425,Description non disponible depuis la recherche,Stock non disponible,ISBN non disponible,Éditeur non disponible,Date non disponible,Nombre de pages non disponible,Rang de vente non disponible,Manga,43.0,,
Le Monde de Suzuka Morino,https://www.amazon.fr/Monde-Suzuka-Morino/dp/2808700148/ref=sr_1_681,"12,50 €",de Suzuka Morino | 5 septembre 2025,Note non disponible,0 avis,Broché,https://m.media-amazon.com/images/I/91GH+tUp6RL._AC_UY218_.jpg,2025-09-04T18:38:05.258360,Description non disponible depuis la recherche,Stock non disponible,ISBN non disponible,Éditeur non disponible,Date non disponible,Nombre de pages non disponible,Rang de vente non disponible,Manga,43.0,,
One-Punch Man - T7,https://www.amazon.fr/One-Punch-Man-T7-ONE/dp/2368523790/ref=sr_1_682,"7,30 €",de Yusuke Murata et Frédéric Malet | 8 juin 2017,"4,8 sur 5 étoiles, détails de l’évaluation",556,Poche,https://m.media-amazon.com/images/I/71S-JQ45ptL._AC_UY218_.jpg,2025-09-04T18:38:05.262879,Description non disponible depuis la recherche,Stock non disponible,ISBN non disponible,Éditeur non disponible,Date non disponible,Nombre de pages non disponible,Rang de vente non disponible,Manga,43.0,,
Bloom into you - Tome 2,https://www.amazon.fr/Bloom-into-you-Nio-Nakatani/dp/2505076782/ref=sr_1_683,"8,10 €",de Nio Nakatani | 25 octobre 2019,"4,8 sur 5 étoiles, détails de l’évaluation",184,Broché,https://m.media-amazon.com/images/I/81l17BTTOzL._AC_UY218_.jpg,2025-09-04T18:38:05.266243,Description non disponible depuis la recherche,Stock non disponible,ISBN non disponible,Éditeur non disponible,Date non disponible,Nombre de pages non disponible,Rang de vente non disponible,Manga,43.0,,
Demon Slayer T05,https://www.amazon.fr/Demon-Slayer-T05-Koyoharu-Gotouge/dp/280947754X/ref=sr_1_684,"7,29 €",Koyoharu Gotouge,"4,8 sur 5 étoiles, détails de l’évaluation",2 038,Broché,https://m.media-amazon.com/images/I/81G-21vtEvL._AC_UY218_.jpg,2025-09-04T18:38:05.269085,Description non disponible depuis la recherche,Stock non disponible,ISBN non disponible,Éditeur non disponible,Date non disponible,Nombre de pages non disponible,Rang de vente non disponible,Manga,43.0,,
Capeta - Tome 07,https://www.amazon.fr/Capeta-07-Masahito-Soda/dp/2386700135/ref=sr_1_686,"7,95 €",Masahito Soda,Note non disponible,0 avis,Poche,https://m.media-amazon.com/images/I/812Ipa7zeEL._AC_UY218_.jpg,2025-09-04T18:38:05.274313,Description non disponible depuis la recherche,Stock non disponible,ISBN non disponible,Éditeur non disponible,Date non disponible,Nombre de pages non disponible,Rang de vente non disponible,Manga,43.0,,
WAKFU MANGA T01 LA QUETE DES DOFUS ELIATROPES,https://www.amazon.fr/WAKFU-MANGA-QUETE-DOFUS-ELIATROPES/dp/2359102745/ref=sr_1_687,"7,95 €",Azra,"4,7 sur 5 étoiles, détails de l’évaluation",230,Broché,https://m.media-amazon.com/images/I/91plMMYjoRL._AC_UY218_.jpg,2025-09-04T18:38:05.277152,Description non disponible depuis la recherche,Stock non disponible,ISBN non disponible,Éditeur non disponible,Date non disponible,Nombre de pages non disponible,Rang de vente non disponible,Manga,43.0,,
Land T11,https://www.amazon.fr/Land-T11-Kazumi-Yamashita/dp/2382819340/ref=sr_1_688,"9,95 €",Kazumi Yamashita,"5,0 sur 5 étoiles, détails de l’évaluation",2,Poche,https://m.media-amazon.com/images/I/91B7JdCpNcL._AC_UY218_.jpg,2025-09-04T18:38:05.279568,Description non disponible depuis la recherche,Stock non disponible,ISBN non disponible,Éditeur non disponible,Date non disponible,Nombre de pages non disponible,Rang de vente non disponible,Manga,43.0,,
Super Mario Manga Adventures T34,https://www.amazon.fr/Super-Mario-Manga-Adventures-T34/dp/2302101510/ref=sr_1_689,"7,29 €",Yukio Sawada,"4,6 sur 5 étoiles, détails de l’évaluation",13,Broché,https://m.media-amazon.com/images/I/81rn1i9oVYL._AC_UY218_.jpg,2025-09-04T18:38:05.281673,Description non disponible depuis la recherche,Stock non disponible,ISBN non disponible,Éditeur non disponible,Date non disponible,Nombre de pages non disponible,Rang de vente non disponible,Manga,43.0,,
Animal Crossing - Le Journal de l'île - Coffret T01 à T03 NED,https://www.amazon.fr/Animal-Crossing-Journal-l%C3%AEle-Coffret/dp/2302104730/ref=sr_1_691,"25,50 €",de Kokonasu Rumba et Florent Gorges | 6 novembre 2024,Note non disponible,0 avis,Relié,https://m.media-amazon.com/images/I/812RajPH6hL._AC_UY218_.jpg,2025-09-04T18:38:05.287710,Description non disponible depuis la recherche,Stock non disponible,ISBN non disponible,Éditeur non disponible,Date non disponible,Nombre de pages non disponible,Rang de vente non disponible,Manga,43.0,,
"Agenda Scolaire 2025 2026: De Septembre à Août – Maîtrise les forces de l’ombre – Organisateur Scolaire pour Garçons et Filles – Primaire, Collège, Lycée – Thème manga",https://www.amazon.fr/Agenda-Scolaire-2025-2026-Organisateur/dp/B0FJLYJS9W/ref=sr_1_692,"13,60 €",de M errm | 18 juillet 2025,Note non disponible,0 avis,Broché,https://m.media-amazon.com/images/I/71JWiChUfXL._AC_UY218_.jpg,2025-09-04T18:38:05.290203,Description non disponible depuis la recherche,Stock non disponible,ISBN non disponible,Éditeur non disponible,Date non disponible,Nombre de pages non disponible,Rang de vente non disponible,Manga,43.0,,
Gloutons et Dragons (5),https://www.amazon.fr/Gloutons-dragons-5-Hinoko/dp/2203153636/ref=sr_1_693,"8,45 €",RYOKO KUI,"4,9 sur 5 étoiles, détails de l’évaluation",44,Broché,https://m.media-amazon.com/images/I/71+fM3np5nL._AC_UY218_.jpg,2025-09-04T18:38:05.293085,Description non disponible depuis la recherche,Stock non disponible,ISBN non disponible,Éditeur non disponible,Date non disponible,Nombre de pages non disponible,Rang de vente non disponible,Manga,43.0,,
The Scheming Heir Refuses to Divorce Me! (Romance Manga) (English Edition),https://www.amazon.fr/Scheming-Refuses-Divorce-Romance-English-ebook/dp/B0D6PGVQZH/ref=sr_1_694,"6,79 €",Édition en Anglais | de KII HASEGAWA et NOA MIZUKI | 30 juillet 2025,"5,0 sur 5 étoiles, détails de l’évaluation",1,Format Kindle,https://m.media-amazon.com/images/I/91b8fEFDdQL._AC_UY218_.jpg,2025-09-04T18:38:05.295398,Description non disponible depuis la recherche,Stock non disponible,ISBN non disponible,Éditeur non disponible,Date non disponible,Nombre de pages non disponible,Rang de vente non disponible,Manga,43.0,,
Nina du royaume aux étoiles - Tome 6 (6),https://www.amazon.fr/Nina-royaume-aux-%C3%A9toiles-Rikachi/dp/2749951631/ref=sr_1_691,"7,95 €",Rikachi,Nina du royaume aux étoiles - Tome 6 (6),43,Broché,https://m.media-amazon.com/images/I/71bniYLGyXL._AC_UY218_.jpg,2025-09-04T18:38:15.131251,Description non disponible depuis la recherche,Stock non disponible,ISBN non disponible,Éditeur non disponible,Date non disponible,Nombre de pages non disponible,Rang de vente non disponible,Manga,44.0,,
Détective Conan - Tome 28,https://www.amazon.fr/D%C3%A9tective-Conan-28-Gosho-Aoyama/dp/2871293392/ref=sr_1_692,"7,30 €",Gosho Aoyama,"4,9 sur 5 étoiles, détails de l’évaluation",112,Poche,https://m.media-amazon.com/images/I/7196MMGsQuL._AC_UY218_.jpg,2025-09-04T18:38:15.134824,Description non disponible depuis la recherche,Stock non disponible,ISBN non disponible,Éditeur non disponible,Date non disponible,Nombre de pages non disponible,Rang de vente non disponible,Manga,44.0,,
MANHOLE T02,https://www.amazon.fr/Manhole-Vol-2-TSUTSUI-Tetsuya/dp/2915513228/ref=sr_1_693,"7,95 €",TETSUYA TSUTSUI,"4,4 sur 5 étoiles, détails de l’évaluation",47,Broché,https://m.media-amazon.com/images/I/41EY5MStbGL._AC_UY218_.jpg,2025-09-04T18:38:15.137156,Description non disponible depuis la recherche,Stock non disponible,ISBN non disponible,Éditeur non disponible,Date non disponible,Nombre de pages non disponible,Rang de vente non disponible,Manga,44.0,,
Goblin Slayer - Tome 16,https://www.amazon.fr/Goblin-Slayer-16-Kumo-Kagyu/dp/B0F5928C57/ref=sr_1_694,"7,95 €","de Kumo Kagyu, Kousuke Kurose, et al. | 11 septembre 2025",Note non disponible,0 avis,Poche,https://m.media-amazon.com/images/I/71SbKv3qf1L._AC_UY218_.jpg,2025-09-04T18:38:15.141708,Description non disponible depuis la recherche,Stock non disponible,ISBN non disponible,Éditeur non disponible,Date non disponible,Nombre de pages non disponible,Rang de vente non disponible,Manga,44.0,,
Kilari - Tome 04,https://www.amazon.fr/Kilari-Vol-4-NAKAHARA/dp/2723475522/ref=sr_1_697,"7,20 €",de An Nakahara | 13 janvier 2010,"4,7 sur 5 étoiles, détails de l’évaluation",119,Broché,https://m.media-amazon.com/images/I/91cQioUgv-L._AC_UY218_.jpg,2025-09-04T18:38:15.151691,Description non disponible depuis la recherche,Stock non disponible,ISBN non disponible,Éditeur non disponible,Date non disponible,Nombre de pages non disponible,Rang de vente non disponible,Manga,44.0,,
Let's go karaoké,https://www.amazon.fr/Lets-go-karaok%C3%A9-Yama-Wayama/dp/2379507597/ref=sr_1_698,"12,50 €",de Yama Wayama | 14 mars 2025,"5,0 sur 5 étoiles, détails de l’évaluation",1,Broché,https://m.media-amazon.com/images/I/819-v474M+L._AC_UY218_.jpg,2025-09-04T18:38:15.154519,Description non disponible depuis la recherche,Stock non disponible,ISBN non disponible,Éditeur non disponible,Date non disponible,Nombre de pages non disponible,Rang de vente non disponible,Manga,44.0,,
The Abandoned Empress T07,https://www.amazon.fr/Abandoned-Empress-T07-Ina/dp/2382882980/ref=sr_1_699,"14,95 €",de Ina et Yuna | 22 mai 2024,"4,9 sur 5 étoiles, détails de l’évaluation",17,Broché,https://m.media-amazon.com/images/I/81pljD-hDAL._AC_UY218_.jpg,2025-09-04T18:38:15.157323,Description non disponible depuis la recherche,Stock non disponible,ISBN non disponible,Éditeur non disponible,Date non disponible,Nombre de pages non disponible,Rang de vente non disponible,Manga,44.0,,
Splatoon T16,https://www.amazon.fr/Splatoon-T16-Sankichi-Hinodeya/dp/2302098358/ref=sr_1_700,"8,50 €",Sankichi Hinodeya,"4,8 sur 5 étoiles, détails de l’évaluation",131,Broché,https://m.media-amazon.com/images/I/81zotXDAZIL._AC_UY218_.jpg,2025-09-04T18:38:15.160869,Description non disponible depuis la recherche,Stock non disponible,ISBN non disponible,Éditeur non disponible,Date non disponible,Nombre de pages non disponible,Rang de vente non disponible,Manga,44.0,,
Pack 1+1 Tôgen Anki (Tomes 1 +2) - OP 1+1 2025,https://www.amazon.fr/Pack-T%C3%B4gen-Anki-Tomes-2023/dp/B0BFG4S743/ref=sr_1_702,"7,30 €","de Yura Urushibara, Eric Montésinos, et al. | 11 janvier 2023","4,5 sur 5 étoiles, détails de l’évaluation",8,Broché,https://m.media-amazon.com/images/I/71313aACdgL._AC_UY218_.jpg,2025-09-04T18:38:15.168163,Description non disponible depuis la recherche,Stock non disponible,ISBN non disponible,Éditeur non disponible,Date non disponible,Nombre de pages non disponible,Rang de vente non disponible,Manga,44.0,,
Mushoku Tensei - vol. 22,https://www.amazon.fr/Mushoku-Tensei-Rifujin-na-Magonote/dp/B0F2M9NCH7/ref=sr_1_703,"7,50 €",Rifujin na Magonote,"5,0 sur 5 étoiles, détails de l’évaluation",3,Poche,https://m.media-amazon.com/images/I/814NMfM9J6L._AC_UY218_.jpg,2025-09-04T18:38:15.171980,Description non disponible depuis la recherche,Stock non disponible,ISBN non disponible,Éditeur non disponible,Date non disponible,Nombre de pages non disponible,Rang de vente non disponible,Manga,44.0,,
ONE-PUNCH MAN - tome 20 (20),https://www.amazon.fr/ONE-PUNCH-MAN-20-ONE/dp/236852925X/ref=sr_1_704,"7,30 €",One,"4,9 sur 5 étoiles, détails de l’évaluation",575,Poche,https://m.media-amazon.com/images/I/713uODCIEDL._AC_UY218_.jpg,2025-09-04T18:38:15.175221,Description non disponible depuis la recherche,Stock non disponible,ISBN non disponible,Éditeur non disponible,Date non disponible,Nombre de pages non disponible,Rang de vente non disponible,Manga,44.0,,
Omniscient Reader's Viewpoint T08,https://www.amazon.fr/Omniscient-Readers-Viewpoint-REDICE-STUDIO/dp/2811699570/ref=sr_1_705,"14,95 €","de UMI(REDICE STUDIO), Sleepy-C(3B2S STUDIO), et al. | 1 octobre 2025",Note non disponible,0 avis,Broché,https://m.media-amazon.com/images/I/7101pESyAwL._AC_UY218_.jpg,2025-09-04T18:38:15.178321,Description non disponible depuis la recherche,Stock non disponible,ISBN non disponible,Éditeur non disponible,Date non disponible,Nombre de pages non disponible,Rang de vente non disponible,Manga,44.0,,
Finding Camellia - Tome 2,https://www.amazon.fr/Finding-Camellia-2-Jin-Soye/dp/2379508305/ref=sr_1_707,"16,00 €",de Jin Soye et Manta Comics | 13 juin 2025,"5,0 sur 5 étoiles, détails de l’évaluation",1,Broché,https://m.media-amazon.com/images/I/81mQMFWQ11L._AC_UY218_.jpg,2025-09-04T18:38:15.184221,Description non disponible depuis la recherche,Stock non disponible,ISBN non disponible,Éditeur non disponible,Date non disponible,Nombre de pages non disponible,Rang de vente non disponible,Manga,44.0,,
Kagurabachi - Tome 3,https://www.amazon.fr/Kagurabachi-3-Takeru-HOKAZONO/dp/2505133794/ref=sr_1_708,"7,30 €",Takeru HOKAZONO,"4,9 sur 5 étoiles, détails de l’évaluation",20,Broché,https://m.media-amazon.com/images/I/91Vm1-dJSDL._AC_UY218_.jpg,2025-09-04T18:38:15.186909,Description non disponible depuis la recherche,Stock non disponible,ISBN non disponible,Éditeur non disponible,Date non disponible,Nombre de pages non disponible,Rang de vente non disponible,Manga,44.0,,
Christophe Colomb,https://www.amazon.fr/Christophe-Colomb-Kensaku-Saguchi/dp/237349356X/ref=sr_1_709,"7,90 €",de Kensaku Saguchi et Ikuo Miyazoe | 15 septembre 2021,"4,7 sur 5 étoiles, détails de l’évaluation",22,Poche,https://m.media-amazon.com/images/I/81XlLPsp85S._AC_UY218_.jpg,2025-09-04T18:38:15.189857,Description non disponible depuis la recherche,Stock non disponible,ISBN non disponible,Éditeur non disponible,Date non disponible,Nombre de pages non disponible,Rang de vente non disponible,Manga,44.0,,
Kenshin Perfect edition - Tome 08,https://www.amazon.fr/Kenshin-vagabond-Perfect-WATSUKI-Nobuhiro/dp/2723478920/ref=sr_1_710,"10,95 €",Nobuhiro Watsuki,"5,0 sur 5 étoiles, détails de l’évaluation",64,Broché,https://m.media-amazon.com/images/I/91jMeuWUFxL._AC_UY218_.jpg,2025-09-04T18:38:15.194640,Description non disponible depuis la recherche,Stock non disponible,ISBN non disponible,Éditeur non disponible,Date non disponible,Nombre de pages non disponible,Rang de vente non disponible,Manga,44.0,,
Goblin Slayer - Tome 16,https://www.amazon.fr/Goblin-Slayer-16-Kumo-Kagyu/dp/B0F5928C57/ref=sr_1_707,"7,95 €","de Kumo Kagyu, Kousuke Kurose, et al. | 11 septembre 2025",Note non disponible,0 avis,Poche,https://m.media-amazon.com/images/I/71SbKv3qf1L._AC_UY218_.jpg,2025-09-04T18:38:26.471753,Description non disponible depuis la recherche,Stock non disponible,ISBN non disponible,Éditeur non disponible,Date non disponible,Nombre de pages non disponible,Rang de vente non disponible,Manga,45.0,,
Kilari - Tome 04,https://www.amazon.fr/Kilari-Vol-4-NAKAHARA/dp/2723475522/ref=sr_1_708,"7,20 €",de An Nakahara | 13 janvier 2010,"4,7 sur 5 étoiles, détails de l’évaluation",119,Broché,https://m.media-amazon.com/images/I/91cQioUgv-L._AC_UY218_.jpg,2025-09-04T18:38:26.475322,Description non disponible depuis la recherche,Stock non disponible,ISBN non disponible,Éditeur non disponible,Date non disponible,Nombre de pages non disponible,Rang de vente non disponible,Manga,45.0,,
Let's go karaoké,https://www.amazon.fr/Lets-go-karaok%C3%A9-Yama-Wayama/dp/2379507597/ref=sr_1_709,"12,50 €",de Yama Wayama | 14 mars 2025,"5,0 sur 5 étoiles, détails de l’évaluation",1,Broché,https://m.media-amazon.com/images/I/819-v474M+L._AC_UY218_.jpg,2025-09-04T18:38:26.478115,Description non disponible depuis la recherche,Stock non disponible,ISBN non disponible,Éditeur non disponible,Date non disponible,Nombre de pages non disponible,Rang de vente non disponible,Manga,45.0,,
The Abandoned Empress T07,https://www.amazon.fr/Abandoned-Empress-T07-Ina/dp/2382882980/ref=sr_1_710,"14,95 €",de Ina et Yuna | 22 mai 2024,"4,9 sur 5 étoiles, détails de l’évaluation",17,Broché,https://m.media-amazon.com/images/I/81pljD-hDAL._AC_UY218_.jpg,2025-09-04T18:38:26.480864,Description non disponible depuis la recherche,Stock non disponible,ISBN non disponible,Éditeur non disponible,Date non disponible,Nombre de pages non disponible,Rang de vente non disponible,Manga,45.0,,
Splatoon T16,https://www.amazon.fr/Splatoon-T16-Sankichi-Hinodeya/dp/2302098358/ref=sr_1_713,"8,50 €",Sankichi Hinodeya,"4,8 sur 5 étoiles, détails de l’évaluation",131,Broché,https://m.media-amazon.com/images/I/81zotXDAZIL._AC_UY218_.jpg,2025-09-04T18:38:26.489731,Description non disponible depuis la recherche,Stock non disponible,ISBN non disponible,Éditeur non disponible,Date non disponible,Nombre de pages non disponible,Rang de vente non disponible,Manga,45.0,,
"Je mange bien, je vais bien",https://www.amazon.fr/Je-mange-bien-vais/dp/208045658X/ref=sr_1_714,"19,90 €",Jimmy Mohamed,"4,4 sur 5 étoiles, détails de l’évaluation",205,Broché,https://m.media-amazon.com/images/I/71gk+vkZmzL._AC_UY218_.jpg,2025-09-04T18:38:26.493156,Description non disponible depuis la recherche,Stock non disponible,ISBN non disponible,Éditeur non disponible,Date non disponible,Nombre de pages non disponible,Rang de vente non disponible,Manga,45.0,,
Pack 1+1 Tôgen Anki (Tomes 1 +2) - OP 1+1 2025,https://www.amazon.fr/Pack-T%C3%B4gen-Anki-Tomes-2023/dp/B0BFG4S743/ref=sr_1_715,"7,30 €","de Yura Urushibara, Eric Montésinos, et al. | 11 janvier 2023","4,5 sur 5 étoiles, détails de l’évaluation",8,Broché,https://m.media-amazon.com/images/I/71313aACdgL._AC_UY218_.jpg,2025-09-04T18:38:26.495860,Description non disponible depuis la recherche,Stock non disponible,ISBN non disponible,Éditeur non disponible,Date non disponible,Nombre de pages non disponible,Rang de vente non disponible,Manga,45.0,,
Mushoku Tensei - vol. 22,https://www.amazon.fr/Mushoku-Tensei-Rifujin-na-Magonote/dp/B0F2M9NCH7/ref=sr_1_716,"7,50 €",Rifujin na Magonote,"5,0 sur 5 étoiles, détails de l’évaluation",3,Poche,https://m.media-amazon.com/images/I/814NMfM9J6L._AC_UY218_.jpg,2025-09-04T18:38:26.498769,Description non disponible depuis la recherche,Stock non disponible,ISBN non disponible,Éditeur non disponible,Date non disponible,Nombre de pages non disponible,Rang de vente non disponible,Manga,45.0,,
ONE-PUNCH MAN - tome 20 (20),https://www.amazon.fr/ONE-PUNCH-MAN-20-ONE/dp/236852925X/ref=sr_1_718,"7,30 €",One,"4,9 sur 5 étoiles, détails de l’évaluation",575,Poche,https://m.media-amazon.com/images/I/713uODCIEDL._AC_UY218_.jpg,2025-09-04T18:38:26.504634,Description non disponible depuis la recherche,Stock non disponible,ISBN non disponible,Éditeur non disponible,Date non disponible,Nombre de pages non disponible,Rang de vente non disponible,Manga,45.0,,
Omniscient Reader's Viewpoint T08,https://www.amazon.fr/Omniscient-Readers-Viewpoint-REDICE-STUDIO/dp/2811699570/ref=sr_1_719,"14,95 €","de UMI(REDICE STUDIO), Sleepy-C(3B2S STUDIO), et al. | 1 octobre 2025",Note non disponible,0 avis,Broché,https://m.media-amazon.com/images/I/7101pESyAwL._AC_UY218_.jpg,2025-09-04T18:38:26.507413,Description non disponible depuis la recherche,Stock non disponible,ISBN non disponible,Éditeur non disponible,Date non disponible,Nombre de pages non disponible,Rang de vente non disponible,Manga,45.0,,
Finding Camellia - Tome 2,https://www.amazon.fr/Finding-Camellia-2-Jin-Soye/dp/2379508305/ref=sr_1_720,"16,00 €",de Jin Soye et Manta Comics | 13 juin 2025,"5,0 sur 5 étoiles, détails de l’évaluation",1,Broché,https://m.media-amazon.com/images/I/81mQMFWQ11L._AC_UY218_.jpg,2025-09-04T18:38:26.510223,Description non disponible depuis la recherche,Stock non disponible,ISBN non disponible,Éditeur non disponible,Date non disponible,Nombre de pages non disponible,Rang de vente non disponible,Manga,45.0,,
Kagurabachi - Tome 3,https://www.amazon.fr/Kagurabachi-3-Takeru-HOKAZONO/dp/2505133794/ref=sr_1_721,"7,30 €",Takeru HOKAZONO,"4,9 sur 5 étoiles, détails de l’évaluation",20,Broché,https://m.media-amazon.com/images/I/91Vm1-dJSDL._AC_UY218_.jpg,2025-09-04T18:38:26.513026,Description non disponible depuis la recherche,Stock non disponible,ISBN non disponible,Éditeur non disponible,Date non disponible,Nombre de pages non disponible,Rang de vente non disponible,Manga,45.0,,
Christophe Colomb,https://www.amazon.fr/Christophe-Colomb-Kensaku-Saguchi/dp/237349356X/ref=sr_1_723,"7,90 €",de Kensaku Saguchi et Ikuo Miyazoe | 15 septembre 2021,"4,7 sur 5 étoiles, détails de l’évaluation",22,Poche,https://m.media-amazon.com/images/I/81XlLPsp85S._AC_UY218_.jpg,2025-09-04T18:38:26.518841,Description non disponible depuis la recherche,Stock non disponible,ISBN non disponible,Éditeur non disponible,Date non disponible,Nombre de pages non disponible,Rang de vente non disponible,Manga,45.0,,
Kenshin Perfect edition - Tome 08,https://www.amazon.fr/Kenshin-vagabond-Perfect-WATSUKI-Nobuhiro/dp/2723478920/ref=sr_1_724,"10,95 €",Nobuhiro Watsuki,"5,0 sur 5 étoiles, détails de l’évaluation",64,Broché,https://m.media-amazon.com/images/I/91jMeuWUFxL._AC_UY218_.jpg,2025-09-04T18:38:26.521666,Description non disponible depuis la recherche,Stock non disponible,ISBN non disponible,Éditeur non disponible,Date non disponible,Nombre de pages non disponible,Rang de vente non disponible,Manga,45.0,,
Ranma 1/2 - Édition originale - Tome 14,https://www.amazon.fr/Ranma-%C3%A9dition-originale-Rumiko-Takahashi/dp/2344033815/ref=sr_1_725,"10,95 €",Rumiko Takahashi,"4,9 sur 5 étoiles, détails de l’évaluation",93,Broché,https://m.media-amazon.com/images/I/81blu1uJceL._AC_UY218_.jpg,2025-09-04T18:38:26.524377,Description non disponible depuis la recherche,Stock non disponible,ISBN non disponible,Éditeur non disponible,Date non disponible,Nombre de pages non disponible,Rang de vente non disponible,Manga,45.0,,
Erased T01 à 3 euros,https://www.amazon.fr/Erased-T01-%C3%A0-3-euros/dp/B0CW5RTCPM/ref=sr_1_726,"3,00 €",Kei Sanbe,"4,8 sur 5 étoiles, détails de l’évaluation",146,Poche,https://m.media-amazon.com/images/I/51HpkBglXZL._AC_UY218_.jpg,2025-09-04T18:38:26.527091,Description non disponible depuis la recherche,Stock non disponible,ISBN non disponible,Éditeur non disponible,Date non disponible,Nombre de pages non disponible,Rang de vente non disponible,Manga,45.0,,
Erased T01 à 3 euros,https://www.amazon.fr/Erased-T01-%C3%A0-3-euros/dp/B0CW5RTCPM/ref=sr_1_723,"3,00 €",Kei Sanbe,"4,8 sur 5 étoiles, détails de l’évaluation",146,Poche,https://m.media-amazon.com/images/I/51HpkBglXZL._AC_UY218_.jpg,2025-09-04T18:38:38.294885,Description non disponible depuis la recherche,Stock non disponible,ISBN non disponible,Éditeur non disponible,Date non disponible,Nombre de pages non disponible,Rang de vente non disponible,Manga,46.0,,
"The 100th Time’s the Charm: She Was Executed 99 Times, So How Did She Unlock “Super Love” Mode?! (Manga) Volume 4 (English Edition)",https://www.amazon.fr/100th-Times-Charm-Executed-English-ebook/dp/B0FFTGJ9PJ/ref=sr_1_724,"7,67 €",Yuji Yuji,"4,4 sur 5 étoiles, détails de l’évaluation",20,Format Kindle,https://m.media-amazon.com/images/I/81ocv4Oj+bL._AC_UY218_.jpg,2025-09-04T18:38:38.296944,Description non disponible depuis la recherche,Stock non disponible,ISBN non disponible,Éditeur non disponible,Date non disponible,Nombre de pages non disponible,Rang de vente non disponible,Manga,46.0,,
Le Jeu de la mort T14,https://www.amazon.fr/Jeu-mort-T14-Sora/dp/2413080538/ref=sr_1_725,"7,29 €",Sora,"4,3 sur 5 étoiles, détails de l’évaluation",8,Broché,https://m.media-amazon.com/images/I/71HfIe0ev2L._AC_UY218_.jpg,2025-09-04T18:38:38.299788,Description non disponible depuis la recherche,Stock non disponible,ISBN non disponible,Éditeur non disponible,Date non disponible,Nombre de pages non disponible,Rang de vente non disponible,Manga,46.0,,
"Amo, chasseuse de Dieux - L'Intégrale",https://www.amazon.fr/Amo-chasseuse-Dieux-Nobuaki-TADANO/dp/2382812001/ref=sr_1_726,"29,95 €",de Nobuaki TADANO et Anaïs Koechlin | 20 novembre 2024,"5,0 sur 5 étoiles, détails de l’évaluation",2,Broché,https://m.media-amazon.com/images/I/816-nwDvjeL._AC_UY218_.jpg,2025-09-04T18:38:38.302484,Description non disponible depuis la recherche,Stock non disponible,ISBN non disponible,Éditeur non disponible,Date non disponible,Nombre de pages non disponible,Rang de vente non disponible,Manga,46.0,,
Crying Freeman Perfect Edition - Tome 05,https://www.amazon.fr/Crying-Freeman-Perfect-Kazuo-Koike/dp/2344058435/ref=sr_1_729,"14,95 €",Kazuo Koike,"4,8 sur 5 étoiles, détails de l’évaluation",7,Poche,https://m.media-amazon.com/images/I/81MknoYmuVL._AC_UY218_.jpg,2025-09-04T18:38:38.310916,Description non disponible depuis la recherche,Stock non disponible,ISBN non disponible,Éditeur non disponible,Date non disponible,Nombre de pages non disponible,Rang de vente non disponible,Manga,46.0,,
Ascension T03,https://www.amazon.fr/Ascension-Vol-3-SAKAMOTO-ShinIchi/dp/2756020443/ref=sr_1_730,"8,50 €",de SAKAMOTO-S | 12 janvier 2011,"4,7 sur 5 étoiles, détails de l’évaluation",47,Broché,https://m.media-amazon.com/images/I/814wrrpQynS._AC_UY218_.jpg,2025-09-04T18:38:38.314232,Description non disponible depuis la recherche,Stock non disponible,ISBN non disponible,Éditeur non disponible,Date non disponible,Nombre de pages non disponible,Rang de vente non disponible,Manga,46.0,,
Apprendre à dessiner des manga pour débutant: Manuel pas à pas avec leçons et exercices à réaliser dans le livre,https://www.amazon.fr/Apprendre-dessiner-manga-pour-d%C3%A9butant/dp/B0FD8Q41VK/ref=sr_1_731,"22,74 €",Esquissewei,"5,0 sur 5 étoiles, détails de l’évaluation",8,Broché,https://m.media-amazon.com/images/I/71ShMjb9nfL._AC_UY218_.jpg,2025-09-04T18:38:38.316133,Description non disponible depuis la recherche,Stock non disponible,ISBN non disponible,Éditeur non disponible,Date non disponible,Nombre de pages non disponible,Rang de vente non disponible,Manga,46.0,,
Haikyu !! - Les As du volley T05,https://www.amazon.fr/Haikyu-volley-Vol-5-FURUDATE-Haruichi/dp/2820317596/ref=sr_1_732,"7,05 €",Haruichi Furudate,"4,8 sur 5 étoiles, détails de l’évaluation",164,Broché,https://m.media-amazon.com/images/I/91habLY88vL._AC_UY218_.jpg,2025-09-04T18:38:38.318889,Description non disponible depuis la recherche,Stock non disponible,ISBN non disponible,Éditeur non disponible,Date non disponible,Nombre de pages non disponible,Rang de vente non disponible,Manga,46.0,,
Card Captor Sakura - Clear Card Arc T06,https://www.amazon.fr/Card-Captor-Sakura-Clear-Arc/dp/281165206X/ref=sr_1_734,"7,20 €",CLAMP,"4,8 sur 5 étoiles, détails de l’évaluation",187,Poche,https://m.media-amazon.com/images/I/81ozKFtGp1L._AC_UY218_.jpg,2025-09-04T18:38:38.324621,Description non disponible depuis la recherche,Stock non disponible,ISBN non disponible,Éditeur non disponible,Date non disponible,Nombre de pages non disponible,Rang de vente non disponible,Manga,46.0,,
Death Note. La série complète,https://www.amazon.fr/Death-Note-La-s%C3%A9rie-compl%C3%A8te/dp/B08245ZT1D/ref=sr_1_735,"0,00 €",Livres audio Audible,"4,4 sur 5 étoiles, détails de l’évaluation",3,Livres audio Audible,https://m.media-amazon.com/images/I/81esjwuF4xL._AC_UY218_.jpg,2025-09-04T18:38:38.326554,Description non disponible depuis la recherche,Stock non disponible,ISBN non disponible,Éditeur non disponible,Date non disponible,Nombre de pages non disponible,Rang de vente non disponible,Manga,46.0,,
Berserk Prestige - Tome 03,https://www.amazon.fr/Berserk-Prestige-03-Kentaro-Miura/dp/2344067825/ref=sr_1_736,"24,90 €",Kentaro Miura,Note non disponible,0 avis,Poche,https://m.media-amazon.com/images/I/71uoDTq68TL._AC_UY218_.jpg,2025-09-04T18:38:38.328608,Description non disponible depuis la recherche,Stock non disponible,ISBN non disponible,Éditeur non disponible,Date non disponible,Nombre de pages non disponible,Rang de vente non disponible,Manga,46.0,,
Fairy Tail T49,https://www.amazon.fr/Fairy-Tail-Vol-49-MASHIMA-Hiro/dp/2811626980/ref=sr_1_737,"7,20 €",Hiro Mashima,"4,8 sur 5 étoiles, détails de l’évaluation",195,Poche,https://m.media-amazon.com/images/I/91+Gb6qFmtL._AC_UY218_.jpg,2025-09-04T18:38:38.331350,Description non disponible depuis la recherche,Stock non disponible,ISBN non disponible,Éditeur non disponible,Date non disponible,Nombre de pages non disponible,Rang de vente non disponible,Manga,46.0,,
Rave - Tome 08,https://www.amazon.fr/Rave-Vol-8-Hiro-Mashima/dp/2723444058/ref=sr_1_739,"7,20 €",Hiro Mashima,"4,9 sur 5 étoiles, détails de l’évaluation",22,Broché,https://m.media-amazon.com/images/I/51dkv5-bgbL._AC_UY218_.jpg,2025-09-04T18:38:38.337106,Description non disponible depuis la recherche,Stock non disponible,ISBN non disponible,Éditeur non disponible,Date non disponible,Nombre de pages non disponible,Rang de vente non disponible,Manga,46.0,,
Dragon Ball SD - Tome 05,https://www.amazon.fr/Dragon-Ball-SD-Akira-Toriyama/dp/2344035206/ref=sr_1_740,"7,90 €",Akira Toriyama,"4,8 sur 5 étoiles, détails de l’évaluation",227,Broché,https://m.media-amazon.com/images/I/81Qgb82Kn5L._AC_UY218_.jpg,2025-09-04T18:38:38.340025,Description non disponible depuis la recherche,Stock non disponible,ISBN non disponible,Éditeur non disponible,Date non disponible,Nombre de pages non disponible,Rang de vente non disponible,Manga,46.0,,
The Invincible Little Lady (Manga): Volume 1 (English Edition),https://www.amazon.fr/Invincible-Little-Lady-Manga-English-ebook/dp/B0CJLYB8VN/ref=sr_1_741,"8,52 €","Édition en Anglais | de Chatsufusa, Sabaneko, et al. | 29 novembre 2023","4,6 sur 5 étoiles, détails de l’évaluation",56,Format Kindle,https://m.media-amazon.com/images/I/81g2tEUqZsL._AC_UY218_.jpg,2025-09-04T18:38:38.342560,Description non disponible depuis la recherche,Stock non disponible,ISBN non disponible,Éditeur non disponible,Date non disponible,Nombre de pages non disponible,Rang de vente non disponible,Manga,46.0,,
One Piece - Coffret Île des hommes-poissons (Tomes 62 à 70): (Tomes 62-70),https://www.amazon.fr/One-Piece-Coffret-hommes-poissons-Tomes/dp/2344062696/ref=sr_1_742,"64,80 €",Eiichiro Oda,"4,8 sur 5 étoiles, détails de l’évaluation",78,Broché,https://m.media-amazon.com/images/I/8183DPIhRhL._AC_UY218_.jpg,2025-09-04T18:38:38.344504,Description non disponible depuis la recherche,Stock non disponible,ISBN non disponible,Éditeur non disponible,Date non disponible,Nombre de pages non disponible,Rang de vente non disponible,Manga,46.0,,
Captain Tsubasa - Tome 07: Le coup d'envoi d'un match de rêve !,https://www.amazon.fr/Captain-Tsubasa-Olive-Tom-Vol-7/dp/2723482596/ref=sr_1_739,"7,20 €",Yoichi Takahashi,"4,7 sur 5 étoiles, détails de l’évaluation",191,Broché,https://m.media-amazon.com/images/I/61Yj62foS7L._AC_UY218_.jpg,2025-09-04T18:38:48.803718,Description non disponible depuis la recherche,Stock non disponible,ISBN non disponible,Éditeur non disponible,Date non disponible,Nombre de pages non disponible,Rang de vente non disponible,Manga,47.0,,
Initial D T25,https://www.amazon.fr/Initial-D-Vol-25-SHIGENO-Sh%C3%BBichi/dp/2820316867/ref=sr_1_740,"7,05 €",de Shigeno Shuichi | 23 avril 2014,"5,0 sur 5 étoiles, détails de l’évaluation",26,Broché,https://m.media-amazon.com/images/I/910qLaGCY-L._AC_UY218_.jpg,2025-09-04T18:38:48.807175,Description non disponible depuis la recherche,Stock non disponible,ISBN non disponible,Éditeur non disponible,Date non disponible,Nombre de pages non disponible,Rang de vente non disponible,Manga,47.0,,
The Fable T17: The silent-killer is living in this town.,https://www.amazon.fr/Fable-T17-silent-killer-living-town/dp/2811657231/ref=sr_1_741,"8,50 €",de Katsuhisa Minami | 5 juin 2024,"4,9 sur 5 étoiles, détails de l’évaluation",11,Poche,https://m.media-amazon.com/images/I/81bd97n-EqL._AC_UY218_.jpg,2025-09-04T18:38:48.815510,Description non disponible depuis la recherche,Stock non disponible,ISBN non disponible,Éditeur non disponible,Date non disponible,Nombre de pages non disponible,Rang de vente non disponible,Manga,47.0,,
The Invincible Little Lady (Manga): Volume 9 (English Edition),https://www.amazon.fr/Invincible-Little-Lady-Manga-English-ebook/dp/B0F948ZY7M/ref=sr_1_742,"8,03 €","Édition en Anglais | de Chatsufusa, Sabaneko, et al. | 9 juillet 2025","4,4 sur 5 étoiles, détails de l’évaluation",12,Format Kindle,https://m.media-amazon.com/images/I/81UcIxYN+kL._AC_UY218_.jpg,2025-09-04T18:38:48.818315,Description non disponible depuis la recherche,Stock non disponible,ISBN non disponible,Éditeur non disponible,Date non disponible,Nombre de pages non disponible,Rang de vente non disponible,Manga,47.0,,
La Manche rouge - tome 5,https://www.amazon.fr/Manche-rouge-5-Kang-Mikang/dp/222650141X/ref=sr_1_745,"15,90 €","de Kang Mikang, Dopamine, et al. | 11 juin 2025","5,0 sur 5 étoiles, détails de l’évaluation",6,Broché,https://m.media-amazon.com/images/I/81vKfTp7l4L._AC_UY218_.jpg,2025-09-04T18:38:48.827916,Description non disponible depuis la recherche,Stock non disponible,ISBN non disponible,Éditeur non disponible,Date non disponible,Nombre de pages non disponible,Rang de vente non disponible,Manga,47.0,,
MAUVAISE HERBE VOL.3,https://www.amazon.fr/Mauvaise-herbe-3-Keigo-Shinzo/dp/2353481949/ref=sr_1_746,"14,00 €",Keigo SHINZO,"4,8 sur 5 étoiles, détails de l’évaluation",22,Broché,https://m.media-amazon.com/images/I/81gkvKd70gL._AC_UY218_.jpg,2025-09-04T18:38:48.830643,Description non disponible depuis la recherche,Stock non disponible,ISBN non disponible,Éditeur non disponible,Date non disponible,Nombre de pages non disponible,Rang de vente non disponible,Manga,47.0,,
LA GRANDE TRAVERSEE,https://www.amazon.fr/Grande-travers%C3%A9e-Shion-Miura/dp/2353482511/ref=sr_1_747,"18,00 €",de Shion MIURA | 25 août 2022,"5,0 sur 5 étoiles, détails de l’évaluation",1,Broché,https://m.media-amazon.com/images/I/71-+OFXk6UL._AC_UY218_.jpg,2025-09-04T18:38:48.833510,Description non disponible depuis la recherche,Stock non disponible,ISBN non disponible,Éditeur non disponible,Date non disponible,Nombre de pages non disponible,Rang de vente non disponible,Manga,47.0,,
"The Last Elf, le salut des esprits T02",https://www.amazon.fr/Last-Elf-salut-esprits-T02/dp/2372878948/ref=sr_1_748,"7,99 €",de Akira Sawano et Melody Pages | 3 juillet 2025,Note non disponible,0 avis,Poche,https://m.media-amazon.com/images/I/716JfU8hgRL._AC_UY218_.jpg,2025-09-04T18:38:48.836449,Description non disponible depuis la recherche,Stock non disponible,ISBN non disponible,Éditeur non disponible,Date non disponible,Nombre de pages non disponible,Rang de vente non disponible,Manga,47.0,,
Gachiakuta T05,https://www.amazon.fr/Gachiakuta-T05-Kei-Urana/dp/2811684808/ref=sr_1_750,"7,20 €",Kei Urana,"4,7 sur 5 étoiles, détails de l’évaluation",46,Poche,https://m.media-amazon.com/images/I/81r5bQYLIFL._AC_UY218_.jpg,2025-09-04T18:38:48.842154,Description non disponible depuis la recherche,Stock non disponible,ISBN non disponible,Éditeur non disponible,Date non disponible,Nombre de pages non disponible,Rang de vente non disponible,Manga,47.0,,
BEYBLADE X T01,https://www.amazon.fr/BEYBLADE-X-T01-Posuka-Demizu/dp/2820351565/ref=sr_1_751,"7,99 €",Homura Kawamoto,"4,3 sur 5 étoiles, détails de l’évaluation",13,Poche,https://m.media-amazon.com/images/I/81DQ2tcS0NL._AC_UY218_.jpg,2025-09-04T18:38:48.844813,Description non disponible depuis la recherche,Stock non disponible,ISBN non disponible,Éditeur non disponible,Date non disponible,Nombre de pages non disponible,Rang de vente non disponible,Manga,47.0,,
Chainsaw Man. La solita vista (Vol. 19),https://www.amazon.fr/Chainsaw-Man-solita-vista-Vol/dp/B0DXQ4NQNH/ref=sr_1_752,"5,50 €",Tatsuki Fujimoto,"4,4 sur 5 étoiles, détails de l’évaluation",51,Broché,https://m.media-amazon.com/images/I/61oX4rr7uKL._AC_UY218_.jpg,2025-09-04T18:38:48.847031,Description non disponible depuis la recherche,Stock non disponible,ISBN non disponible,Éditeur non disponible,Date non disponible,Nombre de pages non disponible,Rang de vente non disponible,Manga,47.0,,
The Rising of the Shield Hero - vol. 07,https://www.amazon.fr/Rising-Shield-Hero-7/dp/2818941768/ref=sr_1_753,"7,50 €",de Yusagi ANEKO et Kyu AIYA | 7 juin 2017,"4,8 sur 5 étoiles, détails de l’évaluation",154,Broché,https://m.media-amazon.com/images/I/81Y9pOD0hOL._AC_UY218_.jpg,2025-09-04T18:38:48.850466,Description non disponible depuis la recherche,Stock non disponible,ISBN non disponible,Éditeur non disponible,Date non disponible,Nombre de pages non disponible,Rang de vente non disponible,Manga,47.0,,
Dragon Ball Super - Super Hero,https://www.amazon.fr/Dragon-Ball-Super-Hero/dp/2344059490/ref=sr_1_755,"10,95 €",Akira Toriyama,"4,7 sur 5 étoiles, détails de l’évaluation",111,Broché,https://m.media-amazon.com/images/I/81ebvC1a7zL._AC_UY218_.jpg,2025-09-04T18:38:48.855496,Description non disponible depuis la recherche,Stock non disponible,ISBN non disponible,Éditeur non disponible,Date non disponible,Nombre de pages non disponible,Rang de vente non disponible,Manga,47.0,,
L'Empire du sourire - Tome 2,https://www.amazon.fr/LEmpire-du-sourire-Choi-Rome/dp/2379508232/ref=sr_1_756,"16,00 €",de Choi Rome et Spoon | 17 janvier 2025,"4,4 sur 5 étoiles, détails de l’évaluation",3,Broché,https://m.media-amazon.com/images/I/81mJYe-kWFL._AC_UY218_.jpg,2025-09-04T18:38:48.858423,Description non disponible depuis la recherche,Stock non disponible,ISBN non disponible,Éditeur non disponible,Date non disponible,Nombre de pages non disponible,Rang de vente non disponible,Manga,47.0,,
Sherlock - épisode 05 (5),https://www.amazon.fr/Sherlock-scandale-%C3%A0-Buckingham-Partie/dp/2380713782/ref=sr_1_757,"12,95 €","de Jay, Fabien Nabhan, et al. | 8 décembre 2022","4,9 sur 5 étoiles, détails de l’évaluation",27,Broché,https://m.media-amazon.com/images/I/61zsKQiB1LL._AC_UY218_.jpg,2025-09-04T18:38:48.862171,Description non disponible depuis la recherche,Stock non disponible,ISBN non disponible,Éditeur non disponible,Date non disponible,Nombre de pages non disponible,Rang de vente non disponible,Manga,47.0,,
"Luca, vétérinaire draconique - Tome 04",https://www.amazon.fr/Luca-v%C3%A9t%C3%A9rinaire-draconique-Yuna-Hirasawa/dp/2344068996/ref=sr_1_758,"7,90 €",Yuna Hirasawa,Note non disponible,0 avis,Poche,https://m.media-amazon.com/images/I/91jVnUlXNxL._AC_UY218_.jpg,2025-09-04T18:38:48.865102,Description non disponible depuis la recherche,Stock non disponible,ISBN non disponible,Éditeur non disponible,Date non disponible,Nombre de pages non disponible,Rang de vente non disponible,Manga,47.0,,
Mon atelier BD - Je dessine mon premier manga,https://www.amazon.fr/Mon-atelier-BD-dessine-premier/dp/2215184825/ref=sr_1_755,"12,95 €",de Greg Blondin et Manon | 22 septembre 2023,"5,0 sur 5 étoiles, détails de l’évaluation",4,Relié,https://m.media-amazon.com/images/I/81vKoeY+8QL._AC_UY218_.jpg,2025-09-04T18:38:58.063840,Description non disponible depuis la recherche,Stock non disponible,ISBN non disponible,Éditeur non disponible,Date non disponible,Nombre de pages non disponible,Rang de vente non disponible,Manga,48.0,,
Le Poids du Silence - Tome 03,https://www.amazon.fr/Poids-du-Silence-03/dp/2385039761/ref=sr_1_756,"7,95 €",de Mei Fujimatsu | 5 décembre 2025,Note non disponible,0 avis,Poche,https://m.media-amazon.com/images/I/81PY8mXjQML._AC_UY218_.jpg,2025-09-04T18:38:58.066409,Description non disponible depuis la recherche,Stock non disponible,ISBN non disponible,Éditeur non disponible,Date non disponible,Nombre de pages non disponible,Rang de vente non disponible,Manga,48.0,,
Captain Tsubasa - Tome 07: Le coup d'envoi d'un match de rêve !,https://www.amazon.fr/Captain-Tsubasa-Olive-Tom-Vol-7/dp/2723482596/ref=sr_1_757,"7,20 €",Yoichi Takahashi,"4,7 sur 5 étoiles, détails de l’évaluation",191,Broché,https://m.media-amazon.com/images/I/61Yj62foS7L._AC_UY218_.jpg,2025-09-04T18:38:58.069150,Description non disponible depuis la recherche,Stock non disponible,ISBN non disponible,Éditeur non disponible,Date non disponible,Nombre de pages non disponible,Rang de vente non disponible,Manga,48.0,,
Initial D T25,https://www.amazon.fr/Initial-D-Vol-25-SHIGENO-Sh%C3%BBichi/dp/2820316867/ref=sr_1_758,"7,05 €",de Shigeno Shuichi | 23 avril 2014,"5,0 sur 5 étoiles, détails de l’évaluation",26,Broché,https://m.media-amazon.com/images/I/910qLaGCY-L._AC_UY218_.jpg,2025-09-04T18:38:58.072694,Description non disponible depuis la recherche,Stock non disponible,ISBN non disponible,Éditeur non disponible,Date non disponible,Nombre de pages non disponible,Rang de vente non disponible,Manga,48.0,,
The Fable T17: The silent-killer is living in this town.,https://www.amazon.fr/Fable-T17-silent-killer-living-town/dp/2811657231/ref=sr_1_761,"8,50 €",de Katsuhisa Minami | 5 juin 2024,"4,9 sur 5 étoiles, détails de l’évaluation",11,Poche,https://m.media-amazon.com/images/I/81bd97n-EqL._AC_UY218_.jpg,2025-09-04T18:38:58.081436,Description non disponible depuis la recherche,Stock non disponible,ISBN non disponible,Éditeur non disponible,Date non disponible,Nombre de pages non disponible,Rang de vente non disponible,Manga,48.0,,
The Invincible Little Lady (Manga): Volume 9 (English Edition),https://www.amazon.fr/Invincible-Little-Lady-Manga-English-ebook/dp/B0F948ZY7M/ref=sr_1_762,"8,03 €","Édition en Anglais | de Chatsufusa, Sabaneko, et al. | 9 juillet 2025","4,4 sur 5 étoiles, détails de l’évaluation",12,Format Kindle,https://m.media-amazon.com/images/I/81UcIxYN+kL._AC_UY218_.jpg,2025-09-04T18:38:58.083753,Description non disponible depuis la recherche,Stock non disponible,ISBN non disponible,Éditeur non disponible,Date non disponible,Nombre de pages non disponible,Rang de vente non disponible,Manga,48.0,,
La Manche rouge - tome 5,https://www.amazon.fr/Manche-rouge-5-Kang-Mikang/dp/222650141X/ref=sr_1_763,"15,90 €","de Kang Mikang, Dopamine, et al. | 11 juin 2025","5,0 sur 5 étoiles, détails de l’évaluation",6,Broché,https://m.media-amazon.com/images/I/81vKfTp7l4L._AC_UY218_.jpg,2025-09-04T18:38:58.086481,Description non disponible depuis la recherche,Stock non disponible,ISBN non disponible,Éditeur non disponible,Date non disponible,Nombre de pages non disponible,Rang de vente non disponible,Manga,48.0,,
MAUVAISE HERBE VOL.3,https://www.amazon.fr/Mauvaise-herbe-3-Keigo-Shinzo/dp/2353481949/ref=sr_1_764,"14,00 €",Keigo SHINZO,"4,8 sur 5 étoiles, détails de l’évaluation",22,Broché,https://m.media-amazon.com/images/I/81gkvKd70gL._AC_UY218_.jpg,2025-09-04T18:38:58.088615,Description non disponible depuis la recherche,Stock non disponible,ISBN non disponible,Éditeur non disponible,Date non disponible,Nombre de pages non disponible,Rang de vente non disponible,Manga,48.0,,
LA GRANDE TRAVERSEE,https://www.amazon.fr/Grande-travers%C3%A9e-Shion-Miura/dp/2353482511/ref=sr_1_766,"18,00 €",de Shion MIURA | 25 août 2022,"5,0 sur 5 étoiles, détails de l’évaluation",1,Broché,https://m.media-amazon.com/images/I/71-+OFXk6UL._AC_UY218_.jpg,2025-09-04T18:38:58.094240,Description non disponible depuis la recherche,Stock non disponible,ISBN non disponible,Éditeur non disponible,Date non disponible,Nombre de pages non disponible,Rang de vente non disponible,Manga,48.0,,
"The Last Elf, le salut des esprits T02",https://www.amazon.fr/Last-Elf-salut-esprits-T02/dp/2372878948/ref=sr_1_767,"7,99 €",de Akira Sawano et Melody Pages | 3 juillet 2025,Note non disponible,0 avis,Poche,https://m.media-amazon.com/images/I/716JfU8hgRL._AC_UY218_.jpg,2025-09-04T18:38:58.097067,Description non disponible depuis la recherche,Stock non disponible,ISBN non disponible,Éditeur non disponible,Date non disponible,Nombre de pages non disponible,Rang de vente non disponible,Manga,48.0,,
Gachiakuta T05,https://www.amazon.fr/Gachiakuta-T05-Kei-Urana/dp/2811684808/ref=sr_1_768,"7,20 €",Kei Urana,"4,7 sur 5 étoiles, détails de l’évaluation",46,Poche,https://m.media-amazon.com/images/I/81r5bQYLIFL._AC_UY218_.jpg,2025-09-04T18:38:58.099544,Description non disponible depuis la recherche,Stock non disponible,ISBN non disponible,Éditeur non disponible,Date non disponible,Nombre de pages non disponible,Rang de vente non disponible,Manga,48.0,,
BEYBLADE X T01,https://www.amazon.fr/BEYBLADE-X-T01-Posuka-Demizu/dp/2820351565/ref=sr_1_769,"7,99 €",Homura Kawamoto,"4,3 sur 5 étoiles, détails de l’évaluation",13,Poche,https://m.media-amazon.com/images/I/81DQ2tcS0NL._AC_UY218_.jpg,2025-09-04T18:38:58.102329,Description non disponible depuis la recherche,Stock non disponible,ISBN non disponible,Éditeur non disponible,Date non disponible,Nombre de pages non disponible,Rang de vente non disponible,Manga,48.0,,
Chainsaw Man. La solita vista (Vol. 19),https://www.amazon.fr/Chainsaw-Man-solita-vista-Vol/dp/B0DXQ4NQNH/ref=sr_1_771,"5,50 €",Tatsuki Fujimoto,"4,4 sur 5 étoiles, détails de l’évaluation",51,Broché,https://m.media-amazon.com/images/I/61oX4rr7uKL._AC_UY218_.jpg,2025-09-04T18:38:58.107354,Description non disponible depuis la recherche,Stock non disponible,ISBN non disponible,Éditeur non disponible,Date non disponible,Nombre de pages non disponible,Rang de vente non disponible,Manga,48.0,,
The Rising of the Shield Hero - vol. 07,https://www.amazon.fr/Rising-Shield-Hero-7/dp/2818941768/ref=sr_1_772,"7,50 €",de Yusagi ANEKO et Kyu AIYA | 7 juin 2017,"4,8 sur 5 étoiles, détails de l’évaluation",154,Broché,https://m.media-amazon.com/images/I/81Y9pOD0hOL._AC_UY218_.jpg,2025-09-04T18:38:58.110879,Description non disponible depuis la recherche,Stock non disponible,ISBN non disponible,Éditeur non disponible,Date non disponible,Nombre de pages non disponible,Rang de vente non disponible,Manga,48.0,,
Dragon Ball Super - Super Hero,https://www.amazon.fr/Dragon-Ball-Super-Hero/dp/2344059490/ref=sr_1_773,"10,95 €",Akira Toriyama,"4,7 sur 5 étoiles, détails de l’évaluation",111,Broché,https://m.media-amazon.com/images/I/81ebvC1a7zL._AC_UY218_.jpg,2025-09-04T18:38:58.113018,Description non disponible depuis la recherche,Stock non disponible,ISBN non disponible,Éditeur non disponible,Date non disponible,Nombre de pages non disponible,Rang de vente non disponible,Manga,48.0,,
L'Empire du sourire - Tome 2,https://www.amazon.fr/LEmpire-du-sourire-Choi-Rome/dp/2379508232/ref=sr_1_774,"16,00 €",de Choi Rome et Spoon | 17 janvier 2025,"4,4 sur 5 étoiles, détails de l’évaluation",3,Broché,https://m.media-amazon.com/images/I/81mJYe-kWFL._AC_UY218_.jpg,2025-09-04T18:38:58.115610,Description non disponible depuis la recherche,Stock non disponible,ISBN non disponible,Éditeur non disponible,Date non disponible,Nombre de pages non disponible,Rang de vente non disponible,Manga,48.0,,
Kindergarten Wars T02,https://www.amazon.fr/Kindergarten-Wars-T02-You-Chiba/dp/B0CPLBHC2Y/ref=sr_1_771,"7,95 €",You Chiba,"4,8 sur 5 étoiles, détails de l’évaluation",40,Poche,https://m.media-amazon.com/images/I/71-fPWx8SSL._AC_UY218_.jpg,2025-09-04T18:39:09.823588,Description non disponible depuis la recherche,Stock non disponible,ISBN non disponible,Éditeur non disponible,Date non disponible,Nombre de pages non disponible,Rang de vente non disponible,Manga,49.0,,
"Agenda Scolaire 2025/2026: Manga | Planificateur Septembre à Juillet | 1 Page par Jour | Format A5 | Couverture Anime | Organisation Complète | Pour Filles du Primaire, Collège et Lycée.",https://www.amazon.fr/Agenda-Scolaire-2025-2026-Planificateur/dp/B0F83Q5TVY/ref=sr_1_772,"12,50 €",de Léa Jasmin | 4 mai 2025,Note non disponible,0 avis,Broché,https://m.media-amazon.com/images/I/71gPsZqcjZL._AC_UY218_.jpg,2025-09-04T18:39:09.826044,Description non disponible depuis la recherche,Stock non disponible,ISBN non disponible,Éditeur non disponible,Date non disponible,Nombre de pages non disponible,Rang de vente non disponible,Manga,49.0,,
"Secrets of the Silent Witch, Vol. 1 (manga) (Secrets of the Silent Witch (manga)) (English Edition)",https://www.amazon.fr/Secrets-Silent-Witch-Vol-English-ebook/dp/B0BTDYBQS9/ref=sr_1_773,"5,98 €","Édition en Anglais | de Matsuri Isora, Alice Prowse, et al. | 18 juillet 2023","4,7 sur 5 étoiles, détails de l’évaluation",64,Format Kindle,https://m.media-amazon.com/images/I/816oOMRZRdL._AC_UY218_.jpg,2025-09-04T18:39:09.829242,Description non disponible depuis la recherche,Stock non disponible,ISBN non disponible,Éditeur non disponible,Date non disponible,Nombre de pages non disponible,Rang de vente non disponible,Manga,49.0,,
Bleach - Tome 66: Sorry I am strong,https://www.amazon.fr/Bleach-Vol-66-TITE-Kubo/dp/2344012885/ref=sr_1_774,"7,20 €",Tite Kubo,"4,9 sur 5 étoiles, détails de l’évaluation",146,Broché,https://m.media-amazon.com/images/I/81CFuCS0+XL._AC_UY218_.jpg,2025-09-04T18:39:09.832030,Description non disponible depuis la recherche,Stock non disponible,ISBN non disponible,Éditeur non disponible,Date non disponible,Nombre de pages non disponible,Rang de vente non disponible,Manga,49.0,,
Bleach - Tome 64: Death in vision,https://www.amazon.fr/Bleach-Vol-64-TITE-Kubo/dp/2344009418/ref=sr_1_777,"7,20 €",Tite Kubo,"4,9 sur 5 étoiles, détails de l’évaluation",154,Broché,https://m.media-amazon.com/images/I/81PrWrxBO-L._AC_UY218_.jpg,2025-09-04T18:39:09.840982,Description non disponible depuis la recherche,Stock non disponible,ISBN non disponible,Éditeur non disponible,Date non disponible,Nombre de pages non disponible,Rang de vente non disponible,Manga,49.0,,
Naruto - Tome 7,https://www.amazon.fr/Naruto-7-Masashi-Kishimoto/dp/2871295352/ref=sr_1_778,"7,30 €",Masashi Kishimoto,"4,8 sur 5 étoiles, détails de l’évaluation",2 134,Poche,https://m.media-amazon.com/images/I/619Uo+hXtQL._AC_UY218_.jpg,2025-09-04T18:39:09.843828,Description non disponible depuis la recherche,Stock non disponible,ISBN non disponible,Éditeur non disponible,Date non disponible,Nombre de pages non disponible,Rang de vente non disponible,Manga,49.0,,
"Sword Art Online: Kiss and Fly, Vol. 1 (manga)",https://www.amazon.fr/Sword-Art-Online-Kiss-manga/dp/1975365747/ref=sr_1_779,"11,72 €",Reki Kawahara,"4,8 sur 5 étoiles, détails de l’évaluation",22,Broché,https://m.media-amazon.com/images/I/81jajZQh1mL._AC_UY218_.jpg,2025-09-04T18:39:09.846875,Description non disponible depuis la recherche,Stock non disponible,ISBN non disponible,Éditeur non disponible,Date non disponible,Nombre de pages non disponible,Rang de vente non disponible,Manga,49.0,,
My Hero Academia T36,https://www.amazon.fr/Hero-Academia-T36-Kohei-Horikoshi-ebook/dp/B0C7SFN41D/ref=sr_1_780,"4,99 €",Kohei Horikoshi,"4,9 sur 5 étoiles, détails de l’évaluation",350,Format Kindle,https://m.media-amazon.com/images/I/81JPFD8z5kL._AC_UY218_.jpg,2025-09-04T18:39:09.849271,Description non disponible depuis la recherche,Stock non disponible,ISBN non disponible,Éditeur non disponible,Date non disponible,Nombre de pages non disponible,Rang de vente non disponible,Manga,49.0,,
"Agenda Scolaire: Manga Fille | Journalier, une Page Par Jour | 12x17 cm | Ecole Elémentaire, Collège, Lycée, Etudiant, Ado | 280 Pages | Couverture Souple |",https://www.amazon.fr/Agenda-Scolaire-Journalier-El%C3%A9mentaire-Couverture/dp/B0D9HP1H7P/ref=sr_1_782,"11,99 €",de Roza Yoko | 11 juillet 2024,Note non disponible,0 avis,Broché,https://m.media-amazon.com/images/I/71B4kc7-anL._AC_UY218_.jpg,2025-09-04T18:39:09.855288,Description non disponible depuis la recherche,Stock non disponible,ISBN non disponible,Éditeur non disponible,Date non disponible,Nombre de pages non disponible,Rang de vente non disponible,Manga,49.0,,
Coco - L'Île magique T05,https://www.amazon.fr/Coco-L%C3%8Ele-magique-Keisuke-Kotobuki/dp/B0BWJ9BFXW/ref=sr_1_783,"9,95 €",Keisuke Kotobuki,"4,8 sur 5 étoiles, détails de l’évaluation",8,Broché,https://m.media-amazon.com/images/I/61sD082e2wL._AC_UY218_.jpg,2025-09-04T18:39:09.857391,Description non disponible depuis la recherche,Stock non disponible,ISBN non disponible,Éditeur non disponible,Date non disponible,Nombre de pages non disponible,Rang de vente non disponible,Manga,49.0,,
Animal Crossing : New Horizons - Le Journal de l'île T08,https://www.amazon.fr/Animal-Crossing-Horizons-Journal-l%C3%AEle/dp/2302103300/ref=sr_1_784,"8,50 €",Nintendo,"4,9 sur 5 étoiles, détails de l’évaluation",41,Broché,https://m.media-amazon.com/images/I/71qeSCv-W9L._AC_UY218_.jpg,2025-09-04T18:39:09.859290,Description non disponible depuis la recherche,Stock non disponible,ISBN non disponible,Éditeur non disponible,Date non disponible,Nombre de pages non disponible,Rang de vente non disponible,Manga,49.0,,
Card Captor Sakura T02,https://www.amazon.fr/Card-Captor-Sakura-T02-Clamp/dp/2811626999/ref=sr_1_785,"9,10 €",CLAMP,"4,8 sur 5 étoiles, détails de l’évaluation",185,Poche,https://m.media-amazon.com/images/I/91obpUc3b2L._AC_UY218_.jpg,2025-09-04T18:39:09.861312,Description non disponible depuis la recherche,Stock non disponible,ISBN non disponible,Éditeur non disponible,Date non disponible,Nombre de pages non disponible,Rang de vente non disponible,Manga,49.0,,
Solo Leveling T19,https://www.amazon.fr/Solo-Leveling-Disciples-Redice-Studio/dp/2382884169/ref=sr_1_787,"14,95 €",de Disciples(Redice Studio) et Chugong | 1 octobre 2025,Note non disponible,0 avis,Broché,https://m.media-amazon.com/images/I/81aPq4BWmwL._AC_UY218_.jpg,2025-09-04T18:39:09.867023,Description non disponible depuis la recherche,Stock non disponible,ISBN non disponible,Éditeur non disponible,Date non disponible,Nombre de pages non disponible,Rang de vente non disponible,Manga,49.0,,
"Anyway, I'm falling in love with you T04",https://www.amazon.fr/Anyway-falling-love-you-T04/dp/B0F66289GD/ref=sr_1_788,"7,20 €",de Haruka Mitsui | 27 août 2025,"5,0 sur 5 étoiles, détails de l’évaluation",1,Poche,https://m.media-amazon.com/images/I/81tNeVAxcUL._AC_UY218_.jpg,2025-09-04T18:39:09.869430,Description non disponible depuis la recherche,Stock non disponible,ISBN non disponible,Éditeur non disponible,Date non disponible,Nombre de pages non disponible,Rang de vente non disponible,Manga,49.0,,
I will train you Vol.1 (TL Manga) (English Edition),https://www.amazon.fr/will-train-Vol-1-Manga-English-ebook/dp/B017Y9XFLU/ref=sr_1_789,Prix non disponible,Saki,"3,7 sur 5 étoiles, détails de l’évaluation",316,Format Kindle,https://m.media-amazon.com/images/I/61aWtEaRxDL._AC_UY218_.jpg,2025-09-04T18:39:09.871582,Description non disponible depuis la recherche,Stock non disponible,ISBN non disponible,Éditeur non disponible,Date non disponible,Nombre de pages non disponible,Rang de vente non disponible,Manga,49.0,,
Fairy Tail T43,https://www.amazon.fr/Fairy-Tail-Vol-43-MASHIMA-Hiro/dp/2811618376/ref=sr_1_790,"7,20 €",Hiro Mashima,"4,8 sur 5 étoiles, détails de l’évaluation",218,Poche,https://m.media-amazon.com/images/I/91dvAZbJR6L._AC_UY218_.jpg,2025-09-04T18:39:09.874247,Description non disponible depuis la recherche,Stock non disponible,ISBN non disponible,Éditeur non disponible,Date non disponible,Nombre de pages non disponible,Rang de vente non disponible,Manga,49.0,,
Cessez de manger vos émotions,https://www.amazon.fr/Cessez-manger-%C3%A9motions-Isabelle-HUOT/dp/2266300482/ref=sr_1_787,"8,10 €",Isabelle Huot,"4,2 sur 5 étoiles, détails de l’évaluation",479,Poche,https://m.media-amazon.com/images/I/51IuDAKOX3L._AC_UY218_.jpg,2025-09-04T18:39:21.525776,Description non disponible depuis la recherche,Stock non disponible,ISBN non disponible,Éditeur non disponible,Date non disponible,Nombre de pages non disponible,Rang de vente non disponible,Manga,50.0,,
Yu-Gi-Oh ! - Tome 2,https://www.amazon.fr/Yu-Gi-Oh-2-Kazuki-Takahashi/dp/2871292248/ref=sr_1_788,"7,30 €",Kazuki Takahashi,"4,8 sur 5 étoiles, détails de l’évaluation",99,Poche,https://m.media-amazon.com/images/I/81kweB9KLSL._AC_UY218_.jpg,2025-09-04T18:39:21.527925,Description non disponible depuis la recherche,Stock non disponible,ISBN non disponible,Éditeur non disponible,Date non disponible,Nombre de pages non disponible,Rang de vente non disponible,Manga,50.0,,
Kindergarten Wars T02,https://www.amazon.fr/Kindergarten-Wars-T02-You-Chiba/dp/B0CPLBHC2Y/ref=sr_1_789,"7,95 €",You Chiba,"4,8 sur 5 étoiles, détails de l’évaluation",40,Poche,https://m.media-amazon.com/images/I/71-fPWx8SSL._AC_UY218_.jpg,2025-09-04T18:39:21.530633,Description non disponible depuis la recherche,Stock non disponible,ISBN non disponible,Éditeur non disponible,Date non disponible,Nombre de pages non disponible,Rang de vente non disponible,Manga,50.0,,
"Agenda Scolaire 2025/2026: Manga | Planificateur Septembre à Juillet | 1 Page par Jour | Format A5 | Couverture Anime | Organisation Complète | Pour Filles du Primaire, Collège et Lycée.",https://www.amazon.fr/Agenda-Scolaire-2025-2026-Planificateur/dp/B0F83Q5TVY/ref=sr_1_790,"12,50 €",de Léa Jasmin | 4 mai 2025,Note non disponible,0 avis,Broché,https://m.media-amazon.com/images/I/71gPsZqcjZL._AC_UY218_.jpg,2025-09-04T18:39:21.533386,Description non disponible depuis la recherche,Stock non disponible,ISBN non disponible,Éditeur non disponible,Date non disponible,Nombre de pages non disponible,Rang de vente non disponible,Manga,50.0,,
"Secrets of the Silent Witch, Vol. 1 (manga) (Secrets of the Silent Witch (manga)) (English Edition)",https://www.amazon.fr/Secrets-Silent-Witch-Vol-English-ebook/dp/B0BTDYBQS9/ref=sr_1_793,"5,98 €","Édition en Anglais | de Matsuri Isora, Alice Prowse, et al. | 18 juillet 2023","4,7 sur 5 étoiles, détails de l’évaluation",64,Format Kindle,https://m.media-amazon.com/images/I/816oOMRZRdL._AC_UY218_.jpg,2025-09-04T18:39:21.542900,Description non disponible depuis la recherche,Stock non disponible,ISBN non disponible,Éditeur non disponible,Date non disponible,Nombre de pages non disponible,Rang de vente non disponible,Manga,50.0,,
Bleach - Tome 66: Sorry I am strong,https://www.amazon.fr/Bleach-Vol-66-TITE-Kubo/dp/2344012885/ref=sr_1_794,"7,20 €",Tite Kubo,"4,9 sur 5 étoiles, détails de l’évaluation",146,Broché,https://m.media-amazon.com/images/I/81CFuCS0+XL._AC_UY218_.jpg,2025-09-04T18:39:21.545791,Description non disponible depuis la recherche,Stock non disponible,ISBN non disponible,Éditeur non disponible,Date non disponible,Nombre de pages non disponible,Rang de vente non disponible,Manga,50.0,,
Bleach - Tome 64: Death in vision,https://www.amazon.fr/Bleach-Vol-64-TITE-Kubo/dp/2344009418/ref=sr_1_795,"7,20 €",Tite Kubo,"4,9 sur 5 étoiles, détails de l’évaluation",154,Broché,https://m.media-amazon.com/images/I/81PrWrxBO-L._AC_UY218_.jpg,2025-09-04T18:39:21.548451,Description non disponible depuis la recherche,Stock non disponible,ISBN non disponible,Éditeur non disponible,Date non disponible,Nombre de pages non disponible,Rang de vente non disponible,Manga,50.0,,
Naruto - Tome 7,https://www.amazon.fr/Naruto-7-Masashi-Kishimoto/dp/2871295352/ref=sr_1_796,"7,30 €",Masashi Kishimoto,"4,8 sur 5 étoiles, détails de l’évaluation",2 134,Poche,https://m.media-amazon.com/images/I/619Uo+hXtQL._AC_UY218_.jpg,2025-09-04T18:39:21.551257,Description non disponible depuis la recherche,Stock non disponible,ISBN non disponible,Éditeur non disponible,Date non disponible,Nombre de pages non disponible,Rang de vente non disponible,Manga,50.0,,
"Sword Art Online: Kiss and Fly, Vol. 1 (manga)",https://www.amazon.fr/Sword-Art-Online-Kiss-manga/dp/1975365747/ref=sr_1_798,"11,72 €",Reki Kawahara,"4,8 sur 5 étoiles, détails de l’évaluation",22,Broché,https://m.media-amazon.com/images/I/81jajZQh1mL._AC_UY218_.jpg,2025-09-04T18:39:21.557183,Description non disponible depuis la recherche,Stock non disponible,ISBN non disponible,Éditeur non disponible,Date non disponible,Nombre de pages non disponible,Rang de vente non disponible,Manga,50.0,,
My Hero Academia T36,https://www.amazon.fr/Hero-Academia-T36-Kohei-Horikoshi-ebook/dp/B0C7SFN41D/ref=sr_1_799,"4,99 €",Kohei Horikoshi,"4,9 sur 5 étoiles, détails de l’évaluation",350,Format Kindle,https://m.media-amazon.com/images/I/81JPFD8z5kL._AC_UY218_.jpg,2025-09-04T18:39:21.559561,Description non disponible depuis la recherche,Stock non disponible,ISBN non disponible,Éditeur non disponible,Date non disponible,Nombre de pages non disponible,Rang de vente non disponible,Manga,50.0,,
"Agenda Scolaire: Manga Fille | Journalier, une Page Par Jour | 12x17 cm | Ecole Elémentaire, Collège, Lycée, Etudiant, Ado | 280 Pages | Couverture Souple |",https://www.amazon.fr/Agenda-Scolaire-Journalier-El%C3%A9mentaire-Couverture/dp/B0D9HP1H7P/ref=sr_1_800,"11,99 €",de Roza Yoko | 11 juillet 2024,Note non disponible,0 avis,Broché,https://m.media-amazon.com/images/I/71B4kc7-anL._AC_UY218_.jpg,2025-09-04T18:39:21.562976,Description non disponible depuis la recherche,Stock non disponible,ISBN non disponible,Éditeur non disponible,Date non disponible,Nombre de pages non disponible,Rang de vente non disponible,Manga,50.0,,
Coco - L'Île magique T05,https://www.amazon.fr/Coco-L%C3%8Ele-magique-Keisuke-Kotobuki/dp/B0BWJ9BFXW/ref=sr_1_801,"9,95 €",Keisuke Kotobuki,"4,8 sur 5 étoiles, détails de l’évaluation",8,Broché,https://m.media-amazon.com/images/I/61sD082e2wL._AC_UY218_.jpg,2025-09-04T18:39:21.564980,Description non disponible depuis la recherche,Stock non disponible,ISBN non disponible,Éditeur non disponible,Date non disponible,Nombre de pages non disponible,Rang de vente non disponible,Manga,50.0,,
Animal Crossing : New Horizons - Le Journal de l'île T08,https://www.amazon.fr/Animal-Crossing-Horizons-Journal-l%C3%AEle/dp/2302103300/ref=sr_1_803,"8,50 €",Nintendo,"4,9 sur 5 étoiles, détails de l’évaluation",41,Broché,https://m.media-amazon.com/images/I/71qeSCv-W9L._AC_UY218_.jpg,2025-09-04T18:39:21.570333,Description non disponible depuis la recherche,Stock non disponible,ISBN non disponible,Éditeur non disponible,Date non disponible,Nombre de pages non disponible,Rang de vente non disponible,Manga,50.0,,
Card Captor Sakura T02,https://www.amazon.fr/Card-Captor-Sakura-T02-Clamp/dp/2811626999/ref=sr_1_804,"9,10 €",CLAMP,"4,8 sur 5 étoiles, détails de l’évaluation",185,Poche,https://m.media-amazon.com/images/I/91obpUc3b2L._AC_UY218_.jpg,2025-09-04T18:39:21.572636,Description non disponible depuis la recherche,Stock non disponible,ISBN non disponible,Éditeur non disponible,Date non disponible,Nombre de pages non disponible,Rang de vente non disponible,Manga,50.0,,
Solo Leveling T19,https://www.amazon.fr/Solo-Leveling-Disciples-Redice-Studio/dp/2382884169/ref=sr_1_805,"14,95 €",de Disciples(Redice Studio) et Chugong | 1 octobre 2025,Note non disponible,0 avis,Broché,https://m.media-amazon.com/images/I/81aPq4BWmwL._AC_UY218_.jpg,2025-09-04T18:39:21.575278,Description non disponible depuis la recherche,Stock non disponible,ISBN non disponible,Éditeur non disponible,Date non disponible,Nombre de pages non disponible,Rang de vente non disponible,Manga,50.0,,
"Anyway, I'm falling in love with you T04",https://www.amazon.fr/Anyway-falling-love-you-T04/dp/B0F66289GD/ref=sr_1_806,"7,20 €",de Haruka Mitsui | 27 août 2025,"5,0 sur 5 étoiles, détails de l’évaluation",1,Poche,https://m.media-amazon.com/images/I/81tNeVAxcUL._AC_UY218_.jpg,2025-09-04T18:39:21.577713,Description non disponible depuis la recherche,Stock non disponible,ISBN non disponible,Éditeur non disponible,Date non disponible,Nombre de pages non disponible,Rang de vente non disponible,Manga,50.0,,
"Moi, quand je me réincarne en Slime - tome 14 (14)",https://www.amazon.fr/Moi-quand-r%C3%A9incarne-Slime-14/dp/2380711437/ref=sr_1_963,"7,95 €",Fuse,"4,9 sur 5 étoiles, détails de l’évaluation",312,Broché,https://m.media-amazon.com/images/I/71n318YhHVL._AC_UY218_.jpg,2025-09-04T18:38:41.950189,Description non disponible depuis la recherche,Stock non disponible,ISBN non disponible,Éditeur non disponible,Date non disponible,Nombre de pages non disponible,Rang de vente non disponible,Manga,61.0,,
Fruits Basket Perfect T09,https://www.amazon.fr/Fruits-Basket-Perfect-Natsuki-Takaya/dp/2413001719/ref=sr_1_964,"12,99 €",Natsuki Takaya,"4,9 sur 5 étoiles, détails de l’évaluation",114,Broché,https://m.media-amazon.com/images/I/81fH8zf0ZyL._AC_UY218_.jpg,2025-09-04T18:38:41.952982,Description non disponible depuis la recherche,Stock non disponible,ISBN non disponible,Éditeur non disponible,Date non disponible,Nombre de pages non disponible,Rang de vente non disponible,Manga,61.0,,
Seven Deadly Sins T32,https://www.amazon.fr/Seven-Deadly-Sins-Nakaba-Suzuki/dp/2811646833/ref=sr_1_965,"7,20 €",Nakaba Suzuki,"4,8 sur 5 étoiles, détails de l’évaluation",155,Poche,https://m.media-amazon.com/images/I/918VDau6P7L._AC_UY218_.jpg,2025-09-04T18:38:41.955559,Description non disponible depuis la recherche,Stock non disponible,ISBN non disponible,Éditeur non disponible,Date non disponible,Nombre de pages non disponible,Rang de vente non disponible,Manga,61.0,,
I love you,https://www.amazon.fr/I-love-you-Jorori/dp/2385040492/ref=sr_1_966,"9,95 €",de Jorori et Mathilde Gaillard-Morisaka | 27 juin 2025,"5,0 sur 5 étoiles, détails de l’évaluation",2,Poche,https://m.media-amazon.com/images/I/81DzAFNFkfL._AC_UY218_.jpg,2025-09-04T18:38:41.958181,Description non disponible depuis la recherche,Stock non disponible,ISBN non disponible,Éditeur non disponible,Date non disponible,Nombre de pages non disponible,Rang de vente non disponible,Manga,61.0,,
Kuroko's Basket T17,https://www.amazon.fr/Kurokos-basket-Vol-17-FUJIMAKI-Tadatoshi/dp/2820317685/ref=sr_1_969,"7,05 €",de Tadatoshi Fujimaki | 3 septembre 2014,"4,8 sur 5 étoiles, détails de l’évaluation",53,Broché,https://m.media-amazon.com/images/I/81X-3cJeqRL._AC_UY218_.jpg,2025-09-04T18:38:41.967205,Description non disponible depuis la recherche,Stock non disponible,ISBN non disponible,Éditeur non disponible,Date non disponible,Nombre de pages non disponible,Rang de vente non disponible,Manga,61.0,,
Naruto - édition Hokage - Tome 24,https://www.amazon.fr/Naruto-%C3%A9dition-Hokage-Masashi-Kishimoto/dp/2505116903/ref=sr_1_970,"15,95 €",Masashi Kishimoto,"5,0 sur 5 étoiles, détails de l’évaluation",14,Broché,https://m.media-amazon.com/images/I/71lixu4oIlL._AC_UY218_.jpg,2025-09-04T18:38:41.969117,Description non disponible depuis la recherche,Stock non disponible,ISBN non disponible,Éditeur non disponible,Date non disponible,Nombre de pages non disponible,Rang de vente non disponible,Manga,61.0,,
Captain Tsubasa Kids Dream - Tome 04,https://www.amazon.fr/Captain-Tsubasa-Kids-Dream-04/dp/2344051562/ref=sr_1_971,"7,20 €",de Yoichi Takahashi et Kunikazu Toda | 16 février 2022,"4,8 sur 5 étoiles, détails de l’évaluation",13,Broché,https://m.media-amazon.com/images/I/81QEAgZSfQL._AC_UY218_.jpg,2025-09-04T18:38:41.972549,Description non disponible depuis la recherche,Stock non disponible,ISBN non disponible,Éditeur non disponible,Date non disponible,Nombre de pages non disponible,Rang de vente non disponible,Manga,61.0,,
The Fable T01,https://www.amazon.fr/Fable-T01-Katsuhisa-Minami/dp/281165707X/ref=sr_1_972,"8,50 €",de Katsuhisa Minami | 21 avril 2021,"4,7 sur 5 étoiles, détails de l’évaluation",65,Poche,https://m.media-amazon.com/images/I/810e+srnq1L._AC_UY218_.jpg,2025-09-04T18:38:41.975702,Description non disponible depuis la recherche,Stock non disponible,ISBN non disponible,Éditeur non disponible,Date non disponible,Nombre de pages non disponible,Rang de vente non disponible,Manga,61.0,,
Splatoon Histoires Poulpes T02,https://www.amazon.fr/Splatoon-Histoires-Poulpes-Hideki-Goto/dp/2302091914/ref=sr_1_974,"8,50 €",de Hideki Goto et Florent Gorges | 24 mars 2021,"4,9 sur 5 étoiles, détails de l’évaluation",81,Broché,https://m.media-amazon.com/images/I/814L93OlSML._AC_UY218_.jpg,2025-09-04T18:38:41.982110,Description non disponible depuis la recherche,Stock non disponible,ISBN non disponible,Éditeur non disponible,Date non disponible,Nombre de pages non disponible,Rang de vente non disponible,Manga,61.0,,
Manga: Histoire et univers de la bande dessinée japonaise,https://www.amazon.fr/Manga-Histoire-dessin%C3%A9e-japonaise-nouvelle/dp/2809709963/ref=sr_1_975,"11,00 €",de Jean-Marie Bouissou | 13 novembre 2013,"4,5 sur 5 étoiles, détails de l’évaluation",16,Poche,https://m.media-amazon.com/images/I/61Ef0V00pcL._AC_UY218_.jpg,2025-09-04T18:38:41.984648,Description non disponible depuis la recherche,Stock non disponible,ISBN non disponible,Éditeur non disponible,Date non disponible,Nombre de pages non disponible,Rang de vente non disponible,Manga,61.0,,
Dofus - Tome 29: Armaguedin,https://www.amazon.fr/Dofus-29-Ancestral-Z/dp/B09Y1FJN5F/ref=sr_1_976,"7,95 €",Tot,"4,8 sur 5 étoiles, détails de l’évaluation",5,Broché,https://m.media-amazon.com/images/I/71yY9TvrqbL._AC_UY218_.jpg,2025-09-04T18:38:41.987350,Description non disponible depuis la recherche,Stock non disponible,ISBN non disponible,Éditeur non disponible,Date non disponible,Nombre de pages non disponible,Rang de vente non disponible,Manga,61.0,,
My Little Monster Vol. 1 (English Edition),https://www.amazon.fr/My-Little-Monster-Vol-1-ebook/dp/B00I5UIMUC/ref=sr_1_977,"9,92 €",Robico,"4,6 sur 5 étoiles, détails de l’évaluation",956,Format Kindle,https://m.media-amazon.com/images/I/71UwkW1beOL._AC_UY218_.jpg,2025-09-04T18:38:41.989641,Description non disponible depuis la recherche,Stock non disponible,ISBN non disponible,Éditeur non disponible,Date non disponible,Nombre de pages non disponible,Rang de vente non disponible,Manga,61.0,,
Capitaine Albator Dimension Voyage - Tome 4,https://www.amazon.fr/Capitaine-Albator-Dimension-Voyage-4/dp/2505068828/ref=sr_1_979,"8,10 €",Leiji Matsumoto,"4,8 sur 5 étoiles, détails de l’évaluation",101,Broché,https://m.media-amazon.com/images/I/81D5Q88BuUL._AC_UY218_.jpg,2025-09-04T18:38:41.995397,Description non disponible depuis la recherche,Stock non disponible,ISBN non disponible,Éditeur non disponible,Date non disponible,Nombre de pages non disponible,Rang de vente non disponible,Manga,61.0,,
One Piece,https://www.amazon.fr/One-Piece/dp/B0CSZ94438/ref=sr_1_980,"0,00 €",Podcast,Note non disponible,0 avis,Podcast,https://m.media-amazon.com/images/I/61UvFOMdK1L._AC_UY218_.jpg,2025-09-04T18:38:41.996927,Description non disponible depuis la recherche,Stock non disponible,ISBN non disponible,Éditeur non disponible,Date non disponible,Nombre de pages non disponible,Rang de vente non disponible,Manga,61.0,,
A tes côtés - Tome 12,https://www.amazon.fr/tes-c%C3%B4t%C3%A9s-12-Megumi-Morino/dp/2382127392/ref=sr_1_981,"7,10 €",Megumi Morino,"4,9 sur 5 étoiles, détails de l’évaluation",16,Poche,https://m.media-amazon.com/images/I/61FTA43A2LL._AC_UY218_.jpg,2025-09-04T18:38:41.999383,Description non disponible depuis la recherche,Stock non disponible,ISBN non disponible,Éditeur non disponible,Date non disponible,Nombre de pages non disponible,Rang de vente non disponible,Manga,61.0,,
Roses et Champagne T07,https://www.amazon.fr/Roses-Champagne-T07-Zig/dp/2382884274/ref=sr_1_982,"14,95 €",de Zig et Ttung gae | 24 septembre 2025,Note non disponible,0 avis,Broché,https://m.media-amazon.com/images/I/71sO5ZTDA-L._AC_UY218_.jpg,2025-09-04T18:38:42.002066,Description non disponible depuis la recherche,Stock non disponible,ISBN non disponible,Éditeur non disponible,Date non disponible,Nombre de pages non disponible,Rang de vente non disponible,Manga,61.0,,
Comment j'ai arrêté de manger les animaux,https://www.amazon.fr/Comment-jai-arr%C3%AAt%C3%A9-manger-animaux/dp/2757877054/ref=sr_1_979,"8,40 €",Hugo Clément,"4,7 sur 5 étoiles, détails de l’évaluation",1 313,Poche,https://m.media-amazon.com/images/I/71bJQ5T7CbL._AC_UY218_.jpg,2025-09-04T18:38:53.854355,Description non disponible depuis la recherche,Stock non disponible,ISBN non disponible,Éditeur non disponible,Date non disponible,Nombre de pages non disponible,Rang de vente non disponible,Manga,62.0,,
The Fierce King and the Substitute Princess Vol.2 (Romance Manga) (English Edition),https://www.amazon.fr/Fierce-Substitute-Princess-Romance-English-ebook/dp/B0FDQJJFGG/ref=sr_1_980,"5,00 €",Édition en Anglais | de YUTTA NARUKAMI et YUKARI SAKURA | 4 juillet 2025,"4,6 sur 5 étoiles, détails de l’évaluation",7,Format Kindle,https://m.media-amazon.com/images/I/81yQsiW1MNL._AC_UY218_.jpg,2025-09-04T18:38:53.856545,Description non disponible depuis la recherche,Stock non disponible,ISBN non disponible,Éditeur non disponible,Date non disponible,Nombre de pages non disponible,Rang de vente non disponible,Manga,62.0,,
Shangri-la Frontier - Tome 16,https://www.amazon.fr/Shangri-Frontier-16-Katarina/dp/2344066365/ref=sr_1_981,"7,20 €",Katarina,"4,8 sur 5 étoiles, détails de l’évaluation",22,Broché,https://m.media-amazon.com/images/I/819k4XVGs0L._AC_UY218_.jpg,2025-09-04T18:38:53.859089,Description non disponible depuis la recherche,Stock non disponible,ISBN non disponible,Éditeur non disponible,Date non disponible,Nombre de pages non disponible,Rang de vente non disponible,Manga,62.0,,
Kitayama et Minamiya - Tome 03,https://www.amazon.fr/Kitayama-Minamiya-03-Satoh-Sugar/dp/2382765216/ref=sr_1_982,"7,95 €",de Satoh Sugar | 18 juillet 2025,Note non disponible,0 avis,Poche,https://m.media-amazon.com/images/I/71h7lzEDBDL._AC_UY218_.jpg,2025-09-04T18:38:53.862173,Description non disponible depuis la recherche,Stock non disponible,ISBN non disponible,Éditeur non disponible,Date non disponible,Nombre de pages non disponible,Rang de vente non disponible,Manga,62.0,,
Remember Me - édition collector - La Magie de l'amour - Tome 3 (VF) (3),https://www.amazon.fr/Remember-Me-%C3%A9dition-collector-lamour/dp/2385692546/ref=sr_1_985,"9,95 €","de Eiko Mutsuhana, Gin Shirakawa, et al. | 3 juillet 2025","4,7 sur 5 étoiles, détails de l’évaluation",4,Broché,https://m.media-amazon.com/images/I/71VJNiy8ikL._AC_UY218_.jpg,2025-09-04T18:38:53.871114,Description non disponible depuis la recherche,Stock non disponible,ISBN non disponible,Éditeur non disponible,Date non disponible,Nombre de pages non disponible,Rang de vente non disponible,Manga,62.0,,
Claymore - Tome 20: Les griffes démoniaques,https://www.amazon.fr/Claymore-Vol-20-YAGI-Norihiro/dp/2723490017/ref=sr_1_986,"7,20 €",Norihiro Yagi,"4,9 sur 5 étoiles, détails de l’évaluation",82,Broché,https://m.media-amazon.com/images/I/61M1+tXaohL._AC_UY218_.jpg,2025-09-04T18:38:53.873751,Description non disponible depuis la recherche,Stock non disponible,ISBN non disponible,Éditeur non disponible,Date non disponible,Nombre de pages non disponible,Rang de vente non disponible,Manga,62.0,,
BLOOM T02,https://www.amazon.fr/BLOOM-T02-Saka-Mikami/dp/2373499762/ref=sr_1_987,"7,20 €",de Saka Mikami | 19 mars 2025,"4,7 sur 5 étoiles, détails de l’évaluation",23,Poche,https://m.media-amazon.com/images/I/81vDwg8wkCL._AC_UY218_.jpg,2025-09-04T18:38:53.876600,Description non disponible depuis la recherche,Stock non disponible,ISBN non disponible,Éditeur non disponible,Date non disponible,Nombre de pages non disponible,Rang de vente non disponible,Manga,62.0,,
Demon Slayer T09,https://www.amazon.fr/Demon-Slayer-T09-Koyoharu-Gotouge/dp/2809487561/ref=sr_1_988,"7,29 €",Koyoharu Gotouge,"4,9 sur 5 étoiles, détails de l’évaluation",1 880,Broché,https://m.media-amazon.com/images/I/81YNiMShFLL._AC_UY218_.jpg,2025-09-04T18:38:53.879378,Description non disponible depuis la recherche,Stock non disponible,ISBN non disponible,Éditeur non disponible,Date non disponible,Nombre de pages non disponible,Rang de vente non disponible,Manga,62.0,,
Slam Dunk deluxe - Tome 11,https://www.amazon.fr/Slam-Dunk-deluxe-Takehiko-Inoue/dp/2505133166/ref=sr_1_990,"13,95 €",Takehiko Inoue,Note non disponible,0 avis,Broché,https://m.media-amazon.com/images/I/81R6weG+WTL._AC_UY218_.jpg,2025-09-04T18:38:53.884208,Description non disponible depuis la recherche,Stock non disponible,ISBN non disponible,Éditeur non disponible,Date non disponible,Nombre de pages non disponible,Rang de vente non disponible,Manga,62.0,,
Battle Royale - Ultimate Edition T08,https://www.amazon.fr/Battle-Royale-Ultimate-Koushun-Takami/dp/2302077857/ref=sr_1_991,"15,99 €",Koushun Takami,"4,8 sur 5 étoiles, détails de l’évaluation",38,Broché,https://m.media-amazon.com/images/I/81BBPZb6PdL._AC_UY218_.jpg,2025-09-04T18:38:53.886332,Description non disponible depuis la recherche,Stock non disponible,ISBN non disponible,Éditeur non disponible,Date non disponible,Nombre de pages non disponible,Rang de vente non disponible,Manga,62.0,,
L'Attaque des Titans T29,https://www.amazon.fr/LAttaque-Titans-T29-Hajime-Isayama/dp/2811650520/ref=sr_1_992,"7,20 €",Hajime Isayama,"4,9 sur 5 étoiles, détails de l’évaluation",897,Poche,https://m.media-amazon.com/images/I/81R6hGR2AFL._AC_UY218_.jpg,2025-09-04T18:38:53.888983,Description non disponible depuis la recherche,Stock non disponible,ISBN non disponible,Éditeur non disponible,Date non disponible,Nombre de pages non disponible,Rang de vente non disponible,Manga,62.0,,
City Hunter T02,https://www.amazon.fr/City-Hunter-Ultime-Vol-2-Tsukasa/dp/2845385943/ref=sr_1_993,"10,99 €",Tsukasa Hojo,"4,9 sur 5 étoiles, détails de l’évaluation",223,Broché,https://m.media-amazon.com/images/I/41GJ0yAHjYL._AC_UY218_.jpg,2025-09-04T18:38:53.891737,Description non disponible depuis la recherche,Stock non disponible,ISBN non disponible,Éditeur non disponible,Date non disponible,Nombre de pages non disponible,Rang de vente non disponible,Manga,62.0,,
Mobile Suit Gundam Unicorn - Tome 1,https://www.amazon.fr/Mobile-Suit-Gundam-Unicorn-1/dp/2379506744/ref=sr_1_995,"15,50 €",de KOUZOH Ohmori et Harutoshi Fukui | 8 novembre 2024,"5,0 sur 5 étoiles, détails de l’évaluation",7,Broché,https://m.media-amazon.com/images/I/51pfxM6zm2L._AC_UY218_.jpg,2025-09-04T18:38:53.897278,Description non disponible depuis la recherche,Stock non disponible,ISBN non disponible,Éditeur non disponible,Date non disponible,Nombre de pages non disponible,Rang de vente non disponible,Manga,62.0,,
Super Mario Manga Adventures T01,https://www.amazon.fr/Super-Mario-Manga-adventures-Vol-1/dp/2302043359/ref=sr_1_996,"7,29 €",Yukio Sawada,"4,6 sur 5 étoiles, détails de l’évaluation",828,Broché,https://m.media-amazon.com/images/I/816Vml9R3lL._AC_UY218_.jpg,2025-09-04T18:38:53.899250,Description non disponible depuis la recherche,Stock non disponible,ISBN non disponible,Éditeur non disponible,Date non disponible,Nombre de pages non disponible,Rang de vente non disponible,Manga,62.0,,
Card Captor Sakura T08,https://www.amazon.fr/Card-Captor-Sakura-T08-Clamp/dp/2811637761/ref=sr_1_997,"9,10 €",CLAMP,"4,8 sur 5 étoiles, détails de l’évaluation",152,Poche,https://m.media-amazon.com/images/I/81BS2nqdoCL._AC_UY218_.jpg,2025-09-04T18:38:53.901613,Description non disponible depuis la recherche,Stock non disponible,ISBN non disponible,Éditeur non disponible,Date non disponible,Nombre de pages non disponible,Rang de vente non disponible,Manga,62.0,,
Naruto - Tome 16,https://www.amazon.fr/Naruto-16-Masashi-Kishimoto/dp/2871297231/ref=sr_1_998,"7,30 €",Masashi Kishimoto,"4,9 sur 5 étoiles, détails de l’évaluation",1 022,Broché,https://m.media-amazon.com/images/I/814zTwd3qgL._AC_UY218_.jpg,2025-09-04T18:38:53.904292,Description non disponible depuis la recherche,Stock non disponible,ISBN non disponible,Éditeur non disponible,Date non disponible,Nombre de pages non disponible,Rang de vente non disponible,Manga,62.0,,
Super Mario Manga Adventures T01,https://www.amazon.fr/Super-Mario-Manga-adventures-Vol-1/dp/2302043359/ref=sr_1_995,"7,29 €",Yukio Sawada,"4,6 sur 5 étoiles, détails de l’évaluation",828,Broché,https://m.media-amazon.com/images/I/816Vml9R3lL._AC_UY218_.jpg,2025-09-04T18:39:04.261014,Description non disponible depuis la recherche,Stock non disponible,ISBN non disponible,Éditeur non disponible,Date non disponible,Nombre de pages non disponible,Rang de vente non disponible,Manga,63.0,,
Card Captor Sakura T08,https://www.amazon.fr/Card-Captor-Sakura-T08-Clamp/dp/2811637761/ref=sr_1_996,"9,10 €",CLAMP,"4,8 sur 5 étoiles, détails de l’évaluation",152,Poche,https://m.media-amazon.com/images/I/81BS2nqdoCL._AC_UY218_.jpg,2025-09-04T18:39:04.263489,Description non disponible depuis la recherche,Stock non disponible,ISBN non disponible,Éditeur non disponible,Date non disponible,Nombre de pages non disponible,Rang de vente non disponible,Manga,63.0,,
Naruto - Tome 16,https://www.amazon.fr/Naruto-16-Masashi-Kishimoto/dp/2871297231/ref=sr_1_997,"7,30 €",Masashi Kishimoto,"4,9 sur 5 étoiles, détails de l’évaluation",1 022,Broché,https://m.media-amazon.com/images/I/814zTwd3qgL._AC_UY218_.jpg,2025-09-04T18:39:04.266102,Description non disponible depuis la recherche,Stock non disponible,ISBN non disponible,Éditeur non disponible,Date non disponible,Nombre de pages non disponible,Rang de vente non disponible,Manga,63.0,,
Parasite - Édition originale - Tome 02,https://www.amazon.fr/Parasite-%C3%89dition-originale-Hitoshi-Iwaaki/dp/2344039600/ref=sr_1_998,"10,95 €",Hitoshi Iwaaki,"4,8 sur 5 étoiles, détails de l’évaluation",126,Broché,https://m.media-amazon.com/images/I/71pCJzIkfhL._AC_UY218_.jpg,2025-09-04T18:39:04.268769,Description non disponible depuis la recherche,Stock non disponible,ISBN non disponible,Éditeur non disponible,Date non disponible,Nombre de pages non disponible,Rang de vente non disponible,Manga,63.0,,
Crying Freeman Perfect Edition - Tome 02,https://www.amazon.fr/Crying-Freeman-Perfect-Kazuo-Koike/dp/2344058400/ref=sr_1_1001,"14,95 €",Kazuo Koike,"5,0 sur 5 étoiles, détails de l’évaluation",14,Poche,https://m.media-amazon.com/images/I/8196d6WqEhL._AC_UY218_.jpg,2025-09-04T18:39:04.277647,Description non disponible depuis la recherche,Stock non disponible,ISBN non disponible,Éditeur non disponible,Date non disponible,Nombre de pages non disponible,Rang de vente non disponible,Manga,63.0,,
Kirby Fantasy T06,https://www.amazon.fr/Kirby-Fantasy-T06-Ibuki-Takeuchi/dp/2302100298/ref=sr_1_1002,"7,29 €",de Ibuki Takeuchi | 7 juin 2023,"4,9 sur 5 étoiles, détails de l’évaluation",18,Broché,https://m.media-amazon.com/images/I/81emEattNeL._AC_UY218_.jpg,2025-09-04T18:39:04.279954,Description non disponible depuis la recherche,Stock non disponible,ISBN non disponible,Éditeur non disponible,Date non disponible,Nombre de pages non disponible,Rang de vente non disponible,Manga,63.0,,
ONE-PUNCH MAN - tome 22 (22),https://www.amazon.fr/ONE-PUNCH-MAN-22-ONE/dp/2368529276/ref=sr_1_1003,"6,80 €",One,"4,8 sur 5 étoiles, détails de l’évaluation",595,Poche,https://m.media-amazon.com/images/I/71ehH8lK+-L._AC_UY218_.jpg,2025-09-04T18:39:04.282479,Description non disponible depuis la recherche,Stock non disponible,ISBN non disponible,Éditeur non disponible,Date non disponible,Nombre de pages non disponible,Rang de vente non disponible,Manga,63.0,,
"Le Fauve des nuées - Manga: Le Fauve des nuées, T1",https://www.amazon.fr/Fauve-nu%C3%A9es-Manga-T1-ebook/dp/B0D67F27YK/ref=sr_1_1004,Prix non disponible,de Michael Shau et Émilie Gervaise | 7 juin 2024,"4,8 sur 5 étoiles, détails de l’évaluation",11,Format Kindle,https://m.media-amazon.com/images/I/81HE5U330uL._AC_UY218_.jpg,2025-09-04T18:39:04.284916,Description non disponible depuis la recherche,Stock non disponible,ISBN non disponible,Éditeur non disponible,Date non disponible,Nombre de pages non disponible,Rang de vente non disponible,Manga,63.0,,
Dragon Ball - Édition originale - Tome 04: La grande finale,https://www.amazon.fr/Dragon-Ball-tournoi-Akira-Toriyama/dp/2723434656/ref=sr_1_1006,"7,20 €",Akira Toriyama,"4,8 sur 5 étoiles, détails de l’évaluation",471,Broché,https://m.media-amazon.com/images/I/81Y9K1TFydL._AC_UY218_.jpg,2025-09-04T18:39:04.289859,Description non disponible depuis la recherche,Stock non disponible,ISBN non disponible,Éditeur non disponible,Date non disponible,Nombre de pages non disponible,Rang de vente non disponible,Manga,63.0,,
Ascension T08,https://www.amazon.fr/Ascension-Vol-8-SAKAMOTO-ShinIchi/dp/2756024856/ref=sr_1_1007,"8,50 €",de SAKAMOTO-S | 11 avril 2012,"4,8 sur 5 étoiles, détails de l’évaluation",42,Broché,https://m.media-amazon.com/images/I/8139JCX4LOL._AC_UY218_.jpg,2025-09-04T18:39:04.293014,Description non disponible depuis la recherche,Stock non disponible,ISBN non disponible,Éditeur non disponible,Date non disponible,Nombre de pages non disponible,Rang de vente non disponible,Manga,63.0,,
Mr Mallow Blue - Tome 05,https://www.amazon.fr/Mr-Mallow-Blue-Akaza-Samamiya/dp/2344065717/ref=sr_1_1008,"9,50 €",Akaza Samamiya,Note non disponible,0 avis,Broché,https://m.media-amazon.com/images/I/819tAsYkZIL._AC_UY218_.jpg,2025-09-04T18:39:04.295277,Description non disponible depuis la recherche,Stock non disponible,ISBN non disponible,Éditeur non disponible,Date non disponible,Nombre de pages non disponible,Rang de vente non disponible,Manga,63.0,,
Saint Seiya - Les Chevaliers du Zodiaque - The Lost Canvas - La Légende d'Hadès - Chronicles - tome 04 (4),https://www.amazon.fr/Saint-Seiya-Canvas-Chronicles-Vol-4/dp/2351429486/ref=sr_1_1009,"7,30 €",Masami Kurumada,"4,8 sur 5 étoiles, détails de l’évaluation",86,Poche,https://m.media-amazon.com/images/I/71ktMyWPP6L._AC_UY218_.jpg,2025-09-04T18:39:04.297914,Description non disponible depuis la recherche,Stock non disponible,ISBN non disponible,Éditeur non disponible,Date non disponible,Nombre de pages non disponible,Rang de vente non disponible,Manga,63.0,,
Qu'est-ce qu'on mange ce soir ? - L'almanach Marmiton 2025,https://www.amazon.fr/Quest-ce-quon-mange-soir-Lalmanach/dp/2749958865/ref=sr_1_1011,"19,95 €",de Marmiton | 5 septembre 2024,"4,5 sur 5 étoiles, détails de l’évaluation",15,Broché,https://m.media-amazon.com/images/I/61o6DzrzzvL._AC_UY218_.jpg,2025-09-04T18:39:04.303679,Description non disponible depuis la recherche,Stock non disponible,ISBN non disponible,Éditeur non disponible,Date non disponible,Nombre de pages non disponible,Rang de vente non disponible,Manga,63.0,,
Colocataires à leur manière T06,https://www.amazon.fr/Colocataires-%C3%A0-leur-mani%C3%A8re-T06/dp/2373499339/ref=sr_1_1012,"7,20 €",Minatsuki,"4,5 sur 5 étoiles, détails de l’évaluation",17,Poche,https://m.media-amazon.com/images/I/81f7HOJwOZL._AC_UY218_.jpg,2025-09-04T18:39:04.306248,Description non disponible depuis la recherche,Stock non disponible,ISBN non disponible,Éditeur non disponible,Date non disponible,Nombre de pages non disponible,Rang de vente non disponible,Manga,63.0,,
Iruma à l'école des démons T17,https://www.amazon.fr/Iruma-%C3%A0-l%C3%A9cole-d%C3%A9mons-T17/dp/2373499169/ref=sr_1_1013,"7,20 €",Osamu Nishi,"4,9 sur 5 étoiles, détails de l’évaluation",50,Poche,https://m.media-amazon.com/images/I/81UujjZIMSL._AC_UY218_.jpg,2025-09-04T18:39:04.308848,Description non disponible depuis la recherche,Stock non disponible,ISBN non disponible,Éditeur non disponible,Date non disponible,Nombre de pages non disponible,Rang de vente non disponible,Manga,63.0,,
Arima veut etre un Omega ! - Tome 01,https://www.amazon.fr/Arima-veut-etre-Omega-01/dp/2382762357/ref=sr_1_1014,"7,95 €",Cafeco Fujita,"4,6 sur 5 étoiles, détails de l’évaluation",15,Poche,https://m.media-amazon.com/images/I/6183OKiW70L._AC_UY218_.jpg,2025-09-04T18:39:04.311447,Description non disponible depuis la recherche,Stock non disponible,ISBN non disponible,Éditeur non disponible,Date non disponible,Nombre de pages non disponible,Rang de vente non disponible,Manga,63.0,,
Arima veut etre un Omega ! - Tome 01,https://www.amazon.fr/Arima-veut-etre-Omega-01/dp/2382762357/ref=sr_1_1011,"7,95 €",Cafeco Fujita,"4,6 sur 5 étoiles, détails de l’évaluation",15,Poche,https://m.media-amazon.com/images/I/6183OKiW70L._AC_UY218_.jpg,2025-09-04T18:39:13.467215,Description non disponible depuis la recherche,Stock non disponible,ISBN non disponible,Éditeur non disponible,Date non disponible,Nombre de pages non disponible,Rang de vente non disponible,Manga,64.0,,
Les Cauchemars de Mimi,https://www.amazon.fr/Cauchemars-Mimi-Junji-Ito/dp/2382817968/ref=sr_1_1012,"22,95 €",Junji Ito,"4,3 sur 5 étoiles, détails de l’évaluation",34,Relié,https://m.media-amazon.com/images/I/81Ed1arbspL._AC_UY218_.jpg,2025-09-04T18:39:13.470304,Description non disponible depuis la recherche,Stock non disponible,ISBN non disponible,Éditeur non disponible,Date non disponible,Nombre de pages non disponible,Rang de vente non disponible,Manga,64.0,,
Beromance,https://www.amazon.fr/Beromance-Berose/dp/2385040220/ref=sr_1_1013,"9,95 €",de Berose | 16 mai 2024,"4,4 sur 5 étoiles, détails de l’évaluation",21,Poche,https://m.media-amazon.com/images/I/81uTloZS+JL._AC_UY218_.jpg,2025-09-04T18:39:13.472855,Description non disponible depuis la recherche,Stock non disponible,ISBN non disponible,Éditeur non disponible,Date non disponible,Nombre de pages non disponible,Rang de vente non disponible,Manga,64.0,,
Pokémon - La Grande Aventure - tome 02 (2),https://www.amazon.fr/Pok%C3%A9mon-grande-aventure-Vol-2-MATO/dp/2368520147/ref=sr_1_1014,"10,00 €",Hidenori Kusaka,"4,8 sur 5 étoiles, détails de l’évaluation",714,Poche,https://m.media-amazon.com/images/I/717o9azctUL._AC_UY218_.jpg,2025-09-04T18:39:13.475560,Description non disponible depuis la recherche,Stock non disponible,ISBN non disponible,Éditeur non disponible,Date non disponible,Nombre de pages non disponible,Rang de vente non disponible,Manga,64.0,,
Demon Slayer T22,https://www.amazon.fr/Demon-Slayer-T22-Koyoharu-Gotouge/dp/B09TQWCPYL/ref=sr_1_1017,"7,29 €",Koyoharu Gotouge,"4,9 sur 5 étoiles, détails de l’évaluation",781,Relié,https://m.media-amazon.com/images/I/81l++2QtRYL._AC_UY218_.jpg,2025-09-04T18:39:13.485438,Description non disponible depuis la recherche,Stock non disponible,ISBN non disponible,Éditeur non disponible,Date non disponible,Nombre de pages non disponible,Rang de vente non disponible,Manga,64.0,,
Magus of the Library T04 (4),https://www.amazon.fr/Magus-Library-T04-Mitsu-Izumi/dp/B08C94KWBL/ref=sr_1_1018,"7,95 €",de Mitsu Izumi et Géraldine Oudin | 5 novembre 2020,"4,8 sur 5 étoiles, détails de l’évaluation",184,Broché,https://m.media-amazon.com/images/I/71mTiZkBV7L._AC_UY218_.jpg,2025-09-04T18:39:13.489049,Description non disponible depuis la recherche,Stock non disponible,ISBN non disponible,Éditeur non disponible,Date non disponible,Nombre de pages non disponible,Rang de vente non disponible,Manga,64.0,,
How to Make Delicious Coffee T05,https://www.amazon.fr/How-Make-Delicious-Coffee-T05/dp/B0D21L76LY/ref=sr_1_1019,"9,95 €","de Yuka Murayama, Ao Suzumemura, et al. | 19 septembre 2024",Note non disponible,0 avis,Poche,https://m.media-amazon.com/images/I/71MzGHZ6ITL._AC_UY218_.jpg,2025-09-04T18:39:13.492181,Description non disponible depuis la recherche,Stock non disponible,ISBN non disponible,Éditeur non disponible,Date non disponible,Nombre de pages non disponible,Rang de vente non disponible,Manga,64.0,,
Dépenser moins Manger mieux: La méthode,https://www.amazon.fr/D%C3%A9penser-moins-Manger-mieux-m%C3%A9thode/dp/238338318X/ref=sr_1_1020,"19,95 €",de Mélanie Mardelay | 3 janvier 2024,"4,6 sur 5 étoiles, détails de l’évaluation",25,Broché,https://m.media-amazon.com/images/I/71I8sHwPnbL._AC_UY218_.jpg,2025-09-04T18:39:13.495581,Description non disponible depuis la recherche,Stock non disponible,ISBN non disponible,Éditeur non disponible,Date non disponible,Nombre de pages non disponible,Rang de vente non disponible,Manga,64.0,,
"Agenda scolaire manga animé: Journalier (une page par jour) | 12x17 cm | Format standard | Collège et lycée | De Septembre à Juillet | Adolescent garçon & fille, étudiant | Panda",https://www.amazon.fr/Agenda-scolaire-manga-anim%C3%A9-Journalier/dp/B0FMF19H3J/ref=sr_1_1022,"12,98 €",de Tilio Evan | 11 août 2025,Note non disponible,0 avis,Broché,https://m.media-amazon.com/images/I/71Gv9MeMoFL._AC_UY218_.jpg,2025-09-04T18:39:13.501086,Description non disponible depuis la recherche,Stock non disponible,ISBN non disponible,Éditeur non disponible,Date non disponible,Nombre de pages non disponible,Rang de vente non disponible,Manga,64.0,,
Splatoon T12,https://www.amazon.fr/Splatoon-T12-Sankichi-Hinodeya/dp/2302092988/ref=sr_1_1023,"8,50 €",Sankichi Hinodeya,"4,8 sur 5 étoiles, détails de l’évaluation",286,Broché,https://m.media-amazon.com/images/I/81QEtFDy04L._AC_UY218_.jpg,2025-09-04T18:39:13.503845,Description non disponible depuis la recherche,Stock non disponible,ISBN non disponible,Éditeur non disponible,Date non disponible,Nombre de pages non disponible,Rang de vente non disponible,Manga,64.0,,
Gate Au-delà de la porte - Tome 22,https://www.amazon.fr/Gate-Au-del%C3%A0-porte-Yanai-Takumi/dp/2377176496/ref=sr_1_1024,"8,35 €",de Yanai Takumi et Sao Satoru | 9 mai 2025,"4,8 sur 5 étoiles, détails de l’évaluation",6,Broché,https://m.media-amazon.com/images/I/81JIkaZPYiL._AC_UY218_.jpg,2025-09-04T18:39:13.506376,Description non disponible depuis la recherche,Stock non disponible,ISBN non disponible,Éditeur non disponible,Date non disponible,Nombre de pages non disponible,Rang de vente non disponible,Manga,64.0,,
There's No Freaking Way I'll be Your Lover! Unless... (Manga) Vol. 1,https://www.amazon.fr/Theres-Freaking-Lover-Unless-Manga/dp/1685794637/ref=sr_1_1025,"12,69 €","Édition en Anglais | de Teren Mikami, Musshu, et al. | 11 avril 2023","4,8 sur 5 étoiles, détails de l’évaluation",162,Broché,https://m.media-amazon.com/images/I/811XnqMUQBL._AC_UY218_.jpg,2025-09-04T18:39:13.510276,Description non disponible depuis la recherche,Stock non disponible,ISBN non disponible,Éditeur non disponible,Date non disponible,Nombre de pages non disponible,Rang de vente non disponible,Manga,64.0,,
Kenshin Perfect edition - Tome 06,https://www.amazon.fr/Kenshin-vagabond-Perfect-WATSUKI-Nobuhiro/dp/2723474909/ref=sr_1_1027,"10,95 €",Nobuhiro Watsuki,"4,9 sur 5 étoiles, détails de l’évaluation",76,Broché,https://m.media-amazon.com/images/I/91nsI72WgZL._AC_UY218_.jpg,2025-09-04T18:39:13.516104,Description non disponible depuis la recherche,Stock non disponible,ISBN non disponible,Éditeur non disponible,Date non disponible,Nombre de pages non disponible,Rang de vente non disponible,Manga,64.0,,
L'Atelier des Sorciers T12 Edition Collector,https://www.amazon.fr/LAtelier-Sorciers-Collector-Kamome-Shirahama/dp/2811685065/ref=sr_1_1028,"19,90 €",Kamome Shirahama,"5,0 sur 5 étoiles, détails de l’évaluation",47,Broché,https://m.media-amazon.com/images/I/81-umSeUdVL._AC_UY218_.jpg,2025-09-04T18:39:13.518151,Description non disponible depuis la recherche,Stock non disponible,ISBN non disponible,Éditeur non disponible,Date non disponible,Nombre de pages non disponible,Rang de vente non disponible,Manga,64.0,,
La gardienne des concubines T04,https://www.amazon.fr/gardienne-concubines-T04-Shiori-Hiromoto/dp/B0DTDC9TT6/ref=sr_1_1029,"7,95 €",de Shiori Hiromoto et Aki Shikimi | 18 septembre 2025,Note non disponible,0 avis,Broché,https://m.media-amazon.com/images/I/71eWo5+C4jL._AC_UY218_.jpg,2025-09-04T18:39:13.520948,Description non disponible depuis la recherche,Stock non disponible,ISBN non disponible,Éditeur non disponible,Date non disponible,Nombre de pages non disponible,Rang de vente non disponible,Manga,64.0,,
Les Gouttes de Dieu - Mariage - Tome 11,https://www.amazon.fr/Gouttes-Dieu-Mariage-11/dp/2344036334/ref=sr_1_1030,"9,50 €",de Tadashi Agi et Shu Okimoto | 2 mai 2019,"4,9 sur 5 étoiles, détails de l’évaluation",17,Broché,https://m.media-amazon.com/images/I/814MHXcYnRL._AC_UY218_.jpg,2025-09-04T18:39:13.523563,Description non disponible depuis la recherche,Stock non disponible,ISBN non disponible,Éditeur non disponible,Date non disponible,Nombre de pages non disponible,Rang de vente non disponible,Manga,64.0,,
Les Gouttes de Dieu - Mariage - Tome 11,https://www.amazon.fr/Gouttes-Dieu-Mariage-11/dp/2344036334/ref=sr_1_1027,"9,50 €",de Tadashi Agi et Shu Okimoto | 2 mai 2019,"4,9 sur 5 étoiles, détails de l’évaluation",17,Broché,https://m.media-amazon.com/images/I/814MHXcYnRL._AC_UY218_.jpg,2025-09-04T18:39:23.662931,Description non disponible depuis la recherche,Stock non disponible,ISBN non disponible,Éditeur non disponible,Date non disponible,Nombre de pages non disponible,Rang de vente non disponible,Manga,65.0,,
An hour of romance T05,https://www.amazon.fr/hour-romance-T05-Myeongmi-Kim/dp/2382882905/ref=sr_1_1028,"14,95 €",Myeongmi Kim,Note non disponible,0 avis,Broché,https://m.media-amazon.com/images/I/81D4ht72IOL._AC_UY218_.jpg,2025-09-04T18:39:23.664848,Description non disponible depuis la recherche,Stock non disponible,ISBN non disponible,Éditeur non disponible,Date non disponible,Nombre de pages non disponible,Rang de vente non disponible,Manga,65.0,,
Mission: Yozakura family - Tome 13,https://www.amazon.fr/Mission-Yozakura-family-Hitsuji-Gondaira/dp/2505116458/ref=sr_1_1029,"7,30 €",Hitsuji Gondaira,"4,8 sur 5 étoiles, détails de l’évaluation",30,Broché,https://m.media-amazon.com/images/I/81L9Q17if7L._AC_UY218_.jpg,2025-09-04T18:39:23.667494,Description non disponible depuis la recherche,Stock non disponible,ISBN non disponible,Éditeur non disponible,Date non disponible,Nombre de pages non disponible,Rang de vente non disponible,Manga,65.0,,
"One Piece - Édition originale - Tome 10: OK, Let's STAND UP !",https://www.amazon.fr/One-Piece-%C3%89dition-originale-STAND/dp/2723492559/ref=sr_1_1030,"7,20 €",Eiichiro Oda,"4,8 sur 5 étoiles, détails de l’évaluation",1 892,Poche,https://m.media-amazon.com/images/I/91BBAVsHXcL._AC_UY218_.jpg,2025-09-04T18:39:23.670151,Description non disponible depuis la recherche,Stock non disponible,ISBN non disponible,Éditeur non disponible,Date non disponible,Nombre de pages non disponible,Rang de vente non disponible,Manga,65.0,,
One week friends - Tome 02,https://www.amazon.fr/One-week-friends-Hazuki-Matcha/dp/2386703398/ref=sr_1_1033,"7,95 €",de Hazuki Matcha | 19 septembre 2025,Note non disponible,0 avis,Poche,https://m.media-amazon.com/images/I/81445FEMdjL._AC_UY218_.jpg,2025-09-04T18:39:23.678931,Description non disponible depuis la recherche,Stock non disponible,ISBN non disponible,Éditeur non disponible,Date non disponible,Nombre de pages non disponible,Rang de vente non disponible,Manga,65.0,,
Gon. Collection box. Ediz. speciale (Vol. 1-3),https://www.amazon.fr/Gon-Collection-box-Ediz-speciale/dp/8834902343/ref=sr_1_1034,"36,00 €",Masashi Tanaka,"4,7 sur 5 étoiles, détails de l’évaluation",284,Broché,https://m.media-amazon.com/images/I/71wziFmvvdL._AC_UY218_.jpg,2025-09-04T18:39:23.680965,Description non disponible depuis la recherche,Stock non disponible,ISBN non disponible,Éditeur non disponible,Date non disponible,Nombre de pages non disponible,Rang de vente non disponible,Manga,65.0,,
Fairy Tail T63,https://www.amazon.fr/Fairy-Tail-T63-Hiro-Mashima/dp/2811640568/ref=sr_1_1035,"7,20 €",Hiro Mashima,"4,8 sur 5 étoiles, détails de l’évaluation",217,Poche,https://m.media-amazon.com/images/I/91mqWUAg0HL._AC_UY218_.jpg,2025-09-04T18:39:23.683427,Description non disponible depuis la recherche,Stock non disponible,ISBN non disponible,Éditeur non disponible,Date non disponible,Nombre de pages non disponible,Rang de vente non disponible,Manga,65.0,,
"Madame, ce n'est pas moi qui ai mangé le chat !: Gants ménagers et grandes révélations",https://www.amazon.fr/Madame-nest-pas-mang%C3%A9-chat/dp/B0FLXHW9FR/ref=sr_1_1036,"20,00 €",Jean-Michel SECK,Note non disponible,0 avis,Broché,https://m.media-amazon.com/images/I/61nCn4yPehL._AC_UY218_.jpg,2025-09-04T18:39:23.685558,Description non disponible depuis la recherche,Stock non disponible,ISBN non disponible,Éditeur non disponible,Date non disponible,Nombre de pages non disponible,Rang de vente non disponible,Manga,65.0,,
Luna Kiss T02,https://www.amazon.fr/Luna-Kiss-T02-Nakahara/dp/2373492512/ref=sr_1_1038,"7,20 €",An Nakahara,"4,8 sur 5 étoiles, détails de l’évaluation",79,Broché,https://m.media-amazon.com/images/I/81ggK0bJhlL._AC_UY218_.jpg,2025-09-04T18:39:23.690777,Description non disponible depuis la recherche,Stock non disponible,ISBN non disponible,Éditeur non disponible,Date non disponible,Nombre de pages non disponible,Rang de vente non disponible,Manga,65.0,,
Kingdom - Tome 75,https://www.amazon.fr/Kingdom-75-Yasuhisa-Hara/dp/2385035332/ref=sr_1_1039,"6,95 €",Yasuhisa Hara,"5,0 sur 5 étoiles, détails de l’évaluation",1,Poche,https://m.media-amazon.com/images/I/81xLoHat6qL._AC_UY218_.jpg,2025-09-04T18:39:23.692628,Description non disponible depuis la recherche,Stock non disponible,ISBN non disponible,Éditeur non disponible,Date non disponible,Nombre de pages non disponible,Rang de vente non disponible,Manga,65.0,,
Animal Crossing : New Horizons - Le Journal de l'île T09,https://www.amazon.fr/Animal-Crossing-Horizons-Journal-l%C3%AEle/dp/2302103815/ref=sr_1_1040,"8,50 €",Kokonasu Rumba,"5,0 sur 5 étoiles, détails de l’évaluation",32,Broché,https://m.media-amazon.com/images/I/715SJFLcM1L._AC_UY218_.jpg,2025-09-04T18:39:23.694944,Description non disponible depuis la recherche,Stock non disponible,ISBN non disponible,Éditeur non disponible,Date non disponible,Nombre de pages non disponible,Rang de vente non disponible,Manga,65.0,,
"Le régime végétarien : une alimentation saine, gourmande et équilibrée (Manger mieux pour vivre mieux)",https://www.amazon.fr/r%C3%A9gime-v%C3%A9g%C3%A9tarien-alimentation-gourmande-%C3%A9quilibr%C3%A9e-ebook/dp/B07RLPHG11/ref=sr_1_1041,"14,99 €",Sibylle Naud,"4,3 sur 5 étoiles, détails de l’évaluation",19,Format Kindle,https://m.media-amazon.com/images/I/81BlG8iUcDL._AC_UY218_.jpg,2025-09-04T18:39:23.698004,Description non disponible depuis la recherche,Stock non disponible,ISBN non disponible,Éditeur non disponible,Date non disponible,Nombre de pages non disponible,Rang de vente non disponible,Manga,65.0,,
Dragon Ball - Full Color - Le roi démon Piccolo - Tome 04,https://www.amazon.fr/Dragon-Ball-Color-d%C3%A9mon-Piccolo/dp/2344068872/ref=sr_1_1043,"14,95 €",Akira Toriyama,Note non disponible,0 avis,Broché,https://m.media-amazon.com/images/I/01PkLIhTX3L._AC_UY218_.gif,2025-09-04T18:39:23.702987,Description non disponible depuis la recherche,Stock non disponible,ISBN non disponible,Éditeur non disponible,Date non disponible,Nombre de pages non disponible,Rang de vente non disponible,Manga,65.0,,
The Eminence in Shadow - vol. 01,https://www.amazon.fr/Eminence-Shadow-vol-01/dp/2818989035/ref=sr_1_1044,"7,50 €",Daisuke AIZAWA,"4,9 sur 5 étoiles, détails de l’évaluation",144,Poche,https://m.media-amazon.com/images/I/81JSWH+HqNL._AC_UY218_.jpg,2025-09-04T18:39:23.705166,Description non disponible depuis la recherche,Stock non disponible,ISBN non disponible,Éditeur non disponible,Date non disponible,Nombre de pages non disponible,Rang de vente non disponible,Manga,65.0,,
12 ans - Tome 09,https://www.amazon.fr/12-ans-09-Nao-Maita/dp/2344021892/ref=sr_1_1045,"7,20 €",Nao Maita,"4,8 sur 5 étoiles, détails de l’évaluation",109,Broché,https://m.media-amazon.com/images/I/81qdrH8iUzL._AC_UY218_.jpg,2025-09-04T18:39:23.707997,Description non disponible depuis la recherche,Stock non disponible,ISBN non disponible,Éditeur non disponible,Date non disponible,Nombre de pages non disponible,Rang de vente non disponible,Manga,65.0,,
Dragon Ball perfect edition - Tome 29,https://www.amazon.fr/Dragon-Ball-Perfect-TORIYAMA-Akira/dp/2723498212/ref=sr_1_1046,"10,95 €",Akira Toriyama,"4,9 sur 5 étoiles, détails de l’évaluation",262,Broché,https://m.media-amazon.com/images/I/91n-x6VPgsL._AC_UY218_.jpg,2025-09-04T18:39:23.710643,Description non disponible depuis la recherche,Stock non disponible,ISBN non disponible,Éditeur non disponible,Date non disponible,Nombre de pages non disponible,Rang de vente non disponible,Manga,65.0,,
KUROKO'S BASKET T07 DUNK ÉDITION,https://www.amazon.fr/KUROKOS-BASKET-T07-DUNK-%C3%89DITION/dp/2820348750/ref=sr_1_1043,"11,98 €",de Tadatoshi Fujimaki | 19 février 2025,"5,0 sur 5 étoiles, détails de l’évaluation",2,Poche,https://m.media-amazon.com/images/I/81T4iUOXkFL._AC_UY218_.jpg,2025-09-04T18:39:32.615105,Description non disponible depuis la recherche,Stock non disponible,ISBN non disponible,Éditeur non disponible,Date non disponible,Nombre de pages non disponible,Rang de vente non disponible,Manga,66.0,,
Super Mario Manga Adventures T05,https://www.amazon.fr/Super-Mario-Manga-Adventures-T5/dp/2302045890/ref=sr_1_1044,"7,29 €",Yukio Sawada,"4,8 sur 5 étoiles, détails de l’évaluation",361,Broché,https://m.media-amazon.com/images/I/81eewqix8sL._AC_UY218_.jpg,2025-09-04T18:39:32.617149,Description non disponible depuis la recherche,Stock non disponible,ISBN non disponible,Éditeur non disponible,Date non disponible,Nombre de pages non disponible,Rang de vente non disponible,Manga,66.0,,
Gunnm Mars Chronicle - Tome 02,https://www.amazon.fr/Gunnm-Mars-Chronicle-Yukito-Kishiro/dp/2344017526/ref=sr_1_1045,"7,90 €",Yukito Kishiro,"4,8 sur 5 étoiles, détails de l’évaluation",146,Broché,https://m.media-amazon.com/images/I/81Xda3PDcbL._AC_UY218_.jpg,2025-09-04T18:39:32.620013,Description non disponible depuis la recherche,Stock non disponible,ISBN non disponible,Éditeur non disponible,Date non disponible,Nombre de pages non disponible,Rang de vente non disponible,Manga,66.0,,
Dragon Ball Z - Film 03: Le combat fratricide,https://www.amazon.fr/Dragon-Ball-Z-films-Vol-3/dp/2723493350/ref=sr_1_1046,"7,90 €",Akira Toriyama,"4,7 sur 5 étoiles, détails de l’évaluation",118,Broché,https://m.media-amazon.com/images/I/81A0PfZrg0L._AC_UY218_.jpg,2025-09-04T18:39:32.622102,Description non disponible depuis la recherche,Stock non disponible,ISBN non disponible,Éditeur non disponible,Date non disponible,Nombre de pages non disponible,Rang de vente non disponible,Manga,66.0,,
Fullmetal Alchemist - tome 05 (05),https://www.amazon.fr/FullMetal-Alchemist-Vol-5-ARAKAWA-Hiromu/dp/2351420454/ref=sr_1_1049,"6,60 €",Hiromu Arakawa,"4,9 sur 5 étoiles, détails de l’évaluation",103,Poche,https://m.media-amazon.com/images/I/61uLsrpP8bL._AC_UY218_.jpg,2025-09-04T18:39:32.631078,Description non disponible depuis la recherche,Stock non disponible,ISBN non disponible,Éditeur non disponible,Date non disponible,Nombre de pages non disponible,Rang de vente non disponible,Manga,66.0,,
Nana nº 02/07,https://www.amazon.fr/Nana-n%C2%BA-02-07-Yazawa/dp/841161901X/ref=sr_1_1050,"20,00 €",Ai Yazawa,"5,0 sur 5 étoiles, détails de l’évaluation",5,Broché,https://m.media-amazon.com/images/I/51xtv+LlpmL._AC_UY218_.jpg,2025-09-04T18:39:32.633365,Description non disponible depuis la recherche,Stock non disponible,ISBN non disponible,Éditeur non disponible,Date non disponible,Nombre de pages non disponible,Rang de vente non disponible,Manga,66.0,,
Oshi no ko - tome 15 - collector,https://www.amazon.fr/Oshi-no-ko-15-collector/dp/B0DXTG9HR1/ref=sr_1_1051,"11,50 €",Aka Akasaka,"4,7 sur 5 étoiles, détails de l’évaluation",32,Broché,https://m.media-amazon.com/images/I/61S9VCh0gDL._AC_UY218_.jpg,2025-09-04T18:39:32.637236,Description non disponible depuis la recherche,Stock non disponible,ISBN non disponible,Éditeur non disponible,Date non disponible,Nombre de pages non disponible,Rang de vente non disponible,Manga,66.0,,
Sanctuary Perfect Edition - Tome 04,https://www.amazon.fr/Sanctuary-Perfect-04-Sho-Fumimura/dp/2344052569/ref=sr_1_1052,"14,95 €",Sho Fumimura,"4,8 sur 5 étoiles, détails de l’évaluation",9,Broché,https://m.media-amazon.com/images/I/8122f9DlrdL._AC_UY218_.jpg,2025-09-04T18:39:32.640186,Description non disponible depuis la recherche,Stock non disponible,ISBN non disponible,Éditeur non disponible,Date non disponible,Nombre de pages non disponible,Rang de vente non disponible,Manga,66.0,,
City Hunter Rebirth T16,https://www.amazon.fr/City-Hunter-Rebirth-Tsukasa-Hojo/dp/B0F59CJRRR/ref=sr_1_1054,"7,95 €",de Tsukasa Hojo et Sokura Nishiki | 28 août 2025,"5,0 sur 5 étoiles, détails de l’évaluation",1,Broché,https://m.media-amazon.com/images/I/61IscZBbGmL._AC_UY218_.jpg,2025-09-04T18:39:32.645660,Description non disponible depuis la recherche,Stock non disponible,ISBN non disponible,Éditeur non disponible,Date non disponible,Nombre de pages non disponible,Rang de vente non disponible,Manga,66.0,,
Tsukimichi - Moonlit Fantasy - Tome 1,https://www.amazon.fr/Tsukimichi-Moonlit-Fantasy-Kino-Kotora/dp/2385031671/ref=sr_1_1055,"6,95 €","de Kotora Kino, Célia Chinarro, et al. | 16 août 2024","4,7 sur 5 étoiles, détails de l’évaluation",19,Poche,https://m.media-amazon.com/images/I/819bdzEWPYL._AC_UY218_.jpg,2025-09-04T18:39:32.648336,Description non disponible depuis la recherche,Stock non disponible,ISBN non disponible,Éditeur non disponible,Date non disponible,Nombre de pages non disponible,Rang de vente non disponible,Manga,66.0,,
Fairy Tail Vol. 1 (English Edition),https://www.amazon.fr/Fairy-Tail-Vol-Hiro-Mashima-ebook/dp/B00DN7BAUG/ref=sr_1_1056,"9,92 €",Hiro Mashima,"4,6 sur 5 étoiles, détails de l’évaluation",3 156,Format Kindle,https://m.media-amazon.com/images/I/A1i7QJ8OpCL._AC_UY218_.jpg,2025-09-04T18:39:32.651013,Description non disponible depuis la recherche,Stock non disponible,ISBN non disponible,Éditeur non disponible,Date non disponible,Nombre de pages non disponible,Rang de vente non disponible,Manga,66.0,,
BLOOM T03,https://www.amazon.fr/BLOOM-T03-Saka-MIKAMI-S/dp/2373499770/ref=sr_1_1057,"7,20 €",de Saka Mikami | 7 mai 2025,"4,6 sur 5 étoiles, détails de l’évaluation",12,Poche,https://m.media-amazon.com/images/I/81SFx-LDg1L._AC_UY218_.jpg,2025-09-04T18:39:32.653923,Description non disponible depuis la recherche,Stock non disponible,ISBN non disponible,Éditeur non disponible,Date non disponible,Nombre de pages non disponible,Rang de vente non disponible,Manga,66.0,,
Déshydrateur alimentaire : le guide complet de la nourriture déshydratée,https://www.amazon.fr/D%C3%A9shydrateur-alimentaire-complet-nourriture-d%C3%A9shydrat%C3%A9e/dp/1973110776/ref=sr_1_1059,"14,96 €",Bien Manger,"4,2 sur 5 étoiles, détails de l’évaluation",344,Broché,https://m.media-amazon.com/images/I/514wNkcLfTL._AC_UY218_.jpg,2025-09-04T18:39:32.659711,Description non disponible depuis la recherche,Stock non disponible,ISBN non disponible,Éditeur non disponible,Date non disponible,Nombre de pages non disponible,Rang de vente non disponible,Manga,66.0,,
Cross of the cross T05,https://www.amazon.fr/Cross-cross-T05-Shiryu-Nakatake/dp/2413049916/ref=sr_1_1060,"8,50 €",de Shiryu Nakatake | 17 septembre 2025,Note non disponible,0 avis,Broché,https://m.media-amazon.com/images/I/81QwgPKkHwL._AC_UY218_.jpg,2025-09-04T18:39:32.663395,Description non disponible depuis la recherche,Stock non disponible,ISBN non disponible,Éditeur non disponible,Date non disponible,Nombre de pages non disponible,Rang de vente non disponible,Manga,66.0,,
Touhou: Lotus Eaters' Sobering - Tome 05,https://www.amazon.fr/Touhou-Lotus-Eaters-Sobering-05/dp/238503087X/ref=sr_1_1061,"9,95 €","de Zakk, Mizuka, et al. | 13 juin 2025",Note non disponible,0 avis,Poche,https://m.media-amazon.com/images/I/91O9PujF5DL._AC_UY218_.jpg,2025-09-04T18:39:32.666360,Description non disponible depuis la recherche,Stock non disponible,ISBN non disponible,Éditeur non disponible,Date non disponible,Nombre de pages non disponible,Rang de vente non disponible,Manga,66.0,,
Nina du royaume aux étoiles - Tome 12,https://www.amazon.fr/Nina-royaume-aux-%C3%A9toiles-12/dp/2749958725/ref=sr_1_1062,"7,95 €",Rikachi,Nina du royaume aux étoiles - Tome 12,19,Poche,https://m.media-amazon.com/images/I/71AiDRV1z4L._AC_UY218_.jpg,2025-09-04T18:39:32.668992,Description non disponible depuis la recherche,Stock non disponible,ISBN non disponible,Éditeur non disponible,Date non disponible,Nombre de pages non disponible,Rang de vente non disponible,Manga,66.0,,
"Minecraft, le manga officiel - Voyage au bout du monde T06",https://www.amazon.fr/Minecraft-manga-officiel-Voyage-monde/dp/2384965999/ref=sr_1_1059,"7,20 €",de Kazuyoshi Seto | 3 décembre 2025,Note non disponible,0 avis,Poche,https://m.media-amazon.com/images/I/81y0jfFyA9L._AC_UY218_.jpg,2025-09-04T18:39:42.484272,Description non disponible depuis la recherche,Stock non disponible,ISBN non disponible,Éditeur non disponible,Date non disponible,Nombre de pages non disponible,Rang de vente non disponible,Manga,67.0,,
Rose de Versailles (Lady Oscar) - Tome 3,https://www.amazon.fr/rose-Versailles-3-IKEDA-Riyoko/dp/2505009511/ref=sr_1_1060,"10,95 €",Riyoko Ikeda,"4,7 sur 5 étoiles, détails de l’évaluation",87,Broché,https://m.media-amazon.com/images/I/71aMkNA1kzL._AC_UY218_.jpg,2025-09-04T18:39:42.486509,Description non disponible depuis la recherche,Stock non disponible,ISBN non disponible,Éditeur non disponible,Date non disponible,Nombre de pages non disponible,Rang de vente non disponible,Manga,67.0,,
"Lusky, mon ami pour la vie T01",https://www.amazon.fr/Lusky-mon-ami-pour-vie/dp/2373490692/ref=sr_1_1061,"7,20 €",Konomi Wagata,"4,8 sur 5 étoiles, détails de l’évaluation",199,Broché,https://m.media-amazon.com/images/I/81iIoQav2XL._AC_UY218_.jpg,2025-09-04T18:39:42.488844,Description non disponible depuis la recherche,Stock non disponible,ISBN non disponible,Éditeur non disponible,Date non disponible,Nombre de pages non disponible,Rang de vente non disponible,Manga,67.0,,
LES AVENTURES FANTASTIQUES DE SACRÉ-COEUR (VOL.12) : LE MASQUE MAUDIT DE MONTMARTRE,https://www.amazon.fr/AVENTURES-FANTASTIQUES-SACR%C3%89-COEUR-VOL-12-MONTMARTRE/dp/2353482031/ref=sr_1_1062,"15,00 €",Amélie Sarn,"5,0 sur 5 étoiles, détails de l’évaluation",14,Relié,https://m.media-amazon.com/images/I/81OzOkaGrRL._AC_UY218_.jpg,2025-09-04T18:39:42.491139,Description non disponible depuis la recherche,Stock non disponible,ISBN non disponible,Éditeur non disponible,Date non disponible,Nombre de pages non disponible,Rang de vente non disponible,Manga,67.0,,
"LA FILLE DE LA PLAGE, TOME 2",https://www.amazon.fr/Fille-plage-Vol-2-ASANO-Inio/dp/2364810043/ref=sr_1_1065,"14,00 €",de Inio Asano et Aurélien Estager | 15 février 2015,"4,5 sur 5 étoiles, détails de l’évaluation",54,Broché,https://m.media-amazon.com/images/I/A1pWj1rJdUL._AC_UY218_.jpg,2025-09-04T18:39:42.500009,Description non disponible depuis la recherche,Stock non disponible,ISBN non disponible,Éditeur non disponible,Date non disponible,Nombre de pages non disponible,Rang de vente non disponible,Manga,67.0,,
L'avocat fou amoureux - Tome 01,https://www.amazon.fr/Lavocat-fou-amoureux-01-Sumi/dp/238276998X/ref=sr_1_1066,"7,95 €",de Sumi et Vanessa Gallon | 30 mai 2025,Note non disponible,0 avis,Poche,https://m.media-amazon.com/images/I/71dF5M-5aGL._AC_UY218_.jpg,2025-09-04T18:39:42.502685,Description non disponible depuis la recherche,Stock non disponible,ISBN non disponible,Éditeur non disponible,Date non disponible,Nombre de pages non disponible,Rang de vente non disponible,Manga,67.0,,
Pokémon - Noir et Blanc - tome 02 (2),https://www.amazon.fr/Pokemon-Blanc-Vol-2-KUSAKA-Hidenori/dp/2351426533/ref=sr_1_1067,"7,30 €",Hidenori Kusaka,"4,8 sur 5 étoiles, détails de l’évaluation",237,Broché,https://m.media-amazon.com/images/I/71MmiPqb8gL._AC_UY218_.jpg,2025-09-04T18:39:42.504972,Description non disponible depuis la recherche,Stock non disponible,ISBN non disponible,Éditeur non disponible,Date non disponible,Nombre de pages non disponible,Rang de vente non disponible,Manga,67.0,,
Hentai Demon Huntress - Volume 2,https://www.amazon.fr/Hentai-Demon-Huntress-2-Redjet/dp/2382099178/ref=sr_1_1068,"14,50 €",Redjet,"5,0 sur 5 étoiles, détails de l’évaluation",3,Poche,https://m.media-amazon.com/images/I/71v-q09vOAL._AC_UY218_.jpg,2025-09-04T18:39:42.508050,Description non disponible depuis la recherche,Stock non disponible,ISBN non disponible,Éditeur non disponible,Date non disponible,Nombre de pages non disponible,Rang de vente non disponible,Manga,67.0,,
Super Mario Manga Adventures T03,https://www.amazon.fr/Super-Mario-Manga-Adventures-T03/dp/2302044843/ref=sr_1_1070,"7,29 €",de SAWADA-Y | 25 mars 2015,"4,8 sur 5 étoiles, détails de l’évaluation",484,Broché,https://m.media-amazon.com/images/I/81eeEaqohiL._AC_UY218_.jpg,2025-09-04T18:39:42.514252,Description non disponible depuis la recherche,Stock non disponible,ISBN non disponible,Éditeur non disponible,Date non disponible,Nombre de pages non disponible,Rang de vente non disponible,Manga,67.0,,
Black Clover - Quartet Knights T01,https://www.amazon.fr/Black-Clover-Quartet-Knights-T01/dp/2820337597/ref=sr_1_1071,"7,05 €",Yuki Tabata,"4,5 sur 5 étoiles, détails de l’évaluation",61,Broché,https://m.media-amazon.com/images/I/91HBJRMS9kL._AC_UY218_.jpg,2025-09-04T18:39:42.517254,Description non disponible depuis la recherche,Stock non disponible,ISBN non disponible,Éditeur non disponible,Date non disponible,Nombre de pages non disponible,Rang de vente non disponible,Manga,67.0,,
One Piece - Édition originale - Tome 14: Instinct,https://www.amazon.fr/One-Piece-%C3%89dition-originale-Instinct/dp/2723492591/ref=sr_1_1072,"7,20 €",Eiichiro Oda,"4,9 sur 5 étoiles, détails de l’évaluation",1 434,Broché,https://m.media-amazon.com/images/I/916pdmNqOBL._AC_UY218_.jpg,2025-09-04T18:39:42.519944,Description non disponible depuis la recherche,Stock non disponible,ISBN non disponible,Éditeur non disponible,Date non disponible,Nombre de pages non disponible,Rang de vente non disponible,Manga,67.0,,
Je mangerais bien un enfant,https://www.amazon.fr/mangerais-bien-enfant-Doroth%C3%A9e-Monfreid/dp/2211075622/ref=sr_1_1073,"12,50 €",Dorothée de Monfreid,"4,7 sur 5 étoiles, détails de l’évaluation",273,Relié,https://m.media-amazon.com/images/I/61nn3b8fihL._AC_UY218_.jpg,2025-09-04T18:39:42.523408,Description non disponible depuis la recherche,Stock non disponible,ISBN non disponible,Éditeur non disponible,Date non disponible,Nombre de pages non disponible,Rang de vente non disponible,Manga,67.0,,
T3 Boruto - Two Blue Vortex,https://www.amazon.fr/T3-Boruto-Two-Blue-Vortex/dp/2505130086/ref=sr_1_1075,"7,30 €",de Masashi Kishimoto et Mikio Ikemoto | 20 juin 2025,"4,8 sur 5 étoiles, détails de l’évaluation",34,Broché,https://m.media-amazon.com/images/I/81vjKLfPDEL._AC_UY218_.jpg,2025-09-04T18:39:42.529580,Description non disponible depuis la recherche,Stock non disponible,ISBN non disponible,Éditeur non disponible,Date non disponible,Nombre de pages non disponible,Rang de vente non disponible,Manga,67.0,,
Card Captor Sakura - Clear Card Arc T03,https://www.amazon.fr/Card-Captor-Sakura-Clear-Arc/dp/2811642013/ref=sr_1_1076,"7,20 €",CLAMP,"4,9 sur 5 étoiles, détails de l’évaluation",176,Poche,https://m.media-amazon.com/images/I/81ax1XApCfL._AC_UY218_.jpg,2025-09-04T18:39:42.532071,Description non disponible depuis la recherche,Stock non disponible,ISBN non disponible,Éditeur non disponible,Date non disponible,Nombre de pages non disponible,Rang de vente non disponible,Manga,67.0,,
"Not So Shoujo Love Story, Vol. 1",https://www.amazon.fr/Not-Shoujo-Love-Story-Vol/dp/1974747220/ref=sr_1_1077,"17,22 €",Curryuku,"4,6 sur 5 étoiles, détails de l’évaluation",35,Broché,https://m.media-amazon.com/images/I/81-zvuDi+cL._AC_UY218_.jpg,2025-09-04T18:39:42.534215,Description non disponible depuis la recherche,Stock non disponible,ISBN non disponible,Éditeur non disponible,Date non disponible,Nombre de pages non disponible,Rang de vente non disponible,Manga,67.0,,
Demon Slayer School Days T03,https://www.amazon.fr/Demon-Slayer-School-Days-T03/dp/B0C49BY3PY/ref=sr_1_1078,"7,29 €",Natsuki Hokami,"4,8 sur 5 étoiles, détails de l’évaluation",103,Broché,https://m.media-amazon.com/images/I/81IpC1b5hZL._AC_UY218_.jpg,2025-09-04T18:39:42.537505,Description non disponible depuis la recherche,Stock non disponible,ISBN non disponible,Éditeur non disponible,Date non disponible,Nombre de pages non disponible,Rang de vente non disponible,Manga,67.0,,
Konosuba : Sois béni monde merveilleux ! - Tome 4 (Light Novel),https://www.amazon.fr/Konosuba-monde-merveilleux-Light-Novel/dp/2385032627/ref=sr_1_1075,"9,95 €",de Natsume Akatsuki et Kurone Mishima | 28 juillet 2023,"4,7 sur 5 étoiles, détails de l’évaluation",4,Poche,https://m.media-amazon.com/images/I/814SrzuQy2L._AC_UY218_.jpg,2025-09-04T18:39:54.716317,Description non disponible depuis la recherche,Stock non disponible,ISBN non disponible,Éditeur non disponible,Date non disponible,Nombre de pages non disponible,Rang de vente non disponible,Manga,68.0,,
Soupinou T02 (02),https://www.amazon.fr/Soupinou-T02-02-Yuu-Horii/dp/2372874985/ref=sr_1_1076,"7,99 €",Yuu Horii,"4,7 sur 5 étoiles, détails de l’évaluation",40,Broché,https://m.media-amazon.com/images/I/71e9WwUmCrL._AC_UY218_.jpg,2025-09-04T18:39:54.718590,Description non disponible depuis la recherche,Stock non disponible,ISBN non disponible,Éditeur non disponible,Date non disponible,Nombre de pages non disponible,Rang de vente non disponible,Manga,68.0,,
Land T05,https://www.amazon.fr/Land-T05-Kazumi-Yamashita/dp/238281683X/ref=sr_1_1077,"9,95 €",Kazumi Yamashita,"4,6 sur 5 étoiles, détails de l’évaluation",5,Poche,https://m.media-amazon.com/images/I/8187SDpaiKL._AC_UY218_.jpg,2025-09-04T18:39:54.721336,Description non disponible depuis la recherche,Stock non disponible,ISBN non disponible,Éditeur non disponible,Date non disponible,Nombre de pages non disponible,Rang de vente non disponible,Manga,68.0,,
Rave - Tome 35,https://www.amazon.fr/Rave-Vol-35-MASHIMA-Hiro/dp/2723464857/ref=sr_1_1078,"7,20 €",Hiro Mashima,"4,9 sur 5 étoiles, détails de l’évaluation",27,Broché,https://m.media-amazon.com/images/I/716QkWKnRdL._AC_UY218_.jpg,2025-09-04T18:39:54.724190,Description non disponible depuis la recherche,Stock non disponible,ISBN non disponible,Éditeur non disponible,Date non disponible,Nombre de pages non disponible,Rang de vente non disponible,Manga,68.0,,
L'Ère des Cristaux - Tome 02,https://www.amazon.fr/L%C3%88re-Cristaux-02-Haruko-Ichikawa/dp/2344011722/ref=sr_1_1081,"7,90 €",Haruko Ichikawa,"4,7 sur 5 étoiles, détails de l’évaluation",67,Broché,https://m.media-amazon.com/images/I/91p7cWUyYuL._AC_UY218_.jpg,2025-09-04T18:39:54.733092,Description non disponible depuis la recherche,Stock non disponible,ISBN non disponible,Éditeur non disponible,Date non disponible,Nombre de pages non disponible,Rang de vente non disponible,Manga,68.0,,
New Grappler Baki - Tome 14 - Perfect Edition,https://www.amazon.fr/New-Grappler-Baki-14-Perfect/dp/2385030039/ref=sr_1_1082,"12,95 €",de Keisuke Itagaki | 7 février 2025,Note non disponible,0 avis,Poche,https://m.media-amazon.com/images/I/81kKoQbzsFL._AC_UY218_.jpg,2025-09-04T18:39:54.735792,Description non disponible depuis la recherche,Stock non disponible,ISBN non disponible,Éditeur non disponible,Date non disponible,Nombre de pages non disponible,Rang de vente non disponible,Manga,68.0,,
Classroom of the Elite - Tome 09,https://www.amazon.fr/Classroom-Elite-09-Yuyu-Ichino/dp/2377176666/ref=sr_1_1083,"7,90 €",Syougo Kinugasa,Note non disponible,0 avis,Broché,https://m.media-amazon.com/images/I/71D6-cSHmxL._AC_UY218_.jpg,2025-09-04T18:39:54.737977,Description non disponible depuis la recherche,Stock non disponible,ISBN non disponible,Éditeur non disponible,Date non disponible,Nombre de pages non disponible,Rang de vente non disponible,Manga,68.0,,
"Star Wars - Leia, Princesse d'Alderaan T03",https://www.amazon.fr/Star-Wars-Leia-Princesse-dAlderaan/dp/2384960822/ref=sr_1_1084,"7,90 €",Claudia Gray,Note non disponible,0 avis,Poche,https://m.media-amazon.com/images/I/01PkLIhTX3L._AC_UY218_.gif,2025-09-04T18:39:54.740246,Description non disponible depuis la recherche,Stock non disponible,ISBN non disponible,Éditeur non disponible,Date non disponible,Nombre de pages non disponible,Rang de vente non disponible,Manga,68.0,,
Dragon Ball perfect edition - Tome 06,https://www.amazon.fr/Dragon-ball-Perfect-TORIYAMA-Akira/dp/2723467783/ref=sr_1_1086,"10,95 €",Akira Toriyama,"4,9 sur 5 étoiles, détails de l’évaluation",436,Broché,https://m.media-amazon.com/images/I/81rKPCOgdWL._AC_UY218_.jpg,2025-09-04T18:39:54.745993,Description non disponible depuis la recherche,Stock non disponible,ISBN non disponible,Éditeur non disponible,Date non disponible,Nombre de pages non disponible,Rang de vente non disponible,Manga,68.0,,
Le Jeu de la mort T12 - Édition spéciale,https://www.amazon.fr/Jeu-mort-T12-%C3%89dition-sp%C3%A9ciale/dp/2413080368/ref=sr_1_1087,"13,99 €",Sora,"4,8 sur 5 étoiles, détails de l’évaluation",11,Broché,https://m.media-amazon.com/images/I/71+PD-LFpYL._AC_UY218_.jpg,2025-09-04T18:39:54.748608,Description non disponible depuis la recherche,Stock non disponible,ISBN non disponible,Éditeur non disponible,Date non disponible,Nombre de pages non disponible,Rang de vente non disponible,Manga,68.0,,
Saint Seiya - Les Chevaliers du Zodiaque - The Lost Canvas - La Légende d'Hadès - Chronicles - tome 11 (11),https://www.amazon.fr/Saint-Seiya-Canvas-Chronicles-Vol-11/dp/2368522115/ref=sr_1_1088,"7,30 €",Masami Kurumada,"4,8 sur 5 étoiles, détails de l’évaluation",93,Poche,https://m.media-amazon.com/images/I/81aJLlD47xL._AC_UY218_.jpg,2025-09-04T18:39:54.751237,Description non disponible depuis la recherche,Stock non disponible,ISBN non disponible,Éditeur non disponible,Date non disponible,Nombre de pages non disponible,Rang de vente non disponible,Manga,68.0,,
Fire Force - Tome 20,https://www.amazon.fr/Fire-Force-20-Atsushi-Okubo/dp/2505088306/ref=sr_1_1089,"7,30 €",Atsushi Ohkubo,"4,6 sur 5 étoiles, détails de l’évaluation",67,Broché,https://m.media-amazon.com/images/I/818Vs19IN8L._AC_UY218_.jpg,2025-09-04T18:39:54.753989,Description non disponible depuis la recherche,Stock non disponible,ISBN non disponible,Éditeur non disponible,Date non disponible,Nombre de pages non disponible,Rang de vente non disponible,Manga,68.0,,
DANDADAN T19,https://www.amazon.fr/DANDADAN-T19-XXX/dp/2820351719/ref=sr_1_1091,"7,29 €",Yukinobu Tatsu,Note non disponible,0 avis,Broché,https://m.media-amazon.com/images/I/81E6Z9-bg+L._AC_UY218_.jpg,2025-09-04T18:39:54.759107,Description non disponible depuis la recherche,Stock non disponible,ISBN non disponible,Éditeur non disponible,Date non disponible,Nombre de pages non disponible,Rang de vente non disponible,Manga,68.0,,
"Yona, Princesse de l'Aube T29",https://www.amazon.fr/Yona-Princesse-lAube-Mizuho-Kusanagi/dp/2811652248/ref=sr_1_1092,"7,20 €",Mizuho Kusanagi,"4,6 sur 5 étoiles, détails de l’évaluation",103,Poche,https://m.media-amazon.com/images/I/814V3CpNJ1L._AC_UY218_.jpg,2025-09-04T18:39:54.761551,Description non disponible depuis la recherche,Stock non disponible,ISBN non disponible,Éditeur non disponible,Date non disponible,Nombre de pages non disponible,Rang de vente non disponible,Manga,68.0,,
Naruto - édition Hokage - Tome 13,https://www.amazon.fr/Naruto-%C3%A9dition-Hokage-Masashi-Kishimoto/dp/2505116768/ref=sr_1_1093,"15,95 €",Masashi Kishimoto,"4,7 sur 5 étoiles, détails de l’évaluation",15,Broché,https://m.media-amazon.com/images/I/9114Wppra1L._AC_UY218_.jpg,2025-09-04T18:39:54.763490,Description non disponible depuis la recherche,Stock non disponible,ISBN non disponible,Éditeur non disponible,Date non disponible,Nombre de pages non disponible,Rang de vente non disponible,Manga,68.0,,
"Au secours, mon enfant ne mange rien !: Toutes les clés pour des repas sereins",https://www.amazon.fr/secours-mon-enfant-mange-rien/dp/2226473106/ref=sr_1_1094,"17,90 €",de Alexia Challan Belval et Aurélie Grimaud-Daunizeau | 4 mai 2022,"4,3 sur 5 étoiles, détails de l’évaluation",14,Broché,https://m.media-amazon.com/images/I/71L-qQ8BU4L._AC_UY218_.jpg,2025-09-04T18:39:54.766912,Description non disponible depuis la recherche,Stock non disponible,ISBN non disponible,Éditeur non disponible,Date non disponible,Nombre de pages non disponible,Rang de vente non disponible,Manga,68.0,,
Naruto - édition Hokage - Tome 13,https://www.amazon.fr/Naruto-%C3%A9dition-Hokage-Masashi-Kishimoto/dp/2505116768/ref=sr_1_1091,"15,95 €",Masashi Kishimoto,"4,7 sur 5 étoiles, détails de l’évaluation",15,Broché,https://m.media-amazon.com/images/I/9114Wppra1L._AC_UY218_.jpg,2025-09-04T18:40:07.052943,Description non disponible depuis la recherche,Stock non disponible,ISBN non disponible,Éditeur non disponible,Date non disponible,Nombre de pages non disponible,Rang de vente non disponible,Manga,69.0,,
"Au secours, mon enfant ne mange rien !: Toutes les clés pour des repas sereins",https://www.amazon.fr/secours-mon-enfant-mange-rien/dp/2226473106/ref=sr_1_1092,"17,90 €",de Alexia Challan Belval et Aurélie Grimaud-Daunizeau | 4 mai 2022,"4,3 sur 5 étoiles, détails de l’évaluation",14,Broché,https://m.media-amazon.com/images/I/71L-qQ8BU4L._AC_UY218_.jpg,2025-09-04T18:40:07.056605,Description non disponible depuis la recherche,Stock non disponible,ISBN non disponible,Éditeur non disponible,Date non disponible,Nombre de pages non disponible,Rang de vente non disponible,Manga,69.0,,
Back from isekai T04,https://www.amazon.fr/Back-isekai-T04-Sameda-Koban/dp/2413076743/ref=sr_1_1093,"8,50 €","de Sameda Koban, Takayaki, et al. | 10 septembre 2025",Note non disponible,0 avis,Broché,https://m.media-amazon.com/images/I/81PdMxtAe-L._AC_UY218_.jpg,2025-09-04T18:40:07.059416,Description non disponible depuis la recherche,Stock non disponible,ISBN non disponible,Éditeur non disponible,Date non disponible,Nombre de pages non disponible,Rang de vente non disponible,Manga,69.0,,
Histoires courtes de Toriyama - Tome 01,https://www.amazon.fr/Histoires-Courtes-Vol-1-TORIYAMA-Akira/dp/2723425673/ref=sr_1_1094,"7,20 €",Akira Toriyama,"4,7 sur 5 étoiles, détails de l’évaluation",212,Broché,https://m.media-amazon.com/images/I/81YoV5JMyFL._AC_UY218_.jpg,2025-09-04T18:40:07.062085,Description non disponible depuis la recherche,Stock non disponible,ISBN non disponible,Éditeur non disponible,Date non disponible,Nombre de pages non disponible,Rang de vente non disponible,Manga,69.0,,
Jumping - tome 2 (02),https://www.amazon.fr/Jumping-2-02-Asahi-Tsutsui/dp/2369742313/ref=sr_1_1097,"7,10 €",Asahi Tsutsui,"4,8 sur 5 étoiles, détails de l’évaluation",57,Poche,https://m.media-amazon.com/images/I/71Ms6zOAtfL._AC_UY218_.jpg,2025-09-04T18:40:07.070946,Description non disponible depuis la recherche,Stock non disponible,ISBN non disponible,Éditeur non disponible,Date non disponible,Nombre de pages non disponible,Rang de vente non disponible,Manga,69.0,,
Inexistents (Seinen),https://www.amazon.fr/Inexistents-Seinen-Miki-Makasu-ebook/dp/B0F2XKQGDR/ref=sr_1_1098,"6,99 €",Miki Makasu,"2,0 sur 5 étoiles, détails de l’évaluation",1,Format Kindle,https://m.media-amazon.com/images/I/91psN-MsQ0L._AC_UY218_.jpg,2025-09-04T18:40:07.073678,Description non disponible depuis la recherche,Stock non disponible,ISBN non disponible,Éditeur non disponible,Date non disponible,Nombre de pages non disponible,Rang de vente non disponible,Manga,69.0,,
Dragon Ball Z - 1re partie - Tome 01: Les Saïyens,https://www.amazon.fr/Dragon-ball-Cycle-TORIYAMA-Akira/dp/2723457893/ref=sr_1_1099,"7,90 €",Akira Toriyama,"4,7 sur 5 étoiles, détails de l’évaluation",889,Broché,https://m.media-amazon.com/images/I/71BaBz2cBLL._AC_UY218_.jpg,2025-09-04T18:40:07.075818,Description non disponible depuis la recherche,Stock non disponible,ISBN non disponible,Éditeur non disponible,Date non disponible,Nombre de pages non disponible,Rang de vente non disponible,Manga,69.0,,
Remède Impérial - L'étrange médecin de la cour - tome 1,https://www.amazon.fr/Rem%C3%A8de-Imp%C3%A9rial-L%C3%A9trange-m%C3%A9decin-cour-ebook/dp/B0D8K1CCPR/ref=sr_1_1100,"5,99 €",de Tohru Himuka et Gaëlle Ruel | 12 septembre 2024,"4,6 sur 5 étoiles, détails de l’évaluation",32,Format Kindle,https://m.media-amazon.com/images/I/81o2zDnBGXL._AC_UY218_.jpg,2025-09-04T18:40:07.079080,Description non disponible depuis la recherche,Stock non disponible,ISBN non disponible,Éditeur non disponible,Date non disponible,Nombre de pages non disponible,Rang de vente non disponible,Manga,69.0,,
Fairy Tail - 100 Years Quest T09,https://www.amazon.fr/Fairy-Tail-100-Years-Quest/dp/2811664637/ref=sr_1_1102,"7,20 €",Hiro Mashima,"4,9 sur 5 étoiles, détails de l’évaluation",410,Poche,https://m.media-amazon.com/images/I/91f4BgI+4XL._AC_UY218_.jpg,2025-09-04T18:40:07.084871,Description non disponible depuis la recherche,Stock non disponible,ISBN non disponible,Éditeur non disponible,Date non disponible,Nombre de pages non disponible,Rang de vente non disponible,Manga,69.0,,
Fullmetal Alchemist - tome 22 (22),https://www.amazon.fr/FullMetal-Alchemist-Vol-22-ARAKAWA-Hiromu/dp/2351424484/ref=sr_1_1103,"7,30 €",Hiromu Arakawa,"4,8 sur 5 étoiles, détails de l’évaluation",82,Poche,https://m.media-amazon.com/images/I/71XAC8oJjqL._AC_UY218_.jpg,2025-09-04T18:40:07.087404,Description non disponible depuis la recherche,Stock non disponible,ISBN non disponible,Éditeur non disponible,Date non disponible,Nombre de pages non disponible,Rang de vente non disponible,Manga,69.0,,
Black Clover T02,https://www.amazon.fr/Black-Clover-T02-Yuki-Tabata/dp/2820325017/ref=sr_1_1104,"7,05 €",Yuki Tabata,"4,7 sur 5 étoiles, détails de l’évaluation",706,Broché,https://m.media-amazon.com/images/I/91-uMm9En0L._AC_UY218_.jpg,2025-09-04T18:40:07.090054,Description non disponible depuis la recherche,Stock non disponible,ISBN non disponible,Éditeur non disponible,Date non disponible,Nombre de pages non disponible,Rang de vente non disponible,Manga,69.0,,
Naruto - Tome 15,https://www.amazon.fr/Naruto-15-Masashi-Kishimoto/dp/2871297045/ref=sr_1_1105,"7,30 €",Masashi Kishimoto,"4,9 sur 5 étoiles, détails de l’évaluation",1 122,Broché,https://m.media-amazon.com/images/I/91UbjFplRAL._AC_UY218_.jpg,2025-09-04T18:40:07.093381,Description non disponible depuis la recherche,Stock non disponible,ISBN non disponible,Éditeur non disponible,Date non disponible,Nombre de pages non disponible,Rang de vente non disponible,Manga,69.0,,
Edens Zero T29,https://www.amazon.fr/Edens-Zero-T29-Hiro-Mashima/dp/2811686134/ref=sr_1_1107,"7,20 €",Hiro Mashima,"4,9 sur 5 étoiles, détails de l’évaluation",42,Poche,https://m.media-amazon.com/images/I/81tqIgIQHQL._AC_UY218_.jpg,2025-09-04T18:40:07.099239,Description non disponible depuis la recherche,Stock non disponible,ISBN non disponible,Éditeur non disponible,Date non disponible,Nombre de pages non disponible,Rang de vente non disponible,Manga,69.0,,
"One piece, Volume 30",https://www.amazon.fr/One-piece-30-Eiichiro-Oda/dp/2723494861/ref=sr_1_1108,"7,20 €",Eiichiro Oda,"4,8 sur 5 étoiles, détails de l’évaluation",864,Broché,https://m.media-amazon.com/images/I/91jzMaXTmHL._AC_UY218_.jpg,2025-09-04T18:40:07.101992,Description non disponible depuis la recherche,Stock non disponible,ISBN non disponible,Éditeur non disponible,Date non disponible,Nombre de pages non disponible,Rang de vente non disponible,Manga,69.0,,
Bienvenue au Japon,https://www.amazon.fr/Bienvenue-au-Japon-Misato-Raillard/dp/2700509048/ref=sr_1_1109,"14,90 €",Misato Raillard,"4,9 sur 5 étoiles, détails de l’évaluation",21,Relié,https://m.media-amazon.com/images/I/818gpUBYL2L._AC_UY218_.jpg,2025-09-04T18:40:07.104201,Description non disponible depuis la recherche,Stock non disponible,ISBN non disponible,Éditeur non disponible,Date non disponible,Nombre de pages non disponible,Rang de vente non disponible,Manga,69.0,,
Capeta T06,https://www.amazon.fr/Capeta-T06-Masahito-Soda/dp/2383167835/ref=sr_1_1110,"7,95 €",Masahito Soda,Note non disponible,0 avis,Poche,https://m.media-amazon.com/images/I/81OAgtZloEL._AC_UY218_.jpg,2025-09-04T18:40:07.106483,Description non disponible depuis la recherche,Stock non disponible,ISBN non disponible,Éditeur non disponible,Date non disponible,Nombre de pages non disponible,Rang de vente non disponible,Manga,69.0,,
Honey Lemon Soda T02,https://www.amazon.fr/Honey-Lemon-Soda-Mayu-Murata/dp/2373499061/ref=sr_1_1107,"7,20 €",Mayu Murata,"4,8 sur 5 étoiles, détails de l’évaluation",19,Poche,https://m.media-amazon.com/images/I/81Ym-DfRqBL._AC_UY218_.jpg,2025-09-04T18:40:16.205997,Description non disponible depuis la recherche,Stock non disponible,ISBN non disponible,Éditeur non disponible,Date non disponible,Nombre de pages non disponible,Rang de vente non disponible,Manga,70.0,,
Initial D T37,https://www.amazon.fr/Initial-D-T37-Shuichi-SUGENO/dp/2820333079/ref=sr_1_1108,"7,05 €",de Shigeno Shuichi | 7 novembre 2018,"4,8 sur 5 étoiles, détails de l’évaluation",34,Broché,https://m.media-amazon.com/images/I/815IcrYXTmL._AC_UY218_.jpg,2025-09-04T18:40:16.209345,Description non disponible depuis la recherche,Stock non disponible,ISBN non disponible,Éditeur non disponible,Date non disponible,Nombre de pages non disponible,Rang de vente non disponible,Manga,70.0,,
En Scène ! - tome 18 (18),https://www.amazon.fr/En-Sc%C3%A8ne-18-Cuvie/dp/2380713235/ref=sr_1_1109,"7,95 €",Cuvie,"4,7 sur 5 étoiles, détails de l’évaluation",29,Poche,https://m.media-amazon.com/images/I/61Ta06V4DcL._AC_UY218_.jpg,2025-09-04T18:40:16.212075,Description non disponible depuis la recherche,Stock non disponible,ISBN non disponible,Éditeur non disponible,Date non disponible,Nombre de pages non disponible,Rang de vente non disponible,Manga,70.0,,
Rozen Maiden Collector's Edition Vol. 2,https://www.amazon.fr/Rozen-Maiden-Collectors-Vol-2/dp/B0DBQ5GHBZ/ref=sr_1_1110,"23,54 €",Peach-Pit,"4,5 sur 5 étoiles, détails de l’évaluation",11,Broché,https://m.media-amazon.com/images/I/81TvJAmL4ZL._AC_UY218_.jpg,2025-09-04T18:40:16.214980,Description non disponible depuis la recherche,Stock non disponible,ISBN non disponible,Éditeur non disponible,Date non disponible,Nombre de pages non disponible,Rang de vente non disponible,Manga,70.0,,
Wind Breaker T02,https://www.amazon.fr/Wind-Breaker-T02-Nii-Satoru/dp/2811677615/ref=sr_1_1113,"7,20 €",Nii Satoru,"4,8 sur 5 étoiles, détails de l’évaluation",50,Poche,https://m.media-amazon.com/images/I/71gH68HwbAL._AC_UY218_.jpg,2025-09-04T18:40:16.223313,Description non disponible depuis la recherche,Stock non disponible,ISBN non disponible,Éditeur non disponible,Date non disponible,Nombre de pages non disponible,Rang de vente non disponible,Manga,70.0,,
Blue Exorcist T24,https://www.amazon.fr/Blue-Exorcist-T24-Kazue-Kato/dp/2820337929/ref=sr_1_1114,"7,25 €",Kazue Kato,"4,8 sur 5 étoiles, détails de l’évaluation",86,Broché,https://m.media-amazon.com/images/I/71JevL698kL._AC_UY218_.jpg,2025-09-04T18:40:16.226185,Description non disponible depuis la recherche,Stock non disponible,ISBN non disponible,Éditeur non disponible,Date non disponible,Nombre de pages non disponible,Rang de vente non disponible,Manga,70.0,,
Dragon Ball SD - Tome 06,https://www.amazon.fr/Dragon-Ball-SD-Akira-Toriyama/dp/2344040250/ref=sr_1_1115,"7,90 €",Akira Toriyama,"4,9 sur 5 étoiles, détails de l’évaluation",240,Broché,https://m.media-amazon.com/images/I/81xXaeDf0+L._AC_UY218_.jpg,2025-09-04T18:40:16.228985,Description non disponible depuis la recherche,Stock non disponible,ISBN non disponible,Éditeur non disponible,Date non disponible,Nombre de pages non disponible,Rang de vente non disponible,Manga,70.0,,
Ménage à deux,https://www.amazon.fr/M%C3%A9nage-%C3%A0-deux-Aruku-Jo/dp/2375065204/ref=sr_1_1116,"9,35 €",de Aruku  Jo | 30 mai 2025,"4,0 sur 5 étoiles, détails de l’évaluation",1,Broché,https://m.media-amazon.com/images/I/71koPjo0EIL._AC_UY218_.jpg,2025-09-04T18:40:16.231649,Description non disponible depuis la recherche,Stock non disponible,ISBN non disponible,Éditeur non disponible,Date non disponible,Nombre de pages non disponible,Rang de vente non disponible,Manga,70.0,,
THE PROMISED NEVERLAND T02 - ÉDITION GRACE FIELD,https://www.amazon.fr/PROMISED-NEVERLAND-T02-%C3%89DITION-GRACE/dp/2820352162/ref=sr_1_1118,"19,99 €",Kaiu Shirai,"4,8 sur 5 étoiles, détails de l’évaluation",1 373,Poche,https://m.media-amazon.com/images/I/912SwBdzOeL._AC_UY218_.jpg,2025-09-04T18:40:16.237879,Description non disponible depuis la recherche,Stock non disponible,ISBN non disponible,Éditeur non disponible,Date non disponible,Nombre de pages non disponible,Rang de vente non disponible,Manga,70.0,,
Dick Fight Island T02,https://www.amazon.fr/Dick-Fight-Island-T02-Reibun/dp/2375065247/ref=sr_1_1119,"9,35 €",de IKE  Reibun | 25 avril 2025,"5,0 sur 5 étoiles, détails de l’évaluation",3,Broché,https://m.media-amazon.com/images/I/81IB4IbihgL._AC_UY218_.jpg,2025-09-04T18:40:16.240348,Description non disponible depuis la recherche,Stock non disponible,ISBN non disponible,Éditeur non disponible,Date non disponible,Nombre de pages non disponible,Rang de vente non disponible,Manga,70.0,,
Shaman King Vol. 1,https://www.amazon.fr/Shaman-King-Vol-comiXology-Originals-ebook/dp/B087HS35CT/ref=sr_1_1120,Prix non disponible,Hiroyuki Takei,"4,6 sur 5 étoiles, détails de l’évaluation",526,Format Kindle,https://m.media-amazon.com/images/I/81HoE+OEczL._AC_UY218_.jpg,2025-09-04T18:40:16.242911,Description non disponible depuis la recherche,Stock non disponible,ISBN non disponible,Éditeur non disponible,Date non disponible,Nombre de pages non disponible,Rang de vente non disponible,Manga,70.0,,
Un assistant de rêve T02,https://www.amazon.fr/assistant-r%C3%AAve-T02-White-Eared/dp/2382881194/ref=sr_1_1121,"21,90 €",de White Eared | 24 avril 2024,"4,3 sur 5 étoiles, détails de l’évaluation",12,Broché,https://m.media-amazon.com/images/I/71Ja3qSPmoL._AC_UY218_.jpg,2025-09-04T18:40:16.245585,Description non disponible depuis la recherche,Stock non disponible,ISBN non disponible,Éditeur non disponible,Date non disponible,Nombre de pages non disponible,Rang de vente non disponible,Manga,70.0,,
One Piece - Édition originale - Tome 12: Et ainsi débuta la légende,https://www.amazon.fr/One-Piece-%C3%89dition-originale-l%C3%A9gende/dp/2723492575/ref=sr_1_1123,"7,20 €",Eiichiro Oda,"4,8 sur 5 étoiles, détails de l’évaluation",1 608,Poche,https://m.media-amazon.com/images/I/91ycPpX5yUL._AC_UY218_.jpg,2025-09-04T18:40:16.251386,Description non disponible depuis la recherche,Stock non disponible,ISBN non disponible,Éditeur non disponible,Date non disponible,Nombre de pages non disponible,Rang de vente non disponible,Manga,70.0,,
Kingdom Hearts l'intégrale T02,https://www.amazon.fr/Kingdom-Hearts-lint%C3%A9grale-Tetsuya-Nomura/dp/2373491206/ref=sr_1_1124,"10,90 €",Shiro Amano,"4,8 sur 5 étoiles, détails de l’évaluation",126,Broché,https://m.media-amazon.com/images/I/81VCWnABcjL._AC_UY218_.jpg,2025-09-04T18:40:16.253648,Description non disponible depuis la recherche,Stock non disponible,ISBN non disponible,Éditeur non disponible,Date non disponible,Nombre de pages non disponible,Rang de vente non disponible,Manga,70.0,,
Inside the Tentacle Cave (Manga) Vol. 5,https://www.amazon.fr/Inside-Tentacle-Cave-Manga-Vol/dp/B0DG1NFMMV/ref=sr_1_1125,"14,40 €","Édition en Anglais | de Umetane, Abi, et al. | 3 juin 2025","4,6 sur 5 étoiles, détails de l’évaluation",20,Broché,https://m.media-amazon.com/images/I/81QEdiLsp9L._AC_UY218_.jpg,2025-09-04T18:40:16.257571,Description non disponible depuis la recherche,Stock non disponible,ISBN non disponible,Éditeur non disponible,Date non disponible,Nombre de pages non disponible,Rang de vente non disponible,Manga,70.0,,
Jojo's - Battle Tendency T04,https://www.amazon.fr/Jojos-bizarre-adventure-Saison-Tendency/dp/2756069027/ref=sr_1_1126,"7,29 €",Hirohiko Araki,"4,9 sur 5 étoiles, détails de l’évaluation",125,Broché,https://m.media-amazon.com/images/I/91EHY3g+8iL._AC_UY218_.jpg,2025-09-04T18:40:16.260281,Description non disponible depuis la recherche,Stock non disponible,ISBN non disponible,Éditeur non disponible,Date non disponible,Nombre de pages non disponible,Rang de vente non disponible,Manga,70.0,,
Remède Impérial - L'étrange médecin de la cour - tome 1,https://www.amazon.fr/Rem%C3%A8de-Imp%C3%A9rial-L%C3%A9trange-m%C3%A9decin-cour/dp/B0D228KFGK/ref=sr_1_1123,"7,95 €",de Tohru Himuka et Gaëlle Ruel | 12 septembre 2024,"4,6 sur 5 étoiles, détails de l’évaluation",32,Broché,https://m.media-amazon.com/images/I/71dBONZW5QL._AC_UY218_.jpg,2025-09-04T11:57:33.070690,Description non disponible depuis la recherche,Stock non disponible,ISBN non disponible,Éditeur non disponible,Date non disponible,Nombre de pages non disponible,Rang de vente non disponible,Manga,71.0,,
Fairy Tail - 100 Years Quest T09,https://www.amazon.fr/Fairy-Tail-100-Years-Quest/dp/2811664637/ref=sr_1_1124,"7,20 €",Hiro Mashima,"4,9 sur 5 étoiles, détails de l’évaluation",410,Poche,https://m.media-amazon.com/images/I/91f4BgI+4XL._AC_UY218_.jpg,2025-09-04T11:57:33.073689,Description non disponible depuis la recherche,Stock non disponible,ISBN non disponible,Éditeur non disponible,Date non disponible,Nombre de pages non disponible,Rang de vente non disponible,Manga,71.0,,
Fullmetal Alchemist - tome 22 (22),https://www.amazon.fr/FullMetal-Alchemist-Vol-22-ARAKAWA-Hiromu/dp/2351424484/ref=sr_1_1125,"7,30 €",Hiromu Arakawa,"4,8 sur 5 étoiles, détails de l’évaluation",82,Poche,https://m.media-amazon.com/images/I/71XAC8oJjqL._AC_UY218_.jpg,2025-09-04T11:57:33.076536,Description non disponible depuis la recherche,Stock non disponible,ISBN non disponible,Éditeur non disponible,Date non disponible,Nombre de pages non disponible,Rang de vente non disponible,Manga,71.0,,
Black Clover T02,https://www.amazon.fr/Black-Clover-T02-Yuki-Tabata/dp/2820325017/ref=sr_1_1126,"7,05 €",Yuki Tabata,"4,7 sur 5 étoiles, détails de l’évaluation",706,Broché,https://m.media-amazon.com/images/I/91-uMm9En0L._AC_UY218_.jpg,2025-09-04T11:57:33.079725,Description non disponible depuis la recherche,Stock non disponible,ISBN non disponible,Éditeur non disponible,Date non disponible,Nombre de pages non disponible,Rang de vente non disponible,Manga,71.0,,
Naruto - Tome 15,https://www.amazon.fr/Naruto-15-Masashi-Kishimoto/dp/2871297045/ref=sr_1_1129,"7,30 €",Masashi Kishimoto,"4,9 sur 5 étoiles, détails de l’évaluation",1 121,Broché,https://m.media-amazon.com/images/I/91UbjFplRAL._AC_UY218_.jpg,2025-09-04T11:57:33.089164,Description non disponible depuis la recherche,Stock non disponible,ISBN non disponible,Éditeur non disponible,Date non disponible,Nombre de pages non disponible,Rang de vente non disponible,Manga,71.0,,
Shaman King Vol. 1,https://www.amazon.fr/Shaman-King-Vol-comiXology-Originals-ebook/dp/B087HS35CT/ref=sr_1_1130,Prix non disponible,Hiroyuki Takei,"4,6 sur 5 étoiles, détails de l’évaluation",526,Format Kindle,https://m.media-amazon.com/images/I/81HoE+OEczL._AC_UY218_.jpg,2025-09-04T11:57:33.091669,Description non disponible depuis la recherche,Stock non disponible,ISBN non disponible,Éditeur non disponible,Date non disponible,Nombre de pages non disponible,Rang de vente non disponible,Manga,71.0,,
Edens Zero T29,https://www.amazon.fr/Edens-Zero-T29-Hiro-Mashima/dp/2811686134/ref=sr_1_1131,"7,20 €",Hiro Mashima,"4,9 sur 5 étoiles, détails de l’évaluation",42,Poche,https://m.media-amazon.com/images/I/81tqIgIQHQL._AC_UY218_.jpg,2025-09-04T11:57:33.094302,Description non disponible depuis la recherche,Stock non disponible,ISBN non disponible,Éditeur non disponible,Date non disponible,Nombre de pages non disponible,Rang de vente non disponible,Manga,71.0,,
"One piece, Volume 30",https://www.amazon.fr/One-piece-30-Eiichiro-Oda/dp/2723494861/ref=sr_1_1132,"7,20 €",Eiichiro Oda,"4,8 sur 5 étoiles, détails de l’évaluation",864,Broché,https://m.media-amazon.com/images/I/91jzMaXTmHL._AC_UY218_.jpg,2025-09-04T11:57:33.097299,Description non disponible depuis la recherche,Stock non disponible,ISBN non disponible,Éditeur non disponible,Date non disponible,Nombre de pages non disponible,Rang de vente non disponible,Manga,71.0,,
Bienvenue au Japon,https://www.amazon.fr/Bienvenue-au-Japon-Misato-Raillard/dp/2700509048/ref=sr_1_1134,"14,90 €",Misato Raillard,"4,9 sur 5 étoiles, détails de l’évaluation",21,Relié,https://m.media-amazon.com/images/I/818gpUBYL2L._AC_UY218_.jpg,2025-09-04T11:57:33.103319,Description non disponible depuis la recherche,Stock non disponible,ISBN non disponible,Éditeur non disponible,Date non disponible,Nombre de pages non disponible,Rang de vente non disponible,Manga,71.0,,
Capeta T06,https://www.amazon.fr/Capeta-T06-Masahito-Soda/dp/2383167835/ref=sr_1_1135,"7,95 €",Masahito Soda,Note non disponible,0 avis,Poche,https://m.media-amazon.com/images/I/81OAgtZloEL._AC_UY218_.jpg,2025-09-04T11:57:33.105438,Description non disponible depuis la recherche,Stock non disponible,ISBN non disponible,Éditeur non disponible,Date non disponible,Nombre de pages non disponible,Rang de vente non disponible,Manga,71.0,,
One Piece - Édition originale - Tome 12: Et ainsi débuta la légende,https://www.amazon.fr/One-Piece-%C3%89dition-originale-l%C3%A9gende/dp/2723492575/ref=sr_1_1136,"7,20 €",Eiichiro Oda,"4,8 sur 5 étoiles, détails de l’évaluation",1 608,Poche,https://m.media-amazon.com/images/I/91ycPpX5yUL._AC_UY218_.jpg,2025-09-04T11:57:33.108140,Description non disponible depuis la recherche,Stock non disponible,ISBN non disponible,Éditeur non disponible,Date non disponible,Nombre de pages non disponible,Rang de vente non disponible,Manga,71.0,,
Honey Lemon Soda T02,https://www.amazon.fr/Honey-Lemon-Soda-Mayu-Murata/dp/2373499061/ref=sr_1_1137,"7,20 €",Mayu Murata,"4,8 sur 5 étoiles, détails de l’évaluation",19,Poche,https://m.media-amazon.com/images/I/81Ym-DfRqBL._AC_UY218_.jpg,2025-09-04T11:57:33.110899,Description non disponible depuis la recherche,Stock non disponible,ISBN non disponible,Éditeur non disponible,Date non disponible,Nombre de pages non disponible,Rang de vente non disponible,Manga,71.0,,
Initial D T37,https://www.amazon.fr/Initial-D-T37-Shuichi-SUGENO/dp/2820333079/ref=sr_1_1139,"7,05 €",de Shigeno Shuichi | 7 novembre 2018,"4,8 sur 5 étoiles, détails de l’évaluation",34,Broché,https://m.media-amazon.com/images/I/815IcrYXTmL._AC_UY218_.jpg,2025-09-04T11:57:33.117452,Description non disponible depuis la recherche,Stock non disponible,ISBN non disponible,Éditeur non disponible,Date non disponible,Nombre de pages non disponible,Rang de vente non disponible,Manga,71.0,,
En Scène ! - tome 18 (18),https://www.amazon.fr/En-Sc%C3%A8ne-18-Cuvie/dp/2380713235/ref=sr_1_1140,"7,95 €",Cuvie,"4,7 sur 5 étoiles, détails de l’évaluation",29,Poche,https://m.media-amazon.com/images/I/61Ta06V4DcL._AC_UY218_.jpg,2025-09-04T11:57:33.120134,Description non disponible depuis la recherche,Stock non disponible,ISBN non disponible,Éditeur non disponible,Date non disponible,Nombre de pages non disponible,Rang de vente non disponible,Manga,71.0,,
Rozen Maiden Collector's Edition Vol. 2,https://www.amazon.fr/Rozen-Maiden-Collectors-Vol-2/dp/B0DBQ5GHBZ/ref=sr_1_1141,"23,54 €",Peach-Pit,"4,5 sur 5 étoiles, détails de l’évaluation",11,Broché,https://m.media-amazon.com/images/I/81TvJAmL4ZL._AC_UY218_.jpg,2025-09-04T11:57:33.123059,Description non disponible depuis la recherche,Stock non disponible,ISBN non disponible,Éditeur non disponible,Date non disponible,Nombre de pages non disponible,Rang de vente non disponible,Manga,71.0,,
Wind Breaker T02,https://www.amazon.fr/Wind-Breaker-T02-Nii-Satoru/dp/2811677615/ref=sr_1_1142,"7,20 €",Nii Satoru,"4,8 sur 5 étoiles, détails de l’évaluation",50,Poche,https://m.media-amazon.com/images/I/71gH68HwbAL._AC_UY218_.jpg,2025-09-04T11:57:33.125614,Description non disponible depuis la recherche,Stock non disponible,ISBN non disponible,Éditeur non disponible,Date non disponible,Nombre de pages non disponible,Rang de vente non disponible,Manga,71.0,,
En Scène ! - tome 18 (18),https://www.amazon.fr/En-Sc%C3%A8ne-18-Cuvie/dp/2380713235/ref=sr_1_1139,"7,95 €",Cuvie,"4,7 sur 5 étoiles, détails de l’évaluation",29,Poche,https://m.media-amazon.com/images/I/61Ta06V4DcL._AC_UY218_.jpg,2025-09-04T11:57:43.300907,Description non disponible depuis la recherche,Stock non disponible,ISBN non disponible,Éditeur non disponible,Date non disponible,Nombre de pages non disponible,Rang de vente non disponible,Manga,72.0,,
Rozen Maiden Collector's Edition Vol. 2,https://www.amazon.fr/Rozen-Maiden-Collectors-Vol-2/dp/B0DBQ5GHBZ/ref=sr_1_1140,"23,54 €",Peach-Pit,"4,5 sur 5 étoiles, détails de l’évaluation",11,Broché,https://m.media-amazon.com/images/I/81TvJAmL4ZL._AC_UY218_.jpg,2025-09-04T11:57:43.304050,Description non disponible depuis la recherche,Stock non disponible,ISBN non disponible,Éditeur non disponible,Date non disponible,Nombre de pages non disponible,Rang de vente non disponible,Manga,72.0,,
Wind Breaker T02,https://www.amazon.fr/Wind-Breaker-T02-Nii-Satoru/dp/2811677615/ref=sr_1_1141,"7,20 €",Nii Satoru,"4,8 sur 5 étoiles, détails de l’évaluation",50,Poche,https://m.media-amazon.com/images/I/71gH68HwbAL._AC_UY218_.jpg,2025-09-04T11:57:43.306878,Description non disponible depuis la recherche,Stock non disponible,ISBN non disponible,Éditeur non disponible,Date non disponible,Nombre de pages non disponible,Rang de vente non disponible,Manga,72.0,,
Blue Exorcist T24,https://www.amazon.fr/Blue-Exorcist-T24-Kazue-Kato/dp/2820337929/ref=sr_1_1142,"7,25 €",Kazue Kato,"4,8 sur 5 étoiles, détails de l’évaluation",86,Broché,https://m.media-amazon.com/images/I/71JevL698kL._AC_UY218_.jpg,2025-09-04T11:57:43.309718,Description non disponible depuis la recherche,Stock non disponible,ISBN non disponible,Éditeur non disponible,Date non disponible,Nombre de pages non disponible,Rang de vente non disponible,Manga,72.0,,
Dragon Ball SD - Tome 06,https://www.amazon.fr/Dragon-Ball-SD-Akira-Toriyama/dp/2344040250/ref=sr_1_1145,"7,90 €",Akira Toriyama,"4,9 sur 5 étoiles, détails de l’évaluation",240,Broché,https://m.media-amazon.com/images/I/81xXaeDf0+L._AC_UY218_.jpg,2025-09-04T11:57:43.319402,Description non disponible depuis la recherche,Stock non disponible,ISBN non disponible,Éditeur non disponible,Date non disponible,Nombre de pages non disponible,Rang de vente non disponible,Manga,72.0,,
Ménage à deux,https://www.amazon.fr/M%C3%A9nage-%C3%A0-deux-Aruku-Jo/dp/2375065204/ref=sr_1_1146,"9,35 €",de Aruku  Jo | 30 mai 2025,"4,0 sur 5 étoiles, détails de l’évaluation",1,Broché,https://m.media-amazon.com/images/I/71koPjo0EIL._AC_UY218_.jpg,2025-09-04T11:57:43.322221,Description non disponible depuis la recherche,Stock non disponible,ISBN non disponible,Éditeur non disponible,Date non disponible,Nombre de pages non disponible,Rang de vente non disponible,Manga,72.0,,
THE PROMISED NEVERLAND T02 - ÉDITION GRACE FIELD,https://www.amazon.fr/PROMISED-NEVERLAND-T02-%C3%89DITION-GRACE/dp/2820352162/ref=sr_1_1147,"19,99 €",Kaiu Shirai,"4,8 sur 5 étoiles, détails de l’évaluation",1 373,Poche,https://m.media-amazon.com/images/I/912SwBdzOeL._AC_UY218_.jpg,2025-09-04T11:57:43.325841,Description non disponible depuis la recherche,Stock non disponible,ISBN non disponible,Éditeur non disponible,Date non disponible,Nombre de pages non disponible,Rang de vente non disponible,Manga,72.0,,
Dick Fight Island T02,https://www.amazon.fr/Dick-Fight-Island-T02-Reibun/dp/2375065247/ref=sr_1_1148,"9,35 €",de IKE  Reibun | 25 avril 2025,"5,0 sur 5 étoiles, détails de l’évaluation",3,Broché,https://m.media-amazon.com/images/I/81IB4IbihgL._AC_UY218_.jpg,2025-09-04T11:57:43.328137,Description non disponible depuis la recherche,Stock non disponible,ISBN non disponible,Éditeur non disponible,Date non disponible,Nombre de pages non disponible,Rang de vente non disponible,Manga,72.0,,
Un assistant de rêve T02,https://www.amazon.fr/assistant-r%C3%AAve-T02-White-Eared/dp/2382881194/ref=sr_1_1150,"21,90 €",de White Eared | 24 avril 2024,"4,3 sur 5 étoiles, détails de l’évaluation",12,Broché,https://m.media-amazon.com/images/I/71Ja3qSPmoL._AC_UY218_.jpg,2025-09-04T11:57:43.333767,Description non disponible depuis la recherche,Stock non disponible,ISBN non disponible,Éditeur non disponible,Date non disponible,Nombre de pages non disponible,Rang de vente non disponible,Manga,72.0,,
Kingdom Hearts l'intégrale T02,https://www.amazon.fr/Kingdom-Hearts-lint%C3%A9grale-Tetsuya-Nomura/dp/2373491206/ref=sr_1_1151,"10,90 €",Shiro Amano,"4,8 sur 5 étoiles, détails de l’évaluation",126,Broché,https://m.media-amazon.com/images/I/81VCWnABcjL._AC_UY218_.jpg,2025-09-04T11:57:43.336008,Description non disponible depuis la recherche,Stock non disponible,ISBN non disponible,Éditeur non disponible,Date non disponible,Nombre de pages non disponible,Rang de vente non disponible,Manga,72.0,,
Inside the Tentacle Cave (Manga) Vol. 5,https://www.amazon.fr/Inside-Tentacle-Cave-Manga-Vol/dp/B0DG1NFMMV/ref=sr_1_1152,"14,40 €","Édition en Anglais | de Umetane, Abi, et al. | 3 juin 2025","4,6 sur 5 étoiles, détails de l’évaluation",19,Broché,https://m.media-amazon.com/images/I/81QEdiLsp9L._AC_UY218_.jpg,2025-09-04T11:57:43.339675,Description non disponible depuis la recherche,Stock non disponible,ISBN non disponible,Éditeur non disponible,Date non disponible,Nombre de pages non disponible,Rang de vente non disponible,Manga,72.0,,
Jojo's - Battle Tendency T04,https://www.amazon.fr/Jojos-bizarre-adventure-Saison-Tendency/dp/2756069027/ref=sr_1_1153,"7,29 €",Hirohiko Araki,"4,9 sur 5 étoiles, détails de l’évaluation",125,Broché,https://m.media-amazon.com/images/I/91EHY3g+8iL._AC_UY218_.jpg,2025-09-04T11:57:43.342715,Description non disponible depuis la recherche,Stock non disponible,ISBN non disponible,Éditeur non disponible,Date non disponible,Nombre de pages non disponible,Rang de vente non disponible,Manga,72.0,,
"Pois chiches, lentilles et cie",https://www.amazon.fr/Pois-chiches-lentilles-Delphine-Lebrun/dp/2036062032/ref=sr_1_1155,"9,95 €",Delphine Lebrun,"4,2 sur 5 étoiles, détails de l’évaluation",12,Broché,https://m.media-amazon.com/images/I/812WlvQBuPL._AC_UY218_.jpg,2025-09-04T11:57:43.348224,Description non disponible depuis la recherche,Stock non disponible,ISBN non disponible,Éditeur non disponible,Date non disponible,Nombre de pages non disponible,Rang de vente non disponible,Manga,72.0,,
Minecraft 03: Eine Reise zum Ende der Welt,https://www.amazon.fr/Minecraft-03-Eine-Reise-Ende/dp/3755504839/ref=sr_1_1156,"7,89 €",Édition en Allemand | de Kazuyoshi Seto et Gandalf Bartholomäus | 11 février 2025,"5,0 sur 5 étoiles, détails de l’évaluation",9,Broché,https://m.media-amazon.com/images/I/812QwoIsBxL._AC_UY218_.jpg,2025-09-04T11:57:43.350839,Description non disponible depuis la recherche,Stock non disponible,ISBN non disponible,Éditeur non disponible,Date non disponible,Nombre de pages non disponible,Rang de vente non disponible,Manga,72.0,,
Twisted-Wonderland - La Maison Savanaclaw T02,https://www.amazon.fr/Twisted-Wonderland-Maison-Savanaclaw-Yana-Toboso/dp/2384964720/ref=sr_1_1157,"7,90 €",Yana Toboso,"5,0 sur 5 étoiles, détails de l’évaluation",2,Poche,https://m.media-amazon.com/images/I/81LuToTzTjL._AC_UY218_.jpg,2025-09-04T11:57:43.352907,Description non disponible depuis la recherche,Stock non disponible,ISBN non disponible,Éditeur non disponible,Date non disponible,Nombre de pages non disponible,Rang de vente non disponible,Manga,72.0,,
"Yona, Princesse de l'Aube T44",https://www.amazon.fr/Yona-Princesse-lAube-Mizuho-Kusanagi/dp/B0F4CX7FN2/ref=sr_1_1158,"7,20 €",Mizuho Kusanagi,"5,0 sur 5 étoiles, détails de l’évaluation",4,Poche,https://m.media-amazon.com/images/I/813JMWS7+ZL._AC_UY218_.jpg,2025-09-04T11:57:43.355292,Description non disponible depuis la recherche,Stock non disponible,ISBN non disponible,Éditeur non disponible,Date non disponible,Nombre de pages non disponible,Rang de vente non disponible,Manga,72.0,,
Spy x Family - Tome 15 - collector,https://www.amazon.fr/Spy-x-Family-15-collector/dp/B0FC1XZ228/ref=sr_1_1161,"26,99 €","de Tatsuya Endo, Nathalie Bougon-Bastide, et al. | 9 octobre 2025",Note non disponible,0 avis,Poche,https://m.media-amazon.com/images/I/61jnBwl1vhL._AC_UY218_.jpg,2025-09-04T11:57:53.602562,Description non disponible depuis la recherche,Stock non disponible,ISBN non disponible,Éditeur non disponible,Date non disponible,Nombre de pages non disponible,Rang de vente non disponible,Manga,73.0,,
"Musashi, le samourai solitaire",https://www.amazon.fr/Musashi-samourai-solitaire-loeuvre-Miyamoto/dp/2846171033/ref=sr_1_1162,"15,50 €",William Scott Wilson,"4,6 sur 5 étoiles, détails de l’évaluation",130,Broché,https://m.media-amazon.com/images/I/61YMeokdbxL._AC_UY218_.jpg,2025-09-04T11:57:53.605387,Description non disponible depuis la recherche,Stock non disponible,ISBN non disponible,Éditeur non disponible,Date non disponible,Nombre de pages non disponible,Rang de vente non disponible,Manga,73.0,,
Recueil D'Histoires Courtes,https://www.amazon.fr/Recueil-DHistoires-Courtes-Kaiu-Shirai/dp/2820344836/ref=sr_1_1163,"7,15 €",Posuka Demizu,"4,5 sur 5 étoiles, détails de l’évaluation",28,Broché,https://m.media-amazon.com/images/I/81-Uq9SnmFL._AC_UY218_.jpg,2025-09-04T11:57:53.608346,Description non disponible depuis la recherche,Stock non disponible,ISBN non disponible,Éditeur non disponible,Date non disponible,Nombre de pages non disponible,Rang de vente non disponible,Manga,73.0,,
L'Attaque des Titans - Before the Fall Edition Colossale T03 (L'Attaque des Titans - Before the Fall - Edition Colossale t. 3),https://www.amazon.fr/LAttaque-Titans-Before-Fall-Colossale-ebook/dp/B0C9MR6N31/ref=sr_1_1164,"12,99 €",de Satoshi Shiki et Ryô Suzukaze | 23 août 2023,"4,6 sur 5 étoiles, détails de l’évaluation",16,Format Kindle,https://m.media-amazon.com/images/I/81eCMQ7NXjL._AC_UY218_.jpg,2025-09-04T11:57:53.611508,Description non disponible depuis la recherche,Stock non disponible,ISBN non disponible,Éditeur non disponible,Date non disponible,Nombre de pages non disponible,Rang de vente non disponible,Manga,73.0,,
Jojo's - Steel Ball Run T18,https://www.amazon.fr/Jojos-Steel-Ball-Run-T18/dp/2756056979/ref=sr_1_1166,"7,29 €",Hirohiko Araki,"4,9 sur 5 étoiles, détails de l’évaluation",147,Broché,https://m.media-amazon.com/images/I/91baL-1zAhL._AC_UY218_.jpg,2025-09-04T11:57:53.617441,Description non disponible depuis la recherche,Stock non disponible,ISBN non disponible,Éditeur non disponible,Date non disponible,Nombre de pages non disponible,Rang de vente non disponible,Manga,73.0,,
"Demon Slayer: Kimetsu no Yaiba, Vol. 1",https://www.amazon.fr/Demon-Slayer-Kimetsu-Yaiba-Vol/dp/1974700526/ref=sr_1_1167,"10,87 €",Koyoharu Gotouge,"4,8 sur 5 étoiles, détails de l’évaluation",15 869,Broché,https://m.media-amazon.com/images/I/81ZNkhqRvVL._AC_UY218_.jpg,2025-09-04T11:57:53.620471,Description non disponible depuis la recherche,Stock non disponible,ISBN non disponible,Éditeur non disponible,Date non disponible,Nombre de pages non disponible,Rang de vente non disponible,Manga,73.0,,
Blue Lock T17,https://www.amazon.fr/Blue-Lock-T17-Muneyuki-Kaneshiro/dp/2811679960/ref=sr_1_1168,"7,20 €",Yusuke Nomura,"4,8 sur 5 étoiles, détails de l’évaluation",127,Poche,https://m.media-amazon.com/images/I/81VD8oQkoZL._AC_UY218_.jpg,2025-09-04T11:57:53.623044,Description non disponible depuis la recherche,Stock non disponible,ISBN non disponible,Éditeur non disponible,Date non disponible,Nombre de pages non disponible,Rang de vente non disponible,Manga,73.0,,
Reine d'Egypte T06 (06),https://www.amazon.fr/Reine-dEgypte-T06-Chie-Inudoh/dp/B07T4RYT86/ref=sr_1_1169,"7,95 €",Chie Inudoh,"4,8 sur 5 étoiles, détails de l’évaluation",130,Broché,https://m.media-amazon.com/images/I/710YqFnrG2L._AC_UY218_.jpg,2025-09-04T11:57:53.625300,Description non disponible depuis la recherche,Stock non disponible,ISBN non disponible,Éditeur non disponible,Date non disponible,Nombre de pages non disponible,Rang de vente non disponible,Manga,73.0,,
Super Mario Manga Adventures T30,https://www.amazon.fr/Super-Mario-Manga-Adventures-T30/dp/2302093283/ref=sr_1_1171,"7,29 €",Yukio Sawada,"4,7 sur 5 étoiles, détails de l’évaluation",33,Broché,https://m.media-amazon.com/images/I/81OUjpmCGRL._AC_UY218_.jpg,2025-09-04T11:57:53.630366,Description non disponible depuis la recherche,Stock non disponible,ISBN non disponible,Éditeur non disponible,Date non disponible,Nombre de pages non disponible,Rang de vente non disponible,Manga,73.0,,
Blue Lock T15,https://www.amazon.fr/Blue-Lock-T15-Muneyuki-Kaneshiro/dp/2811679944/ref=sr_1_1172,"7,20 €",Yusuke Nomura,"4,8 sur 5 étoiles, détails de l’évaluation",146,Poche,https://m.media-amazon.com/images/I/81cptMEFaDL._AC_UY218_.jpg,2025-09-04T11:57:53.633035,Description non disponible depuis la recherche,Stock non disponible,ISBN non disponible,Éditeur non disponible,Date non disponible,Nombre de pages non disponible,Rang de vente non disponible,Manga,73.0,,
The Brave wish revenging T01,https://www.amazon.fr/Brave-wish-revenging-T01/dp/241303028X/ref=sr_1_1173,"8,50 €","de Hanji, Manmani Ononata, et al. | 13 juillet 2022","4,7 sur 5 étoiles, détails de l’évaluation",55,Broché,https://m.media-amazon.com/images/I/81VJ0bcUMYL._AC_UY218_.jpg,2025-09-04T11:57:53.636676,Description non disponible depuis la recherche,Stock non disponible,ISBN non disponible,Éditeur non disponible,Date non disponible,Nombre de pages non disponible,Rang de vente non disponible,Manga,73.0,,
My Hero Academia - Le Dessin facile,https://www.amazon.fr/My-Hero-Academia-Dessin-facile/dp/B0CKKRQF68/ref=sr_1_1174,"11,90 €",Kohei Horikoshi,"4,6 sur 5 étoiles, détails de l’évaluation",10,Broché,https://m.media-amazon.com/images/I/71EW6W2MP9L._AC_UY218_.jpg,2025-09-04T11:57:53.638905,Description non disponible depuis la recherche,Stock non disponible,ISBN non disponible,Éditeur non disponible,Date non disponible,Nombre de pages non disponible,Rang de vente non disponible,Manga,73.0,,
The Brave wish revenging T01,https://www.amazon.fr/Brave-wish-revenging-T01/dp/241303028X/ref=sr_1_1171,"8,50 €","de Hanji, Manmani Ononata, et al. | 13 juillet 2022","4,7 sur 5 étoiles, détails de l’évaluation",55,Broché,https://m.media-amazon.com/images/I/81VJ0bcUMYL._AC_UY218_.jpg,2025-09-04T11:58:02.496810,Description non disponible depuis la recherche,Stock non disponible,ISBN non disponible,Éditeur non disponible,Date non disponible,Nombre de pages non disponible,Rang de vente non disponible,Manga,74.0,,
My Hero Academia - Le Dessin facile,https://www.amazon.fr/My-Hero-Academia-Dessin-facile/dp/B0CKKRQF68/ref=sr_1_1172,"11,90 €",Kohei Horikoshi,"4,6 sur 5 étoiles, détails de l’évaluation",10,Broché,https://m.media-amazon.com/images/I/71EW6W2MP9L._AC_UY218_.jpg,2025-09-04T11:58:02.499110,Description non disponible depuis la recherche,Stock non disponible,ISBN non disponible,Éditeur non disponible,Date non disponible,Nombre de pages non disponible,Rang de vente non disponible,Manga,74.0,,
Solo Camping for Two T04,https://www.amazon.fr/Solo-Camping-Two-Yudai-Debata/dp/2302100654/ref=sr_1_1173,"8,50 €",de Yudai Debata | 26 décembre 2024,"4,4 sur 5 étoiles, détails de l’évaluation",3,Broché,https://m.media-amazon.com/images/I/81lAegzCuCL._AC_UY218_.jpg,2025-09-04T11:58:02.502684,Description non disponible depuis la recherche,Stock non disponible,ISBN non disponible,Éditeur non disponible,Date non disponible,Nombre de pages non disponible,Rang de vente non disponible,Manga,74.0,,
Hunter X Hunter - Tome 4,https://www.amazon.fr/Hunter-X-4-Yoshihiro-Togashi/dp/2871292698/ref=sr_1_1174,"7,30 €",Yoshihiro Togashi,"4,8 sur 5 étoiles, détails de l’évaluation",743,Poche,https://m.media-amazon.com/images/I/81xtKpjO0DL._AC_UY218_.jpg,2025-09-04T11:58:02.505401,Description non disponible depuis la recherche,Stock non disponible,ISBN non disponible,Éditeur non disponible,Date non disponible,Nombre de pages non disponible,Rang de vente non disponible,Manga,74.0,,
Fairy Tail - 100 Years Quest T05,https://www.amazon.fr/Fairy-Tail-100-Years-Quest/dp/2811655603/ref=sr_1_1177,"7,20 €",Hiro Mashima,"4,8 sur 5 étoiles, détails de l’évaluation",677,Poche,https://m.media-amazon.com/images/I/91hX6lUcIjL._AC_UY218_.jpg,2025-09-04T11:58:02.514451,Description non disponible depuis la recherche,Stock non disponible,ISBN non disponible,Éditeur non disponible,Date non disponible,Nombre de pages non disponible,Rang de vente non disponible,Manga,74.0,,
ENNEAD Vol. 1 [Mature Hardcover],https://www.amazon.fr/ENNEAD-Vol-1-Mature-Hardcover/dp/B0C6SP5H4M/ref=sr_1_1178,"27,08 €",Mojito,"4,8 sur 5 étoiles, détails de l’évaluation",241,Relié,https://m.media-amazon.com/images/I/81Mn5mdAuKL._AC_UY218_.jpg,2025-09-04T11:58:02.517400,Description non disponible depuis la recherche,Stock non disponible,ISBN non disponible,Éditeur non disponible,Date non disponible,Nombre de pages non disponible,Rang de vente non disponible,Manga,74.0,,
Real - Tome 1,https://www.amazon.fr/Real-1-INOUE-Takehiko/dp/2871297096/ref=sr_1_1179,"9,25 €",Takehiko Inoue,"4,8 sur 5 étoiles, détails de l’évaluation",54,Broché,https://m.media-amazon.com/images/I/81WjsfXio7L._AC_UY218_.jpg,2025-09-04T11:58:02.520293,Description non disponible depuis la recherche,Stock non disponible,ISBN non disponible,Éditeur non disponible,Date non disponible,Nombre de pages non disponible,Rang de vente non disponible,Manga,74.0,,
"Plum, un amour de chat T09",https://www.amazon.fr/Plum-amour-chat-Natsumi-Hoshino/dp/2302048938/ref=sr_1_1180,"8,50 €",HOSHINO-N,"4,9 sur 5 étoiles, détails de l’évaluation",43,Broché,https://m.media-amazon.com/images/I/91-pHUtJ3YL._AC_UY218_.jpg,2025-09-04T11:58:02.522352,Description non disponible depuis la recherche,Stock non disponible,ISBN non disponible,Éditeur non disponible,Date non disponible,Nombre de pages non disponible,Rang de vente non disponible,Manga,74.0,,
Neon Genesis Evangelion Perfect Edition - Tome 02,https://www.amazon.fr/Neon-Genesis-Evangelion-%C3%89dition-originale/dp/2344048642/ref=sr_1_1182,"14,95 €",Yoshiyuki Sadamoto,"4,8 sur 5 étoiles, détails de l’évaluation",87,Broché,https://m.media-amazon.com/images/I/71HIR-gl6tL._AC_UY218_.jpg,2025-09-04T11:58:02.527794,Description non disponible depuis la recherche,Stock non disponible,ISBN non disponible,Éditeur non disponible,Date non disponible,Nombre de pages non disponible,Rang de vente non disponible,Manga,74.0,,
The Villainess Who Longed for Death Is Taken by Desire (Romance Manga) (English Edition),https://www.amazon.fr/Villainess-Longed-Desire-Romance-English-ebook/dp/B0FNVS17ZM/ref=sr_1_1183,"5,04 €",Édition en Anglais | de MITSUKI MASAKI et KINOBORI | 3 septembre 2025,Note non disponible,0 avis,Format Kindle,https://m.media-amazon.com/images/I/81ujzaRcRkL._AC_UY218_.jpg,2025-09-04T11:58:02.530030,Description non disponible depuis la recherche,Stock non disponible,ISBN non disponible,Éditeur non disponible,Date non disponible,Nombre de pages non disponible,Rang de vente non disponible,Manga,74.0,,
Hentai Demon Huntress - Volume 2,https://www.amazon.fr/Hentai-Demon-Huntress-2-Redjet/dp/2382099178/ref=sr_1_1184,"14,50 €",Redjet,"5,0 sur 5 étoiles, détails de l’évaluation",3,Poche,https://m.media-amazon.com/images/I/71v-q09vOAL._AC_UY218_.jpg,2025-09-04T11:58:02.532604,Description non disponible depuis la recherche,Stock non disponible,ISBN non disponible,Éditeur non disponible,Date non disponible,Nombre de pages non disponible,Rang de vente non disponible,Manga,74.0,,
Mon coffret Mange-doudous,https://www.amazon.fr/coffret-mange-doudous-Beziat-julien/dp/B08B3792BK/ref=sr_1_1185,"19,00 €",Julien Béziat,"5,0 sur 5 étoiles, détails de l’évaluation",5,Broché,https://m.media-amazon.com/images/I/81Bm0xGbR7L._AC_UY218_.jpg,2025-09-04T11:58:02.535140,Description non disponible depuis la recherche,Stock non disponible,ISBN non disponible,Éditeur non disponible,Date non disponible,Nombre de pages non disponible,Rang de vente non disponible,Manga,74.0,,
Nina du royaume aux étoiles - Tome 8,https://www.amazon.fr/Nina-royaume-aux-%C3%A9toiles-Rikachi/dp/2749955769/ref=sr_1_1187,"7,95 €",Rikachi,Nina du royaume aux étoiles - Tome 8,31,Poche,https://m.media-amazon.com/images/I/71Dl2sTD5KL._AC_UY218_.jpg,2025-09-04T11:58:02.541375,Description non disponible depuis la recherche,Stock non disponible,ISBN non disponible,Éditeur non disponible,Date non disponible,Nombre de pages non disponible,Rang de vente non disponible,Manga,74.0,,
Naruto - Tome 19,https://www.amazon.fr/Naruto-19-Masashi-Kishimoto/dp/2871298165/ref=sr_1_1188,"7,30 €",Masashi Kishimoto,"4,8 sur 5 étoiles, détails de l’évaluation",870,Broché,https://m.media-amazon.com/images/I/81QiP1+7UQL._AC_UY218_.jpg,2025-09-04T11:58:02.545005,Description non disponible depuis la recherche,Stock non disponible,ISBN non disponible,Éditeur non disponible,Date non disponible,Nombre de pages non disponible,Rang de vente non disponible,Manga,74.0,,
Claymore - Tome 05: Histoire de guerrières,https://www.amazon.fr/Claymore-Vol-5-YAGI-Norihiro/dp/2723457583/ref=sr_1_1189,"7,20 €",Norihiro Yagi,"4,9 sur 5 étoiles, détails de l’évaluation",80,Broché,https://m.media-amazon.com/images/I/911IXAzjyHL._AC_UY218_.jpg,2025-09-04T11:58:02.547816,Description non disponible depuis la recherche,Stock non disponible,ISBN non disponible,Éditeur non disponible,Date non disponible,Nombre de pages non disponible,Rang de vente non disponible,Manga,74.0,,
Splatoon - La Contrée Clabousse T05,https://www.amazon.fr/Splatoon-Contr%C3%A9e-Clabousse-Sankichi-Hinodeya/dp/2302106008/ref=sr_1_1190,"8,50 €",Sankichi Hinodeya,"5,0 sur 5 étoiles, détails de l’évaluation",8,Broché,https://m.media-amazon.com/images/I/8153RokS9+L._AC_UY218_.jpg,2025-09-04T11:58:02.550014,Description non disponible depuis la recherche,Stock non disponible,ISBN non disponible,Éditeur non disponible,Date non disponible,Nombre de pages non disponible,Rang de vente non disponible,Manga,74.0,,
Splatoon - La Contrée Clabousse T05,https://www.amazon.fr/Splatoon-Contr%C3%A9e-Clabousse-Sankichi-Hinodeya/dp/2302106008/ref=sr_1_1187,"8,50 €",Sankichi Hinodeya,"5,0 sur 5 étoiles, détails de l’évaluation",8,Broché,https://m.media-amazon.com/images/I/8153RokS9+L._AC_UY218_.jpg,2025-09-04T11:58:11.532027,Description non disponible depuis la recherche,Stock non disponible,ISBN non disponible,Éditeur non disponible,Date non disponible,Nombre de pages non disponible,Rang de vente non disponible,Manga,75.0,,
Red Eyes Sword - Akame Ga Kill - tome 1,https://www.amazon.fr/Red-Eyes-Sword-Akame-Kill/dp/2380713871/ref=sr_1_1188,"3,00 €",Tetsuya Tashiro,"4,8 sur 5 étoiles, détails de l’évaluation",136,Poche,https://m.media-amazon.com/images/I/61H2KOvAB8L._AC_UY218_.jpg,2025-09-04T11:58:11.534882,Description non disponible depuis la recherche,Stock non disponible,ISBN non disponible,Éditeur non disponible,Date non disponible,Nombre de pages non disponible,Rang de vente non disponible,Manga,75.0,,
"Yona, Princesse de l'Aube T03",https://www.amazon.fr/Yona-Princesse-lAube-KUSANAGI-Mizuho/dp/2811616160/ref=sr_1_1189,"7,20 €",Mizuho Kusanagi,"4,8 sur 5 étoiles, détails de l’évaluation",167,Broché,https://m.media-amazon.com/images/I/91nxik4XA6L._AC_UY218_.jpg,2025-09-04T11:58:11.538317,Description non disponible depuis la recherche,Stock non disponible,ISBN non disponible,Éditeur non disponible,Date non disponible,Nombre de pages non disponible,Rang de vente non disponible,Manga,75.0,,
Histoire du polar,https://www.amazon.fr/Histoire-du-polar-Claire-Caland/dp/2731682256/ref=sr_1_1190,"24,95 €",de Claire Caland et Sandrine Kerion | 5 mars 2025,"5,0 sur 5 étoiles, détails de l’évaluation",1,Relié,https://m.media-amazon.com/images/I/61o+d990iPL._AC_UY218_.jpg,2025-09-04T11:58:11.541049,Description non disponible depuis la recherche,Stock non disponible,ISBN non disponible,Éditeur non disponible,Date non disponible,Nombre de pages non disponible,Rang de vente non disponible,Manga,75.0,,
Super Mario Manga Adventures T04,https://www.amazon.fr/Super-Mario-Manga-Adventures-T4/dp/2302045882/ref=sr_1_1193,"7,29 €",Yukio Sawada,"4,9 sur 5 étoiles, détails de l’évaluation",422,Broché,https://m.media-amazon.com/images/I/81USYCGeAWL._AC_UY218_.jpg,2025-09-04T11:58:11.549013,Description non disponible depuis la recherche,Stock non disponible,ISBN non disponible,Éditeur non disponible,Date non disponible,Nombre de pages non disponible,Rang de vente non disponible,Manga,75.0,,
"Yona, Princesse de l'Aube T02",https://www.amazon.fr/Yona-Princesse-lAube-KUSANAGI-Mizuho/dp/2811615466/ref=sr_1_1194,"7,20 €",Mizuho Kusanagi,"4,8 sur 5 étoiles, détails de l’évaluation",153,Tankobon broché,https://m.media-amazon.com/images/I/91+l9YSawvL._AC_UY218_.jpg,2025-09-04T11:58:11.551768,Description non disponible depuis la recherche,Stock non disponible,ISBN non disponible,Éditeur non disponible,Date non disponible,Nombre de pages non disponible,Rang de vente non disponible,Manga,75.0,,
Secrets of Magical Stones - Tome 1,https://www.amazon.fr/Secrets-Magical-Stones-1-MARIMUU/dp/2379501440/ref=sr_1_1195,"8,35 €",de MARIMUU | 3 septembre 2021,"4,7 sur 5 étoiles, détails de l’évaluation",21,Broché,https://m.media-amazon.com/images/I/915f5KzvMPL._AC_UY218_.jpg,2025-09-04T11:58:11.554418,Description non disponible depuis la recherche,Stock non disponible,ISBN non disponible,Éditeur non disponible,Date non disponible,Nombre de pages non disponible,Rang de vente non disponible,Manga,75.0,,
Naruto - édition Hokage - Tome 21,https://www.amazon.fr/Naruto-%C3%A9dition-Hokage-Masashi-Kishimoto/dp/2505116873/ref=sr_1_1196,"15,95 €",Masashi Kishimoto,"5,0 sur 5 étoiles, détails de l’évaluation",17,Broché,https://m.media-amazon.com/images/I/81CamomydJL._AC_UY218_.jpg,2025-09-04T11:58:11.556492,Description non disponible depuis la recherche,Stock non disponible,ISBN non disponible,Éditeur non disponible,Date non disponible,Nombre de pages non disponible,Rang de vente non disponible,Manga,75.0,,
Parasite - Édition originale - Tome 05,https://www.amazon.fr/Parasite-%C3%89dition-originale-Hitoshi-Iwaaki/dp/2344039635/ref=sr_1_1198,"10,95 €",Hitoshi Iwaaki,"4,9 sur 5 étoiles, détails de l’évaluation",89,Poche,https://m.media-amazon.com/images/I/71sjB85qcJL._AC_UY218_.jpg,2025-09-04T11:58:11.562001,Description non disponible depuis la recherche,Stock non disponible,ISBN non disponible,Éditeur non disponible,Date non disponible,Nombre de pages non disponible,Rang de vente non disponible,Manga,75.0,,
Capeta T01,https://www.amazon.fr/Capeta-T01-SODA-MASAHITO/dp/2383162507/ref=sr_1_1199,"7,95 €",Masahito Soda,"4,9 sur 5 étoiles, détails de l’évaluation",18,Poche,https://m.media-amazon.com/images/I/81VwjqxDpjL._AC_UY218_.jpg,2025-09-04T11:58:11.563891,Description non disponible depuis la recherche,Stock non disponible,ISBN non disponible,Éditeur non disponible,Date non disponible,Nombre de pages non disponible,Rang de vente non disponible,Manga,75.0,,
Sous le ciel de Tokyo T02,https://www.amazon.fr/Sous-ciel-Tokyo-Seiho-Takizawa-ebook/dp/B0FNCWPV4H/ref=sr_1_1200,"4,99 €",de Seiho Takizawa | 27 août 2025,"4,7 sur 5 étoiles, détails de l’évaluation",16,Format Kindle,https://m.media-amazon.com/images/I/819wy4-CSbL._AC_UY218_.jpg,2025-09-04T11:58:11.567076,Description non disponible depuis la recherche,Stock non disponible,ISBN non disponible,Éditeur non disponible,Date non disponible,Nombre de pages non disponible,Rang de vente non disponible,Manga,75.0,,
Looking up to Magical Girls (Tomes 10 & 11 ) - Édition Collector Limitée,https://www.amazon.fr/Looking-Magical-Girls-Tomes-Collector/dp/2385035448/ref=sr_1_1201,"19,95 €",de Akihiro Ononaka | 21 août 2025,Note non disponible,0 avis,Poche,https://m.media-amazon.com/images/I/91+bHVWTLDL._AC_UY218_.jpg,2025-09-04T11:58:11.569543,Description non disponible depuis la recherche,Stock non disponible,ISBN non disponible,Éditeur non disponible,Date non disponible,Nombre de pages non disponible,Rang de vente non disponible,Manga,75.0,,
Chat de yakuza - vol. 01,https://www.amazon.fr/Chat-yakuza-vol-Riddle-KAMIMURA/dp/2818993466/ref=sr_1_1203,"7,50 €",Riddle KAMIMURA,"4,7 sur 5 étoiles, détails de l’évaluation",42,Poche,https://m.media-amazon.com/images/I/71mYbgLkTqL._AC_UY218_.jpg,2025-09-04T11:58:11.574650,Description non disponible depuis la recherche,Stock non disponible,ISBN non disponible,Éditeur non disponible,Date non disponible,Nombre de pages non disponible,Rang de vente non disponible,Manga,75.0,,
L'île aux étudiantes brûlantes,https://www.amazon.fr/L%C3%AEle-%C3%A9tudiantes-br%C3%BBlantes-Ogino-Satoshi/dp/2385041049/ref=sr_1_1204,"11,95 €",de Ogino Satoshi | 21 août 2025,Note non disponible,0 avis,Poche,https://m.media-amazon.com/images/I/81lQ2dNb20L._AC_UY218_.jpg,2025-09-04T11:58:11.577130,Description non disponible depuis la recherche,Stock non disponible,ISBN non disponible,Éditeur non disponible,Date non disponible,Nombre de pages non disponible,Rang de vente non disponible,Manga,75.0,,
Fairy Tail - 100 Years Quest T04,https://www.amazon.fr/Fairy-Tail-100-Years-Quest/dp/2811652310/ref=sr_1_1205,"7,20 €",Atsuo Ueda,"4,8 sur 5 étoiles, détails de l’évaluation",786,Poche,https://m.media-amazon.com/images/I/91WZvzDnkrL._AC_UY218_.jpg,2025-09-04T11:58:11.579755,Description non disponible depuis la recherche,Stock non disponible,ISBN non disponible,Éditeur non disponible,Date non disponible,Nombre de pages non disponible,Rang de vente non disponible,Manga,75.0,,
Real - Tome 2,https://www.amazon.fr/Real-2-INOUE-Takehiko/dp/287129710X/ref=sr_1_1206,"9,25 €",Takehiko Inoue,"4,8 sur 5 étoiles, détails de l’évaluation",41,Broché,https://m.media-amazon.com/images/I/7181gAwL5ML._AC_UY218_.jpg,2025-09-04T11:58:11.582565,Description non disponible depuis la recherche,Stock non disponible,ISBN non disponible,Éditeur non disponible,Date non disponible,Nombre de pages non disponible,Rang de vente non disponible,Manga,75.0,,
Les Carnets de l'apothicaire T15 - Édition collector,https://www.amazon.fr/Carnets-lapothicaire-T15-%C3%89dition-collector/dp/B0F5986RRL/ref=sr_1_4,"34,90 €",Itsuki Nanao,Note non disponible,0 avis,Broché,https://m.media-amazon.com/images/I/71toiWFNRgL._AC_UY218_.jpg,2025-09-04T18:28:30.586138,Description non disponible depuis la recherche,Stock non disponible,ISBN non disponible,Éditeur non disponible,Date non disponible,Nombre de pages non disponible,Rang de vente non disponible,Manga,1.0,,
Black Clover Chapitre 1,https://www.amazon.fr/Black-Clover-Chapitre-Yuki-Tabata-ebook/dp/B0794NGKKW/ref=sr_1_5,"0,00 €",Yuki Tabata,"4,5 sur 5 étoiles, détails de l’évaluation",1 641,Format Kindle,https://m.media-amazon.com/images/I/918+7MxO9bL._AC_UY218_.jpg,2025-09-04T18:28:30.588833,Description non disponible depuis la recherche,Stock non disponible,ISBN non disponible,Éditeur non disponible,Date non disponible,Nombre de pages non disponible,Rang de vente non disponible,Manga,1.0,,
Virtual Girl IA,https://www.amazon.fr/Virtual-Girl-IA-J%C3%A9r%C3%B4me-CANU/dp/B0FLJW25R1/ref=sr_1_6,"15,99 €",de Jérôme CANU | 6 août 2025,"5,0 sur 5 étoiles, détails de l’évaluation",3,Relié,https://m.media-amazon.com/images/I/711wTwoTJOL._AC_UY218_.jpg,2025-09-04T18:28:30.591888,Description non disponible depuis la recherche,Stock non disponible,ISBN non disponible,Éditeur non disponible,Date non disponible,Nombre de pages non disponible,Rang de vente non disponible,Manga,1.0,,
Solo Leveling T18,https://www.amazon.fr/Solo-Leveling-DUBU-REDICE-STUDIO/dp/2382883235/ref=sr_1_7,"14,95 €",DUBU(REDICE STUDIO),"4,6 sur 5 étoiles, détails de l’évaluation",43,Broché,https://m.media-amazon.com/images/I/81J5Lw5JZ1L._AC_UY218_.jpg,2025-09-04T18:28:30.594045,Description non disponible depuis la recherche,Stock non disponible,ISBN non disponible,Éditeur non disponible,Date non disponible,Nombre de pages non disponible,Rang de vente non disponible,Manga,1.0,,
Instinct : le premier manga d'Inoxtag,https://www.amazon.fr/Instinct-premier-manga-dInoxtag-Inoxtag/dp/2749958180/ref=sr_1_10,"10,95 €",Inoxtag,"4,7 sur 5 étoiles, détails de l’évaluation",845,Poche,https://m.media-amazon.com/images/I/51AmAkewxbL._AC_UY218_.jpg,2025-09-04T18:28:30.602773,Description non disponible depuis la recherche,Stock non disponible,ISBN non disponible,Éditeur non disponible,Date non disponible,Nombre de pages non disponible,Rang de vente non disponible,Manga,1.0,,
Berserk Prestige - Tome 01,https://www.amazon.fr/Berserk-Prestige-01-Kentaro-Miura/dp/2344067809/ref=sr_1_11,"24,90 €",Kentaro Miura,"4,2 sur 5 étoiles, détails de l’évaluation",77,Poche,https://m.media-amazon.com/images/I/71CGNUsbEOL._AC_UY218_.jpg,2025-09-04T18:28:30.605008,Description non disponible depuis la recherche,Stock non disponible,ISBN non disponible,Éditeur non disponible,Date non disponible,Nombre de pages non disponible,Rang de vente non disponible,Manga,1.0,,
Kaiju N°8 Chap 01,https://www.amazon.fr/Kaiju-N%C2%B08-Chap-Naoya-Matsumoto-ebook/dp/B0B29G7XSB/ref=sr_1_12,"0,00 €",de Naoya Matsumoto | 6 octobre 2021,"4,4 sur 5 étoiles, détails de l’évaluation",169,Format Kindle,https://m.media-amazon.com/images/I/81GG6CFqZrL._AC_UY218_.jpg,2025-09-04T18:28:30.607069,Description non disponible depuis la recherche,Stock non disponible,ISBN non disponible,Éditeur non disponible,Date non disponible,Nombre de pages non disponible,Rang de vente non disponible,Manga,1.0,,
Hachi & Maruru - Chats des rues - vol. 01,https://www.amazon.fr/Hachi-Maruru-Chats-rues-vol/dp/B0BWMC819Z/ref=sr_1_13,"7,95 €",Yuri SONODA,"4,7 sur 5 étoiles, détails de l’évaluation",99,Poche,https://m.media-amazon.com/images/I/812y1qVYD6L._AC_UY218_.jpg,2025-09-04T18:28:30.609495,Description non disponible depuis la recherche,Stock non disponible,ISBN non disponible,Éditeur non disponible,Date non disponible,Nombre de pages non disponible,Rang de vente non disponible,Manga,1.0,,
Teach me love - Chapitre 1,https://www.amazon.fr/Teach-me-love-Chapitre-1-ebook/dp/B07V49ZBDZ/ref=sr_1_15,"0,00 €",Ai Hibiki,"3,6 sur 5 étoiles, détails de l’évaluation",518,Format Kindle,https://m.media-amazon.com/images/I/81J2b41F1cL._AC_UY218_.jpg,2025-09-04T18:28:30.614952,Description non disponible depuis la recherche,Stock non disponible,ISBN non disponible,Éditeur non disponible,Date non disponible,Nombre de pages non disponible,Rang de vente non disponible,Manga,1.0,,
Demon Slayer: Pack découverte T01 & T02,https://www.amazon.fr/Demon-Slayer-Pack-d%C3%A9couverte-T01/dp/B0DHGCJCN3/ref=sr_1_16,"7,29 €",Koyoharu Gotouge,"4,6 sur 5 étoiles, détails de l’évaluation",27,Broché,https://m.media-amazon.com/images/I/81JLNWDWQuL._AC_UY218_.jpg,2025-09-04T18:28:30.617005,Description non disponible depuis la recherche,Stock non disponible,ISBN non disponible,Éditeur non disponible,Date non disponible,Nombre de pages non disponible,Rang de vente non disponible,Manga,1.0,,
"Minecraft, le manga officiel - Voyage au bout du monde T04",https://www.amazon.fr/Minecraft-manga-officiel-Voyage-monde/dp/2384963651/ref=sr_1_17,"7,20 €",de Kazuyoshi Seto | 20 août 2025,"5,0 sur 5 étoiles, détails de l’évaluation",4,Poche,https://m.media-amazon.com/images/I/81RAUU+gtVL._AC_UY218_.jpg,2025-09-04T18:28:30.619318,Description non disponible depuis la recherche,Stock non disponible,ISBN non disponible,Éditeur non disponible,Date non disponible,Nombre de pages non disponible,Rang de vente non disponible,Manga,1.0,,
"Minecraft, le manga officiel - Voyage au bout du monde T01",https://www.amazon.fr/Minecraft-manga-officiel-Voyage-monde/dp/2384963627/ref=sr_1_18,"7,20 €",de Kazuyoshi Seto | 2 avril 2025,"4,8 sur 5 étoiles, détails de l’évaluation",24,Poche,https://m.media-amazon.com/images/I/81x13PVVZwL._AC_UY218_.jpg,2025-09-04T18:28:30.621679,Description non disponible depuis la recherche,Stock non disponible,ISBN non disponible,Éditeur non disponible,Date non disponible,Nombre de pages non disponible,Rang de vente non disponible,Manga,1.0,,
Sakamoto Days - Starter Box (Tomes 01 à 05),https://www.amazon.fr/Sakamoto-Days-Starter-Box-Tomes/dp/2344063447/ref=sr_1_19,"35,00 €",Yuto Suzuki,"4,6 sur 5 étoiles, détails de l’évaluation",19,Broché,https://m.media-amazon.com/images/I/81Rez4SIgPL._AC_UY218_.jpg,2025-09-04T18:28:30.623604,Description non disponible depuis la recherche,Stock non disponible,ISBN non disponible,Éditeur non disponible,Date non disponible,Nombre de pages non disponible,Rang de vente non disponible,Manga,1.0,,
Pack tome 1 + tome 2 + tome 3 de Naruto,https://www.amazon.fr/Pack-1-2-3-Naruto/dp/B085PJZSN6/ref=sr_1_20,"9,00 €",Masashi Kishimoto,"4,8 sur 5 étoiles, détails de l’évaluation",4 585,Coffret produits,https://m.media-amazon.com/images/I/91cTr93aQ6L._AC_UY218_.jpg,2025-09-04T18:28:30.625949,Description non disponible depuis la recherche,Stock non disponible,ISBN non disponible,Éditeur non disponible,Date non disponible,Nombre de pages non disponible,Rang de vente non disponible,Manga,1.0,,
Komi cherche ses mots T20,https://www.amazon.fr/Komi-cherche-ses-mots-T20/dp/2811698736/ref=sr_1_21,"7,20 €",Tomohito Oda,Note non disponible,0 avis,Poche,https://m.media-amazon.com/images/I/81XVE4MY+rL._AC_UY218_.jpg,2025-09-04T18:28:30.628099,Description non disponible depuis la recherche,Stock non disponible,ISBN non disponible,Éditeur non disponible,Date non disponible,Nombre de pages non disponible,Rang de vente non disponible,Manga,1.0,,
Gate Au-delà de la porte - Tome 23,https://www.amazon.fr/Gate-Au-del%C3%A0-porte-Yanai-Takumi/dp/2377176631/ref=sr_1_22,"8,35 €",de Yanai Takumi et Sao Satoru | 29 août 2025,Note non disponible,0 avis,Broché,https://m.media-amazon.com/images/I/819qxbiiZML._AC_UY218_.jpg,2025-09-04T18:28:30.630787,Description non disponible depuis la recherche,Stock non disponible,ISBN non disponible,Éditeur non disponible,Date non disponible,Nombre de pages non disponible,Rang de vente non disponible,Manga,1.0,,
One-Punch Man - Tome 32,https://www.amazon.fr/One-Punch-Man-32-One/dp/B0F59FVTDT/ref=sr_1_19,"7,30 €",Yusuke Murata,Note non disponible,0 avis,Poche,https://m.media-amazon.com/images/I/715mzZ71vdL._AC_UY218_.jpg,2025-09-04T18:28:41.087343,Description non disponible depuis la recherche,Stock non disponible,ISBN non disponible,Éditeur non disponible,Date non disponible,Nombre de pages non disponible,Rang de vente non disponible,Manga,2.0,,
You Rock Me T01,https://www.amazon.fr/You-Rock-T01-Keiko-Iwashita/dp/281169210X/ref=sr_1_20,"7,20 €",Keiko Iwashita,"4,7 sur 5 étoiles, détails de l’évaluation",7,Poche,https://m.media-amazon.com/images/I/81DiVcjFxVL._AC_UY218_.jpg,2025-09-04T18:28:41.089808,Description non disponible depuis la recherche,Stock non disponible,ISBN non disponible,Éditeur non disponible,Date non disponible,Nombre de pages non disponible,Rang de vente non disponible,Manga,2.0,,
"Pulsion estivale : Quand la chaleur monte, le désir explose",https://www.amazon.fr/Pulsion-estivale-Quand-chaleur-explose/dp/2385040999/ref=sr_1_21,"11,95 €",de Shioroku | 21 août 2025,Note non disponible,0 avis,Poche,https://m.media-amazon.com/images/I/81HhnIM3GAL._AC_UY218_.jpg,2025-09-04T18:28:41.092487,Description non disponible depuis la recherche,Stock non disponible,ISBN non disponible,Éditeur non disponible,Date non disponible,Nombre de pages non disponible,Rang de vente non disponible,Manga,2.0,,
L'Attaque des Titans T01,https://www.amazon.fr/LAttaque-Titans-T01-Hajime-Isayama/dp/281161169X/ref=sr_1_22,"3,00 €",Hajime Isayama,"4,7 sur 5 étoiles, détails de l’évaluation",3 228,Broché,https://m.media-amazon.com/images/I/91tYV+R03kL._AC_UY218_.jpg,2025-09-04T18:28:41.095591,Description non disponible depuis la recherche,Stock non disponible,ISBN non disponible,Éditeur non disponible,Date non disponible,Nombre de pages non disponible,Rang de vente non disponible,Manga,2.0,,
Wakfu Manga T01,https://www.amazon.fr/Wakfu-Manga-T01-Sa%C3%AFd-Sassine/dp/B0DY415BBQ/ref=sr_1_25,"3,00 €","de Saïd Sassine, Azra, et al. | 13 juin 2025",Note non disponible,0 avis,Broché,https://m.media-amazon.com/images/I/817kPyNKKfL._AC_UY218_.jpg,2025-09-04T18:28:41.104760,Description non disponible depuis la recherche,Stock non disponible,ISBN non disponible,Éditeur non disponible,Date non disponible,Nombre de pages non disponible,Rang de vente non disponible,Manga,2.0,,
Beryl : de paysan à maître d'armes T01,https://www.amazon.fr/Beryl-paysan-ma%C3%AEtre-darmes-T01/dp/2384963309/ref=sr_1_26,"7,20 €","de Shigeru SAGAZAKI, Kazuki SATÔ, et al. | 3 septembre 2025",Note non disponible,0 avis,Poche,https://m.media-amazon.com/images/I/81c8Jj2-BRL._AC_UY218_.jpg,2025-09-04T18:28:41.107589,Description non disponible depuis la recherche,Stock non disponible,ISBN non disponible,Éditeur non disponible,Date non disponible,Nombre de pages non disponible,Rang de vente non disponible,Manga,2.0,,
Blue Lock T01,https://www.amazon.fr/Blue-Lock-T01-Muneyuki-Kaneshiro/dp/2811650253/ref=sr_1_27,"3,00 €",Muneyuki Kaneshiro,"4,8 sur 5 étoiles, détails de l’évaluation",542,Poche,https://m.media-amazon.com/images/I/81u9MRfdMBL._AC_UY218_.jpg,2025-09-04T18:28:41.110296,Description non disponible depuis la recherche,Stock non disponible,ISBN non disponible,Éditeur non disponible,Date non disponible,Nombre de pages non disponible,Rang de vente non disponible,Manga,2.0,,
Phantom Busters T03,https://www.amazon.fr/Phantom-Busters-T03-Neoshoco/dp/B0DNHZQP5F/ref=sr_1_28,"6,95 €",Neoshoco,Note non disponible,0 avis,Broché,https://m.media-amazon.com/images/I/71jA04IXVqL._AC_UY218_.jpg,2025-09-04T18:28:41.112961,Description non disponible depuis la recherche,Stock non disponible,ISBN non disponible,Éditeur non disponible,Date non disponible,Nombre de pages non disponible,Rang de vente non disponible,Manga,2.0,,
Kingdom - Tome 74,https://www.amazon.fr/Kingdom-74-Yasuhisa-Hara/dp/2385035324/ref=sr_1_30,"6,95 €",Yasuhisa Hara,Note non disponible,0 avis,Poche,https://m.media-amazon.com/images/I/81Ab5H9wJ3L._AC_UY218_.jpg,2025-09-04T18:28:41.118334,Description non disponible depuis la recherche,Stock non disponible,ISBN non disponible,Éditeur non disponible,Date non disponible,Nombre de pages non disponible,Rang de vente non disponible,Manga,2.0,,
Les Carnets de l'apothicaire T01 (1),https://www.amazon.fr/Carnets-lapothicaire-T01-1/dp/B08H43KNLN/ref=sr_1_31,"7,95 €",Natsu Hyuuga,"4,8 sur 5 étoiles, détails de l’évaluation",605,Broché,https://m.media-amazon.com/images/I/71RopFG9liL._AC_UY218_.jpg,2025-09-04T18:28:41.121313,Description non disponible depuis la recherche,Stock non disponible,ISBN non disponible,Éditeur non disponible,Date non disponible,Nombre de pages non disponible,Rang de vente non disponible,Manga,2.0,,
Akane-banashi T12,https://www.amazon.fr/Akane-banashi-T12-Yuki-Suenaga/dp/B0F598GWK7/ref=sr_1_32,"6,95 €",Yuki Suenaga,Note non disponible,0 avis,Broché,https://m.media-amazon.com/images/I/81UWLgc+IZL._AC_UY218_.jpg,2025-09-04T18:28:41.124272,Description non disponible depuis la recherche,Stock non disponible,ISBN non disponible,Éditeur non disponible,Date non disponible,Nombre de pages non disponible,Rang de vente non disponible,Manga,2.0,,
Call of the night - Tome 14,https://www.amazon.fr/Call-night-14-Kotoyama/dp/B0F59H7RK3/ref=sr_1_33,"7,30 €",Kotoyama,"5,0 sur 5 étoiles, détails de l’évaluation",2,Poche,https://m.media-amazon.com/images/I/71NwU6YkPZL._AC_UY218_.jpg,2025-09-04T18:28:41.126979,Description non disponible depuis la recherche,Stock non disponible,ISBN non disponible,Éditeur non disponible,Date non disponible,Nombre de pages non disponible,Rang de vente non disponible,Manga,2.0,,
Le Jeu de la mort T15,https://www.amazon.fr/Jeu-mort-T15-SORA/dp/2413080546/ref=sr_1_35,"7,29 €",SORA,Note non disponible,0 avis,Broché,https://m.media-amazon.com/images/I/71ZANBUi0CL._AC_UY218_.jpg,2025-09-04T18:28:41.132678,Description non disponible depuis la recherche,Stock non disponible,ISBN non disponible,Éditeur non disponible,Date non disponible,Nombre de pages non disponible,Rang de vente non disponible,Manga,2.0,,
Alya sometimes hides her feelings in russian - Tome 3,https://www.amazon.fr/Alya-sometimes-hides-feelings-russian/dp/2379508070/ref=sr_1_36,"8,35 €","de Sunsunsun, Tenamachi Saho, et al. | 29 août 2025",Note non disponible,0 avis,Broché,https://m.media-amazon.com/images/I/81ApAoJGmtL._AC_UY218_.jpg,2025-09-04T18:28:41.135423,Description non disponible depuis la recherche,Stock non disponible,ISBN non disponible,Éditeur non disponible,Date non disponible,Nombre de pages non disponible,Rang de vente non disponible,Manga,2.0,,
MMA - Mixed Martial Artists T15,https://www.amazon.fr/MMA-Mixed-Martial-Artists-T15/dp/2811696202/ref=sr_1_37,"7,70 €",Hiroki Endo,Note non disponible,0 avis,Poche,https://m.media-amazon.com/images/I/716IM-cg5PL._AC_UY218_.jpg,2025-09-04T18:28:41.137474,Description non disponible depuis la recherche,Stock non disponible,ISBN non disponible,Éditeur non disponible,Date non disponible,Nombre de pages non disponible,Rang de vente non disponible,Manga,2.0,,
La Servante de l'empereur T02,https://www.amazon.fr/Servante-lempereur-T02-Ichiha-Hiiragi/dp/B0DP47RV12/ref=sr_1_38,"7,95 €","de Ichiha Hiiragi, Aya Shouoto, et al. | 7 mai 2025","4,9 sur 5 étoiles, détails de l’évaluation",24,Poche,https://m.media-amazon.com/images/I/71ixJFDZ3ML._AC_UY218_.jpg,2025-09-04T18:28:41.140263,Description non disponible depuis la recherche,Stock non disponible,ISBN non disponible,Éditeur non disponible,Date non disponible,Nombre de pages non disponible,Rang de vente non disponible,Manga,2.0,,
Solo Leveling T17,https://www.amazon.fr/Solo-Leveling-T17-Dubu/dp/2382883227/ref=sr_1_35,"14,95 €",de Dubu et Chugong | 26 mars 2025,"4,7 sur 5 étoiles, détails de l’évaluation",71,Broché,https://m.media-amazon.com/images/I/81c3p8hhQSL._AC_UY218_.jpg,2025-09-04T18:28:52.157585,Description non disponible depuis la recherche,Stock non disponible,ISBN non disponible,Éditeur non disponible,Date non disponible,Nombre de pages non disponible,Rang de vente non disponible,Manga,3.0,,
Hellsing Perfect edition T02,https://www.amazon.fr/Hellsing-Perfect-T02-Kohta-Hirano/dp/2413047042/ref=sr_1_36,"15,99 €",Kohta Hirano,"5,0 sur 5 étoiles, détails de l’évaluation",4,Broché,https://m.media-amazon.com/images/I/81Syj2e7I0L._AC_UY218_.jpg,2025-09-04T18:28:52.160226,Description non disponible depuis la recherche,Stock non disponible,ISBN non disponible,Éditeur non disponible,Date non disponible,Nombre de pages non disponible,Rang de vente non disponible,Manga,3.0,,
Kagurabachi - Tome 1,https://www.amazon.fr/Kagurabachi-1-Takeru-HOKAZONO/dp/2505132917/ref=sr_1_37,"7,30 €",Takeru HOKAZONO,"4,7 sur 5 étoiles, détails de l’évaluation",66,Broché,https://m.media-amazon.com/images/I/91yfHehVJCL._AC_UY218_.jpg,2025-09-04T18:28:52.162945,Description non disponible depuis la recherche,Stock non disponible,ISBN non disponible,Éditeur non disponible,Date non disponible,Nombre de pages non disponible,Rang de vente non disponible,Manga,3.0,,
The Crucifixion of Succura,https://www.amazon.fr/Crucifixion-Succura-Ohagi-san/dp/2385041103/ref=sr_1_38,"9,95 €",de Ohagi-san | 6 août 2025,"1,0 sur 5 étoiles, détails de l’évaluation",1,Poche,https://m.media-amazon.com/images/I/919c1qZF7hL._AC_UY218_.jpg,2025-09-04T18:28:52.168042,Description non disponible depuis la recherche,Stock non disponible,ISBN non disponible,Éditeur non disponible,Date non disponible,Nombre de pages non disponible,Rang de vente non disponible,Manga,3.0,,
Sous la pluie avec toi T02,https://www.amazon.fr/Sous-pluie-avec-toi-T02/dp/2384963880/ref=sr_1_41,"7,20 €",de Ko Nikaido | 27 août 2025,Note non disponible,0 avis,Poche,https://m.media-amazon.com/images/I/71T1Iyigz1L._AC_UY218_.jpg,2025-09-04T18:28:52.177269,Description non disponible depuis la recherche,Stock non disponible,ISBN non disponible,Éditeur non disponible,Date non disponible,Nombre de pages non disponible,Rang de vente non disponible,Manga,3.0,,
L'Éden des sorcières T08,https://www.amazon.fr/L%C3%89den-sorci%C3%A8res-T08-Yumeji/dp/B0F59J4TB5/ref=sr_1_42,"7,95 €",de Yumeji | 14 août 2025,"5,0 sur 5 étoiles, détails de l’évaluation",3,Poche,https://m.media-amazon.com/images/I/712bdSSj5SL._AC_UY218_.jpg,2025-09-04T18:28:52.179658,Description non disponible depuis la recherche,Stock non disponible,ISBN non disponible,Éditeur non disponible,Date non disponible,Nombre de pages non disponible,Rang de vente non disponible,Manga,3.0,,
Spy x Family - Tome 15,https://www.amazon.fr/Spy-x-Family-Tatsuya-Endo/dp/B0FC21FF2K/ref=sr_1_43,"7,30 €","de Tatsuya Endo, Nathalie Bougon-Bastide, et al. | 9 octobre 2025",Note non disponible,0 avis,Poche,https://m.media-amazon.com/images/I/61Ytf6w94ZL._AC_UY218_.jpg,2025-09-04T18:28:52.183172,Description non disponible depuis la recherche,Stock non disponible,ISBN non disponible,Éditeur non disponible,Date non disponible,Nombre de pages non disponible,Rang de vente non disponible,Manga,3.0,,
Mariée à ma meilleure amie - Tome 03,https://www.amazon.fr/Mari%C3%A9e-%C3%A0-meilleure-amie-03/dp/2385034964/ref=sr_1_44,"7,95 €",de Shio Usui et Morgane Paviot | 26 février 2025,"4,7 sur 5 étoiles, détails de l’évaluation",4,Poche,https://m.media-amazon.com/images/I/61xDSeBKiCL._AC_UY218_.jpg,2025-09-04T18:28:52.185935,Description non disponible depuis la recherche,Stock non disponible,ISBN non disponible,Éditeur non disponible,Date non disponible,Nombre de pages non disponible,Rang de vente non disponible,Manga,3.0,,
City Hunter Spin-off : La vie pas si paisible d'Umibozu T03,https://www.amazon.fr/City-Hunter-Spin-off-paisible-dUmibozu/dp/B0F1T95BFT/ref=sr_1_46,"9,29 €",de Tsukasa Hojo et Esutoemu | 20 août 2025,Note non disponible,0 avis,Broché,https://m.media-amazon.com/images/I/71gGqr3o9pL._AC_UY218_.jpg,2025-09-04T18:28:52.191543,Description non disponible depuis la recherche,Stock non disponible,ISBN non disponible,Éditeur non disponible,Date non disponible,Nombre de pages non disponible,Rang de vente non disponible,Manga,3.0,,
Partners 2.0 - Tome 9,https://www.amazon.fr/Partners-2-0-9-Souryu/dp/B0DXTSLZ9P/ref=sr_1_47,"7,95 €",Souryu,"4,8 sur 5 étoiles, détails de l’évaluation",9,Poche,https://m.media-amazon.com/images/I/61VZAaPt7VL._AC_UY218_.jpg,2025-09-04T18:28:52.194038,Description non disponible depuis la recherche,Stock non disponible,ISBN non disponible,Éditeur non disponible,Date non disponible,Nombre de pages non disponible,Rang de vente non disponible,Manga,3.0,,
Coffret Frieren vol. 1 à 3,https://www.amazon.fr/Coffret-Frieren-vol-Kanehito-Yamada/dp/B0D6Y2Y5HW/ref=sr_1_48,"23,85 €",Kanehito Yamada,"4,7 sur 5 étoiles, détails de l’évaluation",71,Relié,https://m.media-amazon.com/images/I/719RXoIuzYL._AC_UY218_.jpg,2025-09-04T18:28:52.196313,Description non disponible depuis la recherche,Stock non disponible,ISBN non disponible,Éditeur non disponible,Date non disponible,Nombre de pages non disponible,Rang de vente non disponible,Manga,3.0,,
Remède Impérial - L'étrange médecin de la cour - tome 5,https://www.amazon.fr/Rem%C3%A8de-Imp%C3%A9rial-L%C3%A9trange-m%C3%A9decin-cour/dp/B0F5918D2F/ref=sr_1_49,"7,95 €",Tohru Himuka,"4,4 sur 5 étoiles, détails de l’évaluation",4,Poche,https://m.media-amazon.com/images/I/714XBFfKmqL._AC_UY218_.jpg,2025-09-04T18:28:52.198789,Description non disponible depuis la recherche,Stock non disponible,ISBN non disponible,Éditeur non disponible,Date non disponible,Nombre de pages non disponible,Rang de vente non disponible,Manga,3.0,,
Pandora Hearts T01 à 3 euros,https://www.amazon.fr/Pandora-Hearts-T01-%C3%A0-euros/dp/B0CW5ZHFMQ/ref=sr_1_51,"3,00 €",Jun Mochizuki,"4,4 sur 5 étoiles, détails de l’évaluation",7,Poche,https://m.media-amazon.com/images/I/614kYNTp-fL._AC_UY218_.jpg,2025-09-04T18:28:52.203931,Description non disponible depuis la recherche,Stock non disponible,ISBN non disponible,Éditeur non disponible,Date non disponible,Nombre de pages non disponible,Rang de vente non disponible,Manga,3.0,,
KAIJU N°8 T15 - ÉDITION LIMITÉE,https://www.amazon.fr/KAIJU-N%C2%B08-T15-%C3%89DITION-LIMIT%C3%89E/dp/2820353487/ref=sr_1_52,"7,15 €",Naoya Matsumoto,Note non disponible,0 avis,Poche,https://m.media-amazon.com/images/I/91IRWTX226L._AC_UY218_.jpg,2025-09-04T18:28:52.206951,Description non disponible depuis la recherche,Stock non disponible,ISBN non disponible,Éditeur non disponible,Date non disponible,Nombre de pages non disponible,Rang de vente non disponible,Manga,3.0,,
L'Amour entre les lignes T01,https://www.amazon.fr/LAmour-entre-lignes-T01-Hirota/dp/2413086803/ref=sr_1_53,"8,50 €",de Hirota | 6 août 2025,"4,8 sur 5 étoiles, détails de l’évaluation",5,Broché,https://m.media-amazon.com/images/I/71Z2Gam1kTL._AC_UY218_.jpg,2025-09-04T18:28:52.210228,Description non disponible depuis la recherche,Stock non disponible,ISBN non disponible,Éditeur non disponible,Date non disponible,Nombre de pages non disponible,Rang de vente non disponible,Manga,3.0,,
365 Days to the Wedding T09 (9),https://www.amazon.fr/365-Days-Wedding-Tamiki-Wakaki/dp/B0DXTT48PF/ref=sr_1_54,"7,95 €",Tamiki Wakaki,"5,0 sur 5 étoiles, détails de l’évaluation",1,Broché,https://m.media-amazon.com/images/I/71JvxQoySpL._AC_UY218_.jpg,2025-09-04T18:28:52.212200,Description non disponible depuis la recherche,Stock non disponible,ISBN non disponible,Éditeur non disponible,Date non disponible,Nombre de pages non disponible,Rang de vente non disponible,Manga,3.0,,
BLOOM T01,https://www.amazon.fr/BLOOM-T01-Saka-Mikami/dp/2373499754/ref=sr_1_51,"7,20 €",de Saka Mikami | 22 janvier 2025,"4,8 sur 5 étoiles, détails de l’évaluation",32,Poche,https://m.media-amazon.com/images/I/81UXKovSeNL._AC_UY218_.jpg,2025-09-04T18:29:02.005099,Description non disponible depuis la recherche,Stock non disponible,ISBN non disponible,Éditeur non disponible,Date non disponible,Nombre de pages non disponible,Rang de vente non disponible,Manga,4.0,,
Centuria - Tome 1,https://www.amazon.fr/Centuria-1-Tohru-Kuramori/dp/B0DXRZN7LZ/ref=sr_1_52,"7,95 €",de Tohru Kuramori et Frédéric Malet | 26 juin 2025,"3,8 sur 5 étoiles, détails de l’évaluation",10,Broché,https://m.media-amazon.com/images/I/7137QvaCl3L._AC_UY218_.jpg,2025-09-04T18:29:02.008731,Description non disponible depuis la recherche,Stock non disponible,ISBN non disponible,Éditeur non disponible,Date non disponible,Nombre de pages non disponible,Rang de vente non disponible,Manga,4.0,,
Blue Lock T29 - Édition collector,https://www.amazon.fr/Blue-Lock-T29-%C3%89dition-collector/dp/B0FH9C5YB9/ref=sr_1_53,"12,00 €",Yusuke Nomura,Note non disponible,0 avis,Broché,https://m.media-amazon.com/images/I/81D7kvDNnJL._AC_UY218_.jpg,2025-09-04T18:29:02.012839,Description non disponible depuis la recherche,Stock non disponible,ISBN non disponible,Éditeur non disponible,Date non disponible,Nombre de pages non disponible,Rang de vente non disponible,Manga,4.0,,
"Minecraft, le manga officiel - Voyage au bout du monde T05",https://www.amazon.fr/Minecraft-manga-officiel-Voyage-monde/dp/238496366X/ref=sr_1_54,"7,20 €",de Kazuyoshi Seto | 1 octobre 2025,Note non disponible,0 avis,Poche,https://m.media-amazon.com/images/I/81lGO2jjHsL._AC_UY218_.jpg,2025-09-04T18:29:02.015351,Description non disponible depuis la recherche,Stock non disponible,ISBN non disponible,Éditeur non disponible,Date non disponible,Nombre de pages non disponible,Rang de vente non disponible,Manga,4.0,,
L'Impérieux Destin du Dr Elise - Tome 4 (4),https://www.amazon.fr/LImp%C3%A9rieux-Destin-Dr-Elise-Mini/dp/2494102596/ref=sr_1_57,"14,95 €","de Mini, Yuin, et al. | 21 août 2025","5,0 sur 5 étoiles, détails de l’évaluation",1,Poche,https://m.media-amazon.com/images/I/71VdFEcDz-L._AC_UY218_.jpg,2025-09-04T18:29:02.023959,Description non disponible depuis la recherche,Stock non disponible,ISBN non disponible,Éditeur non disponible,Date non disponible,Nombre de pages non disponible,Rang de vente non disponible,Manga,4.0,,
Le Livre des Multivers T02,https://www.amazon.fr/Livre-Multivers-T02-Wan-Youn/dp/2811694811/ref=sr_1_58,"7,70 €",Boichi,Note non disponible,0 avis,Poche,https://m.media-amazon.com/images/I/81Tg5aRA8FL._AC_UY218_.jpg,2025-09-04T18:29:02.026869,Description non disponible depuis la recherche,Stock non disponible,ISBN non disponible,Éditeur non disponible,Date non disponible,Nombre de pages non disponible,Rang de vente non disponible,Manga,4.0,,
Ruridragon - Tome 01,https://www.amazon.fr/Ruridragon-01-Masaoki-Shindo/dp/2344067949/ref=sr_1_59,"7,20 €",de Masaoki Shindo | 2 juillet 2025,"4,8 sur 5 étoiles, détails de l’évaluation",20,Broché,https://m.media-amazon.com/images/I/81lJr7I9r6L._AC_UY218_.jpg,2025-09-04T18:29:02.030059,Description non disponible depuis la recherche,Stock non disponible,ISBN non disponible,Éditeur non disponible,Date non disponible,Nombre de pages non disponible,Rang de vente non disponible,Manga,4.0,,
Tokyo Babylon T02,https://www.amazon.fr/Tokyo-Babylon-T02-Clamp/dp/2811666249/ref=sr_1_60,"8,50 €",Clamp,Note non disponible,0 avis,Poche,https://m.media-amazon.com/images/I/81dzsCR2dPL._AC_UY218_.jpg,2025-09-04T18:29:02.032787,Description non disponible depuis la recherche,Stock non disponible,ISBN non disponible,Éditeur non disponible,Date non disponible,Nombre de pages non disponible,Rang de vente non disponible,Manga,4.0,,
008 : Apprenti Espion - Tome 19,https://www.amazon.fr/008-Apprenti-Espion-Shun-Matsuena/dp/B0F594NQWM/ref=sr_1_62,"7,30 €","de Shun Matsuena, Yuki Kakiichi, et al. | 11 septembre 2025",Note non disponible,0 avis,Poche,https://m.media-amazon.com/images/I/71ZmyYRyklL._AC_UY218_.jpg,2025-09-04T18:29:02.040066,Description non disponible depuis la recherche,Stock non disponible,ISBN non disponible,Éditeur non disponible,Date non disponible,Nombre de pages non disponible,Rang de vente non disponible,Manga,4.0,,
Hyouka - Tome 1,https://www.amazon.fr/Hyouka-1-Yonezawa-Honobu/dp/2379507937/ref=sr_1_63,"8,35 €",de Yonezawa Honobu et Taskohna | 4 juillet 2025,Note non disponible,0 avis,Broché,https://m.media-amazon.com/images/I/81UAQUdDPdL._AC_UY218_.jpg,2025-09-04T18:29:02.042754,Description non disponible depuis la recherche,Stock non disponible,ISBN non disponible,Éditeur non disponible,Date non disponible,Nombre de pages non disponible,Rang de vente non disponible,Manga,4.0,,
Gachiakuta T13 - Jaquette Alternative: Anime Cover,https://www.amazon.fr/Gachiakuta-T13-Jaquette-Alternative-Anime/dp/B0FH1MNNKX/ref=sr_1_64,"7,20 €",Kei Urana,"5,0 sur 5 étoiles, détails de l’évaluation",2,Poche,https://m.media-amazon.com/images/I/71X6SUu6piL._AC_UY218_.jpg,2025-09-04T18:29:02.044709,Description non disponible depuis la recherche,Stock non disponible,ISBN non disponible,Éditeur non disponible,Date non disponible,Nombre de pages non disponible,Rang de vente non disponible,Manga,4.0,,
DANDADAN T20 - EDITION COLLECTOR,https://www.amazon.fr/DANDADAN-T20-COLLECTOR-Yukinobu-Tatsu/dp/2820354335/ref=sr_1_65,"19,99 €",Yukinobu Tatsu,Note non disponible,0 avis,Poche,https://m.media-amazon.com/images/I/91aRq6SG42L._AC_UY218_.jpg,2025-09-04T18:29:02.046921,Description non disponible depuis la recherche,Stock non disponible,ISBN non disponible,Éditeur non disponible,Date non disponible,Nombre de pages non disponible,Rang de vente non disponible,Manga,4.0,,
This Monster Wants to Eat Me - Tome 07,https://www.amazon.fr/This-Monster-Wants-Eat-Me/dp/2385034905/ref=sr_1_67,"7,95 €",Sai Naekawa,"5,0 sur 5 étoiles, détails de l’évaluation",3,Poche,https://m.media-amazon.com/images/I/71l6-KWpRfL._AC_UY218_.jpg,2025-09-04T18:29:02.052007,Description non disponible depuis la recherche,Stock non disponible,ISBN non disponible,Éditeur non disponible,Date non disponible,Nombre de pages non disponible,Rang de vente non disponible,Manga,4.0,,
Fire Force - Tome 3,https://www.amazon.fr/Fire-Force-3-Atsushi-Okubo/dp/250506928X/ref=sr_1_68,"3,00 €",de Atsushi Ohkubo | 8 septembre 2017,"4,8 sur 5 étoiles, détails de l’évaluation",258,Broché,https://m.media-amazon.com/images/I/81bYrkxkeBL._AC_UY218_.jpg,2025-09-04T18:29:02.055002,Description non disponible depuis la recherche,Stock non disponible,ISBN non disponible,Éditeur non disponible,Date non disponible,Nombre de pages non disponible,Rang de vente non disponible,Manga,4.0,,
COUTEAU ET PIMENT VERT VOL.7,https://www.amazon.fr/COUTEAU-PIMENT-VERT-VOL-7-ISOYA/dp/235348414X/ref=sr_1_69,"8,50 €",de YUKI ISOYA | 27 août 2025,Note non disponible,0 avis,Poche,https://m.media-amazon.com/images/I/81NOsvgFobL._AC_UY218_.jpg,2025-09-04T18:29:02.057626,Description non disponible depuis la recherche,Stock non disponible,ISBN non disponible,Éditeur non disponible,Date non disponible,Nombre de pages non disponible,Rang de vente non disponible,Manga,4.0,,
One Piece - Coffret Dressrosa (Tomes 71 à 80),https://www.amazon.fr/One-Piece-Coffret-Dressrosa-Tomes/dp/2344068880/ref=sr_1_70,"72,00 €",Eiichiro Oda,"5,0 sur 5 étoiles, détails de l’évaluation",3,Broché,https://m.media-amazon.com/images/I/71Ja0WSw33L._AC_UY218_.jpg,2025-09-04T18:29:02.060886,Description non disponible depuis la recherche,Stock non disponible,ISBN non disponible,Éditeur non disponible,Date non disponible,Nombre de pages non disponible,Rang de vente non disponible,Manga,4.0,,
The Irregular of the Royal Academy of Magic T02,https://www.amazon.fr/Irregular-Royal-Academy-Magic-T02/dp/2413087265/ref=sr_1_67,"8,50 €",Yusura Kankitsu,Note non disponible,0 avis,Broché,https://m.media-amazon.com/images/I/81-W9s0piOL._AC_UY218_.jpg,2025-09-04T18:29:12.880839,Description non disponible depuis la recherche,Stock non disponible,ISBN non disponible,Éditeur non disponible,Date non disponible,Nombre de pages non disponible,Rang de vente non disponible,Manga,5.0,,
Valkyrie Apocalypse T24,https://www.amazon.fr/Valkyrie-Apocalypse-T24-Takumi-Fukui/dp/B0F59582VS/ref=sr_1_68,"7,95 €",Shinya Umemura,"5,0 sur 5 étoiles, détails de l’évaluation",1,Broché,https://m.media-amazon.com/images/I/71+83FlvPPL._AC_UY218_.jpg,2025-09-04T18:29:12.883713,Description non disponible depuis la recherche,Stock non disponible,ISBN non disponible,Éditeur non disponible,Date non disponible,Nombre de pages non disponible,Rang de vente non disponible,Manga,5.0,,
Toilet-bound Hanako-kun T01,https://www.amazon.fr/Toilet-bound-Hanako-kun-T01-AidaIro/dp/281166369X/ref=sr_1_69,"3,00 €",AidaIro,"4,8 sur 5 étoiles, détails de l’évaluation",329,Poche,https://m.media-amazon.com/images/I/819hR9InJVL._AC_UY218_.jpg,2025-09-04T18:29:12.886160,Description non disponible depuis la recherche,Stock non disponible,ISBN non disponible,Éditeur non disponible,Date non disponible,Nombre de pages non disponible,Rang de vente non disponible,Manga,5.0,,
Healing Touch,https://www.amazon.fr/Healing-Touch-Shiwasu-no-Okina/dp/2382099186/ref=sr_1_70,"14,50 €",Shiwasu no Okina,"4,7 sur 5 étoiles, détails de l’évaluation",10,Poche,https://m.media-amazon.com/images/I/618oprZ6nkL._AC_UY218_.jpg,2025-09-04T18:29:12.888726,Description non disponible depuis la recherche,Stock non disponible,ISBN non disponible,Éditeur non disponible,Date non disponible,Nombre de pages non disponible,Rang de vente non disponible,Manga,5.0,,
Teacher in the Destruction Classroom T02,https://www.amazon.fr/Teacher-Destruction-Classroom-Kina-Kobayashi/dp/2384965638/ref=sr_1_73,"7,50 €",de Kina Kobayashi | 17 septembre 2025,Note non disponible,0 avis,Poche,https://m.media-amazon.com/images/I/81mBsn42P4L._AC_UY218_.jpg,2025-09-04T18:29:12.897042,Description non disponible depuis la recherche,Stock non disponible,ISBN non disponible,Éditeur non disponible,Date non disponible,Nombre de pages non disponible,Rang de vente non disponible,Manga,5.0,,
Blue Lock T02,https://www.amazon.fr/Blue-Lock-T02-Muneyuki-Kaneshiro/dp/2811661271/ref=sr_1_74,"3,00 €",Muneyuki Kaneshiro,"4,8 sur 5 étoiles, détails de l’évaluation",494,Poche,https://m.media-amazon.com/images/I/81edwakd04L._AC_UY218_.jpg,2025-09-04T18:29:12.899588,Description non disponible depuis la recherche,Stock non disponible,ISBN non disponible,Éditeur non disponible,Date non disponible,Nombre de pages non disponible,Rang de vente non disponible,Manga,5.0,,
Fairy Tail - 100 Years Quest T19,https://www.amazon.fr/Fairy-Tail-100-Years-Quest/dp/B0DYJ9L3TJ/ref=sr_1_75,"7,20 €",Atsuo Ueda,"4,9 sur 5 étoiles, détails de l’évaluation",22,Poche,https://m.media-amazon.com/images/I/81-GCAWpV1L._AC_UY218_.jpg,2025-09-04T18:29:12.902068,Description non disponible depuis la recherche,Stock non disponible,ISBN non disponible,Éditeur non disponible,Date non disponible,Nombre de pages non disponible,Rang de vente non disponible,Manga,5.0,,
"Dragon Ball - Édition originale - Tome 35: Adieu, valeureux guerriers",https://www.amazon.fr/Dragon-Ball-35-valeureux-guerriers/dp/2723449327/ref=sr_1_76,"7,20 €",Akira Toriyama,"4,8 sur 5 étoiles, détails de l’évaluation",160,Broché,https://m.media-amazon.com/images/I/81aFc8So8nL._AC_UY218_.jpg,2025-09-04T18:29:12.904143,Description non disponible depuis la recherche,Stock non disponible,ISBN non disponible,Éditeur non disponible,Date non disponible,Nombre de pages non disponible,Rang de vente non disponible,Manga,5.0,,
L'Attaque des Titans T02,https://www.amazon.fr/Attaque-Titans-Vol-2-Hajime-Isayama/dp/2811611703/ref=sr_1_78,"3,00 €",Hajime Isayama,"4,8 sur 5 étoiles, détails de l’évaluation",1 843,Broché,https://m.media-amazon.com/images/I/91yS0kUL95L._AC_UY218_.jpg,2025-09-04T18:29:12.910409,Description non disponible depuis la recherche,Stock non disponible,ISBN non disponible,Éditeur non disponible,Date non disponible,Nombre de pages non disponible,Rang de vente non disponible,Manga,5.0,,
Twisted-Wonderland - La Maison Octavinelle T01,https://www.amazon.fr/Twisted-Wonderland-Maison-Octavinelle-Sumire-Kowono/dp/2384963619/ref=sr_1_79,"7,90 €",de Sumire Kowono et Yana Toboso | 22 octobre 2025,Note non disponible,0 avis,Poche,https://m.media-amazon.com/images/I/81DdeGFoiaL._AC_UY218_.jpg,2025-09-04T18:29:12.912960,Description non disponible depuis la recherche,Stock non disponible,ISBN non disponible,Éditeur non disponible,Date non disponible,Nombre de pages non disponible,Rang de vente non disponible,Manga,5.0,,
GOLDEN GOAL - T3,https://www.amazon.fr/GOLDEN-GOAL-T3-Guillaume-Main/dp/2889326632/ref=sr_1_80,"7,95 €",Weijun Ni,"5,0 sur 5 étoiles, détails de l’évaluation",1,Relié,https://m.media-amazon.com/images/I/81qJM0eZeTL._AC_UY218_.jpg,2025-09-04T18:29:12.915643,Description non disponible depuis la recherche,Stock non disponible,ISBN non disponible,Éditeur non disponible,Date non disponible,Nombre de pages non disponible,Rang de vente non disponible,Manga,5.0,,
Jujutsu Kaisen T28 - édition prestige,https://www.amazon.fr/Jujutsu-Kaisen-T28-%C3%A9dition-prestige/dp/B0FC1LNJXD/ref=sr_1_81,"34,90 €",Gege Akutami,Note non disponible,0 avis,Broché,https://m.media-amazon.com/images/I/61R-lLxCzQL._AC_UY218_.jpg,2025-09-04T18:29:12.917761,Description non disponible depuis la recherche,Stock non disponible,ISBN non disponible,Éditeur non disponible,Date non disponible,Nombre de pages non disponible,Rang de vente non disponible,Manga,5.0,,
Kimen - Tome 2 (2),https://www.amazon.fr/Kimen-2-Louis-San/dp/2379893853/ref=sr_1_83,"11,90 €",de Louis San et Kaori Yoshikawa | 28 août 2025,Note non disponible,0 avis,Broché,https://m.media-amazon.com/images/I/71bkst4hatL._AC_UY218_.jpg,2025-09-04T18:29:12.923131,Description non disponible depuis la recherche,Stock non disponible,ISBN non disponible,Éditeur non disponible,Date non disponible,Nombre de pages non disponible,Rang de vente non disponible,Manga,5.0,,
Agenda scolaire 2025-2026 L'Attaque des Titans: saison finale (2025-2026),https://www.amazon.fr/Agenda-scolaire-2025-2026-LAttaque-Titans/dp/237697559X/ref=sr_1_84,"9,95 €",Hajime Isayama,"5,0 sur 5 étoiles, détails de l’évaluation",7,Relié,https://m.media-amazon.com/images/I/81qxGhYzjHL._AC_UY218_.jpg,2025-09-04T18:29:12.925561,Description non disponible depuis la recherche,Stock non disponible,ISBN non disponible,Éditeur non disponible,Date non disponible,Nombre de pages non disponible,Rang de vente non disponible,Manga,5.0,,
REINCARNATED AS AN ARISTOCRAT T07,https://www.amazon.fr/REINCARNATED-AS-ARISTOCRAT-T07-Miraijin/dp/282035212X/ref=sr_1_85,"7,99 €","de Miraijin A, Jimmy, et al. | 24 septembre 2025",Note non disponible,0 avis,Poche,https://m.media-amazon.com/images/I/81rGNHGn4LL._AC_UY218_.jpg,2025-09-04T18:29:12.928365,Description non disponible depuis la recherche,Stock non disponible,ISBN non disponible,Éditeur non disponible,Date non disponible,Nombre de pages non disponible,Rang de vente non disponible,Manga,5.0,,
Versus T04,https://www.amazon.fr/Versus-T04-bose/dp/B0DYJGKR68/ref=sr_1_86,"7,20 €","de bose, ONE, et al. | 2 juillet 2025","4,8 sur 5 étoiles, détails de l’évaluation",8,Poche,https://m.media-amazon.com/images/I/81xozLDnhGL._AC_UY218_.jpg,2025-09-04T18:29:12.931894,Description non disponible depuis la recherche,Stock non disponible,ISBN non disponible,Éditeur non disponible,Date non disponible,Nombre de pages non disponible,Rang de vente non disponible,Manga,5.0,,
Sweethearts,https://www.amazon.fr/Sweethearts-Gunma-Kisaragi/dp/2385040409/ref=sr_1_83,"9,95 €","de Gunma Kisaragi, IDP Home Video, et al. | 6 août 2025","5,0 sur 5 étoiles, détails de l’évaluation",4,Poche,https://m.media-amazon.com/images/I/81MfUePjyFL._AC_UY218_.jpg,2025-09-04T18:29:24.478989,Description non disponible depuis la recherche,Stock non disponible,ISBN non disponible,Éditeur non disponible,Date non disponible,Nombre de pages non disponible,Rang de vente non disponible,Manga,6.0,,
Fairy Tail - 100 Years Quest T20,https://www.amazon.fr/Fairy-Tail-100-Years-Quest/dp/B0FF8Z2JZR/ref=sr_1_84,"7,20 €",de Hiro Mashima et Atsuo Ueda | 13 novembre 2025,Note non disponible,0 avis,Poche,https://m.media-amazon.com/images/I/81I6VAUIlQL._AC_UY218_.jpg,2025-09-04T18:29:24.481971,Description non disponible depuis la recherche,Stock non disponible,ISBN non disponible,Éditeur non disponible,Date non disponible,Nombre de pages non disponible,Rang de vente non disponible,Manga,6.0,,
Isekai Munchkin T05,https://www.amazon.fr/Isekai-Munchkin-T05-Makoto-Aogiri/dp/2413079351/ref=sr_1_85,"8,50 €",de Makoto Aogiri et Yu Shimizu | 20 août 2025,"5,0 sur 5 étoiles, détails de l’évaluation",1,Broché,https://m.media-amazon.com/images/I/81luDZauk9L._AC_UY218_.jpg,2025-09-04T18:29:24.485388,Description non disponible depuis la recherche,Stock non disponible,ISBN non disponible,Éditeur non disponible,Date non disponible,Nombre de pages non disponible,Rang de vente non disponible,Manga,6.0,,
Donuts sous un croissant de lune - Tome 03,https://www.amazon.fr/Donuts-sous-croissant-lune-03/dp/2386585239/ref=sr_1_86,"7,95 €",de Shio Usui | 20 juin 2025,Note non disponible,0 avis,Poche,https://m.media-amazon.com/images/I/71u8z-T338L._AC_UY218_.jpg,2025-09-04T18:29:24.487817,Description non disponible depuis la recherche,Stock non disponible,ISBN non disponible,Éditeur non disponible,Date non disponible,Nombre de pages non disponible,Rang de vente non disponible,Manga,6.0,,
Yaiba - Complete Edition T02,https://www.amazon.fr/Yaiba-Complete-T02-Gosho-Aoyama/dp/2302106393/ref=sr_1_89,"15,99 €",Gosho Aoyama,Note non disponible,0 avis,Broché,https://m.media-amazon.com/images/I/81OgLncO7aL._AC_UY218_.jpg,2025-09-04T18:29:24.496980,Description non disponible depuis la recherche,Stock non disponible,ISBN non disponible,Éditeur non disponible,Date non disponible,Nombre de pages non disponible,Rang de vente non disponible,Manga,6.0,,
Dorohedoro T03: Chaos Edition,https://www.amazon.fr/Dorohedoro-T03-Chaos-Q-Hayashida/dp/2302105362/ref=sr_1_90,"19,99 €",Q Hayashida,"5,0 sur 5 étoiles, détails de l’évaluation",1,Broché,https://m.media-amazon.com/images/I/91BfDHqOxsL._AC_UY218_.jpg,2025-09-04T18:29:24.499748,Description non disponible depuis la recherche,Stock non disponible,ISBN non disponible,Éditeur non disponible,Date non disponible,Nombre de pages non disponible,Rang de vente non disponible,Manga,6.0,,
Sakamoto Days - Tome 01,https://www.amazon.fr/Sakamoto-Days-01-Yuto-Suzuki/dp/2344050981/ref=sr_1_91,"7,20 €",de Yuto Suzuki | 6 avril 2022,"4,7 sur 5 étoiles, détails de l’évaluation",232,Broché,https://m.media-amazon.com/images/I/81sRVJSHF6L._AC_UY218_.jpg,2025-09-04T18:29:24.503148,Description non disponible depuis la recherche,Stock non disponible,ISBN non disponible,Éditeur non disponible,Date non disponible,Nombre de pages non disponible,Rang de vente non disponible,Manga,6.0,,
Sakamoto Days - Tome 10,https://www.amazon.fr/Sakamoto-Days-10-Yuto-Suzuki/dp/2344056122/ref=sr_1_92,"7,20 €",Yuto Suzuki,"5,0 sur 5 étoiles, détails de l’évaluation",57,Poche,https://m.media-amazon.com/images/I/81dTHQZvLQL._AC_UY218_.jpg,2025-09-04T18:29:24.505577,Description non disponible depuis la recherche,Stock non disponible,ISBN non disponible,Éditeur non disponible,Date non disponible,Nombre de pages non disponible,Rang de vente non disponible,Manga,6.0,,
Heaven Official's Blessing T01 - Edition collector,https://www.amazon.fr/Heaven-Officials-Blessing-T01-collector/dp/2382884290/ref=sr_1_94,"29,95 €",de Starember et Mo Xiang Tong Xiu | 24 septembre 2025,Note non disponible,0 avis,Broché,https://m.media-amazon.com/images/I/813AM76PbiL._AC_UY218_.jpg,2025-09-04T18:29:24.511424,Description non disponible depuis la recherche,Stock non disponible,ISBN non disponible,Éditeur non disponible,Date non disponible,Nombre de pages non disponible,Rang de vente non disponible,Manga,6.0,,
Chainsaw Man Tome 19 - Édition Limitée,https://www.amazon.fr/Chainsaw-Man-19-%C3%89dition-Limit%C3%A9e/dp/2820353274/ref=sr_1_95,"13,99 €",Tatsuki Fujimoto,"4,9 sur 5 étoiles, détails de l’évaluation",46,Poche,https://m.media-amazon.com/images/I/81p0hNXASIL._AC_UY218_.jpg,2025-09-04T18:29:24.513921,Description non disponible depuis la recherche,Stock non disponible,ISBN non disponible,Éditeur non disponible,Date non disponible,Nombre de pages non disponible,Rang de vente non disponible,Manga,6.0,,
Blue Lock T22,https://www.amazon.fr/Blue-Lock-T22-Muneyuki-Kaneshiro/dp/2811687580/ref=sr_1_96,"7,20 €",Yusuke Nomura,"4,6 sur 5 étoiles, détails de l’évaluation",82,Poche,https://m.media-amazon.com/images/I/81rAuEFIAlL._AC_UY218_.jpg,2025-09-04T18:29:24.516998,Description non disponible depuis la recherche,Stock non disponible,ISBN non disponible,Éditeur non disponible,Date non disponible,Nombre de pages non disponible,Rang de vente non disponible,Manga,6.0,,
Dragon Ball Z - 5e partie - Tome 05: Cell Game,https://www.amazon.fr/Dragon-ball-Cycle-TORIYAMA-Akira/dp/2723483428/ref=sr_1_97,"7,90 €",Akira Toriyama,"4,7 sur 5 étoiles, détails de l’évaluation",109,Poche,https://m.media-amazon.com/images/I/71ZYrO84DcL._AC_UY218_.jpg,2025-09-04T18:29:24.519065,Description non disponible depuis la recherche,Stock non disponible,ISBN non disponible,Éditeur non disponible,Date non disponible,Nombre de pages non disponible,Rang de vente non disponible,Manga,6.0,,
"Légères sur le dancefloor: Coffret en 3 volumes, tome 1 à 3",https://www.amazon.fr/Coffret-volumes-tomes-Yuu-Utatane/dp/2386585891/ref=sr_1_99,"23,85 €",de Yuu Utatane | 12 septembre 2025,Note non disponible,0 avis,Broché,https://m.media-amazon.com/images/I/71gRRdKSbJL._AC_UY218_.jpg,2025-09-04T18:29:24.525132,Description non disponible depuis la recherche,Stock non disponible,ISBN non disponible,Éditeur non disponible,Date non disponible,Nombre de pages non disponible,Rang de vente non disponible,Manga,6.0,,
Fairy Tail - Tome 3,https://www.amazon.fr/Fairy-Tail-3-Hiro-Mashima/dp/2845999747/ref=sr_1_100,"3,00 €",Hiro Mashima,"4,8 sur 5 étoiles, détails de l’évaluation",918,Poche,https://m.media-amazon.com/images/I/91MOEncVjmL._AC_UY218_.jpg,2025-09-04T18:29:24.527821,Description non disponible depuis la recherche,Stock non disponible,ISBN non disponible,Éditeur non disponible,Date non disponible,Nombre de pages non disponible,Rang de vente non disponible,Manga,6.0,,
Dragon Ball - Édition originale - Tome 31: Cell se rapproche à pas de loup,https://www.amazon.fr/Dragon-Ball-sens-lecture-japonais/dp/2723449289/ref=sr_1_101,"7,20 €",Akira Toriyama,"4,9 sur 5 étoiles, détails de l’évaluation",145,Poche,https://m.media-amazon.com/images/I/911Q0wUccsL._AC_UY218_.jpg,2025-09-04T18:29:24.529919,Description non disponible depuis la recherche,Stock non disponible,ISBN non disponible,Éditeur non disponible,Date non disponible,Nombre de pages non disponible,Rang de vente non disponible,Manga,6.0,,
Dragon Ball - Full Color - Le roi démon Piccolo - Tome 01,https://www.amazon.fr/Dragon-Ball-Color-d%C3%A9mon-Piccolo/dp/2344068848/ref=sr_1_102,"14,95 €",Akira Toriyama,"4,4 sur 5 étoiles, détails de l’évaluation",17,Broché,https://m.media-amazon.com/images/I/81u1mp+59PL._AC_UY218_.jpg,2025-09-04T18:29:24.532036,Description non disponible depuis la recherche,Stock non disponible,ISBN non disponible,Éditeur non disponible,Date non disponible,Nombre de pages non disponible,Rang de vente non disponible,Manga,6.0,,
My Hero Academia T41,https://www.amazon.fr/Hero-Academia-T41-Kohei-Horikoshi/dp/B0DJSC8CRX/ref=sr_1_99,"6,95 €",Kohei Horikoshi,"4,9 sur 5 étoiles, détails de l’évaluation",73,Poche,https://m.media-amazon.com/images/I/71U5aswteZL._AC_UY218_.jpg,2025-09-04T18:29:35.026640,Description non disponible depuis la recherche,Stock non disponible,ISBN non disponible,Éditeur non disponible,Date non disponible,Nombre de pages non disponible,Rang de vente non disponible,Manga,7.0,,
"Le XXe siècle en manga, Tome 04: Anne Frank",https://www.amazon.fr/XXe-si%C3%A8cle-manga-04-Frank/dp/B0CKDRGGZL/ref=sr_1_100,"13,50 €",de Aurélien Estager | 13 mars 2024,"4,8 sur 5 étoiles, détails de l’évaluation",23,Broché,https://m.media-amazon.com/images/I/7180kffcWFL._AC_UY218_.jpg,2025-09-04T18:29:35.029239,Description non disponible depuis la recherche,Stock non disponible,ISBN non disponible,Éditeur non disponible,Date non disponible,Nombre de pages non disponible,Rang de vente non disponible,Manga,7.0,,
City Hunter - Perfect Edition T02,https://www.amazon.fr/City-Hunter-Perfect-Tsukasa-H%C3%B4j%C3%B4/dp/B09TVRRXNS/ref=sr_1_101,"16,99 €",Tsukasa Hojo,"5,0 sur 5 étoiles, détails de l’évaluation",70,Relié,https://m.media-amazon.com/images/I/81kHK4y12mL._AC_UY218_.jpg,2025-09-04T18:29:35.031412,Description non disponible depuis la recherche,Stock non disponible,ISBN non disponible,Éditeur non disponible,Date non disponible,Nombre de pages non disponible,Rang de vente non disponible,Manga,7.0,,
Blue Lock T21,https://www.amazon.fr/Blue-Lock-T21-Muneyuki-Kaneshiro/dp/2811687564/ref=sr_1_102,"7,20 €",Yusuke Nomura,"4,7 sur 5 étoiles, détails de l’évaluation",90,Poche,https://m.media-amazon.com/images/I/81eao9lGt0L._AC_UY218_.jpg,2025-09-04T18:29:35.034113,Description non disponible depuis la recherche,Stock non disponible,ISBN non disponible,Éditeur non disponible,Date non disponible,Nombre de pages non disponible,Rang de vente non disponible,Manga,7.0,,
"Minecraft, le manga officiel - Voyage au bout du monde T02",https://www.amazon.fr/Minecraft-manga-officiel-Voyage-monde/dp/2384963635/ref=sr_1_105,"7,20 €",de Kazuyoshi Seto | 2 avril 2025,"4,6 sur 5 étoiles, détails de l’évaluation",32,Poche,https://m.media-amazon.com/images/I/81k1fXyTGML._AC_UY218_.jpg,2025-09-04T18:29:35.042104,Description non disponible depuis la recherche,Stock non disponible,ISBN non disponible,Éditeur non disponible,Date non disponible,Nombre de pages non disponible,Rang de vente non disponible,Manga,7.0,,
Les Carnets de l'apothicaire T10,https://www.amazon.fr/Carnets-lapothicaire-T10-Itsuki-Nanao/dp/B0BHY6MMQ4/ref=sr_1_106,"7,95 €",Itsuki Nanao,"4,9 sur 5 étoiles, détails de l’évaluation",344,Poche,https://m.media-amazon.com/images/I/71le8lh1gfL._AC_UY218_.jpg,2025-09-04T18:29:35.044686,Description non disponible depuis la recherche,Stock non disponible,ISBN non disponible,Éditeur non disponible,Date non disponible,Nombre de pages non disponible,Rang de vente non disponible,Manga,7.0,,
"Nana, tome 4",https://www.amazon.fr/Nana-4-Ai-Yazawa/dp/2847891293/ref=sr_1_107,"7,29 €",Ai Yazawa,"4,8 sur 5 étoiles, détails de l’évaluation",185,Poche,https://m.media-amazon.com/images/I/91-nOwVeyeL._AC_UY218_.jpg,2025-09-04T18:29:35.047590,Description non disponible depuis la recherche,Stock non disponible,ISBN non disponible,Éditeur non disponible,Date non disponible,Nombre de pages non disponible,Rang de vente non disponible,Manga,7.0,,
Solo Leveling T01,https://www.amazon.fr/Solo-Leveling-T01-Chugong/dp/2382880295/ref=sr_1_108,"14,95 €",Chugong,"4,8 sur 5 étoiles, détails de l’évaluation",1 374,Broché,https://m.media-amazon.com/images/I/81jS951SgDL._AC_UY218_.jpg,2025-09-04T18:29:35.049677,Description non disponible depuis la recherche,Stock non disponible,ISBN non disponible,Éditeur non disponible,Date non disponible,Nombre de pages non disponible,Rang de vente non disponible,Manga,7.0,,
Dans l'Ombre,https://www.amazon.fr/Dans-lOmbre-Junji-Ito/dp/2382812737/ref=sr_1_110,"24,95 €",Junji Ito,"4,9 sur 5 étoiles, détails de l’évaluation",10,Relié,https://m.media-amazon.com/images/I/81f6EaSJ9BL._AC_UY218_.jpg,2025-09-04T18:29:35.055488,Description non disponible depuis la recherche,Stock non disponible,ISBN non disponible,Éditeur non disponible,Date non disponible,Nombre de pages non disponible,Rang de vente non disponible,Manga,7.0,,
Citrus + - Tome 06,https://www.amazon.fr/Citrus-06-Saburouta/dp/2375065794/ref=sr_1_111,"8,35 €",Saburouta,Note non disponible,0 avis,Broché,https://m.media-amazon.com/images/I/01PkLIhTX3L._AC_UY218_.gif,2025-09-04T18:29:35.058033,Description non disponible depuis la recherche,Stock non disponible,ISBN non disponible,Éditeur non disponible,Date non disponible,Nombre de pages non disponible,Rang de vente non disponible,Manga,7.0,,
One Piece - Édition originale - Tome 01: À l'aube d'une grande aventure,https://www.amazon.fr/One-piece-originale-ODA-Eiichir%C3%B4/dp/2723488527/ref=sr_1_112,"7,20 €",Eiichiro Oda,"4,8 sur 5 étoiles, détails de l’évaluation",4 298,Broché,https://m.media-amazon.com/images/I/91t7YlWwGfL._AC_UY218_.jpg,2025-09-04T18:29:35.060697,Description non disponible depuis la recherche,Stock non disponible,ISBN non disponible,Éditeur non disponible,Date non disponible,Nombre de pages non disponible,Rang de vente non disponible,Manga,7.0,,
Solo Leveling T15,https://www.amazon.fr/Solo-Leveling-DUBU-REDICE-STUDIO/dp/238288293X/ref=sr_1_113,"14,95 €",Chugong,"4,8 sur 5 étoiles, détails de l’évaluation",192,Broché,https://m.media-amazon.com/images/I/7121yu8DxnL._AC_UY218_.jpg,2025-09-04T18:29:35.062925,Description non disponible depuis la recherche,Stock non disponible,ISBN non disponible,Éditeur non disponible,Date non disponible,Nombre de pages non disponible,Rang de vente non disponible,Manga,7.0,,
Kiki la petite sorcière - Anime comics - Studio Ghibli,https://www.amazon.fr/Kiki-petite-sorci%C3%A8re-comics-Studio/dp/2344036415/ref=sr_1_115,"15,50 €",Hayao Miyazaki,"5,0 sur 5 étoiles, détails de l’évaluation",1,Broché,https://m.media-amazon.com/images/I/719iGlKHSHL._AC_UY218_.jpg,2025-09-04T18:29:35.067876,Description non disponible depuis la recherche,Stock non disponible,ISBN non disponible,Éditeur non disponible,Date non disponible,Nombre de pages non disponible,Rang de vente non disponible,Manga,7.0,,
BEYBLADE X T03,https://www.amazon.fr/BEYBLADE-X-T03-Homura-Kawamoto/dp/2820351654/ref=sr_1_116,"7,99 €",Homura Kawamoto,"5,0 sur 5 étoiles, détails de l’évaluation",1,Poche,https://m.media-amazon.com/images/I/81uoOcP+kNL._AC_UY218_.jpg,2025-09-04T18:29:35.070462,Description non disponible depuis la recherche,Stock non disponible,ISBN non disponible,Éditeur non disponible,Date non disponible,Nombre de pages non disponible,Rang de vente non disponible,Manga,7.0,,
Tome 1 Boruto - Two Blue Vortex,https://www.amazon.fr/Boruto-Two-Blue-Vortex-1/dp/2505123349/ref=sr_1_117,"7,30 €",de Masashi Kishimoto et Mikio Ikemoto | 23 août 2024,"4,7 sur 5 étoiles, détails de l’évaluation",105,Broché,https://m.media-amazon.com/images/I/71m3GTiT8FL._AC_UY218_.jpg,2025-09-04T18:29:35.074034,Description non disponible depuis la recherche,Stock non disponible,ISBN non disponible,Éditeur non disponible,Date non disponible,Nombre de pages non disponible,Rang de vente non disponible,Manga,7.0,,
Captain Tsubasa - Tome 09: Aux portes de la finale !,https://www.amazon.fr/Captain-Tsubasa-Olive-Tom-Vol-9/dp/2723482618/ref=sr_1_118,"7,20 €",Yoichi Takahashi,"4,9 sur 5 étoiles, détails de l’évaluation",170,Broché,https://m.media-amazon.com/images/I/61H8uG8VbtL._AC_UY218_.jpg,2025-09-04T18:29:35.076732,Description non disponible depuis la recherche,Stock non disponible,ISBN non disponible,Éditeur non disponible,Date non disponible,Nombre de pages non disponible,Rang de vente non disponible,Manga,7.0,,
Captain Tsubasa - Tome 09: Aux portes de la finale !,https://www.amazon.fr/Captain-Tsubasa-Olive-Tom-Vol-9/dp/2723482618/ref=sr_1_115,"7,20 €",Yoichi Takahashi,"4,9 sur 5 étoiles, détails de l’évaluation",170,Broché,https://m.media-amazon.com/images/I/61H8uG8VbtL._AC_UY218_.jpg,2025-09-04T18:29:45.755020,Description non disponible depuis la recherche,Stock non disponible,ISBN non disponible,Éditeur non disponible,Date non disponible,Nombre de pages non disponible,Rang de vente non disponible,Manga,8.0,,
Les Carnets de l'apothicaire T14,https://www.amazon.fr/Carnets-lapothicaire-T14-Natsu-Hyuuga/dp/B0D8WKK49P/ref=sr_1_116,"7,95 €",Natsu Hyuuga,"4,8 sur 5 étoiles, détails de l’évaluation",165,Poche,https://m.media-amazon.com/images/I/91qJXd0crwL._AC_UY218_.jpg,2025-09-04T18:29:45.757468,Description non disponible depuis la recherche,Stock non disponible,ISBN non disponible,Éditeur non disponible,Date non disponible,Nombre de pages non disponible,Rang de vente non disponible,Manga,8.0,,
La gardienne des concubines T01,https://www.amazon.fr/gardienne-concubines-T01-Shiori-Hiromoto/dp/B0DTC52JK8/ref=sr_1_117,"7,95 €",Shiori Hiromoto,"4,7 sur 5 étoiles, détails de l’évaluation",23,Poche,https://m.media-amazon.com/images/I/713IMwaEKgL._AC_UY218_.jpg,2025-09-04T18:29:45.760097,Description non disponible depuis la recherche,Stock non disponible,ISBN non disponible,Éditeur non disponible,Date non disponible,Nombre de pages non disponible,Rang de vente non disponible,Manga,8.0,,
Baby - Tome 02,https://www.amazon.fr/Baby-02-Chang-Sheng/dp/2344067434/ref=sr_1_118,"14,95 €",Chang Sheng,"5,0 sur 5 étoiles, détails de l’évaluation",4,Broché,https://m.media-amazon.com/images/I/718tk9eazlL._AC_UY218_.jpg,2025-09-04T18:29:45.762849,Description non disponible depuis la recherche,Stock non disponible,ISBN non disponible,Éditeur non disponible,Date non disponible,Nombre de pages non disponible,Rang de vente non disponible,Manga,8.0,,
L'Atelier des Sorciers T01,https://www.amazon.fr/LAtelier-Sorciers-T01-Shuji-Takizawa/dp/2811638776/ref=sr_1_121,"7,70 €",Kamome Shirahama,"4,8 sur 5 étoiles, détails de l’évaluation",515,Poche,https://m.media-amazon.com/images/I/91MeXsxtezL._AC_UY218_.jpg,2025-09-04T18:29:45.771629,Description non disponible depuis la recherche,Stock non disponible,ISBN non disponible,Éditeur non disponible,Date non disponible,Nombre de pages non disponible,Rang de vente non disponible,Manga,8.0,,
Dandadan T10,https://www.amazon.fr/Dandadan-T10-Yukinobu-Tatsu/dp/2820347894/ref=sr_1_122,"7,29 €",Yukinobu Tatsu,"4,9 sur 5 étoiles, détails de l’évaluation",93,Broché,https://m.media-amazon.com/images/I/81GBZuZgPYL._AC_UY218_.jpg,2025-09-04T18:29:45.774569,Description non disponible depuis la recherche,Stock non disponible,ISBN non disponible,Éditeur non disponible,Date non disponible,Nombre de pages non disponible,Rang de vente non disponible,Manga,8.0,,
Black Paradox - Édition prestige,https://www.amazon.fr/Black-Paradox-prestige-Junji-Ito/dp/2413090835/ref=sr_1_123,"19,99 €",Junji Ito,"4,4 sur 5 étoiles, détails de l’évaluation",21,Broché,https://m.media-amazon.com/images/I/813bHMMBacL._AC_UY218_.jpg,2025-09-04T18:29:45.777295,Description non disponible depuis la recherche,Stock non disponible,ISBN non disponible,Éditeur non disponible,Date non disponible,Nombre de pages non disponible,Rang de vente non disponible,Manga,8.0,,
"Fukuneko, les chats du bonheur T01",https://www.amazon.fr/Fukuneko-chats-du-bonheur-T01/dp/2373493810/ref=sr_1_124,"7,20 €",de Mari Matsuzawa | 7 avril 2021,"4,8 sur 5 étoiles, détails de l’évaluation",187,Poche,https://m.media-amazon.com/images/I/71ukpieLnpL._AC_UY218_.jpg,2025-09-04T18:29:45.780458,Description non disponible depuis la recherche,Stock non disponible,ISBN non disponible,Éditeur non disponible,Date non disponible,Nombre de pages non disponible,Rang de vente non disponible,Manga,8.0,,
One Piece - Édition originale - Tome 09: Larmes,https://www.amazon.fr/One-Piece-%C3%89dition-originale-Larmes/dp/2723492532/ref=sr_1_126,"7,20 €",Eiichiro Oda,"4,8 sur 5 étoiles, détails de l’évaluation",1 988,Broché,https://m.media-amazon.com/images/I/918nv+d1nhL._AC_UY218_.jpg,2025-09-04T18:29:45.787174,Description non disponible depuis la recherche,Stock non disponible,ISBN non disponible,Éditeur non disponible,Date non disponible,Nombre de pages non disponible,Rang de vente non disponible,Manga,8.0,,
One Piece - Édition originale - Tome 59: La mort de Portgas D. Ace,https://www.amazon.fr/One-Piece-%C3%89dition-originale-Portgas/dp/2344002030/ref=sr_1_127,"7,20 €",Eiichiro Oda,"4,8 sur 5 étoiles, détails de l’évaluation",525,Poche,https://m.media-amazon.com/images/I/91KhZWktC6L._AC_UY218_.jpg,2025-09-04T18:29:45.789911,Description non disponible depuis la recherche,Stock non disponible,ISBN non disponible,Éditeur non disponible,Date non disponible,Nombre de pages non disponible,Rang de vente non disponible,Manga,8.0,,
Dragon Ball SD - Tome 10,https://www.amazon.fr/Dragon-Ball-SD-Akira-Toriyama/dp/2344065709/ref=sr_1_128,"7,90 €",Akira Toriyama,"4,9 sur 5 étoiles, détails de l’évaluation",34,Broché,https://m.media-amazon.com/images/I/81ITk8l97LL._AC_UY218_.jpg,2025-09-04T18:29:45.792867,Description non disponible depuis la recherche,Stock non disponible,ISBN non disponible,Éditeur non disponible,Date non disponible,Nombre de pages non disponible,Rang de vente non disponible,Manga,8.0,,
Mashle T16,https://www.amazon.fr/Mashle-T16-Hajime-Komoto/dp/2820346391/ref=sr_1_129,"7,15 €",Hajime Komoto,"4,9 sur 5 étoiles, détails de l’évaluation",120,Broché,https://m.media-amazon.com/images/I/815U2JDtVCL._AC_UY218_.jpg,2025-09-04T18:29:45.795579,Description non disponible depuis la recherche,Stock non disponible,ISBN non disponible,Éditeur non disponible,Date non disponible,Nombre de pages non disponible,Rang de vente non disponible,Manga,8.0,,
Blue Lock T19,https://www.amazon.fr/Blue-Lock-T19-Muneyuki-Kaneshiro/dp/2811687521/ref=sr_1_131,"7,20 €",Yusuke Nomura,"4,8 sur 5 étoiles, détails de l’évaluation",123,Poche,https://m.media-amazon.com/images/I/81B9PqlA+CL._AC_UY218_.jpg,2025-09-04T18:29:45.800896,Description non disponible depuis la recherche,Stock non disponible,ISBN non disponible,Éditeur non disponible,Date non disponible,Nombre de pages non disponible,Rang de vente non disponible,Manga,8.0,,
Elden ring become lord - Tome 1,https://www.amazon.fr/Elden-ring-become-lord-1/dp/2379509077/ref=sr_1_132,"19,00 €",de 21g et Hand Punch | 23 mai 2025,"4,6 sur 5 étoiles, détails de l’évaluation",3,Broché,https://m.media-amazon.com/images/I/81h0bV7arKL._AC_UY218_.jpg,2025-09-04T18:29:45.803579,Description non disponible depuis la recherche,Stock non disponible,ISBN non disponible,Éditeur non disponible,Date non disponible,Nombre de pages non disponible,Rang de vente non disponible,Manga,8.0,,
Un comptable à la cour - Tome 5,https://www.amazon.fr/comptable-%C3%A0-cour-5/dp/238569252X/ref=sr_1_133,"8,05 €","de Wakatsu Yatsuki, Kazuki Irodori, et al. | 3 juillet 2025","4,9 sur 5 étoiles, détails de l’évaluation",15,Broché,https://m.media-amazon.com/images/I/71bl8HEZtlL._AC_UY218_.jpg,2025-09-04T18:29:45.807254,Description non disponible depuis la recherche,Stock non disponible,ISBN non disponible,Éditeur non disponible,Date non disponible,Nombre de pages non disponible,Rang de vente non disponible,Manga,8.0,,
One Piece - Édition originale - Tome 85: Menteur,https://www.amazon.fr/One-Piece-%C3%89dition-originale-Menteur/dp/2344027505/ref=sr_1_134,"7,20 €",Eiichiro Oda,"4,9 sur 5 étoiles, détails de l’évaluation",490,Broché,https://m.media-amazon.com/images/I/91p-qvFX14L._AC_UY218_.jpg,2025-09-04T18:29:45.810031,Description non disponible depuis la recherche,Stock non disponible,ISBN non disponible,Éditeur non disponible,Date non disponible,Nombre de pages non disponible,Rang de vente non disponible,Manga,8.0,,
12 ans - Tome 01,https://www.amazon.fr/12-ans-01-Nao-Maita/dp/2344007490/ref=sr_1_131,"7,20 €",Nao Maita,"4,6 sur 5 étoiles, détails de l’évaluation",490,Broché,https://m.media-amazon.com/images/I/81ihFB9w3NL._AC_UY218_.jpg,2025-09-04T18:29:54.999144,Description non disponible depuis la recherche,Stock non disponible,ISBN non disponible,Éditeur non disponible,Date non disponible,Nombre de pages non disponible,Rang de vente non disponible,Manga,9.0,,
Blue Lock T13,https://www.amazon.fr/Blue-Lock-T13-Muneyuki-Kaneshiro/dp/2811677186/ref=sr_1_132,"7,20 €",Yusuke Nomura,"4,8 sur 5 étoiles, détails de l’évaluation",188,Poche,https://m.media-amazon.com/images/I/71DStyKs4NL._AC_UY218_.jpg,2025-09-04T18:29:55.001741,Description non disponible depuis la recherche,Stock non disponible,ISBN non disponible,Éditeur non disponible,Date non disponible,Nombre de pages non disponible,Rang de vente non disponible,Manga,9.0,,
"Nana, tome 3",https://www.amazon.fr/Nana-3-YAZAWA-Ai/dp/2847890254/ref=sr_1_133,"7,29 €",de YAZAWA-A | 17 mars 2003,"4,9 sur 5 étoiles, détails de l’évaluation",243,Poche,https://m.media-amazon.com/images/I/81e24ZZV7ML._AC_UY218_.jpg,2025-09-04T18:29:55.005192,Description non disponible depuis la recherche,Stock non disponible,ISBN non disponible,Éditeur non disponible,Date non disponible,Nombre de pages non disponible,Rang de vente non disponible,Manga,9.0,,
Mes 300 modèles mangas à dessiner en pas à pas,https://www.amazon.fr/Mes-300-mod-mangas-dessiner/dp/2377617301/ref=sr_1_134,"15,95 €",Lise Herzog,"4,7 sur 5 étoiles, détails de l’évaluation",484,Broché,https://m.media-amazon.com/images/I/81IM4aywJbL._AC_UY218_.jpg,2025-09-04T18:29:55.007329,Description non disponible depuis la recherche,Stock non disponible,ISBN non disponible,Éditeur non disponible,Date non disponible,Nombre de pages non disponible,Rang de vente non disponible,Manga,9.0,,
Demon Slave - Tome 17,https://www.amazon.fr/Demon-Slave-17-Takahiro/dp/B0F594GFFQ/ref=sr_1_137,"7,30 €","de Takahiro, Yohei Takemura, et al. | 14 août 2025","5,0 sur 5 étoiles, détails de l’évaluation",2,Poche,https://m.media-amazon.com/images/I/71e-iTbPFWL._AC_UY218_.jpg,2025-09-04T18:29:55.016594,Description non disponible depuis la recherche,Stock non disponible,ISBN non disponible,Éditeur non disponible,Date non disponible,Nombre de pages non disponible,Rang de vente non disponible,Manga,9.0,,
One Piece - Édition originale - Tome 04: Attaque au clair de lune,https://www.amazon.fr/One-piece-originale-ODA-Eiichir%C3%B4/dp/2723489914/ref=sr_1_138,"7,20 €",Eiichiro Oda,"4,8 sur 5 étoiles, détails de l’évaluation",2 996,Poche,https://m.media-amazon.com/images/I/913wc4EdSlL._AC_UY218_.jpg,2025-09-04T18:29:55.019640,Description non disponible depuis la recherche,Stock non disponible,ISBN non disponible,Éditeur non disponible,Date non disponible,Nombre de pages non disponible,Rang de vente non disponible,Manga,9.0,,
Blue Lock T11,https://www.amazon.fr/Blue-Lock-T11-Muneyuki-Kaneshiro/dp/2811671315/ref=sr_1_139,"7,20 €",Yusuke Nomura,"4,8 sur 5 étoiles, détails de l’évaluation",289,Poche,https://m.media-amazon.com/images/I/81wuSyUbAsL._AC_UY218_.jpg,2025-09-04T18:29:55.022455,Description non disponible depuis la recherche,Stock non disponible,ISBN non disponible,Éditeur non disponible,Date non disponible,Nombre de pages non disponible,Rang de vente non disponible,Manga,9.0,,
"Vagabond, tome 3",https://www.amazon.fr/Vagabond-3-Takehiko-Inou%C3%A9/dp/2845801238/ref=sr_1_140,"9,99 €",Takehiko Inoué,"4,9 sur 5 étoiles, détails de l’évaluation",228,Broché,https://m.media-amazon.com/images/I/61tXpeRI-RL._AC_UY218_.jpg,2025-09-04T18:29:55.024662,Description non disponible depuis la recherche,Stock non disponible,ISBN non disponible,Éditeur non disponible,Date non disponible,Nombre de pages non disponible,Rang de vente non disponible,Manga,9.0,,
One Piece - Édition originale - Tome 87: Impitoyable,https://www.amazon.fr/One-Piece-%C3%89dition-originale-piti%C3%A9/dp/2344030042/ref=sr_1_142,"7,20 €",Eiichiro Oda,"4,8 sur 5 étoiles, détails de l’évaluation",510,Broché,https://m.media-amazon.com/images/I/91AFBJWAUbL._AC_UY218_.jpg,2025-09-04T18:29:55.030050,Description non disponible depuis la recherche,Stock non disponible,ISBN non disponible,Éditeur non disponible,Date non disponible,Nombre de pages non disponible,Rang de vente non disponible,Manga,9.0,,
My Hero Academia T39,https://www.amazon.fr/Hero-Academia-T39-Kohei-Horikoshi/dp/B0CW66YX17/ref=sr_1_143,"6,95 €",Kohei Horikoshi,"4,8 sur 5 étoiles, détails de l’évaluation",135,Poche,https://m.media-amazon.com/images/I/71jTjYzga1L._AC_UY218_.jpg,2025-09-04T18:29:55.032569,Description non disponible depuis la recherche,Stock non disponible,ISBN non disponible,Éditeur non disponible,Date non disponible,Nombre de pages non disponible,Rang de vente non disponible,Manga,9.0,,
Solo Leveling T06,https://www.amazon.fr/Solo-Leveling-Dubu-Redice-Studio/dp/2382880791/ref=sr_1_144,"14,95 €",Dubu (Redice Studio),"4,9 sur 5 étoiles, détails de l’évaluation",656,Broché,https://m.media-amazon.com/images/I/71EdH0QeenL._AC_UY218_.jpg,2025-09-04T18:29:55.034698,Description non disponible depuis la recherche,Stock non disponible,ISBN non disponible,Éditeur non disponible,Date non disponible,Nombre de pages non disponible,Rang de vente non disponible,Manga,9.0,,
Crée Ton Manga Facilement: 100 planches vierges + 1 guide et des fiches à remplir pour créer pas à pas ton manga comme un pro ! Idée cadeau pour ados créatifs,https://www.amazon.fr/Cr%C3%A9e-Ton-Manga-Facilement-planches/dp/B09QFDJSP5/ref=sr_1_145,"10,13 €",de Akiko Ayame | 12 janvier 2022,"4,6 sur 5 étoiles, détails de l’évaluation",484,Broché,https://m.media-amazon.com/images/I/71rBc0wgZgL._AC_UY218_.jpg,2025-09-04T18:29:55.037628,Description non disponible depuis la recherche,Stock non disponible,ISBN non disponible,Éditeur non disponible,Date non disponible,Nombre de pages non disponible,Rang de vente non disponible,Manga,9.0,,
Nine Peaks T08,https://www.amazon.fr/Nine-Peaks-T08-Tetsuhiro-Hirakawa/dp/B0F58W5SS6/ref=sr_1_147,"6,95 €",Tetsuhiro Hirakawa,Note non disponible,0 avis,Broché,https://m.media-amazon.com/images/I/716uiU8GedL._AC_UY218_.jpg,2025-09-04T18:29:55.043507,Description non disponible depuis la recherche,Stock non disponible,ISBN non disponible,Éditeur non disponible,Date non disponible,Nombre de pages non disponible,Rang de vente non disponible,Manga,9.0,,
"Vagabond Definitive Edition, Vol. 1",https://www.amazon.fr/Vagabond-Definitive-Vol-Takehiko-Inoue/dp/1974752585/ref=sr_1_148,"47,71 €",Takehiko Inoue,"4,9 sur 5 étoiles, détails de l’évaluation",239,Relié,https://m.media-amazon.com/images/I/81jPkEYif0L._AC_UY218_.jpg,2025-09-04T18:29:55.045893,Description non disponible depuis la recherche,Stock non disponible,ISBN non disponible,Éditeur non disponible,Date non disponible,Nombre de pages non disponible,Rang de vente non disponible,Manga,9.0,,
When Sweet Turns Spicy: A Villainess Trapped by Her Yandere Fiance (Romance Manga) (English Edition),https://www.amazon.fr/When-Sweet-Turns-Spicy-Villainess-ebook/dp/B0D26GGS95/ref=sr_1_149,"1,33 €",Édition en Anglais | de ITSUMI TAKAHASHI et ISSHIN MOMOKADO | 13 août 2025,"4,2 sur 5 étoiles, détails de l’évaluation",3,Format Kindle,https://m.media-amazon.com/images/I/81l7JrmE7lL._AC_UY218_.jpg,2025-09-04T18:29:55.048272,Description non disponible depuis la recherche,Stock non disponible,ISBN non disponible,Éditeur non disponible,Date non disponible,Nombre de pages non disponible,Rang de vente non disponible,Manga,9.0,,
Solo Leveling T13,https://www.amazon.fr/Solo-Leveling-DUBU-REDICE-STUDIO/dp/2382882557/ref=sr_1_150,"14,95 €",DUBU(REDICE STUDIO),"4,8 sur 5 étoiles, détails de l’évaluation",190,Broché,https://m.media-amazon.com/images/I/71xz1dp2rOL._AC_UY218_.jpg,2025-09-04T18:29:55.050390,Description non disponible depuis la recherche,Stock non disponible,ISBN non disponible,Éditeur non disponible,Date non disponible,Nombre de pages non disponible,Rang de vente non disponible,Manga,9.0,,
"One piece, Volume 13",https://www.amazon.fr/One-piece-13-Eiichiro-Oda/dp/2723492583/ref=sr_1_147,"7,20 €",Eiichiro Oda,"4,8 sur 5 étoiles, détails de l’évaluation",1 548,Poche,https://m.media-amazon.com/images/I/91tLWrNO2oL._AC_UY218_.jpg,2025-09-04T18:30:05.888295,Description non disponible depuis la recherche,Stock non disponible,ISBN non disponible,Éditeur non disponible,Date non disponible,Nombre de pages non disponible,Rang de vente non disponible,Manga,10.0,,
One Piece - Édition originale - Tome 15: Droit devant !!,https://www.amazon.fr/One-Piece-%C3%89dition-originale-devant/dp/2723492605/ref=sr_1_148,"7,20 €",Eiichiro Oda,"4,8 sur 5 étoiles, détails de l’évaluation",1 411,Broché,https://m.media-amazon.com/images/I/91FroDUnIXL._AC_UY218_.jpg,2025-09-04T18:30:05.891057,Description non disponible depuis la recherche,Stock non disponible,ISBN non disponible,Éditeur non disponible,Date non disponible,Nombre de pages non disponible,Rang de vente non disponible,Manga,10.0,,
Stitch et le samouraï T02,https://www.amazon.fr/Stitch-samourai-T02-Hiroto-Wada/dp/2373497719/ref=sr_1_149,"7,20 €",Hiroto Wada,"4,8 sur 5 étoiles, détails de l’évaluation",147,Poche,https://m.media-amazon.com/images/I/81yBU8tEP5L._AC_UY218_.jpg,2025-09-04T18:30:05.893236,Description non disponible depuis la recherche,Stock non disponible,ISBN non disponible,Éditeur non disponible,Date non disponible,Nombre de pages non disponible,Rang de vente non disponible,Manga,10.0,,
Solo Leveling T04,https://www.amazon.fr/Solo-Leveling-T04-Chugong/dp/2382880325/ref=sr_1_150,"14,95 €",Chugong,"4,9 sur 5 étoiles, détails de l’évaluation",729,Broché,https://m.media-amazon.com/images/I/71vyNnG29SL._AC_UY218_.jpg,2025-09-04T18:30:05.895268,Description non disponible depuis la recherche,Stock non disponible,ISBN non disponible,Éditeur non disponible,Date non disponible,Nombre de pages non disponible,Rang de vente non disponible,Manga,10.0,,
Dragon Quest - The Adventure of Daï T11,https://www.amazon.fr/Dragon-Quest-Adventure-Da%C3%AF-T11/dp/2413079831/ref=sr_1_153,"12,99 €",Riku Sanjo,"4,8 sur 5 étoiles, détails de l’évaluation",13,Broché,https://m.media-amazon.com/images/I/91W+VEzEEBL._AC_UY218_.jpg,2025-09-04T18:30:05.904274,Description non disponible depuis la recherche,Stock non disponible,ISBN non disponible,Éditeur non disponible,Date non disponible,Nombre de pages non disponible,Rang de vente non disponible,Manga,10.0,,
One Piece - Édition originale - Tome 108,https://www.amazon.fr/One-Piece-%C3%89dition-originale-108/dp/2344061339/ref=sr_1_154,"7,20 €",Eiichiro Oda,"4,4 sur 5 étoiles, détails de l’évaluation",166,Broché,https://m.media-amazon.com/images/I/91Z6Xb1T4AL._AC_UY218_.jpg,2025-09-04T18:30:05.907071,Description non disponible depuis la recherche,Stock non disponible,ISBN non disponible,Éditeur non disponible,Date non disponible,Nombre de pages non disponible,Rang de vente non disponible,Manga,10.0,,
Solo Leveling T07,https://www.amazon.fr/Solo-Leveling-DUBU-REDICE-STUDIO/dp/2382880910/ref=sr_1_155,"14,95 €",DUBU(REDICE STUDIO),"4,8 sur 5 étoiles, détails de l’évaluation",409,Broché,https://m.media-amazon.com/images/I/81MMHsCpVtL._AC_UY218_.jpg,2025-09-04T18:30:05.909140,Description non disponible depuis la recherche,Stock non disponible,ISBN non disponible,Éditeur non disponible,Date non disponible,Nombre de pages non disponible,Rang de vente non disponible,Manga,10.0,,
Blame Deluxe - Tome 03,https://www.amazon.fr/Blame-Deluxe-03-Tsutomu-Nihei/dp/2344031804/ref=sr_1_156,"14,95 €",Tsutomu Nihei,"4,8 sur 5 étoiles, détails de l’évaluation",170,Broché,https://m.media-amazon.com/images/I/81lTaGYzjYL._AC_UY218_.jpg,2025-09-04T18:30:05.911925,Description non disponible depuis la recherche,Stock non disponible,ISBN non disponible,Éditeur non disponible,Date non disponible,Nombre de pages non disponible,Rang de vente non disponible,Manga,10.0,,
"Pokémon La Grande Aventure, tome 1 - Édition française",https://www.amazon.fr/Pok%C3%A9mon-Grande-Aventure-%C3%89dition-fran%C3%A7aise/dp/2368520139/ref=sr_1_158,"10,00 €",Hidenori Kusaka,"4,7 sur 5 étoiles, détails de l’évaluation",807,Broché,https://m.media-amazon.com/images/I/71iPhxzPaoL._AC_UY218_.jpg,2025-09-04T18:30:05.917641,Description non disponible depuis la recherche,Stock non disponible,ISBN non disponible,Éditeur non disponible,Date non disponible,Nombre de pages non disponible,Rang de vente non disponible,Manga,10.0,,
My Hero Academia T04 (04),https://www.amazon.fr/My-Hero-Academia-T04-04/dp/2355929882/ref=sr_1_159,"6,95 €",Kohei Horikoshi,"4,8 sur 5 étoiles, détails de l’évaluation",2 391,Broché,https://m.media-amazon.com/images/I/71frupZ4l1L._AC_UY218_.jpg,2025-09-04T18:30:05.920400,Description non disponible depuis la recherche,Stock non disponible,ISBN non disponible,Éditeur non disponible,Date non disponible,Nombre de pages non disponible,Rang de vente non disponible,Manga,10.0,,
Nausicaä NE - Tome 05,https://www.amazon.fr/Nausica%C3%A4-NE-05-Hayao-Miyazaki/dp/2723473074/ref=sr_1_160,"10,95 €",Hayao Miyazaki,"4,9 sur 5 étoiles, détails de l’évaluation",153,Broché,https://m.media-amazon.com/images/I/61ZA0yrCLRL._AC_UY218_.jpg,2025-09-04T18:30:05.922452,Description non disponible depuis la recherche,Stock non disponible,ISBN non disponible,Éditeur non disponible,Date non disponible,Nombre de pages non disponible,Rang de vente non disponible,Manga,10.0,,
LA CANTINE DE MINUIT - LA CUISINE JAPONAISE À LA MAISON,https://www.amazon.fr/CANINE-MINUIT-CUISINE-JAPONAISE-MAISON/dp/2353482287/ref=sr_1_161,"15,00 €",Yarô ABE,"4,7 sur 5 étoiles, détails de l’évaluation",25,Broché,https://m.media-amazon.com/images/I/81aDOezSm9L._AC_UY218_.jpg,2025-09-04T18:30:05.924410,Description non disponible depuis la recherche,Stock non disponible,ISBN non disponible,Éditeur non disponible,Date non disponible,Nombre de pages non disponible,Rang de vente non disponible,Manga,10.0,,
Dr. Stone - Tome 05: Histoires du temps jadis,https://www.amazon.fr/Dr-Stone-Histoires-temps-jadis/dp/2344034358/ref=sr_1_163,"7,20 €",Riichirô Inagaki,"4,8 sur 5 étoiles, détails de l’évaluation",577,Poche,https://m.media-amazon.com/images/I/91vAzJGc4oL._AC_UY218_.jpg,2025-09-04T18:30:05.930160,Description non disponible depuis la recherche,Stock non disponible,ISBN non disponible,Éditeur non disponible,Date non disponible,Nombre de pages non disponible,Rang de vente non disponible,Manga,10.0,,
"Escape Game Manga: Livre d'énigmes interactif pour tous les fans de mangas, adultes et ados",https://www.amazon.fr/Escape-Game-Manga-d%C3%A9nigmes-interactif/dp/2487277408/ref=sr_1_164,"16,99 €",SOLV,"4,3 sur 5 étoiles, détails de l’évaluation",56,Broché,https://m.media-amazon.com/images/I/61pFt6aLblL._AC_UY218_.jpg,2025-09-04T18:30:05.932387,Description non disponible depuis la recherche,Stock non disponible,ISBN non disponible,Éditeur non disponible,Date non disponible,Nombre de pages non disponible,Rang de vente non disponible,Manga,10.0,,
Face aux étoiles - Tome 4,https://www.amazon.fr/Face-aux-%C3%A9toiles-Satoshi-Morie-ebook/dp/B0FP6KX2Q2/ref=sr_1_165,"4,49 €",de Satoshi Morie et Anaïs Fourny | 4 septembre 2025,Face aux étoiles - Tome 4,0 avis,Format Kindle,https://m.media-amazon.com/images/I/81+GDNOFbrL._AC_UY218_.jpg,2025-09-04T18:30:05.935522,Description non disponible depuis la recherche,Stock non disponible,ISBN non disponible,Éditeur non disponible,Date non disponible,Nombre de pages non disponible,Rang de vente non disponible,Manga,10.0,,
Manga Story: Le Manga Shonen par le Chef Otaku,https://www.amazon.fr/Manga-Story-Shonen-Chef-Otaku/dp/2072988292/ref=sr_1_166,"32,00 €",de Chef Otaku | 20 octobre 2022,"4,6 sur 5 étoiles, détails de l’évaluation",25,Broché,https://m.media-amazon.com/images/I/81iQexAg06L._AC_UY218_.jpg,2025-09-04T18:30:05.938185,Description non disponible depuis la recherche,Stock non disponible,ISBN non disponible,Éditeur non disponible,Date non disponible,Nombre de pages non disponible,Rang de vente non disponible,Manga,10.0,,
Manga Story: Le Manga Shonen par le Chef Otaku,https://www.amazon.fr/Manga-Story-Shonen-Chef-Otaku/dp/2072988292/ref=sr_1_163,"32,00 €",de Chef Otaku | 20 octobre 2022,"4,6 sur 5 étoiles, détails de l’évaluation",25,Broché,https://m.media-amazon.com/images/I/81iQexAg06L._AC_UY218_.jpg,2025-09-04T18:35:46.562377,Description non disponible depuis la recherche,Stock non disponible,ISBN non disponible,Éditeur non disponible,Date non disponible,Nombre de pages non disponible,Rang de vente non disponible,Manga,11.0,,
"Jujutsu Kaisen T01 (1) (Shonen / Jujutsu Kaisen), (français)",https://www.amazon.fr/Jujutsu-Kaisen-T01-Gege-Akutami/dp/B07TNNP3ZL/ref=sr_1_164,"6,95 €",de Gege Akutami et Fédoua Lamodière | 6 février 2020,"4,8 sur 5 étoiles, détails de l’évaluation",1 832,Broché,https://m.media-amazon.com/images/I/71+HW7-kq2L._AC_UY218_.jpg,2025-09-04T18:35:46.566036,Description non disponible depuis la recherche,Stock non disponible,ISBN non disponible,Éditeur non disponible,Date non disponible,Nombre de pages non disponible,Rang de vente non disponible,Manga,11.0,,
DANDADAN T16,https://www.amazon.fr/DANDADAN-T16-Yukinobu-Tatsu/dp/2820351689/ref=sr_1_165,"7,29 €",Yukinobu Tatsu,"4,8 sur 5 étoiles, détails de l’évaluation",78,Poche,https://m.media-amazon.com/images/I/81WCehzvDXL._AC_UY218_.jpg,2025-09-04T18:35:46.569332,Description non disponible depuis la recherche,Stock non disponible,ISBN non disponible,Éditeur non disponible,Date non disponible,Nombre de pages non disponible,Rang de vente non disponible,Manga,11.0,,
To End this love game... - Tome 3,https://www.amazon.fr/End-this-love-game/dp/2505125201/ref=sr_1_166,"8,10 €",Yuki Domoto,Note non disponible,0 avis,Broché,https://m.media-amazon.com/images/I/817nTjNaYML._AC_UY218_.jpg,2025-09-04T18:35:46.572547,Description non disponible depuis la recherche,Stock non disponible,ISBN non disponible,Éditeur non disponible,Date non disponible,Nombre de pages non disponible,Rang de vente non disponible,Manga,11.0,,
Virtual Girl IA,https://www.amazon.fr/Virtual-Girl-IA-J%C3%A9r%C3%B4me-CANU/dp/B0FLJW25R1/ref=sr_1_169,"15,99 €",de Jérôme CANU | 6 août 2025,"5,0 sur 5 étoiles, détails de l’évaluation",3,Relié,https://m.media-amazon.com/images/I/711wTwoTJOL._AC_UY218_.jpg,2025-09-04T18:35:46.582247,Description non disponible depuis la recherche,Stock non disponible,ISBN non disponible,Éditeur non disponible,Date non disponible,Nombre de pages non disponible,Rang de vente non disponible,Manga,11.0,,
My Hero Academia T13 (13),https://www.amazon.fr/My-Hero-Academia-T13-13/dp/B078X52K33/ref=sr_1_170,"6,95 €",Kohei Horikoshi,"4,8 sur 5 étoiles, détails de l’évaluation",1 197,Poche,https://m.media-amazon.com/images/I/718YHKVvsGL._AC_UY218_.jpg,2025-09-04T18:35:46.584966,Description non disponible depuis la recherche,Stock non disponible,ISBN non disponible,Éditeur non disponible,Date non disponible,Nombre de pages non disponible,Rang de vente non disponible,Manga,11.0,,
The Legend of Zelda - Ocarina of Time - Perfect Edition,https://www.amazon.fr/Legend-Zelda-Ocarina-Time-Perfect/dp/2302054210/ref=sr_1_171,"19,99 €",Akira Himekawa,"4,8 sur 5 étoiles, détails de l’évaluation",418,Relié,https://m.media-amazon.com/images/I/81XdFxUR+xL._AC_UY218_.jpg,2025-09-04T18:35:46.587713,Description non disponible depuis la recherche,Stock non disponible,ISBN non disponible,Éditeur non disponible,Date non disponible,Nombre de pages non disponible,Rang de vente non disponible,Manga,11.0,,
Demon Slayer : Spin-off,https://www.amazon.fr/Demon-Slayer-Spin-off-Ryoji-Hirano/dp/B09BGF67P7/ref=sr_1_172,"7,29 €",Koyoharu Gotouge,"4,8 sur 5 étoiles, détails de l’évaluation",331,Broché,https://m.media-amazon.com/images/I/81h8i1gFcuL._AC_UY218_.jpg,2025-09-04T18:35:46.590624,Description non disponible depuis la recherche,Stock non disponible,ISBN non disponible,Éditeur non disponible,Date non disponible,Nombre de pages non disponible,Rang de vente non disponible,Manga,11.0,,
Boruto - Naruto next generations - Tome 7,https://www.amazon.fr/Boruto-Naruto-next-generations-7/dp/2505074429/ref=sr_1_174,"7,30 €",Ukyo Kodachi,"4,8 sur 5 étoiles, détails de l’évaluation",642,Broché,https://m.media-amazon.com/images/I/81VtAFglF6L._AC_UY218_.jpg,2025-09-04T18:35:46.596221,Description non disponible depuis la recherche,Stock non disponible,ISBN non disponible,Éditeur non disponible,Date non disponible,Nombre de pages non disponible,Rang de vente non disponible,Manga,11.0,,
Monster - Intégrale Deluxe - Tome 5,https://www.amazon.fr/Monster-Deluxe-Vol-5-URASAWA-Naoki/dp/250501213X/ref=sr_1_175,"15,90 €",Naoki Urasawa,"4,8 sur 5 étoiles, détails de l’évaluation",133,Broché,https://m.media-amazon.com/images/I/71KBGo4B7eL._AC_UY218_.jpg,2025-09-04T18:35:46.598314,Description non disponible depuis la recherche,Stock non disponible,ISBN non disponible,Éditeur non disponible,Date non disponible,Nombre de pages non disponible,Rang de vente non disponible,Manga,11.0,,
One Piece - Édition originale - Tome 07: Vieux machin,https://www.amazon.fr/One-piece-originale-ODA-Eiichir%C3%B4/dp/2723489949/ref=sr_1_176,"7,20 €",Eiichiro Oda,"4,8 sur 5 étoiles, détails de l’évaluation",2 496,Broché,https://m.media-amazon.com/images/I/91VPUjVne6L._AC_UY218_.jpg,2025-09-04T18:35:46.601351,Description non disponible depuis la recherche,Stock non disponible,ISBN non disponible,Éditeur non disponible,Date non disponible,Nombre de pages non disponible,Rang de vente non disponible,Manga,11.0,,
ONE-PUNCH MAN - tome 01 (1),https://www.amazon.fr/ONE-PUNCH-MAN-01-Yusuke-Murata/dp/2368522255/ref=sr_1_177,"7,30 €",de Yusuke Murata et Frédéric Malet | 14 janvier 2016,"4,7 sur 5 étoiles, détails de l’évaluation",822,Poche,https://m.media-amazon.com/images/I/71vmRHMrG3L._AC_UY218_.jpg,2025-09-04T18:35:46.604547,Description non disponible depuis la recherche,Stock non disponible,ISBN non disponible,Éditeur non disponible,Date non disponible,Nombre de pages non disponible,Rang de vente non disponible,Manga,11.0,,
Monster - Intégrale Deluxe - Tome 1,https://www.amazon.fr/Monster-Int%C3%A9grale-Luxe-regroupant-tomes/dp/2505009996/ref=sr_1_179,"15,90 €",Naoki Urasawa,"4,5 sur 5 étoiles, détails de l’évaluation",253,Broché,https://m.media-amazon.com/images/I/71Dwvq6b6PL._AC_UY218_.jpg,2025-09-04T18:35:46.609774,Description non disponible depuis la recherche,Stock non disponible,ISBN non disponible,Éditeur non disponible,Date non disponible,Nombre de pages non disponible,Rang de vente non disponible,Manga,11.0,,
One Piece - Édition originale - Tome 23: L'aventure de Vivi,https://www.amazon.fr/One-Piece-%C3%89dition-originale-Laventure/dp/2723494799/ref=sr_1_180,"7,20 €",Eiichiro Oda,"4,8 sur 5 étoiles, détails de l’évaluation",979,Broché,https://m.media-amazon.com/images/I/91WuVHH4FsL._AC_UY218_.jpg,2025-09-04T18:35:46.612441,Description non disponible depuis la recherche,Stock non disponible,ISBN non disponible,Éditeur non disponible,Date non disponible,Nombre de pages non disponible,Rang de vente non disponible,Manga,11.0,,
Jujutsu Kaisen T05 (5),https://www.amazon.fr/Jujutsu-Kaisen-T05-Gege-Akutami/dp/B08BDZ2DCL/ref=sr_1_181,"6,95 €",de Gege Akutami et Fédoua Lamodière | 1 octobre 2020,"4,9 sur 5 étoiles, détails de l’évaluation",1 255,Poche,https://m.media-amazon.com/images/I/71sWIrkx4RL._AC_UY218_.jpg,2025-09-04T18:35:46.615658,Description non disponible depuis la recherche,Stock non disponible,ISBN non disponible,Éditeur non disponible,Date non disponible,Nombre de pages non disponible,Rang de vente non disponible,Manga,11.0,,
Oshi no ko - T4 (4),https://www.amazon.fr/Oshi-no-ko-T4-4/dp/2380713073/ref=sr_1_182,"7,95 €",Aka Akasaka,"4,9 sur 5 étoiles, détails de l’évaluation",168,Poche,https://m.media-amazon.com/images/I/71hLRVym6hL._AC_UY218_.jpg,2025-09-04T18:35:46.618294,Description non disponible depuis la recherche,Stock non disponible,ISBN non disponible,Éditeur non disponible,Date non disponible,Nombre de pages non disponible,Rang de vente non disponible,Manga,11.0,,
Oshi no ko - T4 (4),https://www.amazon.fr/Oshi-no-ko-T4-4/dp/2380713073/ref=sr_1_179,"7,95 €",Aka Akasaka,"4,9 sur 5 étoiles, détails de l’évaluation",168,Poche,https://m.media-amazon.com/images/I/71hLRVym6hL._AC_UY218_.jpg,2025-09-04T18:35:55.294312,Description non disponible depuis la recherche,Stock non disponible,ISBN non disponible,Éditeur non disponible,Date non disponible,Nombre de pages non disponible,Rang de vente non disponible,Manga,12.0,,
Monster - Intégrale Deluxe - Tome 4,https://www.amazon.fr/Monster-Deluxe-Vol-4-URASAWA-Naoki/dp/250501096X/ref=sr_1_180,"15,90 €",Naoki Urasawa,"4,8 sur 5 étoiles, détails de l’évaluation",151,Broché,https://m.media-amazon.com/images/I/81tZBz3jk5L._AC_UY218_.jpg,2025-09-04T18:35:55.296499,Description non disponible depuis la recherche,Stock non disponible,ISBN non disponible,Éditeur non disponible,Date non disponible,Nombre de pages non disponible,Rang de vente non disponible,Manga,12.0,,
Jujutsu Kaisen T12 (12),https://www.amazon.fr/Jujutsu-Kaisen-T12-Gege-Akutami/dp/B098GSRMS5/ref=sr_1_181,"6,95 €",Gege Akutami,"4,9 sur 5 étoiles, détails de l’évaluation",490,Poche,https://m.media-amazon.com/images/I/71m0VZdn1aL._AC_UY218_.jpg,2025-09-04T18:35:55.299000,Description non disponible depuis la recherche,Stock non disponible,ISBN non disponible,Éditeur non disponible,Date non disponible,Nombre de pages non disponible,Rang de vente non disponible,Manga,12.0,,
One piece Monsieur Tom - Tome 37,https://www.amazon.fr/One-piece-37-Eiichiro-Oda/dp/2723498654/ref=sr_1_182,"7,20 €",Eiichiro Oda,"4,9 sur 5 étoiles, détails de l’évaluation",690,Broché,https://m.media-amazon.com/images/I/91UWPqDKtlL._AC_UY218_.jpg,2025-09-04T18:35:55.301775,Description non disponible depuis la recherche,Stock non disponible,ISBN non disponible,Éditeur non disponible,Date non disponible,Nombre de pages non disponible,Rang de vente non disponible,Manga,12.0,,
One-punch Man 2: Le Secret De La Puissance,https://www.amazon.fr/One-punch-Man-2-Secret-Puissance/dp/2368522646/ref=sr_1_185,"7,30 €",de Yusuke Murata et Frédéric Malet | 10 mars 2016,"4,8 sur 5 étoiles, détails de l’évaluation",563,Poche,https://m.media-amazon.com/images/I/71HQBkxsbJL._AC_UY218_.jpg,2025-09-04T18:35:55.310457,Description non disponible depuis la recherche,Stock non disponible,ISBN non disponible,Éditeur non disponible,Date non disponible,Nombre de pages non disponible,Rang de vente non disponible,Manga,12.0,,
Chi - Une vie de chat - Tome 08,https://www.amazon.fr/CHI-Une-vie-chat-Vol-8/dp/2723486354/ref=sr_1_186,"10,75 €",de Konami Kanata | 23 mai 2012,"4,9 sur 5 étoiles, détails de l’évaluation",240,Broché,https://m.media-amazon.com/images/I/51S43igz98S._AC_UY218_.jpg,2025-09-04T18:35:55.313108,Description non disponible depuis la recherche,Stock non disponible,ISBN non disponible,Éditeur non disponible,Date non disponible,Nombre de pages non disponible,Rang de vente non disponible,Manga,12.0,,
Demon Slayer T21,https://www.amazon.fr/Demon-Slayer-T21-Koyoharu-Gotouge/dp/B09HFT3R87/ref=sr_1_187,"7,29 €",Koyoharu Gotouge,"4,9 sur 5 étoiles, détails de l’évaluation",812,Broché,https://m.media-amazon.com/images/I/81aYrEoo0hL._AC_UY218_.jpg,2025-09-04T18:35:55.315810,Description non disponible depuis la recherche,Stock non disponible,ISBN non disponible,Éditeur non disponible,Date non disponible,Nombre de pages non disponible,Rang de vente non disponible,Manga,12.0,,
Monster - Intégrale Deluxe - Tome 8,https://www.amazon.fr/Monster-Deluxe-Vol-8-URASAWA-Naoki/dp/2505014922/ref=sr_1_188,"15,90 €",Naoki Urasawa,"4,8 sur 5 étoiles, détails de l’évaluation",134,Broché,https://m.media-amazon.com/images/I/91qkDfWw8bL._AC_UY218_.jpg,2025-09-04T18:35:55.317961,Description non disponible depuis la recherche,Stock non disponible,ISBN non disponible,Éditeur non disponible,Date non disponible,Nombre de pages non disponible,Rang de vente non disponible,Manga,12.0,,
Cat's Eye Perfect Edition T06,https://www.amazon.fr/Cats-Eye-Perfect-Tsukasa-Hojo/dp/B0CY1ZB3C9/ref=sr_1_190,"16,99 €",Tsukasa Hojo,"4,8 sur 5 étoiles, détails de l’évaluation",14,Broché,https://m.media-amazon.com/images/I/61W51FSh6eL._AC_UY218_.jpg,2025-09-04T18:35:55.322888,Description non disponible depuis la recherche,Stock non disponible,ISBN non disponible,Éditeur non disponible,Date non disponible,Nombre de pages non disponible,Rang de vente non disponible,Manga,12.0,,
"Dragon Ball - Édition originale - Tome 41: Courage, Super Gotenks",https://www.amazon.fr/Dragon-Ball-sens-lecture-japonais/dp/2723449386/ref=sr_1_191,"7,20 €",Akira Toriyama,"4,8 sur 5 étoiles, détails de l’évaluation",160,Poche,https://m.media-amazon.com/images/I/91HJcmOSvzL._AC_UY218_.jpg,2025-09-04T18:35:55.324865,Description non disponible depuis la recherche,Stock non disponible,ISBN non disponible,Éditeur non disponible,Date non disponible,Nombre de pages non disponible,Rang de vente non disponible,Manga,12.0,,
Demon Slayer T12,https://www.amazon.fr/Demon-Slayer-T12-Koyoharu-Gotouge/dp/2809490082/ref=sr_1_192,"7,29 €",Koyoharu Gotouge,"4,9 sur 5 étoiles, détails de l’évaluation",1 482,Broché,https://m.media-amazon.com/images/I/81KdnHbeCVL._AC_UY218_.jpg,2025-09-04T18:35:55.327531,Description non disponible depuis la recherche,Stock non disponible,ISBN non disponible,Éditeur non disponible,Date non disponible,Nombre de pages non disponible,Rang de vente non disponible,Manga,12.0,,
Princesse Mononoke - Anime comics - Studio Ghibli,https://www.amazon.fr/Princesse-Mononoke-comics-Studio-Ghibli/dp/2344031707/ref=sr_1_193,"17,90 €",Hayao Miyazaki,"4,6 sur 5 étoiles, détails de l’évaluation",137,Broché,https://m.media-amazon.com/images/I/81u9L2mb3rL._AC_UY218_.jpg,2025-09-04T18:35:55.329618,Description non disponible depuis la recherche,Stock non disponible,ISBN non disponible,Éditeur non disponible,Date non disponible,Nombre de pages non disponible,Rang de vente non disponible,Manga,12.0,,
Naruto - Tome 8,https://www.amazon.fr/Naruto-8-Masashi-Kishimoto/dp/2871295522/ref=sr_1_195,"7,30 €",Masashi Kishimoto,"4,8 sur 5 étoiles, détails de l’évaluation",1 901,Broché,https://m.media-amazon.com/images/I/81DDnwiSA9L._AC_UY218_.jpg,2025-09-04T18:35:55.335349,Description non disponible depuis la recherche,Stock non disponible,ISBN non disponible,Éditeur non disponible,Date non disponible,Nombre de pages non disponible,Rang de vente non disponible,Manga,12.0,,
Dragon Ball - Édition originale - Tome 36: La naissance d'un nouveau héros !!,https://www.amazon.fr/Dragon-Ball-36-naissance-nouvel/dp/2723449335/ref=sr_1_196,"7,20 €",Akira Toriyama,"5,0 sur 5 étoiles, détails de l’évaluation",151,Broché,https://m.media-amazon.com/images/I/81PBb7HTDdL._AC_UY218_.jpg,2025-09-04T18:35:55.337385,Description non disponible depuis la recherche,Stock non disponible,ISBN non disponible,Éditeur non disponible,Date non disponible,Nombre de pages non disponible,Rang de vente non disponible,Manga,12.0,,
Demon Slayer T10,https://www.amazon.fr/Demon-Slayer-T10-Koyoharu-Gotouge/dp/2809488282/ref=sr_1_197,"7,29 €",Koyoharu Gotouge,"4,9 sur 5 étoiles, détails de l’évaluation",1 620,Broché,https://m.media-amazon.com/images/I/81Cobj2+KBL._AC_UY218_.jpg,2025-09-04T18:35:55.340044,Description non disponible depuis la recherche,Stock non disponible,ISBN non disponible,Éditeur non disponible,Date non disponible,Nombre de pages non disponible,Rang de vente non disponible,Manga,12.0,,
Demon Slayer T07,https://www.amazon.fr/Demon-Slayer-T07-Koyoharu-Gotouge/dp/2809486611/ref=sr_1_198,"7,29 €",Koyoharu Gotouge,"4,8 sur 5 étoiles, détails de l’évaluation",2 008,Broché,https://m.media-amazon.com/images/I/81Lsq2Yzp4L._AC_UY218_.jpg,2025-09-04T18:35:55.342750,Description non disponible depuis la recherche,Stock non disponible,ISBN non disponible,Éditeur non disponible,Date non disponible,Nombre de pages non disponible,Rang de vente non disponible,Manga,12.0,,
Mon Voisin Totoro - Anime comics - Studio Ghibli,https://www.amazon.fr/Mon-Voisin-Totoro-comics-Studio/dp/2344030255/ref=sr_1_195,"15,50 €",Hayao Miyazaki,"4,7 sur 5 étoiles, détails de l’évaluation",223,Broché,https://m.media-amazon.com/images/I/81BOhN5lU-L._AC_UY218_.jpg,2025-09-04T18:36:07.000075,Description non disponible depuis la recherche,Stock non disponible,ISBN non disponible,Éditeur non disponible,Date non disponible,Nombre de pages non disponible,Rang de vente non disponible,Manga,13.0,,
Chi - Une vie de chat - Tome 06,https://www.amazon.fr/CHI-Une-vie-chat-Vol-6/dp/2723483630/ref=sr_1_196,"10,75 €",de Konami Kanata | 7 septembre 2011,"4,8 sur 5 étoiles, détails de l’évaluation",307,Broché,https://m.media-amazon.com/images/I/51n5-0fuH4S._AC_UY218_.jpg,2025-09-04T18:36:07.002701,Description non disponible depuis la recherche,Stock non disponible,ISBN non disponible,Éditeur non disponible,Date non disponible,Nombre de pages non disponible,Rang de vente non disponible,Manga,13.0,,
GYO 2IN1 DLX ED HC,https://www.amazon.fr/GYO-2IN1-DLX-ED-HC/dp/1421579154/ref=sr_1_197,"22,52 €",Junji Ito,"4,8 sur 5 étoiles, détails de l’évaluation",8 340,Relié,https://m.media-amazon.com/images/I/81Lq0cGq4wL._AC_UY218_.jpg,2025-09-04T18:36:07.004918,Description non disponible depuis la recherche,Stock non disponible,ISBN non disponible,Éditeur non disponible,Date non disponible,Nombre de pages non disponible,Rang de vente non disponible,Manga,13.0,,
One Piece - Édition originale - Tome 60: Petit frère,https://www.amazon.fr/One-Piece-%C3%89dition-originale-Petit/dp/2344002049/ref=sr_1_198,"7,20 €",Eiichiro Oda,"4,8 sur 5 étoiles, détails de l’évaluation",510,Poche,https://m.media-amazon.com/images/I/91o7PKETA2L._AC_UY218_.jpg,2025-09-04T18:36:07.007446,Description non disponible depuis la recherche,Stock non disponible,ISBN non disponible,Éditeur non disponible,Date non disponible,Nombre de pages non disponible,Rang de vente non disponible,Manga,13.0,,
On ne mange pas les cannibales - Une bombe d'émotions et de férocité par l'une des nouvelles grandes voix du polar français,https://www.amazon.fr/mange-pas-cannibales-d%C3%A9motions-nouvelles/dp/2714404855/ref=sr_1_201,"20,00 €",Stéphanie Artarit,"4,3 sur 5 étoiles, détails de l’évaluation",34,Broché,https://m.media-amazon.com/images/I/71txlxJPrcL._AC_UY218_.jpg,2025-09-04T18:36:07.016798,Description non disponible depuis la recherche,Stock non disponible,ISBN non disponible,Éditeur non disponible,Date non disponible,Nombre de pages non disponible,Rang de vente non disponible,Manga,13.0,,
"Salomé After School T01: Salomé After School, T1",https://www.amazon.fr/Salom%C3%A9-After-School-T01-T1-ebook/dp/B0D8V2H4J9/ref=sr_1_202,Prix non disponible,Akane Hoshikubo,"4,4 sur 5 étoiles, détails de l’évaluation",17,Format Kindle,https://m.media-amazon.com/images/I/81Dr1Pk7WcL._AC_UY218_.jpg,2025-09-04T18:36:07.019773,Description non disponible depuis la recherche,Stock non disponible,ISBN non disponible,Éditeur non disponible,Date non disponible,Nombre de pages non disponible,Rang de vente non disponible,Manga,13.0,,
Jujutsu Kaisen T17,https://www.amazon.fr/Jujutsu-Kaisen-T17-Gege-Akutami/dp/B0B4SZ961W/ref=sr_1_203,"6,95 €",Gege Akutami,"4,9 sur 5 étoiles, détails de l’évaluation",247,Poche,https://m.media-amazon.com/images/I/71iY2J0CrHL._AC_UY218_.jpg,2025-09-04T18:36:07.022302,Description non disponible depuis la recherche,Stock non disponible,ISBN non disponible,Éditeur non disponible,Date non disponible,Nombre de pages non disponible,Rang de vente non disponible,Manga,13.0,,
Super Mario Manga Adventures T31,https://www.amazon.fr/Super-Mario-Manga-Adventures-T31/dp/2302101480/ref=sr_1_204,"7,29 €",SAWADA,"4,8 sur 5 étoiles, détails de l’évaluation",33,Broché,https://m.media-amazon.com/images/I/81Vtc44CujL._AC_UY218_.jpg,2025-09-04T18:36:07.024449,Description non disponible depuis la recherche,Stock non disponible,ISBN non disponible,Éditeur non disponible,Date non disponible,Nombre de pages non disponible,Rang de vente non disponible,Manga,13.0,,
Dragon Ball - Édition originale - Tome 34: Le guerrier qui a surpassé Gokû,https://www.amazon.fr/Dragon-Ball-34-guerrier-surpass%C3%A9/dp/2723449319/ref=sr_1_206,"7,20 €",Akira Toriyama,"4,9 sur 5 étoiles, détails de l’évaluation",151,Broché,https://m.media-amazon.com/images/I/819HSheMZCL._AC_UY218_.jpg,2025-09-04T18:36:07.029506,Description non disponible depuis la recherche,Stock non disponible,ISBN non disponible,Éditeur non disponible,Date non disponible,Nombre de pages non disponible,Rang de vente non disponible,Manga,13.0,,
One Piece - Édition originale - Tome 63: Otohime et Tiger,https://www.amazon.fr/One-Piece-%C3%89dition-originale-Otohime/dp/2723487695/ref=sr_1_207,"7,20 €",Eiichiro Oda,"4,8 sur 5 étoiles, détails de l’évaluation",507,Broché,https://m.media-amazon.com/images/I/91I32+xz6cL._AC_UY218_.jpg,2025-09-04T18:36:07.032259,Description non disponible depuis la recherche,Stock non disponible,ISBN non disponible,Éditeur non disponible,Date non disponible,Nombre de pages non disponible,Rang de vente non disponible,Manga,13.0,,
Coffret Demon Slayer T07 à T12,https://www.amazon.fr/Coffret-Demon-Slayer-T07-T12/dp/B0B76GXZR6/ref=sr_1_208,"43,74 €",Koyoharu Gotouge,"4,8 sur 5 étoiles, détails de l’évaluation",201,Broché,https://m.media-amazon.com/images/I/71PHdciXTSL._AC_UY218_.jpg,2025-09-04T18:36:07.034297,Description non disponible depuis la recherche,Stock non disponible,ISBN non disponible,Éditeur non disponible,Date non disponible,Nombre de pages non disponible,Rang de vente non disponible,Manga,13.0,,
Fairy Tail - Tome 6,https://www.amazon.fr/Fairy-Tail-6-Hiro-Mashima/dp/2811600442/ref=sr_1_209,"7,20 €",Hiro Mashima,"4,8 sur 5 étoiles, détails de l’évaluation",794,Broché,https://m.media-amazon.com/images/I/91W17wU2n8L._AC_UY218_.jpg,2025-09-04T18:36:07.037140,Description non disponible depuis la recherche,Stock non disponible,ISBN non disponible,Éditeur non disponible,Date non disponible,Nombre de pages non disponible,Rang de vente non disponible,Manga,13.0,,
Toilet-bound Hanako-kun T03,https://www.amazon.fr/Toilet-bound-Hanako-kun-T03-AidaIro/dp/281166422X/ref=sr_1_211,"7,70 €",AidaIro,"4,9 sur 5 étoiles, détails de l’évaluation",261,Poche,https://m.media-amazon.com/images/I/81pr3pxrpVS._AC_UY218_.jpg,2025-09-04T18:36:07.042481,Description non disponible depuis la recherche,Stock non disponible,ISBN non disponible,Éditeur non disponible,Date non disponible,Nombre de pages non disponible,Rang de vente non disponible,Manga,13.0,,
Demon Slayer T13,https://www.amazon.fr/Demon-Slayer-T13-Koyoharu-Gotouge/dp/2809491615/ref=sr_1_212,"7,29 €",Koyoharu Gotouge,"4,8 sur 5 étoiles, détails de l’évaluation",1 391,Broché,https://m.media-amazon.com/images/I/81PlMGJcOrL._AC_UY218_.jpg,2025-09-04T18:36:07.045334,Description non disponible depuis la recherche,Stock non disponible,ISBN non disponible,Éditeur non disponible,Date non disponible,Nombre de pages non disponible,Rang de vente non disponible,Manga,13.0,,
Jujutsu Kaisen T03 (3),https://www.amazon.fr/Jujutsu-Kaisen-T03-Gege-Akutami/dp/B083LSR4R8/ref=sr_1_213,"6,95 €",de Gege Akutami et Fédoua Lamodière | 4 juin 2020,"4,9 sur 5 étoiles, détails de l’évaluation",1 308,Broché,https://m.media-amazon.com/images/I/71icWcsKEgL._AC_UY218_.jpg,2025-09-04T18:36:07.048848,Description non disponible depuis la recherche,Stock non disponible,ISBN non disponible,Éditeur non disponible,Date non disponible,Nombre de pages non disponible,Rang de vente non disponible,Manga,13.0,,
One Piece - Édition originale - Tome 27: Prélude,https://www.amazon.fr/One-Piece-%C3%89dition-originale-Pr%C3%A9lude/dp/2723494837/ref=sr_1_214,"7,20 €",Eiichiro Oda,"4,8 sur 5 étoiles, détails de l’évaluation",905,Broché,https://m.media-amazon.com/images/I/91jk5jBa-pL._AC_UY218_.jpg,2025-09-04T18:36:07.051619,Description non disponible depuis la recherche,Stock non disponible,ISBN non disponible,Éditeur non disponible,Date non disponible,Nombre de pages non disponible,Rang de vente non disponible,Manga,13.0,,
"Manger gras, la grosse surprise: pourquoi le beurre, la viande et le fromage font partie intégrante d’une alimentation saine",https://www.amazon.fr/Manger-gras-grosse-surprise-alimentation/dp/B09K281VJ2/ref=sr_1_211,"15,82 €",Nina Teicholz,"4,7 sur 5 étoiles, détails de l’évaluation",30,Broché,https://m.media-amazon.com/images/I/61VrgJmBXUL._AC_UY218_.jpg,2025-09-04T18:36:16.993298,Description non disponible depuis la recherche,Stock non disponible,ISBN non disponible,Éditeur non disponible,Date non disponible,Nombre de pages non disponible,Rang de vente non disponible,Manga,14.0,,
Dragon Ball - Édition originale - Tome 13: Son Gokû contre-attaque ?!,https://www.amazon.fr/Dragon-Ball-13-Lempire-chaos/dp/2723448355/ref=sr_1_212,"7,20 €",Akira Toriyama,"4,8 sur 5 étoiles, détails de l’évaluation",266,Broché,https://m.media-amazon.com/images/I/81gsJjb44XL._AC_UY218_.jpg,2025-09-04T18:36:16.995322,Description non disponible depuis la recherche,Stock non disponible,ISBN non disponible,Éditeur non disponible,Date non disponible,Nombre de pages non disponible,Rang de vente non disponible,Manga,14.0,,
Super Mario Manga Adventures T29,https://www.amazon.fr/Super-Mario-Manga-Adventures-T29/dp/2302093275/ref=sr_1_213,"7,29 €",Yukio Sawada,"4,8 sur 5 étoiles, détails de l’évaluation",49,Broché,https://m.media-amazon.com/images/I/81eArUiLetL._AC_UY218_.jpg,2025-09-04T18:36:16.997247,Description non disponible depuis la recherche,Stock non disponible,ISBN non disponible,Éditeur non disponible,Date non disponible,Nombre de pages non disponible,Rang de vente non disponible,Manga,14.0,,
Dragon Ball - Édition originale - Tome 14: Un prodigieux bond en avant,https://www.amazon.fr/Dragon-Ball-14-Akira-Toriyama/dp/2723448363/ref=sr_1_214,"7,20 €",Akira Toriyama,"4,9 sur 5 étoiles, détails de l’évaluation",263,Broché,https://m.media-amazon.com/images/I/81lcZJ0UZ5L._AC_UY218_.jpg,2025-09-04T18:36:16.999387,Description non disponible depuis la recherche,Stock non disponible,ISBN non disponible,Éditeur non disponible,Date non disponible,Nombre de pages non disponible,Rang de vente non disponible,Manga,14.0,,
Naruto - Tome 61,https://www.amazon.fr/Naruto-Vol-61-KISHIMOTO-Masashi/dp/2505019592/ref=sr_1_217,"7,30 €",Masashi Kishimoto,"4,8 sur 5 étoiles, détails de l’évaluation",378,Broché,https://m.media-amazon.com/images/I/917SH43Wo8L._AC_UY218_.jpg,2025-09-04T18:36:17.007691,Description non disponible depuis la recherche,Stock non disponible,ISBN non disponible,Éditeur non disponible,Date non disponible,Nombre de pages non disponible,Rang de vente non disponible,Manga,14.0,,
Naruto - Tome 6,https://www.amazon.fr/Naruto-6-Masashi-Kishimoto/dp/2871295115/ref=sr_1_218,"7,30 €",Masashi Kishimoto,"4,8 sur 5 étoiles, détails de l’évaluation",2 652,Poche,https://m.media-amazon.com/images/I/61YnD607-xL._AC_UY218_.jpg,2025-09-04T18:36:17.010374,Description non disponible depuis la recherche,Stock non disponible,ISBN non disponible,Éditeur non disponible,Date non disponible,Nombre de pages non disponible,Rang de vente non disponible,Manga,14.0,,
Hunter X Hunter - Tome 2,https://www.amazon.fr/Hunter-X-2-Yoshihiro-Togashi/dp/2871292671/ref=sr_1_219,"7,30 €",Yoshihiro Togashi,"4,8 sur 5 étoiles, détails de l’évaluation",1 022,Poche,https://m.media-amazon.com/images/I/81RSGu084XL._AC_UY218_.jpg,2025-09-04T18:36:17.013037,Description non disponible depuis la recherche,Stock non disponible,ISBN non disponible,Éditeur non disponible,Date non disponible,Nombre de pages non disponible,Rang de vente non disponible,Manga,14.0,,
Manger en pleine conscience + CD (nouvelle édition),https://www.amazon.fr/Manger-pleine-conscience-nouvelle-%C3%A9dition/dp/2711200205/ref=sr_1_220,"22,80 €",Jan Chozen-Bays,"4,5 sur 5 étoiles, détails de l’évaluation",125,Broché,https://m.media-amazon.com/images/I/71qpcLMa8mL._AC_UY218_.jpg,2025-09-04T18:36:17.015762,Description non disponible depuis la recherche,Stock non disponible,ISBN non disponible,Éditeur non disponible,Date non disponible,Nombre de pages non disponible,Rang de vente non disponible,Manga,14.0,,
Dragon Ball Super - Tome 12,https://www.amazon.fr/Dragon-Ball-Super-Akira-Toriyama/dp/2344044434/ref=sr_1_222,"7,20 €",Akira Toriyama,"4,9 sur 5 étoiles, détails de l’évaluation",2 275,Poche,https://m.media-amazon.com/images/I/81ZTRscMj0L._AC_UY218_.jpg,2025-09-04T18:36:17.021373,Description non disponible depuis la recherche,Stock non disponible,ISBN non disponible,Éditeur non disponible,Date non disponible,Nombre de pages non disponible,Rang de vente non disponible,Manga,14.0,,
Naruto - Tome 37,https://www.amazon.fr/Naruto-Vol-37-KISHIMOTO-Masashi/dp/2505003785/ref=sr_1_223,"7,30 €",Masashi Kishimoto,"4,9 sur 5 étoiles, détails de l’évaluation",363,Broché,https://m.media-amazon.com/images/I/716PS01La2L._AC_UY218_.jpg,2025-09-04T18:36:17.023928,Description non disponible depuis la recherche,Stock non disponible,ISBN non disponible,Éditeur non disponible,Date non disponible,Nombre de pages non disponible,Rang de vente non disponible,Manga,14.0,,
"Agenda Scolaire 2025 2026: De Septembre à Août – Maîtrise l’Énergie Maudite de ton Année – Organisateur Scolaire pour Garçons et Filles – Primaire, Collège, Lycée – Thème manga",https://www.amazon.fr/Agenda-Scolaire-2025-2026-Organisateur/dp/B0FCXRYSQR/ref=sr_1_224,"13,60 €",de Kazue Yanae | 7 juin 2025,"3,3 sur 5 étoiles, détails de l’évaluation",3,Broché,https://m.media-amazon.com/images/I/71d0F3QHI8L._AC_UY218_.jpg,2025-09-04T18:36:17.026277,Description non disponible depuis la recherche,Stock non disponible,ISBN non disponible,Éditeur non disponible,Date non disponible,Nombre de pages non disponible,Rang de vente non disponible,Manga,14.0,,
Naruto - Tome 71,https://www.amazon.fr/Naruto-71-Masashi-Kishimoto/dp/2505065055/ref=sr_1_225,"7,30 €",Masashi Kishimoto,"4,8 sur 5 étoiles, détails de l’évaluation",462,Broché,https://m.media-amazon.com/images/I/81qK1QRyvYL._AC_UY218_.jpg,2025-09-04T18:36:17.029169,Description non disponible depuis la recherche,Stock non disponible,ISBN non disponible,Éditeur non disponible,Date non disponible,Nombre de pages non disponible,Rang de vente non disponible,Manga,14.0,,
Sailor Moon T03,https://www.amazon.fr/Sailor-Moon-Pretty-Guardian-Vol-3/dp/2811607153/ref=sr_1_227,"7,20 €",Naoko Takeuchi,"4,9 sur 5 étoiles, détails de l’évaluation",409,Tankobon broché,https://m.media-amazon.com/images/I/81kOp4sCROL._AC_UY218_.jpg,2025-09-04T18:36:17.033992,Description non disponible depuis la recherche,Stock non disponible,ISBN non disponible,Éditeur non disponible,Date non disponible,Nombre de pages non disponible,Rang de vente non disponible,Manga,14.0,,
One Piece - Édition originale - Tome 52: Roger & Rayleigh,https://www.amazon.fr/One-Piece-%C3%89dition-originale-Rayleigh/dp/2344001964/ref=sr_1_228,"7,20 €",Eiichiro Oda,"4,9 sur 5 étoiles, détails de l’évaluation",551,Broché,https://m.media-amazon.com/images/I/9182KzPlt1L._AC_UY218_.jpg,2025-09-04T18:36:17.036727,Description non disponible depuis la recherche,Stock non disponible,ISBN non disponible,Éditeur non disponible,Date non disponible,Nombre de pages non disponible,Rang de vente non disponible,Manga,14.0,,
Dragon Ball - Édition originale - Tome 05: La terrible Muscle Tower,https://www.amazon.fr/Dragon-Ball-5-Lultime-combat/dp/2723434664/ref=sr_1_229,"7,20 €",Akira Toriyama,"4,8 sur 5 étoiles, détails de l’évaluation",500,Broché,https://m.media-amazon.com/images/I/81YYlY9K-rL._AC_UY218_.jpg,2025-09-04T18:36:17.038894,Description non disponible depuis la recherche,Stock non disponible,ISBN non disponible,Éditeur non disponible,Date non disponible,Nombre de pages non disponible,Rang de vente non disponible,Manga,14.0,,
Dragon Ball perfect edition - Tome 11,https://www.amazon.fr/Dragon-ball-Perfect-TORIYAMA-Akira/dp/2723474712/ref=sr_1_230,"10,95 €",Akira Toriyama,"4,9 sur 5 étoiles, détails de l’évaluation",433,Broché,https://m.media-amazon.com/images/I/81ADwpBF6GL._AC_UY218_.jpg,2025-09-04T18:36:17.041609,Description non disponible depuis la recherche,Stock non disponible,ISBN non disponible,Éditeur non disponible,Date non disponible,Nombre de pages non disponible,Rang de vente non disponible,Manga,14.0,,
Dragon Ball Super - Tome 08,https://www.amazon.fr/Dragon-Ball-Super-Akira-Toriyama/dp/234403711X/ref=sr_1_227,"7,20 €",Akira Toriyama,"4,8 sur 5 étoiles, détails de l’évaluation",1 412,Broché,https://m.media-amazon.com/images/I/91U5fQgLJrL._AC_UY218_.jpg,2025-09-04T18:36:28.244657,Description non disponible depuis la recherche,Stock non disponible,ISBN non disponible,Éditeur non disponible,Date non disponible,Nombre de pages non disponible,Rang de vente non disponible,Manga,15.0,,
Naruto - Tome 34,https://www.amazon.fr/Naruto-34-KISHIMOTO-Masashi/dp/2505002797/ref=sr_1_228,"7,30 €",Masashi Kishimoto,"4,8 sur 5 étoiles, détails de l’évaluation",424,Broché,https://m.media-amazon.com/images/I/81bBUxQPr2L._AC_UY218_.jpg,2025-09-04T18:36:28.247423,Description non disponible depuis la recherche,Stock non disponible,ISBN non disponible,Éditeur non disponible,Date non disponible,Nombre de pages non disponible,Rang de vente non disponible,Manga,15.0,,
Naruto - Tome 10,https://www.amazon.fr/Naruto-10-Masashi-Kishimoto/dp/2871296146/ref=sr_1_229,"7,30 €",Masashi Kishimoto,"4,8 sur 5 étoiles, détails de l’évaluation",1 646,Broché,https://m.media-amazon.com/images/I/81GlgFsVRaL._AC_UY218_.jpg,2025-09-04T18:36:28.250237,Description non disponible depuis la recherche,Stock non disponible,ISBN non disponible,Éditeur non disponible,Date non disponible,Nombre de pages non disponible,Rang de vente non disponible,Manga,15.0,,
Une vie à Versailles -Manga-T01-Voyage dans le temps-,https://www.amazon.fr/Une-Versailles-Manga-T01-Voyage-dans-temps-ebook/dp/B0B2DWDRWZ/ref=sr_1_230,Prix non disponible,de Himeko | 25 mai 2022,"4,0 sur 5 étoiles, détails de l’évaluation",68,Format Kindle,https://m.media-amazon.com/images/I/91zN31FNcdL._AC_UY218_.jpg,2025-09-04T18:36:28.252552,Description non disponible depuis la recherche,Stock non disponible,ISBN non disponible,Éditeur non disponible,Date non disponible,Nombre de pages non disponible,Rang de vente non disponible,Manga,15.0,,
Naruto - Tome 32,https://www.amazon.fr/Naruto-32-KISHIMOTO-Masashi/dp/2505001928/ref=sr_1_233,"7,30 €",Masashi Kishimoto,"4,8 sur 5 étoiles, détails de l’évaluation",478,Broché,https://m.media-amazon.com/images/I/81x1dhpznJL._AC_UY218_.jpg,2025-09-04T18:36:28.261482,Description non disponible depuis la recherche,Stock non disponible,ISBN non disponible,Éditeur non disponible,Date non disponible,Nombre de pages non disponible,Rang de vente non disponible,Manga,15.0,,
Naruto - Tome 43,https://www.amazon.fr/Naruto-Vol-43-KISHIMOTO-Masashi/dp/2505006709/ref=sr_1_234,"7,30 €",Masashi Kishimoto,"4,9 sur 5 étoiles, détails de l’évaluation",467,Broché,https://m.media-amazon.com/images/I/81ASyykS2RL._AC_UY218_.jpg,2025-09-04T18:36:28.264734,Description non disponible depuis la recherche,Stock non disponible,ISBN non disponible,Éditeur non disponible,Date non disponible,Nombre de pages non disponible,Rang de vente non disponible,Manga,15.0,,
The Ghost in the Shell Legacy Edition Manga Box Set,https://www.amazon.fr/Ghost-Shell-Legacy-Manga-Box/dp/B0FCGDT59S/ref=sr_1_235,"126,38 €",Édition en Anglais | de Shirow Masamune | 17 février 2026,Note non disponible,0 avis,Relié,https://m.media-amazon.com/images/I/81lEjYXcbcL._AC_UY218_.jpg,2025-09-04T18:36:28.267488,Description non disponible depuis la recherche,Stock non disponible,ISBN non disponible,Éditeur non disponible,Date non disponible,Nombre de pages non disponible,Rang de vente non disponible,Manga,15.0,,
Hunter X Hunter - Tome 5,https://www.amazon.fr/Hunter-X-5-Yoshihiro-Togashi/dp/2871292701/ref=sr_1_236,"7,30 €",Yoshihiro Togashi,"4,8 sur 5 étoiles, détails de l’évaluation",657,Poche,https://m.media-amazon.com/images/I/81BXQvokmQL._AC_UY218_.jpg,2025-09-04T18:36:28.270333,Description non disponible depuis la recherche,Stock non disponible,ISBN non disponible,Éditeur non disponible,Date non disponible,Nombre de pages non disponible,Rang de vente non disponible,Manga,15.0,,
Naruto - Tome 21,https://www.amazon.fr/Naruto-21-Masashi-Kishimoto/dp/2871298904/ref=sr_1_238,"7,30 €",Masashi Kishimoto,"4,8 sur 5 étoiles, détails de l’évaluation",760,Broché,https://m.media-amazon.com/images/I/81mD4d4TMGL._AC_UY218_.jpg,2025-09-04T18:36:28.276184,Description non disponible depuis la recherche,Stock non disponible,ISBN non disponible,Éditeur non disponible,Date non disponible,Nombre de pages non disponible,Rang de vente non disponible,Manga,15.0,,
Naruto - Tome 11,https://www.amazon.fr/Naruto-11-Masashi-Kishimoto/dp/2871296243/ref=sr_1_239,"7,30 €",Masashi Kishimoto,"4,8 sur 5 étoiles, détails de l’évaluation",1 486,Broché,https://m.media-amazon.com/images/I/91unnBX639L._AC_UY218_.jpg,2025-09-04T18:36:28.278961,Description non disponible depuis la recherche,Stock non disponible,ISBN non disponible,Éditeur non disponible,Date non disponible,Nombre de pages non disponible,Rang de vente non disponible,Manga,15.0,,
Super Mario Manga Adventures T17,https://www.amazon.fr/Super-Mario-Manga-Adventures-17/dp/2302069749/ref=sr_1_240,"7,29 €",Yukio Sawada,"4,8 sur 5 étoiles, détails de l’évaluation",130,Broché,https://m.media-amazon.com/images/I/9194H8FzIBL._AC_UY218_.jpg,2025-09-04T18:36:28.280874,Description non disponible depuis la recherche,Stock non disponible,ISBN non disponible,Éditeur non disponible,Date non disponible,Nombre de pages non disponible,Rang de vente non disponible,Manga,15.0,,
Dragon Ball Super - Tome 04,https://www.amazon.fr/Dragon-Ball-Super-Akira-Toriyama/dp/2344030034/ref=sr_1_241,"7,20 €",Akira Toriyama,"4,8 sur 5 étoiles, détails de l’évaluation",1 446,Broché,https://m.media-amazon.com/images/I/9172551iBxL._AC_UY218_.jpg,2025-09-04T18:36:28.283785,Description non disponible depuis la recherche,Stock non disponible,ISBN non disponible,Éditeur non disponible,Date non disponible,Nombre de pages non disponible,Rang de vente non disponible,Manga,15.0,,
Dragon Ball perfect edition - Tome 24,https://www.amazon.fr/Dragon-ball-Perfect-TORIYAMA-Akira/dp/2723492958/ref=sr_1_243,"10,95 €",Akira Toriyama,"4,8 sur 5 étoiles, détails de l’évaluation",286,Poche,https://m.media-amazon.com/images/I/81DIkPbwY+L._AC_UY218_.jpg,2025-09-04T18:36:28.289812,Description non disponible depuis la recherche,Stock non disponible,ISBN non disponible,Éditeur non disponible,Date non disponible,Nombre de pages non disponible,Rang de vente non disponible,Manga,15.0,,
Naruto - Tome 17,https://www.amazon.fr/Naruto-17-Masashi-Kishimoto/dp/2871297762/ref=sr_1_244,"7,30 €",Masashi Kishimoto,"4,9 sur 5 étoiles, détails de l’évaluation",948,Broché,https://m.media-amazon.com/images/I/81ptHD3shmL._AC_UY218_.jpg,2025-09-04T18:36:28.292441,Description non disponible depuis la recherche,Stock non disponible,ISBN non disponible,Éditeur non disponible,Date non disponible,Nombre de pages non disponible,Rang de vente non disponible,Manga,15.0,,
Naruto - Tome 18,https://www.amazon.fr/Naruto-18-Masashi-Kishimoto/dp/2871297975/ref=sr_1_245,"7,30 €",Masashi Kishimoto,"4,8 sur 5 étoiles, détails de l’évaluation",905,Broché,https://m.media-amazon.com/images/I/810TcCfXvuL._AC_UY218_.jpg,2025-09-04T18:36:28.295308,Description non disponible depuis la recherche,Stock non disponible,ISBN non disponible,Éditeur non disponible,Date non disponible,Nombre de pages non disponible,Rang de vente non disponible,Manga,15.0,,
Super Mario Manga Adventures T23,https://www.amazon.fr/Super-Mario-Manga-Adventures-T23/dp/2302093216/ref=sr_1_246,"7,29 €",Yukio Sawada,"4,8 sur 5 étoiles, détails de l’évaluation",74,Broché,https://m.media-amazon.com/images/I/81fhmvNeRfS._AC_UY218_.jpg,2025-09-04T18:36:28.297144,Description non disponible depuis la recherche,Stock non disponible,ISBN non disponible,Éditeur non disponible,Date non disponible,Nombre de pages non disponible,Rang de vente non disponible,Manga,15.0,,
Naruto - Tome 18,https://www.amazon.fr/Naruto-18-Masashi-Kishimoto/dp/2871297975/ref=sr_1_243,"7,30 €",Masashi Kishimoto,"4,8 sur 5 étoiles, détails de l’évaluation",905,Broché,https://m.media-amazon.com/images/I/810TcCfXvuL._AC_UY218_.jpg,2025-09-04T18:36:36.055672,Description non disponible depuis la recherche,Stock non disponible,ISBN non disponible,Éditeur non disponible,Date non disponible,Nombre de pages non disponible,Rang de vente non disponible,Manga,16.0,,
Naruto - Tome 22,https://www.amazon.fr/Naruto-T22-KISHIMOTO-Masashi/dp/2871299110/ref=sr_1_244,"7,30 €",Masashi Kishimoto,"4,8 sur 5 étoiles, détails de l’évaluation",701,Broché,https://m.media-amazon.com/images/I/81F-3-3LR4L._AC_UY218_.jpg,2025-09-04T18:36:36.058643,Description non disponible depuis la recherche,Stock non disponible,ISBN non disponible,Éditeur non disponible,Date non disponible,Nombre de pages non disponible,Rang de vente non disponible,Manga,16.0,,
"Agenda Fille: Anime Manga Chaton Kawaii | 1 JOUR PAR PAGE Journalier daté en français de septembre à juillet, PRIMAIRE COLLEGE | Souple | 2025 2026 | ... Université Rose, Chat Cute | 12x17 cm",https://www.amazon.fr/Agenda-Fille-Journalier-septembre-Universit%C3%A9/dp/B0FHBCDN4K/ref=sr_1_245,"11,99 €",de Villetine Editions | 6 juillet 2025,"5,0 sur 5 étoiles, détails de l’évaluation",2,Broché,https://m.media-amazon.com/images/I/71ZdQTKPhhL._AC_UY218_.jpg,2025-09-04T18:36:36.065179,Description non disponible depuis la recherche,Stock non disponible,ISBN non disponible,Éditeur non disponible,Date non disponible,Nombre de pages non disponible,Rang de vente non disponible,Manga,16.0,,
Naruto - Tome 31,https://www.amazon.fr/Naruto-Vol-31-KISHIMOTO-Masashi/dp/2505001677/ref=sr_1_246,"7,30 €",Masashi Kishimoto,"4,8 sur 5 étoiles, détails de l’évaluation",505,Broché,https://m.media-amazon.com/images/I/81XZLkXuhyL._AC_UY218_.jpg,2025-09-04T18:36:36.070323,Description non disponible depuis la recherche,Stock non disponible,ISBN non disponible,Éditeur non disponible,Date non disponible,Nombre de pages non disponible,Rang de vente non disponible,Manga,16.0,,
Naruto - Tome 26,https://www.amazon.fr/Naruto-Vol-26-KISHIMOTO-Masashi/dp/2871299870/ref=sr_1_249,"7,30 €",Masashi Kishimoto,"4,8 sur 5 étoiles, détails de l’évaluation",668,Broché,https://m.media-amazon.com/images/I/91d6Fdzl6iL._AC_UY218_.jpg,2025-09-04T18:36:36.082075,Description non disponible depuis la recherche,Stock non disponible,ISBN non disponible,Éditeur non disponible,Date non disponible,Nombre de pages non disponible,Rang de vente non disponible,Manga,16.0,,
Dragon Ball - Édition originale - Tome 10: Le 22e Tenka Ichi Budôkai,https://www.amazon.fr/Dragon-Ball-10-Akira-Toriyama/dp/2723446913/ref=sr_1_250,"7,20 €",Akira Toriyama,"4,8 sur 5 étoiles, détails de l’évaluation",284,Broché,https://m.media-amazon.com/images/I/81CwVDpMpAL._AC_UY218_.jpg,2025-09-04T18:36:36.084129,Description non disponible depuis la recherche,Stock non disponible,ISBN non disponible,Éditeur non disponible,Date non disponible,Nombre de pages non disponible,Rang de vente non disponible,Manga,16.0,,
FullMetal Alchemist: Derrière la porte de la vérité (Manga),https://www.amazon.fr/FullMetal-Alchemist-Derri%C3%A8re-porte-v%C3%A9rit%C3%A9-ebook/dp/B08CZVTDWR/ref=sr_1_251,Prix non disponible,Mariela González,"4,8 sur 5 étoiles, détails de l’évaluation",40,Format Kindle,https://m.media-amazon.com/images/I/81BHockdSfL._AC_UY218_.jpg,2025-09-04T18:36:36.086320,Description non disponible depuis la recherche,Stock non disponible,ISBN non disponible,Éditeur non disponible,Date non disponible,Nombre de pages non disponible,Rang de vente non disponible,Manga,16.0,,
Bébé mange comme nous: 140 recettes parents-bébé à partager en famille,https://www.amazon.fr/B%C3%A9b%C3%A9-mange-comme-Coline-Stagnoli/dp/B0BDTYTQTN/ref=sr_1_252,"20,90 €",Coline Stagnoli,"3,9 sur 5 étoiles, détails de l’évaluation",22,Broché,https://m.media-amazon.com/images/I/91VLM+b8pDL._AC_UY218_.jpg,2025-09-04T18:36:36.089134,Description non disponible depuis la recherche,Stock non disponible,ISBN non disponible,Éditeur non disponible,Date non disponible,Nombre de pages non disponible,Rang de vente non disponible,Manga,16.0,,
"Agenda Scolaire 2025 2026: De Septembre à Août – Forger ton Destin – Organisateur Scolaire pour Garçons et Filles – Primaire, Collège, Lycée – Thème manga",https://www.amazon.fr/Agenda-Scolaire-2025-2026-Organisateur/dp/B0FF42WH4V/ref=sr_1_254,"14,77 €",de Orien micha | 18 juin 2025,"2,2 sur 5 étoiles, détails de l’évaluation",8,Broché,https://m.media-amazon.com/images/I/71rEaKP6nML._AC_UY218_.jpg,2025-09-04T18:36:36.094783,Description non disponible depuis la recherche,Stock non disponible,ISBN non disponible,Éditeur non disponible,Date non disponible,Nombre de pages non disponible,Rang de vente non disponible,Manga,16.0,,
Akira 35th Anniversary Box Set,https://www.amazon.fr/Akira-35th-Anniversary-Box-Set/dp/1632364611/ref=sr_1_255,"174,71 €",Katsuhiro Otomo,"4,9 sur 5 étoiles, détails de l’évaluation",3 482,Relié,https://m.media-amazon.com/images/I/91h8P3MKdmL._AC_UY218_.jpg,2025-09-04T18:36:36.097119,Description non disponible depuis la recherche,Stock non disponible,ISBN non disponible,Éditeur non disponible,Date non disponible,Nombre de pages non disponible,Rang de vente non disponible,Manga,16.0,,
Naruto - Tome 37,https://www.amazon.fr/Naruto-Vol-37-KISHIMOTO-Masashi/dp/2505003785/ref=sr_1_256,"7,30 €",Masashi Kishimoto,"4,9 sur 5 étoiles, détails de l’évaluation",363,Broché,https://m.media-amazon.com/images/I/716PS01La2L._AC_UY218_.jpg,2025-09-04T18:36:36.099832,Description non disponible depuis la recherche,Stock non disponible,ISBN non disponible,Éditeur non disponible,Date non disponible,Nombre de pages non disponible,Rang de vente non disponible,Manga,16.0,,
Tokyo Revengers - Tome 30,https://www.amazon.fr/Tokyo-Revengers-30-Ken-Wakui/dp/2344058672/ref=sr_1_257,"7,20 €",Ken Wakui,"4,9 sur 5 étoiles, détails de l’évaluation",73,Poche,https://m.media-amazon.com/images/I/817ZKDD4M0L._AC_UY218_.jpg,2025-09-04T18:36:36.102016,Description non disponible depuis la recherche,Stock non disponible,ISBN non disponible,Éditeur non disponible,Date non disponible,Nombre de pages non disponible,Rang de vente non disponible,Manga,16.0,,
ILS ETAIENT DIX - T3 MANGA,https://www.amazon.fr/ILS-ETAIENT-DIX-T3-MANGA/dp/2889326160/ref=sr_1_259,"8,00 €",Agatha Christie,"5,0 sur 5 étoiles, détails de l’évaluation",3,Relié,https://m.media-amazon.com/images/I/81ZXNhTglgL._AC_UY218_.jpg,2025-09-04T18:36:36.107270,Description non disponible depuis la recherche,Stock non disponible,ISBN non disponible,Éditeur non disponible,Date non disponible,Nombre de pages non disponible,Rang de vente non disponible,Manga,16.0,,
Fleurs et dragons T03,https://www.amazon.fr/Fleurs-dragons-T03-Sonoko-Machidori/dp/2372878840/ref=sr_1_260,"7,99 €","de Sonoko Machidori, Agewo, et al. | 21 août 2025","5,0 sur 5 étoiles, détails de l’évaluation",1,Broché,https://m.media-amazon.com/images/I/711JmvvP0bL._AC_UY218_.jpg,2025-09-04T18:36:36.109832,Description non disponible depuis la recherche,Stock non disponible,ISBN non disponible,Éditeur non disponible,Date non disponible,Nombre de pages non disponible,Rang de vente non disponible,Manga,16.0,,
Hunter X Hunter - Tome 10,https://www.amazon.fr/Hunter-X-10-Yoshihiro-Togashi/dp/2871293252/ref=sr_1_261,"7,30 €",Yoshihiro Togashi,"4,8 sur 5 étoiles, détails de l’évaluation",334,Poche,https://m.media-amazon.com/images/I/81fmRhkEpvL._AC_UY218_.jpg,2025-09-04T18:36:36.112511,Description non disponible depuis la recherche,Stock non disponible,ISBN non disponible,Éditeur non disponible,Date non disponible,Nombre de pages non disponible,Rang de vente non disponible,Manga,16.0,,
Nukinin - Rin : La shinobi prédatrice,https://www.amazon.fr/Nukinin-shinobi-pr%C3%A9datrice-Kabuki-Shigeyuki/dp/2385041022/ref=sr_1_262,"11,95 €",Kabuki Shigeyuki,Note non disponible,0 avis,Poche,https://m.media-amazon.com/images/I/91uF7vY6dZL._AC_UY218_.jpg,2025-09-04T18:36:36.114526,Description non disponible depuis la recherche,Stock non disponible,ISBN non disponible,Éditeur non disponible,Date non disponible,Nombre de pages non disponible,Rang de vente non disponible,Manga,16.0,,
Hunter X Hunter - Tome 10,https://www.amazon.fr/Hunter-X-10-Yoshihiro-Togashi/dp/2871293252/ref=sr_1_259,"7,30 €",Yoshihiro Togashi,"4,8 sur 5 étoiles, détails de l’évaluation",334,Poche,https://m.media-amazon.com/images/I/81fmRhkEpvL._AC_UY218_.jpg,2025-09-04T18:36:45.317735,Description non disponible depuis la recherche,Stock non disponible,ISBN non disponible,Éditeur non disponible,Date non disponible,Nombre de pages non disponible,Rang de vente non disponible,Manga,17.0,,
Nukinin - Rin : La shinobi prédatrice,https://www.amazon.fr/Nukinin-shinobi-pr%C3%A9datrice-Kabuki-Shigeyuki/dp/2385041022/ref=sr_1_260,"11,95 €",Kabuki Shigeyuki,Note non disponible,0 avis,Poche,https://m.media-amazon.com/images/I/91uF7vY6dZL._AC_UY218_.jpg,2025-09-04T18:36:45.319757,Description non disponible depuis la recherche,Stock non disponible,ISBN non disponible,Éditeur non disponible,Date non disponible,Nombre de pages non disponible,Rang de vente non disponible,Manga,17.0,,
Voyage au centre de la Terre T01,https://www.amazon.fr/Voyage-au-centre-Terre-T01/dp/2811696040/ref=sr_1_261,"25,00 €",Jules Verne,"4,5 sur 5 étoiles, détails de l’évaluation",29,Relié,https://m.media-amazon.com/images/I/81QfAXwP9dL._AC_UY218_.jpg,2025-09-04T18:36:45.322926,Description non disponible depuis la recherche,Stock non disponible,ISBN non disponible,Éditeur non disponible,Date non disponible,Nombre de pages non disponible,Rang de vente non disponible,Manga,17.0,,
Le Poids du Silence - Tome 04,https://www.amazon.fr/Poids-du-Silence-04/dp/238503977X/ref=sr_1_262,"7,95 €",de Mei Fujimatsu | 5 décembre 2025,Note non disponible,0 avis,Poche,https://m.media-amazon.com/images/I/81wtKkjsdrL._AC_UY218_.jpg,2025-09-04T18:36:45.325498,Description non disponible depuis la recherche,Stock non disponible,ISBN non disponible,Éditeur non disponible,Date non disponible,Nombre de pages non disponible,Rang de vente non disponible,Manga,17.0,,
Mars - Perfect Edition T06,https://www.amazon.fr/Mars-Perfect-T06-Fuyumi-Soryo/dp/B0CY1N5N5P/ref=sr_1_265,"16,99 €",Fuyumi Soryo,"5,0 sur 5 étoiles, détails de l’évaluation",2,Broché,https://m.media-amazon.com/images/I/71uPF9VJwJL._AC_UY218_.jpg,2025-09-04T18:36:45.333582,Description non disponible depuis la recherche,Stock non disponible,ISBN non disponible,Éditeur non disponible,Date non disponible,Nombre de pages non disponible,Rang de vente non disponible,Manga,17.0,,
Les fleurs du passé - Tome 05: Natsuyuki rendez-vous - Extra,https://www.amazon.fr/fleurs-pass%C3%A9-Natsuyuki-rendez-vous-Extra/dp/2380601380/ref=sr_1_266,"8,00 €",de Haruka Kawachi | 24 octobre 2025,Note non disponible,0 avis,Broché,https://m.media-amazon.com/images/I/91mTeGV6ZGL._AC_UY218_.jpg,2025-09-04T18:36:45.336261,Description non disponible depuis la recherche,Stock non disponible,ISBN non disponible,Éditeur non disponible,Date non disponible,Nombre de pages non disponible,Rang de vente non disponible,Manga,17.0,,
Ki & Hi - tome 2 Une famille de fous !,https://www.amazon.fr/Ki-Hi-Une-famille-fous/dp/2749932718/ref=sr_1_267,"9,95 €",Kevin Tran,"4,7 sur 5 étoiles, détails de l’évaluation",920,Broché,https://m.media-amazon.com/images/I/71uYX0Ag1SL._AC_UY218_.jpg,2025-09-04T18:36:45.339280,Description non disponible depuis la recherche,Stock non disponible,ISBN non disponible,Éditeur non disponible,Date non disponible,Nombre de pages non disponible,Rang de vente non disponible,Manga,17.0,,
"Moi, quand je me réincarne en slime - Tome 07 (7)",https://www.amazon.fr/Moi-quand-r%C3%A9incarne-slime-FUSE/dp/2368527214/ref=sr_1_268,"7,95 €",Fuse,"4,8 sur 5 étoiles, détails de l’évaluation",322,Broché,https://m.media-amazon.com/images/I/71LIgGx0QOL._AC_UY218_.jpg,2025-09-04T18:36:45.342148,Description non disponible depuis la recherche,Stock non disponible,ISBN non disponible,Éditeur non disponible,Date non disponible,Nombre de pages non disponible,Rang de vente non disponible,Manga,17.0,,
Pokémon - La Grande Aventure - tome 03 (3),https://www.amazon.fr/Pok%C3%A9mon-grande-aventure-Vol-3-MATO/dp/2368520155/ref=sr_1_270,"10,00 €",Hidenori Kusaka,"4,7 sur 5 étoiles, détails de l’évaluation",643,Broché,https://m.media-amazon.com/images/I/71FIpq67GqL._AC_UY218_.jpg,2025-09-04T18:36:45.347977,Description non disponible depuis la recherche,Stock non disponible,ISBN non disponible,Éditeur non disponible,Date non disponible,Nombre de pages non disponible,Rang de vente non disponible,Manga,17.0,,
Kindergarten Wars T10,https://www.amazon.fr/Kindergarten-Wars-T10-You-Chiba/dp/B0F59BRSSP/ref=sr_1_271,"7,95 €",You Chiba,Note non disponible,0 avis,Broché,https://m.media-amazon.com/images/I/7179ILeeLXL._AC_UY218_.jpg,2025-09-04T18:36:45.350567,Description non disponible depuis la recherche,Stock non disponible,ISBN non disponible,Éditeur non disponible,Date non disponible,Nombre de pages non disponible,Rang de vente non disponible,Manga,17.0,,
PandoraHearts Perfect Edition T03,https://www.amazon.fr/PandoraHearts-Perfect-T03-Jun-Mochizuki/dp/B0DM15WT3B/ref=sr_1_272,"16,00 €",Jun Mochizuki,"5,0 sur 5 étoiles, détails de l’évaluation",4,Poche,https://m.media-amazon.com/images/I/71UqfqvXGVL._AC_UY218_.jpg,2025-09-04T18:36:45.352593,Description non disponible depuis la recherche,Stock non disponible,ISBN non disponible,Éditeur non disponible,Date non disponible,Nombre de pages non disponible,Rang de vente non disponible,Manga,17.0,,
BLOOM T05,https://www.amazon.fr/BLOOM-T05-Saka-Mikami/dp/2384963910/ref=sr_1_273,"7,20 €",Saka Mikami,"5,0 sur 5 étoiles, détails de l’évaluation",1,Poche,https://m.media-amazon.com/images/I/81fCkXrm-BL._AC_UY218_.jpg,2025-09-04T18:36:45.355357,Description non disponible depuis la recherche,Stock non disponible,ISBN non disponible,Éditeur non disponible,Date non disponible,Nombre de pages non disponible,Rang de vente non disponible,Manga,17.0,,
HAIKYU!! T10 SMASH ÉDITION LIMITEE,https://www.amazon.fr/HAIKYU-T10-SMASH-%C3%89DITION-LIMITEE/dp/2820353479/ref=sr_1_275,"17,99 €",Haruichi Furudate,Note non disponible,0 avis,Poche,https://m.media-amazon.com/images/I/01PkLIhTX3L._AC_UY218_.gif,2025-09-04T18:36:45.360566,Description non disponible depuis la recherche,Stock non disponible,ISBN non disponible,Éditeur non disponible,Date non disponible,Nombre de pages non disponible,Rang de vente non disponible,Manga,17.0,,
Super Mario Manga Adventures T11,https://www.amazon.fr/Super-Mario-T11-Yukio-Sawada/dp/2302056345/ref=sr_1_276,"7,29 €",Yukio Sawada,"4,8 sur 5 étoiles, détails de l’évaluation",202,Broché,https://m.media-amazon.com/images/I/810PBXa+GML._AC_UY218_.jpg,2025-09-04T18:36:45.362581,Description non disponible depuis la recherche,Stock non disponible,ISBN non disponible,Éditeur non disponible,Date non disponible,Nombre de pages non disponible,Rang de vente non disponible,Manga,17.0,,
Manga Livre de Coloriage: Une collection enchanteresse de filles japonnaises découvrant les joies du shopping en ville | personnages de manga et d'anime pour les enfants et adolescents,https://www.amazon.fr/Manga-Livre-Coloriage-enchanteresse-japonnaises/dp/B0CDND2PFH/ref=sr_1_277,"10,22 €",de Emma Évasion | 5 août 2023,"5,0 sur 5 étoiles, détails de l’évaluation",2,Broché,https://m.media-amazon.com/images/I/71l0w7aNs3L._AC_UY218_.jpg,2025-09-04T18:36:45.365055,Description non disponible depuis la recherche,Stock non disponible,ISBN non disponible,Éditeur non disponible,Date non disponible,Nombre de pages non disponible,Rang de vente non disponible,Manga,17.0,,
Fairy Tail T38,https://www.amazon.fr/Fairy-Tail-Vol-38-MASHIMA-Hiro/dp/2811615172/ref=sr_1_278,"7,20 €",Hiro Mashima,"4,8 sur 5 étoiles, détails de l’évaluation",235,Poche,https://m.media-amazon.com/images/I/91wp8J8m4RL._AC_UY218_.jpg,2025-09-04T18:36:45.367698,Description non disponible depuis la recherche,Stock non disponible,ISBN non disponible,Éditeur non disponible,Date non disponible,Nombre de pages non disponible,Rang de vente non disponible,Manga,17.0,,
"Manger gras, la grosse surprise: pourquoi le beurre, la viande et le fromage font partie intégrante d’une alimentation saine",https://www.amazon.fr/Manger-gras-grosse-surprise-alimentation/dp/B09K281VJ2/ref=sr_1_275,"15,82 €",Nina Teicholz,"4,7 sur 5 étoiles, détails de l’évaluation",30,Broché,https://m.media-amazon.com/images/I/61VrgJmBXUL._AC_UY218_.jpg,2025-09-04T18:36:54.356380,Description non disponible depuis la recherche,Stock non disponible,ISBN non disponible,Éditeur non disponible,Date non disponible,Nombre de pages non disponible,Rang de vente non disponible,Manga,18.0,,
LES CHEFS D'ŒUVRE DE JUNJI ITO - TOME 2,https://www.amazon.fr/CHEFS-D%C5%92UVRE-JUNJI-ITO/dp/2382810734/ref=sr_1_276,"24,95 €",Junji Ito,"4,9 sur 5 étoiles, détails de l’évaluation",108,Relié,https://m.media-amazon.com/images/I/81YXE5+Ec-L._AC_UY218_.jpg,2025-09-04T18:36:54.359248,Description non disponible depuis la recherche,Stock non disponible,ISBN non disponible,Éditeur non disponible,Date non disponible,Nombre de pages non disponible,Rang de vente non disponible,Manga,18.0,,
Naruto - Tome 26,https://www.amazon.fr/Naruto-Vol-26-KISHIMOTO-Masashi/dp/2871299870/ref=sr_1_277,"7,30 €",Masashi Kishimoto,"4,8 sur 5 étoiles, détails de l’évaluation",668,Broché,https://m.media-amazon.com/images/I/91d6Fdzl6iL._AC_UY218_.jpg,2025-09-04T18:36:54.362196,Description non disponible depuis la recherche,Stock non disponible,ISBN non disponible,Éditeur non disponible,Date non disponible,Nombre de pages non disponible,Rang de vente non disponible,Manga,18.0,,
Citrus + - Tome 06,https://www.amazon.fr/Citrus-06-Saburouta/dp/2375065794/ref=sr_1_278,"8,35 €",Saburouta,Note non disponible,0 avis,Broché,https://m.media-amazon.com/images/I/01PkLIhTX3L._AC_UY218_.gif,2025-09-04T18:36:54.364533,Description non disponible depuis la recherche,Stock non disponible,ISBN non disponible,Éditeur non disponible,Date non disponible,Nombre de pages non disponible,Rang de vente non disponible,Manga,18.0,,
Dragon Quest - The Adventure of Daï T11,https://www.amazon.fr/Dragon-Quest-Adventure-Da%C3%AF-T11/dp/2413079831/ref=sr_1_281,"12,99 €",Riku Sanjo,"4,8 sur 5 étoiles, détails de l’évaluation",13,Broché,https://m.media-amazon.com/images/I/91W+VEzEEBL._AC_UY218_.jpg,2025-09-04T18:36:54.373468,Description non disponible depuis la recherche,Stock non disponible,ISBN non disponible,Éditeur non disponible,Date non disponible,Nombre de pages non disponible,Rang de vente non disponible,Manga,18.0,,
Mashle T16,https://www.amazon.fr/Mashle-T16-Hajime-Komoto/dp/2820346391/ref=sr_1_282,"7,15 €",Hajime Komoto,"4,9 sur 5 étoiles, détails de l’évaluation",120,Broché,https://m.media-amazon.com/images/I/815U2JDtVCL._AC_UY218_.jpg,2025-09-04T18:36:54.375965,Description non disponible depuis la recherche,Stock non disponible,ISBN non disponible,Éditeur non disponible,Date non disponible,Nombre de pages non disponible,Rang de vente non disponible,Manga,18.0,,
Freaking Romance - Tome 02,https://www.amazon.fr/Freaking-Romance-02-Snailords/dp/2755677457/ref=sr_1_283,"24,95 €",de Snailords et Robyn Stella Bligh | 2 octobre 2024,"4,5 sur 5 étoiles, détails de l’évaluation",13,Broché,https://m.media-amazon.com/images/I/817ebzua52L._AC_UY218_.jpg,2025-09-04T18:36:54.378478,Description non disponible depuis la recherche,Stock non disponible,ISBN non disponible,Éditeur non disponible,Date non disponible,Nombre de pages non disponible,Rang de vente non disponible,Manga,18.0,,
Zone Fantôme T02,https://www.amazon.fr/Zone-Fant%C3%B4me-T02-Junji-Ito/dp/2382812141/ref=sr_1_284,"19,95 €",Junji Ito,"4,7 sur 5 étoiles, détails de l’évaluation",48,Relié,https://m.media-amazon.com/images/I/918Kf60qs3L._AC_UY218_.jpg,2025-09-04T18:36:54.381381,Description non disponible depuis la recherche,Stock non disponible,ISBN non disponible,Éditeur non disponible,Date non disponible,Nombre de pages non disponible,Rang de vente non disponible,Manga,18.0,,
Dragon Ball perfect edition - Tome 11,https://www.amazon.fr/Dragon-ball-Perfect-TORIYAMA-Akira/dp/2723474712/ref=sr_1_286,"10,95 €",Akira Toriyama,"4,9 sur 5 étoiles, détails de l’évaluation",433,Broché,https://m.media-amazon.com/images/I/81ADwpBF6GL._AC_UY218_.jpg,2025-09-04T18:36:54.387212,Description non disponible depuis la recherche,Stock non disponible,ISBN non disponible,Éditeur non disponible,Date non disponible,Nombre de pages non disponible,Rang de vente non disponible,Manga,18.0,,
Monster - Intégrale Deluxe - Tome 5,https://www.amazon.fr/Monster-Deluxe-Vol-5-URASAWA-Naoki/dp/250501213X/ref=sr_1_287,"15,90 €",Naoki Urasawa,"4,8 sur 5 étoiles, détails de l’évaluation",133,Broché,https://m.media-amazon.com/images/I/71KBGo4B7eL._AC_UY218_.jpg,2025-09-04T18:36:54.389278,Description non disponible depuis la recherche,Stock non disponible,ISBN non disponible,Éditeur non disponible,Date non disponible,Nombre de pages non disponible,Rang de vente non disponible,Manga,18.0,,
Sailor Moon T03,https://www.amazon.fr/Sailor-Moon-Pretty-Guardian-Vol-3/dp/2811607153/ref=sr_1_288,"7,20 €",Naoko Takeuchi,"4,9 sur 5 étoiles, détails de l’évaluation",409,Tankobon broché,https://m.media-amazon.com/images/I/81kOp4sCROL._AC_UY218_.jpg,2025-09-04T18:36:54.391291,Description non disponible depuis la recherche,Stock non disponible,ISBN non disponible,Éditeur non disponible,Date non disponible,Nombre de pages non disponible,Rang de vente non disponible,Manga,18.0,,
Nine Peaks T08,https://www.amazon.fr/Nine-Peaks-T08-Tetsuhiro-Hirakawa/dp/B0F58W5SS6/ref=sr_1_289,"6,95 €",Tetsuhiro Hirakawa,Note non disponible,0 avis,Broché,https://m.media-amazon.com/images/I/716uiU8GedL._AC_UY218_.jpg,2025-09-04T18:36:54.394099,Description non disponible depuis la recherche,Stock non disponible,ISBN non disponible,Éditeur non disponible,Date non disponible,Nombre de pages non disponible,Rang de vente non disponible,Manga,18.0,,
Agenda Scolaire: Agenda Journalier | Un Jour par Page | 12x17 cm Format Standard | 280 Pages | Couverture Souple | Agenda Thème Manga Fille Animé,https://www.amazon.fr/Agenda-Scolaire-Journalier-Standard-Couverture/dp/B0CFD4KLTL/ref=sr_1_291,"11,99 €",Golden Stephy,"5,0 sur 5 étoiles, détails de l’évaluation",1,Broché,https://m.media-amazon.com/images/I/71Wr4-kWZBL._AC_UY218_.jpg,2025-09-04T18:36:54.398697,Description non disponible depuis la recherche,Stock non disponible,ISBN non disponible,Éditeur non disponible,Date non disponible,Nombre de pages non disponible,Rang de vente non disponible,Manga,18.0,,
"Nana, tome 3",https://www.amazon.fr/Nana-3-YAZAWA-Ai/dp/2847890254/ref=sr_1_292,"7,29 €",de YAZAWA-A | 17 mars 2003,"4,9 sur 5 étoiles, détails de l’évaluation",243,Poche,https://m.media-amazon.com/images/I/81e24ZZV7ML._AC_UY218_.jpg,2025-09-04T18:36:54.406543,Description non disponible depuis la recherche,Stock non disponible,ISBN non disponible,Éditeur non disponible,Date non disponible,Nombre de pages non disponible,Rang de vente non disponible,Manga,18.0,,
Toilet-bound Hanako-kun T01,https://www.amazon.fr/Toilet-bound-Hanako-kun-T01-AidaIro/dp/281166369X/ref=sr_1_293,"3,00 €",AidaIro,"4,8 sur 5 étoiles, détails de l’évaluation",329,Poche,https://m.media-amazon.com/images/I/819hR9InJVL._AC_UY218_.jpg,2025-09-04T18:36:54.409414,Description non disponible depuis la recherche,Stock non disponible,ISBN non disponible,Éditeur non disponible,Date non disponible,Nombre de pages non disponible,Rang de vente non disponible,Manga,18.0,,
Sasaki et Miyano - Tome 5 (VF),https://www.amazon.fr/Sasaki-Miyano-VF-Shou-Harusono/dp/2382124202/ref=sr_1_294,"7,95 €",Shou Harusono,"4,8 sur 5 étoiles, détails de l’évaluation",60,Poche,https://m.media-amazon.com/images/I/61WX3zshQsL._AC_UY218_.jpg,2025-09-04T18:36:54.412193,Description non disponible depuis la recherche,Stock non disponible,ISBN non disponible,Éditeur non disponible,Date non disponible,Nombre de pages non disponible,Rang de vente non disponible,Manga,18.0,,
Sasaki et Miyano - Tome 5 (VF),https://www.amazon.fr/Sasaki-Miyano-VF-Shou-Harusono/dp/2382124202/ref=sr_1_291,"7,95 €",Shou Harusono,"4,8 sur 5 étoiles, détails de l’évaluation",60,Poche,https://m.media-amazon.com/images/I/61WX3zshQsL._AC_UY218_.jpg,2025-09-04T18:37:02.650818,Description non disponible depuis la recherche,Stock non disponible,ISBN non disponible,Éditeur non disponible,Date non disponible,Nombre de pages non disponible,Rang de vente non disponible,Manga,19.0,,
Virtual Girl IA,https://www.amazon.fr/Virtual-Girl-IA-J%C3%A9r%C3%B4me-CANU/dp/B0FLJW25R1/ref=sr_1_292,"15,99 €",de Jérôme CANU | 6 août 2025,"5,0 sur 5 étoiles, détails de l’évaluation",3,Relié,https://m.media-amazon.com/images/I/711wTwoTJOL._AC_UY218_.jpg,2025-09-04T18:37:02.653757,Description non disponible depuis la recherche,Stock non disponible,ISBN non disponible,Éditeur non disponible,Date non disponible,Nombre de pages non disponible,Rang de vente non disponible,Manga,19.0,,
"Dragon Ball - Édition originale - Tome 41: Courage, Super Gotenks",https://www.amazon.fr/Dragon-Ball-sens-lecture-japonais/dp/2723449386/ref=sr_1_293,"7,20 €",Akira Toriyama,"4,8 sur 5 étoiles, détails de l’évaluation",160,Poche,https://m.media-amazon.com/images/I/91HJcmOSvzL._AC_UY218_.jpg,2025-09-04T18:37:02.655800,Description non disponible depuis la recherche,Stock non disponible,ISBN non disponible,Éditeur non disponible,Date non disponible,Nombre de pages non disponible,Rang de vente non disponible,Manga,19.0,,
Hunter X Hunter - Tome 33,https://www.amazon.fr/Hunter-X-33-Yoshihiro-Togashi/dp/2505060134/ref=sr_1_294,"7,30 €",Yoshihiro Togashi,"4,8 sur 5 étoiles, détails de l’évaluation",629,Broché,https://m.media-amazon.com/images/I/81NyeKUgjxL._AC_UY218_.jpg,2025-09-04T18:37:02.658553,Description non disponible depuis la recherche,Stock non disponible,ISBN non disponible,Éditeur non disponible,Date non disponible,Nombre de pages non disponible,Rang de vente non disponible,Manga,19.0,,
ONE-PUNCH MAN - tome 01 (1),https://www.amazon.fr/ONE-PUNCH-MAN-01-Yusuke-Murata/dp/2368522255/ref=sr_1_297,"7,30 €",de Yusuke Murata et Frédéric Malet | 14 janvier 2016,"4,7 sur 5 étoiles, détails de l’évaluation",822,Poche,https://m.media-amazon.com/images/I/71vmRHMrG3L._AC_UY218_.jpg,2025-09-04T18:37:02.668041,Description non disponible depuis la recherche,Stock non disponible,ISBN non disponible,Éditeur non disponible,Date non disponible,Nombre de pages non disponible,Rang de vente non disponible,Manga,19.0,,
Super Mario Manga Adventures T17,https://www.amazon.fr/Super-Mario-Manga-Adventures-17/dp/2302069749/ref=sr_1_298,"7,29 €",Yukio Sawada,"4,8 sur 5 étoiles, détails de l’évaluation",130,Broché,https://m.media-amazon.com/images/I/9194H8FzIBL._AC_UY218_.jpg,2025-09-04T18:37:02.670108,Description non disponible depuis la recherche,Stock non disponible,ISBN non disponible,Éditeur non disponible,Date non disponible,Nombre de pages non disponible,Rang de vente non disponible,Manga,19.0,,
L'Attaque des Titans Edition Colossale T06,https://www.amazon.fr/LAttaque-Titans-Colossale-Olivier-Marcel/dp/2811635920/ref=sr_1_299,"19,95 €",Hajime Isayama,"4,8 sur 5 étoiles, détails de l’évaluation",332,Broché,https://m.media-amazon.com/images/I/91ZyJVolMiL._AC_UY218_.jpg,2025-09-04T18:37:02.672961,Description non disponible depuis la recherche,Stock non disponible,ISBN non disponible,Éditeur non disponible,Date non disponible,Nombre de pages non disponible,Rang de vente non disponible,Manga,19.0,,
Super Mario Manga Adventures T29,https://www.amazon.fr/Super-Mario-Manga-Adventures-T29/dp/2302093275/ref=sr_1_300,"7,29 €",Yukio Sawada,"4,8 sur 5 étoiles, détails de l’évaluation",49,Broché,https://m.media-amazon.com/images/I/81eArUiLetL._AC_UY218_.jpg,2025-09-04T18:37:02.675110,Description non disponible depuis la recherche,Stock non disponible,ISBN non disponible,Éditeur non disponible,Date non disponible,Nombre de pages non disponible,Rang de vente non disponible,Manga,19.0,,
My Hero Academia T13 (13),https://www.amazon.fr/My-Hero-Academia-T13-13/dp/B078X52K33/ref=sr_1_302,"6,95 €",Kohei Horikoshi,"4,8 sur 5 étoiles, détails de l’évaluation",1 197,Poche,https://m.media-amazon.com/images/I/718YHKVvsGL._AC_UY218_.jpg,2025-09-04T18:37:02.681198,Description non disponible depuis la recherche,Stock non disponible,ISBN non disponible,Éditeur non disponible,Date non disponible,Nombre de pages non disponible,Rang de vente non disponible,Manga,19.0,,
Mashle T13,https://www.amazon.fr/Mashle-T13-Hajime-Komoto/dp/2820346006/ref=sr_1_303,"7,15 €",Hajime Komoto,"4,9 sur 5 étoiles, détails de l’évaluation",133,Broché,https://m.media-amazon.com/images/I/81gOV5ENlgL._AC_UY218_.jpg,2025-09-04T18:37:02.684311,Description non disponible depuis la recherche,Stock non disponible,ISBN non disponible,Éditeur non disponible,Date non disponible,Nombre de pages non disponible,Rang de vente non disponible,Manga,19.0,,
Teacher in the Destruction Classroom T02,https://www.amazon.fr/Teacher-Destruction-Classroom-Kina-Kobayashi/dp/2384965638/ref=sr_1_304,"7,50 €",de Kina Kobayashi | 17 septembre 2025,Note non disponible,0 avis,Poche,https://m.media-amazon.com/images/I/81mBsn42P4L._AC_UY218_.jpg,2025-09-04T18:37:02.687138,Description non disponible depuis la recherche,Stock non disponible,ISBN non disponible,Éditeur non disponible,Date non disponible,Nombre de pages non disponible,Rang de vente non disponible,Manga,19.0,,
Remède Impérial - L'étrange médecin de la cour - tome 5,https://www.amazon.fr/Rem%C3%A8de-Imp%C3%A9rial-L%C3%A9trange-m%C3%A9decin-cour/dp/B0F5918D2F/ref=sr_1_305,"7,95 €",Tohru Himuka,"4,4 sur 5 étoiles, détails de l’évaluation",4,Poche,https://m.media-amazon.com/images/I/714XBFfKmqL._AC_UY218_.jpg,2025-09-04T18:37:02.689392,Description non disponible depuis la recherche,Stock non disponible,ISBN non disponible,Éditeur non disponible,Date non disponible,Nombre de pages non disponible,Rang de vente non disponible,Manga,19.0,,
Naruto - Tome 71,https://www.amazon.fr/Naruto-71-Masashi-Kishimoto/dp/2505065055/ref=sr_1_307,"7,30 €",Masashi Kishimoto,"4,8 sur 5 étoiles, détails de l’évaluation",462,Broché,https://m.media-amazon.com/images/I/81qK1QRyvYL._AC_UY218_.jpg,2025-09-04T18:37:02.695415,Description non disponible depuis la recherche,Stock non disponible,ISBN non disponible,Éditeur non disponible,Date non disponible,Nombre de pages non disponible,Rang de vente non disponible,Manga,19.0,,
Dragon Ball Z - 4e partie - Tome 02: Les cyborgs,https://www.amazon.fr/Dragon-ball-Cycle-TORIYAMA-Akira/dp/272347478X/ref=sr_1_308,"7,90 €",Akira Toriyama,"4,8 sur 5 étoiles, détails de l’évaluation",113,Broché,https://m.media-amazon.com/images/I/61TgIfUERfL._AC_UY218_.jpg,2025-09-04T18:37:02.697563,Description non disponible depuis la recherche,Stock non disponible,ISBN non disponible,Éditeur non disponible,Date non disponible,Nombre de pages non disponible,Rang de vente non disponible,Manga,19.0,,
Nausicaä NE - Tome 05,https://www.amazon.fr/Nausica%C3%A4-NE-05-Hayao-Miyazaki/dp/2723473074/ref=sr_1_309,"10,95 €",Hayao Miyazaki,"4,9 sur 5 étoiles, détails de l’évaluation",153,Broché,https://m.media-amazon.com/images/I/61ZA0yrCLRL._AC_UY218_.jpg,2025-09-04T18:37:02.699684,Description non disponible depuis la recherche,Stock non disponible,ISBN non disponible,Éditeur non disponible,Date non disponible,Nombre de pages non disponible,Rang de vente non disponible,Manga,19.0,,
Blame - Tome 09,https://www.amazon.fr/Blame-Vol-9-NIHEI-Tsutomu/dp/2723443795/ref=sr_1_310,"7,20 €",Tsutomu Nihei,"4,8 sur 5 étoiles, détails de l’évaluation",41,Broché,https://m.media-amazon.com/images/I/41pJ1f0lQUL._AC_UY218_.jpg,2025-09-04T18:37:02.702414,Description non disponible depuis la recherche,Stock non disponible,ISBN non disponible,Éditeur non disponible,Date non disponible,Nombre de pages non disponible,Rang de vente non disponible,Manga,19.0,,
Cat's Eye Perfect Edition T06,https://www.amazon.fr/Cats-Eye-Perfect-Tsukasa-Hojo/dp/B0CY1ZB3C9/ref=sr_1_307,"16,99 €",Tsukasa Hojo,"4,8 sur 5 étoiles, détails de l’évaluation",14,Broché,https://m.media-amazon.com/images/I/61W51FSh6eL._AC_UY218_.jpg,2025-09-04T18:37:11.865688,Description non disponible depuis la recherche,Stock non disponible,ISBN non disponible,Éditeur non disponible,Date non disponible,Nombre de pages non disponible,Rang de vente non disponible,Manga,20.0,,
L'Uomo Tigre. Tiger Mask. New edition (Vol. 1),https://www.amazon.fr/LUomo-Tigre-Tiger-Mask-Vol/dp/8828798238/ref=sr_1_308,"14,90 €",Ikki Kajiwara,"4,6 sur 5 étoiles, détails de l’évaluation",40,Broché,https://m.media-amazon.com/images/I/61Y7SxyJudL._AC_UY218_.jpg,2025-09-04T18:37:11.868186,Description non disponible depuis la recherche,Stock non disponible,ISBN non disponible,Éditeur non disponible,Date non disponible,Nombre de pages non disponible,Rang de vente non disponible,Manga,20.0,,
One Piece - Édition originale - Tome 105,https://www.amazon.fr/One-Piece-%C3%89dition-originale-105/dp/2344052186/ref=sr_1_309,"7,20 €",Eiichiro Oda,"4,9 sur 5 étoiles, détails de l’évaluation",481,Poche,https://m.media-amazon.com/images/I/91Pg8V4NjOL._AC_UY218_.jpg,2025-09-04T18:37:11.871011,Description non disponible depuis la recherche,Stock non disponible,ISBN non disponible,Éditeur non disponible,Date non disponible,Nombre de pages non disponible,Rang de vente non disponible,Manga,20.0,,
Tome 1 Boruto - Two Blue Vortex,https://www.amazon.fr/Boruto-Two-Blue-Vortex-1/dp/2505123349/ref=sr_1_310,"7,30 €",de Masashi Kishimoto et Mikio Ikemoto | 23 août 2024,"4,7 sur 5 étoiles, détails de l’évaluation",105,Broché,https://m.media-amazon.com/images/I/71m3GTiT8FL._AC_UY218_.jpg,2025-09-04T18:37:11.874687,Description non disponible depuis la recherche,Stock non disponible,ISBN non disponible,Éditeur non disponible,Date non disponible,Nombre de pages non disponible,Rang de vente non disponible,Manga,20.0,,
To End this love game... - Tome 3,https://www.amazon.fr/End-this-love-game/dp/2505125201/ref=sr_1_313,"8,10 €",Yuki Domoto,Note non disponible,0 avis,Broché,https://m.media-amazon.com/images/I/817nTjNaYML._AC_UY218_.jpg,2025-09-04T18:37:11.883457,Description non disponible depuis la recherche,Stock non disponible,ISBN non disponible,Éditeur non disponible,Date non disponible,Nombre de pages non disponible,Rang de vente non disponible,Manga,20.0,,
GOLDEN GOAL - T3,https://www.amazon.fr/GOLDEN-GOAL-T3-Guillaume-Main/dp/2889326632/ref=sr_1_314,"7,95 €",Weijun Ni,"5,0 sur 5 étoiles, détails de l’évaluation",1,Relié,https://m.media-amazon.com/images/I/81qJM0eZeTL._AC_UY218_.jpg,2025-09-04T18:37:11.886056,Description non disponible depuis la recherche,Stock non disponible,ISBN non disponible,Éditeur non disponible,Date non disponible,Nombre de pages non disponible,Rang de vente non disponible,Manga,20.0,,
Dr. Stone - Tome 05: Histoires du temps jadis,https://www.amazon.fr/Dr-Stone-Histoires-temps-jadis/dp/2344034358/ref=sr_1_315,"7,20 €",Riichirô Inagaki,"4,8 sur 5 étoiles, détails de l’évaluation",577,Poche,https://m.media-amazon.com/images/I/91vAzJGc4oL._AC_UY218_.jpg,2025-09-04T18:37:11.888497,Description non disponible depuis la recherche,Stock non disponible,ISBN non disponible,Éditeur non disponible,Date non disponible,Nombre de pages non disponible,Rang de vente non disponible,Manga,20.0,,
Hunter X Hunter - Tome 2,https://www.amazon.fr/Hunter-X-2-Yoshihiro-Togashi/dp/2871292671/ref=sr_1_316,"7,30 €",Yoshihiro Togashi,"4,8 sur 5 étoiles, détails de l’évaluation",1 022,Poche,https://m.media-amazon.com/images/I/81RSGu084XL._AC_UY218_.jpg,2025-09-04T18:37:11.891107,Description non disponible depuis la recherche,Stock non disponible,ISBN non disponible,Éditeur non disponible,Date non disponible,Nombre de pages non disponible,Rang de vente non disponible,Manga,20.0,,
Yaiba - Complete Edition T02,https://www.amazon.fr/Yaiba-Complete-T02-Gosho-Aoyama/dp/2302106393/ref=sr_1_318,"15,99 €",Gosho Aoyama,Note non disponible,0 avis,Broché,https://m.media-amazon.com/images/I/81OgLncO7aL._AC_UY218_.jpg,2025-09-04T18:37:11.897132,Description non disponible depuis la recherche,Stock non disponible,ISBN non disponible,Éditeur non disponible,Date non disponible,Nombre de pages non disponible,Rang de vente non disponible,Manga,20.0,,
Coffret Frieren vol. 1 à 3,https://www.amazon.fr/Coffret-Frieren-vol-Kanehito-Yamada/dp/B0D6Y2Y5HW/ref=sr_1_319,"23,85 €",Kanehito Yamada,"4,7 sur 5 étoiles, détails de l’évaluation",71,Relié,https://m.media-amazon.com/images/I/719RXoIuzYL._AC_UY218_.jpg,2025-09-04T18:37:11.899198,Description non disponible depuis la recherche,Stock non disponible,ISBN non disponible,Éditeur non disponible,Date non disponible,Nombre de pages non disponible,Rang de vente non disponible,Manga,20.0,,
Partners 2.0 - Tome 9,https://www.amazon.fr/Partners-2-0-9-Souryu/dp/B0DXTSLZ9P/ref=sr_1_320,"7,95 €",Souryu,"4,8 sur 5 étoiles, détails de l’évaluation",9,Poche,https://m.media-amazon.com/images/I/61VZAaPt7VL._AC_UY218_.jpg,2025-09-04T18:37:11.901533,Description non disponible depuis la recherche,Stock non disponible,ISBN non disponible,Éditeur non disponible,Date non disponible,Nombre de pages non disponible,Rang de vente non disponible,Manga,20.0,,
Naruto - Tome 37,https://www.amazon.fr/Naruto-Vol-37-KISHIMOTO-Masashi/dp/2505003785/ref=sr_1_321,"7,30 €",Masashi Kishimoto,"4,9 sur 5 étoiles, détails de l’évaluation",363,Broché,https://m.media-amazon.com/images/I/716PS01La2L._AC_UY218_.jpg,2025-09-04T18:37:11.904577,Description non disponible depuis la recherche,Stock non disponible,ISBN non disponible,Éditeur non disponible,Date non disponible,Nombre de pages non disponible,Rang de vente non disponible,Manga,20.0,,
Slam Dunk deluxe - Tome 3,https://www.amazon.fr/Slam-Dunk-deluxe-Takehiko-Inoue/dp/2505124183/ref=sr_1_323,"13,95 €",Takehiko Inoue,"4,7 sur 5 étoiles, détails de l’évaluation",21,Broché,https://m.media-amazon.com/images/I/714qRSL8ThL._AC_UY218_.jpg,2025-09-04T18:37:11.913745,Description non disponible depuis la recherche,Stock non disponible,ISBN non disponible,Éditeur non disponible,Date non disponible,Nombre de pages non disponible,Rang de vente non disponible,Manga,20.0,,
Tokyo Revengers - Tome 30,https://www.amazon.fr/Tokyo-Revengers-30-Ken-Wakui/dp/2344058672/ref=sr_1_324,"7,20 €",Ken Wakui,"4,9 sur 5 étoiles, détails de l’évaluation",73,Poche,https://m.media-amazon.com/images/I/817ZKDD4M0L._AC_UY218_.jpg,2025-09-04T18:37:11.916595,Description non disponible depuis la recherche,Stock non disponible,ISBN non disponible,Éditeur non disponible,Date non disponible,Nombre de pages non disponible,Rang de vente non disponible,Manga,20.0,,
ILS ETAIENT DIX - T3 MANGA,https://www.amazon.fr/ILS-ETAIENT-DIX-T3-MANGA/dp/2889326160/ref=sr_1_325,"8,00 €",Agatha Christie,"5,0 sur 5 étoiles, détails de l’évaluation",3,Relié,https://m.media-amazon.com/images/I/81ZXNhTglgL._AC_UY218_.jpg,2025-09-04T18:37:11.920739,Description non disponible depuis la recherche,Stock non disponible,ISBN non disponible,Éditeur non disponible,Date non disponible,Nombre de pages non disponible,Rang de vente non disponible,Manga,20.0,,
Shangri-la - Tome 01 - Livre (Manga) - Yaoi - Hana Collection,https://www.amazon.fr/Shangri-Livre-Manga-Yaoi-Collection/dp/2368776982/ref=sr_1_326,"7,95 €",Ranmaru Zaria,"4,7 sur 5 étoiles, détails de l’évaluation",61,Poche,https://m.media-amazon.com/images/I/611iheE4S9L._AC_UY218_.jpg,2025-09-04T18:37:11.923507,Description non disponible depuis la recherche,Stock non disponible,ISBN non disponible,Éditeur non disponible,Date non disponible,Nombre de pages non disponible,Rang de vente non disponible,Manga,20.0,,
Helck - vol. 11,https://www.amazon.fr/Helck-vol-11-Nanaki-NANAO/dp/B0F2M33Q4Z/ref=sr_1_483,"7,95 €",Nanaki NANAO,Note non disponible,0 avis,Poche,https://m.media-amazon.com/images/I/81+f-ck6lLL._AC_UY218_.jpg,2025-09-04T08:45:00.750173,Description non disponible depuis la recherche,Stock non disponible,ISBN non disponible,Éditeur non disponible,Date non disponible,Nombre de pages non disponible,Rang de vente non disponible,Manga,31.0,,
Hokuto No Ken (nouvelle édition) T05,https://www.amazon.fr/HOKUTO-NO-Ken-5-Extreme/dp/2820345956/ref=sr_1_484,"14,99 €",Buronson,"4,8 sur 5 étoiles, détails de l’évaluation",41,Broché,https://m.media-amazon.com/images/I/81MCJUYlXbL._AC_UY218_.jpg,2025-09-04T08:45:00.753136,Description non disponible depuis la recherche,Stock non disponible,ISBN non disponible,Éditeur non disponible,Date non disponible,Nombre de pages non disponible,Rang de vente non disponible,Manga,31.0,,
Akira - Couleur Vol 5: Desespoir,https://www.amazon.fr/Akira-Couleur-Vol-5-Desespoir/dp/2723414906/ref=sr_1_485,"15,50 €",Katsuhiro Otomo,"4,7 sur 5 étoiles, détails de l’évaluation",76,Relié,https://m.media-amazon.com/images/I/81TXSSLf0hL._AC_UY218_.jpg,2025-09-04T08:45:00.755323,Description non disponible depuis la recherche,Stock non disponible,ISBN non disponible,Éditeur non disponible,Date non disponible,Nombre de pages non disponible,Rang de vente non disponible,Manga,31.0,,
"If the Villainess and Villain Met and Fell in Love, Vol. 4 (manga) (English Edition)",https://www.amazon.fr/Villainess-Villain-Fell-manga-English-ebook/dp/B0F3WXY9B8/ref=sr_1_486,"5,98 €",Édition en Anglais | de Harunadon et Erin Husson | 23 septembre 2025,Note non disponible,0 avis,Format Kindle,https://m.media-amazon.com/images/I/01PkLIhTX3L._AC_UY218_.gif,2025-09-04T08:45:00.758739,Description non disponible depuis la recherche,Stock non disponible,ISBN non disponible,Éditeur non disponible,Date non disponible,Nombre de pages non disponible,Rang de vente non disponible,Manga,31.0,,
Amants sous contrat,https://www.amazon.fr/Amants-sous-contrat-Io-Matsuda/dp/2382767596/ref=sr_1_489,"7,95 €",de Io Matsuda | 9 avril 2025,"4,7 sur 5 étoiles, détails de l’évaluation",4,Poche,https://m.media-amazon.com/images/I/61Y5FSERH5L._AC_UY218_.jpg,2025-09-04T08:45:00.767774,Description non disponible depuis la recherche,Stock non disponible,ISBN non disponible,Éditeur non disponible,Date non disponible,Nombre de pages non disponible,Rang de vente non disponible,Manga,31.0,,
Mashle T05,https://www.amazon.fr/Mashle-T05-Hajime-Komoto/dp/2820343007/ref=sr_1_490,"7,15 €",Hajime Komoto,"4,8 sur 5 étoiles, détails de l’évaluation",386,Broché,https://m.media-amazon.com/images/I/81EHkcqullL._AC_UY218_.jpg,2025-09-04T08:45:00.770721,Description non disponible depuis la recherche,Stock non disponible,ISBN non disponible,Éditeur non disponible,Date non disponible,Nombre de pages non disponible,Rang de vente non disponible,Manga,31.0,,
L'étranger du Zephyr - Tome 01 - Livre (Manga) - Yaoi - Hana Collection,https://www.amazon.fr/L%C3%A9tranger-Zephyr-Livre-Manga-Collection/dp/2368775129/ref=sr_1_491,"7,95 €",de Kii Kanna | 22 décembre 2016,"4,8 sur 5 étoiles, détails de l’évaluation",156,Poche,https://m.media-amazon.com/images/I/71hRvofOqEL._AC_UY218_.jpg,2025-09-04T08:45:00.773536,Description non disponible depuis la recherche,Stock non disponible,ISBN non disponible,Éditeur non disponible,Date non disponible,Nombre de pages non disponible,Rang de vente non disponible,Manga,31.0,,
Détective Conan - Tome 8,https://www.amazon.fr/D%C3%A9tective-Conan-8-Gosho-Aoyama/dp/2871291756/ref=sr_1_492,"7,30 €",Gosho Aoyama,"4,8 sur 5 étoiles, détails de l’évaluation",309,Poche,https://m.media-amazon.com/images/I/81xw+HUTP9L._AC_UY218_.jpg,2025-09-04T08:45:00.776208,Description non disponible depuis la recherche,Stock non disponible,ISBN non disponible,Éditeur non disponible,Date non disponible,Nombre de pages non disponible,Rang de vente non disponible,Manga,31.0,,
My Hero Academia T25 (25),https://www.amazon.fr/My-Hero-Academia-T25-25/dp/B0875Z5W6F/ref=sr_1_494,"6,95 €",Kohei Horikoshi,"4,9 sur 5 étoiles, détails de l’évaluation",1 032,Poche,https://m.media-amazon.com/images/I/71gDAopD8IS._AC_UY218_.jpg,2025-09-04T08:45:00.781791,Description non disponible depuis la recherche,Stock non disponible,ISBN non disponible,Éditeur non disponible,Date non disponible,Nombre de pages non disponible,Rang de vente non disponible,Manga,31.0,,
"Engineer, A la conquête du rail Tome 1",https://www.amazon.fr/Engineer-conqu%C3%AAte-du-rail-1/dp/2380463700/ref=sr_1_495,"8,90 €",de IKEDA KUNIHIKO | 7 mai 2025,Note non disponible,0 avis,Poche,https://m.media-amazon.com/images/I/51ZpUGWADKL._AC_UY218_.jpg,2025-09-04T08:45:00.784619,Description non disponible depuis la recherche,Stock non disponible,ISBN non disponible,Éditeur non disponible,Date non disponible,Nombre de pages non disponible,Rang de vente non disponible,Manga,31.0,,
Kilari - Tome 08,https://www.amazon.fr/Kilari-Vol-8-NAKAHARA/dp/2723476529/ref=sr_1_496,"7,20 €",An Nakahara,"4,6 sur 5 étoiles, détails de l’évaluation",77,Broché,https://m.media-amazon.com/images/I/91SxKXft8QL._AC_UY218_.jpg,2025-09-04T08:45:00.787638,Description non disponible depuis la recherche,Stock non disponible,ISBN non disponible,Éditeur non disponible,Date non disponible,Nombre de pages non disponible,Rang de vente non disponible,Manga,31.0,,
Pluto - Tome 4,https://www.amazon.fr/Pluto-4-Naoki-Urasawa/dp/2505009120/ref=sr_1_497,"8,10 €",Naoki Urasawa,"4,8 sur 5 étoiles, détails de l’évaluation",78,Broché,https://m.media-amazon.com/images/I/71TtTF9LKzL._AC_UY218_.jpg,2025-09-04T08:45:00.790358,Description non disponible depuis la recherche,Stock non disponible,ISBN non disponible,Éditeur non disponible,Date non disponible,Nombre de pages non disponible,Rang de vente non disponible,Manga,31.0,,
It's Too Early for My Royal Honeymoon! (Romance Manga) (English Edition),https://www.amazon.fr/Early-Royal-Honeymoon-Romance-English-ebook/dp/B0DJ3WL7ZL/ref=sr_1_499,"5,05 €",Édition en Anglais | de RIEKO HAMADA et KOU UNAZUKI | 30 juillet 2025,"5,0 sur 5 étoiles, détails de l’évaluation",4,Format Kindle,https://m.media-amazon.com/images/I/8186Z2t5U4L._AC_UY218_.jpg,2025-09-04T08:45:00.795656,Description non disponible depuis la recherche,Stock non disponible,ISBN non disponible,Éditeur non disponible,Date non disponible,Nombre de pages non disponible,Rang de vente non disponible,Manga,31.0,,
Servant beasts - Tome 1,https://www.amazon.fr/Servant-beasts-1-Suzuka-Morino/dp/280870030X/ref=sr_1_500,"12,50 €",de Suzuka Morino | 5 septembre 2025,Note non disponible,0 avis,Broché,https://m.media-amazon.com/images/I/91nX71yUTjL._AC_UY218_.jpg,2025-09-04T08:45:00.798156,Description non disponible depuis la recherche,Stock non disponible,ISBN non disponible,Éditeur non disponible,Date non disponible,Nombre de pages non disponible,Rang de vente non disponible,Manga,31.0,,
Nana. Reloaded edition (Vol. 6),https://www.amazon.fr/Nana-Reloaded-Vol-Ai-Yazawa/dp/882875429X/ref=sr_1_501,"7,00 €",Ai Yazawa,"4,9 sur 5 étoiles, détails de l’évaluation",32,Broché,https://m.media-amazon.com/images/I/71nsG89fAAL._AC_UY218_.jpg,2025-09-04T08:45:00.800233,Description non disponible depuis la recherche,Stock non disponible,ISBN non disponible,Éditeur non disponible,Date non disponible,Nombre de pages non disponible,Rang de vente non disponible,Manga,31.0,,
Shy - Tome 25,https://www.amazon.fr/Shy-25-Bukimi-Miki/dp/250513345X/ref=sr_1_502,"7,30 €",de Bukimi Miki | 11 juillet 2025,Note non disponible,0 avis,Broché,https://m.media-amazon.com/images/I/71Af+jhf8EL._AC_UY218_.jpg,2025-09-04T08:45:00.803778,Description non disponible depuis la recherche,Stock non disponible,ISBN non disponible,Éditeur non disponible,Date non disponible,Nombre de pages non disponible,Rang de vente non disponible,Manga,31.0,,
"Vagabond, tome 6",https://www.amazon.fr/Vagabond-6-Takehiko-Inou%C3%A9/dp/2845801564/ref=sr_1_499,"9,99 €",Takehiko Inoué,"4,9 sur 5 étoiles, détails de l’évaluation",139,Broché,https://m.media-amazon.com/images/I/81HKcuHxE2L._AC_UY218_.jpg,2025-09-04T08:45:12.733918,Description non disponible depuis la recherche,Stock non disponible,ISBN non disponible,Éditeur non disponible,Date non disponible,Nombre de pages non disponible,Rang de vente non disponible,Manga,32.0,,
Sexy Cosplay Doll - Tome 6,https://www.amazon.fr/Sexy-Cosplay-Doll-Shinichi-Fukuda/dp/2505088926/ref=sr_1_500,"8,10 €",Shinichi Fukuda,"4,9 sur 5 étoiles, détails de l’évaluation",203,Broché,https://m.media-amazon.com/images/I/81Vf0I4PSGL._AC_UY218_.jpg,2025-09-04T08:45:12.735909,Description non disponible depuis la recherche,Stock non disponible,ISBN non disponible,Éditeur non disponible,Date non disponible,Nombre de pages non disponible,Rang de vente non disponible,Manga,32.0,,
Demon Slayer : Carnet des pourfendeurs - Fanbook officiel,https://www.amazon.fr/Demon-Slayer-pourfendeurs-Fanbook-officiel/dp/B09NVK9TT2/ref=sr_1_501,"8,29 €",Koyoharu Gotouge,"4,8 sur 5 étoiles, détails de l’évaluation",139,Broché,https://m.media-amazon.com/images/I/81o5KJc5reL._AC_UY218_.jpg,2025-09-04T08:45:12.737908,Description non disponible depuis la recherche,Stock non disponible,ISBN non disponible,Éditeur non disponible,Date non disponible,Nombre de pages non disponible,Rang de vente non disponible,Manga,32.0,,
Chainsaw Man - Chapitre 1,https://www.amazon.fr/Chainsaw-Man-Chapitre-Tatsuki-Fujimoto-ebook/dp/B08V6Y27WM/ref=sr_1_502,"0,00 €",de Tatsuki Fujimoto | 26 février 2020,"4,7 sur 5 étoiles, détails de l’évaluation",1 408,Format Kindle,https://m.media-amazon.com/images/I/81tadC4LSVL._AC_UY218_.jpg,2025-09-04T08:45:12.741858,Description non disponible depuis la recherche,Stock non disponible,ISBN non disponible,Éditeur non disponible,Date non disponible,Nombre de pages non disponible,Rang de vente non disponible,Manga,32.0,,
"Plum, un amour de chat T21",https://www.amazon.fr/Plum-amour-chat-Natsumi-Hoshino/dp/2302099052/ref=sr_1_505,"8,50 €",de Natsumi Hoshino | 4 décembre 2024,"5,0 sur 5 étoiles, détails de l’évaluation",2,Broché,https://m.media-amazon.com/images/I/81OK3OVsWLL._AC_UY218_.jpg,2025-09-04T08:45:12.750054,Description non disponible depuis la recherche,Stock non disponible,ISBN non disponible,Éditeur non disponible,Date non disponible,Nombre de pages non disponible,Rang de vente non disponible,Manga,32.0,,
Détective Conan - Tome 7,https://www.amazon.fr/D%C3%A9tective-Conan-7-Gosho-Aoyama/dp/2871291632/ref=sr_1_506,"7,30 €",Gosho Aoyama,"4,8 sur 5 étoiles, détails de l’évaluation",328,Poche,https://m.media-amazon.com/images/I/71cdQO8LP4L._AC_UY218_.jpg,2025-09-04T08:45:12.752627,Description non disponible depuis la recherche,Stock non disponible,ISBN non disponible,Éditeur non disponible,Date non disponible,Nombre de pages non disponible,Rang de vente non disponible,Manga,32.0,,
Miyamoto Musashi,https://www.amazon.fr/Miyamoto-Musashi-Shotaro-Ishinomori/dp/2505127778/ref=sr_1_507,"19,90 €",Shotaro Ishinomori,"4,1 sur 5 étoiles, détails de l’évaluation",2,Broché,https://m.media-amazon.com/images/I/81-IZqsyThL._AC_UY218_.jpg,2025-09-04T08:45:12.754468,Description non disponible depuis la recherche,Stock non disponible,ISBN non disponible,Éditeur non disponible,Date non disponible,Nombre de pages non disponible,Rang de vente non disponible,Manga,32.0,,
Vinland Saga - tome 13 (13),https://www.amazon.fr/Vinland-Saga-Vol-13-YUKIMURA-Makoto/dp/2368520791/ref=sr_1_508,"7,95 €",Makoto Yukimura,"4,8 sur 5 étoiles, détails de l’évaluation",135,Broché,https://m.media-amazon.com/images/I/81HaSw8zRGL._AC_UY218_.jpg,2025-09-04T08:45:12.757238,Description non disponible depuis la recherche,Stock non disponible,ISBN non disponible,Éditeur non disponible,Date non disponible,Nombre de pages non disponible,Rang de vente non disponible,Manga,32.0,,
L'Attaque des Titans T16,https://www.amazon.fr/Attaque-Titans-Vol-16-ISAYAMA-Hajime/dp/2811620958/ref=sr_1_510,"7,20 €",Hajime Isayama,"4,9 sur 5 étoiles, détails de l’évaluation",497,Poche,https://m.media-amazon.com/images/I/81E2U1OW+-L._AC_UY218_.jpg,2025-09-04T08:45:12.762768,Description non disponible depuis la recherche,Stock non disponible,ISBN non disponible,Éditeur non disponible,Date non disponible,Nombre de pages non disponible,Rang de vente non disponible,Manga,32.0,,
The Cave King - vol. 06,https://www.amazon.fr/Cave-King-vol-06/dp/B0D72Q8TGJ/ref=sr_1_511,"7,50 €",de Hajime NAEHARA et DEMISE Takao | 2 octobre 2024,"4,8 sur 5 étoiles, détails de l’évaluation",29,Poche,https://m.media-amazon.com/images/I/81PtFHZeqeL._AC_UY218_.jpg,2025-09-04T08:45:12.765524,Description non disponible depuis la recherche,Stock non disponible,ISBN non disponible,Éditeur non disponible,Date non disponible,Nombre de pages non disponible,Rang de vente non disponible,Manga,32.0,,
Moriarty The Remains - Tome 3,https://www.amazon.fr/Moriarty-Remains-3-Hikaru-Miyoshi/dp/2505133239/ref=sr_1_512,"7,30 €",de Hikaru Miyoshi | 29 août 2025,Note non disponible,0 avis,Broché,https://m.media-amazon.com/images/I/81hwaWmfmgL._AC_UY218_.jpg,2025-09-04T08:45:12.769152,Description non disponible depuis la recherche,Stock non disponible,ISBN non disponible,Éditeur non disponible,Date non disponible,Nombre de pages non disponible,Rang de vente non disponible,Manga,32.0,,
Naruto - Tome 38,https://www.amazon.fr/Naruto-Vol-38-KISHIMOTO-Masashi/dp/2505004323/ref=sr_1_513,"7,30 €",Masashi Kishimoto,"4,8 sur 5 étoiles, détails de l’évaluation",406,Broché,https://m.media-amazon.com/images/I/912o4OHt5gL._AC_UY218_.jpg,2025-09-04T08:45:12.771997,Description non disponible depuis la recherche,Stock non disponible,ISBN non disponible,Éditeur non disponible,Date non disponible,Nombre de pages non disponible,Rang de vente non disponible,Manga,32.0,,
Shangri-la Frontier - Tome 12,https://www.amazon.fr/Shangri-Frontier-12-Katarina/dp/2344061312/ref=sr_1_515,"7,20 €",Katarina,"4,7 sur 5 étoiles, détails de l’évaluation",44,Broché,https://m.media-amazon.com/images/I/81lvpGGqTiL._AC_UY218_.jpg,2025-09-04T08:45:12.777704,Description non disponible depuis la recherche,Stock non disponible,ISBN non disponible,Éditeur non disponible,Date non disponible,Nombre de pages non disponible,Rang de vente non disponible,Manga,32.0,,
One Piece - Édition originale - Tome 03: Une vérité qui blesse,https://www.amazon.fr/One-piece-originale-ODA-Eiichir%C3%B4/dp/2723489906/ref=sr_1_516,"7,20 €",Eiichiro Oda,"4,8 sur 5 étoiles, détails de l’évaluation",3 439,Broché,https://m.media-amazon.com/images/I/91sKhhBDJ0L._AC_UY218_.jpg,2025-09-04T08:45:12.780966,Description non disponible depuis la recherche,Stock non disponible,ISBN non disponible,Éditeur non disponible,Date non disponible,Nombre de pages non disponible,Rang de vente non disponible,Manga,32.0,,
Wind Breaker T05,https://www.amazon.fr/Wind-Breaker-T05-Nii-Satoru/dp/2811680209/ref=sr_1_517,"7,20 €",Nii Satoru,"4,9 sur 5 étoiles, détails de l’évaluation",48,Poche,https://m.media-amazon.com/images/I/81Dt6gp0YDL._AC_UY218_.jpg,2025-09-04T08:45:12.783500,Description non disponible depuis la recherche,Stock non disponible,ISBN non disponible,Éditeur non disponible,Date non disponible,Nombre de pages non disponible,Rang de vente non disponible,Manga,32.0,,
Assassination classroom - Tome 1,https://www.amazon.fr/Assassination-classroom-Vol-1-MATSUI-Y%C3%BBsei/dp/2505019444/ref=sr_1_518,"3,00 €",Yusei Matsui,"4,7 sur 5 étoiles, détails de l’évaluation",1 513,Broché,https://m.media-amazon.com/images/I/61hHZvt7ytL._AC_UY218_.jpg,2025-09-04T08:45:12.785839,Description non disponible depuis la recherche,Stock non disponible,ISBN non disponible,Éditeur non disponible,Date non disponible,Nombre de pages non disponible,Rang de vente non disponible,Manga,32.0,,
Assassination classroom - Tome 1,https://www.amazon.fr/Assassination-classroom-Vol-1-MATSUI-Y%C3%BBsei/dp/2505019444/ref=sr_1_515,"3,00 €",Yusei Matsui,"4,7 sur 5 étoiles, détails de l’évaluation",1 513,Broché,https://m.media-amazon.com/images/I/61hHZvt7ytL._AC_UY218_.jpg,2025-09-04T08:45:22.282375,Description non disponible depuis la recherche,Stock non disponible,ISBN non disponible,Éditeur non disponible,Date non disponible,Nombre de pages non disponible,Rang de vente non disponible,Manga,33.0,,
Coffret collector - Shigahime,https://www.amazon.fr/Coffret-collector-Shigahime-Sato-Hirohisa/dp/2382818522/ref=sr_1_516,"39,90 €",Sato Hirohisa,"4,3 sur 5 étoiles, détails de l’évaluation",15,Poche,https://m.media-amazon.com/images/I/71ZRdcyhdsL._AC_UY218_.jpg,2025-09-04T08:45:22.284466,Description non disponible depuis la recherche,Stock non disponible,ISBN non disponible,Éditeur non disponible,Date non disponible,Nombre de pages non disponible,Rang de vente non disponible,Manga,33.0,,
Chainsaw Man T06,https://www.amazon.fr/Chainsaw-Man-T06-FUJIMOTO-T/dp/2820340547/ref=sr_1_517,"7,29 €",de FUJIMOTO-T | 13 janvier 2021,"4,9 sur 5 étoiles, détails de l’évaluation",607,Broché,https://m.media-amazon.com/images/I/81djrgn4YBL._AC_UY218_.jpg,2025-09-04T08:45:22.287802,Description non disponible depuis la recherche,Stock non disponible,ISBN non disponible,Éditeur non disponible,Date non disponible,Nombre de pages non disponible,Rang de vente non disponible,Manga,33.0,,
"Manga shonen: Exercices, tutos et artbook pour apprendre à dessiner",https://www.amazon.fr/Manga-shonen-Exercices-apprendre-dessiner/dp/2711426971/ref=sr_1_518,"19,90 €",de Marcel Kühn | 2 novembre 2023,"4,0 sur 5 étoiles, détails de l’évaluation",1,Broché,https://m.media-amazon.com/images/I/7167539SyJL._AC_UY218_.jpg,2025-09-04T08:45:22.290535,Description non disponible depuis la recherche,Stock non disponible,ISBN non disponible,Éditeur non disponible,Date non disponible,Nombre de pages non disponible,Rang de vente non disponible,Manga,33.0,,
ONE-PUNCH MAN - tome 18 (18),https://www.amazon.fr/ONE-PUNCH-MAN-18-ONE/dp/2368528733/ref=sr_1_521,"7,30 €",One,"4,8 sur 5 étoiles, détails de l’évaluation",575,Tankobon broché,https://m.media-amazon.com/images/I/71Z2+pFLopL._AC_UY218_.jpg,2025-09-04T08:45:22.298800,Description non disponible depuis la recherche,Stock non disponible,ISBN non disponible,Éditeur non disponible,Date non disponible,Nombre de pages non disponible,Rang de vente non disponible,Manga,33.0,,
"Berserk of Gluttony T09 - Manga: Berserk of Gluttony Manga, T9",https://www.amazon.fr/Berserk-Gluttony-T09-Manga-T9-ebook/dp/B0DGGQVH66/ref=sr_1_522,"8,00 €",Ichika Isshiki,"4,8 sur 5 étoiles, détails de l’évaluation",65,Format Kindle,https://m.media-amazon.com/images/I/71JgTrOLBQL._AC_UY218_.jpg,2025-09-04T08:45:22.301032,Description non disponible depuis la recherche,Stock non disponible,ISBN non disponible,Éditeur non disponible,Date non disponible,Nombre de pages non disponible,Rang de vente non disponible,Manga,33.0,,
"Bastard !! - Tome 26 : Le livre des lois immorales, chapitre final",https://www.amazon.fr/Bastard-Livre-immorales-chapitre-final-ebook/dp/B07DCWSV7N/ref=sr_1_523,"4,99 €",Kazushi Hagiwara,"4,6 sur 5 étoiles, détails de l’évaluation",42,Format Kindle,https://m.media-amazon.com/images/I/812Bn2BwZSL._AC_UY218_.jpg,2025-09-04T08:45:22.303562,Description non disponible depuis la recherche,Stock non disponible,ISBN non disponible,Éditeur non disponible,Date non disponible,Nombre de pages non disponible,Rang de vente non disponible,Manga,33.0,,
Tokyo Ghoul - Tome 09,https://www.amazon.fr/Tokyo-ghoul-Vol-9-ISHIDA-Sui/dp/2344004955/ref=sr_1_524,"7,20 €",Sui Ishida,"4,8 sur 5 étoiles, détails de l’évaluation",394,Broché,https://m.media-amazon.com/images/I/81KEoLANzPL._AC_UY218_.jpg,2025-09-04T08:45:22.306371,Description non disponible depuis la recherche,Stock non disponible,ISBN non disponible,Éditeur non disponible,Date non disponible,Nombre de pages non disponible,Rang de vente non disponible,Manga,33.0,,
Demon Slayer T06,https://www.amazon.fr/Demon-Slayer-T06-Koyoharu-Gotouge/dp/280947818X/ref=sr_1_526,"7,29 €",Koyoharu Gotouge,"4,8 sur 5 étoiles, détails de l’évaluation",1 952,Broché,https://m.media-amazon.com/images/I/81clxtCHpgS._AC_UY218_.jpg,2025-09-04T08:45:22.311876,Description non disponible depuis la recherche,Stock non disponible,ISBN non disponible,Éditeur non disponible,Date non disponible,Nombre de pages non disponible,Rang de vente non disponible,Manga,33.0,,
Boruto - Naruto next generations - Tome 18,https://www.amazon.fr/Boruto-Naruto-next-generations-18/dp/2505117438/ref=sr_1_527,"7,30 €",de Masashi Kishimoto et Mikio Ikemoto | 24 novembre 2023,"4,9 sur 5 étoiles, détails de l’évaluation",93,Broché,https://m.media-amazon.com/images/I/81-9Ers0qrL._AC_UY218_.jpg,2025-09-04T08:45:22.315354,Description non disponible depuis la recherche,Stock non disponible,ISBN non disponible,Éditeur non disponible,Date non disponible,Nombre de pages non disponible,Rang de vente non disponible,Manga,33.0,,
One Piece - Coffret Alabasta (Tomes 13 à 23),https://www.amazon.fr/One-Piece-Coffret-Alabasta-Tomes/dp/2344052003/ref=sr_1_528,"79,20 €",Eiichiro Oda,"4,8 sur 5 étoiles, détails de l’évaluation",259,Broché,https://m.media-amazon.com/images/I/61JDx5fZ6-L._AC_UY218_.jpg,2025-09-04T08:45:22.317298,Description non disponible depuis la recherche,Stock non disponible,ISBN non disponible,Éditeur non disponible,Date non disponible,Nombre de pages non disponible,Rang de vente non disponible,Manga,33.0,,
Mission: Yozakura family - Tome 10,https://www.amazon.fr/Mission-Yozakura-family-Hitsuji-Gondaira/dp/250511546X/ref=sr_1_529,"7,30 €",Hitsuji Gondaira,"5,0 sur 5 étoiles, détails de l’évaluation",51,Broché,https://m.media-amazon.com/images/I/91rPAKD12FL._AC_UY218_.jpg,2025-09-04T08:45:22.319881,Description non disponible depuis la recherche,Stock non disponible,ISBN non disponible,Éditeur non disponible,Date non disponible,Nombre de pages non disponible,Rang de vente non disponible,Manga,33.0,,
Sakamoto Days - Tome 12,https://www.amazon.fr/Sakamoto-Days-12-Yuto-Suzuki/dp/2344057633/ref=sr_1_531,"7,20 €",Yuto Suzuki,"4,9 sur 5 étoiles, détails de l’évaluation",39,Poche,https://m.media-amazon.com/images/I/815V8mpKHJL._AC_UY218_.jpg,2025-09-04T08:45:22.325264,Description non disponible depuis la recherche,Stock non disponible,ISBN non disponible,Éditeur non disponible,Date non disponible,Nombre de pages non disponible,Rang de vente non disponible,Manga,33.0,,
"Martial Universe T10: Martial Universe, T10",https://www.amazon.fr/Martial-Universe-T10-ebook/dp/B0DLQN6NZQ/ref=sr_1_532,Prix non disponible,Tian Can Tu Dou,"4,8 sur 5 étoiles, détails de l’évaluation",32,Format Kindle,https://m.media-amazon.com/images/I/81LtlHc1k-L._AC_UY218_.jpg,2025-09-04T08:45:22.327346,Description non disponible depuis la recherche,Stock non disponible,ISBN non disponible,Éditeur non disponible,Date non disponible,Nombre de pages non disponible,Rang de vente non disponible,Manga,33.0,,
Cat's Eye Perfect Edition T07,https://www.amazon.fr/Cats-Eye-Perfect-Tsukasa-Hojo/dp/B0CYZP5Z73/ref=sr_1_533,"16,99 €",Tsukasa Hojo,"4,6 sur 5 étoiles, détails de l’évaluation",8,Broché,https://m.media-amazon.com/images/I/61BoF4bASzL._AC_UY218_.jpg,2025-09-04T08:45:22.329298,Description non disponible depuis la recherche,Stock non disponible,ISBN non disponible,Éditeur non disponible,Date non disponible,Nombre de pages non disponible,Rang de vente non disponible,Manga,33.0,,
BLOOM T04,https://www.amazon.fr/BLOOM-T04-Saka-Mikami/dp/2384963902/ref=sr_1_534,"7,20 €",Saka Mikami,"4,5 sur 5 étoiles, détails de l’évaluation",8,Poche,https://m.media-amazon.com/images/I/81qx0GcpjOL._AC_UY218_.jpg,2025-09-04T08:45:22.331801,Description non disponible depuis la recherche,Stock non disponible,ISBN non disponible,Éditeur non disponible,Date non disponible,Nombre de pages non disponible,Rang de vente non disponible,Manga,33.0,,
Parasite - Édition originale - Coffret intégrale,https://www.amazon.fr/Parasite-%C3%89dition-originale-Coffret-int%C3%A9grale/dp/2344057854/ref=sr_1_531,"89,00 €",Hitoshi Iwaaki,"4,5 sur 5 étoiles, détails de l’évaluation",45,Broché,https://m.media-amazon.com/images/I/61wqsEm1iCL._AC_UY218_.jpg,2025-09-04T08:45:34.598678,Description non disponible depuis la recherche,Stock non disponible,ISBN non disponible,Éditeur non disponible,Date non disponible,Nombre de pages non disponible,Rang de vente non disponible,Manga,34.0,,
Vigilante - My Hero Academia Illegals T09 (9),https://www.amazon.fr/Vigilante-Hero-Academia-Illegals-T09/dp/B08C92BDG5/ref=sr_1_532,"6,95 €","de Hideyuki Furuhashi, Kohei Horikoshi, et al. | 5 novembre 2020","4,8 sur 5 étoiles, détails de l’évaluation",165,Poche,https://m.media-amazon.com/images/I/71Jj7o0xuKL._AC_UY218_.jpg,2025-09-04T08:45:34.603354,Description non disponible depuis la recherche,Stock non disponible,ISBN non disponible,Éditeur non disponible,Date non disponible,Nombre de pages non disponible,Rang de vente non disponible,Manga,34.0,,
Dragon Ball Le super art book,https://www.amazon.fr/Dragon-Ball-super-art-book/dp/2344069151/ref=sr_1_533,"39,90 €",Akira Toriyama,Note non disponible,0 avis,Broché,https://m.media-amazon.com/images/I/81GdqpFncfL._AC_UY218_.jpg,2025-09-04T08:45:34.605777,Description non disponible depuis la recherche,Stock non disponible,ISBN non disponible,Éditeur non disponible,Date non disponible,Nombre de pages non disponible,Rang de vente non disponible,Manga,34.0,,
Barreras del corazón 6,https://www.amazon.fr/Barreras-del-coraz%C3%B3n-6-Mika/dp/841941235X/ref=sr_1_534,"9,95 €",Mika,"5,0 sur 5 étoiles, détails de l’évaluation",7,Broché,https://m.media-amazon.com/images/I/813HEfcsCCL._AC_UY218_.jpg,2025-09-04T08:45:34.609357,Description non disponible depuis la recherche,Stock non disponible,ISBN non disponible,Éditeur non disponible,Date non disponible,Nombre de pages non disponible,Rang de vente non disponible,Manga,34.0,,
La Rose de Versailles (Lady Oscar) - Tome 4,https://www.amazon.fr/Rose-Versailles-Lady-Oscar-4/dp/2505070490/ref=sr_1_537,"19,00 €",Riyoko Ikeda,"4,8 sur 5 étoiles, détails de l’évaluation",94,Broché,https://m.media-amazon.com/images/I/910SgEk2IbL._AC_UY218_.jpg,2025-09-04T08:45:34.617451,Description non disponible depuis la recherche,Stock non disponible,ISBN non disponible,Éditeur non disponible,Date non disponible,Nombre de pages non disponible,Rang de vente non disponible,Manga,34.0,,
Call of the night - Tome 3 (3),https://www.amazon.fr/Call-night-3-Kotoyama/dp/2380713286/ref=sr_1_538,"7,30 €",de Kotoyama et Xavière Daumarie | 8 décembre 2022,"4,9 sur 5 étoiles, détails de l’évaluation",40,Poche,https://m.media-amazon.com/images/I/719SeN7-pxL._AC_UY218_.jpg,2025-09-04T08:45:34.620738,Description non disponible depuis la recherche,Stock non disponible,ISBN non disponible,Éditeur non disponible,Date non disponible,Nombre de pages non disponible,Rang de vente non disponible,Manga,34.0,,
Le Déserteur,https://www.amazon.fr/D%C3%A9serteur-Junji-Ito/dp/2382818662/ref=sr_1_539,"24,95 €",Junji Ito,"4,8 sur 5 étoiles, détails de l’évaluation",18,Relié,https://m.media-amazon.com/images/I/911qhbxekXL._AC_UY218_.jpg,2025-09-04T08:45:34.623524,Description non disponible depuis la recherche,Stock non disponible,ISBN non disponible,Éditeur non disponible,Date non disponible,Nombre de pages non disponible,Rang de vente non disponible,Manga,34.0,,
Saint Seiya Dark Wing - Tome 7,https://www.amazon.fr/Saint-Seiya-Dark-Wing-7/dp/B0FC1FQT8Z/ref=sr_1_540,"7,95 €","de Masami Kurumada, Kenji Saito, et al. | 13 novembre 2025",Note non disponible,0 avis,Poche,https://m.media-amazon.com/images/I/71kZKDAOMIL._AC_UY218_.jpg,2025-09-04T08:45:34.626261,Description non disponible depuis la recherche,Stock non disponible,ISBN non disponible,Éditeur non disponible,Date non disponible,Nombre de pages non disponible,Rang de vente non disponible,Manga,34.0,,
HAIKYU!! - ÉDITION SMASH T02,https://www.amazon.fr/HAIKYU-%C3%89DITION-SMASH-Haruichi-Furudate/dp/2820350240/ref=sr_1_542,"12,49 €",Haruichi Furudate,"4,9 sur 5 étoiles, détails de l’évaluation",25,Poche,https://m.media-amazon.com/images/I/81PJReJibsL._AC_UY218_.jpg,2025-09-04T08:45:34.631502,Description non disponible depuis la recherche,Stock non disponible,ISBN non disponible,Éditeur non disponible,Date non disponible,Nombre de pages non disponible,Rang de vente non disponible,Manga,34.0,,
Capitaine Albator - Mémoires de l'Arcadia - Tome 2,https://www.amazon.fr/Capitaine-Albator-M%C3%A9moires-lArcadia-2/dp/2505070520/ref=sr_1_543,"12,45 €",de Alquie Jérôme | 15 novembre 2019,"4,8 sur 5 étoiles, détails de l’évaluation",525,Relié,https://m.media-amazon.com/images/I/81ncKzoJOML._AC_UY218_.jpg,2025-09-04T08:45:34.634829,Description non disponible depuis la recherche,Stock non disponible,ISBN non disponible,Éditeur non disponible,Date non disponible,Nombre de pages non disponible,Rang de vente non disponible,Manga,34.0,,
Super Mario Manga Adventures T15,https://www.amazon.fr/Super-Mario-Manga-Adventures-T15/dp/2302065581/ref=sr_1_544,"7,29 €",Yukio Sawada,"4,8 sur 5 étoiles, détails de l’évaluation",108,Broché,https://m.media-amazon.com/images/I/81WFIRyK91L._AC_UY218_.jpg,2025-09-04T08:45:34.636933,Description non disponible depuis la recherche,Stock non disponible,ISBN non disponible,Éditeur non disponible,Date non disponible,Nombre de pages non disponible,Rang de vente non disponible,Manga,34.0,,
Coffret intégrale Timebomb Teacher,https://www.amazon.fr/Coffret-int%C3%A9grale-Timebomb-Teacher-Takakuchi/dp/B0CBB2FHZG/ref=sr_1_545,"29,16 €",Yanagi Takakuchi,"4,8 sur 5 étoiles, détails de l’évaluation",7,Broché,https://m.media-amazon.com/images/I/71wA-uMN7OL._AC_UY218_.jpg,2025-09-04T08:45:34.638983,Description non disponible depuis la recherche,Stock non disponible,ISBN non disponible,Éditeur non disponible,Date non disponible,Nombre de pages non disponible,Rang de vente non disponible,Manga,34.0,,
L'École emportée - Édition originale - Tome 04,https://www.amazon.fr/L%C3%89cole-emport%C3%A9e-%C3%89dition-originale-04/dp/2344049118/ref=sr_1_547,"10,95 €",Kazuo Umezu (Umezz),"4,8 sur 5 étoiles, détails de l’évaluation",43,Broché,https://m.media-amazon.com/images/I/81AVzDu9H4L._AC_UY218_.jpg,2025-09-04T08:45:34.644823,Description non disponible depuis la recherche,Stock non disponible,ISBN non disponible,Éditeur non disponible,Date non disponible,Nombre de pages non disponible,Rang de vente non disponible,Manga,34.0,,
Honey come honey T01,https://www.amazon.fr/Honey-come-honey-Yuki-Shiraishi-ebook/dp/B084KLNT9Y/ref=sr_1_548,"4,99 €",Yuki Shiraishi,"4,7 sur 5 étoiles, détails de l’évaluation",274,Format Kindle,https://m.media-amazon.com/images/I/81KjpyOWb6L._AC_UY218_.jpg,2025-09-04T08:45:34.647495,Description non disponible depuis la recherche,Stock non disponible,ISBN non disponible,Éditeur non disponible,Date non disponible,Nombre de pages non disponible,Rang de vente non disponible,Manga,34.0,,
Blue Spring Ride - Tome 1,https://www.amazon.fr/Blue-Spring-Ride-SAKISAKA-Io/dp/2505017190/ref=sr_1_549,"3,00 €",Io Sakisaka,"4,8 sur 5 étoiles, détails de l’évaluation",410,Broché,https://m.media-amazon.com/images/I/81b7VwNnNdL._AC_UY218_.jpg,2025-09-04T08:45:34.649883,Description non disponible depuis la recherche,Stock non disponible,ISBN non disponible,Éditeur non disponible,Date non disponible,Nombre de pages non disponible,Rang de vente non disponible,Manga,34.0,,
Latna Saga : Survival Story of a Sword King T02,https://www.amazon.fr/Latna-Saga-Survival-Story-Sword/dp/238288116X/ref=sr_1_550,"14,95 €",de Soon-Q et Studio Khit | 21 mai 2025,"5,0 sur 5 étoiles, détails de l’évaluation",2,Broché,https://m.media-amazon.com/images/I/71TCY+EUFLL._AC_UY218_.jpg,2025-09-04T08:45:34.652656,Description non disponible depuis la recherche,Stock non disponible,ISBN non disponible,Éditeur non disponible,Date non disponible,Nombre de pages non disponible,Rang de vente non disponible,Manga,34.0,,
Honey come honey T01,https://www.amazon.fr/Honey-come-honey-Yuki-Shiraishi-ebook/dp/B084KLNT9Y/ref=sr_1_547,"4,99 €",Yuki Shiraishi,"4,7 sur 5 étoiles, détails de l’évaluation",274,Format Kindle,https://m.media-amazon.com/images/I/81KjpyOWb6L._AC_UY218_.jpg,2025-09-04T08:45:44.178563,Description non disponible depuis la recherche,Stock non disponible,ISBN non disponible,Éditeur non disponible,Date non disponible,Nombre de pages non disponible,Rang de vente non disponible,Manga,35.0,,
Blue Spring Ride - Tome 1,https://www.amazon.fr/Blue-Spring-Ride-SAKISAKA-Io/dp/2505017190/ref=sr_1_548,"3,00 €",Io Sakisaka,"4,8 sur 5 étoiles, détails de l’évaluation",410,Broché,https://m.media-amazon.com/images/I/81b7VwNnNdL._AC_UY218_.jpg,2025-09-04T08:45:44.181140,Description non disponible depuis la recherche,Stock non disponible,ISBN non disponible,Éditeur non disponible,Date non disponible,Nombre de pages non disponible,Rang de vente non disponible,Manga,35.0,,
Latna Saga : Survival Story of a Sword King T02,https://www.amazon.fr/Latna-Saga-Survival-Story-Sword/dp/238288116X/ref=sr_1_549,"14,95 €",de Soon-Q et Studio Khit | 21 mai 2025,"5,0 sur 5 étoiles, détails de l’évaluation",2,Broché,https://m.media-amazon.com/images/I/71TCY+EUFLL._AC_UY218_.jpg,2025-09-04T08:45:44.183754,Description non disponible depuis la recherche,Stock non disponible,ISBN non disponible,Éditeur non disponible,Date non disponible,Nombre de pages non disponible,Rang de vente non disponible,Manga,35.0,,
Bleach - Tome 16: Night of wijnruit,https://www.amazon.fr/Bleach-Vol-16-TITE-Kubo/dp/2723453855/ref=sr_1_550,"7,20 €",Tite Kubo,"4,9 sur 5 étoiles, détails de l’évaluation",97,Broché,https://m.media-amazon.com/images/I/81vC1YOv12L._AC_UY218_.jpg,2025-09-04T08:45:44.186338,Description non disponible depuis la recherche,Stock non disponible,ISBN non disponible,Éditeur non disponible,Date non disponible,Nombre de pages non disponible,Rang de vente non disponible,Manga,35.0,,
Sexy Cosplay Doll - Tome 13,https://www.amazon.fr/Sexy-Cosplay-Doll-Shinichi-Fukuda/dp/2505125252/ref=sr_1_553,"8,10 €",Shinichi Fukuda,"4,8 sur 5 étoiles, détails de l’évaluation",42,Broché,https://m.media-amazon.com/images/I/71G+rUTth+L._AC_UY218_.jpg,2025-09-04T08:45:44.193981,Description non disponible depuis la recherche,Stock non disponible,ISBN non disponible,Éditeur non disponible,Date non disponible,Nombre de pages non disponible,Rang de vente non disponible,Manga,35.0,,
Elfen Lied Double Edition T06,https://www.amazon.fr/Elfen-Lied-Double-Lynn-Okamoto/dp/2413043845/ref=sr_1_554,"15,99 €",Lynn Okamoto,"4,7 sur 5 étoiles, détails de l’évaluation",46,Broché,https://m.media-amazon.com/images/I/71McilATr+L._AC_UY218_.jpg,2025-09-04T08:45:44.196527,Description non disponible depuis la recherche,Stock non disponible,ISBN non disponible,Éditeur non disponible,Date non disponible,Nombre de pages non disponible,Rang de vente non disponible,Manga,35.0,,
Be Blues! - Tome 17,https://www.amazon.fr/Be-Blues-17-Tanaka-Motoyuki/dp/2385036355/ref=sr_1_555,"6,95 €",de Tanaka Motoyuki | 12 septembre 2025,Note non disponible,0 avis,Poche,https://m.media-amazon.com/images/I/71AffWiOqtL._AC_UY218_.jpg,2025-09-04T08:45:44.199011,Description non disponible depuis la recherche,Stock non disponible,ISBN non disponible,Éditeur non disponible,Date non disponible,Nombre de pages non disponible,Rang de vente non disponible,Manga,35.0,,
"Vagabond, tome 16",https://www.amazon.fr/Vagabond-16-Takehiko-Inou%C3%A9/dp/2845804113/ref=sr_1_556,"9,99 €",Takehiko Inoué,"4,9 sur 5 étoiles, détails de l’évaluation",75,Broché,https://m.media-amazon.com/images/I/81EWH6-tddL._AC_UY218_.jpg,2025-09-04T08:45:44.201013,Description non disponible depuis la recherche,Stock non disponible,ISBN non disponible,Éditeur non disponible,Date non disponible,Nombre de pages non disponible,Rang de vente non disponible,Manga,35.0,,
Let's Buy the Land and Cultivate It in a Different World (Manga) Vol. 8 (English Edition),https://www.amazon.fr/Cultivate-Different-World-Manga-English-ebook/dp/B0FCSX8F8T/ref=sr_1_558,"9,00 €",Rokujuuyon Okazawa,"4,8 sur 5 étoiles, détails de l’évaluation",44,Format Kindle,https://m.media-amazon.com/images/I/91hdxIRiIkL._AC_UY218_.jpg,2025-09-04T08:45:44.206740,Description non disponible depuis la recherche,Stock non disponible,ISBN non disponible,Éditeur non disponible,Date non disponible,Nombre de pages non disponible,Rang de vente non disponible,Manga,35.0,,
Fun Territory Defense by the Optimistic Lord - Tome 06 - Edition limitée,https://www.amazon.fr/Fun-Territory-Defense-Optimistic-Lord/dp/2386585018/ref=sr_1_559,"12,95 €","de Maro Aoiro, Kururi, et al. | 13 juin 2025","5,0 sur 5 étoiles, détails de l’évaluation",4,Poche,https://m.media-amazon.com/images/I/91YqmClKugL._AC_UY218_.jpg,2025-09-04T08:45:44.209131,Description non disponible depuis la recherche,Stock non disponible,ISBN non disponible,Éditeur non disponible,Date non disponible,Nombre de pages non disponible,Rang de vente non disponible,Manga,35.0,,
Attack on Titan Season 2 Manga Box Set,https://www.amazon.fr/Attack-Titan-Season-Manga-Box/dp/1632367017/ref=sr_1_560,"39,85 €",Hajime Isayama,"4,9 sur 5 étoiles, détails de l’évaluation",2 040,Broché,https://m.media-amazon.com/images/I/91b13EUsPnL._AC_UY218_.jpg,2025-09-04T08:45:44.211281,Description non disponible depuis la recherche,Stock non disponible,ISBN non disponible,Éditeur non disponible,Date non disponible,Nombre de pages non disponible,Rang de vente non disponible,Manga,35.0,,
Arsène Lupin - tome 9,https://www.amazon.fr/Ars%C3%A8ne-Lupin-9-Maurice-Leblanc/dp/2380714258/ref=sr_1_561,"7,95 €",Maurice Leblanc,"4,9 sur 5 étoiles, détails de l’évaluation",20,Poche,https://m.media-amazon.com/images/I/716d63buN7L._AC_UY218_.jpg,2025-09-04T08:45:44.213855,Description non disponible depuis la recherche,Stock non disponible,ISBN non disponible,Éditeur non disponible,Date non disponible,Nombre de pages non disponible,Rang de vente non disponible,Manga,35.0,,
À boire et à manger: L'eau à la bouche (5),https://www.amazon.fr/boire-%C3%A0-manger-5/dp/2075152993/ref=sr_1_563,"24,00 €",de Guillaume Long | 9 octobre 2024,"4,7 sur 5 étoiles, détails de l’évaluation",5,Broché,https://m.media-amazon.com/images/I/81BC3316m+L._AC_UY218_.jpg,2025-09-04T08:45:44.220071,Description non disponible depuis la recherche,Stock non disponible,ISBN non disponible,Éditeur non disponible,Date non disponible,Nombre de pages non disponible,Rang de vente non disponible,Manga,35.0,,
Heaven Official's Blessing Box Set (1-6),https://www.amazon.fr/Heaven-Officials-Blessing-Box-Set/dp/1638380406/ref=sr_1_564,"134,73 €",Mo Xiang,Note non disponible,0 avis,Relié,https://m.media-amazon.com/images/I/81dNsmUQEgL._AC_UY218_.jpg,2025-09-04T08:45:44.222457,Description non disponible depuis la recherche,Stock non disponible,ISBN non disponible,Éditeur non disponible,Date non disponible,Nombre de pages non disponible,Rang de vente non disponible,Manga,35.0,,
"Death March to the Parallel World Rhapsody, Vol. 17 (manga) (Death March to the Parallel World Rhapsody (manga)) (English Edition)",https://www.amazon.fr/Death-March-Parallel-Rhapsody-English-ebook/dp/B0DQKQLMZX/ref=sr_1_565,"5,98 €",Hiro Ainana,"4,8 sur 5 étoiles, détails de l’évaluation",30,Format Kindle,https://m.media-amazon.com/images/I/81rrOkXkK4L._AC_UY218_.jpg,2025-09-04T08:45:44.225176,Description non disponible depuis la recherche,Stock non disponible,ISBN non disponible,Éditeur non disponible,Date non disponible,Nombre de pages non disponible,Rang de vente non disponible,Manga,35.0,,
Les Aventures de kirby dans les Etoiles T08,https://www.amazon.fr/Aventures-kirby-dans-Etoiles-T08/dp/2302092392/ref=sr_1_566,"7,29 €",Nintendo,"4,9 sur 5 étoiles, détails de l’évaluation",76,Broché,https://m.media-amazon.com/images/I/81fsWi4TjgL._AC_UY218_.jpg,2025-09-04T08:45:44.227213,Description non disponible depuis la recherche,Stock non disponible,ISBN non disponible,Éditeur non disponible,Date non disponible,Nombre de pages non disponible,Rang de vente non disponible,Manga,35.0,,
Les Aventures de kirby dans les Etoiles T08,https://www.amazon.fr/Aventures-kirby-dans-Etoiles-T08/dp/2302092392/ref=sr_1_563,"7,29 €",Nintendo,"4,9 sur 5 étoiles, détails de l’évaluation",76,Broché,https://m.media-amazon.com/images/I/81fsWi4TjgL._AC_UY218_.jpg,2025-09-04T08:45:55.704299,Description non disponible depuis la recherche,Stock non disponible,ISBN non disponible,Éditeur non disponible,Date non disponible,Nombre de pages non disponible,Rang de vente non disponible,Manga,36.0,,
Respire - Transformer l'épuisement en force vitale,https://www.amazon.fr/Respire-Transformer-l%C3%A9puisement-force-vitale/dp/2494629330/ref=sr_1_564,"25,00 €",Ela Manga,"5,0 sur 5 étoiles, détails de l’évaluation",2,Broché,https://m.media-amazon.com/images/I/61LCAK7trpL._AC_UY218_.jpg,2025-09-04T08:45:55.707322,Description non disponible depuis la recherche,Stock non disponible,ISBN non disponible,Éditeur non disponible,Date non disponible,Nombre de pages non disponible,Rang de vente non disponible,Manga,36.0,,
"Agenda Scolaire: Manga, Kawaii Chat Capuche | Journalier une Page par Jour | 12x17 cm Format Standard | Ecole Elémentaire, Collège, Lycée, Université, ... Couverture Souple | Pour Fille, Garçon, Ado",https://www.amazon.fr/Agenda-Scolaire-Journalier-El%C3%A9mentaire-Universit%C3%A9/dp/B0D9KYYW7T/ref=sr_1_565,"11,99 €",de Roza Yoko | 16 juillet 2024,Note non disponible,0 avis,Broché,https://m.media-amazon.com/images/I/61ipUiREr7L._AC_UY218_.jpg,2025-09-04T08:45:55.709653,Description non disponible depuis la recherche,Stock non disponible,ISBN non disponible,Éditeur non disponible,Date non disponible,Nombre de pages non disponible,Rang de vente non disponible,Manga,36.0,,
"The Saga of Tanya the Evil, Vol. 26 (manga) (The Saga of Tanya the Evil (manga)) (English Edition)",https://www.amazon.fr/Saga-Tanya-Evil-manga-English-ebook/dp/B0FDFT4R5H/ref=sr_1_566,"6,01 €",Carlo Zen,"4,9 sur 5 étoiles, détails de l’évaluation",17,Format Kindle,https://m.media-amazon.com/images/I/81ZK7a4j-VL._AC_UY218_.jpg,2025-09-04T08:45:55.712424,Description non disponible depuis la recherche,Stock non disponible,ISBN non disponible,Éditeur non disponible,Date non disponible,Nombre de pages non disponible,Rang de vente non disponible,Manga,36.0,,
Tokyo Ghoul - Tome 07,https://www.amazon.fr/Tokyo-ghoul-Vol-7-ISHIDA-Sui/dp/2344001840/ref=sr_1_569,"7,20 €",Sui Ishida,"4,8 sur 5 étoiles, détails de l’évaluation",497,Broché,https://m.media-amazon.com/images/I/810tCMfM1FL._AC_UY218_.jpg,2025-09-04T08:45:55.721045,Description non disponible depuis la recherche,Stock non disponible,ISBN non disponible,Éditeur non disponible,Date non disponible,Nombre de pages non disponible,Rang de vente non disponible,Manga,36.0,,
Radiant T01,https://www.amazon.fr/Radiant-T01-Tony-Valente/dp/B0DY44FSS5/ref=sr_1_570,"3,00 €",Tony Valente,"4,6 sur 5 étoiles, détails de l’évaluation",247,Broché,https://m.media-amazon.com/images/I/71vLNaoAuLL._AC_UY218_.jpg,2025-09-04T08:45:55.723484,Description non disponible depuis la recherche,Stock non disponible,ISBN non disponible,Éditeur non disponible,Date non disponible,Nombre de pages non disponible,Rang de vente non disponible,Manga,36.0,,
Agenda Scolaire 2025 2026 Dragon Manga Anime Japonais: Garçon Fille Collège Lycée Étudiant Primaire A5 Journalier en Français,https://www.amazon.fr/Agenda-Scolaire-Dragon-Manga-Japonais/dp/B0FKZGDJTG/ref=sr_1_571,"11,99 €",de Jean D. | 29 juillet 2025,Note non disponible,0 avis,Broché,https://m.media-amazon.com/images/I/71S3rlUQU8L._AC_UY218_.jpg,2025-09-04T08:45:55.726015,Description non disponible depuis la recherche,Stock non disponible,ISBN non disponible,Éditeur non disponible,Date non disponible,Nombre de pages non disponible,Rang de vente non disponible,Manga,36.0,,
Ranma 1/2 - Édition originale - Tome 19,https://www.amazon.fr/Ranma-%C3%89dition-originale-Rumiko-Takahashi/dp/2344041311/ref=sr_1_572,"10,95 €",Rumiko Takahashi,"4,9 sur 5 étoiles, détails de l’évaluation",110,Broché,https://m.media-amazon.com/images/I/71yDabZ62xL._AC_UY218_.jpg,2025-09-04T08:45:55.728635,Description non disponible depuis la recherche,Stock non disponible,ISBN non disponible,Éditeur non disponible,Date non disponible,Nombre de pages non disponible,Rang de vente non disponible,Manga,36.0,,
Mobile Suit Gundam - The Origin - Tome 5,https://www.amazon.fr/Mobile-Suit-Gundam-Origin-5/dp/2379506469/ref=sr_1_574,"29,00 €",de Yasuhiko Yoshikazu | 22 août 2025,Note non disponible,0 avis,Relié,https://m.media-amazon.com/images/I/815-cKc7BfL._AC_UY218_.jpg,2025-09-04T08:45:55.734145,Description non disponible depuis la recherche,Stock non disponible,ISBN non disponible,Éditeur non disponible,Date non disponible,Nombre de pages non disponible,Rang de vente non disponible,Manga,36.0,,
Blitz - Tome 06,https://www.amazon.fr/Blitz-T06-Daitaro-Nishihara/dp/2492972046/ref=sr_1_575,"8,95 €",Tsukasa Mori,"4,5 sur 5 étoiles, détails de l’évaluation",30,Poche,https://m.media-amazon.com/images/I/61cks8A+7bL._AC_UY218_.jpg,2025-09-04T08:45:55.736320,Description non disponible depuis la recherche,Stock non disponible,ISBN non disponible,Éditeur non disponible,Date non disponible,Nombre de pages non disponible,Rang de vente non disponible,Manga,36.0,,
Noblesse T01,https://www.amazon.fr/Noblesse-T01-Kwangsu-Lee/dp/2382880279/ref=sr_1_576,"14,95 €",de Kwangsu Lee et Jaho Son | 9 juin 2021,"4,8 sur 5 étoiles, détails de l’évaluation",49,Relié,https://m.media-amazon.com/images/I/71MPZu0UsYL._AC_UY218_.jpg,2025-09-04T08:45:55.739051,Description non disponible depuis la recherche,Stock non disponible,ISBN non disponible,Éditeur non disponible,Date non disponible,Nombre de pages non disponible,Rang de vente non disponible,Manga,36.0,,
MANGAS - Livre de Coloriages Mystères pour adulte - Coloriage par Numéro - Art-Thérapie - Anti-Stress: 20 dessins de mangas & animes à colorier + 5 ... dessin apparaîtra ! Idée cadeau - 102 pages,https://www.amazon.fr/MANGAS-Coloriages-Art-Th%C3%A9rapie-Anti-Stress-appara%C3%AEtra/dp/B0DN299DQ8/ref=sr_1_577,"9,05 €",Rosalin Paille,"3,9 sur 5 étoiles, détails de l’évaluation",19,Broché,https://m.media-amazon.com/images/I/71+3Exi0DCL._AC_UY218_.jpg,2025-09-04T08:45:55.740996,Description non disponible depuis la recherche,Stock non disponible,ISBN non disponible,Éditeur non disponible,Date non disponible,Nombre de pages non disponible,Rang de vente non disponible,Manga,36.0,,
Manger l'esprit léger : un guide santé pour vous aider à redevenir acteur de vos choix alimentaires ! Nouveauté 2025,https://www.amazon.fr/Manger-lesprit-l%C3%A9ger-redevenir-alimentaires-ebook/dp/B0DPY263GD/ref=sr_1_579,"12,99 €",Boris Hansel,"4,3 sur 5 étoiles, détails de l’évaluation",38,Format Kindle,https://m.media-amazon.com/images/I/71XPKFp3hyL._AC_UY218_.jpg,2025-09-04T08:45:55.748115,Description non disponible depuis la recherche,Stock non disponible,ISBN non disponible,Éditeur non disponible,Date non disponible,Nombre de pages non disponible,Rang de vente non disponible,Manga,36.0,,
Blue lock (Vol. 28),https://www.amazon.fr/Blue-lock-Vol-Muneyuki-Kaneshiro/dp/B0DT54YPKS/ref=sr_1_580,"7,00 €",Yusuke Nomura,"4,7 sur 5 étoiles, détails de l’évaluation",32,Broché,https://m.media-amazon.com/images/I/61uZWJ+9qyL._AC_UY218_.jpg,2025-09-04T08:45:55.750350,Description non disponible depuis la recherche,Stock non disponible,ISBN non disponible,Éditeur non disponible,Date non disponible,Nombre de pages non disponible,Rang de vente non disponible,Manga,36.0,,
Sexy Cosplay Doll - Tome 11,https://www.amazon.fr/Sexy-Cosplay-Doll-Shinichi-Fukuda/dp/2505124051/ref=sr_1_581,"8,10 €",Shinichi Fukuda,"4,9 sur 5 étoiles, détails de l’évaluation",69,Broché,https://m.media-amazon.com/images/I/81zqWv9XTbL._AC_UY218_.jpg,2025-09-04T08:45:55.752130,Description non disponible depuis la recherche,Stock non disponible,ISBN non disponible,Éditeur non disponible,Date non disponible,Nombre de pages non disponible,Rang de vente non disponible,Manga,36.0,,
Remède Impérial - L'étrange médecin de la cour - tome 6,https://www.amazon.fr/Rem%C3%A8de-Imp%C3%A9rial-L%C3%A9trange-m%C3%A9decin-cour/dp/B0FC1FN1DN/ref=sr_1_582,"7,95 €",de Tohru Himuka et Gaëlle Ruel | 13 novembre 2025,Note non disponible,0 avis,Poche,https://m.media-amazon.com/images/I/71KWMliQjdL._AC_UY218_.jpg,2025-09-04T08:45:55.754726,Description non disponible depuis la recherche,Stock non disponible,ISBN non disponible,Éditeur non disponible,Date non disponible,Nombre de pages non disponible,Rang de vente non disponible,Manga,36.0,,
Remède Impérial - L'étrange médecin de la cour - tome 6,https://www.amazon.fr/Rem%C3%A8de-Imp%C3%A9rial-L%C3%A9trange-m%C3%A9decin-cour/dp/B0FC1FN1DN/ref=sr_1_579,"7,95 €",de Tohru Himuka et Gaëlle Ruel | 13 novembre 2025,Note non disponible,0 avis,Poche,https://m.media-amazon.com/images/I/71KWMliQjdL._AC_UY218_.jpg,2025-09-04T08:46:04.271004,Description non disponible depuis la recherche,Stock non disponible,ISBN non disponible,Éditeur non disponible,Date non disponible,Nombre de pages non disponible,Rang de vente non disponible,Manga,37.0,,
Kirby Fantasy T01,https://www.amazon.fr/Kirby-Fantasy-T01-Ibunki-Takeuchi/dp/2302095561/ref=sr_1_580,"7,29 €",de Ibunki Takeuchi | 17 novembre 2021,"4,8 sur 5 étoiles, détails de l’évaluation",60,Broché,https://m.media-amazon.com/images/I/71sXtW2J28L._AC_UY218_.jpg,2025-09-04T08:46:04.273617,Description non disponible depuis la recherche,Stock non disponible,ISBN non disponible,Éditeur non disponible,Date non disponible,Nombre de pages non disponible,Rang de vente non disponible,Manga,37.0,,
Manga Livre: Pour Créer son histoire - Apprends à Dessiner des Mangas comme un Pro - Technique de dessin et planches vierges BD à remplir - Grand format,https://www.amazon.fr/Manga-Livre-histoire-Apprends-Technique/dp/B0BRD9B3VW/ref=sr_1_581,"8,99 €",de Edition Creative style | 28 décembre 2022,"4,5 sur 5 étoiles, détails de l’évaluation",7,Broché,https://m.media-amazon.com/images/I/71qt1yQfirL._AC_UY218_.jpg,2025-09-04T08:46:04.276003,Description non disponible depuis la recherche,Stock non disponible,ISBN non disponible,Éditeur non disponible,Date non disponible,Nombre de pages non disponible,Rang de vente non disponible,Manga,37.0,,
La Gameuse et son chat - vol. 02,https://www.amazon.fr/Gameuse-son-chat-vol-02/dp/2818978343/ref=sr_1_582,"7,50 €",Wataru NADATANI,"4,8 sur 5 étoiles, détails de l’évaluation",167,Poche,https://m.media-amazon.com/images/I/81EJQVmeeXL._AC_UY218_.jpg,2025-09-04T08:46:04.278064,Description non disponible depuis la recherche,Stock non disponible,ISBN non disponible,Éditeur non disponible,Date non disponible,Nombre de pages non disponible,Rang de vente non disponible,Manga,37.0,,
Toilet-bound Hanako-kun Coffret T18 + After-school Hanako-kun,https://www.amazon.fr/Toilet-bound-Hanako-kun-Coffret-T18-After-school/dp/2811690549/ref=sr_1_585,"15,90 €",AidaIro,"4,7 sur 5 étoiles, détails de l’évaluation",30,Poche,https://m.media-amazon.com/images/I/81BtzqUw-ZL._AC_UY218_.jpg,2025-09-04T08:46:04.286012,Description non disponible depuis la recherche,Stock non disponible,ISBN non disponible,Éditeur non disponible,Date non disponible,Nombre de pages non disponible,Rang de vente non disponible,Manga,37.0,,
Mochi et compagnie T04,https://www.amazon.fr/Mochi-compagnie-T04-Hiromu-Shinozuka/dp/2373495414/ref=sr_1_586,"7,20 €",Hiromu Shinozuka,"4,7 sur 5 étoiles, détails de l’évaluation",135,Poche,https://m.media-amazon.com/images/I/81oghOKSH2L._AC_UY218_.jpg,2025-09-04T08:46:04.288054,Description non disponible depuis la recherche,Stock non disponible,ISBN non disponible,Éditeur non disponible,Date non disponible,Nombre de pages non disponible,Rang de vente non disponible,Manga,37.0,,
Vinland Saga - tome 1 - Edition 20 ans,https://www.amazon.fr/Vinland-Saga-1-20-ans/dp/B0DXTQ18WF/ref=sr_1_587,"7,95 €",Makoto Yukimura,"4,8 sur 5 étoiles, détails de l’évaluation",286,Poche,https://m.media-amazon.com/images/I/71CqPKxqkTL._AC_UY218_.jpg,2025-09-04T08:46:04.291341,Description non disponible depuis la recherche,Stock non disponible,ISBN non disponible,Éditeur non disponible,Date non disponible,Nombre de pages non disponible,Rang de vente non disponible,Manga,37.0,,
Manga des vacances - Mission Krono - Un manga pour réviser du CM2 à la 6e - 10-11 ans,https://www.amazon.fr/Manga-vacances-Mission-Krono-r%C3%A9viser/dp/2095015428/ref=sr_1_588_mod_primary_new,"8,99 €",de Studio Makma | 6 avril 2023,"4,4 sur 5 étoiles, détails de l’évaluation",6,Poche,https://m.media-amazon.com/images/I/71Rb1ftAthL._AC_UY218_.jpg,2025-09-04T08:46:04.294946,Description non disponible depuis la recherche,Stock non disponible,ISBN non disponible,Éditeur non disponible,Date non disponible,Nombre de pages non disponible,Rang de vente non disponible,Manga,37.0,,
"Isabella Bird, Femme exploratrice T04 (04)",https://www.amazon.fr/Isabella-Bird-femme-exploratrice-T04/dp/B07C5K7SSX/ref=sr_1_590,"7,95 €",Taiga Sassa,"4,4 sur 5 étoiles, détails de l’évaluation",41,Broché,https://m.media-amazon.com/images/I/71jwqbNBafL._AC_UY218_.jpg,2025-09-04T08:46:04.299970,Description non disponible depuis la recherche,Stock non disponible,ISBN non disponible,Éditeur non disponible,Date non disponible,Nombre de pages non disponible,Rang de vente non disponible,Manga,37.0,,
"Apprendre à Dessiner les Manga & Anime: De Débutant à L’Artiste Manga: Guide Complet pour Maîtriser les Regards, les Expressions et Créer vos Personnages Originaux",https://www.amazon.fr/Apprendre-Dessiner-Manga-Anime-Expressions/dp/B0DX1FYLYK/ref=sr_1_591,"13,95 €",InkWave Publishing,"4,8 sur 5 étoiles, détails de l’évaluation",44,Broché,https://m.media-amazon.com/images/I/71VdYSRgF8L._AC_UY218_.jpg,2025-09-04T08:46:04.302081,Description non disponible depuis la recherche,Stock non disponible,ISBN non disponible,Éditeur non disponible,Date non disponible,Nombre de pages non disponible,Rang de vente non disponible,Manga,37.0,,
Hokuto No Ken (nouvelle édition) T01,https://www.amazon.fr/Hokuto-Ken-nouvelle-%C3%A9dition-T01/dp/2820344887/ref=sr_1_592,"14,99 €",Buronson,"4,6 sur 5 étoiles, détails de l’évaluation",96,Broché,https://m.media-amazon.com/images/I/815Yl4G5UPL._AC_UY218_.jpg,2025-09-04T08:46:04.304861,Description non disponible depuis la recherche,Stock non disponible,ISBN non disponible,Éditeur non disponible,Date non disponible,Nombre de pages non disponible,Rang de vente non disponible,Manga,37.0,,
Toilet-bound Hanako-kun T23,https://www.amazon.fr/Toilet-bound-Hanako-kun-T23-AidaIro/dp/B0FC5V7M5Z/ref=sr_1_593,"7,70 €",AidaIro,Note non disponible,0 avis,Poche,https://m.media-amazon.com/images/I/81peq2VAdKL._AC_UY218_.jpg,2025-09-04T08:46:04.307028,Description non disponible depuis la recherche,Stock non disponible,ISBN non disponible,Éditeur non disponible,Date non disponible,Nombre de pages non disponible,Rang de vente non disponible,Manga,37.0,,
Naruto - Tome 51,https://www.amazon.fr/Naruto-Vol-51-KISHIMOTO-Masashi/dp/2505009929/ref=sr_1_595,"7,30 €",Masashi Kishimoto,"4,8 sur 5 étoiles, détails de l’évaluation",380,Broché,https://m.media-amazon.com/images/I/81Q6li4+mgL._AC_UY218_.jpg,2025-09-04T08:46:04.313316,Description non disponible depuis la recherche,Stock non disponible,ISBN non disponible,Éditeur non disponible,Date non disponible,Nombre de pages non disponible,Rang de vente non disponible,Manga,37.0,,
Stitch - Amis pour la vie T02,https://www.amazon.fr/Stitch-Amis-pour-vie-T02/dp/2384962787/ref=sr_1_596,"7,50 €",Yumi Tsukirino,"4,8 sur 5 étoiles, détails de l’évaluation",37,Poche,https://m.media-amazon.com/images/I/71QW+KK8CBL._AC_UY218_.jpg,2025-09-04T08:46:04.315441,Description non disponible depuis la recherche,Stock non disponible,ISBN non disponible,Éditeur non disponible,Date non disponible,Nombre de pages non disponible,Rang de vente non disponible,Manga,37.0,,
The maid i hired recently is mysterious - Tome 02,https://www.amazon.fr/maid-hired-recently-mysterious-02/dp/2386702995/ref=sr_1_597,"7,95 €",Wakame Konbu,Note non disponible,0 avis,Poche,https://m.media-amazon.com/images/I/81KToQVF3rL._AC_UY218_.jpg,2025-09-04T08:46:04.317575,Description non disponible depuis la recherche,Stock non disponible,ISBN non disponible,Éditeur non disponible,Date non disponible,Nombre de pages non disponible,Rang de vente non disponible,Manga,37.0,,
Dragon Quest - The Adventure of Daï T01,https://www.amazon.fr/Dragon-Quest-Adventure-Da%C3%AF-T01/dp/2413042342/ref=sr_1_598,"12,99 €",Riku Sanjo,"4,5 sur 5 étoiles, détails de l’évaluation",76,Broché,https://m.media-amazon.com/images/I/81NaTGayLjL._AC_UY218_.jpg,2025-09-04T08:46:04.320380,Description non disponible depuis la recherche,Stock non disponible,ISBN non disponible,Éditeur non disponible,Date non disponible,Nombre de pages non disponible,Rang de vente non disponible,Manga,37.0,,
Dragon Quest - The Adventure of Daï T01,https://www.amazon.fr/Dragon-Quest-Adventure-Da%C3%AF-T01/dp/2413042342/ref=sr_1_595,"12,99 €",Riku Sanjo,"4,5 sur 5 étoiles, détails de l’évaluation",76,Broché,https://m.media-amazon.com/images/I/81NaTGayLjL._AC_UY218_.jpg,2025-09-04T08:46:14.284622,Description non disponible depuis la recherche,Stock non disponible,ISBN non disponible,Éditeur non disponible,Date non disponible,Nombre de pages non disponible,Rang de vente non disponible,Manga,38.0,,
Black Clover T25,https://www.amazon.fr/Black-Clover-T25-Yuki-Tabata/dp/2820338232/ref=sr_1_596,"7,05 €",Yuki Tabata,"4,8 sur 5 étoiles, détails de l’évaluation",192,Broché,https://m.media-amazon.com/images/I/81-5Wo9+6eL._AC_UY218_.jpg,2025-09-04T08:46:14.287450,Description non disponible depuis la recherche,Stock non disponible,ISBN non disponible,Éditeur non disponible,Date non disponible,Nombre de pages non disponible,Rang de vente non disponible,Manga,38.0,,
"Mange, Prie, Aime",https://www.amazon.fr/Mange-Prie-Aime-Elizabeth-Gilbert/dp/2253126306/ref=sr_1_597,"9,70 €",Elizabeth Gilbert,"4,4 sur 5 étoiles, détails de l’évaluation",1 101,Poche,https://m.media-amazon.com/images/I/71Mt-t-seYL._AC_UY218_.jpg,2025-09-04T08:46:14.290337,Description non disponible depuis la recherche,Stock non disponible,ISBN non disponible,Éditeur non disponible,Date non disponible,Nombre de pages non disponible,Rang de vente non disponible,Manga,38.0,,
Death Note - Tome 8,https://www.amazon.fr/Death-note-Vol-8-Tsugumi-Ohba/dp/250500269X/ref=sr_1_598,"7,30 €",Tsugumi Ohba,"4,8 sur 5 étoiles, détails de l’évaluation",420,Broché,https://m.media-amazon.com/images/I/91BA4MdgsQL._AC_UY218_.jpg,2025-09-04T08:46:14.294027,Description non disponible depuis la recherche,Stock non disponible,ISBN non disponible,Éditeur non disponible,Date non disponible,Nombre de pages non disponible,Rang de vente non disponible,Manga,38.0,,
12 ans - Tome 12,https://www.amazon.fr/12-ans-Nao-Maita/dp/2344029001/ref=sr_1_601,"7,20 €",Nao Maita,"4,9 sur 5 étoiles, détails de l’évaluation",70,Broché,https://m.media-amazon.com/images/I/81k2B0pW02L._AC_UY218_.jpg,2025-09-04T08:46:14.303002,Description non disponible depuis la recherche,Stock non disponible,ISBN non disponible,Éditeur non disponible,Date non disponible,Nombre de pages non disponible,Rang de vente non disponible,Manga,38.0,,
Le Monde de Suzuka Morino,https://www.amazon.fr/Monde-Suzuka-Morino/dp/2808700148/ref=sr_1_602,"12,50 €",de Suzuka Morino | 5 septembre 2025,Note non disponible,0 avis,Broché,https://m.media-amazon.com/images/I/91GH+tUp6RL._AC_UY218_.jpg,2025-09-04T08:46:14.305668,Description non disponible depuis la recherche,Stock non disponible,ISBN non disponible,Éditeur non disponible,Date non disponible,Nombre de pages non disponible,Rang de vente non disponible,Manga,38.0,,
Les chefs-d'oeuvre de Lovecraft - L'Indicible,https://www.amazon.fr/chefs-doeuvre-Lovecraft-LIndicible-H-P/dp/B0F59C2KMX/ref=sr_1_603,"18,00 €",de H. P. Lovecraft et Gou Tanabe | 4 septembre 2025,Note non disponible,0 avis,Relié,https://m.media-amazon.com/images/I/61TDYD69zQL._AC_UY218_.jpg,2025-09-04T08:46:14.309110,Description non disponible depuis la recherche,Stock non disponible,ISBN non disponible,Éditeur non disponible,Date non disponible,Nombre de pages non disponible,Rang de vente non disponible,Manga,38.0,,
Tower Dungeon - Tome 02 Collector,https://www.amazon.fr/Tower-Dungeon-Collector-Tsutomu-Nihei/dp/2344068058/ref=sr_1_604,"10,95 €",Tsutomu Nihei,Note non disponible,0 avis,Relié,https://m.media-amazon.com/images/I/91bQ5p+fveL._AC_UY218_.jpg,2025-09-04T08:46:14.312293,Description non disponible depuis la recherche,Stock non disponible,ISBN non disponible,Éditeur non disponible,Date non disponible,Nombre de pages non disponible,Rang de vente non disponible,Manga,38.0,,
Saint Seiya Next Dimension T13,https://www.amazon.fr/Saint-Seiya-Next-Dimension-T13/dp/2809489769/ref=sr_1_606,"9,29 €",Masami Kurumada,"4,8 sur 5 étoiles, détails de l’évaluation",111,Broché,https://m.media-amazon.com/images/I/81pebcvfftL._AC_UY218_.jpg,2025-09-04T08:46:14.317525,Description non disponible depuis la recherche,Stock non disponible,ISBN non disponible,Éditeur non disponible,Date non disponible,Nombre de pages non disponible,Rang de vente non disponible,Manga,38.0,,
Mobile Suit Gundam - Char contre-attaque - Beltorchika's Children - Tome 1,https://www.amazon.fr/Mobile-Suit-Gundam-contre-attaque-Beltorchikas/dp/2379506663/ref=sr_1_607,"15,50 €",de Sabasi Uroaki et Yanase Takayuki | 4 juillet 2025,"5,0 sur 5 étoiles, détails de l’évaluation",1,Broché,https://m.media-amazon.com/images/I/71Ix-WXmbIL._AC_UY218_.jpg,2025-09-04T08:46:14.320305,Description non disponible depuis la recherche,Stock non disponible,ISBN non disponible,Éditeur non disponible,Date non disponible,Nombre de pages non disponible,Rang de vente non disponible,Manga,38.0,,
There's No Freaking Way I'll be Your Lover! Unless... (Manga) Vol. 7,https://www.amazon.fr/Theres-Freaking-Lover-Unless-Manga/dp/B0DHWSVGFG/ref=sr_1_608,"12,69 €","Édition en Anglais | de Teren Mikami, Musshu, et al. | 24 juin 2025","4,7 sur 5 étoiles, détails de l’évaluation",26,Broché,https://m.media-amazon.com/images/I/81CRJkYgLVL._AC_UY218_.jpg,2025-09-04T08:46:14.324037,Description non disponible depuis la recherche,Stock non disponible,ISBN non disponible,Éditeur non disponible,Date non disponible,Nombre de pages non disponible,Rang de vente non disponible,Manga,38.0,,
There's No Freaking Way I'll be Your Lover! Unless... (Manga) Vol. 5 (English Edition),https://www.amazon.fr/Theres-Freaking-Lover-Unless-English-ebook/dp/B0D474PDHB/ref=sr_1_609,"9,00 €",Édition en Anglais | de Musshu | 18 juin 2024,"4,7 sur 5 étoiles, détails de l’évaluation",61,Format Kindle,https://m.media-amazon.com/images/I/81E5Spjd0AL._AC_UY218_.jpg,2025-09-04T08:46:14.327794,Description non disponible depuis la recherche,Stock non disponible,ISBN non disponible,Éditeur non disponible,Date non disponible,Nombre de pages non disponible,Rang de vente non disponible,Manga,38.0,,
AO ASHI T26,https://www.amazon.fr/AO-ASHI-T26-Y%C3%BBgo-Kobayashi/dp/238281876X/ref=sr_1_611,"7,20 €",de Yûgo Kobayashi et Anthony Prezman | 15 janvier 2025,"5,0 sur 5 étoiles, détails de l’évaluation",7,Poche,https://m.media-amazon.com/images/I/81--lwsa9HL._AC_UY218_.jpg,2025-09-04T08:46:14.333065,Description non disponible depuis la recherche,Stock non disponible,ISBN non disponible,Éditeur non disponible,Date non disponible,Nombre de pages non disponible,Rang de vente non disponible,Manga,38.0,,
"Demon Slayer T04, langue : français",https://www.amazon.fr/Demon-Slayer-T04-Koyoharu-Gotouge/dp/280947690X/ref=sr_1_612,"7,29 €",Koyoharu Gotouge,"4,8 sur 5 étoiles, détails de l’évaluation",2 267,Broché,https://m.media-amazon.com/images/I/81ngJx0zYhL._AC_UY218_.jpg,2025-09-04T08:46:14.335810,Description non disponible depuis la recherche,Stock non disponible,ISBN non disponible,Éditeur non disponible,Date non disponible,Nombre de pages non disponible,Rang de vente non disponible,Manga,38.0,,
Coloriage mystere manga: coloriage pour Adulte Numéroté dans l'univers manga japonais,https://www.amazon.fr/Coloriage-mystere-manga-coloriage-Num%C3%A9rot%C3%A9/dp/B0DKKN9239/ref=sr_1_613,"13,54 €",MagicPix,"4,3 sur 5 étoiles, détails de l’évaluation",23,Broché,https://m.media-amazon.com/images/I/71Qi1L06p4L._AC_UY218_.jpg,2025-09-04T08:46:14.338085,Description non disponible depuis la recherche,Stock non disponible,ISBN non disponible,Éditeur non disponible,Date non disponible,Nombre de pages non disponible,Rang de vente non disponible,Manga,38.0,,
Daisy - Comment devenir la fiancée du Duc T03,https://www.amazon.fr/Daisy-Comment-devenir-fianc%C3%A9e-Duc/dp/2382881550/ref=sr_1_614,"14,95 €","de Yuzu, Allyn, et al. | 20 août 2025","5,0 sur 5 étoiles, détails de l’évaluation",2,Broché,https://m.media-amazon.com/images/I/81Ze6rriP3L._AC_UY218_.jpg,2025-09-04T08:46:14.341049,Description non disponible depuis la recherche,Stock non disponible,ISBN non disponible,Éditeur non disponible,Date non disponible,Nombre de pages non disponible,Rang de vente non disponible,Manga,38.0,,
Bonne Nuit Punpun - Tome 4,https://www.amazon.fr/Bonne-nuit-Punpun-Vol-4-ASANO/dp/2505015198/ref=sr_1_611,"8,10 €",Inio Asano,"4,7 sur 5 étoiles, détails de l’évaluation",231,Broché,https://m.media-amazon.com/images/I/51bAPtHY9gL._AC_UY218_.jpg,2025-09-04T08:46:22.412445,Description non disponible depuis la recherche,Stock non disponible,ISBN non disponible,Éditeur non disponible,Date non disponible,Nombre de pages non disponible,Rang de vente non disponible,Manga,39.0,,
Blue Spring Ride - Tome 7,https://www.amazon.fr/Blue-Spring-Ride-Io-Sakisaka/dp/2505060509/ref=sr_1_612,"7,30 €",Io Sakisaka,"4,8 sur 5 étoiles, détails de l’évaluation",285,Broché,https://m.media-amazon.com/images/I/813zdr5TS8L._AC_UY218_.jpg,2025-09-04T08:46:22.415208,Description non disponible depuis la recherche,Stock non disponible,ISBN non disponible,Éditeur non disponible,Date non disponible,Nombre de pages non disponible,Rang de vente non disponible,Manga,39.0,,
AO ASHI T28,https://www.amazon.fr/AO-ASHI-T28-Y%C3%BBgo-Kobayashi/dp/2382815914/ref=sr_1_613,"7,20 €",de Yûgo Kobayashi et Anthony Prezman | 21 mai 2025,"3,5 sur 5 étoiles, détails de l’évaluation",2,Poche,https://m.media-amazon.com/images/I/81WoJO0xZnL._AC_UY218_.jpg,2025-09-04T08:46:22.417982,Description non disponible depuis la recherche,Stock non disponible,ISBN non disponible,Éditeur non disponible,Date non disponible,Nombre de pages non disponible,Rang de vente non disponible,Manga,39.0,,
The Wolf King’s Passionate Courtship (Romance Manga) (English Edition),https://www.amazon.fr/Kings-Passionate-Courtship-Romance-English-ebook/dp/B0FNSXXWH6/ref=sr_1_614,"5,04 €",Édition en Anglais | de SACHINO KOUZUKI et YUU HIZAKI | 3 septembre 2025,Note non disponible,0 avis,Format Kindle,https://m.media-amazon.com/images/I/81beN4N8duL._AC_UY218_.jpg,2025-09-04T08:46:22.420768,Description non disponible depuis la recherche,Stock non disponible,ISBN non disponible,Éditeur non disponible,Date non disponible,Nombre de pages non disponible,Rang de vente non disponible,Manga,39.0,,
Black Butler - Tome 24,https://www.amazon.fr/Black-Butler-24-Yana-Toboso/dp/2505068909/ref=sr_1_617,"7,30 €",Yana Toboso,"5,0 sur 5 étoiles, détails de l’évaluation",137,Broché,https://m.media-amazon.com/images/I/81s4fmQ8TkL._AC_UY218_.jpg,2025-09-04T08:46:22.429270,Description non disponible depuis la recherche,Stock non disponible,ISBN non disponible,Éditeur non disponible,Date non disponible,Nombre de pages non disponible,Rang de vente non disponible,Manga,39.0,,
Bleach - Tome 20: End of hypnosis,https://www.amazon.fr/Bleach-Vol-20-TITE-Kubo/dp/2723456277/ref=sr_1_618,"7,20 €",Tite Kubo,"4,9 sur 5 étoiles, détails de l’évaluation",96,Broché,https://m.media-amazon.com/images/I/41GqB74EuQL._AC_UY218_.jpg,2025-09-04T08:46:22.432054,Description non disponible depuis la recherche,Stock non disponible,ISBN non disponible,Éditeur non disponible,Date non disponible,Nombre de pages non disponible,Rang de vente non disponible,Manga,39.0,,
Ranma 1/2 - Édition originale - Tome 11,https://www.amazon.fr/Ranma-%C3%89dition-originale-Rumiko-Takahashi/dp/2344033785/ref=sr_1_619,"10,95 €",Rumiko Takahashi,"4,8 sur 5 étoiles, détails de l’évaluation",125,Broché,https://m.media-amazon.com/images/I/81LdYtScWJL._AC_UY218_.jpg,2025-09-04T08:46:22.434873,Description non disponible depuis la recherche,Stock non disponible,ISBN non disponible,Éditeur non disponible,Date non disponible,Nombre de pages non disponible,Rang de vente non disponible,Manga,39.0,,
Incitant Porno - Livre (Manga) - Yaoi - Hana Collection,https://www.amazon.fr/Incitant-Porno-Livre-Manga-Collection/dp/2368776834/ref=sr_1_620,"7,95 €",de Jita | 2 septembre 2019,"4,5 sur 5 étoiles, détails de l’évaluation",202,Poche,https://m.media-amazon.com/images/I/61GdVsJjukL._AC_UY218_.jpg,2025-09-04T08:46:22.438307,Description non disponible depuis la recherche,Stock non disponible,ISBN non disponible,Éditeur non disponible,Date non disponible,Nombre de pages non disponible,Rang de vente non disponible,Manga,39.0,,
L'Épouse damnée et le chasseur de démons T01,https://www.amazon.fr/L%C3%89pouse-damn%C3%A9e-chasseur-d%C3%A9mons-T01-ebook/dp/B0F1G4VL9J/ref=sr_1_622,"4,49 €",de Yuma Midori et Fujimaru Mamenosuke | 7 mai 2025,"5,0 sur 5 étoiles, détails de l’évaluation",20,Format Kindle,https://m.media-amazon.com/images/I/81lwqrTElML._AC_UY218_.jpg,2025-09-04T08:46:22.444926,Description non disponible depuis la recherche,Stock non disponible,ISBN non disponible,Éditeur non disponible,Date non disponible,Nombre de pages non disponible,Rang de vente non disponible,Manga,39.0,,
An Archdemon’s Dilemma: How to Love Your Elf Bride (Manga) Vol. 12 (English Edition),https://www.amazon.fr/Archdemons-Dilemma-Bride-Manga-English-ebook/dp/B0F1XZ455B/ref=sr_1_623,"8,21 €",Fuminori Teshima,"4,7 sur 5 étoiles, détails de l’évaluation",12,Format Kindle,https://m.media-amazon.com/images/I/81G9UsXkPyL._AC_UY218_.jpg,2025-09-04T08:46:22.447103,Description non disponible depuis la recherche,Stock non disponible,ISBN non disponible,Éditeur non disponible,Date non disponible,Nombre de pages non disponible,Rang de vente non disponible,Manga,39.0,,
Mon destin... entre les mains des femmes T08,https://www.amazon.fr/Mon-destin-entre-mains-femmes/dp/2413077685/ref=sr_1_624,"8,50 €","de Monda, Jun Shiosato, et al. | 13 août 2025","5,0 sur 5 étoiles, détails de l’évaluation",4,Broché,https://m.media-amazon.com/images/I/81T7s2Q9BHL._AC_UY218_.jpg,2025-09-04T08:46:22.450602,Description non disponible depuis la recherche,Stock non disponible,ISBN non disponible,Éditeur non disponible,Date non disponible,Nombre de pages non disponible,Rang de vente non disponible,Manga,39.0,,
Histoire du manga,https://www.amazon.fr/Histoire-du-manga-Karyn-Nishimura-Poup%C3%A9e/dp/B09TXHLD4B/ref=sr_1_625,"11,50 €",Karyn Nishimura-Poupée,"4,3 sur 5 étoiles, détails de l’évaluation",21,Poche,https://m.media-amazon.com/images/I/81dKafRApsL._AC_UY218_.jpg,2025-09-04T08:46:22.453958,Description non disponible depuis la recherche,Stock non disponible,ISBN non disponible,Éditeur non disponible,Date non disponible,Nombre de pages non disponible,Rang de vente non disponible,Manga,39.0,,
NieR:Automata Opération Pearl Harbor - Tome 3,https://www.amazon.fr/NieR-Automata-Op%C3%A9ration-Pearl-Harbor/dp/2380715165/ref=sr_1_627,"7,95 €","de Yoko Taro, Megumu Soramichi, et al. | 8 juin 2023","4,9 sur 5 étoiles, détails de l’évaluation",50,Poche,https://m.media-amazon.com/images/I/71tfRGEYkuL._AC_UY218_.jpg,2025-09-04T08:46:22.460381,Description non disponible depuis la recherche,Stock non disponible,ISBN non disponible,Éditeur non disponible,Date non disponible,Nombre de pages non disponible,Rang de vente non disponible,Manga,39.0,,
Blue Spring Ride - Tome 8,https://www.amazon.fr/Blue-Spring-Ride-Io-Sakisaka/dp/2505061734/ref=sr_1_628,"7,30 €",Io Sakisaka,"4,8 sur 5 étoiles, détails de l’évaluation",252,Broché,https://m.media-amazon.com/images/I/81Kd7tBltHL._AC_UY218_.jpg,2025-09-04T08:46:22.463426,Description non disponible depuis la recherche,Stock non disponible,ISBN non disponible,Éditeur non disponible,Date non disponible,Nombre de pages non disponible,Rang de vente non disponible,Manga,39.0,,
Mashle T04,https://www.amazon.fr/Mashle-T04-Hajime-Komoto/dp/2820341136/ref=sr_1_629,"7,15 €",Hajime Komoto,"4,8 sur 5 étoiles, détails de l’évaluation",455,Broché,https://m.media-amazon.com/images/I/81Lv-PPICnL._AC_UY218_.jpg,2025-09-04T08:46:22.466307,Description non disponible depuis la recherche,Stock non disponible,ISBN non disponible,Éditeur non disponible,Date non disponible,Nombre de pages non disponible,Rang de vente non disponible,Manga,39.0,,
NieR:Automata World Guide,https://www.amazon.fr/NieR-Automata-St%C3%A9-SQUARE-ENIX/dp/2368526641/ref=sr_1_630,"19,90 €",de Square Enix et Nesrine Mezouane | 15 novembre 2018,"4,8 sur 5 étoiles, détails de l’évaluation",174,Broché,https://m.media-amazon.com/images/I/71vF2nHCYdL._AC_UY218_.jpg,2025-09-04T08:46:22.469313,Description non disponible depuis la recherche,Stock non disponible,ISBN non disponible,Éditeur non disponible,Date non disponible,Nombre de pages non disponible,Rang de vente non disponible,Manga,39.0,,
NieR:Automata World Guide,https://www.amazon.fr/NieR-Automata-St%C3%A9-SQUARE-ENIX/dp/2368526641/ref=sr_1_627,"19,90 €",de Square Enix et Nesrine Mezouane | 15 novembre 2018,"4,8 sur 5 étoiles, détails de l’évaluation",174,Broché,https://m.media-amazon.com/images/I/71vF2nHCYdL._AC_UY218_.jpg,2025-09-04T08:46:31.933559,Description non disponible depuis la recherche,Stock non disponible,ISBN non disponible,Éditeur non disponible,Date non disponible,Nombre de pages non disponible,Rang de vente non disponible,Manga,40.0,,
Laughing Under the clouds T05,https://www.amazon.fr/Laughing-Under-clouds-Karakara-Kemuri/dp/B0CY233FZJ/ref=sr_1_628,"8,29 €",de Karakara Kemuri | 7 août 2024,"5,0 sur 5 étoiles, détails de l’évaluation",1,Broché,https://m.media-amazon.com/images/I/81fGucAbFpL._AC_UY218_.jpg,2025-09-04T08:46:31.936178,Description non disponible depuis la recherche,Stock non disponible,ISBN non disponible,Éditeur non disponible,Date non disponible,Nombre de pages non disponible,Rang de vente non disponible,Manga,40.0,,
Kingdom - Tome 18,https://www.amazon.fr/Kingdom-18-Yasuhisa-Hara/dp/2368778225/ref=sr_1_629,"6,95 €",Yasuhisa Hara,"4,9 sur 5 étoiles, détails de l’évaluation",132,Poche,https://m.media-amazon.com/images/I/81SiIBAtO6L._AC_UY218_.jpg,2025-09-04T08:46:31.939187,Description non disponible depuis la recherche,Stock non disponible,ISBN non disponible,Éditeur non disponible,Date non disponible,Nombre de pages non disponible,Rang de vente non disponible,Manga,40.0,,
300 jours avec toi - écrin vol. 01 et 02,https://www.amazon.fr/300-jours-avec-toi-%C3%A9crin/dp/B0D3GBR26G/ref=sr_1_630,"15,00 €",de Masaki KIRITOMO et Kohei Nagashii | 26 juin 2024,Note non disponible,0 avis,Poche,https://m.media-amazon.com/images/I/71v7D-JeLkL._AC_UY218_.jpg,2025-09-04T08:46:31.942025,Description non disponible depuis la recherche,Stock non disponible,ISBN non disponible,Éditeur non disponible,Date non disponible,Nombre de pages non disponible,Rang de vente non disponible,Manga,40.0,,
Alya sometimes hides her feelings in russian - Tome 1,https://www.amazon.fr/Alya-sometimes-hides-feelings-russian/dp/2379508054/ref=sr_1_633,"8,35 €","de Sansansun, Tenamachi Saho, et al. | 27 juin 2025","5,0 sur 5 étoiles, détails de l’évaluation",1,Broché,https://m.media-amazon.com/images/I/81-C3AQoCDL._AC_UY218_.jpg,2025-09-04T08:46:31.950865,Description non disponible depuis la recherche,Stock non disponible,ISBN non disponible,Éditeur non disponible,Date non disponible,Nombre de pages non disponible,Rang de vente non disponible,Manga,40.0,,
Call of the night - Tome 8,https://www.amazon.fr/Call-night-8-Kotoyama/dp/B0CK9TY4CK/ref=sr_1_634,"7,30 €",Kotoyama,"5,0 sur 5 étoiles, détails de l’évaluation",19,Poche,https://m.media-amazon.com/images/I/61tl8iXpHmL._AC_UY218_.jpg,2025-09-04T08:46:31.953401,Description non disponible depuis la recherche,Stock non disponible,ISBN non disponible,Éditeur non disponible,Date non disponible,Nombre de pages non disponible,Rang de vente non disponible,Manga,40.0,,
"Moi, quand je me réincarne en Slime - Tome 22",https://www.amazon.fr/Moi-quand-r%C3%A9incarne-Slime-22/dp/2380715483/ref=sr_1_635,"7,95 €",Fuse,"4,8 sur 5 étoiles, détails de l’évaluation",83,Poche,https://m.media-amazon.com/images/I/71rcgJ5oPqL._AC_UY218_.jpg,2025-09-04T08:46:31.955943,Description non disponible depuis la recherche,Stock non disponible,ISBN non disponible,Éditeur non disponible,Date non disponible,Nombre de pages non disponible,Rang de vente non disponible,Manga,40.0,,
Pokémon - Diamant et Perle / Platine - tome 04 (4),https://www.amazon.fr/Pok%C3%A9mon-Diamant-Perle-Platine-04/dp/2368526552/ref=sr_1_636,"10,00 €",Hidenori Kusaka,"4,9 sur 5 étoiles, détails de l’évaluation",188,Broché,https://m.media-amazon.com/images/I/715CYHt-IGL._AC_UY218_.jpg,2025-09-04T08:46:31.958206,Description non disponible depuis la recherche,Stock non disponible,ISBN non disponible,Éditeur non disponible,Date non disponible,Nombre de pages non disponible,Rang de vente non disponible,Manga,40.0,,
Tokyo Ghoul - Tome 10,https://www.amazon.fr/Tokyo-ghoul-Vol-10-ISHIDA-Sui/dp/2344006478/ref=sr_1_638,"7,20 €",Sui Ishida,"4,8 sur 5 étoiles, détails de l’évaluation",349,Broché,https://m.media-amazon.com/images/I/81rVmstfnrL._AC_UY218_.jpg,2025-09-04T08:46:31.964036,Description non disponible depuis la recherche,Stock non disponible,ISBN non disponible,Éditeur non disponible,Date non disponible,Nombre de pages non disponible,Rang de vente non disponible,Manga,40.0,,
Kaiju n°8 T02,https://www.amazon.fr/Kaiju-n%C2%B08-T02-Naoya-Matsumoto/dp/2820342345/ref=sr_1_639,"7,15 €",de Naoya Matsumoto | 8 décembre 2021,"4,8 sur 5 étoiles, détails de l’évaluation",762,Broché,https://m.media-amazon.com/images/I/81erWW2aRUL._AC_UY218_.jpg,2025-09-04T08:46:31.967527,Description non disponible depuis la recherche,Stock non disponible,ISBN non disponible,Éditeur non disponible,Date non disponible,Nombre de pages non disponible,Rang de vente non disponible,Manga,40.0,,
Daevabad: La Cité de Laiton (1),https://www.amazon.fr/Daevabad-Cit%C3%A9-Laiton-S-Chakraborty/dp/2290373702/ref=sr_1_640,"9,90 €",S.A. Chakraborty,"4,7 sur 5 étoiles, détails de l’évaluation",318,Poche,https://m.media-amazon.com/images/I/71-u4VvPsLL._AC_UY218_.jpg,2025-09-04T08:46:31.971434,Description non disponible depuis la recherche,Stock non disponible,ISBN non disponible,Éditeur non disponible,Date non disponible,Nombre de pages non disponible,Rang de vente non disponible,Manga,40.0,,
High School Mercenary - Tome 4,https://www.amazon.fr/High-School-Mercenary-4-YC/dp/2749957087/ref=sr_1_641,"12,95 €",de YC et Rak Hyun | 18 avril 2024,"4,8 sur 5 étoiles, détails de l’évaluation",14,Poche,https://m.media-amazon.com/images/I/71d4DRwojOL._AC_UY218_.jpg,2025-09-04T08:46:31.974104,Description non disponible depuis la recherche,Stock non disponible,ISBN non disponible,Éditeur non disponible,Date non disponible,Nombre de pages non disponible,Rang de vente non disponible,Manga,40.0,,
Bleach - Tome 32: Howling,https://www.amazon.fr/Bleach-Vol-32-TITE-Kubo/dp/2723466248/ref=sr_1_643,"7,20 €",Tite Kubo,"4,9 sur 5 étoiles, détails de l’évaluation",103,Broché,https://m.media-amazon.com/images/I/811Py99RsPL._AC_UY218_.jpg,2025-09-04T08:46:31.980185,Description non disponible depuis la recherche,Stock non disponible,ISBN non disponible,Éditeur non disponible,Date non disponible,Nombre de pages non disponible,Rang de vente non disponible,Manga,40.0,,
A sign of affection - Tome 1 (VF) (01),https://www.amazon.fr/sign-affection-1-01/dp/2382120258/ref=sr_1_803,"7,10 €",Rosalys,"4,8 sur 5 étoiles, détails de l’évaluation",165,Poche,https://m.media-amazon.com/images/I/71Ma-OSnalS._AC_UY218_.jpg,2025-09-04T18:38:12.562691,Description non disponible depuis la recherche,Stock non disponible,ISBN non disponible,Éditeur non disponible,Date non disponible,Nombre de pages non disponible,Rang de vente non disponible,Manga,51.0,,
Carnet pour Créer une bande dessinée pour fille à partir de 8 ans | 150 planches de bande dessinée vierges à remplir: | créez vos propres dessins ou mangas,https://www.amazon.fr/Carnet-dessin%C3%A9e-planches-vierges-remplir/dp/B0BHMRQSJV/ref=sr_1_804,"7,96 €",de Isabel Mesmin | 10 octobre 2022,"5,0 sur 5 étoiles, détails de l’évaluation",1,Broché,https://m.media-amazon.com/images/I/61A3zZ6hbqL._AC_UY218_.jpg,2025-09-04T18:38:12.565063,Description non disponible depuis la recherche,Stock non disponible,ISBN non disponible,Éditeur non disponible,Date non disponible,Nombre de pages non disponible,Rang de vente non disponible,Manga,51.0,,
Iruma à l'école des démons T08,https://www.amazon.fr/Iruma-%C3%A0-l%C3%A9cole-d%C3%A9mons-T08/dp/2373495368/ref=sr_1_805,"7,20 €",Osamu Nishi,"4,8 sur 5 étoiles, détails de l’évaluation",92,Poche,https://m.media-amazon.com/images/I/81EiHqf1N8S._AC_UY218_.jpg,2025-09-04T18:38:12.567968,Description non disponible depuis la recherche,Stock non disponible,ISBN non disponible,Éditeur non disponible,Date non disponible,Nombre de pages non disponible,Rang de vente non disponible,Manga,51.0,,
Battle Royale - Ultimate Edition T05,https://www.amazon.fr/Battle-Royale-Ultimate-Koushun-Takami/dp/2302075749/ref=sr_1_806,"15,99 €",de TAGUCHI+TAKAMI | 17 avril 2019,"4,9 sur 5 étoiles, détails de l’évaluation",30,Broché,https://m.media-amazon.com/images/I/81V-JnR1IhL._AC_UY218_.jpg,2025-09-04T18:38:12.570425,Description non disponible depuis la recherche,Stock non disponible,ISBN non disponible,Éditeur non disponible,Date non disponible,Nombre de pages non disponible,Rang de vente non disponible,Manga,51.0,,
L'Habitant de l'infini: Nouvelle édition (3),https://www.amazon.fr/LHabitant-linfini-Nouvelle-%C3%A9dition-3/dp/2203276282/ref=sr_1_809,"13,95 €",HIROAKI SAMURA,"5,0 sur 5 étoiles, détails de l’évaluation",11,Broché,https://m.media-amazon.com/images/I/91Rhtqr6v7L._AC_UY218_.jpg,2025-09-04T18:38:12.578860,Description non disponible depuis la recherche,Stock non disponible,ISBN non disponible,Éditeur non disponible,Date non disponible,Nombre de pages non disponible,Rang de vente non disponible,Manga,51.0,,
Noble new world adventures T13,https://www.amazon.fr/Noble-new-world-adventures-T13/dp/2372878964/ref=sr_1_810,"7,99 €","de Nini, Yashu, et al. | 10 juillet 2025","5,0 sur 5 étoiles, détails de l’évaluation",5,Poche,https://m.media-amazon.com/images/I/71ASSIKXAxL._AC_UY218_.jpg,2025-09-04T18:38:12.581597,Description non disponible depuis la recherche,Stock non disponible,ISBN non disponible,Éditeur non disponible,Date non disponible,Nombre de pages non disponible,Rang de vente non disponible,Manga,51.0,,
Call of the night - Tome 5,https://www.amazon.fr/Call-night-5-Kotoyama/dp/2380715009/ref=sr_1_811,"7,30 €",Kotoyama,"4,8 sur 5 étoiles, détails de l’évaluation",31,Poche,https://m.media-amazon.com/images/I/61ST4VwBNZL._AC_UY218_.jpg,2025-09-04T18:38:12.584512,Description non disponible depuis la recherche,Stock non disponible,ISBN non disponible,Éditeur non disponible,Date non disponible,Nombre de pages non disponible,Rang de vente non disponible,Manga,51.0,,
Berserk - Tome 42,https://www.amazon.fr/Berserk-42-Kentaro-Miura/dp/2344063641/ref=sr_1_812,"7,20 €",Kentaro Miura,"4,8 sur 5 étoiles, détails de l’évaluation",299,Poche,https://m.media-amazon.com/images/I/81KHW7khMlL._AC_UY218_.jpg,2025-09-04T18:38:12.587319,Description non disponible depuis la recherche,Stock non disponible,ISBN non disponible,Éditeur non disponible,Date non disponible,Nombre de pages non disponible,Rang de vente non disponible,Manga,51.0,,
Chitose,https://www.amazon.fr/Chitose-Yuki-Seto/dp/1634425103/ref=sr_1_814,"22,42 €",Édition en Anglais | de Yuki Seto | 4 décembre 2025,Note non disponible,0 avis,Broché,https://m.media-amazon.com/images/I/813p00dw2mL._AC_UY218_.jpg,2025-09-04T18:38:12.593616,Description non disponible depuis la recherche,Stock non disponible,ISBN non disponible,Éditeur non disponible,Date non disponible,Nombre de pages non disponible,Rang de vente non disponible,Manga,51.0,,
Pokémon Ecarlate et Violet - tome 2,https://www.amazon.fr/Pok%C3%A9mon-Ecarlate-Violet-Hidenori-Kusaka/dp/B0DQTJTMY8/ref=sr_1_815,"7,30 €","de Hidenori Kusaka, Satoshi Yamamoto, et al. | 10 avril 2025","5,0 sur 5 étoiles, détails de l’évaluation",2,Poche,https://m.media-amazon.com/images/I/711SqtqJhFL._AC_UY218_.jpg,2025-09-04T18:38:12.596605,Description non disponible depuis la recherche,Stock non disponible,ISBN non disponible,Éditeur non disponible,Date non disponible,Nombre de pages non disponible,Rang de vente non disponible,Manga,51.0,,
Yoshi's New Island T01,https://www.amazon.fr/Yoshis-New-Island-Yukio-Sawada/dp/2302091868/ref=sr_1_816,"8,50 €",de Yukio Sawada et Studio Charon | 9 juin 2021,"4,6 sur 5 étoiles, détails de l’évaluation",75,Broché,https://m.media-amazon.com/images/I/81C0HKmTVrL._AC_UY218_.jpg,2025-09-04T18:38:12.599598,Description non disponible depuis la recherche,Stock non disponible,ISBN non disponible,Éditeur non disponible,Date non disponible,Nombre de pages non disponible,Rang de vente non disponible,Manga,51.0,,
Fairy Tail - 100 Years Quest T06,https://www.amazon.fr/Fairy-Tail-100-Years-Quest/dp/2811658335/ref=sr_1_817,"7,20 €",Hiro Mashima,"4,8 sur 5 étoiles, détails de l’évaluation",653,Poche,https://m.media-amazon.com/images/I/81bxmupvlRL._AC_UY218_.jpg,2025-09-04T18:38:12.602470,Description non disponible depuis la recherche,Stock non disponible,ISBN non disponible,Éditeur non disponible,Date non disponible,Nombre de pages non disponible,Rang de vente non disponible,Manga,51.0,,
Naruto - Tome 5,https://www.amazon.fr/Naruto-5-Masashi-Kishimoto/dp/2871294917/ref=sr_1_819,"7,30 €",Masashi Kishimoto,"4,8 sur 5 étoiles, détails de l’évaluation",3 017,Poche,https://m.media-amazon.com/images/I/818RM6H2oHL._AC_UY218_.jpg,2025-09-04T18:38:12.608843,Description non disponible depuis la recherche,Stock non disponible,ISBN non disponible,Éditeur non disponible,Date non disponible,Nombre de pages non disponible,Rang de vente non disponible,Manga,51.0,,
One Piece - Coffret Water Seven (Tomes 33 à 45),https://www.amazon.fr/Glenat-One-Piece-Coffret-Water/dp/2344057838/ref=sr_1_820,"93,60 €",Eiichiro Oda,"4,8 sur 5 étoiles, détails de l’évaluation",107,Broché,https://m.media-amazon.com/images/I/71krLWDLTlL._AC_UY218_.jpg,2025-09-04T18:38:12.611091,Description non disponible depuis la recherche,Stock non disponible,ISBN non disponible,Éditeur non disponible,Date non disponible,Nombre de pages non disponible,Rang de vente non disponible,Manga,51.0,,
Minuscule T13,https://www.amazon.fr/Minuscule-T13-Takuto-Kashiki/dp/2372879014/ref=sr_1_821,"8,50 €",de Takuto Kashiki et Fédoua Lamodière | 21 août 2025,"5,0 sur 5 étoiles, détails de l’évaluation",1,Broché,https://m.media-amazon.com/images/I/718nke17tnL._AC_UY218_.jpg,2025-09-04T18:38:12.613815,Description non disponible depuis la recherche,Stock non disponible,ISBN non disponible,Éditeur non disponible,Date non disponible,Nombre de pages non disponible,Rang de vente non disponible,Manga,51.0,,
The Apothecary Diaries 01 (Manga),https://www.amazon.fr/Apothecary-Diaries-01-Natsu-Hyuuga/dp/1646090705/ref=sr_1_822,"11,75 €",Natsu Hyuuga,"4,8 sur 5 étoiles, détails de l’évaluation",2 013,Broché,https://m.media-amazon.com/images/I/91l7MjocW4L._AC_UY218_.jpg,2025-09-04T18:38:12.617152,Description non disponible depuis la recherche,Stock non disponible,ISBN non disponible,Éditeur non disponible,Date non disponible,Nombre de pages non disponible,Rang de vente non disponible,Manga,51.0,,
Vagabond T25,https://www.amazon.fr/Vagabond-Vol-25-INOUE-Takehiko/dp/2759500551/ref=sr_1_819,"9,99 €",Takehiko Inoué,"4,9 sur 5 étoiles, détails de l’évaluation",63,Broché,https://m.media-amazon.com/images/I/812uOIBArFL._AC_UY218_.jpg,2025-09-04T18:38:24.962228,Description non disponible depuis la recherche,Stock non disponible,ISBN non disponible,Éditeur non disponible,Date non disponible,Nombre de pages non disponible,Rang de vente non disponible,Manga,52.0,,
One Piece - Édition originale - Tome 05: Pour qui sonne le glas,https://www.amazon.fr/One-piece-originale-ODA-Eiichir%C3%B4/dp/2723489922/ref=sr_1_820,"7,20 €",Eiichiro Oda,"4,8 sur 5 étoiles, détails de l’évaluation",2 840,Broché,https://m.media-amazon.com/images/I/9161teLdxwL._AC_UY218_.jpg,2025-09-04T18:38:24.965004,Description non disponible depuis la recherche,Stock non disponible,ISBN non disponible,Éditeur non disponible,Date non disponible,Nombre de pages non disponible,Rang de vente non disponible,Manga,52.0,,
New Grappler Baki - Tome 09 - Perfect Edition,https://www.amazon.fr/New-Grappler-Baki-09-Perfect/dp/2382754982/ref=sr_1_821,"12,95 €",Keisuke Itagaki,Note non disponible,0 avis,Poche,https://m.media-amazon.com/images/I/81efQ6wJC0L._AC_UY218_.jpg,2025-09-04T18:38:24.967311,Description non disponible depuis la recherche,Stock non disponible,ISBN non disponible,Éditeur non disponible,Date non disponible,Nombre de pages non disponible,Rang de vente non disponible,Manga,52.0,,
Overlord - Tome 15,https://www.amazon.fr/Overlord-15-Kugane-Maruyama/dp/2377174620/ref=sr_1_822,"8,35 €",Kugane Maruyama,"4,8 sur 5 étoiles, détails de l’évaluation",44,Broché,https://m.media-amazon.com/images/I/71ccqS519sL._AC_UY218_.jpg,2025-09-04T18:38:24.969487,Description non disponible depuis la recherche,Stock non disponible,ISBN non disponible,Éditeur non disponible,Date non disponible,Nombre de pages non disponible,Rang de vente non disponible,Manga,52.0,,
Hachi & Maruru - Chats des rues - vol. 02,https://www.amazon.fr/Hachi-Maruru-Chats-rues-vol/dp/B0BWMBWTCR/ref=sr_1_825,"7,95 €",Yuri SONODA,"4,9 sur 5 étoiles, détails de l’évaluation",124,Poche,https://m.media-amazon.com/images/I/71qvPSHCviL._AC_UY218_.jpg,2025-09-04T18:38:24.977788,Description non disponible depuis la recherche,Stock non disponible,ISBN non disponible,Éditeur non disponible,Date non disponible,Nombre de pages non disponible,Rang de vente non disponible,Manga,52.0,,
Honey Lemon Soda T07,https://www.amazon.fr/Honey-Lemon-Soda-Mayu-Murata/dp/2384964194/ref=sr_1_826,"7,20 €",Mayu Murata,"4,9 sur 5 étoiles, détails de l’évaluation",18,Poche,https://m.media-amazon.com/images/I/8193t1ejP0L._AC_UY218_.jpg,2025-09-04T18:38:24.980079,Description non disponible depuis la recherche,Stock non disponible,ISBN non disponible,Éditeur non disponible,Date non disponible,Nombre de pages non disponible,Rang de vente non disponible,Manga,52.0,,
Comment Raeliana a survécu au manoir Wynknight - Tome 8,https://www.amazon.fr/Comment-Raeliana-surv%C3%A9cu-manoir-Wynknight/dp/2494102758/ref=sr_1_827,"14,95 €","de Milcha, Whale, et al. | 21 août 2025",Note non disponible,0 avis,Poche,https://m.media-amazon.com/images/I/71f6EB68qfL._AC_UY218_.jpg,2025-09-04T18:38:24.982666,Description non disponible depuis la recherche,Stock non disponible,ISBN non disponible,Éditeur non disponible,Date non disponible,Nombre de pages non disponible,Rang de vente non disponible,Manga,52.0,,
Dreamland T03: Chemin(s),https://www.amazon.fr/Dreamland-T03-Reno-Lemaire/dp/2811666664/ref=sr_1_828,"8,95 €",Reno Lemaire,"4,9 sur 5 étoiles, détails de l’évaluation",24,Poche,https://m.media-amazon.com/images/I/81hIbeR-ufL._AC_UY218_.jpg,2025-09-04T18:38:24.985272,Description non disponible depuis la recherche,Stock non disponible,ISBN non disponible,Éditeur non disponible,Date non disponible,Nombre de pages non disponible,Rang de vente non disponible,Manga,52.0,,
Marry my Husband - Tome 3,https://www.amazon.fr/Marry-my-Husband-Studio-Lico/dp/2749957036/ref=sr_1_830,"12,95 €",Sung Sojak,"4,8 sur 5 étoiles, détails de l’évaluation",55,Poche,https://m.media-amazon.com/images/I/71yBFdjca8L._AC_UY218_.jpg,2025-09-04T18:38:24.990759,Description non disponible depuis la recherche,Stock non disponible,ISBN non disponible,Éditeur non disponible,Date non disponible,Nombre de pages non disponible,Rang de vente non disponible,Manga,52.0,,
Bleach - Tome 42: Shock of the queen,https://www.amazon.fr/Bleach-Shock-queen-Tite-Kubo/dp/2723478777/ref=sr_1_831,"7,20 €",Tite Kubo,"4,8 sur 5 étoiles, détails de l’évaluation",92,Broché,https://m.media-amazon.com/images/I/91x6+To52GL._AC_UY218_.jpg,2025-09-04T18:38:24.993667,Description non disponible depuis la recherche,Stock non disponible,ISBN non disponible,Éditeur non disponible,Date non disponible,Nombre de pages non disponible,Rang de vente non disponible,Manga,52.0,,
Arsène Lupin - tome 08,https://www.amazon.fr/Ars%C3%A8ne-Lupin-08-Maurice-Leblanc/dp/238071424X/ref=sr_1_832,"7,95 €",Maurice Leblanc,"4,9 sur 5 étoiles, détails de l’évaluation",25,Poche,https://m.media-amazon.com/images/I/71kjv4cf9fL._AC_UY218_.jpg,2025-09-04T18:38:24.996290,Description non disponible depuis la recherche,Stock non disponible,ISBN non disponible,Éditeur non disponible,Date non disponible,Nombre de pages non disponible,Rang de vente non disponible,Manga,52.0,,
Fullmetal Alchemist - tome 03 (03),https://www.amazon.fr/FullMetal-Alchemist-Vol-3-ARAKAWA-Hiromu/dp/2351420195/ref=sr_1_833,"7,30 €",Hiromu Arakawa,"4,8 sur 5 étoiles, détails de l’évaluation",128,Poche,https://m.media-amazon.com/images/I/61VXlj58WeL._AC_UY218_.jpg,2025-09-04T18:38:24.998953,Description non disponible depuis la recherche,Stock non disponible,ISBN non disponible,Éditeur non disponible,Date non disponible,Nombre de pages non disponible,Rang de vente non disponible,Manga,52.0,,
Opération True love - Tome 3 - Webtoon Romance,https://www.amazon.fr/Op%C3%A9ration-True-love-Webtoon-Romance/dp/2749960223/ref=sr_1_835,"12,95 €",de Kkokkalee et Dledumb | 16 janvier 2025,"5,0 sur 5 étoiles, détails de l’évaluation",5,Poche,https://m.media-amazon.com/images/I/71KweQzZo9L._AC_UY218_.jpg,2025-09-04T18:38:25.004525,Description non disponible depuis la recherche,Stock non disponible,ISBN non disponible,Éditeur non disponible,Date non disponible,Nombre de pages non disponible,Rang de vente non disponible,Manga,52.0,,
Overlord - Tome 18,https://www.amazon.fr/Overlord-T18-Satoshi-OSHIO/dp/2377175821/ref=sr_1_836,"8,35 €",Kugane Maruyama,"4,8 sur 5 étoiles, détails de l’évaluation",27,Broché,https://m.media-amazon.com/images/I/71VSlhAbnAL._AC_UY218_.jpg,2025-09-04T18:38:25.006549,Description non disponible depuis la recherche,Stock non disponible,ISBN non disponible,Éditeur non disponible,Date non disponible,Nombre de pages non disponible,Rang de vente non disponible,Manga,52.0,,
Demon Slayer T03,https://www.amazon.fr/R%C3%B4deurs-nuit-T4-Koyoharu-Gotouge/dp/2809476136/ref=sr_1_837,"7,29 €",Koyoharu Gotouge,"4,8 sur 5 étoiles, détails de l’évaluation",2 672,Broché,https://m.media-amazon.com/images/I/81kzk8gaQJL._AC_UY218_.jpg,2025-09-04T18:38:25.009343,Description non disponible depuis la recherche,Stock non disponible,ISBN non disponible,Éditeur non disponible,Date non disponible,Nombre de pages non disponible,Rang de vente non disponible,Manga,52.0,,
"Agenda Scolaire fille manga animé sakura: fleur de cerisier | Journalier (une page par jour) | 12x17 cm | Collège, lycée & étudiant | Garçon & Fille, ... en Fleur du Japon, chibi, manga animé, lune",https://www.amazon.fr/Agenda-Scolaire-fille-manga-sakura/dp/B0FNJZRYBC/ref=sr_1_838,"12,97 €",de KATALA YUMIOH | 19 août 2025,Note non disponible,0 avis,Broché,https://m.media-amazon.com/images/I/71PkdL+IUZL._AC_UY218_.jpg,2025-09-04T18:38:25.011913,Description non disponible depuis la recherche,Stock non disponible,ISBN non disponible,Éditeur non disponible,Date non disponible,Nombre de pages non disponible,Rang de vente non disponible,Manga,52.0,,
Demon Slayer T03,https://www.amazon.fr/R%C3%B4deurs-nuit-T4-Koyoharu-Gotouge/dp/2809476136/ref=sr_1_835,"7,29 €",Koyoharu Gotouge,"4,8 sur 5 étoiles, détails de l’évaluation",2 672,Broché,https://m.media-amazon.com/images/I/81kzk8gaQJL._AC_UY218_.jpg,2025-09-04T18:38:34.853635,Description non disponible depuis la recherche,Stock non disponible,ISBN non disponible,Éditeur non disponible,Date non disponible,Nombre de pages non disponible,Rang de vente non disponible,Manga,53.0,,
"Agenda Scolaire fille manga animé sakura: fleur de cerisier | Journalier (une page par jour) | 12x17 cm | Collège, lycée & étudiant | Garçon & Fille, ... en Fleur du Japon, chibi, manga animé, lune",https://www.amazon.fr/Agenda-Scolaire-fille-manga-sakura/dp/B0FNJZRYBC/ref=sr_1_836,"12,97 €",de KATALA YUMIOH | 19 août 2025,Note non disponible,0 avis,Broché,https://m.media-amazon.com/images/I/71PkdL+IUZL._AC_UY218_.jpg,2025-09-04T18:38:34.856050,Description non disponible depuis la recherche,Stock non disponible,ISBN non disponible,Éditeur non disponible,Date non disponible,Nombre de pages non disponible,Rang de vente non disponible,Manga,53.0,,
Undead unluck - Tome 22,https://www.amazon.fr/Undead-unluck-22-Yoshifumi-Totsuka/dp/2505129010/ref=sr_1_837,"7,30 €",Yoshifumi Totsuka,"5,0 sur 5 étoiles, détails de l’évaluation",3,Broché,https://m.media-amazon.com/images/I/91ib4GKRdhL._AC_UY218_.jpg,2025-09-04T18:38:34.858687,Description non disponible depuis la recherche,Stock non disponible,ISBN non disponible,Éditeur non disponible,Date non disponible,Nombre de pages non disponible,Rang de vente non disponible,Manga,53.0,,
Gloutons et Dragons (3),https://www.amazon.fr/Gloutons-dragons-3-Hinoko/dp/2203121637/ref=sr_1_838,"8,45 €",RYOKO KUI,"4,9 sur 5 étoiles, détails de l’évaluation",48,Broché,https://m.media-amazon.com/images/I/71hqu7pgokL._AC_UY218_.jpg,2025-09-04T18:38:34.861625,Description non disponible depuis la recherche,Stock non disponible,ISBN non disponible,Éditeur non disponible,Date non disponible,Nombre de pages non disponible,Rang de vente non disponible,Manga,53.0,,
Your Name. T01,https://www.amazon.fr/Your-Name-T01-Makoto-Shinkai/dp/2811635866/ref=sr_1_841,"7,70 €",de Makoto Shinkai et Ranmaru Kotone | 5 juillet 2017,"4,8 sur 5 étoiles, détails de l’évaluation",495,Poche,https://m.media-amazon.com/images/I/81CLrhH2pqL._AC_UY218_.jpg,2025-09-04T18:38:34.870502,Description non disponible depuis la recherche,Stock non disponible,ISBN non disponible,Éditeur non disponible,Date non disponible,Nombre de pages non disponible,Rang de vente non disponible,Manga,53.0,,
"Yuzu, La petite vétérinaire T02",https://www.amazon.fr/Yuzu-petite-v%C3%A9t%C3%A9rinaire-T02-Mingo/dp/2373493128/ref=sr_1_842,"7,20 €",Mingo Itô,"4,7 sur 5 étoiles, détails de l’évaluation",72,Poche,https://m.media-amazon.com/images/I/81ALVUesvuL._AC_UY218_.jpg,2025-09-04T18:38:34.873004,Description non disponible depuis la recherche,Stock non disponible,ISBN non disponible,Éditeur non disponible,Date non disponible,Nombre de pages non disponible,Rang de vente non disponible,Manga,53.0,,
Pokémon - Rouge Feu et Vert Feuille / Émeraude - tome 02 (2),https://www.amazon.fr/Pok%C3%A9mon-Rouge-Vert-Feuille-%C3%89meraude/dp/2368525076/ref=sr_1_843,"10,00 €",Hidenori Kusaka,"4,8 sur 5 étoiles, détails de l’évaluation",197,Broché,https://m.media-amazon.com/images/I/71xp01I1uML._AC_UY218_.jpg,2025-09-04T18:38:34.875747,Description non disponible depuis la recherche,Stock non disponible,ISBN non disponible,Éditeur non disponible,Date non disponible,Nombre de pages non disponible,Rang de vente non disponible,Manga,53.0,,
Death Note - Tome 7,https://www.amazon.fr/Death-note-Vol-7-%C3%94BA-Tsugumi/dp/2505001995/ref=sr_1_844,"7,30 €",Tsugumi Ohba,"4,9 sur 5 étoiles, détails de l’évaluation",463,Broché,https://m.media-amazon.com/images/I/91VX915DgTL._AC_UY218_.jpg,2025-09-04T18:38:34.879236,Description non disponible depuis la recherche,Stock non disponible,ISBN non disponible,Éditeur non disponible,Date non disponible,Nombre de pages non disponible,Rang de vente non disponible,Manga,53.0,,
Make the Exorcist Fall in Love T07,https://www.amazon.fr/Make-Exorcist-Fall-Love-T07/dp/2302105133/ref=sr_1_846,"7,29 €",de Masuku Fukayama et Aruma Arima | 24 septembre 2025,Note non disponible,0 avis,Broché,https://m.media-amazon.com/images/I/91W7lBjXvZL._AC_UY218_.jpg,2025-09-04T18:38:34.884784,Description non disponible depuis la recherche,Stock non disponible,ISBN non disponible,Éditeur non disponible,Date non disponible,Nombre de pages non disponible,Rang de vente non disponible,Manga,53.0,,
Belly révolution - La méthode qui va enfin te faire comprendre que manger du brocoli ne suffit pas,https://www.amazon.fr/Belly-r%C3%A9volution-m%C3%A9thode-comprendre-brocoli/dp/2702929338/ref=sr_1_847,"18,00 €",Marine Cayol,"5,0 sur 5 étoiles, détails de l’évaluation",1,Broché,https://m.media-amazon.com/images/I/51Bi6M-z46L._AC_UY218_.jpg,2025-09-04T18:38:34.887464,Description non disponible depuis la recherche,Stock non disponible,ISBN non disponible,Éditeur non disponible,Date non disponible,Nombre de pages non disponible,Rang de vente non disponible,Manga,53.0,,
"Escape Book Manga : Les 7 chatons / Hiro: Tome 1. Déchiffre les énigmes, la vérité est au bout du livre. Pour les 8 / 12 ans.",https://www.amazon.fr/Escape-Book-Manga-chatons-D%C3%A9chiffre/dp/B0DJK6WKMY/ref=sr_1_848,"16,99 €",Écureuil Éditions,"5,0 sur 5 étoiles, détails de l’évaluation",19,Broché,https://m.media-amazon.com/images/I/71kGQcWdJ9L._AC_UY218_.jpg,2025-09-04T18:38:34.889466,Description non disponible depuis la recherche,Stock non disponible,ISBN non disponible,Éditeur non disponible,Date non disponible,Nombre de pages non disponible,Rang de vente non disponible,Manga,53.0,,
Pokémon - Noir et Blanc - tome 05 (5),https://www.amazon.fr/Pokemon-Blanc-Vol-5-KUSAKA-Hidenori/dp/2351428145/ref=sr_1_849,"7,30 €",Hidenori Kusaka,"4,9 sur 5 étoiles, détails de l’évaluation",197,Broché,https://m.media-amazon.com/images/I/71Ndjaf158L._AC_UY218_.jpg,2025-09-04T18:38:34.891543,Description non disponible depuis la recherche,Stock non disponible,ISBN non disponible,Éditeur non disponible,Date non disponible,Nombre de pages non disponible,Rang de vente non disponible,Manga,53.0,,
Mission: Yozakura family - Tome 23,https://www.amazon.fr/Mission-Yozakura-family-Hitsuji-Gondaira/dp/2505127514/ref=sr_1_851,"7,30 €",Hitsuji Gondaira,"5,0 sur 5 étoiles, détails de l’évaluation",2,Broché,https://m.media-amazon.com/images/I/81WW4IGVyQL._AC_UY218_.jpg,2025-09-04T18:38:34.896862,Description non disponible depuis la recherche,Stock non disponible,ISBN non disponible,Éditeur non disponible,Date non disponible,Nombre de pages non disponible,Rang de vente non disponible,Manga,53.0,,
Anna et le prince d'Albion - Tome 07,https://www.amazon.fr/Anna-prince-dAlbion-07-OGURA/dp/2380601593/ref=sr_1_852,"8,00 €",de OGURA An | 24 octobre 2025,Note non disponible,0 avis,Broché,https://m.media-amazon.com/images/I/81h8yxv7ImL._AC_UY218_.jpg,2025-09-04T18:38:34.899370,Description non disponible depuis la recherche,Stock non disponible,ISBN non disponible,Éditeur non disponible,Date non disponible,Nombre de pages non disponible,Rang de vente non disponible,Manga,53.0,,
Fairy Tail - Tome 1,https://www.amazon.fr/Fairy-Tail-1-Hiro-Mashima/dp/2845999143/ref=sr_1_853,"3,00 €",Hiro Mashima,"4,7 sur 5 étoiles, détails de l’évaluation",1 014,Poche,https://m.media-amazon.com/images/I/91B0dwAjhcL._AC_UY218_.jpg,2025-09-04T18:38:34.901912,Description non disponible depuis la recherche,Stock non disponible,ISBN non disponible,Éditeur non disponible,Date non disponible,Nombre de pages non disponible,Rang de vente non disponible,Manga,53.0,,
Mochi et compagnie T07,https://www.amazon.fr/Mochi-compagnie-T07-Hiromu-Shinozuka/dp/2373495449/ref=sr_1_854,"7,20 €",Hiromu Shinozuka,"4,8 sur 5 étoiles, détails de l’évaluation",99,Poche,https://m.media-amazon.com/images/I/81e3e8FEKMS._AC_UY218_.jpg,2025-09-04T18:38:34.904070,Description non disponible depuis la recherche,Stock non disponible,ISBN non disponible,Éditeur non disponible,Date non disponible,Nombre de pages non disponible,Rang de vente non disponible,Manga,53.0,,
Mochi et compagnie T07,https://www.amazon.fr/Mochi-compagnie-T07-Hiromu-Shinozuka/dp/2373495449/ref=sr_1_851,"7,20 €",Hiromu Shinozuka,"4,8 sur 5 étoiles, détails de l’évaluation",99,Poche,https://m.media-amazon.com/images/I/81e3e8FEKMS._AC_UY218_.jpg,2025-09-04T18:38:47.547509,Description non disponible depuis la recherche,Stock non disponible,ISBN non disponible,Éditeur non disponible,Date non disponible,Nombre de pages non disponible,Rang de vente non disponible,Manga,54.0,,
Fairy Tail T23,https://www.amazon.fr/Fairy-Tail-Vol-23-MASHIMA-Hiro/dp/2811606386/ref=sr_1_852,"7,20 €",Hiro Mashima,"4,8 sur 5 étoiles, détails de l’évaluation",300,Broché,https://m.media-amazon.com/images/I/910pT7MROcL._AC_UY218_.jpg,2025-09-04T18:38:47.550283,Description non disponible depuis la recherche,Stock non disponible,ISBN non disponible,Éditeur non disponible,Date non disponible,Nombre de pages non disponible,Rang de vente non disponible,Manga,54.0,,
Vagabond T26,https://www.amazon.fr/Vagabond-Vol-26-INOUE-Takehiko/dp/275950056X/ref=sr_1_853,"9,99 €",Takehiko Inoué,"5,0 sur 5 étoiles, détails de l’évaluation",58,Broché,https://m.media-amazon.com/images/I/411JP20HOCL._AC_UY218_.jpg,2025-09-04T18:38:47.552331,Description non disponible depuis la recherche,Stock non disponible,ISBN non disponible,Éditeur non disponible,Date non disponible,Nombre de pages non disponible,Rang de vente non disponible,Manga,54.0,,
Les Gouttes de Dieu - Tome 43,https://www.amazon.fr/Gouttes-Dieu-43-Tadashi-Agi/dp/2344013148/ref=sr_1_854,"9,50 €",Tadashi Agi,"4,8 sur 5 étoiles, détails de l’évaluation",22,Broché,https://m.media-amazon.com/images/I/91hPukf689L._AC_UY218_.jpg,2025-09-04T18:38:47.555021,Description non disponible depuis la recherche,Stock non disponible,ISBN non disponible,Éditeur non disponible,Date non disponible,Nombre de pages non disponible,Rang de vente non disponible,Manga,54.0,,
Princesse Détective T17,https://www.amazon.fr/Princesse-D%C3%A9tective-T17-Mayuki-Anan/dp/2384963449/ref=sr_1_857,"7,20 €",Mayuki Anan,Note non disponible,0 avis,Poche,https://m.media-amazon.com/images/I/91CcfrIx6ZL._AC_UY218_.jpg,2025-09-04T18:38:47.563239,Description non disponible depuis la recherche,Stock non disponible,ISBN non disponible,Éditeur non disponible,Date non disponible,Nombre de pages non disponible,Rang de vente non disponible,Manga,54.0,,
Kenshin Perfect edition - Tome 12,https://www.amazon.fr/Kenshin-vagabond-Perfect-WATSUKI-Nobuhiro/dp/2723478963/ref=sr_1_858,"10,95 €",Nobuhiro Watsuki,"5,0 sur 5 étoiles, détails de l’évaluation",53,Broché,https://m.media-amazon.com/images/I/914BVdH+I4L._AC_UY218_.jpg,2025-09-04T18:38:47.565970,Description non disponible depuis la recherche,Stock non disponible,ISBN non disponible,Éditeur non disponible,Date non disponible,Nombre de pages non disponible,Rang de vente non disponible,Manga,54.0,,
"Kirby Manga Mania, Vol. 1",https://www.amazon.fr/Kirby-Manga-Mania-Hirokazu-Hikawa/dp/1974722341/ref=sr_1_859,"10,82 €",Hirokazu Hikawa,"4,7 sur 5 étoiles, détails de l’évaluation",877,Broché,https://m.media-amazon.com/images/I/71pfJRpQLlL._AC_UY218_.jpg,2025-09-04T18:38:47.568174,Description non disponible depuis la recherche,Stock non disponible,ISBN non disponible,Éditeur non disponible,Date non disponible,Nombre de pages non disponible,Rang de vente non disponible,Manga,54.0,,
Kemono Incidents - tome 08 (8),https://www.amazon.fr/Kemono-Incidents-08-Sho-AIMOTO/dp/236852908X/ref=sr_1_860,"6,80 €",Sho Aimoto,"4,8 sur 5 étoiles, détails de l’évaluation",48,Poche,https://m.media-amazon.com/images/I/71P6786m7wL._AC_UY218_.jpg,2025-09-04T18:38:47.570805,Description non disponible depuis la recherche,Stock non disponible,ISBN non disponible,Éditeur non disponible,Date non disponible,Nombre de pages non disponible,Rang de vente non disponible,Manga,54.0,,
Manga Shakespeare: Romeo and Juliet (English Edition),https://www.amazon.fr/Romeo-Juliet-William-Shakespeare-ebook/dp/B01DA54RUA/ref=sr_1_862,"8,11 €",Richard Appignanesi,"4,5 sur 5 étoiles, détails de l’évaluation",138,Format Kindle,https://m.media-amazon.com/images/I/81ScwsWojIL._AC_UY218_.jpg,2025-09-04T18:38:47.576752,Description non disponible depuis la recherche,Stock non disponible,ISBN non disponible,Éditeur non disponible,Date non disponible,Nombre de pages non disponible,Rang de vente non disponible,Manga,54.0,,
"Transformers: The Manga, Vol. 3",https://www.amazon.fr/Transformers-Manga-Vol-3/dp/1974711781/ref=sr_1_863,"22,50 €",Masumi Kaneda,"4,8 sur 5 étoiles, détails de l’évaluation",286,Relié,https://m.media-amazon.com/images/I/91Yo8fw5+rL._AC_UY218_.jpg,2025-09-04T18:38:47.579632,Description non disponible depuis la recherche,Stock non disponible,ISBN non disponible,Éditeur non disponible,Date non disponible,Nombre de pages non disponible,Rang de vente non disponible,Manga,54.0,,
Les Mémoires de Vanitas T03 (03),https://www.amazon.fr/M%C3%A9moires-Vanitas-T03-03/dp/B073L91FTH/ref=sr_1_864,"7,95 €",Jun Mochizuki,"4,8 sur 5 étoiles, détails de l’évaluation",143,Broché,https://m.media-amazon.com/images/I/71wpcjx+mwL._AC_UY218_.jpg,2025-09-04T18:38:47.582526,Description non disponible depuis la recherche,Stock non disponible,ISBN non disponible,Éditeur non disponible,Date non disponible,Nombre de pages non disponible,Rang de vente non disponible,Manga,54.0,,
"Bleach, Tome 22 : Conquistadores",https://www.amazon.fr/Bleach-22-Conquistadores-TITE-Kubo/dp/2723458024/ref=sr_1_865,"7,20 €",Tite Kubo,"4,8 sur 5 étoiles, détails de l’évaluation",99,Broché,https://m.media-amazon.com/images/I/81sHWRUQXcL._AC_UY218_.jpg,2025-09-04T18:38:47.585290,Description non disponible depuis la recherche,Stock non disponible,ISBN non disponible,Éditeur non disponible,Date non disponible,Nombre de pages non disponible,Rang de vente non disponible,Manga,54.0,,
Bleach - Tome 49: The Lost Agent,https://www.amazon.fr/Bleach-Vol-49-TITE-Kubo/dp/2723486664/ref=sr_1_867,"7,20 €",Tite Kubo,"4,9 sur 5 étoiles, détails de l’évaluation",101,Broché,https://m.media-amazon.com/images/I/81D7-C7VCVL._AC_UY218_.jpg,2025-09-04T18:38:47.591355,Description non disponible depuis la recherche,Stock non disponible,ISBN non disponible,Éditeur non disponible,Date non disponible,Nombre de pages non disponible,Rang de vente non disponible,Manga,54.0,,
86 -Eighty six- T03,https://www.amazon.fr/Eighty-six-T03-Motoki-Yoshihara/dp/2413048081/ref=sr_1_868,"8,50 €",de Motoki Yoshihara et Asato Asato | 9 novembre 2022,"5,0 sur 5 étoiles, détails de l’évaluation",24,Broché,https://m.media-amazon.com/images/I/81VRBM-rmnL._AC_UY218_.jpg,2025-09-04T18:38:47.594043,Description non disponible depuis la recherche,Stock non disponible,ISBN non disponible,Éditeur non disponible,Date non disponible,Nombre de pages non disponible,Rang de vente non disponible,Manga,54.0,,
Erased T04 (04),https://www.amazon.fr/Erased-Vol-4-SANBE-Kei/dp/2355927820/ref=sr_1_869,"7,95 €",Kei Sanbe,"4,8 sur 5 étoiles, détails de l’évaluation",113,Broché,https://m.media-amazon.com/images/I/71IcNK0nB7L._AC_UY218_.jpg,2025-09-04T18:38:47.596413,Description non disponible depuis la recherche,Stock non disponible,ISBN non disponible,Éditeur non disponible,Date non disponible,Nombre de pages non disponible,Rang de vente non disponible,Manga,54.0,,
Les Gouttes de Dieu - Tome 02,https://www.amazon.fr/Gouttes-Dieu-Vol-2-AGI-Tadashi/dp/2723463419/ref=sr_1_870,"9,50 €",Tadashi Agi,"4,7 sur 5 étoiles, détails de l’évaluation",111,Broché,https://m.media-amazon.com/images/I/71hjYjs-kIL._AC_UY218_.jpg,2025-09-04T18:38:47.599125,Description non disponible depuis la recherche,Stock non disponible,ISBN non disponible,Éditeur non disponible,Date non disponible,Nombre de pages non disponible,Rang de vente non disponible,Manga,54.0,,
Les Gouttes de Dieu - Tome 02,https://www.amazon.fr/Gouttes-Dieu-Vol-2-AGI-Tadashi/dp/2723463419/ref=sr_1_867,"9,50 €",Tadashi Agi,"4,7 sur 5 étoiles, détails de l’évaluation",111,Broché,https://m.media-amazon.com/images/I/71hjYjs-kIL._AC_UY218_.jpg,2025-09-04T18:38:57.006775,Description non disponible depuis la recherche,Stock non disponible,ISBN non disponible,Éditeur non disponible,Date non disponible,Nombre de pages non disponible,Rang de vente non disponible,Manga,55.0,,
One Piece - Édition originale - Tome 06: Le serment,https://www.amazon.fr/One-piece-originale-ODA-Eiichir%C3%B4/dp/2723489930/ref=sr_1_868,"7,20 €",Eiichiro Oda,"4,8 sur 5 étoiles, détails de l’évaluation",2 631,Broché,https://m.media-amazon.com/images/I/91rUYg6oTLL._AC_UY218_.jpg,2025-09-04T18:38:57.009512,Description non disponible depuis la recherche,Stock non disponible,ISBN non disponible,Éditeur non disponible,Date non disponible,Nombre de pages non disponible,Rang de vente non disponible,Manga,55.0,,
Agenda Scolaire 2025 2026 Manga Fille Anime: Garçon Collège Lycée Étudiant Primaire A5 Journalier en Français,https://www.amazon.fr/Agenda-Scolaire-Manga-Fille-Anime/dp/B0FLDPJVZD/ref=sr_1_869,"11,99 €",de Jenny B. | 2 août 2025,Note non disponible,0 avis,Broché,https://m.media-amazon.com/images/I/612BzML6gDL._AC_UY218_.jpg,2025-09-04T18:38:57.012057,Description non disponible depuis la recherche,Stock non disponible,ISBN non disponible,Éditeur non disponible,Date non disponible,Nombre de pages non disponible,Rang de vente non disponible,Manga,55.0,,
Deep 3 T05,https://www.amazon.fr/Deep-3-T05-Mitsuhiro-Mizuno/dp/2382813717/ref=sr_1_870,"7,95 €","de Mitsuhiro Mizuno, Ryôsuke Tobimatsu, et al. | 12 juillet 2023","4,9 sur 5 étoiles, détails de l’évaluation",27,Poche,https://m.media-amazon.com/images/I/81B6jPxqFLL._AC_UY218_.jpg,2025-09-04T18:38:57.014993,Description non disponible depuis la recherche,Stock non disponible,ISBN non disponible,Éditeur non disponible,Date non disponible,Nombre de pages non disponible,Rang de vente non disponible,Manga,55.0,,
All Out!! T08,https://www.amazon.fr/All-Out-T08-Shiori-Amase/dp/2811683003/ref=sr_1_873,"7,70 €",Shiori Amase,"4,6 sur 5 étoiles, détails de l’évaluation",10,Poche,https://m.media-amazon.com/images/I/71VkrGIhagL._AC_UY218_.jpg,2025-09-04T18:38:57.023084,Description non disponible depuis la recherche,Stock non disponible,ISBN non disponible,Éditeur non disponible,Date non disponible,Nombre de pages non disponible,Rang de vente non disponible,Manga,55.0,,
Hunter X Hunter - Tome 9,https://www.amazon.fr/Hunter-X-9-Yoshihiro-Togashi/dp/2871293244/ref=sr_1_874,"7,30 €",Yoshihiro Togashi,"4,8 sur 5 étoiles, détails de l’évaluation",374,Poche,https://m.media-amazon.com/images/I/81UgY3hHGuL._AC_UY218_.jpg,2025-09-04T18:38:57.026002,Description non disponible depuis la recherche,Stock non disponible,ISBN non disponible,Éditeur non disponible,Date non disponible,Nombre de pages non disponible,Rang de vente non disponible,Manga,55.0,,
Citrus - Tome 05,https://www.amazon.fr/Citrus-t05-Saburouta/dp/2375060636/ref=sr_1_875,"8,35 €",Saburouta,"4,7 sur 5 étoiles, détails de l’évaluation",85,Broché,https://m.media-amazon.com/images/I/71dL1pFFm+L._AC_UY218_.jpg,2025-09-04T18:38:57.028038,Description non disponible depuis la recherche,Stock non disponible,ISBN non disponible,Éditeur non disponible,Date non disponible,Nombre de pages non disponible,Rang de vente non disponible,Manga,55.0,,
Achève-moi - Tome 1,https://www.amazon.fr/Ach%C3%A8ve-moi-1-Megumu-Seto/dp/B0F59LJNHG/ref=sr_1_876,"7,30 €",de Megumu Seto et Mathilde Vaillant | 11 septembre 2025,Note non disponible,0 avis,Poche,https://m.media-amazon.com/images/I/71WILWGZnqL._AC_UY218_.jpg,2025-09-04T18:38:57.031581,Description non disponible depuis la recherche,Stock non disponible,ISBN non disponible,Éditeur non disponible,Date non disponible,Nombre de pages non disponible,Rang de vente non disponible,Manga,55.0,,
Cross of the cross T02,https://www.amazon.fr/Cross-cross-T02-NAKATAKE/dp/2413049886/ref=sr_1_878,"8,50 €",de NAKATAKE | 28 février 2024,"4,8 sur 5 étoiles, détails de l’évaluation",9,Broché,https://m.media-amazon.com/images/I/81JLCAS4F2L._AC_UY218_.jpg,2025-09-04T18:38:57.037593,Description non disponible depuis la recherche,Stock non disponible,ISBN non disponible,Éditeur non disponible,Date non disponible,Nombre de pages non disponible,Rang de vente non disponible,Manga,55.0,,
Gate Au-delà de la porte - Tome 02,https://www.amazon.fr/Gate-au-del%C3%A0-porte-Takumi-Yanai/dp/2351809777/ref=sr_1_879,"8,35 €",Takumi Yanai,"4,7 sur 5 étoiles, détails de l’évaluation",44,Broché,https://m.media-amazon.com/images/I/71tXIJVAzeL._AC_UY218_.jpg,2025-09-04T18:38:57.039707,Description non disponible depuis la recherche,Stock non disponible,ISBN non disponible,Éditeur non disponible,Date non disponible,Nombre de pages non disponible,Rang de vente non disponible,Manga,55.0,,
Dragon Ball perfect edition - Tome 19,https://www.amazon.fr/Dragon-ball-Perfect-TORIYAMA-Akira/dp/2723486702/ref=sr_1_880,"10,95 €",Akira Toriyama,"4,9 sur 5 étoiles, détails de l’évaluation",307,Broché,https://m.media-amazon.com/images/I/51xN4CMftZL._AC_UY218_.jpg,2025-09-04T18:38:57.042436,Description non disponible depuis la recherche,Stock non disponible,ISBN non disponible,Éditeur non disponible,Date non disponible,Nombre de pages non disponible,Rang de vente non disponible,Manga,55.0,,
Mozart,https://www.amazon.fr/Mozart-Natsuko-Wada/dp/2373493276/ref=sr_1_881,"7,90 €",de Natsuko Wada et Mari Asabuki | 4 novembre 2020,"4,8 sur 5 étoiles, détails de l’évaluation",41,Poche,https://m.media-amazon.com/images/I/812PTrXNBaL._AC_UY218_.jpg,2025-09-04T18:38:57.045169,Description non disponible depuis la recherche,Stock non disponible,ISBN non disponible,Éditeur non disponible,Date non disponible,Nombre de pages non disponible,Rang de vente non disponible,Manga,55.0,,
Hinata NTRism,https://www.amazon.fr/Hinata-NTRism-Kiasa/dp/2385040484/ref=sr_1_883,"9,95 €",de Kiasa et Yves Bohmler | 27 juin 2025,"5,0 sur 5 étoiles, détails de l’évaluation",3,Poche,https://m.media-amazon.com/images/I/817cJ+EoGIL._AC_UY218_.jpg,2025-09-04T18:38:57.050465,Description non disponible depuis la recherche,Stock non disponible,ISBN non disponible,Éditeur non disponible,Date non disponible,Nombre de pages non disponible,Rang de vente non disponible,Manga,55.0,,
House of Brutes - Tome 2,https://www.amazon.fr/House-Brutes-2-Gengoro-Tagame/dp/2362345491/ref=sr_1_884,"18,00 €",Gengoro Tagame,"4,5 sur 5 étoiles, détails de l’évaluation",75,Broché,https://m.media-amazon.com/images/I/6194aZj34OL._AC_UY218_.jpg,2025-09-04T18:38:57.053145,Description non disponible depuis la recherche,Stock non disponible,ISBN non disponible,Éditeur non disponible,Date non disponible,Nombre de pages non disponible,Rang de vente non disponible,Manga,55.0,,
Edens Zero T08: Ceux qu'on aime,https://www.amazon.fr/Edens-Zero-T08-Ceux-quon/dp/2811653953/ref=sr_1_885,"7,20 €",Hiro Mashima,"4,8 sur 5 étoiles, détails de l’évaluation",280,Poche,https://m.media-amazon.com/images/I/812Vz6zEk-L._AC_UY218_.jpg,2025-09-04T18:38:57.055613,Description non disponible depuis la recherche,Stock non disponible,ISBN non disponible,Éditeur non disponible,Date non disponible,Nombre de pages non disponible,Rang de vente non disponible,Manga,55.0,,
Stitch - Amis pour la vie T01,https://www.amazon.fr/Stitch-Amis-pour-vie-T01/dp/2384962779/ref=sr_1_886,"7,50 €",Yumi Tsukirino,"4,6 sur 5 étoiles, détails de l’évaluation",49,Poche,https://m.media-amazon.com/images/I/71A6-U5oj3L._AC_UY218_.jpg,2025-09-04T18:38:57.057651,Description non disponible depuis la recherche,Stock non disponible,ISBN non disponible,Éditeur non disponible,Date non disponible,Nombre de pages non disponible,Rang de vente non disponible,Manga,55.0,,
One Piece Vivre Cards - Saison 01 - Tome 01: Starter set vol. 1,https://www.amazon.fr/One-Piece-Vivre-Cards-Starter/dp/2344071164/ref=sr_1_883,"14,90 €",Eiichiro Oda,Note non disponible,0 avis,Broché,https://m.media-amazon.com/images/I/01PkLIhTX3L._AC_UY218_.gif,2025-09-04T18:39:07.593062,Description non disponible depuis la recherche,Stock non disponible,ISBN non disponible,Éditeur non disponible,Date non disponible,Nombre de pages non disponible,Rang de vente non disponible,Manga,56.0,,
Manga Livre De Coloriage: Plongez dans un monde fantastique de manga en coloriant des dessins originaux - Art-thérapie et relaxation pour adultes et ... en coloriant vos personnages préférés,https://www.amazon.fr/Manga-Livre-Coloriage-fantastique-Art-th%C3%A9rapie/dp/B0C1JJZD7S/ref=sr_1_884,"12,50 €",Adashi Fati,"4,5 sur 5 étoiles, détails de l’évaluation",17,Broché,https://m.media-amazon.com/images/I/71KxX5ng4NL._AC_UY218_.jpg,2025-09-04T18:39:07.595084,Description non disponible depuis la recherche,Stock non disponible,ISBN non disponible,Éditeur non disponible,Date non disponible,Nombre de pages non disponible,Rang de vente non disponible,Manga,56.0,,
Naruto - édition Hokage - Tome 7,https://www.amazon.fr/Naruto-%C3%A9dition-Hokage-Masashi-Kishimoto/dp/250511501X/ref=sr_1_885,"15,95 €",Masashi Kishimoto,"5,0 sur 5 étoiles, détails de l’évaluation",31,Broché,https://m.media-amazon.com/images/I/815lzJSBmmL._AC_UY218_.jpg,2025-09-04T18:39:07.596923,Description non disponible depuis la recherche,Stock non disponible,ISBN non disponible,Éditeur non disponible,Date non disponible,Nombre de pages non disponible,Rang de vente non disponible,Manga,56.0,,
Splatoon - Histoires Poulpes à Cité-Clabousse,https://www.amazon.fr/Splatoon-Histoires-Poulpes-%C3%A0-Cit%C3%A9-Clabousse/dp/2302105508/ref=sr_1_886,"8,50 €",de Hideki Goto | 4 juin 2025,Note non disponible,0 avis,Broché,https://m.media-amazon.com/images/I/81r-ZvdfJSL._AC_UY218_.jpg,2025-09-04T18:39:07.599624,Description non disponible depuis la recherche,Stock non disponible,ISBN non disponible,Éditeur non disponible,Date non disponible,Nombre de pages non disponible,Rang de vente non disponible,Manga,56.0,,
Grandmaster of Demonic Cultivation: Mo Dao Zu Shi (The Comic / Manhua) Vol. 12,https://www.amazon.fr/Grandmaster-Demonic-Cultivation-Comic-Manhua/dp/B0DZ1WKG5Z/ref=sr_1_889,"18,12 €",Mo Xiang Tong Xiu,Note non disponible,0 avis,Broché,https://m.media-amazon.com/images/I/81z6uTEPU-L._AC_UY218_.jpg,2025-09-04T18:39:07.608768,Description non disponible depuis la recherche,Stock non disponible,ISBN non disponible,Éditeur non disponible,Date non disponible,Nombre de pages non disponible,Rang de vente non disponible,Manga,56.0,,
Failure Frame: I Became the Strongest and Annihilated Everything With Low-Level Spells (Manga) Vol. 8 (English Edition),https://www.amazon.fr/Failure-Frame-Strongest-Annihilated-Everything-ebook/dp/B0D9HXKF8S/ref=sr_1_890,"9,02 €","Édition en Anglais | de Kaoru Shinozaki, Keyaki Uchiuchi, et al. | 13 août 2024","4,7 sur 5 étoiles, détails de l’évaluation",87,Format Kindle,https://m.media-amazon.com/images/I/91K1r3-W22L._AC_UY218_.jpg,2025-09-04T18:39:07.612179,Description non disponible depuis la recherche,Stock non disponible,ISBN non disponible,Éditeur non disponible,Date non disponible,Nombre de pages non disponible,Rang de vente non disponible,Manga,56.0,,
Crows - Tome 2,https://www.amazon.fr/Crows-2-Hiroshi-Takahashi/dp/2505127530/ref=sr_1_891,"8,10 €",Hiroshi Takahashi,"4,8 sur 5 étoiles, détails de l’évaluation",8,Broché,https://m.media-amazon.com/images/I/810kdXiBTQL._AC_UY218_.jpg,2025-09-04T18:39:07.615000,Description non disponible depuis la recherche,Stock non disponible,ISBN non disponible,Éditeur non disponible,Date non disponible,Nombre de pages non disponible,Rang de vente non disponible,Manga,56.0,,
Crows - Tome 1,https://www.amazon.fr/Crows-1-Hiroshi-Takahashi/dp/2505127522/ref=sr_1_892,"8,10 €",Hiroshi Takahashi,"4,8 sur 5 étoiles, détails de l’évaluation",11,Broché,https://m.media-amazon.com/images/I/91Apxul4fNL._AC_UY218_.jpg,2025-09-04T18:39:07.617594,Description non disponible depuis la recherche,Stock non disponible,ISBN non disponible,Éditeur non disponible,Date non disponible,Nombre de pages non disponible,Rang de vente non disponible,Manga,56.0,,
Berserk of Gluttony Manga - Tome 11,https://www.amazon.fr/Berserk-Gluttony-Manga-Ichika-Isshiki/dp/2487369272/ref=sr_1_894,"8,00 €",Ichika Isshiki,"4,9 sur 5 étoiles, détails de l’évaluation",10,Broché,https://m.media-amazon.com/images/I/61p8IMDjgOL._AC_UY218_.jpg,2025-09-04T18:39:07.622686,Description non disponible depuis la recherche,Stock non disponible,ISBN non disponible,Éditeur non disponible,Date non disponible,Nombre de pages non disponible,Rang de vente non disponible,Manga,56.0,,
Tokyo Revengers - Tome 18,https://www.amazon.fr/Tokyo-Revengers-18-Ken-Wakui/dp/2344049282/ref=sr_1_895,"7,20 €",Ken Wakui,"4,8 sur 5 étoiles, détails de l’évaluation",151,Broché,https://m.media-amazon.com/images/I/81HOUyHdhAL._AC_UY218_.jpg,2025-09-04T18:39:07.625579,Description non disponible depuis la recherche,Stock non disponible,ISBN non disponible,Éditeur non disponible,Date non disponible,Nombre de pages non disponible,Rang de vente non disponible,Manga,56.0,,
Katana Beast T01 - Blind Pack,https://www.amazon.fr/Katana-Beast-T01-Blind-Pack/dp/B0DSHQX3D7/ref=sr_1_896,"7,29 €",Akimine Kamijyô,"5,0 sur 5 étoiles, détails de l’évaluation",5,Poche,https://m.media-amazon.com/images/I/81Q0eDciITL._AC_UY218_.jpg,2025-09-04T18:39:07.628069,Description non disponible depuis la recherche,Stock non disponible,ISBN non disponible,Éditeur non disponible,Date non disponible,Nombre de pages non disponible,Rang de vente non disponible,Manga,56.0,,
Doom Breaker T01,https://www.amazon.fr/Doom-Breaker-T01-BLUE-DEEP/dp/2811699880/ref=sr_1_897,"14,95 €",BLUE-DEEP,"3,8 sur 5 étoiles, détails de l’évaluation",4,Broché,https://m.media-amazon.com/images/I/814IxgnCb7L._AC_UY218_.jpg,2025-09-04T18:39:07.630075,Description non disponible depuis la recherche,Stock non disponible,ISBN non disponible,Éditeur non disponible,Date non disponible,Nombre de pages non disponible,Rang de vente non disponible,Manga,56.0,,
Tokyo Revengers - Tome 14,https://www.amazon.fr/Tokyo-Revengers-14-Ken-Wakui/dp/2344043322/ref=sr_1_899,"7,20 €",Ken Wakui,"4,8 sur 5 étoiles, détails de l’évaluation",428,Broché,https://m.media-amazon.com/images/I/91i++qwsP5L._AC_UY218_.jpg,2025-09-04T18:39:07.635796,Description non disponible depuis la recherche,Stock non disponible,ISBN non disponible,Éditeur non disponible,Date non disponible,Nombre de pages non disponible,Rang de vente non disponible,Manga,56.0,,
Captain Tsubasa Kids Dream - Tome 03,https://www.amazon.fr/Captain-Tsubasa-Kids-Dream-03/dp/2344046631/ref=sr_1_900,"7,20 €",Yoichi Takahashi,"4,7 sur 5 étoiles, détails de l’évaluation",10,Broché,https://m.media-amazon.com/images/I/81kIb5rD7PL._AC_UY218_.jpg,2025-09-04T18:39:07.638614,Description non disponible depuis la recherche,Stock non disponible,ISBN non disponible,Éditeur non disponible,Date non disponible,Nombre de pages non disponible,Rang de vente non disponible,Manga,56.0,,
Fairy Tail T20,https://www.amazon.fr/Fairy-Tail-Vol-20-Hiro-Mashima/dp/2811605290/ref=sr_1_901,"7,20 €",Hiro Mashima,"4,8 sur 5 étoiles, détails de l’évaluation",358,Poche,https://m.media-amazon.com/images/I/81u-XX4pKrL._AC_UY218_.jpg,2025-09-04T18:39:07.641442,Description non disponible depuis la recherche,Stock non disponible,ISBN non disponible,Éditeur non disponible,Date non disponible,Nombre de pages non disponible,Rang de vente non disponible,Manga,56.0,,
Le regard de la bête,https://www.amazon.fr/regard-b%C3%AAte-Shinou-Ry%C3%B4/dp/2375065514/ref=sr_1_902,"9,99 €",de Shinou Ryô | 29 août 2025,Note non disponible,0 avis,Broché,https://m.media-amazon.com/images/I/71JiYo96WhL._AC_UY218_.jpg,2025-09-04T18:39:07.643933,Description non disponible depuis la recherche,Stock non disponible,ISBN non disponible,Éditeur non disponible,Date non disponible,Nombre de pages non disponible,Rang de vente non disponible,Manga,56.0,,
Naruto - édition Hokage - Tome 7,https://www.amazon.fr/Naruto-%C3%A9dition-Hokage-Masashi-Kishimoto/dp/250511501X/ref=sr_1_899,"15,95 €",Masashi Kishimoto,"5,0 sur 5 étoiles, détails de l’évaluation",31,Broché,https://m.media-amazon.com/images/I/815lzJSBmmL._AC_UY218_.jpg,2025-09-04T18:39:16.286460,Description non disponible depuis la recherche,Stock non disponible,ISBN non disponible,Éditeur non disponible,Date non disponible,Nombre de pages non disponible,Rang de vente non disponible,Manga,57.0,,
Splatoon - Histoires Poulpes à Cité-Clabousse,https://www.amazon.fr/Splatoon-Histoires-Poulpes-%C3%A0-Cit%C3%A9-Clabousse/dp/2302105508/ref=sr_1_900,"8,50 €",de Hideki Goto | 4 juin 2025,Note non disponible,0 avis,Broché,https://m.media-amazon.com/images/I/81r-ZvdfJSL._AC_UY218_.jpg,2025-09-04T18:39:16.289438,Description non disponible depuis la recherche,Stock non disponible,ISBN non disponible,Éditeur non disponible,Date non disponible,Nombre de pages non disponible,Rang de vente non disponible,Manga,57.0,,
Grandmaster of Demonic Cultivation: Mo Dao Zu Shi (The Comic / Manhua) Vol. 12,https://www.amazon.fr/Grandmaster-Demonic-Cultivation-Comic-Manhua/dp/B0DZ1WKG5Z/ref=sr_1_901,"18,12 €",Mo Xiang Tong Xiu,Note non disponible,0 avis,Broché,https://m.media-amazon.com/images/I/81z6uTEPU-L._AC_UY218_.jpg,2025-09-04T18:39:16.292487,Description non disponible depuis la recherche,Stock non disponible,ISBN non disponible,Éditeur non disponible,Date non disponible,Nombre de pages non disponible,Rang de vente non disponible,Manga,57.0,,
Failure Frame: I Became the Strongest and Annihilated Everything With Low-Level Spells (Manga) Vol. 8 (English Edition),https://www.amazon.fr/Failure-Frame-Strongest-Annihilated-Everything-ebook/dp/B0D9HXKF8S/ref=sr_1_902,"9,02 €","Édition en Anglais | de Kaoru Shinozaki, Keyaki Uchiuchi, et al. | 13 août 2024","4,7 sur 5 étoiles, détails de l’évaluation",87,Format Kindle,https://m.media-amazon.com/images/I/91K1r3-W22L._AC_UY218_.jpg,2025-09-04T18:39:16.295953,Description non disponible depuis la recherche,Stock non disponible,ISBN non disponible,Éditeur non disponible,Date non disponible,Nombre de pages non disponible,Rang de vente non disponible,Manga,57.0,,
Crows - Tome 2,https://www.amazon.fr/Crows-2-Hiroshi-Takahashi/dp/2505127530/ref=sr_1_905,"8,10 €",Hiroshi Takahashi,"4,8 sur 5 étoiles, détails de l’évaluation",8,Broché,https://m.media-amazon.com/images/I/810kdXiBTQL._AC_UY218_.jpg,2025-09-04T18:39:16.306070,Description non disponible depuis la recherche,Stock non disponible,ISBN non disponible,Éditeur non disponible,Date non disponible,Nombre de pages non disponible,Rang de vente non disponible,Manga,57.0,,
Crows - Tome 1,https://www.amazon.fr/Crows-1-Hiroshi-Takahashi/dp/2505127522/ref=sr_1_906,"8,10 €",Hiroshi Takahashi,"4,8 sur 5 étoiles, détails de l’évaluation",11,Broché,https://m.media-amazon.com/images/I/91Apxul4fNL._AC_UY218_.jpg,2025-09-04T18:39:16.309279,Description non disponible depuis la recherche,Stock non disponible,ISBN non disponible,Éditeur non disponible,Date non disponible,Nombre de pages non disponible,Rang de vente non disponible,Manga,57.0,,
Berserk of Gluttony Manga - Tome 11,https://www.amazon.fr/Berserk-Gluttony-Manga-Ichika-Isshiki/dp/2487369272/ref=sr_1_907,"8,00 €",Ichika Isshiki,"4,9 sur 5 étoiles, détails de l’évaluation",10,Broché,https://m.media-amazon.com/images/I/61p8IMDjgOL._AC_UY218_.jpg,2025-09-04T18:39:16.311700,Description non disponible depuis la recherche,Stock non disponible,ISBN non disponible,Éditeur non disponible,Date non disponible,Nombre de pages non disponible,Rang de vente non disponible,Manga,57.0,,
Tokyo Revengers - Tome 18,https://www.amazon.fr/Tokyo-Revengers-18-Ken-Wakui/dp/2344049282/ref=sr_1_908,"7,20 €",Ken Wakui,"4,8 sur 5 étoiles, détails de l’évaluation",151,Broché,https://m.media-amazon.com/images/I/81HOUyHdhAL._AC_UY218_.jpg,2025-09-04T18:39:16.314890,Description non disponible depuis la recherche,Stock non disponible,ISBN non disponible,Éditeur non disponible,Date non disponible,Nombre de pages non disponible,Rang de vente non disponible,Manga,57.0,,
Katana Beast T01 - Blind Pack,https://www.amazon.fr/Katana-Beast-T01-Blind-Pack/dp/B0DSHQX3D7/ref=sr_1_910,"7,29 €",Akimine Kamijyô,"5,0 sur 5 étoiles, détails de l’évaluation",5,Poche,https://m.media-amazon.com/images/I/81Q0eDciITL._AC_UY218_.jpg,2025-09-04T18:39:16.321639,Description non disponible depuis la recherche,Stock non disponible,ISBN non disponible,Éditeur non disponible,Date non disponible,Nombre de pages non disponible,Rang de vente non disponible,Manga,57.0,,
Doom Breaker T01,https://www.amazon.fr/Doom-Breaker-T01-BLUE-DEEP/dp/2811699880/ref=sr_1_911,"14,95 €",BLUE-DEEP,"3,8 sur 5 étoiles, détails de l’évaluation",4,Broché,https://m.media-amazon.com/images/I/814IxgnCb7L._AC_UY218_.jpg,2025-09-04T18:39:16.323729,Description non disponible depuis la recherche,Stock non disponible,ISBN non disponible,Éditeur non disponible,Date non disponible,Nombre de pages non disponible,Rang de vente non disponible,Manga,57.0,,
Tokyo Revengers - Tome 14,https://www.amazon.fr/Tokyo-Revengers-14-Ken-Wakui/dp/2344043322/ref=sr_1_912,"7,20 €",Ken Wakui,"4,8 sur 5 étoiles, détails de l’évaluation",428,Broché,https://m.media-amazon.com/images/I/91i++qwsP5L._AC_UY218_.jpg,2025-09-04T18:39:16.326521,Description non disponible depuis la recherche,Stock non disponible,ISBN non disponible,Éditeur non disponible,Date non disponible,Nombre de pages non disponible,Rang de vente non disponible,Manga,57.0,,
Captain Tsubasa Kids Dream - Tome 03,https://www.amazon.fr/Captain-Tsubasa-Kids-Dream-03/dp/2344046631/ref=sr_1_913,"7,20 €",Yoichi Takahashi,"4,7 sur 5 étoiles, détails de l’évaluation",10,Broché,https://m.media-amazon.com/images/I/81kIb5rD7PL._AC_UY218_.jpg,2025-09-04T18:39:16.329485,Description non disponible depuis la recherche,Stock non disponible,ISBN non disponible,Éditeur non disponible,Date non disponible,Nombre de pages non disponible,Rang de vente non disponible,Manga,57.0,,
Fairy Tail T20,https://www.amazon.fr/Fairy-Tail-Vol-20-Hiro-Mashima/dp/2811605290/ref=sr_1_915,"7,20 €",Hiro Mashima,"4,8 sur 5 étoiles, détails de l’évaluation",358,Poche,https://m.media-amazon.com/images/I/81u-XX4pKrL._AC_UY218_.jpg,2025-09-04T18:39:16.335197,Description non disponible depuis la recherche,Stock non disponible,ISBN non disponible,Éditeur non disponible,Date non disponible,Nombre de pages non disponible,Rang de vente non disponible,Manga,57.0,,
Le regard de la bête,https://www.amazon.fr/regard-b%C3%AAte-Shinou-Ry%C3%B4/dp/2375065514/ref=sr_1_916,"9,99 €",de Shinou Ryô | 29 août 2025,Note non disponible,0 avis,Broché,https://m.media-amazon.com/images/I/71JiYo96WhL._AC_UY218_.jpg,2025-09-04T18:39:16.337664,Description non disponible depuis la recherche,Stock non disponible,ISBN non disponible,Éditeur non disponible,Date non disponible,Nombre de pages non disponible,Rang de vente non disponible,Manga,57.0,,
12 ans - Tome 13,https://www.amazon.fr/12-ans-13-Nao-Maita/dp/2344031197/ref=sr_1_917,"7,20 €",Nao Maita,"4,9 sur 5 étoiles, détails de l’évaluation",64,Broché,https://m.media-amazon.com/images/I/81izMIfmvHL._AC_UY218_.jpg,2025-09-04T18:39:16.340599,Description non disponible depuis la recherche,Stock non disponible,ISBN non disponible,Éditeur non disponible,Date non disponible,Nombre de pages non disponible,Rang de vente non disponible,Manga,57.0,,
Alice in Borderland T15,https://www.amazon.fr/Alice-Borderland-T15-Haro-As%C3%B4/dp/2756082716/ref=sr_1_918,"7,29 €",Haro Asô,"4,8 sur 5 étoiles, détails de l’évaluation",88,Broché,https://m.media-amazon.com/images/I/91KiHvXBeFL._AC_UY218_.jpg,2025-09-04T18:39:16.343310,Description non disponible depuis la recherche,Stock non disponible,ISBN non disponible,Éditeur non disponible,Date non disponible,Nombre de pages non disponible,Rang de vente non disponible,Manga,57.0,,
My Hero Academia T01 - Édition collector Bakugo,https://www.amazon.fr/My-Hero-Academia-T01-collector/dp/B0FC25QVVN/ref=sr_1_915,"9,95 €",Kohei Horikoshi,"4,8 sur 5 étoiles, détails de l’évaluation",2 974,Broché,https://m.media-amazon.com/images/I/71MKD0syzaL._AC_UY218_.jpg,2025-09-04T18:39:26.130332,Description non disponible depuis la recherche,Stock non disponible,ISBN non disponible,Éditeur non disponible,Date non disponible,Nombre de pages non disponible,Rang de vente non disponible,Manga,58.0,,
La Gameuse et son chat - vol. 03,https://www.amazon.fr/Gameuse-son-chat-vol-03/dp/2818980062/ref=sr_1_916,"7,50 €",Wataru NADATANI,"4,8 sur 5 étoiles, détails de l’évaluation",159,Poche,https://m.media-amazon.com/images/I/81e7UPF7ZNL._AC_UY218_.jpg,2025-09-04T18:39:26.132545,Description non disponible depuis la recherche,Stock non disponible,ISBN non disponible,Éditeur non disponible,Date non disponible,Nombre de pages non disponible,Rang de vente non disponible,Manga,58.0,,
Aozora Yell Pack découverte T01 acheté + T02 offert,https://www.amazon.fr/Aozora-Yell-d%C3%A9couverte-achet%C3%A9-offert/dp/2809499748/ref=sr_1_917,"7,29 €",Kazune Kawahara,"4,9 sur 5 étoiles, détails de l’évaluation",9,Broché,https://m.media-amazon.com/images/I/7185vViqcSL._AC_UY218_.jpg,2025-09-04T18:39:26.134428,Description non disponible depuis la recherche,Stock non disponible,ISBN non disponible,Éditeur non disponible,Date non disponible,Nombre de pages non disponible,Rang de vente non disponible,Manga,58.0,,
Le grand cahier des TCC pour manger en paix,https://www.amazon.fr/grand-cahier-pour-manger-paix/dp/2365497268/ref=sr_1_918,"19,90 €",Jean-Jacques Colin,"4,4 sur 5 étoiles, détails de l’évaluation",30,Broché,https://m.media-amazon.com/images/I/51YOl7sZmhL._AC_UY218_.jpg,2025-09-04T18:39:26.136499,Description non disponible depuis la recherche,Stock non disponible,ISBN non disponible,Éditeur non disponible,Date non disponible,Nombre de pages non disponible,Rang de vente non disponible,Manga,58.0,,
"Agenda Scolaire: 2025-2026 Fille Manga: Anime & K-Pop | Journalier – 1 Page par Jour | Format A5 | Pour Collège, Lycée & Étudiantes | Thème Étoiles & Univers Galactique | En Français",https://www.amazon.fr/Agenda-Scolaire-Journalier-%C3%89tudiantes-Galactique/dp/B0FM8P249P/ref=sr_1_921,"13,19 €",de danilla domel | 10 août 2025,"3,5 sur 5 étoiles, détails de l’évaluation",2,Broché,https://m.media-amazon.com/images/I/71bF0Y7ZguL._AC_UY218_.jpg,2025-09-04T18:39:26.145018,Description non disponible depuis la recherche,Stock non disponible,ISBN non disponible,Éditeur non disponible,Date non disponible,Nombre de pages non disponible,Rang de vente non disponible,Manga,58.0,,
Black Butler - Tome 11,https://www.amazon.fr/Black-Butler-Vol-11-TOBOSO-Yana/dp/2505015651/ref=sr_1_922,"7,30 €",Yana Toboso,"4,8 sur 5 étoiles, détails de l’évaluation",164,Broché,https://m.media-amazon.com/images/I/71cTLytbs9L._AC_UY218_.jpg,2025-09-04T18:39:26.147128,Description non disponible depuis la recherche,Stock non disponible,ISBN non disponible,Éditeur non disponible,Date non disponible,Nombre de pages non disponible,Rang de vente non disponible,Manga,58.0,,
Kenshin Perfect edition - Tome 22,https://www.amazon.fr/Kenshin-vagabond-Perfect-WATSUKI-Nobuhiro/dp/2723493326/ref=sr_1_923,"10,95 €",Nobuhiro Watsuki,"4,8 sur 5 étoiles, détails de l’évaluation",45,Broché,https://m.media-amazon.com/images/I/91kkmAHX5SL._AC_UY218_.jpg,2025-09-04T18:39:26.149930,Description non disponible depuis la recherche,Stock non disponible,ISBN non disponible,Éditeur non disponible,Date non disponible,Nombre de pages non disponible,Rang de vente non disponible,Manga,58.0,,
"Ippo - saison 1, La rage de vaincre - tome 12 (12)",https://www.amazon.fr/Ippo-Saison-rage-vaincre-Vol-12/dp/2351422287/ref=sr_1_924,"7,30 €",George Morikawa,"4,9 sur 5 étoiles, détails de l’évaluation",38,Poche,https://m.media-amazon.com/images/I/716IAvQB8iL._AC_UY218_.jpg,2025-09-04T18:39:26.152709,Description non disponible depuis la recherche,Stock non disponible,ISBN non disponible,Éditeur non disponible,Date non disponible,Nombre de pages non disponible,Rang de vente non disponible,Manga,58.0,,
Sexy Cosplay Doll - Tome 1,https://www.amazon.fr/Sexy-Cosplay-Doll-Shinichi-Fukuda/dp/2505076758/ref=sr_1_926,"8,10 €",Shinichi Fukuda,"4,8 sur 5 étoiles, détails de l’évaluation",265,Broché,https://m.media-amazon.com/images/I/815lmrIk-fL._AC_UY218_.jpg,2025-09-04T18:39:26.157861,Description non disponible depuis la recherche,Stock non disponible,ISBN non disponible,Éditeur non disponible,Date non disponible,Nombre de pages non disponible,Rang de vente non disponible,Manga,58.0,,
Dracula,https://www.amazon.fr/Dracula-Virginia-Nitouhei/dp/237349471X/ref=sr_1_927,"10,90 €",de Virginia Nitouhei et Bram Stocker | 28 octobre 2020,"4,8 sur 5 étoiles, détails de l’évaluation",48,Poche,https://m.media-amazon.com/images/I/81li91jQWXL._AC_UY218_.jpg,2025-09-04T18:39:26.161056,Description non disponible depuis la recherche,Stock non disponible,ISBN non disponible,Éditeur non disponible,Date non disponible,Nombre de pages non disponible,Rang de vente non disponible,Manga,58.0,,
Veil nº 04,https://www.amazon.fr/Veil-n%C2%BA-04-Kotteri/dp/8411613240/ref=sr_1_928,"12,94 €",Kotteri,"4,8 sur 5 étoiles, détails de l’évaluation",8,Broché,https://m.media-amazon.com/images/I/91xOgWiFa1L._AC_UY218_.jpg,2025-09-04T18:39:26.163409,Description non disponible depuis la recherche,Stock non disponible,ISBN non disponible,Éditeur non disponible,Date non disponible,Nombre de pages non disponible,Rang de vente non disponible,Manga,58.0,,
Super Mario Manga Adventures T02,https://www.amazon.fr/Super-Mario-Manga-Adventures-T02/dp/2302043561/ref=sr_1_929,"7,29 €",Yukio Sawada,"4,7 sur 5 étoiles, détails de l’évaluation",573,Broché,https://m.media-amazon.com/images/I/81XSQOko3cL._AC_UY218_.jpg,2025-09-04T18:39:26.165430,Description non disponible depuis la recherche,Stock non disponible,ISBN non disponible,Éditeur non disponible,Date non disponible,Nombre de pages non disponible,Rang de vente non disponible,Manga,58.0,,
Yawara - Tome 1,https://www.amazon.fr/Yawara-1-Naoki-Urasawa/dp/2505084955/ref=sr_1_931,"15,95 €",Naoki Urasawa,"4,8 sur 5 étoiles, détails de l’évaluation",35,Broché,https://m.media-amazon.com/images/I/81uHHGx5FPL._AC_UY218_.jpg,2025-09-04T18:39:26.170480,Description non disponible depuis la recherche,Stock non disponible,ISBN non disponible,Éditeur non disponible,Date non disponible,Nombre de pages non disponible,Rang de vente non disponible,Manga,58.0,,
Berserk Prestige - Tome 02,https://www.amazon.fr/Berserk-Prestige-02-Kentaro-Miura/dp/2344067817/ref=sr_1_932,"24,90 €",Kentaro Miura,"3,7 sur 5 étoiles, détails de l’évaluation",47,Poche,https://m.media-amazon.com/images/I/71y3lG5CzEL._AC_UY218_.jpg,2025-09-04T18:39:26.172535,Description non disponible depuis la recherche,Stock non disponible,ISBN non disponible,Éditeur non disponible,Date non disponible,Nombre de pages non disponible,Rang de vente non disponible,Manga,58.0,,
Egregor - Partie 2 (Tomes 07 à 13) - Coffret 7 Mangas Collector limité,https://www.amazon.fr/Egregor-Partie-Coffret-Mangas-Collector/dp/2385035642/ref=sr_1_933,"59,95 €",de Jae-Hwan Kim et Jay Skwar | 6 août 2025,Note non disponible,0 avis,Broché,https://m.media-amazon.com/images/I/81arU98EKhL._AC_UY218_.jpg,2025-09-04T18:39:26.175153,Description non disponible depuis la recherche,Stock non disponible,ISBN non disponible,Éditeur non disponible,Date non disponible,Nombre de pages non disponible,Rang de vente non disponible,Manga,58.0,,
Initial D T28,https://www.amazon.fr/Initial-D-Vol-28-SHIGENO-Sh%C3%BBichi/dp/2820317952/ref=sr_1_934,"7,05 €",de Shigeno Shuichi | 15 octobre 2014,"4,7 sur 5 étoiles, détails de l’évaluation",20,Broché,https://m.media-amazon.com/images/I/81YQ2wdjY9L._AC_UY218_.jpg,2025-09-04T18:39:26.178381,Description non disponible depuis la recherche,Stock non disponible,ISBN non disponible,Éditeur non disponible,Date non disponible,Nombre de pages non disponible,Rang de vente non disponible,Manga,58.0,,
La Meilleure façon de manger végétal - La bible de l'alimentation végétalienne et végétarienne,https://www.amazon.fr/Meilleure-fa%C3%A7on-manger-v%C3%A9g%C3%A9tal-lalimentation/dp/2365495516/ref=sr_1_931,"24,90 €",Fabien Badariotti,"4,6 sur 5 étoiles, détails de l’évaluation",49,Broché,https://m.media-amazon.com/images/I/61shIFVpnrL._AC_UY218_.jpg,2025-09-04T18:39:35.540481,Description non disponible depuis la recherche,Stock non disponible,ISBN non disponible,Éditeur non disponible,Date non disponible,Nombre de pages non disponible,Rang de vente non disponible,Manga,59.0,,
My happy marriage - Roman - Tome 1,https://www.amazon.fr/My-happy-marriage-Roman-1/dp/2379508747/ref=sr_1_932,"14,50 €",de Agitogi Akumi et Tsukioka Tsukiho | 9 mai 2025,"4,8 sur 5 étoiles, détails de l’évaluation",10,Broché,https://m.media-amazon.com/images/I/91gyiHEdAIL._AC_UY218_.jpg,2025-09-04T18:39:35.543214,Description non disponible depuis la recherche,Stock non disponible,ISBN non disponible,Éditeur non disponible,Date non disponible,Nombre de pages non disponible,Rang de vente non disponible,Manga,59.0,,
My Hero Academia T01 - Édition collector Bakugo,https://www.amazon.fr/My-Hero-Academia-T01-collector/dp/B0FC25QVVN/ref=sr_1_933,"9,95 €",Kohei Horikoshi,"4,8 sur 5 étoiles, détails de l’évaluation",2 974,Broché,https://m.media-amazon.com/images/I/71MKD0syzaL._AC_UY218_.jpg,2025-09-04T18:39:35.546042,Description non disponible depuis la recherche,Stock non disponible,ISBN non disponible,Éditeur non disponible,Date non disponible,Nombre de pages non disponible,Rang de vente non disponible,Manga,59.0,,
La Gameuse et son chat - vol. 03,https://www.amazon.fr/Gameuse-son-chat-vol-03/dp/2818980062/ref=sr_1_934,"7,50 €",Wataru NADATANI,"4,8 sur 5 étoiles, détails de l’évaluation",159,Poche,https://m.media-amazon.com/images/I/81e7UPF7ZNL._AC_UY218_.jpg,2025-09-04T18:39:35.548099,Description non disponible depuis la recherche,Stock non disponible,ISBN non disponible,Éditeur non disponible,Date non disponible,Nombre de pages non disponible,Rang de vente non disponible,Manga,59.0,,
Aozora Yell Pack découverte T01 acheté + T02 offert,https://www.amazon.fr/Aozora-Yell-d%C3%A9couverte-achet%C3%A9-offert/dp/2809499748/ref=sr_1_937,"7,29 €",Kazune Kawahara,"4,9 sur 5 étoiles, détails de l’évaluation",9,Broché,https://m.media-amazon.com/images/I/7185vViqcSL._AC_UY218_.jpg,2025-09-04T18:39:35.556119,Description non disponible depuis la recherche,Stock non disponible,ISBN non disponible,Éditeur non disponible,Date non disponible,Nombre de pages non disponible,Rang de vente non disponible,Manga,59.0,,
Le grand cahier des TCC pour manger en paix,https://www.amazon.fr/grand-cahier-pour-manger-paix/dp/2365497268/ref=sr_1_938,"19,90 €",Jean-Jacques Colin,"4,4 sur 5 étoiles, détails de l’évaluation",30,Broché,https://m.media-amazon.com/images/I/51YOl7sZmhL._AC_UY218_.jpg,2025-09-04T18:39:35.558229,Description non disponible depuis la recherche,Stock non disponible,ISBN non disponible,Éditeur non disponible,Date non disponible,Nombre de pages non disponible,Rang de vente non disponible,Manga,59.0,,
"Agenda Scolaire: 2025-2026 Fille Manga: Anime & K-Pop | Journalier – 1 Page par Jour | Format A5 | Pour Collège, Lycée & Étudiantes | Thème Étoiles & Univers Galactique | En Français",https://www.amazon.fr/Agenda-Scolaire-Journalier-%C3%89tudiantes-Galactique/dp/B0FM8P249P/ref=sr_1_939,"13,19 €",de danilla domel | 10 août 2025,"3,5 sur 5 étoiles, détails de l’évaluation",2,Broché,https://m.media-amazon.com/images/I/71bF0Y7ZguL._AC_UY218_.jpg,2025-09-04T18:39:35.560659,Description non disponible depuis la recherche,Stock non disponible,ISBN non disponible,Éditeur non disponible,Date non disponible,Nombre de pages non disponible,Rang de vente non disponible,Manga,59.0,,
Black Butler - Tome 11,https://www.amazon.fr/Black-Butler-Vol-11-TOBOSO-Yana/dp/2505015651/ref=sr_1_940,"7,30 €",Yana Toboso,"4,8 sur 5 étoiles, détails de l’évaluation",164,Broché,https://m.media-amazon.com/images/I/71cTLytbs9L._AC_UY218_.jpg,2025-09-04T18:39:35.562718,Description non disponible depuis la recherche,Stock non disponible,ISBN non disponible,Éditeur non disponible,Date non disponible,Nombre de pages non disponible,Rang de vente non disponible,Manga,59.0,,
Kenshin Perfect edition - Tome 22,https://www.amazon.fr/Kenshin-vagabond-Perfect-WATSUKI-Nobuhiro/dp/2723493326/ref=sr_1_942,"10,95 €",Nobuhiro Watsuki,"4,8 sur 5 étoiles, détails de l’évaluation",45,Broché,https://m.media-amazon.com/images/I/91kkmAHX5SL._AC_UY218_.jpg,2025-09-04T18:39:35.568503,Description non disponible depuis la recherche,Stock non disponible,ISBN non disponible,Éditeur non disponible,Date non disponible,Nombre de pages non disponible,Rang de vente non disponible,Manga,59.0,,
"Ippo - saison 1, La rage de vaincre - tome 12 (12)",https://www.amazon.fr/Ippo-Saison-rage-vaincre-Vol-12/dp/2351422287/ref=sr_1_943,"7,30 €",George Morikawa,"4,9 sur 5 étoiles, détails de l’évaluation",38,Poche,https://m.media-amazon.com/images/I/716IAvQB8iL._AC_UY218_.jpg,2025-09-04T18:39:35.571157,Description non disponible depuis la recherche,Stock non disponible,ISBN non disponible,Éditeur non disponible,Date non disponible,Nombre de pages non disponible,Rang de vente non disponible,Manga,59.0,,
Sexy Cosplay Doll - Tome 1,https://www.amazon.fr/Sexy-Cosplay-Doll-Shinichi-Fukuda/dp/2505076758/ref=sr_1_944,"8,10 €",Shinichi Fukuda,"4,8 sur 5 étoiles, détails de l’évaluation",265,Broché,https://m.media-amazon.com/images/I/815lmrIk-fL._AC_UY218_.jpg,2025-09-04T18:39:35.573140,Description non disponible depuis la recherche,Stock non disponible,ISBN non disponible,Éditeur non disponible,Date non disponible,Nombre de pages non disponible,Rang de vente non disponible,Manga,59.0,,
Dracula,https://www.amazon.fr/Dracula-Virginia-Nitouhei/dp/237349471X/ref=sr_1_945,"10,90 €",de Virginia Nitouhei et Bram Stocker | 28 octobre 2020,"4,8 sur 5 étoiles, détails de l’évaluation",48,Poche,https://m.media-amazon.com/images/I/81li91jQWXL._AC_UY218_.jpg,2025-09-04T18:39:35.576438,Description non disponible depuis la recherche,Stock non disponible,ISBN non disponible,Éditeur non disponible,Date non disponible,Nombre de pages non disponible,Rang de vente non disponible,Manga,59.0,,
Veil nº 04,https://www.amazon.fr/Veil-n%C2%BA-04-Kotteri/dp/8411613240/ref=sr_1_947,"12,94 €",Kotteri,"4,8 sur 5 étoiles, détails de l’évaluation",8,Broché,https://m.media-amazon.com/images/I/91xOgWiFa1L._AC_UY218_.jpg,2025-09-04T18:39:35.582414,Description non disponible depuis la recherche,Stock non disponible,ISBN non disponible,Éditeur non disponible,Date non disponible,Nombre de pages non disponible,Rang de vente non disponible,Manga,59.0,,
Super Mario Manga Adventures T02,https://www.amazon.fr/Super-Mario-Manga-Adventures-T02/dp/2302043561/ref=sr_1_948,"7,29 €",Yukio Sawada,"4,7 sur 5 étoiles, détails de l’évaluation",573,Broché,https://m.media-amazon.com/images/I/81XSQOko3cL._AC_UY218_.jpg,2025-09-04T18:39:35.584567,Description non disponible depuis la recherche,Stock non disponible,ISBN non disponible,Éditeur non disponible,Date non disponible,Nombre de pages non disponible,Rang de vente non disponible,Manga,59.0,,
Yawara - Tome 1,https://www.amazon.fr/Yawara-1-Naoki-Urasawa/dp/2505084955/ref=sr_1_949,"15,95 €",Naoki Urasawa,"4,8 sur 5 étoiles, détails de l’évaluation",35,Broché,https://m.media-amazon.com/images/I/81uHHGx5FPL._AC_UY218_.jpg,2025-09-04T18:39:35.586736,Description non disponible depuis la recherche,Stock non disponible,ISBN non disponible,Éditeur non disponible,Date non disponible,Nombre de pages non disponible,Rang de vente non disponible,Manga,59.0,,
Berserk Prestige - Tome 02,https://www.amazon.fr/Berserk-Prestige-02-Kentaro-Miura/dp/2344067817/ref=sr_1_950,"24,90 €",Kentaro Miura,"3,7 sur 5 étoiles, détails de l’évaluation",47,Poche,https://m.media-amazon.com/images/I/71y3lG5CzEL._AC_UY218_.jpg,2025-09-04T18:39:35.588816,Description non disponible depuis la recherche,Stock non disponible,ISBN non disponible,Éditeur non disponible,Date non disponible,Nombre de pages non disponible,Rang de vente non disponible,Manga,59.0,,
Egregor - Partie 2 (Tomes 07 à 13) - Coffret 7 Mangas Collector limité,https://www.amazon.fr/Egregor-Partie-Coffret-Mangas-Collector/dp/2385035642/ref=sr_1_947,"59,95 €",de Jae-Hwan Kim et Jay Skwar | 6 août 2025,Note non disponible,0 avis,Broché,https://m.media-amazon.com/images/I/81arU98EKhL._AC_UY218_.jpg,2025-09-04T18:39:46.615106,Description non disponible depuis la recherche,Stock non disponible,ISBN non disponible,Éditeur non disponible,Date non disponible,Nombre de pages non disponible,Rang de vente non disponible,Manga,60.0,,
Initial D T28,https://www.amazon.fr/Initial-D-Vol-28-SHIGENO-Sh%C3%BBichi/dp/2820317952/ref=sr_1_948,"7,05 €",de Shigeno Shuichi | 15 octobre 2014,"4,7 sur 5 étoiles, détails de l’évaluation",20,Broché,https://m.media-amazon.com/images/I/81YQ2wdjY9L._AC_UY218_.jpg,2025-09-04T18:39:46.618627,Description non disponible depuis la recherche,Stock non disponible,ISBN non disponible,Éditeur non disponible,Date non disponible,Nombre de pages non disponible,Rang de vente non disponible,Manga,60.0,,
Initial D T17,https://www.amazon.fr/Initial-D-Vol-17-SHIGENO-Sh%C3%BBichi/dp/2820303153/ref=sr_1_949,"7,05 €",de Shigeno Shuichi | 21 mars 2012,"4,9 sur 5 étoiles, détails de l’évaluation",25,Broché,https://m.media-amazon.com/images/I/81SuTClhbZL._AC_UY218_.jpg,2025-09-04T18:39:46.621956,Description non disponible depuis la recherche,Stock non disponible,ISBN non disponible,Éditeur non disponible,Date non disponible,Nombre de pages non disponible,Rang de vente non disponible,Manga,60.0,,
"Osez manger, libérez -vous du contrôle",https://www.amazon.fr/Osez-manger-lib%C3%A9rez-vous-contr%C3%B4le/dp/2738150454/ref=sr_1_950,"18,90 €",Docteur Jean-Philippe Zermati,"4,5 sur 5 étoiles, détails de l’évaluation",245,Broché,https://m.media-amazon.com/images/I/71DdTyuYFCL._AC_UY218_.jpg,2025-09-04T18:39:46.625487,Description non disponible depuis la recherche,Stock non disponible,ISBN non disponible,Éditeur non disponible,Date non disponible,Nombre de pages non disponible,Rang de vente non disponible,Manga,60.0,,
Vinland Saga - tome 07 (7),https://www.amazon.fr/Vinland-Saga-Vol-7-YUKIMURA-Makoto/dp/2351425359/ref=sr_1_953,"7,95 €",Makoto Yukimura,"4,9 sur 5 étoiles, détails de l’évaluation",155,Broché,https://m.media-amazon.com/images/I/71CeInBPX+L._AC_UY218_.jpg,2025-09-04T18:39:46.634563,Description non disponible depuis la recherche,Stock non disponible,ISBN non disponible,Éditeur non disponible,Date non disponible,Nombre de pages non disponible,Rang de vente non disponible,Manga,60.0,,
Beck Perfect Edition T09,https://www.amazon.fr/Beck-Perfect-T09-Harold-Sakuishi/dp/2413043330/ref=sr_1_954,"15,99 €",Harold Sakuishi,"5,0 sur 5 étoiles, détails de l’évaluation",7,Broché,https://m.media-amazon.com/images/I/81U9JhOChPL._AC_UY218_.jpg,2025-09-04T18:39:46.636605,Description non disponible depuis la recherche,Stock non disponible,ISBN non disponible,Éditeur non disponible,Date non disponible,Nombre de pages non disponible,Rang de vente non disponible,Manga,60.0,,
"Ménopause, savoir quoi manger: 21 jours de menus",https://www.amazon.fr/M%C3%A9nopause-jours-menus-Alexandra-Leduc/dp/2897760869/ref=sr_1_955,Prix non disponible,Alexandra Leduc,"4,4 sur 5 étoiles, détails de l’évaluation",21,Broché,https://m.media-amazon.com/images/I/917rtdfppCS._AC_UY218_.jpg,2025-09-04T18:39:46.638687,Description non disponible depuis la recherche,Stock non disponible,ISBN non disponible,Éditeur non disponible,Date non disponible,Nombre de pages non disponible,Rang de vente non disponible,Manga,60.0,,
The Legend of Zelda - A link to the past - Classic version,https://www.amazon.fr/legend-Zelda-link-past/dp/230204827X/ref=sr_1_956,"19,99 €",Shotaro Ishinomori,"4,6 sur 5 étoiles, détails de l’évaluation",84,Relié,https://m.media-amazon.com/images/I/81qr1Kp82hL._AC_UY218_.jpg,2025-09-04T18:39:46.640797,Description non disponible depuis la recherche,Stock non disponible,ISBN non disponible,Éditeur non disponible,Date non disponible,Nombre de pages non disponible,Rang de vente non disponible,Manga,60.0,,
Safe & Sound in the Arms of an Elite Knight (Manga) Volume 3 (English Edition),https://www.amazon.fr/Sound-Elite-Knight-Manga-English-ebook/dp/B0DTRWD344/ref=sr_1_958,"8,68 €","Édition en Anglais | de Fuyu Aoki, Yuyu Kouhara, et al. | 5 mars 2025","4,6 sur 5 étoiles, détails de l’évaluation",57,Format Kindle,https://m.media-amazon.com/images/I/81eLKjoU9nL._AC_UY218_.jpg,2025-09-04T18:39:46.646232,Description non disponible depuis la recherche,Stock non disponible,ISBN non disponible,Éditeur non disponible,Date non disponible,Nombre de pages non disponible,Rang de vente non disponible,Manga,60.0,,
Erased T05 (05),https://www.amazon.fr/Erased-Vol-5-SANBE-Kei/dp/2355928304/ref=sr_1_959,"7,95 €",Kei Sanbe,"4,8 sur 5 étoiles, détails de l’évaluation",97,Broché,https://m.media-amazon.com/images/I/61TL84AzrlL._AC_UY218_.jpg,2025-09-04T18:39:46.648373,Description non disponible depuis la recherche,Stock non disponible,ISBN non disponible,Éditeur non disponible,Date non disponible,Nombre de pages non disponible,Rang de vente non disponible,Manga,60.0,,
Hunter X Hunter - Tome 24,https://www.amazon.fr/Hunter-hunter-Vol-24-TOGASHI-Yoshihiro/dp/2505003564/ref=sr_1_960,"7,30 €",Yoshihiro Togashi,"4,8 sur 5 étoiles, détails de l’évaluation",140,Broché,https://m.media-amazon.com/images/I/817DFWZNS1L._AC_UY218_.jpg,2025-09-04T18:39:46.651125,Description non disponible depuis la recherche,Stock non disponible,ISBN non disponible,Éditeur non disponible,Date non disponible,Nombre de pages non disponible,Rang de vente non disponible,Manga,60.0,,
Demon Slayer T08,https://www.amazon.fr/Demon-Slayer-T08-Koyoharu-Gotouge/dp/2809487200/ref=sr_1_961,"7,29 €",Koyoharu Gotouge,"4,9 sur 5 étoiles, détails de l’évaluation",1 916,Broché,https://m.media-amazon.com/images/I/81rva7zBoTL._AC_UY218_.jpg,2025-09-04T18:39:46.653904,Description non disponible depuis la recherche,Stock non disponible,ISBN non disponible,Éditeur non disponible,Date non disponible,Nombre de pages non disponible,Rang de vente non disponible,Manga,60.0,,
Magi - The Labyrinth of Magic - tome 13 (13),https://www.amazon.fr/Magi-Labyrinth-OHTAKA-Shinobu-%C3%94TAKA/dp/2351428730/ref=sr_1_963,"7,30 €",Shinobu Ohtaka,"5,0 sur 5 étoiles, détails de l’évaluation",37,Poche,https://m.media-amazon.com/images/I/81Gu2BvEQoL._AC_UY218_.jpg,2025-09-04T18:39:46.659737,Description non disponible depuis la recherche,Stock non disponible,ISBN non disponible,Éditeur non disponible,Date non disponible,Nombre de pages non disponible,Rang de vente non disponible,Manga,60.0,,
Dragon Ball Z - 2e partie - Tome 03: Le Super Saïyen/Le commando Ginyu,https://www.amazon.fr/Dragon-ball-Cycle-TORIYAMA-Akira/dp/2723467988/ref=sr_1_964,"7,90 €",Akira Toriyama,"4,8 sur 5 étoiles, détails de l’évaluation",106,Broché,https://m.media-amazon.com/images/I/610tXwIm5eL._AC_UY218_.jpg,2025-09-04T18:39:46.661847,Description non disponible depuis la recherche,Stock non disponible,ISBN non disponible,Éditeur non disponible,Date non disponible,Nombre de pages non disponible,Rang de vente non disponible,Manga,60.0,,
Demon Slayer T11,https://www.amazon.fr/Demon-Slayer-T11-Koyoharu-Gotouge/dp/2809489750/ref=sr_1_965,"7,29 €",Koyoharu Gotouge,"4,9 sur 5 étoiles, détails de l’évaluation",1 456,Broché,https://m.media-amazon.com/images/I/81gdoUVivmL._AC_UY218_.jpg,2025-09-04T18:39:46.664613,Description non disponible depuis la recherche,Stock non disponible,ISBN non disponible,Éditeur non disponible,Date non disponible,Nombre de pages non disponible,Rang de vente non disponible,Manga,60.0,,
Who's next ? T05,https://www.amazon.fr/Whos-next-T05-Kiminori-Wakasugi/dp/2413079262/ref=sr_1_966,"8,50 €",Kiminori Wakasugi,Note non disponible,0 avis,Broché,https://m.media-amazon.com/images/I/81wSTkCajHL._AC_UY218_.jpg,2025-09-04T18:39:46.667822,Description non disponible depuis la recherche,Stock non disponible,ISBN non disponible,Éditeur non disponible,Date non disponible,Nombre de pages non disponible,Rang de vente non disponible,Manga,60.0,,
Nana T10,https://www.amazon.fr/Nana-Vol-10-YAZAWA-Ai/dp/2847893865/ref=sr_1_481,"7,29 €",de YAZAWA-A | 24 novembre 2004,"4,9 sur 5 étoiles, détails de l’évaluation",112,Broché,https://m.media-amazon.com/images/I/814nT4d1XoL._AC_UY218_.jpg,2025-09-04T18:36:58.872640,Description non disponible depuis la recherche,Stock non disponible,ISBN non disponible,Éditeur non disponible,Date non disponible,Nombre de pages non disponible,Rang de vente non disponible,Manga,31.0,,
Fairy Tail - 100 Years Quest T12,https://www.amazon.fr/Fairy-Tail-100-Years-Quest/dp/281167375X/ref=sr_1_482,"7,20 €",Atsuo Ueda,"4,9 sur 5 étoiles, détails de l’évaluation",196,Poche,https://m.media-amazon.com/images/I/81LBiB-JbjL._AC_UY218_.jpg,2025-09-04T18:36:58.875137,Description non disponible depuis la recherche,Stock non disponible,ISBN non disponible,Éditeur non disponible,Date non disponible,Nombre de pages non disponible,Rang de vente non disponible,Manga,31.0,,
Mashle T05,https://www.amazon.fr/Mashle-T05-Hajime-Komoto/dp/2820343007/ref=sr_1_487,"7,15 €",Hajime Komoto,"4,8 sur 5 étoiles, détails de l’évaluation",387,Broché,https://m.media-amazon.com/images/I/81EHkcqullL._AC_UY218_.jpg,2025-09-04T18:36:58.888170,Description non disponible depuis la recherche,Stock non disponible,ISBN non disponible,Éditeur non disponible,Date non disponible,Nombre de pages non disponible,Rang de vente non disponible,Manga,31.0,,
L'étranger du Zephyr - Tome 01 - Livre (Manga) - Yaoi - Hana Collection,https://www.amazon.fr/L%C3%A9tranger-Zephyr-Livre-Manga-Collection/dp/2368775129/ref=sr_1_488,"7,95 €",de Kii Kanna | 22 décembre 2016,"4,8 sur 5 étoiles, détails de l’évaluation",156,Poche,https://m.media-amazon.com/images/I/71hRvofOqEL._AC_UY218_.jpg,2025-09-04T18:36:58.891000,Description non disponible depuis la recherche,Stock non disponible,ISBN non disponible,Éditeur non disponible,Date non disponible,Nombre de pages non disponible,Rang de vente non disponible,Manga,31.0,,
Détective Conan - Tome 8,https://www.amazon.fr/D%C3%A9tective-Conan-8-Gosho-Aoyama/dp/2871291756/ref=sr_1_489,"7,30 €",Gosho Aoyama,"4,8 sur 5 étoiles, détails de l’évaluation",309,Poche,https://m.media-amazon.com/images/I/81xw+HUTP9L._AC_UY218_.jpg,2025-09-04T18:36:58.893692,Description non disponible depuis la recherche,Stock non disponible,ISBN non disponible,Éditeur non disponible,Date non disponible,Nombre de pages non disponible,Rang de vente non disponible,Manga,31.0,,
My Hero Academia T25 (25),https://www.amazon.fr/My-Hero-Academia-T25-25/dp/B0875Z5W6F/ref=sr_1_490,"6,95 €",Kohei Horikoshi,"4,9 sur 5 étoiles, détails de l’évaluation",1 032,Poche,https://m.media-amazon.com/images/I/71gDAopD8IS._AC_UY218_.jpg,2025-09-04T18:36:58.896269,Description non disponible depuis la recherche,Stock non disponible,ISBN non disponible,Éditeur non disponible,Date non disponible,Nombre de pages non disponible,Rang de vente non disponible,Manga,31.0,,
"Engineer, A la conquête du rail Tome 1",https://www.amazon.fr/Engineer-conqu%C3%AAte-du-rail-1/dp/2380463700/ref=sr_1_491,"8,90 €",de IKEDA KUNIHIKO | 7 mai 2025,Note non disponible,0 avis,Poche,https://m.media-amazon.com/images/I/51ZpUGWADKL._AC_UY218_.jpg,2025-09-04T18:36:58.899082,Description non disponible depuis la recherche,Stock non disponible,ISBN non disponible,Éditeur non disponible,Date non disponible,Nombre de pages non disponible,Rang de vente non disponible,Manga,31.0,,
L'Attaque des Titans T16,https://www.amazon.fr/Attaque-Titans-Vol-16-ISAYAMA-Hajime/dp/2811620958/ref=sr_1_492,"7,20 €",Hajime Isayama,"4,9 sur 5 étoiles, détails de l’évaluation",497,Poche,https://m.media-amazon.com/images/I/81E2U1OW+-L._AC_UY218_.jpg,2025-09-04T18:36:58.901540,Description non disponible depuis la recherche,Stock non disponible,ISBN non disponible,Éditeur non disponible,Date non disponible,Nombre de pages non disponible,Rang de vente non disponible,Manga,31.0,,
Kilari - Tome 08,https://www.amazon.fr/Kilari-Vol-8-NAKAHARA/dp/2723476529/ref=sr_1_493,"7,20 €",An Nakahara,"4,6 sur 5 étoiles, détails de l’évaluation",77,Broché,https://m.media-amazon.com/images/I/91SxKXft8QL._AC_UY218_.jpg,2025-09-04T18:36:58.904405,Description non disponible depuis la recherche,Stock non disponible,ISBN non disponible,Éditeur non disponible,Date non disponible,Nombre de pages non disponible,Rang de vente non disponible,Manga,31.0,,
Pluto - Tome 4,https://www.amazon.fr/Pluto-4-Naoki-Urasawa/dp/2505009120/ref=sr_1_494,"8,10 €",Naoki Urasawa,"4,8 sur 5 étoiles, détails de l’évaluation",78,Broché,https://m.media-amazon.com/images/I/71TtTF9LKzL._AC_UY218_.jpg,2025-09-04T18:36:58.907578,Description non disponible depuis la recherche,Stock non disponible,ISBN non disponible,Éditeur non disponible,Date non disponible,Nombre de pages non disponible,Rang de vente non disponible,Manga,31.0,,
It's Too Early for My Royal Honeymoon! (Romance Manga) (English Edition),https://www.amazon.fr/Early-Royal-Honeymoon-Romance-English-ebook/dp/B0DJ3WL7ZL/ref=sr_1_495,"5,05 €",Édition en Anglais | de RIEKO HAMADA et KOU UNAZUKI | 30 juillet 2025,"5,0 sur 5 étoiles, détails de l’évaluation",4,Format Kindle,https://m.media-amazon.com/images/I/8186Z2t5U4L._AC_UY218_.jpg,2025-09-04T18:36:58.909842,Description non disponible depuis la recherche,Stock non disponible,ISBN non disponible,Éditeur non disponible,Date non disponible,Nombre de pages non disponible,Rang de vente non disponible,Manga,31.0,,
Servant beasts - Tome 1,https://www.amazon.fr/Servant-beasts-1-Suzuka-Morino/dp/280870030X/ref=sr_1_496,"12,50 €",de Suzuka Morino | 5 septembre 2025,Note non disponible,0 avis,Broché,https://m.media-amazon.com/images/I/91nX71yUTjL._AC_UY218_.jpg,2025-09-04T18:36:58.912456,Description non disponible depuis la recherche,Stock non disponible,ISBN non disponible,Éditeur non disponible,Date non disponible,Nombre de pages non disponible,Rang de vente non disponible,Manga,31.0,,
Servant beasts - Tome 1,https://www.amazon.fr/Servant-beasts-1-Suzuka-Morino/dp/280870030X/ref=sr_1_497,"12,50 €",de Suzuka Morino | 5 septembre 2025,Note non disponible,0 avis,Broché,https://m.media-amazon.com/images/I/91nX71yUTjL._AC_UY218_.jpg,2025-09-04T18:37:09.179898,Description non disponible depuis la recherche,Stock non disponible,ISBN non disponible,Éditeur non disponible,Date non disponible,Nombre de pages non disponible,Rang de vente non disponible,Manga,32.0,,
La Rose de Versailles (Lady Oscar) - Tome 4,https://www.amazon.fr/Rose-Versailles-Lady-Oscar-4/dp/2505070490/ref=sr_1_498,"19,00 €",Riyoko Ikeda,"4,8 sur 5 étoiles, détails de l’évaluation",94,Broché,https://m.media-amazon.com/images/I/910SgEk2IbL._AC_UY218_.jpg,2025-09-04T18:37:09.182003,Description non disponible depuis la recherche,Stock non disponible,ISBN non disponible,Éditeur non disponible,Date non disponible,Nombre de pages non disponible,Rang de vente non disponible,Manga,32.0,,
Nana. Reloaded edition (Vol. 6),https://www.amazon.fr/Nana-Reloaded-Vol-Ai-Yazawa/dp/882875429X/ref=sr_1_499,"7,00 €",Ai Yazawa,"4,9 sur 5 étoiles, détails de l’évaluation",32,Broché,https://m.media-amazon.com/images/I/71nsG89fAAL._AC_UY218_.jpg,2025-09-04T18:37:09.184108,Description non disponible depuis la recherche,Stock non disponible,ISBN non disponible,Éditeur non disponible,Date non disponible,Nombre de pages non disponible,Rang de vente non disponible,Manga,32.0,,
Ranma 1/2 - Édition originale - Tome 19,https://www.amazon.fr/Ranma-%C3%89dition-originale-Rumiko-Takahashi/dp/2344041311/ref=sr_1_500,"10,95 €",Rumiko Takahashi,"4,9 sur 5 étoiles, détails de l’évaluation",110,Broché,https://m.media-amazon.com/images/I/71yDabZ62xL._AC_UY218_.jpg,2025-09-04T18:37:09.186624,Description non disponible depuis la recherche,Stock non disponible,ISBN non disponible,Éditeur non disponible,Date non disponible,Nombre de pages non disponible,Rang de vente non disponible,Manga,32.0,,
"Vagabond, tome 6",https://www.amazon.fr/Vagabond-6-Takehiko-Inou%C3%A9/dp/2845801564/ref=sr_1_501,"9,99 €",Takehiko Inoué,"4,9 sur 5 étoiles, détails de l’évaluation",139,Broché,https://m.media-amazon.com/images/I/81HKcuHxE2L._AC_UY218_.jpg,2025-09-04T18:37:09.188587,Description non disponible depuis la recherche,Stock non disponible,ISBN non disponible,Éditeur non disponible,Date non disponible,Nombre de pages non disponible,Rang de vente non disponible,Manga,32.0,,
Sexy Cosplay Doll - Tome 6,https://www.amazon.fr/Sexy-Cosplay-Doll-Shinichi-Fukuda/dp/2505088926/ref=sr_1_502,"8,10 €",Shinichi Fukuda,"4,9 sur 5 étoiles, détails de l’évaluation",203,Broché,https://m.media-amazon.com/images/I/81Vf0I4PSGL._AC_UY218_.jpg,2025-09-04T18:37:09.190646,Description non disponible depuis la recherche,Stock non disponible,ISBN non disponible,Éditeur non disponible,Date non disponible,Nombre de pages non disponible,Rang de vente non disponible,Manga,32.0,,
Naruto - édition Hokage - Tome 34,https://www.amazon.fr/Naruto-%C3%A9dition-Hokage-Masashi-Kishimoto/dp/2505117004/ref=sr_1_503,"15,95 €",Masashi Kishimoto,"3,8 sur 5 étoiles, détails de l’évaluation",6,Broché,https://m.media-amazon.com/images/I/81nB-KQgdLL._AC_UY218_.jpg,2025-09-04T18:37:09.192567,Description non disponible depuis la recherche,Stock non disponible,ISBN non disponible,Éditeur non disponible,Date non disponible,Nombre de pages non disponible,Rang de vente non disponible,Manga,32.0,,
Demon Slayer : Carnet des pourfendeurs - Fanbook officiel,https://www.amazon.fr/Demon-Slayer-pourfendeurs-Fanbook-officiel/dp/B09NVK9TT2/ref=sr_1_504,"8,29 €",Koyoharu Gotouge,"4,8 sur 5 étoiles, détails de l’évaluation",139,Broché,https://m.media-amazon.com/images/I/81o5KJc5reL._AC_UY218_.jpg,2025-09-04T18:37:09.194591,Description non disponible depuis la recherche,Stock non disponible,ISBN non disponible,Éditeur non disponible,Date non disponible,Nombre de pages non disponible,Rang de vente non disponible,Manga,32.0,,
Un comptable à la cour - Tome 2,https://www.amazon.fr/comptable-%C3%A0-cour-2/dp/2382126566/ref=sr_1_505,"8,05 €","de Wakatsu Yatsuki, Kazuki Irodori, et al. | 7 novembre 2024","4,7 sur 5 étoiles, détails de l’évaluation",47,Broché,https://m.media-amazon.com/images/I/71JxyEnm9RL._AC_UY218_.jpg,2025-09-04T18:37:09.197883,Description non disponible depuis la recherche,Stock non disponible,ISBN non disponible,Éditeur non disponible,Date non disponible,Nombre de pages non disponible,Rang de vente non disponible,Manga,32.0,,
"Plum, un amour de chat T21",https://www.amazon.fr/Plum-amour-chat-Natsumi-Hoshino/dp/2302099052/ref=sr_1_506,"8,50 €",de Natsumi Hoshino | 4 décembre 2024,"5,0 sur 5 étoiles, détails de l’évaluation",2,Broché,https://m.media-amazon.com/images/I/81OK3OVsWLL._AC_UY218_.jpg,2025-09-04T18:37:09.200441,Description non disponible depuis la recherche,Stock non disponible,ISBN non disponible,Éditeur non disponible,Date non disponible,Nombre de pages non disponible,Rang de vente non disponible,Manga,32.0,,
Chainsaw Man - Chapitre 1,https://www.amazon.fr/Chainsaw-Man-Chapitre-Tatsuki-Fujimoto-ebook/dp/B08V6Y27WM/ref=sr_1_507,"0,00 €",de Tatsuki Fujimoto | 26 février 2020,"4,7 sur 5 étoiles, détails de l’évaluation",1 408,Format Kindle,https://m.media-amazon.com/images/I/81tadC4LSVL._AC_UY218_.jpg,2025-09-04T18:37:09.204179,Description non disponible depuis la recherche,Stock non disponible,ISBN non disponible,Éditeur non disponible,Date non disponible,Nombre de pages non disponible,Rang de vente non disponible,Manga,32.0,,
Détective Conan - Tome 7,https://www.amazon.fr/D%C3%A9tective-Conan-7-Gosho-Aoyama/dp/2871291632/ref=sr_1_508,"7,30 €",Gosho Aoyama,"4,8 sur 5 étoiles, détails de l’évaluation",328,Poche,https://m.media-amazon.com/images/I/71cdQO8LP4L._AC_UY218_.jpg,2025-09-04T18:37:09.206833,Description non disponible depuis la recherche,Stock non disponible,ISBN non disponible,Éditeur non disponible,Date non disponible,Nombre de pages non disponible,Rang de vente non disponible,Manga,32.0,,
Vinland Saga - tome 13 (13),https://www.amazon.fr/Vinland-Saga-Vol-13-YUKIMURA-Makoto/dp/2368520791/ref=sr_1_509,"7,95 €",Makoto Yukimura,"4,8 sur 5 étoiles, détails de l’évaluation",135,Broché,https://m.media-amazon.com/images/I/81HaSw8zRGL._AC_UY218_.jpg,2025-09-04T18:37:09.209642,Description non disponible depuis la recherche,Stock non disponible,ISBN non disponible,Éditeur non disponible,Date non disponible,Nombre de pages non disponible,Rang de vente non disponible,Manga,32.0,,
The Cave King - vol. 06,https://www.amazon.fr/Cave-King-vol-06/dp/B0D72Q8TGJ/ref=sr_1_510,"7,50 €",de Hajime NAEHARA et DEMISE Takao | 2 octobre 2024,"4,8 sur 5 étoiles, détails de l’évaluation",30,Poche,https://m.media-amazon.com/images/I/81PtFHZeqeL._AC_UY218_.jpg,2025-09-04T18:37:09.212146,Description non disponible depuis la recherche,Stock non disponible,ISBN non disponible,Éditeur non disponible,Date non disponible,Nombre de pages non disponible,Rang de vente non disponible,Manga,32.0,,
Moriarty The Remains - Tome 3,https://www.amazon.fr/Moriarty-Remains-3-Hikaru-Miyoshi/dp/2505133239/ref=sr_1_511,"7,30 €",de Hikaru Miyoshi | 29 août 2025,Note non disponible,0 avis,Broché,https://m.media-amazon.com/images/I/81hwaWmfmgL._AC_UY218_.jpg,2025-09-04T18:37:09.215568,Description non disponible depuis la recherche,Stock non disponible,ISBN non disponible,Éditeur non disponible,Date non disponible,Nombre de pages non disponible,Rang de vente non disponible,Manga,32.0,,
Naruto - Tome 38,https://www.amazon.fr/Naruto-Vol-38-KISHIMOTO-Masashi/dp/2505004323/ref=sr_1_512,"7,30 €",Masashi Kishimoto,"4,8 sur 5 étoiles, détails de l’évaluation",408,Broché,https://m.media-amazon.com/images/I/912o4OHt5gL._AC_UY218_.jpg,2025-09-04T18:37:09.218202,Description non disponible depuis la recherche,Stock non disponible,ISBN non disponible,Éditeur non disponible,Date non disponible,Nombre de pages non disponible,Rang de vente non disponible,Manga,32.0,,
Shangri-la Frontier - Tome 12,https://www.amazon.fr/Shangri-Frontier-12-Katarina/dp/2344061312/ref=sr_1_514,"7,20 €",Katarina,"4,7 sur 5 étoiles, détails de l’évaluation",44,Broché,https://m.media-amazon.com/images/I/81lvpGGqTiL._AC_UY218_.jpg,2025-09-04T18:37:18.547364,Description non disponible depuis la recherche,Stock non disponible,ISBN non disponible,Éditeur non disponible,Date non disponible,Nombre de pages non disponible,Rang de vente non disponible,Manga,33.0,,
One Piece - Édition originale - Tome 03: Une vérité qui blesse,https://www.amazon.fr/One-piece-originale-ODA-Eiichir%C3%B4/dp/2723489906/ref=sr_1_515,"7,20 €",Eiichiro Oda,"4,8 sur 5 étoiles, détails de l’évaluation",3 440,Broché,https://m.media-amazon.com/images/I/91sKhhBDJ0L._AC_UY218_.jpg,2025-09-04T18:37:18.550414,Description non disponible depuis la recherche,Stock non disponible,ISBN non disponible,Éditeur non disponible,Date non disponible,Nombre de pages non disponible,Rang de vente non disponible,Manga,33.0,,
Wind Breaker T05,https://www.amazon.fr/Wind-Breaker-T05-Nii-Satoru/dp/2811680209/ref=sr_1_516,"7,20 €",Nii Satoru,"4,9 sur 5 étoiles, détails de l’évaluation",48,Poche,https://m.media-amazon.com/images/I/81Dt6gp0YDL._AC_UY218_.jpg,2025-09-04T18:37:18.552909,Description non disponible depuis la recherche,Stock non disponible,ISBN non disponible,Éditeur non disponible,Date non disponible,Nombre de pages non disponible,Rang de vente non disponible,Manga,33.0,,
Assassination classroom - Tome 1,https://www.amazon.fr/Assassination-classroom-Vol-1-MATSUI-Y%C3%BBsei/dp/2505019444/ref=sr_1_517,"3,00 €",Yusei Matsui,"4,7 sur 5 étoiles, détails de l’évaluation",1 513,Broché,https://m.media-amazon.com/images/I/61hHZvt7ytL._AC_UY218_.jpg,2025-09-04T18:37:18.555394,Description non disponible depuis la recherche,Stock non disponible,ISBN non disponible,Éditeur non disponible,Date non disponible,Nombre de pages non disponible,Rang de vente non disponible,Manga,33.0,,
Coffret collector - Shigahime,https://www.amazon.fr/Coffret-collector-Shigahime-Sato-Hirohisa/dp/2382818522/ref=sr_1_518,"39,90 €",Sato Hirohisa,"4,3 sur 5 étoiles, détails de l’évaluation",15,Poche,https://m.media-amazon.com/images/I/71ZRdcyhdsL._AC_UY218_.jpg,2025-09-04T18:37:18.557566,Description non disponible depuis la recherche,Stock non disponible,ISBN non disponible,Éditeur non disponible,Date non disponible,Nombre de pages non disponible,Rang de vente non disponible,Manga,33.0,,
Chainsaw Man T06,https://www.amazon.fr/Chainsaw-Man-T06-FUJIMOTO-T/dp/2820340547/ref=sr_1_519,"7,29 €",de FUJIMOTO-T | 13 janvier 2021,"4,9 sur 5 étoiles, détails de l’évaluation",607,Broché,https://m.media-amazon.com/images/I/81djrgn4YBL._AC_UY218_.jpg,2025-09-04T18:37:18.560928,Description non disponible depuis la recherche,Stock non disponible,ISBN non disponible,Éditeur non disponible,Date non disponible,Nombre de pages non disponible,Rang de vente non disponible,Manga,33.0,,
Horimiya T05,https://www.amazon.fr/Horimiya-T05-HERO/dp/237349678X/ref=sr_1_520,"7,20 €",HERO,"4,9 sur 5 étoiles, détails de l’évaluation",94,Poche,https://m.media-amazon.com/images/I/71xsL-WDJ1L._AC_UY218_.jpg,2025-09-04T18:37:18.563516,Description non disponible depuis la recherche,Stock non disponible,ISBN non disponible,Éditeur non disponible,Date non disponible,Nombre de pages non disponible,Rang de vente non disponible,Manga,33.0,,
Mobile Suit Gundam - The Origin - Tome 5,https://www.amazon.fr/Mobile-Suit-Gundam-Origin-5/dp/2379506469/ref=sr_1_521,"29,00 €",de Yasuhiko Yoshikazu | 22 août 2025,Note non disponible,0 avis,Relié,https://m.media-amazon.com/images/I/815-cKc7BfL._AC_UY218_.jpg,2025-09-04T18:37:18.566033,Description non disponible depuis la recherche,Stock non disponible,ISBN non disponible,Éditeur non disponible,Date non disponible,Nombre de pages non disponible,Rang de vente non disponible,Manga,33.0,,
"Manga shonen: Exercices, tutos et artbook pour apprendre à dessiner",https://www.amazon.fr/Manga-shonen-Exercices-apprendre-dessiner/dp/2711426971/ref=sr_1_522,"19,90 €",de Marcel Kühn | 2 novembre 2023,"4,0 sur 5 étoiles, détails de l’évaluation",1,Broché,https://m.media-amazon.com/images/I/7167539SyJL._AC_UY218_.jpg,2025-09-04T18:37:18.568679,Description non disponible depuis la recherche,Stock non disponible,ISBN non disponible,Éditeur non disponible,Date non disponible,Nombre de pages non disponible,Rang de vente non disponible,Manga,33.0,,
Miyamoto Musashi,https://www.amazon.fr/Miyamoto-Musashi-Shotaro-Ishinomori/dp/2505127778/ref=sr_1_523,"19,90 €",Shotaro Ishinomori,"4,1 sur 5 étoiles, détails de l’évaluation",2,Broché,https://m.media-amazon.com/images/I/81-IZqsyThL._AC_UY218_.jpg,2025-09-04T18:37:18.570586,Description non disponible depuis la recherche,Stock non disponible,ISBN non disponible,Éditeur non disponible,Date non disponible,Nombre de pages non disponible,Rang de vente non disponible,Manga,33.0,,
ONE-PUNCH MAN - tome 18 (18),https://www.amazon.fr/ONE-PUNCH-MAN-18-ONE/dp/2368528733/ref=sr_1_524,"7,30 €",One,"4,8 sur 5 étoiles, détails de l’évaluation",575,Tankobon broché,https://m.media-amazon.com/images/I/71Z2+pFLopL._AC_UY218_.jpg,2025-09-04T18:37:18.573531,Description non disponible depuis la recherche,Stock non disponible,ISBN non disponible,Éditeur non disponible,Date non disponible,Nombre de pages non disponible,Rang de vente non disponible,Manga,33.0,,
"Berserk of Gluttony T09 - Manga: Berserk of Gluttony Manga, T9",https://www.amazon.fr/Berserk-Gluttony-T09-Manga-T9-ebook/dp/B0DGGQVH66/ref=sr_1_525,"8,00 €",Ichika Isshiki,"4,8 sur 5 étoiles, détails de l’évaluation",65,Format Kindle,https://m.media-amazon.com/images/I/71JgTrOLBQL._AC_UY218_.jpg,2025-09-04T18:37:18.575789,Description non disponible depuis la recherche,Stock non disponible,ISBN non disponible,Éditeur non disponible,Date non disponible,Nombre de pages non disponible,Rang de vente non disponible,Manga,33.0,,
Pokémon Ecarlate et Violet - tome 3,https://www.amazon.fr/Pok%C3%A9mon-Ecarlate-Violet-Hidenori-Kusaka/dp/B0F595L8D7/ref=sr_1_526,"7,30 €","de Hidenori Kusaka, Satoshi Yamamoto, et al. | 18 septembre 2025",Note non disponible,0 avis,Poche,https://m.media-amazon.com/images/I/71wSbjLNKoL._AC_UY218_.jpg,2025-09-04T18:37:18.578533,Description non disponible depuis la recherche,Stock non disponible,ISBN non disponible,Éditeur non disponible,Date non disponible,Nombre de pages non disponible,Rang de vente non disponible,Manga,33.0,,
"Bastard !! - Tome 26: Le livre des lois immorales, chapitre final",https://www.amazon.fr/Bastard-Vol-26-HAGIWARA-Kazushi/dp/2723478750/ref=sr_1_527,"7,20 €",Kazushi Hagiwara,"4,6 sur 5 étoiles, détails de l’évaluation",42,Broché,https://m.media-amazon.com/images/I/61ONHZzoGlL._AC_UY218_.jpg,2025-09-04T18:37:18.581296,Description non disponible depuis la recherche,Stock non disponible,ISBN non disponible,Éditeur non disponible,Date non disponible,Nombre de pages non disponible,Rang de vente non disponible,Manga,33.0,,
Tokyo Ghoul - Tome 09,https://www.amazon.fr/Tokyo-ghoul-Vol-9-ISHIDA-Sui/dp/2344004955/ref=sr_1_528,"7,20 €",Sui Ishida,"4,8 sur 5 étoiles, détails de l’évaluation",394,Broché,https://m.media-amazon.com/images/I/81KEoLANzPL._AC_UY218_.jpg,2025-09-04T18:37:18.584034,Description non disponible depuis la recherche,Stock non disponible,ISBN non disponible,Éditeur non disponible,Date non disponible,Nombre de pages non disponible,Rang de vente non disponible,Manga,33.0,,
"Martial Universe T10: Martial Universe, T10",https://www.amazon.fr/Martial-Universe-T10-ebook/dp/B0DLQN6NZQ/ref=sr_1_529,Prix non disponible,Tian Can Tu Dou,"4,8 sur 5 étoiles, détails de l’évaluation",33,Format Kindle,https://m.media-amazon.com/images/I/81LtlHc1k-L._AC_UY218_.jpg,2025-09-04T18:37:27.694470,Description non disponible depuis la recherche,Stock non disponible,ISBN non disponible,Éditeur non disponible,Date non disponible,Nombre de pages non disponible,Rang de vente non disponible,Manga,34.0,,
Demon Slayer T06,https://www.amazon.fr/Demon-Slayer-T06-Koyoharu-Gotouge/dp/280947818X/ref=sr_1_530,"7,29 €",Koyoharu Gotouge,"4,8 sur 5 étoiles, détails de l’évaluation",1 952,Broché,https://m.media-amazon.com/images/I/81clxtCHpgS._AC_UY218_.jpg,2025-09-04T18:37:27.697357,Description non disponible depuis la recherche,Stock non disponible,ISBN non disponible,Éditeur non disponible,Date non disponible,Nombre de pages non disponible,Rang de vente non disponible,Manga,34.0,,
Boruto - Naruto next generations - Tome 18,https://www.amazon.fr/Boruto-Naruto-next-generations-18/dp/2505117438/ref=sr_1_531,"7,30 €",de Masashi Kishimoto et Mikio Ikemoto | 24 novembre 2023,"4,9 sur 5 étoiles, détails de l’évaluation",93,Broché,https://m.media-amazon.com/images/I/81-9Ers0qrL._AC_UY218_.jpg,2025-09-04T18:37:27.700712,Description non disponible depuis la recherche,Stock non disponible,ISBN non disponible,Éditeur non disponible,Date non disponible,Nombre de pages non disponible,Rang de vente non disponible,Manga,34.0,,
One Piece - Coffret Alabasta (Tomes 13 à 23),https://www.amazon.fr/One-Piece-Coffret-Alabasta-Tomes/dp/2344052003/ref=sr_1_532,"79,20 €",Eiichiro Oda,"4,8 sur 5 étoiles, détails de l’évaluation",259,Broché,https://m.media-amazon.com/images/I/61JDx5fZ6-L._AC_UY218_.jpg,2025-09-04T18:37:27.702732,Description non disponible depuis la recherche,Stock non disponible,ISBN non disponible,Éditeur non disponible,Date non disponible,Nombre de pages non disponible,Rang de vente non disponible,Manga,34.0,,
Mission: Yozakura family - Tome 10,https://www.amazon.fr/Mission-Yozakura-family-Hitsuji-Gondaira/dp/250511546X/ref=sr_1_533,"7,30 €",Hitsuji Gondaira,"5,0 sur 5 étoiles, détails de l’évaluation",51,Broché,https://m.media-amazon.com/images/I/91rPAKD12FL._AC_UY218_.jpg,2025-09-04T18:37:27.705464,Description non disponible depuis la recherche,Stock non disponible,ISBN non disponible,Éditeur non disponible,Date non disponible,Nombre de pages non disponible,Rang de vente non disponible,Manga,34.0,,
Sakamoto Days - Tome 12,https://www.amazon.fr/Sakamoto-Days-12-Yuto-Suzuki/dp/2344057633/ref=sr_1_534,"7,20 €",Yuto Suzuki,"4,9 sur 5 étoiles, détails de l’évaluation",39,Poche,https://m.media-amazon.com/images/I/815V8mpKHJL._AC_UY218_.jpg,2025-09-04T18:37:27.707990,Description non disponible depuis la recherche,Stock non disponible,ISBN non disponible,Éditeur non disponible,Date non disponible,Nombre de pages non disponible,Rang de vente non disponible,Manga,34.0,,
Cat's Eye Perfect Edition T07,https://www.amazon.fr/Cats-Eye-Perfect-Tsukasa-Hojo/dp/B0CYZP5Z73/ref=sr_1_535,"16,99 €",Tsukasa Hojo,"4,6 sur 5 étoiles, détails de l’évaluation",8,Broché,https://m.media-amazon.com/images/I/61BoF4bASzL._AC_UY218_.jpg,2025-09-04T18:37:27.710048,Description non disponible depuis la recherche,Stock non disponible,ISBN non disponible,Éditeur non disponible,Date non disponible,Nombre de pages non disponible,Rang de vente non disponible,Manga,34.0,,
BLOOM T04,https://www.amazon.fr/BLOOM-T04-Saka-Mikami/dp/2384963902/ref=sr_1_536,"7,20 €",Saka Mikami,"4,6 sur 5 étoiles, détails de l’évaluation",9,Poche,https://m.media-amazon.com/images/I/81qx0GcpjOL._AC_UY218_.jpg,2025-09-04T18:37:27.712585,Description non disponible depuis la recherche,Stock non disponible,ISBN non disponible,Éditeur non disponible,Date non disponible,Nombre de pages non disponible,Rang de vente non disponible,Manga,34.0,,
Chi - Une vie de chat en France,https://www.amazon.fr/Chi-Une-vie-chat-France/dp/234404468X/ref=sr_1_537,"9,50 €",de Konami Kanata | 5 mars 2025,"4,9 sur 5 étoiles, détails de l’évaluation",19,Relié,https://m.media-amazon.com/images/I/71Tmtmn0KQL._AC_UY218_.jpg,2025-09-04T18:37:27.716220,Description non disponible depuis la recherche,Stock non disponible,ISBN non disponible,Éditeur non disponible,Date non disponible,Nombre de pages non disponible,Rang de vente non disponible,Manga,34.0,,
Parasite - Édition originale - Coffret intégrale,https://www.amazon.fr/Parasite-%C3%89dition-originale-Coffret-int%C3%A9grale/dp/2344057854/ref=sr_1_538,"89,00 €",Hitoshi Iwaaki,"4,5 sur 5 étoiles, détails de l’évaluation",45,Broché,https://m.media-amazon.com/images/I/61wqsEm1iCL._AC_UY218_.jpg,2025-09-04T18:37:27.718456,Description non disponible depuis la recherche,Stock non disponible,ISBN non disponible,Éditeur non disponible,Date non disponible,Nombre de pages non disponible,Rang de vente non disponible,Manga,34.0,,
Vigilante - My Hero Academia Illegals T09 (9),https://www.amazon.fr/Vigilante-Hero-Academia-Illegals-T09/dp/B08C92BDG5/ref=sr_1_539,"6,95 €","de Hideyuki Furuhashi, Kohei Horikoshi, et al. | 5 novembre 2020","4,8 sur 5 étoiles, détails de l’évaluation",165,Poche,https://m.media-amazon.com/images/I/71Jj7o0xuKL._AC_UY218_.jpg,2025-09-04T18:37:27.721975,Description non disponible depuis la recherche,Stock non disponible,ISBN non disponible,Éditeur non disponible,Date non disponible,Nombre de pages non disponible,Rang de vente non disponible,Manga,34.0,,
Dragon Ball Le super art book,https://www.amazon.fr/Dragon-Ball-super-art-book/dp/2344069151/ref=sr_1_540,"39,90 €",Akira Toriyama,Note non disponible,0 avis,Broché,https://m.media-amazon.com/images/I/81GdqpFncfL._AC_UY218_.jpg,2025-09-04T18:37:27.724287,Description non disponible depuis la recherche,Stock non disponible,ISBN non disponible,Éditeur non disponible,Date non disponible,Nombre de pages non disponible,Rang de vente non disponible,Manga,34.0,,
Barreras del corazón 6,https://www.amazon.fr/Barreras-del-coraz%C3%B3n-6-Mika/dp/841941235X/ref=sr_1_541,"9,95 €",Mika,"5,0 sur 5 étoiles, détails de l’évaluation",7,Broché,https://m.media-amazon.com/images/I/813HEfcsCCL._AC_UY218_.jpg,2025-09-04T18:37:27.727398,Description non disponible depuis la recherche,Stock non disponible,ISBN non disponible,Éditeur non disponible,Date non disponible,Nombre de pages non disponible,Rang de vente non disponible,Manga,34.0,,
Call of the night - Tome 3 (3),https://www.amazon.fr/Call-night-3-Kotoyama/dp/2380713286/ref=sr_1_542,"7,30 €",de Kotoyama et Xavière Daumarie | 8 décembre 2022,"4,9 sur 5 étoiles, détails de l’évaluation",40,Poche,https://m.media-amazon.com/images/I/719SeN7-pxL._AC_UY218_.jpg,2025-09-04T18:37:27.730880,Description non disponible depuis la recherche,Stock non disponible,ISBN non disponible,Éditeur non disponible,Date non disponible,Nombre de pages non disponible,Rang de vente non disponible,Manga,34.0,,
Le Déserteur,https://www.amazon.fr/D%C3%A9serteur-Junji-Ito/dp/2382818662/ref=sr_1_543,"24,95 €",Junji Ito,"4,8 sur 5 étoiles, détails de l’évaluation",18,Relié,https://m.media-amazon.com/images/I/911qhbxekXL._AC_UY218_.jpg,2025-09-04T18:37:27.733809,Description non disponible depuis la recherche,Stock non disponible,ISBN non disponible,Éditeur non disponible,Date non disponible,Nombre de pages non disponible,Rang de vente non disponible,Manga,34.0,,
Saint Seiya Dark Wing - Tome 7,https://www.amazon.fr/Saint-Seiya-Dark-Wing-7/dp/B0FC1FQT8Z/ref=sr_1_544,"7,95 €","de Masami Kurumada, Kenji Saito, et al. | 13 novembre 2025",Note non disponible,0 avis,Poche,https://m.media-amazon.com/images/I/71kZKDAOMIL._AC_UY218_.jpg,2025-09-04T18:37:27.736624,Description non disponible depuis la recherche,Stock non disponible,ISBN non disponible,Éditeur non disponible,Date non disponible,Nombre de pages non disponible,Rang de vente non disponible,Manga,34.0,,
Le Déserteur,https://www.amazon.fr/D%C3%A9serteur-Junji-Ito/dp/2382818662/ref=sr_1_545,"24,95 €",Junji Ito,"4,8 sur 5 étoiles, détails de l’évaluation",18,Relié,https://m.media-amazon.com/images/I/911qhbxekXL._AC_UY218_.jpg,2025-09-04T18:37:38.383926,Description non disponible depuis la recherche,Stock non disponible,ISBN non disponible,Éditeur non disponible,Date non disponible,Nombre de pages non disponible,Rang de vente non disponible,Manga,35.0,,
Saint Seiya Dark Wing - Tome 7,https://www.amazon.fr/Saint-Seiya-Dark-Wing-7/dp/B0FC1FQT8Z/ref=sr_1_546,"7,95 €","de Masami Kurumada, Kenji Saito, et al. | 13 novembre 2025",Note non disponible,0 avis,Poche,https://m.media-amazon.com/images/I/71kZKDAOMIL._AC_UY218_.jpg,2025-09-04T18:37:38.386569,Description non disponible depuis la recherche,Stock non disponible,ISBN non disponible,Éditeur non disponible,Date non disponible,Nombre de pages non disponible,Rang de vente non disponible,Manga,35.0,,
HAIKYU!! - ÉDITION SMASH T02,https://www.amazon.fr/HAIKYU-%C3%89DITION-SMASH-Haruichi-Furudate/dp/2820350240/ref=sr_1_547,"12,49 €",Haruichi Furudate,"4,9 sur 5 étoiles, détails de l’évaluation",25,Poche,https://m.media-amazon.com/images/I/81PJReJibsL._AC_UY218_.jpg,2025-09-04T18:37:38.388592,Description non disponible depuis la recherche,Stock non disponible,ISBN non disponible,Éditeur non disponible,Date non disponible,Nombre de pages non disponible,Rang de vente non disponible,Manga,35.0,,
Capitaine Albator - Mémoires de l'Arcadia - Tome 2,https://www.amazon.fr/Capitaine-Albator-M%C3%A9moires-lArcadia-2/dp/2505070520/ref=sr_1_548,"12,45 €",de Alquie Jérôme | 15 novembre 2019,"4,8 sur 5 étoiles, détails de l’évaluation",525,Relié,https://m.media-amazon.com/images/I/81ncKzoJOML._AC_UY218_.jpg,2025-09-04T18:37:38.392087,Description non disponible depuis la recherche,Stock non disponible,ISBN non disponible,Éditeur non disponible,Date non disponible,Nombre de pages non disponible,Rang de vente non disponible,Manga,35.0,,
Super Mario Manga Adventures T15,https://www.amazon.fr/Super-Mario-Manga-Adventures-T15/dp/2302065581/ref=sr_1_549,"7,29 €",Yukio Sawada,"4,8 sur 5 étoiles, détails de l’évaluation",108,Broché,https://m.media-amazon.com/images/I/81WFIRyK91L._AC_UY218_.jpg,2025-09-04T18:37:38.394494,Description non disponible depuis la recherche,Stock non disponible,ISBN non disponible,Éditeur non disponible,Date non disponible,Nombre de pages non disponible,Rang de vente non disponible,Manga,35.0,,
Coffret intégrale Timebomb Teacher,https://www.amazon.fr/Coffret-int%C3%A9grale-Timebomb-Teacher-Takakuchi/dp/B0CBB2FHZG/ref=sr_1_550,"29,16 €",Yanagi Takakuchi,"4,8 sur 5 étoiles, détails de l’évaluation",7,Broché,https://m.media-amazon.com/images/I/71wA-uMN7OL._AC_UY218_.jpg,2025-09-04T18:37:38.396578,Description non disponible depuis la recherche,Stock non disponible,ISBN non disponible,Éditeur non disponible,Date non disponible,Nombre de pages non disponible,Rang de vente non disponible,Manga,35.0,,
L'École emportée - Édition originale - Tome 04,https://www.amazon.fr/L%C3%89cole-emport%C3%A9e-%C3%89dition-originale-04/dp/2344049118/ref=sr_1_551,"10,95 €",Kazuo Umezu (Umezz),"4,8 sur 5 étoiles, détails de l’évaluation",43,Broché,https://m.media-amazon.com/images/I/81AVzDu9H4L._AC_UY218_.jpg,2025-09-04T18:37:38.399437,Description non disponible depuis la recherche,Stock non disponible,ISBN non disponible,Éditeur non disponible,Date non disponible,Nombre de pages non disponible,Rang de vente non disponible,Manga,35.0,,
Honey come honey T01,https://www.amazon.fr/Honey-come-honey-Yuki-Shiraishi-ebook/dp/B084KLNT9Y/ref=sr_1_552,"4,99 €",Yuki Shiraishi,"4,7 sur 5 étoiles, détails de l’évaluation",274,Format Kindle,https://m.media-amazon.com/images/I/81KjpyOWb6L._AC_UY218_.jpg,2025-09-04T18:37:38.402295,Description non disponible depuis la recherche,Stock non disponible,ISBN non disponible,Éditeur non disponible,Date non disponible,Nombre de pages non disponible,Rang de vente non disponible,Manga,35.0,,
Blue Spring Ride - Tome 1,https://www.amazon.fr/Blue-Spring-Ride-SAKISAKA-Io/dp/2505017190/ref=sr_1_553,"3,00 €",Io Sakisaka,"4,8 sur 5 étoiles, détails de l’évaluation",410,Broché,https://m.media-amazon.com/images/I/81b7VwNnNdL._AC_UY218_.jpg,2025-09-04T18:37:38.404660,Description non disponible depuis la recherche,Stock non disponible,ISBN non disponible,Éditeur non disponible,Date non disponible,Nombre de pages non disponible,Rang de vente non disponible,Manga,35.0,,
Latna Saga : Survival Story of a Sword King T02,https://www.amazon.fr/Latna-Saga-Survival-Story-Sword/dp/238288116X/ref=sr_1_554,"14,95 €",de Soon-Q et Studio Khit | 21 mai 2025,"5,0 sur 5 étoiles, détails de l’évaluation",2,Broché,https://m.media-amazon.com/images/I/71TCY+EUFLL._AC_UY218_.jpg,2025-09-04T18:37:38.407269,Description non disponible depuis la recherche,Stock non disponible,ISBN non disponible,Éditeur non disponible,Date non disponible,Nombre de pages non disponible,Rang de vente non disponible,Manga,35.0,,
Bleach - Tome 16: Night of wijnruit,https://www.amazon.fr/Bleach-Vol-16-TITE-Kubo/dp/2723453855/ref=sr_1_555,"7,20 €",Tite Kubo,"4,9 sur 5 étoiles, détails de l’évaluation",97,Broché,https://m.media-amazon.com/images/I/81vC1YOv12L._AC_UY218_.jpg,2025-09-04T18:37:38.410121,Description non disponible depuis la recherche,Stock non disponible,ISBN non disponible,Éditeur non disponible,Date non disponible,Nombre de pages non disponible,Rang de vente non disponible,Manga,35.0,,
Sexy Cosplay Doll - Tome 13,https://www.amazon.fr/Sexy-Cosplay-Doll-Shinichi-Fukuda/dp/2505125252/ref=sr_1_556,"8,10 €",Shinichi Fukuda,"4,8 sur 5 étoiles, détails de l’évaluation",42,Broché,https://m.media-amazon.com/images/I/71G+rUTth+L._AC_UY218_.jpg,2025-09-04T18:37:38.412062,Description non disponible depuis la recherche,Stock non disponible,ISBN non disponible,Éditeur non disponible,Date non disponible,Nombre de pages non disponible,Rang de vente non disponible,Manga,35.0,,
Elfen Lied Double Edition T06,https://www.amazon.fr/Elfen-Lied-Double-Lynn-Okamoto/dp/2413043845/ref=sr_1_557,"15,99 €",Lynn Okamoto,"4,7 sur 5 étoiles, détails de l’évaluation",46,Broché,https://m.media-amazon.com/images/I/71McilATr+L._AC_UY218_.jpg,2025-09-04T18:37:38.414622,Description non disponible depuis la recherche,Stock non disponible,ISBN non disponible,Éditeur non disponible,Date non disponible,Nombre de pages non disponible,Rang de vente non disponible,Manga,35.0,,
Be Blues! - Tome 17,https://www.amazon.fr/Be-Blues-17-Tanaka-Motoyuki/dp/2385036355/ref=sr_1_558,"6,95 €",de Tanaka Motoyuki | 12 septembre 2025,Note non disponible,0 avis,Poche,https://m.media-amazon.com/images/I/71AffWiOqtL._AC_UY218_.jpg,2025-09-04T18:37:38.417218,Description non disponible depuis la recherche,Stock non disponible,ISBN non disponible,Éditeur non disponible,Date non disponible,Nombre de pages non disponible,Rang de vente non disponible,Manga,35.0,,
Let's Buy the Land and Cultivate It in a Different World (Manga) Vol. 8 (English Edition),https://www.amazon.fr/Cultivate-Different-World-Manga-English-ebook/dp/B0FCSX8F8T/ref=sr_1_559,"9,00 €",Rokujuuyon Okazawa,"4,8 sur 5 étoiles, détails de l’évaluation",45,Format Kindle,https://m.media-amazon.com/images/I/91hdxIRiIkL._AC_UY218_.jpg,2025-09-04T18:37:38.420119,Description non disponible depuis la recherche,Stock non disponible,ISBN non disponible,Éditeur non disponible,Date non disponible,Nombre de pages non disponible,Rang de vente non disponible,Manga,35.0,,
Fun Territory Defense by the Optimistic Lord - Tome 06 - Edition limitée,https://www.amazon.fr/Fun-Territory-Defense-Optimistic-Lord/dp/2386585018/ref=sr_1_560,"12,95 €","de Maro Aoiro, Kururi, et al. | 13 juin 2025","5,0 sur 5 étoiles, détails de l’évaluation",4,Poche,https://m.media-amazon.com/images/I/91YqmClKugL._AC_UY218_.jpg,2025-09-04T18:37:38.422724,Description non disponible depuis la recherche,Stock non disponible,ISBN non disponible,Éditeur non disponible,Date non disponible,Nombre de pages non disponible,Rang de vente non disponible,Manga,35.0,,
Attack on Titan Season 2 Manga Box Set,https://www.amazon.fr/Attack-Titan-Season-Manga-Box/dp/1632367017/ref=sr_1_561,"39,85 €",Hajime Isayama,"4,9 sur 5 étoiles, détails de l’évaluation",2 040,Broché,https://m.media-amazon.com/images/I/91b13EUsPnL._AC_UY218_.jpg,2025-09-04T18:37:48.975142,Description non disponible depuis la recherche,Stock non disponible,ISBN non disponible,Éditeur non disponible,Date non disponible,Nombre de pages non disponible,Rang de vente non disponible,Manga,36.0,,
Arsène Lupin - tome 9,https://www.amazon.fr/Ars%C3%A8ne-Lupin-9-Maurice-Leblanc/dp/2380714258/ref=sr_1_562,"7,95 €",Maurice Leblanc,"4,9 sur 5 étoiles, détails de l’évaluation",20,Poche,https://m.media-amazon.com/images/I/716d63buN7L._AC_UY218_.jpg,2025-09-04T18:37:48.977845,Description non disponible depuis la recherche,Stock non disponible,ISBN non disponible,Éditeur non disponible,Date non disponible,Nombre de pages non disponible,Rang de vente non disponible,Manga,36.0,,
"Death March to the Parallel World Rhapsody, Vol. 17 (manga) (Death March to the Parallel World Rhapsody (manga)) (English Edition)",https://www.amazon.fr/Death-March-Parallel-Rhapsody-English-ebook/dp/B0DQKQLMZX/ref=sr_1_564,"5,98 €",Hiro Ainana,"4,8 sur 5 étoiles, détails de l’évaluation",31,Format Kindle,https://m.media-amazon.com/images/I/81rrOkXkK4L._AC_UY218_.jpg,2025-09-04T18:37:48.983952,Description non disponible depuis la recherche,Stock non disponible,ISBN non disponible,Éditeur non disponible,Date non disponible,Nombre de pages non disponible,Rang de vente non disponible,Manga,36.0,,
Les Aventures de kirby dans les Etoiles T08,https://www.amazon.fr/Aventures-kirby-dans-Etoiles-T08/dp/2302092392/ref=sr_1_565,"7,29 €",Nintendo,"4,9 sur 5 étoiles, détails de l’évaluation",76,Broché,https://m.media-amazon.com/images/I/81fsWi4TjgL._AC_UY218_.jpg,2025-09-04T18:37:48.986042,Description non disponible depuis la recherche,Stock non disponible,ISBN non disponible,Éditeur non disponible,Date non disponible,Nombre de pages non disponible,Rang de vente non disponible,Manga,36.0,,
Respire - Transformer l'épuisement en force vitale,https://www.amazon.fr/Respire-Transformer-l%C3%A9puisement-force-vitale/dp/2494629330/ref=sr_1_566,"25,00 €",Ela Manga,"5,0 sur 5 étoiles, détails de l’évaluation",2,Broché,https://m.media-amazon.com/images/I/61LCAK7trpL._AC_UY218_.jpg,2025-09-04T18:37:48.989159,Description non disponible depuis la recherche,Stock non disponible,ISBN non disponible,Éditeur non disponible,Date non disponible,Nombre de pages non disponible,Rang de vente non disponible,Manga,36.0,,
"Agenda Scolaire: Manga, Kawaii Chat Capuche | Journalier une Page par Jour | 12x17 cm Format Standard | Ecole Elémentaire, Collège, Lycée, Université, ... Couverture Souple | Pour Fille, Garçon, Ado",https://www.amazon.fr/Agenda-Scolaire-Journalier-El%C3%A9mentaire-Universit%C3%A9/dp/B0D9KYYW7T/ref=sr_1_567,"11,99 €",de Roza Yoko | 16 juillet 2024,Note non disponible,0 avis,Broché,https://m.media-amazon.com/images/I/61ipUiREr7L._AC_UY218_.jpg,2025-09-04T18:37:48.991725,Description non disponible depuis la recherche,Stock non disponible,ISBN non disponible,Éditeur non disponible,Date non disponible,Nombre de pages non disponible,Rang de vente non disponible,Manga,36.0,,
"Vagabond, tome 16",https://www.amazon.fr/Vagabond-16-Takehiko-Inou%C3%A9/dp/2845804113/ref=sr_1_568,"9,99 €",Takehiko Inoué,"4,9 sur 5 étoiles, détails de l’évaluation",75,Broché,https://m.media-amazon.com/images/I/81EWH6-tddL._AC_UY218_.jpg,2025-09-04T18:37:48.993844,Description non disponible depuis la recherche,Stock non disponible,ISBN non disponible,Éditeur non disponible,Date non disponible,Nombre de pages non disponible,Rang de vente non disponible,Manga,36.0,,
"The Saga of Tanya the Evil, Vol. 26 (manga) (The Saga of Tanya the Evil (manga)) (English Edition)",https://www.amazon.fr/Saga-Tanya-Evil-manga-English-ebook/dp/B0FDFT4R5H/ref=sr_1_569,"6,01 €",Carlo Zen,"4,9 sur 5 étoiles, détails de l’évaluation",17,Format Kindle,https://m.media-amazon.com/images/I/81ZK7a4j-VL._AC_UY218_.jpg,2025-09-04T18:37:48.996659,Description non disponible depuis la recherche,Stock non disponible,ISBN non disponible,Éditeur non disponible,Date non disponible,Nombre de pages non disponible,Rang de vente non disponible,Manga,36.0,,
Tokyo Ghoul - Tome 07,https://www.amazon.fr/Tokyo-ghoul-Vol-7-ISHIDA-Sui/dp/2344001840/ref=sr_1_570,"7,20 €",Sui Ishida,"4,8 sur 5 étoiles, détails de l’évaluation",497,Broché,https://m.media-amazon.com/images/I/810tCMfM1FL._AC_UY218_.jpg,2025-09-04T18:37:48.999330,Description non disponible depuis la recherche,Stock non disponible,ISBN non disponible,Éditeur non disponible,Date non disponible,Nombre de pages non disponible,Rang de vente non disponible,Manga,36.0,,
Radiant T01,https://www.amazon.fr/Radiant-T01-Tony-Valente/dp/B0DY44FSS5/ref=sr_1_571,"3,00 €",Tony Valente,"4,6 sur 5 étoiles, détails de l’évaluation",247,Broché,https://m.media-amazon.com/images/I/71vLNaoAuLL._AC_UY218_.jpg,2025-09-04T18:37:49.001752,Description non disponible depuis la recherche,Stock non disponible,ISBN non disponible,Éditeur non disponible,Date non disponible,Nombre de pages non disponible,Rang de vente non disponible,Manga,36.0,,
Agenda Scolaire 2025 2026 Dragon Manga Anime Japonais: Garçon Fille Collège Lycée Étudiant Primaire A5 Journalier en Français,https://www.amazon.fr/Agenda-Scolaire-Dragon-Manga-Japonais/dp/B0FKZGDJTG/ref=sr_1_572,"11,99 €",de Jean D. | 29 juillet 2025,Note non disponible,0 avis,Broché,https://m.media-amazon.com/images/I/71S3rlUQU8L._AC_UY218_.jpg,2025-09-04T18:37:49.004295,Description non disponible depuis la recherche,Stock non disponible,ISBN non disponible,Éditeur non disponible,Date non disponible,Nombre de pages non disponible,Rang de vente non disponible,Manga,36.0,,
Blitz - Tome 06,https://www.amazon.fr/Blitz-T06-Daitaro-Nishihara/dp/2492972046/ref=sr_1_573,"8,95 €",Tsukasa Mori,"4,5 sur 5 étoiles, détails de l’évaluation",30,Poche,https://m.media-amazon.com/images/I/61cks8A+7bL._AC_UY218_.jpg,2025-09-04T18:37:49.006534,Description non disponible depuis la recherche,Stock non disponible,ISBN non disponible,Éditeur non disponible,Date non disponible,Nombre de pages non disponible,Rang de vente non disponible,Manga,36.0,,
Noblesse T01,https://www.amazon.fr/Noblesse-T01-Kwangsu-Lee/dp/2382880279/ref=sr_1_574,"14,95 €",de Kwangsu Lee et Jaho Son | 9 juin 2021,"4,8 sur 5 étoiles, détails de l’évaluation",49,Relié,https://m.media-amazon.com/images/I/71MPZu0UsYL._AC_UY218_.jpg,2025-09-04T18:37:49.009351,Description non disponible depuis la recherche,Stock non disponible,ISBN non disponible,Éditeur non disponible,Date non disponible,Nombre de pages non disponible,Rang de vente non disponible,Manga,36.0,,
MANGAS - Livre de Coloriages Mystères pour adulte - Coloriage par Numéro - Art-Thérapie - Anti-Stress: 20 dessins de mangas & animes à colorier + 5 ... dessin apparaîtra ! Idée cadeau - 102 pages,https://www.amazon.fr/MANGAS-Coloriages-Art-Th%C3%A9rapie-Anti-Stress-appara%C3%AEtra/dp/B0DN299DQ8/ref=sr_1_575,"9,05 €",Rosalin Paille,"3,9 sur 5 étoiles, détails de l’évaluation",19,Broché,https://m.media-amazon.com/images/I/71+3Exi0DCL._AC_UY218_.jpg,2025-09-04T18:37:49.011349,Description non disponible depuis la recherche,Stock non disponible,ISBN non disponible,Éditeur non disponible,Date non disponible,Nombre de pages non disponible,Rang de vente non disponible,Manga,36.0,,
Manger l'esprit léger : un guide santé pour vous aider à redevenir acteur de vos choix alimentaires ! Nouveauté 2025,https://www.amazon.fr/Manger-lesprit-l%C3%A9ger-redevenir-alimentaires-ebook/dp/B0DPY263GD/ref=sr_1_576,"12,99 €",Boris Hansel,"4,3 sur 5 étoiles, détails de l’évaluation",38,Format Kindle,https://m.media-amazon.com/images/I/71XPKFp3hyL._AC_UY218_.jpg,2025-09-04T18:37:49.014639,Description non disponible depuis la recherche,Stock non disponible,ISBN non disponible,Éditeur non disponible,Date non disponible,Nombre de pages non disponible,Rang de vente non disponible,Manga,36.0,,
Manger l'esprit léger : un guide santé pour vous aider à redevenir acteur de vos choix alimentaires ! Nouveauté 2025,https://www.amazon.fr/Manger-lesprit-l%C3%A9ger-redevenir-alimentaires-ebook/dp/B0DPY263GD/ref=sr_1_577,"12,99 €",Boris Hansel,"4,3 sur 5 étoiles, détails de l’évaluation",38,Format Kindle,https://m.media-amazon.com/images/I/71XPKFp3hyL._AC_UY218_.jpg,2025-09-04T18:37:57.989233,Description non disponible depuis la recherche,Stock non disponible,ISBN non disponible,Éditeur non disponible,Date non disponible,Nombre de pages non disponible,Rang de vente non disponible,Manga,37.0,,
Blue lock (Vol. 28),https://www.amazon.fr/Blue-lock-Vol-Muneyuki-Kaneshiro/dp/B0DT54YPKS/ref=sr_1_578,"7,00 €",Yusuke Nomura,"4,8 sur 5 étoiles, détails de l’évaluation",33,Broché,https://m.media-amazon.com/images/I/61uZWJ+9qyL._AC_UY218_.jpg,2025-09-04T18:37:57.991433,Description non disponible depuis la recherche,Stock non disponible,ISBN non disponible,Éditeur non disponible,Date non disponible,Nombre de pages non disponible,Rang de vente non disponible,Manga,37.0,,
Sexy Cosplay Doll - Tome 11,https://www.amazon.fr/Sexy-Cosplay-Doll-Shinichi-Fukuda/dp/2505124051/ref=sr_1_579,"8,10 €",Shinichi Fukuda,"4,9 sur 5 étoiles, détails de l’évaluation",69,Broché,https://m.media-amazon.com/images/I/81zqWv9XTbL._AC_UY218_.jpg,2025-09-04T18:37:57.993344,Description non disponible depuis la recherche,Stock non disponible,ISBN non disponible,Éditeur non disponible,Date non disponible,Nombre de pages non disponible,Rang de vente non disponible,Manga,37.0,,
Remède Impérial - L'étrange médecin de la cour - tome 6,https://www.amazon.fr/Rem%C3%A8de-Imp%C3%A9rial-L%C3%A9trange-m%C3%A9decin-cour/dp/B0FC1FN1DN/ref=sr_1_580,"7,95 €",de Tohru Himuka et Gaëlle Ruel | 13 novembre 2025,Note non disponible,0 avis,Poche,https://m.media-amazon.com/images/I/71KWMliQjdL._AC_UY218_.jpg,2025-09-04T18:37:57.996035,Description non disponible depuis la recherche,Stock non disponible,ISBN non disponible,Éditeur non disponible,Date non disponible,Nombre de pages non disponible,Rang de vente non disponible,Manga,37.0,,
Vinland Saga - tome 1 - Edition 20 ans,https://www.amazon.fr/Vinland-Saga-1-20-ans/dp/B0DXTQ18WF/ref=sr_1_581,"7,95 €",Makoto Yukimura,"4,8 sur 5 étoiles, détails de l’évaluation",286,Poche,https://m.media-amazon.com/images/I/71CqPKxqkTL._AC_UY218_.jpg,2025-09-04T18:37:57.999393,Description non disponible depuis la recherche,Stock non disponible,ISBN non disponible,Éditeur non disponible,Date non disponible,Nombre de pages non disponible,Rang de vente non disponible,Manga,37.0,,
Kirby Fantasy T01,https://www.amazon.fr/Kirby-Fantasy-T01-Ibunki-Takeuchi/dp/2302095561/ref=sr_1_582,"7,29 €",de Ibunki Takeuchi | 17 novembre 2021,"4,8 sur 5 étoiles, détails de l’évaluation",60,Broché,https://m.media-amazon.com/images/I/71sXtW2J28L._AC_UY218_.jpg,2025-09-04T18:37:58.001964,Description non disponible depuis la recherche,Stock non disponible,ISBN non disponible,Éditeur non disponible,Date non disponible,Nombre de pages non disponible,Rang de vente non disponible,Manga,37.0,,
Manga Livre: Pour Créer son histoire - Apprends à Dessiner des Mangas comme un Pro - Technique de dessin et planches vierges BD à remplir - Grand format,https://www.amazon.fr/Manga-Livre-histoire-Apprends-Technique/dp/B0BRD9B3VW/ref=sr_1_583,"8,99 €",de Edition Creative style | 28 décembre 2022,"4,5 sur 5 étoiles, détails de l’évaluation",7,Broché,https://m.media-amazon.com/images/I/71qt1yQfirL._AC_UY218_.jpg,2025-09-04T18:37:58.004368,Description non disponible depuis la recherche,Stock non disponible,ISBN non disponible,Éditeur non disponible,Date non disponible,Nombre de pages non disponible,Rang de vente non disponible,Manga,37.0,,
Aux côtés du Dieu-Loup - vol. 02,https://www.amazon.fr/Aux-c%C3%B4t%C3%A9s-Dieu-Loup-vol-02/dp/B0DHGC6J34/ref=sr_1_584,"7,95 €",de Yomoko YAMAMOTO | 8 janvier 2025,"4,6 sur 5 étoiles, détails de l’évaluation",3,Poche,https://m.media-amazon.com/images/I/712bSGKguLL._AC_UY218_.jpg,2025-09-04T18:37:58.006960,Description non disponible depuis la recherche,Stock non disponible,ISBN non disponible,Éditeur non disponible,Date non disponible,Nombre de pages non disponible,Rang de vente non disponible,Manga,37.0,,
La Gameuse et son chat - vol. 02,https://www.amazon.fr/Gameuse-son-chat-vol-02/dp/2818978343/ref=sr_1_585,"7,50 €",Wataru NADATANI,"4,8 sur 5 étoiles, détails de l’évaluation",167,Poche,https://m.media-amazon.com/images/I/81EJQVmeeXL._AC_UY218_.jpg,2025-09-04T18:37:58.009103,Description non disponible depuis la recherche,Stock non disponible,ISBN non disponible,Éditeur non disponible,Date non disponible,Nombre de pages non disponible,Rang de vente non disponible,Manga,37.0,,
Toilet-bound Hanako-kun Coffret T18 + After-school Hanako-kun,https://www.amazon.fr/Toilet-bound-Hanako-kun-Coffret-T18-After-school/dp/2811690549/ref=sr_1_586,"15,90 €",AidaIro,"4,7 sur 5 étoiles, détails de l’évaluation",30,Poche,https://m.media-amazon.com/images/I/81BtzqUw-ZL._AC_UY218_.jpg,2025-09-04T18:37:58.011147,Description non disponible depuis la recherche,Stock non disponible,ISBN non disponible,Éditeur non disponible,Date non disponible,Nombre de pages non disponible,Rang de vente non disponible,Manga,37.0,,
Mochi et compagnie T04,https://www.amazon.fr/Mochi-compagnie-T04-Hiromu-Shinozuka/dp/2373495414/ref=sr_1_587,"7,20 €",Hiromu Shinozuka,"4,7 sur 5 étoiles, détails de l’évaluation",135,Poche,https://m.media-amazon.com/images/I/81oghOKSH2L._AC_UY218_.jpg,2025-09-04T18:37:58.013215,Description non disponible depuis la recherche,Stock non disponible,ISBN non disponible,Éditeur non disponible,Date non disponible,Nombre de pages non disponible,Rang de vente non disponible,Manga,37.0,,
"Isabella Bird, Femme exploratrice T04 (04)",https://www.amazon.fr/Isabella-Bird-femme-exploratrice-T04/dp/B07C5K7SSX/ref=sr_1_589,"7,95 €",Taiga Sassa,"4,4 sur 5 étoiles, détails de l’évaluation",41,Broché,https://m.media-amazon.com/images/I/71jwqbNBafL._AC_UY218_.jpg,2025-09-04T18:37:58.018986,Description non disponible depuis la recherche,Stock non disponible,ISBN non disponible,Éditeur non disponible,Date non disponible,Nombre de pages non disponible,Rang de vente non disponible,Manga,37.0,,
"Apprendre à Dessiner les Manga & Anime: De Débutant à L’Artiste Manga: Guide Complet pour Maîtriser les Regards, les Expressions et Créer vos Personnages Originaux",https://www.amazon.fr/Apprendre-Dessiner-Manga-Anime-Expressions/dp/B0DX1FYLYK/ref=sr_1_590,"13,95 €",InkWave Publishing,"4,8 sur 5 étoiles, détails de l’évaluation",43,Broché,https://m.media-amazon.com/images/I/71VdYSRgF8L._AC_UY218_.jpg,2025-09-04T18:37:58.021172,Description non disponible depuis la recherche,Stock non disponible,ISBN non disponible,Éditeur non disponible,Date non disponible,Nombre de pages non disponible,Rang de vente non disponible,Manga,37.0,,
Hokuto No Ken (nouvelle édition) T01,https://www.amazon.fr/Hokuto-Ken-nouvelle-%C3%A9dition-T01/dp/2820344887/ref=sr_1_591,"14,99 €",Buronson,"4,6 sur 5 étoiles, détails de l’évaluation",96,Broché,https://m.media-amazon.com/images/I/815Yl4G5UPL._AC_UY218_.jpg,2025-09-04T18:37:58.024077,Description non disponible depuis la recherche,Stock non disponible,ISBN non disponible,Éditeur non disponible,Date non disponible,Nombre de pages non disponible,Rang de vente non disponible,Manga,37.0,,
Toilet-bound Hanako-kun T23,https://www.amazon.fr/Toilet-bound-Hanako-kun-T23-AidaIro/dp/B0FC5V7M5Z/ref=sr_1_592,"7,70 €",AidaIro,Note non disponible,0 avis,Poche,https://m.media-amazon.com/images/I/81peq2VAdKL._AC_UY218_.jpg,2025-09-04T18:37:58.026247,Description non disponible depuis la recherche,Stock non disponible,ISBN non disponible,Éditeur non disponible,Date non disponible,Nombre de pages non disponible,Rang de vente non disponible,Manga,37.0,,
Naruto - Tome 51,https://www.amazon.fr/Naruto-Vol-51-KISHIMOTO-Masashi/dp/2505009929/ref=sr_1_594,"7,30 €",Masashi Kishimoto,"4,8 sur 5 étoiles, détails de l’évaluation",381,Broché,https://m.media-amazon.com/images/I/81Q6li4+mgL._AC_UY218_.jpg,2025-09-04T18:38:07.209190,Description non disponible depuis la recherche,Stock non disponible,ISBN non disponible,Éditeur non disponible,Date non disponible,Nombre de pages non disponible,Rang de vente non disponible,Manga,38.0,,
Stitch - Amis pour la vie T02,https://www.amazon.fr/Stitch-Amis-pour-vie-T02/dp/2384962787/ref=sr_1_595,"7,50 €",Yumi Tsukirino,"4,8 sur 5 étoiles, détails de l’évaluation",37,Poche,https://m.media-amazon.com/images/I/71QW+KK8CBL._AC_UY218_.jpg,2025-09-04T18:38:07.211284,Description non disponible depuis la recherche,Stock non disponible,ISBN non disponible,Éditeur non disponible,Date non disponible,Nombre de pages non disponible,Rang de vente non disponible,Manga,38.0,,
ONE-PUNCH MAN - tome 17 (17),https://www.amazon.fr/ONE-PUNCH-MAN-17-ONE/dp/2368528148/ref=sr_1_596,"7,30 €",One,"4,8 sur 5 étoiles, détails de l’évaluation",555,Tankobon broché,https://m.media-amazon.com/images/I/71MBVNkSFXL._AC_UY218_.jpg,2025-09-04T18:38:07.214141,Description non disponible depuis la recherche,Stock non disponible,ISBN non disponible,Éditeur non disponible,Date non disponible,Nombre de pages non disponible,Rang de vente non disponible,Manga,38.0,,
"Mange, Prie, Aime",https://www.amazon.fr/Mange-Prie-Aime-Elizabeth-Gilbert/dp/2253126306/ref=sr_1_599,"9,70 €",Elizabeth Gilbert,"4,4 sur 5 étoiles, détails de l’évaluation",1 101,Poche,https://m.media-amazon.com/images/I/71Mt-t-seYL._AC_UY218_.jpg,2025-09-04T18:38:07.222240,Description non disponible depuis la recherche,Stock non disponible,ISBN non disponible,Éditeur non disponible,Date non disponible,Nombre de pages non disponible,Rang de vente non disponible,Manga,38.0,,
Death Note - Tome 8,https://www.amazon.fr/Death-note-Vol-8-Tsugumi-Ohba/dp/250500269X/ref=sr_1_600,"7,30 €",Tsugumi Ohba,"4,8 sur 5 étoiles, détails de l’évaluation",420,Broché,https://m.media-amazon.com/images/I/91BA4MdgsQL._AC_UY218_.jpg,2025-09-04T18:38:07.225506,Description non disponible depuis la recherche,Stock non disponible,ISBN non disponible,Éditeur non disponible,Date non disponible,Nombre de pages non disponible,Rang de vente non disponible,Manga,38.0,,
Les chefs-d'oeuvre de Lovecraft - L'Indicible,https://www.amazon.fr/chefs-doeuvre-Lovecraft-LIndicible-H-P/dp/B0F59C2KMX/ref=sr_1_602,"18,00 €",de H. P. Lovecraft et Gou Tanabe | 4 septembre 2025,Note non disponible,0 avis,Relié,https://m.media-amazon.com/images/I/61TDYD69zQL._AC_UY218_.jpg,2025-09-04T18:38:07.231895,Description non disponible depuis la recherche,Stock non disponible,ISBN non disponible,Éditeur non disponible,Date non disponible,Nombre de pages non disponible,Rang de vente non disponible,Manga,38.0,,
Tower Dungeon - Tome 02 Collector,https://www.amazon.fr/Tower-Dungeon-Collector-Tsutomu-Nihei/dp/2344068058/ref=sr_1_603,"10,95 €",Tsutomu Nihei,Note non disponible,0 avis,Relié,https://m.media-amazon.com/images/I/91bQ5p+fveL._AC_UY218_.jpg,2025-09-04T18:38:07.234855,Description non disponible depuis la recherche,Stock non disponible,ISBN non disponible,Éditeur non disponible,Date non disponible,Nombre de pages non disponible,Rang de vente non disponible,Manga,38.0,,
Saint Seiya Next Dimension T13,https://www.amazon.fr/Saint-Seiya-Next-Dimension-T13/dp/2809489769/ref=sr_1_604,"9,29 €",Masami Kurumada,"4,8 sur 5 étoiles, détails de l’évaluation",111,Broché,https://m.media-amazon.com/images/I/81pebcvfftL._AC_UY218_.jpg,2025-09-04T18:38:07.236810,Description non disponible depuis la recherche,Stock non disponible,ISBN non disponible,Éditeur non disponible,Date non disponible,Nombre de pages non disponible,Rang de vente non disponible,Manga,38.0,,
Mobile Suit Gundam - Char contre-attaque - Beltorchika's Children - Tome 1,https://www.amazon.fr/Mobile-Suit-Gundam-contre-attaque-Beltorchikas/dp/2379506663/ref=sr_1_605,"15,50 €",de Sabasi Uroaki et Yanase Takayuki | 4 juillet 2025,"5,0 sur 5 étoiles, détails de l’évaluation",1,Broché,https://m.media-amazon.com/images/I/71Ix-WXmbIL._AC_UY218_.jpg,2025-09-04T18:38:07.239455,Description non disponible depuis la recherche,Stock non disponible,ISBN non disponible,Éditeur non disponible,Date non disponible,Nombre de pages non disponible,Rang de vente non disponible,Manga,38.0,,
There's No Freaking Way I'll be Your Lover! Unless... (Manga) Vol. 7,https://www.amazon.fr/Theres-Freaking-Lover-Unless-Manga/dp/B0DHWSVGFG/ref=sr_1_606,"12,69 €","Édition en Anglais | de Teren Mikami, Musshu, et al. | 24 juin 2025","4,7 sur 5 étoiles, détails de l’évaluation",26,Broché,https://m.media-amazon.com/images/I/81CRJkYgLVL._AC_UY218_.jpg,2025-09-04T18:38:07.243231,Description non disponible depuis la recherche,Stock non disponible,ISBN non disponible,Éditeur non disponible,Date non disponible,Nombre de pages non disponible,Rang de vente non disponible,Manga,38.0,,
There's No Freaking Way I'll be Your Lover! Unless... (Manga) Vol. 5 (English Edition),https://www.amazon.fr/Theres-Freaking-Lover-Unless-English-ebook/dp/B0D474PDHB/ref=sr_1_607,"9,00 €",Édition en Anglais | de Musshu | 18 juin 2024,"4,7 sur 5 étoiles, détails de l’évaluation",61,Format Kindle,https://m.media-amazon.com/images/I/81E5Spjd0AL._AC_UY218_.jpg,2025-09-04T18:38:07.246738,Description non disponible depuis la recherche,Stock non disponible,ISBN non disponible,Éditeur non disponible,Date non disponible,Nombre de pages non disponible,Rang de vente non disponible,Manga,38.0,,
AO ASHI T26,https://www.amazon.fr/AO-ASHI-T26-Y%C3%BBgo-Kobayashi/dp/238281876X/ref=sr_1_608,"7,20 €",de Yûgo Kobayashi et Anthony Prezman | 15 janvier 2025,"5,0 sur 5 étoiles, détails de l’évaluation",7,Poche,https://m.media-amazon.com/images/I/81--lwsa9HL._AC_UY218_.jpg,2025-09-04T18:38:07.249785,Description non disponible depuis la recherche,Stock non disponible,ISBN non disponible,Éditeur non disponible,Date non disponible,Nombre de pages non disponible,Rang de vente non disponible,Manga,38.0,,
"Demon Slayer T04, langue : français",https://www.amazon.fr/Demon-Slayer-T04-Koyoharu-Gotouge/dp/280947690X/ref=sr_1_609,"7,29 €",Koyoharu Gotouge,"4,8 sur 5 étoiles, détails de l’évaluation",2 267,Broché,https://m.media-amazon.com/images/I/81ngJx0zYhL._AC_UY218_.jpg,2025-09-04T18:38:17.081998,Description non disponible depuis la recherche,Stock non disponible,ISBN non disponible,Éditeur non disponible,Date non disponible,Nombre de pages non disponible,Rang de vente non disponible,Manga,39.0,,
Amants sous contrat,https://www.amazon.fr/Amants-sous-contrat-Io-Matsuda/dp/2382767596/ref=sr_1_610,"7,95 €",de Io Matsuda | 9 avril 2025,"4,7 sur 5 étoiles, détails de l’évaluation",4,Poche,https://m.media-amazon.com/images/I/61Y5FSERH5L._AC_UY218_.jpg,2025-09-04T18:38:17.085480,Description non disponible depuis la recherche,Stock non disponible,ISBN non disponible,Éditeur non disponible,Date non disponible,Nombre de pages non disponible,Rang de vente non disponible,Manga,39.0,,
Coloriage mystere manga: coloriage pour Adulte Numéroté dans l'univers manga japonais,https://www.amazon.fr/Coloriage-mystere-manga-coloriage-Num%C3%A9rot%C3%A9/dp/B0DKKN9239/ref=sr_1_611,"13,54 €",MagicPix,"4,3 sur 5 étoiles, détails de l’évaluation",23,Broché,https://m.media-amazon.com/images/I/71Qi1L06p4L._AC_UY218_.jpg,2025-09-04T18:38:17.087300,Description non disponible depuis la recherche,Stock non disponible,ISBN non disponible,Éditeur non disponible,Date non disponible,Nombre de pages non disponible,Rang de vente non disponible,Manga,39.0,,
Daisy - Comment devenir la fiancée du Duc T03,https://www.amazon.fr/Daisy-Comment-devenir-fianc%C3%A9e-Duc/dp/2382881550/ref=sr_1_612,"14,95 €","de Yuzu, Allyn, et al. | 20 août 2025","5,0 sur 5 étoiles, détails de l’évaluation",2,Broché,https://m.media-amazon.com/images/I/81Ze6rriP3L._AC_UY218_.jpg,2025-09-04T18:38:17.089690,Description non disponible depuis la recherche,Stock non disponible,ISBN non disponible,Éditeur non disponible,Date non disponible,Nombre de pages non disponible,Rang de vente non disponible,Manga,39.0,,
Blue Spring Ride - Tome 7,https://www.amazon.fr/Blue-Spring-Ride-Io-Sakisaka/dp/2505060509/ref=sr_1_613,"7,30 €",Io Sakisaka,"4,8 sur 5 étoiles, détails de l’évaluation",285,Broché,https://m.media-amazon.com/images/I/813zdr5TS8L._AC_UY218_.jpg,2025-09-04T18:38:17.092305,Description non disponible depuis la recherche,Stock non disponible,ISBN non disponible,Éditeur non disponible,Date non disponible,Nombre de pages non disponible,Rang de vente non disponible,Manga,39.0,,
AO ASHI T28,https://www.amazon.fr/AO-ASHI-T28-Y%C3%BBgo-Kobayashi/dp/2382815914/ref=sr_1_614,"7,20 €",de Yûgo Kobayashi et Anthony Prezman | 21 mai 2025,"3,5 sur 5 étoiles, détails de l’évaluation",2,Poche,https://m.media-amazon.com/images/I/81WoJO0xZnL._AC_UY218_.jpg,2025-09-04T18:38:17.095442,Description non disponible depuis la recherche,Stock non disponible,ISBN non disponible,Éditeur non disponible,Date non disponible,Nombre de pages non disponible,Rang de vente non disponible,Manga,39.0,,
Black Butler - Tome 24,https://www.amazon.fr/Black-Butler-24-Yana-Toboso/dp/2505068909/ref=sr_1_615,"7,30 €",Yana Toboso,"5,0 sur 5 étoiles, détails de l’évaluation",137,Broché,https://m.media-amazon.com/images/I/81s4fmQ8TkL._AC_UY218_.jpg,2025-09-04T18:38:17.097676,Description non disponible depuis la recherche,Stock non disponible,ISBN non disponible,Éditeur non disponible,Date non disponible,Nombre de pages non disponible,Rang de vente non disponible,Manga,39.0,,
Bleach - Tome 20: End of hypnosis,https://www.amazon.fr/Bleach-Vol-20-TITE-Kubo/dp/2723456277/ref=sr_1_616,"7,20 €",Tite Kubo,"4,9 sur 5 étoiles, détails de l’évaluation",96,Broché,https://m.media-amazon.com/images/I/41GqB74EuQL._AC_UY218_.jpg,2025-09-04T18:38:17.100460,Description non disponible depuis la recherche,Stock non disponible,ISBN non disponible,Éditeur non disponible,Date non disponible,Nombre de pages non disponible,Rang de vente non disponible,Manga,39.0,,
Ranma 1/2 - Édition originale - Tome 11,https://www.amazon.fr/Ranma-%C3%89dition-originale-Rumiko-Takahashi/dp/2344033785/ref=sr_1_617,"10,95 €",Rumiko Takahashi,"4,8 sur 5 étoiles, détails de l’évaluation",125,Broché,https://m.media-amazon.com/images/I/81LdYtScWJL._AC_UY218_.jpg,2025-09-04T18:38:17.103388,Description non disponible depuis la recherche,Stock non disponible,ISBN non disponible,Éditeur non disponible,Date non disponible,Nombre de pages non disponible,Rang de vente non disponible,Manga,39.0,,
Incitant Porno - Livre (Manga) - Yaoi - Hana Collection,https://www.amazon.fr/Incitant-Porno-Livre-Manga-Collection/dp/2368776834/ref=sr_1_618,"7,95 €",de Jita | 2 septembre 2019,"4,5 sur 5 étoiles, détails de l’évaluation",202,Poche,https://m.media-amazon.com/images/I/61GdVsJjukL._AC_UY218_.jpg,2025-09-04T18:38:17.111648,Description non disponible depuis la recherche,Stock non disponible,ISBN non disponible,Éditeur non disponible,Date non disponible,Nombre de pages non disponible,Rang de vente non disponible,Manga,39.0,,
An Archdemon’s Dilemma: How to Love Your Elf Bride (Manga) Vol. 12 (English Edition),https://www.amazon.fr/Archdemons-Dilemma-Bride-Manga-English-ebook/dp/B0F1XZ455B/ref=sr_1_619,"8,21 €",Fuminori Teshima,"4,7 sur 5 étoiles, détails de l’évaluation",12,Format Kindle,https://m.media-amazon.com/images/I/81G9UsXkPyL._AC_UY218_.jpg,2025-09-04T18:38:17.114000,Description non disponible depuis la recherche,Stock non disponible,ISBN non disponible,Éditeur non disponible,Date non disponible,Nombre de pages non disponible,Rang de vente non disponible,Manga,39.0,,
Mon destin... entre les mains des femmes T08,https://www.amazon.fr/Mon-destin-entre-mains-femmes/dp/2413077685/ref=sr_1_620,"8,50 €","de Monda, Jun Shiosato, et al. | 13 août 2025","5,0 sur 5 étoiles, détails de l’évaluation",4,Broché,https://m.media-amazon.com/images/I/81T7s2Q9BHL._AC_UY218_.jpg,2025-09-04T18:38:17.118280,Description non disponible depuis la recherche,Stock non disponible,ISBN non disponible,Éditeur non disponible,Date non disponible,Nombre de pages non disponible,Rang de vente non disponible,Manga,39.0,,
Histoire du manga,https://www.amazon.fr/Histoire-du-manga-Karyn-Nishimura-Poup%C3%A9e/dp/B09TXHLD4B/ref=sr_1_621,"11,50 €",Karyn Nishimura-Poupée,"4,3 sur 5 étoiles, détails de l’évaluation",21,Poche,https://m.media-amazon.com/images/I/81dKafRApsL._AC_UY218_.jpg,2025-09-04T18:38:17.121614,Description non disponible depuis la recherche,Stock non disponible,ISBN non disponible,Éditeur non disponible,Date non disponible,Nombre de pages non disponible,Rang de vente non disponible,Manga,39.0,,
NieR:Automata Opération Pearl Harbor - Tome 3,https://www.amazon.fr/NieR-Automata-Op%C3%A9ration-Pearl-Harbor/dp/2380715165/ref=sr_1_622,"7,95 €","de Yoko Taro, Megumu Soramichi, et al. | 8 juin 2023","4,9 sur 5 étoiles, détails de l’évaluation",50,Poche,https://m.media-amazon.com/images/I/71tfRGEYkuL._AC_UY218_.jpg,2025-09-04T18:38:17.125337,Description non disponible depuis la recherche,Stock non disponible,ISBN non disponible,Éditeur non disponible,Date non disponible,Nombre de pages non disponible,Rang de vente non disponible,Manga,39.0,,
Blue Spring Ride - Tome 8,https://www.amazon.fr/Blue-Spring-Ride-Io-Sakisaka/dp/2505061734/ref=sr_1_623,"7,30 €",Io Sakisaka,"4,8 sur 5 étoiles, détails de l’évaluation",252,Broché,https://m.media-amazon.com/images/I/81Kd7tBltHL._AC_UY218_.jpg,2025-09-04T18:38:17.127996,Description non disponible depuis la recherche,Stock non disponible,ISBN non disponible,Éditeur non disponible,Date non disponible,Nombre de pages non disponible,Rang de vente non disponible,Manga,39.0,,
Mashle T04,https://www.amazon.fr/Mashle-T04-Hajime-Komoto/dp/2820341136/ref=sr_1_624,"7,15 €",Hajime Komoto,"4,8 sur 5 étoiles, détails de l’évaluation",455,Broché,https://m.media-amazon.com/images/I/81Lv-PPICnL._AC_UY218_.jpg,2025-09-04T18:38:17.131091,Description non disponible depuis la recherche,Stock non disponible,ISBN non disponible,Éditeur non disponible,Date non disponible,Nombre de pages non disponible,Rang de vente non disponible,Manga,39.0,,
Mashle T04,https://www.amazon.fr/Mashle-T04-Hajime-Komoto/dp/2820341136/ref=sr_1_625,"7,15 €",Hajime Komoto,"4,8 sur 5 étoiles, détails de l’évaluation",455,Broché,https://m.media-amazon.com/images/I/81Lv-PPICnL._AC_UY218_.jpg,2025-09-04T18:38:28.625995,Description non disponible depuis la recherche,Stock non disponible,ISBN non disponible,Éditeur non disponible,Date non disponible,Nombre de pages non disponible,Rang de vente non disponible,Manga,40.0,,
L'Épouse damnée et le chasseur de démons T01,https://www.amazon.fr/L%C3%89pouse-damn%C3%A9e-chasseur-d%C3%A9mons-T01-ebook/dp/B0F1G4VL9J/ref=sr_1_626,"4,49 €",de Yuma Midori et Fujimaru Mamenosuke | 7 mai 2025,"5,0 sur 5 étoiles, détails de l’évaluation",20,Format Kindle,https://m.media-amazon.com/images/I/81lwqrTElML._AC_UY218_.jpg,2025-09-04T18:38:28.629172,Description non disponible depuis la recherche,Stock non disponible,ISBN non disponible,Éditeur non disponible,Date non disponible,Nombre de pages non disponible,Rang de vente non disponible,Manga,40.0,,
Bonne Nuit Punpun - Tome 4,https://www.amazon.fr/Bonne-nuit-Punpun-Vol-4-ASANO/dp/2505015198/ref=sr_1_629,"8,10 €",Inio Asano,"4,7 sur 5 étoiles, détails de l’évaluation",231,Broché,https://m.media-amazon.com/images/I/51bAPtHY9gL._AC_UY218_.jpg,2025-09-04T18:38:28.637198,Description non disponible depuis la recherche,Stock non disponible,ISBN non disponible,Éditeur non disponible,Date non disponible,Nombre de pages non disponible,Rang de vente non disponible,Manga,40.0,,
Kingdom - Tome 18,https://www.amazon.fr/Kingdom-18-Yasuhisa-Hara/dp/2368778225/ref=sr_1_630,"6,95 €",Yasuhisa Hara,"4,9 sur 5 étoiles, détails de l’évaluation",132,Poche,https://m.media-amazon.com/images/I/81SiIBAtO6L._AC_UY218_.jpg,2025-09-04T18:38:28.639773,Description non disponible depuis la recherche,Stock non disponible,ISBN non disponible,Éditeur non disponible,Date non disponible,Nombre de pages non disponible,Rang de vente non disponible,Manga,40.0,,
300 jours avec toi - écrin vol. 01 et 02,https://www.amazon.fr/300-jours-avec-toi-%C3%A9crin/dp/B0D3GBR26G/ref=sr_1_631,"15,00 €",de Masaki KIRITOMO et Kohei Nagashii | 26 juin 2024,Note non disponible,0 avis,Poche,https://m.media-amazon.com/images/I/71v7D-JeLkL._AC_UY218_.jpg,2025-09-04T18:38:28.642499,Description non disponible depuis la recherche,Stock non disponible,ISBN non disponible,Éditeur non disponible,Date non disponible,Nombre de pages non disponible,Rang de vente non disponible,Manga,40.0,,
Call of the night - Tome 8,https://www.amazon.fr/Call-night-8-Kotoyama/dp/B0CK9TY4CK/ref=sr_1_632,"7,30 €",Kotoyama,"5,0 sur 5 étoiles, détails de l’évaluation",19,Poche,https://m.media-amazon.com/images/I/61tl8iXpHmL._AC_UY218_.jpg,2025-09-04T18:38:28.644958,Description non disponible depuis la recherche,Stock non disponible,ISBN non disponible,Éditeur non disponible,Date non disponible,Nombre de pages non disponible,Rang de vente non disponible,Manga,40.0,,
"Moi, quand je me réincarne en Slime - Tome 22",https://www.amazon.fr/Moi-quand-r%C3%A9incarne-Slime-22/dp/2380715483/ref=sr_1_633,"7,95 €",Fuse,"4,8 sur 5 étoiles, détails de l’évaluation",83,Poche,https://m.media-amazon.com/images/I/71rcgJ5oPqL._AC_UY218_.jpg,2025-09-04T18:38:28.647496,Description non disponible depuis la recherche,Stock non disponible,ISBN non disponible,Éditeur non disponible,Date non disponible,Nombre de pages non disponible,Rang de vente non disponible,Manga,40.0,,
Pokémon - Diamant et Perle / Platine - tome 04 (4),https://www.amazon.fr/Pok%C3%A9mon-Diamant-Perle-Platine-04/dp/2368526552/ref=sr_1_634,"10,00 €",Hidenori Kusaka,"4,9 sur 5 étoiles, détails de l’évaluation",188,Broché,https://m.media-amazon.com/images/I/715CYHt-IGL._AC_UY218_.jpg,2025-09-04T18:38:28.649704,Description non disponible depuis la recherche,Stock non disponible,ISBN non disponible,Éditeur non disponible,Date non disponible,Nombre de pages non disponible,Rang de vente non disponible,Manga,40.0,,
Tokyo Ghoul - Tome 10,https://www.amazon.fr/Tokyo-ghoul-Vol-10-ISHIDA-Sui/dp/2344006478/ref=sr_1_635,"7,20 €",Sui Ishida,"4,8 sur 5 étoiles, détails de l’évaluation",349,Broché,https://m.media-amazon.com/images/I/81rVmstfnrL._AC_UY218_.jpg,2025-09-04T18:38:28.652524,Description non disponible depuis la recherche,Stock non disponible,ISBN non disponible,Éditeur non disponible,Date non disponible,Nombre de pages non disponible,Rang de vente non disponible,Manga,40.0,,
Kaiju n°8 T02,https://www.amazon.fr/Kaiju-n%C2%B08-T02-Naoya-Matsumoto/dp/2820342345/ref=sr_1_636,"7,15 €",de Naoya Matsumoto | 8 décembre 2021,"4,8 sur 5 étoiles, détails de l’évaluation",762,Broché,https://m.media-amazon.com/images/I/81erWW2aRUL._AC_UY218_.jpg,2025-09-04T18:38:28.655819,Description non disponible depuis la recherche,Stock non disponible,ISBN non disponible,Éditeur non disponible,Date non disponible,Nombre de pages non disponible,Rang de vente non disponible,Manga,40.0,,
Daevabad: La Cité de Laiton (1),https://www.amazon.fr/Daevabad-Cit%C3%A9-Laiton-S-Chakraborty/dp/2290373702/ref=sr_1_637,"9,90 €",S.A. Chakraborty,"4,7 sur 5 étoiles, détails de l’évaluation",318,Poche,https://m.media-amazon.com/images/I/71-u4VvPsLL._AC_UY218_.jpg,2025-09-04T18:38:28.659672,Description non disponible depuis la recherche,Stock non disponible,ISBN non disponible,Éditeur non disponible,Date non disponible,Nombre de pages non disponible,Rang de vente non disponible,Manga,40.0,,
Bleach - Tome 32: Howling,https://www.amazon.fr/Bleach-Vol-32-TITE-Kubo/dp/2723466248/ref=sr_1_638,"7,20 €",Tite Kubo,"4,9 sur 5 étoiles, détails de l’évaluation",103,Broché,https://m.media-amazon.com/images/I/811Py99RsPL._AC_UY218_.jpg,2025-09-04T18:38:28.662366,Description non disponible depuis la recherche,Stock non disponible,ISBN non disponible,Éditeur non disponible,Date non disponible,Nombre de pages non disponible,Rang de vente non disponible,Manga,40.0,,
Alya sometimes hides her feelings in russian - Tome 1,https://www.amazon.fr/Alya-sometimes-hides-feelings-russian/dp/2379508054/ref=sr_1_639,"8,35 €","de Sansansun, Tenamachi Saho, et al. | 27 juin 2025","5,0 sur 5 étoiles, détails de l’évaluation",1,Broché,https://m.media-amazon.com/images/I/81-C3AQoCDL._AC_UY218_.jpg,2025-09-04T18:38:28.664955,Description non disponible depuis la recherche,Stock non disponible,ISBN non disponible,Éditeur non disponible,Date non disponible,Nombre de pages non disponible,Rang de vente non disponible,Manga,40.0,,
Black Clover T11,https://www.amazon.fr/Black-Clover-T11-Y%C3%BBki-Tabata/dp/2820332110/ref=sr_1_640,"7,05 €",Yuki Tabata,"4,8 sur 5 étoiles, détails de l’évaluation",273,Broché,https://m.media-amazon.com/images/I/91iQ13JPE1L._AC_UY218_.jpg,2025-09-04T18:38:28.667843,Description non disponible depuis la recherche,Stock non disponible,ISBN non disponible,Éditeur non disponible,Date non disponible,Nombre de pages non disponible,Rang de vente non disponible,Manga,40.0,,
Naruto - Tome 15,https://www.amazon.fr/Naruto-15-Masashi-Kishimoto/dp/2871297045/ref=sr_1_1121,"7,30 €",Masashi Kishimoto,"4,9 sur 5 étoiles, détails de l’évaluation",1 122,Broché,https://m.media-amazon.com/images/I/91UbjFplRAL._AC_UY218_.jpg,2025-09-04T19:26:05.045674,Description non disponible depuis la recherche,Stock non disponible,ISBN non disponible,Éditeur non disponible,Date non disponible,Nombre de pages non disponible,Rang de vente non disponible,Manga,71.0,,
Edens Zero T29,https://www.amazon.fr/Edens-Zero-T29-Hiro-Mashima/dp/2811686134/ref=sr_1_1122,"7,20 €",Hiro Mashima,"4,9 sur 5 étoiles, détails de l’évaluation",42,Poche,https://m.media-amazon.com/images/I/81tqIgIQHQL._AC_UY218_.jpg,2025-09-04T19:26:05.048242,Description non disponible depuis la recherche,Stock non disponible,ISBN non disponible,Éditeur non disponible,Date non disponible,Nombre de pages non disponible,Rang de vente non disponible,Manga,71.0,,
"One piece, Volume 30",https://www.amazon.fr/One-piece-30-Eiichiro-Oda/dp/2723494861/ref=sr_1_1123,"7,20 €",Eiichiro Oda,"4,8 sur 5 étoiles, détails de l’évaluation",864,Broché,https://m.media-amazon.com/images/I/91jzMaXTmHL._AC_UY218_.jpg,2025-09-04T19:26:05.051209,Description non disponible depuis la recherche,Stock non disponible,ISBN non disponible,Éditeur non disponible,Date non disponible,Nombre de pages non disponible,Rang de vente non disponible,Manga,71.0,,
Bienvenue au Japon,https://www.amazon.fr/Bienvenue-au-Japon-Misato-Raillard/dp/2700509048/ref=sr_1_1124,"14,90 €",Misato Raillard,"4,9 sur 5 étoiles, détails de l’évaluation",21,Relié,https://m.media-amazon.com/images/I/818gpUBYL2L._AC_UY218_.jpg,2025-09-04T19:26:05.053415,Description non disponible depuis la recherche,Stock non disponible,ISBN non disponible,Éditeur non disponible,Date non disponible,Nombre de pages non disponible,Rang de vente non disponible,Manga,71.0,,
Capeta T06,https://www.amazon.fr/Capeta-T06-Masahito-Soda/dp/2383167835/ref=sr_1_1125,"7,95 €",Masahito Soda,Note non disponible,0 avis,Poche,https://m.media-amazon.com/images/I/81OAgtZloEL._AC_UY218_.jpg,2025-09-04T19:26:05.055586,Description non disponible depuis la recherche,Stock non disponible,ISBN non disponible,Éditeur non disponible,Date non disponible,Nombre de pages non disponible,Rang de vente non disponible,Manga,71.0,,
Honey Lemon Soda T02,https://www.amazon.fr/Honey-Lemon-Soda-Mayu-Murata/dp/2373499061/ref=sr_1_1126,"7,20 €",Mayu Murata,"4,8 sur 5 étoiles, détails de l’évaluation",19,Poche,https://m.media-amazon.com/images/I/81Ym-DfRqBL._AC_UY218_.jpg,2025-09-04T19:26:05.058230,Description non disponible depuis la recherche,Stock non disponible,ISBN non disponible,Éditeur non disponible,Date non disponible,Nombre de pages non disponible,Rang de vente non disponible,Manga,71.0,,
Initial D T37,https://www.amazon.fr/Initial-D-T37-Shuichi-SUGENO/dp/2820333079/ref=sr_1_1127,"7,05 €",de Shigeno Shuichi | 7 novembre 2018,"4,8 sur 5 étoiles, détails de l’évaluation",34,Broché,https://m.media-amazon.com/images/I/815IcrYXTmL._AC_UY218_.jpg,2025-09-04T19:26:05.061489,Description non disponible depuis la recherche,Stock non disponible,ISBN non disponible,Éditeur non disponible,Date non disponible,Nombre de pages non disponible,Rang de vente non disponible,Manga,71.0,,
En Scène ! - tome 18 (18),https://www.amazon.fr/En-Sc%C3%A8ne-18-Cuvie/dp/2380713235/ref=sr_1_1128,"7,95 €",Cuvie,"4,7 sur 5 étoiles, détails de l’évaluation",29,Poche,https://m.media-amazon.com/images/I/61Ta06V4DcL._AC_UY218_.jpg,2025-09-04T19:26:05.064218,Description non disponible depuis la recherche,Stock non disponible,ISBN non disponible,Éditeur non disponible,Date non disponible,Nombre de pages non disponible,Rang de vente non disponible,Manga,71.0,,
Rozen Maiden Collector's Edition Vol. 2,https://www.amazon.fr/Rozen-Maiden-Collectors-Vol-2/dp/B0DBQ5GHBZ/ref=sr_1_1129,"23,54 €",Peach-Pit,"4,5 sur 5 étoiles, détails de l’évaluation",11,Broché,https://m.media-amazon.com/images/I/81TvJAmL4ZL._AC_UY218_.jpg,2025-09-04T19:26:05.067176,Description non disponible depuis la recherche,Stock non disponible,ISBN non disponible,Éditeur non disponible,Date non disponible,Nombre de pages non disponible,Rang de vente non disponible,Manga,71.0,,
Wind Breaker T02,https://www.amazon.fr/Wind-Breaker-T02-Nii-Satoru/dp/2811677615/ref=sr_1_1130,"7,20 €",Nii Satoru,"4,8 sur 5 étoiles, détails de l’évaluation",50,Poche,https://m.media-amazon.com/images/I/71gH68HwbAL._AC_UY218_.jpg,2025-09-04T19:26:05.069803,Description non disponible depuis la recherche,Stock non disponible,ISBN non disponible,Éditeur non disponible,Date non disponible,Nombre de pages non disponible,Rang de vente non disponible,Manga,71.0,,
Blue Exorcist T24,https://www.amazon.fr/Blue-Exorcist-T24-Kazue-Kato/dp/2820337929/ref=sr_1_1131,"7,25 €",Kazue Kato,"4,8 sur 5 étoiles, détails de l’évaluation",86,Broché,https://m.media-amazon.com/images/I/71JevL698kL._AC_UY218_.jpg,2025-09-04T19:26:05.072625,Description non disponible depuis la recherche,Stock non disponible,ISBN non disponible,Éditeur non disponible,Date non disponible,Nombre de pages non disponible,Rang de vente non disponible,Manga,71.0,,
Dragon Ball SD - Tome 06,https://www.amazon.fr/Dragon-Ball-SD-Akira-Toriyama/dp/2344040250/ref=sr_1_1132,"7,90 €",Akira Toriyama,"4,9 sur 5 étoiles, détails de l’évaluation",240,Broché,https://m.media-amazon.com/images/I/81xXaeDf0+L._AC_UY218_.jpg,2025-09-04T19:26:05.075542,Description non disponible depuis la recherche,Stock non disponible,ISBN non disponible,Éditeur non disponible,Date non disponible,Nombre de pages non disponible,Rang de vente non disponible,Manga,71.0,,
Ménage à deux,https://www.amazon.fr/M%C3%A9nage-%C3%A0-deux-Aruku-Jo/dp/2375065204/ref=sr_1_1133,"9,35 €",de Aruku  Jo | 30 mai 2025,"4,0 sur 5 étoiles, détails de l’évaluation",1,Broché,https://m.media-amazon.com/images/I/71koPjo0EIL._AC_UY218_.jpg,2025-09-04T19:26:05.078255,Description non disponible depuis la recherche,Stock non disponible,ISBN non disponible,Éditeur non disponible,Date non disponible,Nombre de pages non disponible,Rang de vente non disponible,Manga,71.0,,
THE PROMISED NEVERLAND T02 - ÉDITION GRACE FIELD,https://www.amazon.fr/PROMISED-NEVERLAND-T02-%C3%89DITION-GRACE/dp/2820352162/ref=sr_1_1134,"19,99 €",Kaiu Shirai,"4,8 sur 5 étoiles, détails de l’évaluation",1 373,Poche,https://m.media-amazon.com/images/I/912SwBdzOeL._AC_UY218_.jpg,2025-09-04T19:26:05.081873,Description non disponible depuis la recherche,Stock non disponible,ISBN non disponible,Éditeur non disponible,Date non disponible,Nombre de pages non disponible,Rang de vente non disponible,Manga,71.0,,
Dick Fight Island T02,https://www.amazon.fr/Dick-Fight-Island-T02-Reibun/dp/2375065247/ref=sr_1_1135,"9,35 €",de IKE  Reibun | 25 avril 2025,"5,0 sur 5 étoiles, détails de l’évaluation",3,Broché,https://m.media-amazon.com/images/I/81IB4IbihgL._AC_UY218_.jpg,2025-09-04T19:26:05.084503,Description non disponible depuis la recherche,Stock non disponible,ISBN non disponible,Éditeur non disponible,Date non disponible,Nombre de pages non disponible,Rang de vente non disponible,Manga,71.0,,
Shaman King Vol. 1,https://www.amazon.fr/Shaman-King-Vol-comiXology-Originals-ebook/dp/B087HS35CT/ref=sr_1_1136,Prix non disponible,Hiroyuki Takei,"4,6 sur 5 étoiles, détails de l’évaluation",526,Format Kindle,https://m.media-amazon.com/images/I/81HoE+OEczL._AC_UY218_.jpg,2025-09-04T19:26:05.086940,Description non disponible depuis la recherche,Stock non disponible,ISBN non disponible,Éditeur non disponible,Date non disponible,Nombre de pages non disponible,Rang de vente non disponible,Manga,71.0,,
Shaman King Vol. 1,https://www.amazon.fr/Shaman-King-Vol-comiXology-Originals-ebook/dp/B087HS35CT/ref=sr_1_1137,Prix non disponible,Hiroyuki Takei,"4,6 sur 5 étoiles, détails de l’évaluation",526,Format Kindle,https://m.media-amazon.com/images/I/81HoE+OEczL._AC_UY218_.jpg,2025-09-04T19:26:13.807219,Description non disponible depuis la recherche,Stock non disponible,ISBN non disponible,Éditeur non disponible,Date non disponible,Nombre de pages non disponible,Rang de vente non disponible,Manga,72.0,,
Un assistant de rêve T02,https://www.amazon.fr/assistant-r%C3%AAve-T02-White-Eared/dp/2382881194/ref=sr_1_1138,"21,90 €",de White Eared | 24 avril 2024,"4,3 sur 5 étoiles, détails de l’évaluation",12,Broché,https://m.media-amazon.com/images/I/71Ja3qSPmoL._AC_UY218_.jpg,2025-09-04T19:26:13.810041,Description non disponible depuis la recherche,Stock non disponible,ISBN non disponible,Éditeur non disponible,Date non disponible,Nombre de pages non disponible,Rang de vente non disponible,Manga,72.0,,
One Piece - Édition originale - Tome 12: Et ainsi débuta la légende,https://www.amazon.fr/One-Piece-%C3%89dition-originale-l%C3%A9gende/dp/2723492575/ref=sr_1_1139,"7,20 €",Eiichiro Oda,"4,8 sur 5 étoiles, détails de l’évaluation",1 608,Poche,https://m.media-amazon.com/images/I/91ycPpX5yUL._AC_UY218_.jpg,2025-09-04T19:26:13.812529,Description non disponible depuis la recherche,Stock non disponible,ISBN non disponible,Éditeur non disponible,Date non disponible,Nombre de pages non disponible,Rang de vente non disponible,Manga,72.0,,
Kingdom Hearts l'intégrale T02,https://www.amazon.fr/Kingdom-Hearts-lint%C3%A9grale-Tetsuya-Nomura/dp/2373491206/ref=sr_1_1140,"10,90 €",Shiro Amano,"4,8 sur 5 étoiles, détails de l’évaluation",126,Broché,https://m.media-amazon.com/images/I/81VCWnABcjL._AC_UY218_.jpg,2025-09-04T19:26:13.814837,Description non disponible depuis la recherche,Stock non disponible,ISBN non disponible,Éditeur non disponible,Date non disponible,Nombre de pages non disponible,Rang de vente non disponible,Manga,72.0,,
Inside the Tentacle Cave (Manga) Vol. 5,https://www.amazon.fr/Inside-Tentacle-Cave-Manga-Vol/dp/B0DG1NFMMV/ref=sr_1_1141,"14,40 €","Édition en Anglais | de Umetane, Abi, et al. | 3 juin 2025","4,6 sur 5 étoiles, détails de l’évaluation",20,Broché,https://m.media-amazon.com/images/I/81QEdiLsp9L._AC_UY218_.jpg,2025-09-04T19:26:13.818485,Description non disponible depuis la recherche,Stock non disponible,ISBN non disponible,Éditeur non disponible,Date non disponible,Nombre de pages non disponible,Rang de vente non disponible,Manga,72.0,,
Jojo's - Battle Tendency T04,https://www.amazon.fr/Jojos-bizarre-adventure-Saison-Tendency/dp/2756069027/ref=sr_1_1142,"7,29 €",Hirohiko Araki,"4,9 sur 5 étoiles, détails de l’évaluation",125,Broché,https://m.media-amazon.com/images/I/91EHY3g+8iL._AC_UY218_.jpg,2025-09-04T19:26:13.821376,Description non disponible depuis la recherche,Stock non disponible,ISBN non disponible,Éditeur non disponible,Date non disponible,Nombre de pages non disponible,Rang de vente non disponible,Manga,72.0,,
"Pois chiches, lentilles et cie",https://www.amazon.fr/Pois-chiches-lentilles-Delphine-Lebrun/dp/2036062032/ref=sr_1_1143,"9,95 €",Delphine Lebrun,"4,2 sur 5 étoiles, détails de l’évaluation",12,Broché,https://m.media-amazon.com/images/I/812WlvQBuPL._AC_UY218_.jpg,2025-09-04T19:26:13.823346,Description non disponible depuis la recherche,Stock non disponible,ISBN non disponible,Éditeur non disponible,Date non disponible,Nombre de pages non disponible,Rang de vente non disponible,Manga,72.0,,
Minecraft 03: Eine Reise zum Ende der Welt,https://www.amazon.fr/Minecraft-03-Eine-Reise-Ende/dp/3755504839/ref=sr_1_1144,"7,89 €",Édition en Allemand | de Kazuyoshi Seto et Gandalf Bartholomäus | 11 février 2025,"5,0 sur 5 étoiles, détails de l’évaluation",9,Broché,https://m.media-amazon.com/images/I/812QwoIsBxL._AC_UY218_.jpg,2025-09-04T19:26:13.826036,Description non disponible depuis la recherche,Stock non disponible,ISBN non disponible,Éditeur non disponible,Date non disponible,Nombre de pages non disponible,Rang de vente non disponible,Manga,72.0,,
Twisted-Wonderland - La Maison Savanaclaw T02,https://www.amazon.fr/Twisted-Wonderland-Maison-Savanaclaw-Yana-Toboso/dp/2384964720/ref=sr_1_1145,"7,90 €",Yana Toboso,"5,0 sur 5 étoiles, détails de l’évaluation",2,Poche,https://m.media-amazon.com/images/I/81LuToTzTjL._AC_UY218_.jpg,2025-09-04T19:26:13.828085,Description non disponible depuis la recherche,Stock non disponible,ISBN non disponible,Éditeur non disponible,Date non disponible,Nombre de pages non disponible,Rang de vente non disponible,Manga,72.0,,
"Yona, Princesse de l'Aube T44",https://www.amazon.fr/Yona-Princesse-lAube-Mizuho-Kusanagi/dp/B0F4CX7FN2/ref=sr_1_1146,"7,20 €",Mizuho Kusanagi,"5,0 sur 5 étoiles, détails de l’évaluation",5,Poche,https://m.media-amazon.com/images/I/813JMWS7+ZL._AC_UY218_.jpg,2025-09-04T19:26:13.830705,Description non disponible depuis la recherche,Stock non disponible,ISBN non disponible,Éditeur non disponible,Date non disponible,Nombre de pages non disponible,Rang de vente non disponible,Manga,72.0,,
Spy x Family - Tome 15 - collector,https://www.amazon.fr/Spy-x-Family-15-collector/dp/B0FC1XZ228/ref=sr_1_1147,"26,99 €","de Tatsuya Endo, Nathalie Bougon-Bastide, et al. | 9 octobre 2025",Note non disponible,0 avis,Poche,https://m.media-amazon.com/images/I/61jnBwl1vhL._AC_UY218_.jpg,2025-09-04T19:26:13.833310,Description non disponible depuis la recherche,Stock non disponible,ISBN non disponible,Éditeur non disponible,Date non disponible,Nombre de pages non disponible,Rang de vente non disponible,Manga,72.0,,
"Musashi, le samourai solitaire",https://www.amazon.fr/Musashi-samourai-solitaire-loeuvre-Miyamoto/dp/2846171033/ref=sr_1_1148,"15,50 €",William Scott Wilson,"4,6 sur 5 étoiles, détails de l’évaluation",130,Broché,https://m.media-amazon.com/images/I/61YMeokdbxL._AC_UY218_.jpg,2025-09-04T19:26:13.836034,Description non disponible depuis la recherche,Stock non disponible,ISBN non disponible,Éditeur non disponible,Date non disponible,Nombre de pages non disponible,Rang de vente non disponible,Manga,72.0,,
Recueil D'Histoires Courtes,https://www.amazon.fr/Recueil-DHistoires-Courtes-Kaiu-Shirai/dp/2820344836/ref=sr_1_1149,"7,15 €",Posuka Demizu,"4,5 sur 5 étoiles, détails de l’évaluation",28,Broché,https://m.media-amazon.com/images/I/81-Uq9SnmFL._AC_UY218_.jpg,2025-09-04T19:26:13.839021,Description non disponible depuis la recherche,Stock non disponible,ISBN non disponible,Éditeur non disponible,Date non disponible,Nombre de pages non disponible,Rang de vente non disponible,Manga,72.0,,
L'Attaque des Titans - Before the Fall Edition Colossale T03 (L'Attaque des Titans - Before the Fall - Edition Colossale t. 3),https://www.amazon.fr/LAttaque-Titans-Before-Fall-Colossale-ebook/dp/B0C9MR6N31/ref=sr_1_1150,"12,99 €",de Satoshi Shiki et Ryô Suzukaze | 23 août 2023,"4,6 sur 5 étoiles, détails de l’évaluation",16,Format Kindle,https://m.media-amazon.com/images/I/81eCMQ7NXjL._AC_UY218_.jpg,2025-09-04T19:26:13.842020,Description non disponible depuis la recherche,Stock non disponible,ISBN non disponible,Éditeur non disponible,Date non disponible,Nombre de pages non disponible,Rang de vente non disponible,Manga,72.0,,
Jojo's - Steel Ball Run T18,https://www.amazon.fr/Jojos-Steel-Ball-Run-T18/dp/2756056979/ref=sr_1_1151,"7,29 €",Hirohiko Araki,"4,9 sur 5 étoiles, détails de l’évaluation",147,Broché,https://m.media-amazon.com/images/I/91baL-1zAhL._AC_UY218_.jpg,2025-09-04T19:26:13.844956,Description non disponible depuis la recherche,Stock non disponible,ISBN non disponible,Éditeur non disponible,Date non disponible,Nombre de pages non disponible,Rang de vente non disponible,Manga,72.0,,
"Demon Slayer: Kimetsu no Yaiba, Vol. 1",https://www.amazon.fr/Demon-Slayer-Kimetsu-Yaiba-Vol/dp/1974700526/ref=sr_1_1152,"10,87 €",Koyoharu Gotouge,"4,8 sur 5 étoiles, détails de l’évaluation",15 872,Broché,https://m.media-amazon.com/images/I/81ZNkhqRvVL._AC_UY218_.jpg,2025-09-04T19:26:13.847861,Description non disponible depuis la recherche,Stock non disponible,ISBN non disponible,Éditeur non disponible,Date non disponible,Nombre de pages non disponible,Rang de vente non disponible,Manga,72.0,,
"Musashi, le samourai solitaire",https://www.amazon.fr/Musashi-samourai-solitaire-loeuvre-Miyamoto/dp/2846171033/ref=sr_1_1153,"15,50 €",William Scott Wilson,"4,6 sur 5 étoiles, détails de l’évaluation",130,Broché,https://m.media-amazon.com/images/I/61YMeokdbxL._AC_UY218_.jpg,2025-09-04T19:26:23.095251,Description non disponible depuis la recherche,Stock non disponible,ISBN non disponible,Éditeur non disponible,Date non disponible,Nombre de pages non disponible,Rang de vente non disponible,Manga,73.0,,
Recueil D'Histoires Courtes,https://www.amazon.fr/Recueil-DHistoires-Courtes-Kaiu-Shirai/dp/2820344836/ref=sr_1_1154,"7,15 €",Posuka Demizu,"4,5 sur 5 étoiles, détails de l’évaluation",28,Broché,https://m.media-amazon.com/images/I/81-Uq9SnmFL._AC_UY218_.jpg,2025-09-04T19:26:23.098128,Description non disponible depuis la recherche,Stock non disponible,ISBN non disponible,Éditeur non disponible,Date non disponible,Nombre de pages non disponible,Rang de vente non disponible,Manga,73.0,,
L'Attaque des Titans - Before the Fall Edition Colossale T03 (L'Attaque des Titans - Before the Fall - Edition Colossale t. 3),https://www.amazon.fr/LAttaque-Titans-Before-Fall-Colossale-ebook/dp/B0C9MR6N31/ref=sr_1_1155,"12,99 €",de Satoshi Shiki et Ryô Suzukaze | 23 août 2023,"4,6 sur 5 étoiles, détails de l’évaluation",16,Format Kindle,https://m.media-amazon.com/images/I/81eCMQ7NXjL._AC_UY218_.jpg,2025-09-04T19:26:23.101246,Description non disponible depuis la recherche,Stock non disponible,ISBN non disponible,Éditeur non disponible,Date non disponible,Nombre de pages non disponible,Rang de vente non disponible,Manga,73.0,,
Jojo's - Steel Ball Run T18,https://www.amazon.fr/Jojos-Steel-Ball-Run-T18/dp/2756056979/ref=sr_1_1156,"7,29 €",Hirohiko Araki,"4,9 sur 5 étoiles, détails de l’évaluation",147,Broché,https://m.media-amazon.com/images/I/91baL-1zAhL._AC_UY218_.jpg,2025-09-04T19:26:23.104035,Description non disponible depuis la recherche,Stock non disponible,ISBN non disponible,Éditeur non disponible,Date non disponible,Nombre de pages non disponible,Rang de vente non disponible,Manga,73.0,,
"Demon Slayer: Kimetsu no Yaiba, Vol. 1",https://www.amazon.fr/Demon-Slayer-Kimetsu-Yaiba-Vol/dp/1974700526/ref=sr_1_1157,"10,87 €",Koyoharu Gotouge,"4,8 sur 5 étoiles, détails de l’évaluation",15 872,Broché,https://m.media-amazon.com/images/I/81ZNkhqRvVL._AC_UY218_.jpg,2025-09-04T19:26:23.106979,Description non disponible depuis la recherche,Stock non disponible,ISBN non disponible,Éditeur non disponible,Date non disponible,Nombre de pages non disponible,Rang de vente non disponible,Manga,73.0,,
Blue Lock T17,https://www.amazon.fr/Blue-Lock-T17-Muneyuki-Kaneshiro/dp/2811679960/ref=sr_1_1158,"7,20 €",Yusuke Nomura,"4,8 sur 5 étoiles, détails de l’évaluation",128,Poche,https://m.media-amazon.com/images/I/81VD8oQkoZL._AC_UY218_.jpg,2025-09-04T19:26:23.109344,Description non disponible depuis la recherche,Stock non disponible,ISBN non disponible,Éditeur non disponible,Date non disponible,Nombre de pages non disponible,Rang de vente non disponible,Manga,73.0,,
Reine d'Egypte T06 (06),https://www.amazon.fr/Reine-dEgypte-T06-Chie-Inudoh/dp/B07T4RYT86/ref=sr_1_1159,"7,95 €",Chie Inudoh,"4,8 sur 5 étoiles, détails de l’évaluation",130,Broché,https://m.media-amazon.com/images/I/710YqFnrG2L._AC_UY218_.jpg,2025-09-04T19:26:23.111480,Description non disponible depuis la recherche,Stock non disponible,ISBN non disponible,Éditeur non disponible,Date non disponible,Nombre de pages non disponible,Rang de vente non disponible,Manga,73.0,,
Super Mario Manga Adventures T30,https://www.amazon.fr/Super-Mario-Manga-Adventures-T30/dp/2302093283/ref=sr_1_1160,"7,29 €",Yukio Sawada,"4,7 sur 5 étoiles, détails de l’évaluation",33,Broché,https://m.media-amazon.com/images/I/81OUjpmCGRL._AC_UY218_.jpg,2025-09-04T19:26:23.113420,Description non disponible depuis la recherche,Stock non disponible,ISBN non disponible,Éditeur non disponible,Date non disponible,Nombre de pages non disponible,Rang de vente non disponible,Manga,73.0,,
The Brave wish revenging T01,https://www.amazon.fr/Brave-wish-revenging-T01/dp/241303028X/ref=sr_1_1161,"8,50 €","de Hanji, Manmani Ononata, et al. | 13 juillet 2022","4,7 sur 5 étoiles, détails de l’évaluation",55,Broché,https://m.media-amazon.com/images/I/81VJ0bcUMYL._AC_UY218_.jpg,2025-09-04T19:26:23.117085,Description non disponible depuis la recherche,Stock non disponible,ISBN non disponible,Éditeur non disponible,Date non disponible,Nombre de pages non disponible,Rang de vente non disponible,Manga,73.0,,
My Hero Academia - Le Dessin facile,https://www.amazon.fr/My-Hero-Academia-Dessin-facile/dp/B0CKKRQF68/ref=sr_1_1162,"11,90 €",Kohei Horikoshi,"4,6 sur 5 étoiles, détails de l’évaluation",10,Broché,https://m.media-amazon.com/images/I/71EW6W2MP9L._AC_UY218_.jpg,2025-09-04T19:26:23.119334,Description non disponible depuis la recherche,Stock non disponible,ISBN non disponible,Éditeur non disponible,Date non disponible,Nombre de pages non disponible,Rang de vente non disponible,Manga,73.0,,
Solo Camping for Two T04,https://www.amazon.fr/Solo-Camping-Two-Yudai-Debata/dp/2302100654/ref=sr_1_1163,"8,50 €",de Yudai Debata | 26 décembre 2024,"4,4 sur 5 étoiles, détails de l’évaluation",3,Broché,https://m.media-amazon.com/images/I/81lAegzCuCL._AC_UY218_.jpg,2025-09-04T19:26:23.122605,Description non disponible depuis la recherche,Stock non disponible,ISBN non disponible,Éditeur non disponible,Date non disponible,Nombre de pages non disponible,Rang de vente non disponible,Manga,73.0,,
Hunter X Hunter - Tome 4,https://www.amazon.fr/Hunter-X-4-Yoshihiro-Togashi/dp/2871292698/ref=sr_1_1164,"7,30 €",Yoshihiro Togashi,"4,8 sur 5 étoiles, détails de l’évaluation",744,Poche,https://m.media-amazon.com/images/I/81xtKpjO0DL._AC_UY218_.jpg,2025-09-04T19:26:23.125330,Description non disponible depuis la recherche,Stock non disponible,ISBN non disponible,Éditeur non disponible,Date non disponible,Nombre de pages non disponible,Rang de vente non disponible,Manga,73.0,,
Fairy Tail - 100 Years Quest T05,https://www.amazon.fr/Fairy-Tail-100-Years-Quest/dp/2811655603/ref=sr_1_1165,"7,20 €",Hiro Mashima,"4,8 sur 5 étoiles, détails de l’évaluation",677,Poche,https://m.media-amazon.com/images/I/91hX6lUcIjL._AC_UY218_.jpg,2025-09-04T19:26:23.127919,Description non disponible depuis la recherche,Stock non disponible,ISBN non disponible,Éditeur non disponible,Date non disponible,Nombre de pages non disponible,Rang de vente non disponible,Manga,73.0,,
ENNEAD Vol. 1 [Mature Hardcover],https://www.amazon.fr/ENNEAD-Vol-1-Mature-Hardcover/dp/B0C6SP5H4M/ref=sr_1_1166,"27,08 €",Mojito,"4,8 sur 5 étoiles, détails de l’évaluation",241,Relié,https://m.media-amazon.com/images/I/81Mn5mdAuKL._AC_UY218_.jpg,2025-09-04T19:26:23.130772,Description non disponible depuis la recherche,Stock non disponible,ISBN non disponible,Éditeur non disponible,Date non disponible,Nombre de pages non disponible,Rang de vente non disponible,Manga,73.0,,
Real - Tome 1,https://www.amazon.fr/Real-1-INOUE-Takehiko/dp/2871297096/ref=sr_1_1167,"9,25 €",Takehiko Inoue,"4,8 sur 5 étoiles, détails de l’évaluation",54,Broché,https://m.media-amazon.com/images/I/81WjsfXio7L._AC_UY218_.jpg,2025-09-04T19:26:23.133511,Description non disponible depuis la recherche,Stock non disponible,ISBN non disponible,Éditeur non disponible,Date non disponible,Nombre de pages non disponible,Rang de vente non disponible,Manga,73.0,,
"Plum, un amour de chat T09",https://www.amazon.fr/Plum-amour-chat-Natsumi-Hoshino/dp/2302048938/ref=sr_1_1168,"8,50 €",HOSHINO-N,"4,9 sur 5 étoiles, détails de l’évaluation",43,Broché,https://m.media-amazon.com/images/I/91-pHUtJ3YL._AC_UY218_.jpg,2025-09-04T19:26:23.135586,Description non disponible depuis la recherche,Stock non disponible,ISBN non disponible,Éditeur non disponible,Date non disponible,Nombre de pages non disponible,Rang de vente non disponible,Manga,73.0,,
Real - Tome 1,https://www.amazon.fr/Real-1-INOUE-Takehiko/dp/2871297096/ref=sr_1_1169,"9,25 €",Takehiko Inoue,"4,8 sur 5 étoiles, détails de l’évaluation",54,Broché,https://m.media-amazon.com/images/I/81WjsfXio7L._AC_UY218_.jpg,2025-09-04T19:26:32.662432,Description non disponible depuis la recherche,Stock non disponible,ISBN non disponible,Éditeur non disponible,Date non disponible,Nombre de pages non disponible,Rang de vente non disponible,Manga,74.0,,
"Plum, un amour de chat T09",https://www.amazon.fr/Plum-amour-chat-Natsumi-Hoshino/dp/2302048938/ref=sr_1_1170,"8,50 €",HOSHINO-N,"4,9 sur 5 étoiles, détails de l’évaluation",43,Broché,https://m.media-amazon.com/images/I/91-pHUtJ3YL._AC_UY218_.jpg,2025-09-04T19:26:32.664654,Description non disponible depuis la recherche,Stock non disponible,ISBN non disponible,Éditeur non disponible,Date non disponible,Nombre de pages non disponible,Rang de vente non disponible,Manga,74.0,,
Neon Genesis Evangelion Perfect Edition - Tome 02,https://www.amazon.fr/Neon-Genesis-Evangelion-%C3%89dition-originale/dp/2344048642/ref=sr_1_1171,"14,95 €",Yoshiyuki Sadamoto,"4,8 sur 5 étoiles, détails de l’évaluation",87,Broché,https://m.media-amazon.com/images/I/71HIR-gl6tL._AC_UY218_.jpg,2025-09-04T19:26:32.666753,Description non disponible depuis la recherche,Stock non disponible,ISBN non disponible,Éditeur non disponible,Date non disponible,Nombre de pages non disponible,Rang de vente non disponible,Manga,74.0,,
The Villainess Who Longed for Death Is Taken by Desire (Romance Manga) (English Edition),https://www.amazon.fr/Villainess-Longed-Desire-Romance-English-ebook/dp/B0FNVS17ZM/ref=sr_1_1172,"5,04 €",Édition en Anglais | de MITSUKI MASAKI et KINOBORI | 3 septembre 2025,Note non disponible,0 avis,Format Kindle,https://m.media-amazon.com/images/I/81ujzaRcRkL._AC_UY218_.jpg,2025-09-04T19:26:32.669035,Description non disponible depuis la recherche,Stock non disponible,ISBN non disponible,Éditeur non disponible,Date non disponible,Nombre de pages non disponible,Rang de vente non disponible,Manga,74.0,,
Mon coffret Mange-doudous,https://www.amazon.fr/coffret-mange-doudous-Beziat-julien/dp/B08B3792BK/ref=sr_1_1173,"19,00 €",Julien Béziat,"5,0 sur 5 étoiles, détails de l’évaluation",5,Broché,https://m.media-amazon.com/images/I/81Bm0xGbR7L._AC_UY218_.jpg,2025-09-04T19:26:32.671840,Description non disponible depuis la recherche,Stock non disponible,ISBN non disponible,Éditeur non disponible,Date non disponible,Nombre de pages non disponible,Rang de vente non disponible,Manga,74.0,,
Nina du royaume aux étoiles - Tome 8,https://www.amazon.fr/Nina-royaume-aux-%C3%A9toiles-Rikachi/dp/2749955769/ref=sr_1_1174,"7,95 €",Rikachi,Nina du royaume aux étoiles - Tome 8,31,Poche,https://m.media-amazon.com/images/I/71Dl2sTD5KL._AC_UY218_.jpg,2025-09-04T19:26:32.674869,Description non disponible depuis la recherche,Stock non disponible,ISBN non disponible,Éditeur non disponible,Date non disponible,Nombre de pages non disponible,Rang de vente non disponible,Manga,74.0,,
Naruto - Tome 19,https://www.amazon.fr/Naruto-19-Masashi-Kishimoto/dp/2871298165/ref=sr_1_1175,"7,30 €",Masashi Kishimoto,"4,8 sur 5 étoiles, détails de l’évaluation",871,Broché,https://m.media-amazon.com/images/I/81QiP1+7UQL._AC_UY218_.jpg,2025-09-04T19:26:32.678226,Description non disponible depuis la recherche,Stock non disponible,ISBN non disponible,Éditeur non disponible,Date non disponible,Nombre de pages non disponible,Rang de vente non disponible,Manga,74.0,,
Claymore - Tome 05: Histoire de guerrières,https://www.amazon.fr/Claymore-Vol-5-YAGI-Norihiro/dp/2723457583/ref=sr_1_1176,"7,20 €",Norihiro Yagi,"4,9 sur 5 étoiles, détails de l’évaluation",80,Broché,https://m.media-amazon.com/images/I/911IXAzjyHL._AC_UY218_.jpg,2025-09-04T19:26:32.681115,Description non disponible depuis la recherche,Stock non disponible,ISBN non disponible,Éditeur non disponible,Date non disponible,Nombre de pages non disponible,Rang de vente non disponible,Manga,74.0,,
Splatoon - La Contrée Clabousse T05,https://www.amazon.fr/Splatoon-Contr%C3%A9e-Clabousse-Sankichi-Hinodeya/dp/2302106008/ref=sr_1_1177,"8,50 €",Sankichi Hinodeya,"5,0 sur 5 étoiles, détails de l’évaluation",8,Broché,https://m.media-amazon.com/images/I/8153RokS9+L._AC_UY218_.jpg,2025-09-04T19:26:32.683231,Description non disponible depuis la recherche,Stock non disponible,ISBN non disponible,Éditeur non disponible,Date non disponible,Nombre de pages non disponible,Rang de vente non disponible,Manga,74.0,,
Red Eyes Sword - Akame Ga Kill - tome 1,https://www.amazon.fr/Red-Eyes-Sword-Akame-Kill/dp/2380713871/ref=sr_1_1178,"3,00 €",Tetsuya Tashiro,"4,8 sur 5 étoiles, détails de l’évaluation",136,Poche,https://m.media-amazon.com/images/I/61H2KOvAB8L._AC_UY218_.jpg,2025-09-04T19:26:32.686236,Description non disponible depuis la recherche,Stock non disponible,ISBN non disponible,Éditeur non disponible,Date non disponible,Nombre de pages non disponible,Rang de vente non disponible,Manga,74.0,,
"Yona, Princesse de l'Aube T03",https://www.amazon.fr/Yona-Princesse-lAube-KUSANAGI-Mizuho/dp/2811616160/ref=sr_1_1179,"7,20 €",Mizuho Kusanagi,"4,8 sur 5 étoiles, détails de l’évaluation",167,Broché,https://m.media-amazon.com/images/I/91nxik4XA6L._AC_UY218_.jpg,2025-09-04T19:26:32.689704,Description non disponible depuis la recherche,Stock non disponible,ISBN non disponible,Éditeur non disponible,Date non disponible,Nombre de pages non disponible,Rang de vente non disponible,Manga,74.0,,
Histoire du polar,https://www.amazon.fr/Histoire-du-polar-Claire-Caland/dp/2731682256/ref=sr_1_1180,"24,95 €",de Claire Caland et Sandrine Kerion | 5 mars 2025,"5,0 sur 5 étoiles, détails de l’évaluation",1,Relié,https://m.media-amazon.com/images/I/61o+d990iPL._AC_UY218_.jpg,2025-09-04T19:26:32.692494,Description non disponible depuis la recherche,Stock non disponible,ISBN non disponible,Éditeur non disponible,Date non disponible,Nombre de pages non disponible,Rang de vente non disponible,Manga,74.0,,
Super Mario Manga Adventures T04,https://www.amazon.fr/Super-Mario-Manga-Adventures-T4/dp/2302045882/ref=sr_1_1181,"7,29 €",Yukio Sawada,"4,9 sur 5 étoiles, détails de l’évaluation",422,Broché,https://m.media-amazon.com/images/I/81USYCGeAWL._AC_UY218_.jpg,2025-09-04T19:26:32.694553,Description non disponible depuis la recherche,Stock non disponible,ISBN non disponible,Éditeur non disponible,Date non disponible,Nombre de pages non disponible,Rang de vente non disponible,Manga,74.0,,
"Yona, Princesse de l'Aube T02",https://www.amazon.fr/Yona-Princesse-lAube-KUSANAGI-Mizuho/dp/2811615466/ref=sr_1_1182,"7,20 €",Mizuho Kusanagi,"4,8 sur 5 étoiles, détails de l’évaluation",153,Tankobon broché,https://m.media-amazon.com/images/I/91+l9YSawvL._AC_UY218_.jpg,2025-09-04T19:26:32.697529,Description non disponible depuis la recherche,Stock non disponible,ISBN non disponible,Éditeur non disponible,Date non disponible,Nombre de pages non disponible,Rang de vente non disponible,Manga,74.0,,
Secrets of Magical Stones - Tome 1,https://www.amazon.fr/Secrets-Magical-Stones-1-MARIMUU/dp/2379501440/ref=sr_1_1183,"8,35 €",de MARIMUU | 3 septembre 2021,"4,7 sur 5 étoiles, détails de l’évaluation",21,Broché,https://m.media-amazon.com/images/I/915f5KzvMPL._AC_UY218_.jpg,2025-09-04T19:26:32.700060,Description non disponible depuis la recherche,Stock non disponible,ISBN non disponible,Éditeur non disponible,Date non disponible,Nombre de pages non disponible,Rang de vente non disponible,Manga,74.0,,
Naruto - édition Hokage - Tome 21,https://www.amazon.fr/Naruto-%C3%A9dition-Hokage-Masashi-Kishimoto/dp/2505116873/ref=sr_1_1184,"15,95 €",Masashi Kishimoto,"5,0 sur 5 étoiles, détails de l’évaluation",17,Broché,https://m.media-amazon.com/images/I/81CamomydJL._AC_UY218_.jpg,2025-09-04T19:26:32.702101,Description non disponible depuis la recherche,Stock non disponible,ISBN non disponible,Éditeur non disponible,Date non disponible,Nombre de pages non disponible,Rang de vente non disponible,Manga,74.0,,
Secrets of Magical Stones - Tome 1,https://www.amazon.fr/Secrets-Magical-Stones-1-MARIMUU/dp/2379501440/ref=sr_1_1185,"8,35 €",de MARIMUU | 3 septembre 2021,"4,7 sur 5 étoiles, détails de l’évaluation",21,Broché,https://m.media-amazon.com/images/I/915f5KzvMPL._AC_UY218_.jpg,2025-09-04T19:26:41.542603,Description non disponible depuis la recherche,Stock non disponible,ISBN non disponible,Éditeur non disponible,Date non disponible,Nombre de pages non disponible,Rang de vente non disponible,Manga,75.0,,
Naruto - édition Hokage - Tome 21,https://www.amazon.fr/Naruto-%C3%A9dition-Hokage-Masashi-Kishimoto/dp/2505116873/ref=sr_1_1186,"15,95 €",Masashi Kishimoto,"5,0 sur 5 étoiles, détails de l’évaluation",17,Broché,https://m.media-amazon.com/images/I/81CamomydJL._AC_UY218_.jpg,2025-09-04T19:26:41.545622,Description non disponible depuis la recherche,Stock non disponible,ISBN non disponible,Éditeur non disponible,Date non disponible,Nombre de pages non disponible,Rang de vente non disponible,Manga,75.0,,
Parasite - Édition originale - Tome 05,https://www.amazon.fr/Parasite-%C3%89dition-originale-Hitoshi-Iwaaki/dp/2344039635/ref=sr_1_1187,"10,95 €",Hitoshi Iwaaki,"4,9 sur 5 étoiles, détails de l’évaluation",89,Poche,https://m.media-amazon.com/images/I/71sjB85qcJL._AC_UY218_.jpg,2025-09-04T19:26:41.550824,Description non disponible depuis la recherche,Stock non disponible,ISBN non disponible,Éditeur non disponible,Date non disponible,Nombre de pages non disponible,Rang de vente non disponible,Manga,75.0,,
Capeta T01,https://www.amazon.fr/Capeta-T01-SODA-MASAHITO/dp/2383162507/ref=sr_1_1188,"7,95 €",Masahito Soda,"4,9 sur 5 étoiles, détails de l’évaluation",18,Poche,https://m.media-amazon.com/images/I/81VwjqxDpjL._AC_UY218_.jpg,2025-09-04T19:26:41.553184,Description non disponible depuis la recherche,Stock non disponible,ISBN non disponible,Éditeur non disponible,Date non disponible,Nombre de pages non disponible,Rang de vente non disponible,Manga,75.0,,
Sous le ciel de Tokyo T02,https://www.amazon.fr/Sous-ciel-Tokyo-Seiho-Takizawa-ebook/dp/B0FNCWPV4H/ref=sr_1_1189,"4,99 €",de Seiho Takizawa | 27 août 2025,"4,7 sur 5 étoiles, détails de l’évaluation",16,Format Kindle,https://m.media-amazon.com/images/I/819wy4-CSbL._AC_UY218_.jpg,2025-09-04T19:26:41.556559,Description non disponible depuis la recherche,Stock non disponible,ISBN non disponible,Éditeur non disponible,Date non disponible,Nombre de pages non disponible,Rang de vente non disponible,Manga,75.0,,
Looking up to Magical Girls (Tomes 10 & 11 ) - Édition Collector Limitée,https://www.amazon.fr/Looking-Magical-Girls-Tomes-Collector/dp/2385035448/ref=sr_1_1190,"19,95 €",de Akihiro Ononaka | 21 août 2025,Note non disponible,0 avis,Poche,https://m.media-amazon.com/images/I/91+bHVWTLDL._AC_UY218_.jpg,2025-09-04T19:26:41.558946,Description non disponible depuis la recherche,Stock non disponible,ISBN non disponible,Éditeur non disponible,Date non disponible,Nombre de pages non disponible,Rang de vente non disponible,Manga,75.0,,
Chat de yakuza - vol. 01,https://www.amazon.fr/Chat-yakuza-vol-Riddle-KAMIMURA/dp/2818993466/ref=sr_1_1191,"7,50 €",Riddle KAMIMURA,"4,7 sur 5 étoiles, détails de l’évaluation",42,Poche,https://m.media-amazon.com/images/I/71mYbgLkTqL._AC_UY218_.jpg,2025-09-04T19:26:41.561005,Description non disponible depuis la recherche,Stock non disponible,ISBN non disponible,Éditeur non disponible,Date non disponible,Nombre de pages non disponible,Rang de vente non disponible,Manga,75.0,,
L'île aux étudiantes brûlantes,https://www.amazon.fr/L%C3%AEle-%C3%A9tudiantes-br%C3%BBlantes-Ogino-Satoshi/dp/2385041049/ref=sr_1_1192,"11,95 €",de Ogino Satoshi | 21 août 2025,Note non disponible,0 avis,Poche,https://m.media-amazon.com/images/I/81lQ2dNb20L._AC_UY218_.jpg,2025-09-04T19:26:41.563463,Description non disponible depuis la recherche,Stock non disponible,ISBN non disponible,Éditeur non disponible,Date non disponible,Nombre de pages non disponible,Rang de vente non disponible,Manga,75.0,,
Fairy Tail - 100 Years Quest T04,https://www.amazon.fr/Fairy-Tail-100-Years-Quest/dp/2811652310/ref=sr_1_1193,"7,20 €",Atsuo Ueda,"4,8 sur 5 étoiles, détails de l’évaluation",786,Poche,https://m.media-amazon.com/images/I/91WZvzDnkrL._AC_UY218_.jpg,2025-09-04T19:26:41.566214,Description non disponible depuis la recherche,Stock non disponible,ISBN non disponible,Éditeur non disponible,Date non disponible,Nombre de pages non disponible,Rang de vente non disponible,Manga,75.0,,
Real - Tome 2,https://www.amazon.fr/Real-2-INOUE-Takehiko/dp/287129710X/ref=sr_1_1194,"9,25 €",Takehiko Inoue,"4,8 sur 5 étoiles, détails de l’évaluation",41,Broché,https://m.media-amazon.com/images/I/7181gAwL5ML._AC_UY218_.jpg,2025-09-04T19:26:41.568900,Description non disponible depuis la recherche,Stock non disponible,ISBN non disponible,Éditeur non disponible,Date non disponible,Nombre de pages non disponible,Rang de vente non disponible,Manga,75.0,,
The Legend of Zelda - Twilight Princess T07,https://www.amazon.fr/Legend-Zelda-Twilight-Princess-T07/dp/2302079213/ref=sr_1_1195,"8,50 €",Nintendo,"4,9 sur 5 étoiles, détails de l’évaluation",494,Broché,https://m.media-amazon.com/images/I/81fvd7f3GQL._AC_UY218_.jpg,2025-09-04T19:26:41.571062,Description non disponible depuis la recherche,Stock non disponible,ISBN non disponible,Éditeur non disponible,Date non disponible,Nombre de pages non disponible,Rang de vente non disponible,Manga,75.0,,
"agenda scolaire 2025 2026 chat kawaii: Aussi pratique que craquant : avec son adorable chat kawaii dégustant un bol de ramen, il transformera chaque ... pleine de bonne humeur et de créativité.",https://www.amazon.fr/agenda-scolaire-2025-2026-kawaii/dp/B0FH4F7YHD/ref=sr_1_1196,"13,62 €",de Little Uchiwaze | 4 juillet 2025,Note non disponible,0 avis,Broché,https://m.media-amazon.com/images/I/61vBMcTnlQL._AC_UY218_.jpg,2025-09-04T19:26:41.573823,Description non disponible depuis la recherche,Stock non disponible,ISBN non disponible,Éditeur non disponible,Date non disponible,Nombre de pages non disponible,Rang de vente non disponible,Manga,75.0,,
"So I'm a Spider, So What? T10",https://www.amazon.fr/So-Im-Spider-What-T10/dp/2811668624/ref=sr_1_1197,"7,70 €",Okina Baba,"4,8 sur 5 étoiles, détails de l’évaluation",73,Poche,https://m.media-amazon.com/images/I/71Gu2Iw88JL._AC_UY218_.jpg,2025-09-04T19:26:41.576707,Description non disponible depuis la recherche,Stock non disponible,ISBN non disponible,Éditeur non disponible,Date non disponible,Nombre de pages non disponible,Rang de vente non disponible,Manga,75.0,,
Une aventure Classic de Tanguy & Laverdure - Tome 7 - Une Taupe chez les Cigognes,https://www.amazon.fr/Une-aventure-Classic-Tanguy-Laverdure/dp/2205212974/ref=sr_1_1198,"16,50 €",de Buendia Patrice et Durand Matthieu | 29 août 2025,"4,0 sur 5 étoiles, détails de l’évaluation",1,Broché,https://m.media-amazon.com/images/I/81NDPhq44jL._AC_UY218_.jpg,2025-09-04T19:26:41.579135,Description non disponible depuis la recherche,Stock non disponible,ISBN non disponible,Éditeur non disponible,Date non disponible,Nombre de pages non disponible,Rang de vente non disponible,Manga,75.0,,
Seven Deadly Sins T30,https://www.amazon.fr/Seven-Deadly-Sins-Nakaba-Suzuki/dp/2811645691/ref=sr_1_1199,"7,20 €",Nakaba Suzuki,"4,8 sur 5 étoiles, détails de l’évaluation",169,Poche,https://m.media-amazon.com/images/I/91ATMnMMoFL._AC_UY218_.jpg,2025-09-04T19:26:41.581703,Description non disponible depuis la recherche,Stock non disponible,ISBN non disponible,Éditeur non disponible,Date non disponible,Nombre de pages non disponible,Rang de vente non disponible,Manga,75.0,,
Sailor Moon T12,https://www.amazon.fr/Sailor-Moon-T12-Naoko-Takeuchi/dp/2811607242/ref=sr_1_1200,"7,20 €",Naoko Takeuchi,"4,8 sur 5 étoiles, détails de l’évaluation",225,Poche,https://m.media-amazon.com/images/I/81Uah8ZVv1L._AC_UY218_.jpg,2025-09-04T19:26:41.584146,Description non disponible depuis la recherche,Stock non disponible,ISBN non disponible,Éditeur non disponible,Date non disponible,Nombre de pages non disponible,Rang de vente non disponible,Manga,75.0,,
