titre,url,prix,auteur,note,nombre_avis,format,image_url,date_scraping,description,stock,isbn,editeur,date_publication,pages,rang_vente,categorie,page_source,image,etoiles
"La Première loi, T3 : Dernier combat",https://www.amazon.fr/Premi%C3%A8re-loi-T3-Dernier-combat/dp/B07B5WFTCX/ref=sr_1_323,"12,90 €",Joe Abercrombie,"4,6 sur 5 étoiles, détails de l’évaluation",473,Broché,https://m.media-amazon.com/images/I/81NtS1LnDvL._AC_UY218_.jpg,2025-09-04T08:48:06.317148,Description non disponible depuis la recherche,Stock non disponible,ISBN non disponible,Éditeur non disponible,Date non disponible,Nombre de pages non disponible,Rang de vente non disponible,Biographies,21.0,,
"La Cour de l’Hiver: Les Secrets du Givre et de la Neige, T1",https://www.amazon.fr/Cour-lHiver-Secrets-Givre-Neige-ebook/dp/B0DYPHX73X/ref=sr_1_324,"7,99 €",Krista Street,"4,3 sur 5 étoiles, détails de l’évaluation",38,Format Kindle,https://m.media-amazon.com/images/I/81lsW2d6kyL._AC_UY218_.jpg,2025-09-04T08:48:06.320287,Description non disponible depuis la recherche,Stock non disponible,ISBN non disponible,Éditeur non disponible,Date non disponible,Nombre de pages non disponible,Rang de vente non disponible,Biographies,21.0,,
La Trilogie des fourmis,https://www.amazon.fr/Trilogie-fourmis-Bernard-Werber/dp/2253072982/ref=sr_1_325,"26,90 €",Bernard Werber,"4,6 sur 5 étoiles, détails de l’évaluation",352,Broché,https://m.media-amazon.com/images/I/71OFry-zm+L._AC_UY218_.jpg,2025-09-04T08:48:06.322330,Description non disponible depuis la recherche,Stock non disponible,ISBN non disponible,Éditeur non disponible,Date non disponible,Nombre de pages non disponible,Rang de vente non disponible,Biographies,21.0,,
"La Guilde des Ombres, tome 3 : Le Don de Vie: La Guilde des ombres, tome 3 (3)",https://www.amazon.fr/Guilde-Ombres-Don-Vie-ombres/dp/226632537X/ref=sr_1_326,"12,90 €",Anna Triss,"4,8 sur 5 étoiles, détails de l’évaluation",453,Poche,https://m.media-amazon.com/images/I/71xk7U4gVqL._AC_UY218_.jpg,2025-09-04T08:48:06.325634,Description non disponible depuis la recherche,Stock non disponible,ISBN non disponible,Éditeur non disponible,Date non disponible,Nombre de pages non disponible,Rang de vente non disponible,Biographies,21.0,,
Le Trône du prisonnier - Relié,https://www.amazon.fr/Tr%C3%B4ne-du-prisonnier-Reli%C3%A9/dp/270028013X/ref=sr_1_327,"25,90 €",Holly Black,"4,5 sur 5 étoiles, détails de l’évaluation",64,Relié,https://m.media-amazon.com/images/I/71w872xP-lL._AC_UY218_.jpg,2025-09-04T08:48:06.329078,Description non disponible depuis la recherche,Stock non disponible,ISBN non disponible,Éditeur non disponible,Date non disponible,Nombre de pages non disponible,Rang de vente non disponible,Biographies,21.0,,
L'héritier des loups,https://www.amazon.fr/Lh%C3%A9ritier-loups-Jupiter-Phaeton/dp/238401160X/ref=sr_1_328,"12,90 €",Jupiter Phaeton,"4,7 sur 5 étoiles, détails de l’évaluation",1 843,Broché,https://m.media-amazon.com/images/I/71ERwkoyqVL._AC_UY218_.jpg,2025-09-04T08:48:06.331958,Description non disponible depuis la recherche,Stock non disponible,ISBN non disponible,Éditeur non disponible,Date non disponible,Nombre de pages non disponible,Rang de vente non disponible,Biographies,21.0,,
Harry Potter and the Philosopher’s Stone: MinaLima Edition,https://www.amazon.fr/Harry-Potter-Philosophers-Stone-MinaLima/dp/1526626586/ref=sr_1_329,"41,00 €",J.K. Rowling,"4,8 sur 5 étoiles, détails de l’évaluation",7 232,Relié,https://m.media-amazon.com/images/I/91r0dvXhNGL._AC_UY218_.jpg,2025-09-04T08:48:06.334442,Description non disponible depuis la recherche,Stock non disponible,ISBN non disponible,Éditeur non disponible,Date non disponible,Nombre de pages non disponible,Rang de vente non disponible,Biographies,21.0,,
"La Première loi, T2 : Haut et court",https://www.amazon.fr/Premi%C3%A8re-loi-T2-Haut-court/dp/B076BJJF4N/ref=sr_1_330,"9,95 €",Joe Abercrombie,"4,5 sur 5 étoiles, détails de l’évaluation",542,Broché,https://m.media-amazon.com/images/I/91DHsGYVbuL._AC_UY218_.jpg,2025-09-04T08:48:06.337905,Description non disponible depuis la recherche,Stock non disponible,ISBN non disponible,Éditeur non disponible,Date non disponible,Nombre de pages non disponible,Rang de vente non disponible,Biographies,21.0,,
L'ombre sous la glace (L'académie du feu t. 4),https://www.amazon.fr/Lombre-sous-glace-Lacad%C3%A9mie-feu-ebook/dp/B0F1L46Z43/ref=sr_1_333,"16,90 €",Jupiter Phaeton,"4,7 sur 5 étoiles, détails de l’évaluation",726,Format Kindle,https://m.media-amazon.com/images/I/91ffxA+mIrL._AC_UY218_.jpg,2025-09-04T08:48:06.346575,Description non disponible depuis la recherche,Stock non disponible,ISBN non disponible,Éditeur non disponible,Date non disponible,Nombre de pages non disponible,Rang de vente non disponible,Biographies,21.0,,
"La Roue du Temps, T5 : Le Dragon Réincarné - première partie",https://www.amazon.fr/Roue-Temps-T3-1-R%C3%A9incarn%C3%A9-premi%C3%A8re/dp/B07PB1S58R/ref=sr_1_334,"9,95 €",Robert Jordan,"4,9 sur 5 étoiles, détails de l’évaluation",240,Poche,https://m.media-amazon.com/images/I/91hTMQ9ceWL._AC_UY218_.jpg,2025-09-04T08:48:06.348681,Description non disponible depuis la recherche,Stock non disponible,ISBN non disponible,Éditeur non disponible,Date non disponible,Nombre de pages non disponible,Rang de vente non disponible,Biographies,21.0,,
"La Trilogie de la Bibliothèque, T2 : Le livre qui brisa le monde",https://www.amazon.fr/Trilogie-Biblioth%C3%A8que-T2-livre-brisa/dp/B0F328DM7G/ref=sr_1_335,"28,00 €",Mark Lawrence,"4,6 sur 5 étoiles, détails de l’évaluation",13,Relié,https://m.media-amazon.com/images/I/81V4lzwxPEL._AC_UY218_.jpg,2025-09-04T08:48:06.352102,Description non disponible depuis la recherche,Stock non disponible,ISBN non disponible,Éditeur non disponible,Date non disponible,Nombre de pages non disponible,Rang de vente non disponible,Biographies,21.0,,
Atalante (relié collector),https://www.amazon.fr/Atalante-reli%C3%A9-collector-Jennifer-Saint/dp/2385601362/ref=sr_1_336,"26,90 €",de Jennifer Saint et Laurent Queyssi | 28 août 2025,Note non disponible,0 avis,Relié,https://m.media-amazon.com/images/I/618CgB7rVkL._AC_UY218_.jpg,2025-09-04T08:48:06.354783,Description non disponible depuis la recherche,Stock non disponible,ISBN non disponible,Éditeur non disponible,Date non disponible,Nombre de pages non disponible,Rang de vente non disponible,Biographies,21.0,,
"A Court of Wings and Ruin: The third book in the GLOBALLY BESTSELLING, SENSATIONAL series (A Court of Thorns and Roses 3) (English Edition)",https://www.amazon.fr/Court-Wings-Ruin-Sarah-Maas-ebook/dp/B01LWIYWPB/ref=sr_1_337,"10,22 €",Sarah J. Maas,"4,7 sur 5 étoiles, détails de l’évaluation",252 243,Format Kindle,https://m.media-amazon.com/images/I/81csincCSbL._AC_UY218_.jpg,2025-09-04T08:48:06.358243,Description non disponible depuis la recherche,Stock non disponible,ISBN non disponible,Éditeur non disponible,Date non disponible,Nombre de pages non disponible,Rang de vente non disponible,Biographies,21.0,,
La belle au bois dormant,https://www.amazon.fr/belle-au-bois-dormant/dp/2849336688/ref=sr_1_338,"14,90 €",Louis-Pier Sicard,"4,7 sur 5 étoiles, détails de l’évaluation",180,Broché,https://m.media-amazon.com/images/I/61-GUqQeYKL._AC_UY218_.jpg,2025-09-04T08:48:06.361048,Description non disponible depuis la recherche,Stock non disponible,ISBN non disponible,Éditeur non disponible,Date non disponible,Nombre de pages non disponible,Rang de vente non disponible,Biographies,21.0,,
Heaven Official's Blessing: Tian Guan Ci Fu (Deluxe Hardcover Novel) Vol. 6,https://www.amazon.fr/Heaven-Officials-Blessing-Deluxe-Hardcover/dp/B0DYNBC7R7/ref=sr_1_339,"27,20 €",Mo Xiang Tong Xiu,"4,9 sur 5 étoiles, détails de l’évaluation",2 587,Relié,https://m.media-amazon.com/images/I/81W2JNcbBuL._AC_UY218_.jpg,2025-09-04T08:48:06.364569,Description non disponible depuis la recherche,Stock non disponible,ISBN non disponible,Éditeur non disponible,Date non disponible,Nombre de pages non disponible,Rang de vente non disponible,Biographies,21.0,,
Le Don de Mort. Partie 1: La Guilde des Ombres 1,https://www.amazon.fr/Don-Mort-Partie-Guilde-Ombres/dp/B08XKM69HN/ref=sr_1_340,"0,00 €",Livres audio Audible,"4,7 sur 5 étoiles, détails de l’évaluation",748,Livres audio Audible,https://m.media-amazon.com/images/I/91zTsu4d4RL._AC_UY218_.jpg,2025-09-04T08:48:06.367865,Description non disponible depuis la recherche,Stock non disponible,ISBN non disponible,Éditeur non disponible,Date non disponible,Nombre de pages non disponible,Rang de vente non disponible,Biographies,21.0,,
Deux couronnes corrompues (relié collector) - Tome 02,https://www.amazon.fr/Deux-couronnes-corrompues-reli%C3%A9-collector/dp/2385600870/ref=sr_1_339,"26,90 €",Rachel Gillig,"4,6 sur 5 étoiles, détails de l’évaluation",93,Relié,https://m.media-amazon.com/images/I/719u2blcDkL._AC_UY218_.jpg,2025-09-04T08:48:14.649084,Description non disponible depuis la recherche,Stock non disponible,ISBN non disponible,Éditeur non disponible,Date non disponible,Nombre de pages non disponible,Rang de vente non disponible,Biographies,22.0,,
Throne of Glass: From the # 1 Sunday Times best-selling author of A Court of Thorns and Roses (English Edition),https://www.amazon.fr/Throne-Glass-Sarah-J-Maas-ebook/dp/B008BJ3RP2/ref=sr_1_340,"8,99 €",Sarah J. Maas,"4,4 sur 5 étoiles, détails de l’évaluation",154 233,Format Kindle,https://m.media-amazon.com/images/I/81BhKoQowbL._AC_UY218_.jpg,2025-09-04T08:48:14.652519,Description non disponible depuis la recherche,Stock non disponible,ISBN non disponible,Éditeur non disponible,Date non disponible,Nombre de pages non disponible,Rang de vente non disponible,Biographies,22.0,,
La Maison de Fléau et de Sang - Tome 01 Ordre et Chaos (relié collector) (01),https://www.amazon.fr/Maison-Fl%C3%A9au-Sang-Ordre-collector/dp/2378767463/ref=sr_1_341,"26,90 €",Alexis Menard,"2,0 sur 5 étoiles, détails de l’évaluation",1,Relié,https://m.media-amazon.com/images/I/716wql88XxL._AC_UY218_.jpg,2025-09-04T08:48:14.655807,Description non disponible depuis la recherche,Stock non disponible,ISBN non disponible,Éditeur non disponible,Date non disponible,Nombre de pages non disponible,Rang de vente non disponible,Biographies,22.0,,
Ça te fait mal ? - broché,https://www.amazon.fr/%C3%87a-te-fait-mal-broch%C3%A9/dp/2385661160/ref=sr_1_342,"20,00 €",H. D. Carlton,"4,1 sur 5 étoiles, détails de l’évaluation",77,Broché,https://m.media-amazon.com/images/I/719mqxYf5LL._AC_UY218_.jpg,2025-09-04T08:48:14.658628,Description non disponible depuis la recherche,Stock non disponible,ISBN non disponible,Éditeur non disponible,Date non disponible,Nombre de pages non disponible,Rang de vente non disponible,Biographies,22.0,,
Le lien du temps: Tome 2 : l'équilibre Aetherys,https://www.amazon.fr/lien-temps-l%C3%A9quilibre-Aetherys/dp/B0FNTR1FWF/ref=sr_1_343,"23,00 €",Hélèna Ravenwood,"4,9 sur 5 étoiles, détails de l’évaluation",12,Broché,https://m.media-amazon.com/images/I/61GjCXpkZtL._AC_UY218_.jpg,2025-09-04T08:48:14.660901,Description non disponible depuis la recherche,Stock non disponible,ISBN non disponible,Éditeur non disponible,Date non disponible,Nombre de pages non disponible,Rang de vente non disponible,Biographies,22.0,,
Berserk - Tome 24,https://www.amazon.fr/Berserk-Gl%C3%A9nat-Vol-24-MIURA-Kentar%C3%B4/dp/2723459640/ref=sr_1_344,"7,20 €",Kentaro Miura,"4,9 sur 5 étoiles, détails de l’évaluation",503,Broché,https://m.media-amazon.com/images/I/71qjZMYFBXL._AC_UY218_.jpg,2025-09-04T08:48:14.663617,Description non disponible depuis la recherche,Stock non disponible,ISBN non disponible,Éditeur non disponible,Date non disponible,Nombre de pages non disponible,Rang de vente non disponible,Biographies,22.0,,
Le Secret du Faucon: Tome 1,https://www.amazon.fr/Secret-du-Faucon-1/dp/1712419005/ref=sr_1_345,"17,00 €",A.D. Martel,"4,6 sur 5 étoiles, détails de l’évaluation",2 689,Broché,https://m.media-amazon.com/images/I/71VIqhyf5CL._AC_UY218_.jpg,2025-09-04T08:48:14.666777,Description non disponible depuis la recherche,Stock non disponible,ISBN non disponible,Éditeur non disponible,Date non disponible,Nombre de pages non disponible,Rang de vente non disponible,Biographies,22.0,,
Ça (Coffret 2 tomes),https://www.amazon.fr/%C3%87a-Coffret-tomes-Stephen-King/dp/2253083364/ref=sr_1_346,"24,90 €",Stephen King,"4,8 sur 5 étoiles, détails de l’évaluation",751,Poche,https://m.media-amazon.com/images/I/71Y7PvGQYjL._AC_UY218_.jpg,2025-09-04T08:48:14.668717,Description non disponible depuis la recherche,Stock non disponible,ISBN non disponible,Éditeur non disponible,Date non disponible,Nombre de pages non disponible,Rang de vente non disponible,Biographies,22.0,,
Daisy - Comment devenir la fiancée du Duc T03,https://www.amazon.fr/Daisy-Comment-devenir-fianc%C3%A9e-Duc/dp/2382881550/ref=sr_1_349,"14,95 €","de Yuzu, Allyn, et al. | 20 août 2025","5,0 sur 5 étoiles, détails de l’évaluation",2,Broché,https://m.media-amazon.com/images/I/81Ze6rriP3L._AC_UY218_.jpg,2025-09-04T08:48:14.677572,Description non disponible depuis la recherche,Stock non disponible,ISBN non disponible,Éditeur non disponible,Date non disponible,Nombre de pages non disponible,Rang de vente non disponible,Biographies,22.0,,
Le Petit Chaperon rouge - Les contes interdits: Les contes interdits,https://www.amazon.fr/Petit-Chaperon-rouge-contes-interdits/dp/2849336157/ref=sr_1_350,"14,90 €",Sonia Alain,"4,6 sur 5 étoiles, détails de l’évaluation",695,Broché,https://m.media-amazon.com/images/I/61gzjLPXIPS._AC_UY218_.jpg,2025-09-04T08:48:14.680913,Description non disponible depuis la recherche,Stock non disponible,ISBN non disponible,Éditeur non disponible,Date non disponible,Nombre de pages non disponible,Rang de vente non disponible,Biographies,22.0,,
Les étendues glacées (L'académie du feu t. 3),https://www.amazon.fr/%C3%A9tendues-glac%C3%A9es-Lacad%C3%A9mie-feu-t-ebook/dp/B0DYJJBTWP/ref=sr_1_351,"16,90 €",Jupiter Phaeton,"4,7 sur 5 étoiles, détails de l’évaluation",992,Format Kindle,https://m.media-amazon.com/images/I/91QfDvjQPoL._AC_UY218_.jpg,2025-09-04T08:48:14.683460,Description non disponible depuis la recherche,Stock non disponible,ISBN non disponible,Éditeur non disponible,Date non disponible,Nombre de pages non disponible,Rang de vente non disponible,Biographies,22.0,,
Crown of Midnight: From the # 1 Sunday Times best-selling author of A Court of Thorns and Roses (Throne of Glass Book 2) (English Edition),https://www.amazon.fr/Crown-Midnight-Throne-Glass-English-ebook/dp/B00BLL68EO/ref=sr_1_352,"8,99 €",Sarah J. Maas,"4,6 sur 5 étoiles, détails de l’évaluation",133 579,Format Kindle,https://m.media-amazon.com/images/I/81EJOqoICGL._AC_UY218_.jpg,2025-09-04T08:48:14.686963,Description non disponible depuis la recherche,Stock non disponible,ISBN non disponible,Éditeur non disponible,Date non disponible,Nombre de pages non disponible,Rang de vente non disponible,Biographies,22.0,,
"A Court of Frost and Starlight: An unmissable companion tale to the GLOBALLY BESTSELLING, SENSATIONAL series",https://www.amazon.fr/Court-Frost-Starlight-Sarah-Maas/dp/1526617188/ref=sr_1_353,"12,12 €",Sarah J. Maas,"4,2 sur 5 étoiles, détails de l’évaluation",170 007,Broché,https://m.media-amazon.com/images/I/81n8QT+Yx8L._AC_UY218_.jpg,2025-09-04T08:48:14.690618,Description non disponible depuis la recherche,Stock non disponible,ISBN non disponible,Éditeur non disponible,Date non disponible,Nombre de pages non disponible,Rang de vente non disponible,Biographies,22.0,,
Source De Pouvoir (Surnatéria Tome 1): Romance reverse harem • Dark fantasy,https://www.amazon.fr/Source-Pouvoir-Surnat%C3%A9ria-Romance-reverse/dp/B0FK3ZJQ96/ref=sr_1_354,"13,99 €",Aurélia Masley,"4,5 sur 5 étoiles, détails de l’évaluation",11,Broché,https://m.media-amazon.com/images/I/71bzBerVJlL._AC_UY218_.jpg,2025-09-04T08:48:14.692741,Description non disponible depuis la recherche,Stock non disponible,ISBN non disponible,Éditeur non disponible,Date non disponible,Nombre de pages non disponible,Rang de vente non disponible,Biographies,22.0,,
La Compagnie noire: Les Annales de la Compagnie noire 1,https://www.amazon.fr/Compagnie-noire-Annales/dp/B0DNG4RSPC/ref=sr_1_355,"0,00 €",Livres audio Audible,"4,5 sur 5 étoiles, détails de l’évaluation",420,Livres audio Audible,https://m.media-amazon.com/images/I/819r5pntWTL._AC_UY218_.jpg,2025-09-04T08:48:14.696019,Description non disponible depuis la recherche,Stock non disponible,ISBN non disponible,Éditeur non disponible,Date non disponible,Nombre de pages non disponible,Rang de vente non disponible,Biographies,22.0,,
"Le Livre des Radieux , Volume 1 (Les Archives de Roshar, Tome 2)",https://www.amazon.fr/Livre-Radieux-Archives-Roshar/dp/2253820180/ref=sr_1_356,"12,90 €",Brandon Sanderson,"4,6 sur 5 étoiles, détails de l’évaluation",505,Poche,https://m.media-amazon.com/images/I/81XeyCNWH5L._AC_UY218_.jpg,2025-09-04T08:48:14.699398,Description non disponible depuis la recherche,Stock non disponible,ISBN non disponible,Éditeur non disponible,Date non disponible,Nombre de pages non disponible,Rang de vente non disponible,Biographies,22.0,,
Le sort des démons,https://www.amazon.fr/sort-d%C3%A9mons-Jupiter-Phaeton/dp/2384011561/ref=sr_1_355,"12,90 €",Jupiter Phaeton,"4,7 sur 5 étoiles, détails de l’évaluation",2 596,Broché,https://m.media-amazon.com/images/I/71YLMPZY2zL._AC_UY218_.jpg,2025-09-04T08:48:26.014435,Description non disponible depuis la recherche,Stock non disponible,ISBN non disponible,Éditeur non disponible,Date non disponible,Nombre de pages non disponible,Rang de vente non disponible,Biographies,23.0,,
Une Fenêtre sur les ténèbres (relié collector) - Tome 01 Le Roi berger,https://www.amazon.fr/Une-Fen%C3%AAtre-t%C3%A9n%C3%A8bres-reli%C3%A9-collector/dp/2385600374/ref=sr_1_356,"26,90 €",Rachel Gillig,"4,6 sur 5 étoiles, détails de l’évaluation",124,Relié,https://m.media-amazon.com/images/I/71DsXXKb1nL._AC_UY218_.jpg,2025-09-04T08:48:26.017627,Description non disponible depuis la recherche,Stock non disponible,ISBN non disponible,Éditeur non disponible,Date non disponible,Nombre de pages non disponible,Rang de vente non disponible,Biographies,23.0,,
Shining: Nouvelle traduction,https://www.amazon.fr/Audible-Shining-Nouvelle-traduction/dp/B0DK3F9QVL/ref=sr_1_357,"0,00 €",Livres audio Audible,"4,5 sur 5 étoiles, détails de l’évaluation",160,Livres audio Audible,https://m.media-amazon.com/images/I/71GchVVnEfL._AC_UY218_.jpg,2025-09-04T08:48:26.020938,Description non disponible depuis la recherche,Stock non disponible,ISBN non disponible,Éditeur non disponible,Date non disponible,Nombre de pages non disponible,Rang de vente non disponible,Biographies,23.0,,
"L'Alliance de Fer, T3 : Le Traître",https://www.amazon.fr/LAlliance-Fer-T3-Anthony-Ryan/dp/B0DSPBH8QX/ref=sr_1_358,"9,95 €",Anthony Ryan,"4,7 sur 5 étoiles, détails de l’évaluation",216,Poche,https://m.media-amazon.com/images/I/81Hi5-hp-tL._AC_UY218_.jpg,2025-09-04T08:48:26.024335,Description non disponible depuis la recherche,Stock non disponible,ISBN non disponible,Éditeur non disponible,Date non disponible,Nombre de pages non disponible,Rang de vente non disponible,Biographies,23.0,,
Phantasma,https://www.amazon.fr/Phantasma-Kaylie-Smith/dp/2487267119/ref=sr_1_359,"17,90 €",Kaylie Smith,"4,6 sur 5 étoiles, détails de l’évaluation",35,Broché,https://m.media-amazon.com/images/I/71h2nUGXXaL._AC_UY218_.jpg,2025-09-04T08:48:26.027022,Description non disponible depuis la recherche,Stock non disponible,ISBN non disponible,Éditeur non disponible,Date non disponible,Nombre de pages non disponible,Rang de vente non disponible,Biographies,23.0,,
"H2G2, I : Le Guide du voyageur galactique",https://www.amazon.fr/H2G2-Guide-voyageur-galactique/dp/2070437434/ref=sr_1_360,"9,00 €",Douglas Adams,"4,5 sur 5 étoiles, détails de l’évaluation",420,Poche,https://m.media-amazon.com/images/I/81JdLwE5F7L._AC_UY218_.jpg,2025-09-04T08:48:26.029593,Description non disponible depuis la recherche,Stock non disponible,ISBN non disponible,Éditeur non disponible,Date non disponible,Nombre de pages non disponible,Rang de vente non disponible,Biographies,23.0,,
L'alliance des vampires,https://www.amazon.fr/Lalliance-vampires-Jupiter-Phaeton/dp/2384011634/ref=sr_1_361,"12,90 €",Jupiter Phaeton,"4,7 sur 5 étoiles, détails de l’évaluation",1 303,Broché,https://m.media-amazon.com/images/I/71teyDA7c7L._AC_UY218_.jpg,2025-09-04T08:48:26.032560,Description non disponible depuis la recherche,Stock non disponible,ISBN non disponible,Éditeur non disponible,Date non disponible,Nombre de pages non disponible,Rang de vente non disponible,Biographies,23.0,,
"Neverland (Autre-Monde, Tome 6)",https://www.amazon.fr/Neverland-Autre-Monde-6-Maxime-Chattam/dp/2253087394/ref=sr_1_362,"10,40 €",Maxime Chattam,"4,7 sur 5 étoiles, détails de l’évaluation",1 377,Poche,https://m.media-amazon.com/images/I/81rRqa+z5RL._AC_UY218_.jpg,2025-09-04T08:48:26.036055,Description non disponible depuis la recherche,Stock non disponible,ISBN non disponible,Éditeur non disponible,Date non disponible,Nombre de pages non disponible,Rang de vente non disponible,Biographies,23.0,,
Cruels Garçons perdus - Tome 03 Their Vicious Darling - broché,https://www.amazon.fr/Cruels-Gar%C3%A7ons-perdus-Vicious-Darling/dp/2385660342/ref=sr_1_365,"17,90 €",Nikki St. Crowe,"4,6 sur 5 étoiles, détails de l’évaluation",168,Broché,https://m.media-amazon.com/images/I/71NMxlkqF7L._AC_UY218_.jpg,2025-09-04T08:48:26.045425,Description non disponible depuis la recherche,Stock non disponible,ISBN non disponible,Éditeur non disponible,Date non disponible,Nombre de pages non disponible,Rang de vente non disponible,Biographies,23.0,,
Toilet-bound Hanako-kun T22,https://www.amazon.fr/Toilet-bound-Hanako-kun-T22-AidaIro/dp/B0DYJ9HQR8/ref=sr_1_366,"7,70 €",AidaIro,"4,6 sur 5 étoiles, détails de l’évaluation",7,Poche,https://m.media-amazon.com/images/I/81GRTBYDZgL._AC_UY218_.jpg,2025-09-04T08:48:26.047819,Description non disponible depuis la recherche,Stock non disponible,ISBN non disponible,Éditeur non disponible,Date non disponible,Nombre de pages non disponible,Rang de vente non disponible,Biographies,23.0,,
Les aventuriers de la mer: L'intégrale (2),https://www.amazon.fr/Aventuriers-mer-Lint%C3%A9grale-temp%C3%AAtes-dormantes/dp/2290108227/ref=sr_1_367,"19,50 €",Robin Hobb,"4,7 sur 5 étoiles, détails de l’évaluation",410,Broché,https://m.media-amazon.com/images/I/61ukwHkTW6L._AC_UY218_.jpg,2025-09-04T08:48:26.050801,Description non disponible depuis la recherche,Stock non disponible,ISBN non disponible,Éditeur non disponible,Date non disponible,Nombre de pages non disponible,Rang de vente non disponible,Biographies,23.0,,
Entropie (La Ceinture t. 2),https://www.amazon.fr/Entropie-Ceinture-t-Gerald-Kilby-ebook/dp/B0DY1R2Q36/ref=sr_1_368,"13,70 €",Gerald M. Kilby,"4,1 sur 5 étoiles, détails de l’évaluation",24,Format Kindle,https://m.media-amazon.com/images/I/81WX3pwppML._AC_UY218_.jpg,2025-09-04T08:48:26.052895,Description non disponible depuis la recherche,Stock non disponible,ISBN non disponible,Éditeur non disponible,Date non disponible,Nombre de pages non disponible,Rang de vente non disponible,Biographies,23.0,,
L'Ordre des mimes (relié collector) - Tome 02 The Bone Season Nlle ed.,https://www.amazon.fr/LOrdre-mimes-reli%C3%A9-collector-Season/dp/2378766548/ref=sr_1_369,"27,90 €",Samantha Shannon,"4,8 sur 5 étoiles, détails de l’évaluation",233,Relié,https://m.media-amazon.com/images/I/71imuzUBpTL._AC_UY218_.jpg,2025-09-04T08:48:26.056228,Description non disponible depuis la recherche,Stock non disponible,ISBN non disponible,Éditeur non disponible,Date non disponible,Nombre de pages non disponible,Rang de vente non disponible,Biographies,23.0,,
"La trilogie des gemmes, Tome 01: Rouge rubis",https://www.amazon.fr/trilogie-gemmes-01-Rouge-rubis/dp/B0F2LTNGC3/ref=sr_1_370,"8,90 €",Kerstin Gier,"4,6 sur 5 étoiles, détails de l’évaluation",690,Broché,https://m.media-amazon.com/images/I/81w9F3dLBfL._AC_UY218_.jpg,2025-09-04T08:48:26.058683,Description non disponible depuis la recherche,Stock non disponible,ISBN non disponible,Éditeur non disponible,Date non disponible,Nombre de pages non disponible,Rang de vente non disponible,Biographies,23.0,,
Cahier de Texte 2025 2026: Cahier Hebdomadaire Primaire pour Devoirs et Leçons | Carnet Scolaire Garçons et Filles,https://www.amazon.fr/Cahier-Texte-2025-2026-Hebdomadaire/dp/B0FPBC1543/ref=sr_1_371,"11,98 €",de Nora Précieuse | 24 août 2025,Note non disponible,0 avis,Broché,https://m.media-amazon.com/images/I/71JxTXT1ZDL._AC_UY218_.jpg,2025-09-04T08:48:26.061225,Description non disponible depuis la recherche,Stock non disponible,ISBN non disponible,Éditeur non disponible,Date non disponible,Nombre de pages non disponible,Rang de vente non disponible,Biographies,23.0,,
Dracula,https://www.amazon.fr/Dracula-Bram-Stoker/dp/2290057401/ref=sr_1_372,"4,70 €",de Bram Stoker et Jacques Sirgent | 6 octobre 2012,"4,7 sur 5 étoiles, détails de l’évaluation",627,Poche,https://m.media-amazon.com/images/I/61yuKCUJiBL._AC_UY218_.jpg,2025-09-04T08:48:26.063922,Description non disponible depuis la recherche,Stock non disponible,ISBN non disponible,Éditeur non disponible,Date non disponible,Nombre de pages non disponible,Rang de vente non disponible,Biographies,23.0,,
Bambi,https://www.amazon.fr/Bambi-Maude-Royer/dp/2849338869/ref=sr_1_371,"14,90 €",de Maude Royer | 13 juin 2024,"4,7 sur 5 étoiles, détails de l’évaluation",92,Broché,https://m.media-amazon.com/images/I/715nT1lWvoL._AC_UY218_.jpg,2025-09-04T08:48:36.398742,Description non disponible depuis la recherche,Stock non disponible,ISBN non disponible,Éditeur non disponible,Date non disponible,Nombre de pages non disponible,Rang de vente non disponible,Biographies,24.0,,
Les légendes de Thezmarr T1 : Le sang et l'acier,https://www.amazon.fr/sang-lacier-l%C3%A9gende-Thezmaar-T1-ebook/dp/B0CN3D1GKN/ref=sr_1_372,"10,99 €",Helen Scheuerer,"4,7 sur 5 étoiles, détails de l’évaluation",272,Format Kindle,https://m.media-amazon.com/images/I/81JhABtSm-L._AC_UY218_.jpg,2025-09-04T08:48:36.401508,Description non disponible depuis la recherche,Stock non disponible,ISBN non disponible,Éditeur non disponible,Date non disponible,Nombre de pages non disponible,Rang de vente non disponible,Biographies,24.0,,
La Guerre sans fin: Le Pont des tempêtes - Vol. 4,https://www.amazon.fr/Guerre-sans-fin-Pont-temp%C3%AAtes/dp/B0DT9RZ7PS/ref=sr_1_373,"0,00 €",Livres audio Audible,"4,7 sur 5 étoiles, détails de l’évaluation",90,Livres audio Audible,https://m.media-amazon.com/images/I/81TvJ5fLg4L._AC_UY218_.jpg,2025-09-04T08:48:36.404669,Description non disponible depuis la recherche,Stock non disponible,ISBN non disponible,Éditeur non disponible,Date non disponible,Nombre de pages non disponible,Rang de vente non disponible,Biographies,24.0,,
Carrie (Nouvelle traduction) - Edition Collector,https://www.amazon.fr/Carrie-Nouvelle-traduction-Stephen-King/dp/2253909122/ref=sr_1_374,"24,90 €",de Stephen King | 29 octobre 2025,Note non disponible,0 avis,Poche,https://m.media-amazon.com/images/I/71yF4R0eqPL._AC_UY218_.jpg,2025-09-04T08:48:36.407273,Description non disponible depuis la recherche,Stock non disponible,ISBN non disponible,Éditeur non disponible,Date non disponible,Nombre de pages non disponible,Rang de vente non disponible,Biographies,24.0,,
"Harry Potter and the Chamber of Secrets, Book 2",https://www.amazon.fr/Harry-Potter-Chamber-Secrets-Book/dp/B01CV4L6EG/ref=sr_1_375,"0,00 €",Livres audio Audible,"4,8 sur 5 étoiles, détails de l’évaluation",104 445,Livres audio Audible,https://m.media-amazon.com/images/I/91X5+PZsPyL._AC_UY218_.jpg,2025-09-04T08:48:36.410385,Description non disponible depuis la recherche,Stock non disponible,ISBN non disponible,Éditeur non disponible,Date non disponible,Nombre de pages non disponible,Rang de vente non disponible,Biographies,24.0,,
Twisted Tale - Changer son destin,https://www.amazon.fr/Twisted-Tale-Changer-son-destin/dp/2017283320/ref=sr_1_376,"22,00 €",Farrah Rochon,"4,1 sur 5 étoiles, détails de l’évaluation",4,Broché,https://m.media-amazon.com/images/I/81tL3m8ATZL._AC_UY218_.jpg,2025-09-04T08:48:36.413160,Description non disponible depuis la recherche,Stock non disponible,ISBN non disponible,Éditeur non disponible,Date non disponible,Nombre de pages non disponible,Rang de vente non disponible,Biographies,24.0,,
Le Temps des sorcières,https://www.amazon.fr/Temps-sorci%C3%A8res-Alix-Harrow/dp/2253243752/ref=sr_1_377,"10,40 €",Alix E. Harrow,"4,5 sur 5 étoiles, détails de l’évaluation",130,Poche,https://m.media-amazon.com/images/I/71GZDGeSPHL._AC_UY218_.jpg,2025-09-04T08:48:36.416652,Description non disponible depuis la recherche,Stock non disponible,ISBN non disponible,Éditeur non disponible,Date non disponible,Nombre de pages non disponible,Rang de vente non disponible,Biographies,24.0,,
The Hobbit & The Lord of the Rings Boxed Set,https://www.amazon.fr/Hobbit-Lord-Rings-Boxed-Set/dp/0008376107/ref=sr_1_378,"103,29 €",J. R. R. Tolkien,"4,7 sur 5 étoiles, détails de l’évaluation",16 610,Relié,https://m.media-amazon.com/images/I/81iBPd+fQkL._AC_UY218_.jpg,2025-09-04T08:48:36.419199,Description non disponible depuis la recherche,Stock non disponible,ISBN non disponible,Éditeur non disponible,Date non disponible,Nombre de pages non disponible,Rang de vente non disponible,Biographies,24.0,,
Sally & le Royaume du Temps,https://www.amazon.fr/Sally-Royaume-Temps-Megan-Shepherd/dp/2017283371/ref=sr_1_381,"22,00 €",de Megan Shepherd | 24 septembre 2025,Note non disponible,0 avis,Broché,https://m.media-amazon.com/images/I/81FLqqCR-kL._AC_UY218_.jpg,2025-09-04T08:48:36.428335,Description non disponible depuis la recherche,Stock non disponible,ISBN non disponible,Éditeur non disponible,Date non disponible,Nombre de pages non disponible,Rang de vente non disponible,Biographies,24.0,,
Chaperon et Balles d'argent (Bones upon a time t. 1),https://www.amazon.fr/Chaperon-Balles-dargent-Bones-upon-ebook/dp/B0D9KD7Z73/ref=sr_1_382,"12,99 €",Bones Vercetti,"4,7 sur 5 étoiles, détails de l’évaluation",289,Format Kindle,https://m.media-amazon.com/images/I/81BLG5zpE-L._AC_UY218_.jpg,2025-09-04T08:48:36.430457,Description non disponible depuis la recherche,Stock non disponible,ISBN non disponible,Éditeur non disponible,Date non disponible,Nombre de pages non disponible,Rang de vente non disponible,Biographies,24.0,,
The Kindred's Curse: Glow of the everflame - Édition reliée (2),https://www.amazon.fr/Kindreds-Curse-everflame-%C3%89dition-reli%C3%A9e/dp/2080457209/ref=sr_1_383,"25,90 €",Penn Cole,"4,8 sur 5 étoiles, détails de l’évaluation",60,Relié,https://m.media-amazon.com/images/I/713icEy3x-L._AC_UY218_.jpg,2025-09-04T08:48:36.433298,Description non disponible depuis la recherche,Stock non disponible,ISBN non disponible,Éditeur non disponible,Date non disponible,Nombre de pages non disponible,Rang de vente non disponible,Biographies,24.0,,
Le Roi Dragon,https://www.amazon.fr/Audible-Studios-on-Brilliance-Dragon/dp/B0DY1FJ5F9/ref=sr_1_384,"0,00 €",Livres audio Audible,"4,7 sur 5 étoiles, détails de l’évaluation",1 918,Livres audio Audible,https://m.media-amazon.com/images/I/914hGnzgW9L._AC_UY218_.jpg,2025-09-04T08:48:36.436120,Description non disponible depuis la recherche,Stock non disponible,ISBN non disponible,Éditeur non disponible,Date non disponible,Nombre de pages non disponible,Rang de vente non disponible,Biographies,24.0,,
L'Œil du monde: La Roue du Temps 1,https://www.amazon.fr/L%C5%92il-monde-Roue-Temps/dp/B07R43KG72/ref=sr_1_385,"0,00 €",Livres audio Audible,"4,6 sur 5 étoiles, détails de l’évaluation",1 286,Livres audio Audible,https://m.media-amazon.com/images/I/91plFA6iRSL._AC_UY218_.jpg,2025-09-04T08:48:36.439235,Description non disponible depuis la recherche,Stock non disponible,ISBN non disponible,Éditeur non disponible,Date non disponible,Nombre de pages non disponible,Rang de vente non disponible,Biographies,24.0,,
Hunger Games T2 Collector,https://www.amazon.fr/Hunger-Games-Collector-Suzanne-Collins/dp/2266338498/ref=sr_1_386,"25,00 €",de Suzanne Collins et Guillaume Fournier | 19 octobre 2023,"4,9 sur 5 étoiles, détails de l’évaluation",72,Relié,https://m.media-amazon.com/images/I/61p50CR9jhL._AC_UY218_.jpg,2025-09-04T08:48:36.441979,Description non disponible depuis la recherche,Stock non disponible,ISBN non disponible,Éditeur non disponible,Date non disponible,Nombre de pages non disponible,Rang de vente non disponible,Biographies,24.0,,
"Le Pont des tempêtes, T2 : La Reine traîtresse",https://www.amazon.fr/Reine-tra%C3%AEtresse-Pont-temp%C3%AAtes-T2-ebook/dp/B0CBQJ7W27/ref=sr_1_387,"5,99 €",Danielle L. Jensen,"4,7 sur 5 étoiles, détails de l’évaluation",498,Format Kindle,https://m.media-amazon.com/images/I/81ZrpO-rNbL._AC_UY218_.jpg,2025-09-04T08:48:36.445146,Description non disponible depuis la recherche,Stock non disponible,ISBN non disponible,Éditeur non disponible,Date non disponible,Nombre de pages non disponible,Rang de vente non disponible,Biographies,24.0,,
Les magiciens d'Enkidiev - Tome 2 Mériador : Le nouveau cycle de la saga culte d'heroic fantasy Les Chevaliers d'Émeraude,https://www.amazon.fr/magiciens-dEnkidiev-M%C3%A9riador-Chevaliers-d%C3%89meraude/dp/2749960037/ref=sr_1_388,"18,95 €",Anne Robillard,"4,8 sur 5 étoiles, détails de l’évaluation",141,Broché,https://m.media-amazon.com/images/I/71LKODEKdRL._AC_UY218_.jpg,2025-09-04T08:48:36.448255,Description non disponible depuis la recherche,Stock non disponible,ISBN non disponible,Éditeur non disponible,Date non disponible,Nombre de pages non disponible,Rang de vente non disponible,Biographies,24.0,,
Les magiciens d'Enkidiev - Tome 2 Mériador : Le nouveau cycle de la saga culte d'heroic fantasy Les Chevaliers d'Émeraude,https://www.amazon.fr/magiciens-dEnkidiev-M%C3%A9riador-Chevaliers-d%C3%89meraude/dp/2749960037/ref=sr_1_387,"18,95 €",Anne Robillard,"4,8 sur 5 étoiles, détails de l’évaluation",141,Broché,https://m.media-amazon.com/images/I/71LKODEKdRL._AC_UY218_.jpg,2025-09-04T08:48:45.534371,Description non disponible depuis la recherche,Stock non disponible,ISBN non disponible,Éditeur non disponible,Date non disponible,Nombre de pages non disponible,Rang de vente non disponible,Biographies,25.0,,
Outsphere 4: Ordres et Chaos,https://www.amazon.fr/Outsphere-Ordres-Chaos-Guy-Roger-Duvert/dp/B0D9GQHX4V/ref=sr_1_388,"19,99 €",Guy-Roger Duvert,"4,5 sur 5 étoiles, détails de l’évaluation",1 188,Broché,https://m.media-amazon.com/images/I/617PQ+BsJVL._AC_UY218_.jpg,2025-09-04T08:48:45.537792,Description non disponible depuis la recherche,Stock non disponible,ISBN non disponible,Éditeur non disponible,Date non disponible,Nombre de pages non disponible,Rang de vente non disponible,Biographies,25.0,,
La Passe-miroir. Livre 4 - La Tempête des échos,https://www.amazon.fr/Passe-miroir-Livre-Temp%C3%AAte-%C3%A9chos/dp/2075215618/ref=sr_1_389,"9,90 €",Christelle Dabos,"4,5 sur 5 étoiles, détails de l’évaluation",3 268,Poche,https://m.media-amazon.com/images/I/91qYrInPdWL._AC_UY218_.jpg,2025-09-04T08:48:45.540646,Description non disponible depuis la recherche,Stock non disponible,ISBN non disponible,Éditeur non disponible,Date non disponible,Nombre de pages non disponible,Rang de vente non disponible,Biographies,25.0,,
Blaze,https://www.amazon.fr/Blaze-Stephen-King/dp/2253022632/ref=sr_1_390,"8,90 €",de Stephen King | 31 mars 2010,"4,7 sur 5 étoiles, détails de l’évaluation",179,Poche,https://m.media-amazon.com/images/I/711HhOLmLzS._AC_UY218_.jpg,2025-09-04T08:48:45.543253,Description non disponible depuis la recherche,Stock non disponible,ISBN non disponible,Éditeur non disponible,Date non disponible,Nombre de pages non disponible,Rang de vente non disponible,Biographies,25.0,,
Boucle d'or,https://www.amazon.fr/Boucle-dor-Yvan-Godbout/dp/2849336998/ref=sr_1_391,"14,90 €",Yvan Godbout,"4,6 sur 5 étoiles, détails de l’évaluation",539,Broché,https://m.media-amazon.com/images/I/71V+CO+PqeL._AC_UY218_.jpg,2025-09-04T08:48:45.546026,Description non disponible depuis la recherche,Stock non disponible,ISBN non disponible,Éditeur non disponible,Date non disponible,Nombre de pages non disponible,Rang de vente non disponible,Biographies,25.0,,
The Fae Princes - broché - Tome 04 Cruels Garçons perdus,https://www.amazon.fr/Fae-Princes-broch%C3%A9-Cruels-Gar%C3%A7ons/dp/2385660601/ref=sr_1_392,"17,90 €",Nikki St. Crowe,"4,5 sur 5 étoiles, détails de l’évaluation",113,Broché,https://m.media-amazon.com/images/I/71qEHdJ+riL._AC_UY218_.jpg,2025-09-04T08:48:45.548893,Description non disponible depuis la recherche,Stock non disponible,ISBN non disponible,Éditeur non disponible,Date non disponible,Nombre de pages non disponible,Rang de vente non disponible,Biographies,25.0,,
Heir of Fire: From the # 1 Sunday Times best-selling author of A Court of Thorns and Roses (Throne of Glass Book 3) (English Edition),https://www.amazon.fr/Heir-Fire-Sarah-J-Maas-ebook/dp/B00JGAD0N4/ref=sr_1_393,"8,99 €",Sarah J. Maas,"4,6 sur 5 étoiles, détails de l’évaluation",124 122,Format Kindle,https://m.media-amazon.com/images/I/81nLbHVGTLL._AC_UY218_.jpg,2025-09-04T08:48:45.552431,Description non disponible depuis la recherche,Stock non disponible,ISBN non disponible,Éditeur non disponible,Date non disponible,Nombre de pages non disponible,Rang de vente non disponible,Biographies,25.0,,
La Route des Ossements - relié collector - Tome 01 Les Cendres divines (01),https://www.amazon.fr/Route-Ossements-collector-Cendres-divines/dp/2385662167/ref=sr_1_394,"26,90 €",de Demi Winters et Loïc Le Jalu | 4 septembre 2025,Note non disponible,0 avis,Relié,https://m.media-amazon.com/images/I/71As50-kJgL._AC_UY218_.jpg,2025-09-04T08:48:45.555063,Description non disponible depuis la recherche,Stock non disponible,ISBN non disponible,Éditeur non disponible,Date non disponible,Nombre de pages non disponible,Rang de vente non disponible,Biographies,25.0,,
Frankenstein,https://www.amazon.fr/Frankenstein-Simon-Rousseau/dp/2386900339/ref=sr_1_397,"22,00 €",Simon Rousseau,Note non disponible,0 avis,Broché,https://m.media-amazon.com/images/I/71pRoAIH9FL._AC_UY218_.jpg,2025-09-04T08:48:45.564208,Description non disponible depuis la recherche,Stock non disponible,ISBN non disponible,Éditeur non disponible,Date non disponible,Nombre de pages non disponible,Rang de vente non disponible,Biographies,25.0,,
La Trilogie Night Lords,https://www.amazon.fr/Trilogie-Night-Lords-Monsieur-Dembski-Bowden/dp/1800268726/ref=sr_1_398,"19,00 €",Monsieur Aaron Dembski-Bowden,"4,8 sur 5 étoiles, détails de l’évaluation",108,Broché,https://m.media-amazon.com/images/I/81iut2fiu6L._AC_UY218_.jpg,2025-09-04T08:48:45.566884,Description non disponible depuis la recherche,Stock non disponible,ISBN non disponible,Éditeur non disponible,Date non disponible,Nombre de pages non disponible,Rang de vente non disponible,Biographies,25.0,,
Forgée par la Glace (De Dragons et Fae t. 2),https://www.amazon.fr/Forg%C3%A9e-par-Glace-Dragons-Fae-ebook/dp/B0DT14YBG4/ref=sr_1_399,"19,27 €",Jasmine Walt,"4,7 sur 5 étoiles, détails de l’évaluation",485,Format Kindle,https://m.media-amazon.com/images/I/91pSBQhuWqL._AC_UY218_.jpg,2025-09-04T08:48:45.568991,Description non disponible depuis la recherche,Stock non disponible,ISBN non disponible,Éditeur non disponible,Date non disponible,Nombre de pages non disponible,Rang de vente non disponible,Biographies,25.0,,
Défendre l'aube,https://www.amazon.fr/D%C3%A9fendre-laube-Brigid-Kemmerer/dp/2700283503/ref=sr_1_400,"22,50 €",Brigid Kemmerer,"4,6 sur 5 étoiles, détails de l’évaluation",20,Broché,https://m.media-amazon.com/images/I/71Hklbepr6L._AC_UY218_.jpg,2025-09-04T08:48:45.571803,Description non disponible depuis la recherche,Stock non disponible,ISBN non disponible,Éditeur non disponible,Date non disponible,Nombre de pages non disponible,Rang de vente non disponible,Biographies,25.0,,
Eidolon : le Marteau Aurique,https://www.amazon.fr/Eidolon-Marteau-Aurique-Marc-Collins/dp/1836092555/ref=sr_1_401,"18,00 €",Marc Collins,Note non disponible,0 avis,Relié,https://m.media-amazon.com/images/I/41Wz6qqq-mL._AC_UY218_.jpg,2025-09-04T08:48:45.573976,Description non disponible depuis la recherche,Stock non disponible,ISBN non disponible,Éditeur non disponible,Date non disponible,Nombre de pages non disponible,Rang de vente non disponible,Biographies,25.0,,
"A Court of Silver Flames: The latest book in the GLOBALLY BESTSELLING, SENSATIONAL series (A Court of Thorns and Roses) (English Edition)",https://www.amazon.fr/Court-Silver-Flames-Thorns-English-ebook/dp/B08BS4ZJS6/ref=sr_1_402,"8,99 €",Sarah J. Maas,"4,7 sur 5 étoiles, détails de l’évaluation",228 230,Format Kindle,https://m.media-amazon.com/images/I/91z7oO-Qt6L._AC_UY218_.jpg,2025-09-04T08:48:45.577402,Description non disponible depuis la recherche,Stock non disponible,ISBN non disponible,Éditeur non disponible,Date non disponible,Nombre de pages non disponible,Rang de vente non disponible,Biographies,25.0,,
Les Miracles du bazar Namiya,https://www.amazon.fr/Miracles-du-bazar-Namiya/dp/2330157126/ref=sr_1_403,"9,20 €",de Keigo Higashino et Sophie Refle | 6 octobre 2021,"4,6 sur 5 étoiles, détails de l’évaluation",361,Poche,https://m.media-amazon.com/images/I/51N3pDMtgeL._AC_UY218_.jpg,2025-09-04T08:48:45.581761,Description non disponible depuis la recherche,Stock non disponible,ISBN non disponible,Éditeur non disponible,Date non disponible,Nombre de pages non disponible,Rang de vente non disponible,Biographies,25.0,,
Les ombres de l'académie,https://www.amazon.fr/ombres-lacad%C3%A9mie-Jupiter-Phaeton/dp/2384014609/ref=sr_1_404,"12,90 €",Jupiter Phaeton,"4,8 sur 5 étoiles, détails de l’évaluation",1 023,Broché,https://m.media-amazon.com/images/I/712UdHKfUiL._AC_UY218_.jpg,2025-09-04T08:48:45.584583,Description non disponible depuis la recherche,Stock non disponible,ISBN non disponible,Éditeur non disponible,Date non disponible,Nombre de pages non disponible,Rang de vente non disponible,Biographies,25.0,,
"Le Pont des tempêtes, T3 : L'Héritier insoumis",https://www.amazon.fr/Pont-temp%C3%AAtes-T3-LH%C3%A9ritier-insoumis-ebook/dp/B0CV43J3WR/ref=sr_1_403,"12,99 €",Danielle L. Jensen,"4,5 sur 5 étoiles, détails de l’évaluation",206,Format Kindle,https://m.media-amazon.com/images/I/81ANf+mh6jL._AC_UY218_.jpg,2025-09-04T08:48:55.584088,Description non disponible depuis la recherche,Stock non disponible,ISBN non disponible,Éditeur non disponible,Date non disponible,Nombre de pages non disponible,Rang de vente non disponible,Biographies,26.0,,
"La Roue du Temps, T2 : L'Oeil du monde - deuxième partie",https://www.amazon.fr/Roue-Temps-T1-2-deuxi%C3%A8me-partie/dp/B07FDQRLQD/ref=sr_1_404,"7,90 €",Robert Jordan,"4,8 sur 5 étoiles, détails de l’évaluation",421,Poche,https://m.media-amazon.com/images/I/81TYfUt0-qL._AC_UY218_.jpg,2025-09-04T08:48:55.586121,Description non disponible depuis la recherche,Stock non disponible,ISBN non disponible,Éditeur non disponible,Date non disponible,Nombre de pages non disponible,Rang de vente non disponible,Biographies,26.0,,
"La trilogie des gemmes, Tome 02: Bleu saphir",https://www.amazon.fr/trilogie-gemmes-02-Bleu-saphir/dp/B0F2M7RRD4/ref=sr_1_405,"8,90 €",Kerstin Gier,"4,7 sur 5 étoiles, détails de l’évaluation",624,Broché,https://m.media-amazon.com/images/I/81fkAuWTKoL._AC_UY218_.jpg,2025-09-04T08:48:55.588591,Description non disponible depuis la recherche,Stock non disponible,ISBN non disponible,Éditeur non disponible,Date non disponible,Nombre de pages non disponible,Rang de vente non disponible,Biographies,26.0,,
"Genèse (Autre-Monde, Tome 7)",https://www.amazon.fr/Gen%C3%A8se-Autre-Monde-7-Maxime-Chattam/dp/225307408X/ref=sr_1_406,"10,40 €",Maxime Chattam,"4,7 sur 5 étoiles, détails de l’évaluation",1 754,Poche,https://m.media-amazon.com/images/I/81bcppl9jDL._AC_UY218_.jpg,2025-09-04T08:48:55.591880,Description non disponible depuis la recherche,Stock non disponible,ISBN non disponible,Éditeur non disponible,Date non disponible,Nombre de pages non disponible,Rang de vente non disponible,Biographies,26.0,,
The Picture of Dorian Gray,https://www.amazon.fr/Picture-Dorian-Gray-Oscar-Wilde/dp/0141439572/ref=sr_1_407,"8,11 €",Oscar Wilde,"4,5 sur 5 étoiles, détails de l’évaluation",3 828,Broché,https://m.media-amazon.com/images/I/91ipAq0s0JL._AC_UY218_.jpg,2025-09-04T08:48:55.595058,Description non disponible depuis la recherche,Stock non disponible,ISBN non disponible,Éditeur non disponible,Date non disponible,Nombre de pages non disponible,Rang de vente non disponible,Biographies,26.0,,
"Magie du sang, une Série Complète de 6 Tomes, Édition française: Une aventure se déroulant dans le royaume de la magie et du chaos",https://www.amazon.fr/Magie-S%C3%A9rie-Compl%C3%A8te-%C3%89dition-fran%C3%A7aise-ebook/dp/B0F5WWXH7T/ref=sr_1_408,Prix non disponible,JT  Lawrence,"4,3 sur 5 étoiles, détails de l’évaluation",227,Format Kindle,https://m.media-amazon.com/images/I/91qA2DAOuhL._AC_UY218_.jpg,2025-09-04T08:48:55.597107,Description non disponible depuis la recherche,Stock non disponible,ISBN non disponible,Éditeur non disponible,Date non disponible,Nombre de pages non disponible,Rang de vente non disponible,Biographies,26.0,,
Le Seigneur des Anneaux - Tome 3 édition brochée et illustrée : Le Retour du Roi: Le Retour du Roi (3),https://www.amazon.fr/Seigneur-Anneaux-Retour-Roi/dp/2267046903/ref=sr_1_409,"20,00 €","de J. R. R. Tolkien, Tolkien Jrr/Lee Alan, et al. | 1 septembre 2022","4,8 sur 5 étoiles, détails de l’évaluation",675,Broché,https://m.media-amazon.com/images/I/91sibYjmCmL._AC_UY218_.jpg,2025-09-04T08:48:55.601289,Description non disponible depuis la recherche,Stock non disponible,ISBN non disponible,Éditeur non disponible,Date non disponible,Nombre de pages non disponible,Rang de vente non disponible,Biographies,26.0,,
Prince Captif - L'Intégrale collector,https://www.amazon.fr/Prince-Captif-LInt%C3%A9grale-C-S-Pacat/dp/B0C42NQH37/ref=sr_1_410,"39,00 €",C.S. Pacat,"4,4 sur 5 étoiles, détails de l’évaluation",119,Relié,https://m.media-amazon.com/images/I/71AY6TAJqhL._AC_UY218_.jpg,2025-09-04T08:48:55.603326,Description non disponible depuis la recherche,Stock non disponible,ISBN non disponible,Éditeur non disponible,Date non disponible,Nombre de pages non disponible,Rang de vente non disponible,Biographies,26.0,,
Tension de Surface: Colonie Cinq Mars (Colonie Mars t. 5),https://www.amazon.fr/Tension-Surface-Colonie-Cinq-Mars-ebook/dp/B0FD86RW4B/ref=sr_1_413,"13,70 €",Gerald M. Kilby,"4,4 sur 5 étoiles, détails de l’évaluation",69,Format Kindle,https://m.media-amazon.com/images/I/81EKdVUUlIL._AC_UY218_.jpg,2025-09-04T08:48:55.612003,Description non disponible depuis la recherche,Stock non disponible,ISBN non disponible,Éditeur non disponible,Date non disponible,Nombre de pages non disponible,Rang de vente non disponible,Biographies,26.0,,
Les Douze,https://www.amazon.fr/Douze-2-Justin-CRONIN/dp/2266218581/ref=sr_1_414,"12,10 €",Justin Cronin,"4,5 sur 5 étoiles, détails de l’évaluation",362,Poche,https://m.media-amazon.com/images/I/61QjlfGNzgL._AC_UY218_.jpg,2025-09-04T08:48:55.614515,Description non disponible depuis la recherche,Stock non disponible,ISBN non disponible,Éditeur non disponible,Date non disponible,Nombre de pages non disponible,Rang de vente non disponible,Biographies,26.0,,
Le Coeur du roi de l'Ombre - Tome 03 (relié collector) (03),https://www.amazon.fr/Coeur-roi-lOmbre-reli%C3%A9-collector/dp/238566223X/ref=sr_1_415,"25,90 €",Sylvia Mercedes,Note non disponible,0 avis,Relié,https://m.media-amazon.com/images/I/71UpeGqRpWL._AC_UY218_.jpg,2025-09-04T08:48:55.618412,Description non disponible depuis la recherche,Stock non disponible,ISBN non disponible,Éditeur non disponible,Date non disponible,Nombre de pages non disponible,Rang de vente non disponible,Biographies,26.0,,
Celle qui marche la nuit,https://www.amazon.fr/Celle-marche-nuit-Delphine-Bertholon/dp/2017155179/ref=sr_1_416,"5,90 €",Delphine Bertholon,"4,4 sur 5 étoiles, détails de l’évaluation",178,Poche,https://m.media-amazon.com/images/I/71YD4vXXCzL._AC_UY218_.jpg,2025-09-04T08:48:55.621814,Description non disponible depuis la recherche,Stock non disponible,ISBN non disponible,Éditeur non disponible,Date non disponible,Nombre de pages non disponible,Rang de vente non disponible,Biographies,26.0,,
"Une braise sous la cendre, T2 : Une torche dans la nuit",https://www.amazon.fr/Une-braise-sous-cendre-T2/dp/2362314308/ref=sr_1_417,"25,00 €",Sabaa Tahir,"4,5 sur 5 étoiles, détails de l’évaluation",32,Relié,https://m.media-amazon.com/images/I/716GZXO8AhL._AC_UY218_.jpg,2025-09-04T08:48:55.625139,Description non disponible depuis la recherche,Stock non disponible,ISBN non disponible,Éditeur non disponible,Date non disponible,Nombre de pages non disponible,Rang de vente non disponible,Biographies,26.0,,
La Guerre des Sept Lunes: L'Armée Qui Ne Saigne Pas (Tome 2),https://www.amazon.fr/Guerre-Sept-Lunes-LArm%C3%A9e-Saigne/dp/2925202063/ref=sr_1_418,"20,99 €",Kenan Olivier,"4,4 sur 5 étoiles, détails de l’évaluation",396,Broché,https://m.media-amazon.com/images/I/61TrNcYy7JL._AC_UY218_.jpg,2025-09-04T08:48:55.628572,Description non disponible depuis la recherche,Stock non disponible,ISBN non disponible,Éditeur non disponible,Date non disponible,Nombre de pages non disponible,Rang de vente non disponible,Biographies,26.0,,
Je suis né du diable,https://www.amazon.fr/Je-suis-n%C3%A9-du-diable-ebook/dp/B0FFWP3F5D/ref=sr_1_419,"14,99 €",de Jean-Christophe Grangé | 15 octobre 2025,Note non disponible,0 avis,Format Kindle,https://m.media-amazon.com/images/I/81pberrhHpL._AC_UY218_.jpg,2025-09-04T08:48:55.632417,Description non disponible depuis la recherche,Stock non disponible,ISBN non disponible,Éditeur non disponible,Date non disponible,Nombre de pages non disponible,Rang de vente non disponible,Biographies,26.0,,
The Little Prince,https://www.amazon.fr/Little-Prince-Antoine-Saint-Exupery/dp/1405288191/ref=sr_1_420,"13,26 €",Antoine de Saint-Exupéry,"4,8 sur 5 étoiles, détails de l’évaluation",826,Broché,https://m.media-amazon.com/images/I/71frrGy5aHL._AC_UY218_.jpg,2025-09-04T08:48:55.634642,Description non disponible depuis la recherche,Stock non disponible,ISBN non disponible,Éditeur non disponible,Date non disponible,Nombre de pages non disponible,Rang de vente non disponible,Biographies,26.0,,
"Rythme de guerre, Volume 2 (Les Archives de Roshar, Tome 4)",https://www.amazon.fr/Rythme-guerre-Archives-Brandon-Sanderson/dp/2253937223/ref=sr_1_419,"13,90 €",Brandon Sanderson,"4,7 sur 5 étoiles, détails de l’évaluation",298,Poche,https://m.media-amazon.com/images/I/71jztI+R2fL._AC_UY218_.jpg,2025-09-04T08:49:06.283845,Description non disponible depuis la recherche,Stock non disponible,ISBN non disponible,Éditeur non disponible,Date non disponible,Nombre de pages non disponible,Rang de vente non disponible,Biographies,27.0,,
Primal Hunter 1. Une aventure de LitRPG,https://www.amazon.fr/Primal-Hunter-Une-aventure-LitRPG/dp/B0DCC23ZPG/ref=sr_1_420,"0,00 €",Livres audio Audible,"4,6 sur 5 étoiles, détails de l’évaluation",94,Livres audio Audible,https://m.media-amazon.com/images/I/81qB0mpguuL._AC_UY218_.jpg,2025-09-04T08:49:06.287105,Description non disponible depuis la recherche,Stock non disponible,ISBN non disponible,Éditeur non disponible,Date non disponible,Nombre de pages non disponible,Rang de vente non disponible,Biographies,27.0,,
Maldoror,https://www.amazon.fr/Maldoror-Nancy-Vickers/dp/2895975493/ref=sr_1_421,"20,04 €",de Nancy Vickers | 7 octobre 2016,"3,0 sur 5 étoiles, détails de l’évaluation",1,Broché,https://m.media-amazon.com/images/I/71jZW9s6lbL._AC_UY218_.jpg,2025-09-04T08:49:06.290303,Description non disponible depuis la recherche,Stock non disponible,ISBN non disponible,Éditeur non disponible,Date non disponible,Nombre de pages non disponible,Rang de vente non disponible,Biographies,27.0,,
La Peur du Sage 1: Chronique du Tueur de Roi 2.1,https://www.amazon.fr/Peur-Sage-Chronique-Tueur-Roi/dp/B07ZPG7X11/ref=sr_1_422,"0,00 €",Livres audio Audible,"4,6 sur 5 étoiles, détails de l’évaluation",847,Livres audio Audible,https://m.media-amazon.com/images/I/81uxxKRztLL._AC_UY218_.jpg,2025-09-04T08:49:06.293405,Description non disponible depuis la recherche,Stock non disponible,ISBN non disponible,Éditeur non disponible,Date non disponible,Nombre de pages non disponible,Rang de vente non disponible,Biographies,27.0,,
Contamination : La série post-apocalyptique: (Livres 4-7),https://www.amazon.fr/Contamination-s%C3%A9rie-post-apocalyptique-Livres-4-7/dp/B0F139PC8N/ref=sr_1_423,"26,36 €",T.W. Piperbrook,"4,8 sur 5 étoiles, détails de l’évaluation",5,Broché,https://m.media-amazon.com/images/I/71ABQyDMcCL._AC_UY218_.jpg,2025-09-04T08:49:06.295382,Description non disponible depuis la recherche,Stock non disponible,ISBN non disponible,Éditeur non disponible,Date non disponible,Nombre de pages non disponible,Rang de vente non disponible,Biographies,27.0,,
Les légendes de Thezmarr T2 : Serments & Ruines,https://www.amazon.fr/l%C3%A9gendes-Thezmarr-T2-Serments-Ruines-ebook/dp/B0D2NXW73Q/ref=sr_1_424,"10,99 €",Helen Scheuerer,"4,6 sur 5 étoiles, détails de l’évaluation",148,Format Kindle,https://m.media-amazon.com/images/I/81SdjnG5vqL._AC_UY218_.jpg,2025-09-04T08:49:06.298052,Description non disponible depuis la recherche,Stock non disponible,ISBN non disponible,Éditeur non disponible,Date non disponible,Nombre de pages non disponible,Rang de vente non disponible,Biographies,27.0,,
Le Livre des radieux 1: Les archives de Roshar 2,https://www.amazon.fr/Livre-radieux-archives-Roshar/dp/B0BYNXF6H7/ref=sr_1_425,"0,00 €",Livres audio Audible,"4,7 sur 5 étoiles, détails de l’évaluation",544,Livres audio Audible,https://m.media-amazon.com/images/I/91SRoVWiFaL._AC_UY218_.jpg,2025-09-04T08:49:06.301272,Description non disponible depuis la recherche,Stock non disponible,ISBN non disponible,Éditeur non disponible,Date non disponible,Nombre de pages non disponible,Rang de vente non disponible,Biographies,27.0,,
"Le Fou et l'assassin: Intégrale, 3",https://www.amazon.fr/Fou-lassassin-Int%C3%A9grale-3/dp/2290359319/ref=sr_1_426,"19,50 €",Robin Hobb,"4,8 sur 5 étoiles, détails de l’évaluation",378,Broché,https://m.media-amazon.com/images/I/71mv-a7lhNL._AC_UY218_.jpg,2025-09-04T08:49:06.304280,Description non disponible depuis la recherche,Stock non disponible,ISBN non disponible,Éditeur non disponible,Date non disponible,Nombre de pages non disponible,Rang de vente non disponible,Biographies,27.0,,
Le fils du traître: (Le Sentier du Gardien de la forêt – Tome 1),https://www.amazon.fr/fils-tra%C3%AEtre-Sentier-Gardien-for%C3%AAt-ebook/dp/B0D5BJFHLS/ref=sr_1_429,"13,99 €",Pedro Urvi,"4,6 sur 5 étoiles, détails de l’évaluation",549,Format Kindle,https://m.media-amazon.com/images/I/81sAfiJbWQL._AC_UY218_.jpg,2025-09-04T08:49:06.313472,Description non disponible depuis la recherche,Stock non disponible,ISBN non disponible,Éditeur non disponible,Date non disponible,Nombre de pages non disponible,Rang de vente non disponible,Biographies,27.0,,
Graveyard Shift,https://www.amazon.fr/Graveyard-Shift-M-L-Rio/dp/B0F4JFKLQC/ref=sr_1_430,"12,00 €",M.L. Rio,"3,6 sur 5 étoiles, détails de l’évaluation",3,Broché,https://m.media-amazon.com/images/I/71VP-EwC8UL._AC_UY218_.jpg,2025-09-04T08:49:06.316379,Description non disponible depuis la recherche,Stock non disponible,ISBN non disponible,Éditeur non disponible,Date non disponible,Nombre de pages non disponible,Rang de vente non disponible,Biographies,27.0,,
"Le Fou et l'assassin: Intégrale, 2",https://www.amazon.fr/Fou-lassassin-Int%C3%A9grale-2/dp/2290359300/ref=sr_1_431,"18,50 €",Robin Hobb,"4,8 sur 5 étoiles, détails de l’évaluation",419,Broché,https://m.media-amazon.com/images/I/71Ac6szg9IL._AC_UY218_.jpg,2025-09-04T08:49:06.319165,Description non disponible depuis la recherche,Stock non disponible,ISBN non disponible,Éditeur non disponible,Date non disponible,Nombre de pages non disponible,Rang de vente non disponible,Biographies,27.0,,
Le Chêne et La Foudre - Collector,https://www.amazon.fr/Ch%C3%AAne-Foudre-Collector-Sam-Agaeli/dp/2487267143/ref=sr_1_432,"25,90 €",Sam Agaeli,"4,7 sur 5 étoiles, détails de l’évaluation",12,Broché,https://m.media-amazon.com/images/I/61C6BMbkyRL._AC_UY218_.jpg,2025-09-04T08:49:06.321267,Description non disponible depuis la recherche,Stock non disponible,ISBN non disponible,Éditeur non disponible,Date non disponible,Nombre de pages non disponible,Rang de vente non disponible,Biographies,27.0,,
Midnight Sun: Twilight 5,https://www.amazon.fr/Midnight-Sun-Twilight-5/dp/B08HRZ3ZVH/ref=sr_1_433,"0,00 €",Livres audio Audible,"4,6 sur 5 étoiles, détails de l’évaluation",2 968,Livres audio Audible,https://m.media-amazon.com/images/I/811w9gv1AtL._AC_UY218_.jpg,2025-09-04T08:49:06.324567,Description non disponible depuis la recherche,Stock non disponible,ISBN non disponible,Éditeur non disponible,Date non disponible,Nombre de pages non disponible,Rang de vente non disponible,Biographies,27.0,,
Beren et Luthien,https://www.amazon.fr/Audible-Beren-et-Luthien/dp/B0C4TWHZLH/ref=sr_1_434,"0,00 €",Livres audio Audible,"4,7 sur 5 étoiles, détails de l’évaluation",253,Livres audio Audible,https://m.media-amazon.com/images/I/91TIIuHmXFL._AC_UY218_.jpg,2025-09-04T08:49:06.327713,Description non disponible depuis la recherche,Stock non disponible,ISBN non disponible,Éditeur non disponible,Date non disponible,Nombre de pages non disponible,Rang de vente non disponible,Biographies,27.0,,
"Les Cités des Anciens: L'intégrale, 1",https://www.amazon.fr/Cit%C3%A9s-Anciens-Int%C3%A9grale-1/dp/2290141267/ref=sr_1_435,"20,90 €",Robin Hobb,"4,6 sur 5 étoiles, détails de l’évaluation",401,Broché,https://m.media-amazon.com/images/I/71+5awuoVKL._AC_UY218_.jpg,2025-09-04T08:49:06.330533,Description non disponible depuis la recherche,Stock non disponible,ISBN non disponible,Éditeur non disponible,Date non disponible,Nombre de pages non disponible,Rang de vente non disponible,Biographies,27.0,,
Hunger Games T3 Collector,https://www.amazon.fr/Hunger-Games-Collector-Suzanne-Collins/dp/2266338501/ref=sr_1_436,"25,00 €",de Suzanne Collins et Guillaume Fournier | 19 octobre 2023,"4,9 sur 5 étoiles, détails de l’évaluation",72,Relié,https://m.media-amazon.com/images/I/512B9QGzLXL._AC_UY218_.jpg,2025-09-04T08:49:06.333277,Description non disponible depuis la recherche,Stock non disponible,ISBN non disponible,Éditeur non disponible,Date non disponible,Nombre de pages non disponible,Rang de vente non disponible,Biographies,27.0,,
Misery,https://www.amazon.fr/Audible-Studios-on-Brilliance-Misery/dp/B0DN1XKJB5/ref=sr_1_435,"0,00 €",Livres audio Audible,"4,5 sur 5 étoiles, détails de l’évaluation",1 167,Livres audio Audible,https://m.media-amazon.com/images/I/A1jiNfjJ-fL._AC_UY218_.jpg,2025-09-04T08:49:15.950993,Description non disponible depuis la recherche,Stock non disponible,ISBN non disponible,Éditeur non disponible,Date non disponible,Nombre de pages non disponible,Rang de vente non disponible,Biographies,28.0,,
Bienvenue chez vous,https://www.amazon.fr/Bienvenue-chez-vous-Alex-Sol-ebook/dp/B0CXNSBVTZ/ref=sr_1_436,"0,00 €",Alex Sol,"4,4 sur 5 étoiles, détails de l’évaluation",1 064,Format Kindle,https://m.media-amazon.com/images/I/81TCweXu2CL._AC_UY218_.jpg,2025-09-04T08:49:15.953913,Description non disponible depuis la recherche,Stock non disponible,ISBN non disponible,Éditeur non disponible,Date non disponible,Nombre de pages non disponible,Rang de vente non disponible,Biographies,28.0,,
The Lost Bookshop,https://www.amazon.fr/Lost-Bookshop-Evie-Woods/dp/0008609217/ref=sr_1_437,"12,50 €",Evie Woods,"4,4 sur 5 étoiles, détails de l’évaluation",148 932,Broché,https://m.media-amazon.com/images/I/91Sy3S-198L._AC_UY218_.jpg,2025-09-04T08:49:15.957724,Description non disponible depuis la recherche,Stock non disponible,ISBN non disponible,Éditeur non disponible,Date non disponible,Nombre de pages non disponible,Rang de vente non disponible,Biographies,28.0,,
Terrariums,https://www.amazon.fr/Terrariums-Romain-Benassaya/dp/2266341707/ref=sr_1_438,"12,10 €",Romain Benassaya,"4,4 sur 5 étoiles, détails de l’évaluation",88,Poche,https://m.media-amazon.com/images/I/617DtQ6YwIL._AC_UY218_.jpg,2025-09-04T08:49:15.961141,Description non disponible depuis la recherche,Stock non disponible,ISBN non disponible,Éditeur non disponible,Date non disponible,Nombre de pages non disponible,Rang de vente non disponible,Biographies,28.0,,
Cendrillon,https://www.amazon.fr/Cendrillon-Sylvain-Johnson/dp/2849336963/ref=sr_1_439,"14,90 €",Sylvain Johnson,"4,6 sur 5 étoiles, détails de l’évaluation",644,Broché,https://m.media-amazon.com/images/I/71MJKvyaniL._AC_UY218_.jpg,2025-09-04T08:49:15.963991,Description non disponible depuis la recherche,Stock non disponible,ISBN non disponible,Éditeur non disponible,Date non disponible,Nombre de pages non disponible,Rang de vente non disponible,Biographies,28.0,,
Feu et sang: Intégrale (House of the Dragon),https://www.amazon.fr/Feu-sang-Tomes-1-2/dp/2756430536/ref=sr_1_440,"30,00 €",George R.R. Martin,"4,5 sur 5 étoiles, détails de l’évaluation",746,Broché,https://m.media-amazon.com/images/I/81buVps-5qL._AC_UY218_.jpg,2025-09-04T08:49:15.967599,Description non disponible depuis la recherche,Stock non disponible,ISBN non disponible,Éditeur non disponible,Date non disponible,Nombre de pages non disponible,Rang de vente non disponible,Biographies,28.0,,
Évolution (La Ceinture t. 3),https://www.amazon.fr/%C3%89volution-Ceinture-t-Gerald-Kilby-ebook/dp/B0FK433Y6M/ref=sr_1_441,"13,70 €",Gerald M. Kilby,"4,4 sur 5 étoiles, détails de l’évaluation",23,Format Kindle,https://m.media-amazon.com/images/I/81AXuaycOtL._AC_UY218_.jpg,2025-09-04T08:49:15.969630,Description non disponible depuis la recherche,Stock non disponible,ISBN non disponible,Éditeur non disponible,Date non disponible,Nombre de pages non disponible,Rang de vente non disponible,Biographies,28.0,,
La Peur du Sage 2: Chronique du Tueur de Roi 2.2,https://www.amazon.fr/Peur-Sage-Chronique-Tueur-Roi/dp/B07ZPH222P/ref=sr_1_442,"0,00 €",Livres audio Audible,"4,6 sur 5 étoiles, détails de l’évaluation",856,Livres audio Audible,https://m.media-amazon.com/images/I/91GSHTvykFL._AC_UY218_.jpg,2025-09-04T08:49:15.972811,Description non disponible depuis la recherche,Stock non disponible,ISBN non disponible,Éditeur non disponible,Date non disponible,Nombre de pages non disponible,Rang de vente non disponible,Biographies,28.0,,
Les Légendes du Loup : l'Omnibus,https://www.amazon.fr/L%C3%A9gendes-du-Loup-lOmnibus/dp/1836091540/ref=sr_1_445,"19,00 €",Monsieur Chris Wraight,"4,7 sur 5 étoiles, détails de l’évaluation",7,Broché,https://m.media-amazon.com/images/I/819WPC1ZvaL._AC_UY218_.jpg,2025-09-04T08:49:15.982383,Description non disponible depuis la recherche,Stock non disponible,ISBN non disponible,Éditeur non disponible,Date non disponible,Nombre de pages non disponible,Rang de vente non disponible,Biographies,28.0,,
"La Roue du Temps, T9 : Les Feux du ciel - première partie",https://www.amazon.fr/Roue-Temps-T5-1-premi%C3%A8re-partie/dp/B07YTDY8XM/ref=sr_1_446,"8,90 €",Robert Jordan,"4,8 sur 5 étoiles, détails de l’évaluation",176,Poche,https://m.media-amazon.com/images/I/81yOieP0H4L._AC_UY218_.jpg,2025-09-04T08:49:15.986190,Description non disponible depuis la recherche,Stock non disponible,ISBN non disponible,Éditeur non disponible,Date non disponible,Nombre de pages non disponible,Rang de vente non disponible,Biographies,28.0,,
"Rythme de guerre, volume 1 (Les Archives de Roshar, Tome 4)",https://www.amazon.fr/Rythme-guerre-Archives-Brandon-Sanderson/dp/2253937215/ref=sr_1_447,"12,90 €",Brandon Sanderson,"4,6 sur 5 étoiles, détails de l’évaluation",334,Poche,https://m.media-amazon.com/images/I/813S-aWOmeL._AC_UY218_.jpg,2025-09-04T08:49:15.989074,Description non disponible depuis la recherche,Stock non disponible,ISBN non disponible,Éditeur non disponible,Date non disponible,Nombre de pages non disponible,Rang de vente non disponible,Biographies,28.0,,
The Sword of Kaigen: Édition reliée,https://www.amazon.fr/Sword-Kaigen-%C3%89dition-reli%C3%A9e/dp/2080467492/ref=sr_1_448,"26,90 €",M.L. Wang,"4,3 sur 5 étoiles, détails de l’évaluation",25,Relié,https://m.media-amazon.com/images/I/71X2Kk+GfkL._AC_UY218_.jpg,2025-09-04T08:49:15.991773,Description non disponible depuis la recherche,Stock non disponible,ISBN non disponible,Éditeur non disponible,Date non disponible,Nombre de pages non disponible,Rang de vente non disponible,Biographies,28.0,,
Le secret du roi: (Le Sentier du Gardien de la forêt – Tome 2),https://www.amazon.fr/secret-roi-Sentier-Gardien-for%C3%AAt-ebook/dp/B0D9BTSDCK/ref=sr_1_449,"14,99 €",Pedro Urvi,"4,6 sur 5 étoiles, détails de l’évaluation",467,Format Kindle,https://m.media-amazon.com/images/I/81YjOcApsvL._AC_UY218_.jpg,2025-09-04T08:49:15.994702,Description non disponible depuis la recherche,Stock non disponible,ISBN non disponible,Éditeur non disponible,Date non disponible,Nombre de pages non disponible,Rang de vente non disponible,Biographies,28.0,,
"La Roue du Temps, T3 : La Grande quête - première partie",https://www.amazon.fr/Roue-Temps-T2-1-Grande-premi%C3%A8re/dp/B07MPK2XJL/ref=sr_1_450,"8,95 €",Robert Jordan,"4,7 sur 5 étoiles, détails de l’évaluation",364,Poche,https://m.media-amazon.com/images/I/81aSLuQP6ML._AC_UY218_.jpg,2025-09-04T08:49:15.996787,Description non disponible depuis la recherche,Stock non disponible,ISBN non disponible,Éditeur non disponible,Date non disponible,Nombre de pages non disponible,Rang de vente non disponible,Biographies,28.0,,
Le prophète blanc: L'Assassin Royal 7,https://www.amazon.fr/proph%C3%A8te-blanc-LAssassin-royal/dp/B06XWHQY5Y/ref=sr_1_451,"0,00 €",Livres audio Audible,"4,6 sur 5 étoiles, détails de l’évaluation",685,Livres audio Audible,https://m.media-amazon.com/images/I/81F6EmbVQlL._AC_UY218_.jpg,2025-09-04T08:49:16.000006,Description non disponible depuis la recherche,Stock non disponible,ISBN non disponible,Éditeur non disponible,Date non disponible,Nombre de pages non disponible,Rang de vente non disponible,Biographies,28.0,,
"La Guilde des Ombres, tome 4 : L'Étoile de Feu: La Guilde des Ombres, tome 4 (4)",https://www.amazon.fr/Guilde-Ombres-L%C3%89toile-Feu/dp/2266325388/ref=sr_1_452,"14,50 €",Anna Triss,"4,8 sur 5 étoiles, détails de l’évaluation",434,Poche,https://m.media-amazon.com/images/I/71GNMoCMPpL._AC_UY218_.jpg,2025-09-04T08:49:16.003325,Description non disponible depuis la recherche,Stock non disponible,ISBN non disponible,Éditeur non disponible,Date non disponible,Nombre de pages non disponible,Rang de vente non disponible,Biographies,28.0,,
"Les Terres closes (Les Maîtres enlumineurs, Tome 3)",https://www.amazon.fr/Terres-closes-Ma%C3%AEtres-enlumineurs/dp/2253909041/ref=sr_1_451,"11,90 €",Robert Jackson Bennett,"4,4 sur 5 étoiles, détails de l’évaluation",149,Poche,https://m.media-amazon.com/images/I/81icinDA9dL._AC_UY218_.jpg,2025-09-04T08:49:25.437204,Description non disponible depuis la recherche,Stock non disponible,ISBN non disponible,Éditeur non disponible,Date non disponible,Nombre de pages non disponible,Rang de vente non disponible,Biographies,29.0,,
Le Roi en jaune,https://www.amazon.fr/Roi-en-jaune-Robert-Chambers/dp/2253184004/ref=sr_1_452,"9,90 €",Robert W. Chambers,"4,4 sur 5 étoiles, détails de l’évaluation",176,Poche,https://m.media-amazon.com/images/I/71Z5byLecmL._AC_UY218_.jpg,2025-09-04T08:49:25.439903,Description non disponible depuis la recherche,Stock non disponible,ISBN non disponible,Éditeur non disponible,Date non disponible,Nombre de pages non disponible,Rang de vente non disponible,Biographies,29.0,,
La Bénédiction des Cieux 3 (Edition Relié),https://www.amazon.fr/B%C3%A9n%C3%A9diction-Cieux-3-Reli%C3%A9/dp/B0FGX6BTYL/ref=sr_1_453,"29,99 €",Mo Xiang Tong Xiu,Note non disponible,0 avis,Relié,https://m.media-amazon.com/images/I/81QYNNeAChL._AC_UY218_.jpg,2025-09-04T08:49:25.443895,Description non disponible depuis la recherche,Stock non disponible,ISBN non disponible,Éditeur non disponible,Date non disponible,Nombre de pages non disponible,Rang de vente non disponible,Biographies,29.0,,
"Le Retour du hiérophante (Les Maîtres enlumineurs, Tome 2)",https://www.amazon.fr/Retour-hi%C3%A9rophante-Ma%C3%AEtres-enlumineurs/dp/2253937185/ref=sr_1_454,"10,40 €",Robert Jackson Bennett,"4,4 sur 5 étoiles, détails de l’évaluation",231,Poche,https://m.media-amazon.com/images/I/81rgFBnktlL._AC_UY218_.jpg,2025-09-04T08:49:25.447309,Description non disponible depuis la recherche,Stock non disponible,ISBN non disponible,Éditeur non disponible,Date non disponible,Nombre de pages non disponible,Rang de vente non disponible,Biographies,29.0,,
"La Roue du Temps, T 6 : Le Dragon Réincarné - deuxième partie",https://www.amazon.fr/Roue-Temps-T3-2-R%C3%A9incarn%C3%A9-deuxi%C3%A8me/dp/B07NR8Q6XZ/ref=sr_1_455,"8,95 €",Robert Jordan,"4,8 sur 5 étoiles, détails de l’évaluation",239,Broché,https://m.media-amazon.com/images/I/81XjUSIgsML._AC_UY218_.jpg,2025-09-04T08:49:25.449494,Description non disponible depuis la recherche,Stock non disponible,ISBN non disponible,Éditeur non disponible,Date non disponible,Nombre de pages non disponible,Rang de vente non disponible,Biographies,29.0,,
Le Monde de Cyberpunk 2077,https://www.amazon.fr/World-Cyberpunk-2077-Marc/dp/2809486778/ref=sr_1_456,"35,00 €",de Marc | 16 septembre 2020,"4,8 sur 5 étoiles, détails de l’évaluation",455,Relié,https://m.media-amazon.com/images/I/81oi3KCecEL._AC_UY218_.jpg,2025-09-04T08:49:25.452123,Description non disponible depuis la recherche,Stock non disponible,ISBN non disponible,Éditeur non disponible,Date non disponible,Nombre de pages non disponible,Rang de vente non disponible,Biographies,29.0,,
world of warcraft : chroniques volume 1,https://www.amazon.fr/world-warcraft-chroniques-1-Collectif/dp/280945549X/ref=sr_1_457,"35,00 €",Matt Burns,"4,8 sur 5 étoiles, détails de l’évaluation",397,Relié,https://m.media-amazon.com/images/I/91bf1wBNNVL._AC_UY218_.jpg,2025-09-04T08:49:25.454317,Description non disponible depuis la recherche,Stock non disponible,ISBN non disponible,Éditeur non disponible,Date non disponible,Nombre de pages non disponible,Rang de vente non disponible,Biographies,29.0,,
Une Rencontre Inoubliable,https://www.amazon.fr/Une-Rencontre-Inoubliable-Julien-Chapp%C3%A9-ebook/dp/B0FPFSFV1R/ref=sr_1_458,"10,55 €",de Julien Chappé et Célaine Blondieau | 1 septembre 2025,Note non disponible,0 avis,Format Kindle,https://m.media-amazon.com/images/I/61HHG74RHLL._AC_UY218_.jpg,2025-09-04T08:49:25.457153,Description non disponible depuis la recherche,Stock non disponible,ISBN non disponible,Éditeur non disponible,Date non disponible,Nombre de pages non disponible,Rang de vente non disponible,Biographies,29.0,,
Assoiffés - tome 02 : Foudroyés,https://www.amazon.fr/Assoiff%C3%A9s-02-Foudroy%C3%A9s-Tracy-Wolff/dp/2266316125/ref=sr_1_461,"19,90 €",Tracy Wolff,"4,7 sur 5 étoiles, détails de l’évaluation",740,Broché,https://m.media-amazon.com/images/I/61KDpzZA4JL._AC_UY218_.jpg,2025-09-04T08:49:25.467099,Description non disponible depuis la recherche,Stock non disponible,ISBN non disponible,Éditeur non disponible,Date non disponible,Nombre de pages non disponible,Rang de vente non disponible,Biographies,29.0,,
Les secrets de Castelcerf: L'Assassin Royal 9,https://www.amazon.fr/secrets-Castelcerf-LAssassin-royal/dp/B072PXPQYC/ref=sr_1_462,"0,00 €",Livres audio Audible,"4,6 sur 5 étoiles, détails de l’évaluation",631,Livres audio Audible,https://m.media-amazon.com/images/I/815ay9vx9LL._AC_UY218_.jpg,2025-09-04T08:49:25.470375,Description non disponible depuis la recherche,Stock non disponible,ISBN non disponible,Éditeur non disponible,Date non disponible,Nombre de pages non disponible,Rang de vente non disponible,Biographies,29.0,,
Les Âmes Damnées et le Baiser du Crépuscule (Editions Relié): Les Couronnes de Nyaxia 4,https://www.amazon.fr/Damn%C3%A9es-Baiser-Cr%C3%A9puscule-Editions-Reli%C3%A9/dp/B0FGX5JR4S/ref=sr_1_463,"29,99 €",Carissa Broadbent,Note non disponible,0 avis,Relié,https://m.media-amazon.com/images/I/71SKmrBZxBL._AC_UY218_.jpg,2025-09-04T08:49:25.474420,Description non disponible depuis la recherche,Stock non disponible,ISBN non disponible,Éditeur non disponible,Date non disponible,Nombre de pages non disponible,Rang de vente non disponible,Biographies,29.0,,
Énigme (La Ceinture t. 4),https://www.amazon.fr/%C3%89nigme-Ceinture-t-Gerald-Kilby-ebook/dp/B0FKZK9LSH/ref=sr_1_464,"13,70 €",Gerald M. Kilby,"4,3 sur 5 étoiles, détails de l’évaluation",14,Format Kindle,https://m.media-amazon.com/images/I/81Evs9cfADL._AC_UY218_.jpg,2025-09-04T08:49:25.476496,Description non disponible depuis la recherche,Stock non disponible,ISBN non disponible,Éditeur non disponible,Date non disponible,Nombre de pages non disponible,Rang de vente non disponible,Biographies,29.0,,
Le prince de la séduction: Les légendes de Airren 1.5 (Relié),https://www.amazon.fr/prince-s%C3%A9duction-l%C3%A9gendes-Airren-Reli%C3%A9/dp/B0F6B92N8H/ref=sr_1_465,"29,99 €",Jenny Hickman,Note non disponible,0 avis,Relié,https://m.media-amazon.com/images/I/51WTTqcVPHL._AC_UY218_.jpg,2025-09-04T08:49:25.480374,Description non disponible depuis la recherche,Stock non disponible,ISBN non disponible,Éditeur non disponible,Date non disponible,Nombre de pages non disponible,Rang de vente non disponible,Biographies,29.0,,
Il était une fois un coeur brisé (relié collector) - Tome 01,https://www.amazon.fr/%C3%A9tait-coeur-bris%C3%A9-reli%C3%A9-collector/dp/2378762682/ref=sr_1_466,"24,90 €",Stéphanie Garber,"4,5 sur 5 étoiles, détails de l’évaluation",271,Relié,https://m.media-amazon.com/images/I/61HDEmP4z1L._AC_UY218_.jpg,2025-09-04T08:49:25.483400,Description non disponible depuis la recherche,Stock non disponible,ISBN non disponible,Éditeur non disponible,Date non disponible,Nombre de pages non disponible,Rang de vente non disponible,Biographies,29.0,,
Assoiffés - tome 03 Convoités,https://www.amazon.fr/Assoiff%C3%A9s-03-Convoit%C3%A9s-Tracy-Wolff/dp/2266316133/ref=sr_1_467,"19,90 €",Tracy Wolff,"4,7 sur 5 étoiles, détails de l’évaluation",546,Broché,https://m.media-amazon.com/images/I/61OrJnfFXJL._AC_UY218_.jpg,2025-09-04T08:49:25.486906,Description non disponible depuis la recherche,Stock non disponible,ISBN non disponible,Éditeur non disponible,Date non disponible,Nombre de pages non disponible,Rang de vente non disponible,Biographies,29.0,,
"Les Cités des Anciens: L'intégrale, 2",https://www.amazon.fr/Cit%C3%A9s-Anciens-Int%C3%A9grale-2/dp/229015539X/ref=sr_1_468,"20,90 €",Robin Hobb,"4,7 sur 5 étoiles, détails de l’évaluation",405,Broché,https://m.media-amazon.com/images/I/71tqOxRFfYL._AC_UY218_.jpg,2025-09-04T08:49:25.489570,Description non disponible depuis la recherche,Stock non disponible,ISBN non disponible,Éditeur non disponible,Date non disponible,Nombre de pages non disponible,Rang de vente non disponible,Biographies,29.0,,
Chroniques martiennes,https://www.amazon.fr/Chroniques-martiennes-Ray-Bradbury/dp/2070417743/ref=sr_1_467,"8,50 €",Ray Bradbury,"4,5 sur 5 étoiles, détails de l’évaluation",619,Poche,https://m.media-amazon.com/images/I/71EVkmklhyL._AC_UY218_.jpg,2025-09-04T08:49:36.966271,Description non disponible depuis la recherche,Stock non disponible,ISBN non disponible,Éditeur non disponible,Date non disponible,Nombre de pages non disponible,Rang de vente non disponible,Biographies,30.0,,
"Oz (Autre-Monde, Tome 5)",https://www.amazon.fr/Oz-Autre-Monde-5-Maxime-Chattam/dp/2253000663/ref=sr_1_468,"9,70 €",Maxime Chattam,"4,6 sur 5 étoiles, détails de l’évaluation",1 222,Poche,https://m.media-amazon.com/images/I/91hcP2vkNrL._AC_UY218_.jpg,2025-09-04T08:49:36.969705,Description non disponible depuis la recherche,Stock non disponible,ISBN non disponible,Éditeur non disponible,Date non disponible,Nombre de pages non disponible,Rang de vente non disponible,Biographies,30.0,,
Le Roi en jaune,https://www.amazon.fr/Roi-en-jaune-Robert-Chambers/dp/2901207111/ref=sr_1_469,"35,00 €",Robert w. Chambers,"4,4 sur 5 étoiles, détails de l’évaluation",27,Broché,https://m.media-amazon.com/images/I/813LvYihTvL._AC_UY218_.jpg,2025-09-04T08:49:36.971916,Description non disponible depuis la recherche,Stock non disponible,ISBN non disponible,Éditeur non disponible,Date non disponible,Nombre de pages non disponible,Rang de vente non disponible,Biographies,30.0,,
Châtiment silencieux: Thriller psychologique,https://www.amazon.fr/Ch%C3%A2timent-silencieux-psychologique-Ilona-Bulazel-ebook/dp/B0DTDRJ7Y8/ref=sr_1_470,"10,99 €",Ilona Bulazel,"4,2 sur 5 étoiles, détails de l’évaluation",54,Format Kindle,https://m.media-amazon.com/images/I/81PwBPvlvxL._AC_UY218_.jpg,2025-09-04T08:49:36.973969,Description non disponible depuis la recherche,Stock non disponible,ISBN non disponible,Éditeur non disponible,Date non disponible,Nombre de pages non disponible,Rang de vente non disponible,Biographies,30.0,,
Le Nom du Vent 1: Chronique du Tueur de Roi 1.1,https://www.amazon.fr/Nom-Vent-Chronique-Tueur-Roi/dp/B07ZPHD1NH/ref=sr_1_471,"0,00 €",Livres audio Audible,"4,6 sur 5 étoiles, détails de l’évaluation",1 253,Livres audio Audible,https://m.media-amazon.com/images/I/81NnAKlDXeL._AC_UY218_.jpg,2025-09-04T08:49:36.977220,Description non disponible depuis la recherche,Stock non disponible,ISBN non disponible,Éditeur non disponible,Date non disponible,Nombre de pages non disponible,Rang de vente non disponible,Biographies,30.0,,
Un nuage de sang - Tome 02 De thé et de sang (broché),https://www.amazon.fr/nuage-sang-02-th%C3%A9-broch%C3%A9/dp/2378767676/ref=sr_1_472,"19,90 €",Hafsah Faizal,Note non disponible,0 avis,Broché,https://m.media-amazon.com/images/I/61K5NsvhhzL._AC_UY218_.jpg,2025-09-04T08:49:36.981009,Description non disponible depuis la recherche,Stock non disponible,ISBN non disponible,Éditeur non disponible,Date non disponible,Nombre de pages non disponible,Rang de vente non disponible,Biographies,30.0,,
"Sorceleur (Witcher), T4 : Le Temps du mépris (traduction révisée)",https://www.amazon.fr/Temps-m%C3%A9pris-Sorceleur-T4-ebook/dp/B009ZL5DX4/ref=sr_1_473,"5,99 €",Andrzej Sapkowski,"4,7 sur 5 étoiles, détails de l’évaluation",2 569,Format Kindle,https://m.media-amazon.com/images/I/81ZlWvZK3ML._AC_UY218_.jpg,2025-09-04T08:49:36.984275,Description non disponible depuis la recherche,Stock non disponible,ISBN non disponible,Éditeur non disponible,Date non disponible,Nombre de pages non disponible,Rang de vente non disponible,Biographies,30.0,,
Contamination : La série post-apocalyptique: (Livres 0-3),https://www.amazon.fr/Contamination-s%C3%A9rie-post-apocalyptique-Livres-0-3/dp/B0F13C49GX/ref=sr_1_474,"21,09 €",T.W. Piperbrook,"4,2 sur 5 étoiles, détails de l’évaluation",5,Broché,https://m.media-amazon.com/images/I/71Add7l56xL._AC_UY218_.jpg,2025-09-04T08:49:36.986301,Description non disponible depuis la recherche,Stock non disponible,ISBN non disponible,Éditeur non disponible,Date non disponible,Nombre de pages non disponible,Rang de vente non disponible,Biographies,30.0,,
"Le prieuré de l'oranger: Partie II: Le prieuré de l'oranger, Book 2",https://www.amazon.fr/prieur%C3%A9-loranger-Partie-II-Book/dp/B0F6ZHFMNQ/ref=sr_1_477,"0,00 €",Livres audio Audible,"4,7 sur 5 étoiles, détails de l’évaluation",118,Livres audio Audible,https://m.media-amazon.com/images/I/A1HjFJNwqCL._AC_UY218_.jpg,2025-09-04T08:49:36.994780,Description non disponible depuis la recherche,Stock non disponible,ISBN non disponible,Éditeur non disponible,Date non disponible,Nombre de pages non disponible,Rang de vente non disponible,Biographies,30.0,,
"La Cité des Ombres: Ténébris, Vol. 1",https://www.amazon.fr/Cit%C3%A9-Ombres-T%C3%A9n%C3%A9bris-Vol/dp/B0FCS3SY34/ref=sr_1_478,"0,00 €",Livres audio Audible,"4,7 sur 5 étoiles, détails de l’évaluation",797,Livres audio Audible,https://m.media-amazon.com/images/I/91VDy5wV1XL._AC_UY218_.jpg,2025-09-04T08:49:36.997442,Description non disponible depuis la recherche,Stock non disponible,ISBN non disponible,Éditeur non disponible,Date non disponible,Nombre de pages non disponible,Rang de vente non disponible,Biographies,30.0,,
Trahison dans le nord : (Le Sentier du Gardien de la forêt – Tome 4),https://www.amazon.fr/Trahison-dans-nord-Sentier-Gardien-ebook/dp/B0DJY5STB2/ref=sr_1_479,"13,99 €",Pedro Urvi,"4,6 sur 5 étoiles, détails de l’évaluation",359,Format Kindle,https://m.media-amazon.com/images/I/81EEIkDYX-L._AC_UY218_.jpg,2025-09-04T08:49:37.000283,Description non disponible depuis la recherche,Stock non disponible,ISBN non disponible,Éditeur non disponible,Date non disponible,Nombre de pages non disponible,Rang de vente non disponible,Biographies,30.0,,
Berserk 2,https://www.amazon.fr/Berserk-Deluxe-2-Kentaro-Miura/dp/1506711995/ref=sr_1_480,"45,34 €",Kentaro Miura,"4,9 sur 5 étoiles, détails de l’évaluation",11 203,Relié,https://m.media-amazon.com/images/I/91RL+XK7MPL._AC_UY218_.jpg,2025-09-04T08:49:37.002595,Description non disponible depuis la recherche,Stock non disponible,ISBN non disponible,Éditeur non disponible,Date non disponible,Nombre de pages non disponible,Rang de vente non disponible,Biographies,30.0,,
La secte maudite: L'Assassin Royal 8,https://www.amazon.fr/secte-maudite-Lassassin-royal/dp/B0727YJJB9/ref=sr_1_481,"0,00 €",Livres audio Audible,"4,7 sur 5 étoiles, détails de l’évaluation",641,Livres audio Audible,https://m.media-amazon.com/images/I/81dMhrazMlL._AC_UY218_.jpg,2025-09-04T08:49:37.005922,Description non disponible depuis la recherche,Stock non disponible,ISBN non disponible,Éditeur non disponible,Date non disponible,Nombre de pages non disponible,Rang de vente non disponible,Biographies,30.0,,
Tower of Dawn: From the # 1 Sunday Times best-selling author of A Court of Thorns and Roses (Throne of Glass Book 6) (English Edition),https://www.amazon.fr/Tower-Dawn-Sarah-J-Maas-ebook/dp/B01N01V56U/ref=sr_1_482,"8,99 €",Sarah J. Maas,"4,6 sur 5 étoiles, détails de l’évaluation",92 614,Format Kindle,https://m.media-amazon.com/images/I/81z+ayN+uqL._AC_UY218_.jpg,2025-09-04T08:49:37.009462,Description non disponible depuis la recherche,Stock non disponible,ISBN non disponible,Éditeur non disponible,Date non disponible,Nombre de pages non disponible,Rang de vente non disponible,Biographies,30.0,,
"La Roue du Temps, T7 : Un lever de ténèbres - première partie",https://www.amazon.fr/Roue-Temps-T4-1-t%C3%A9n%C3%A8bres-premi%C3%A8re/dp/B07TNVXDR2/ref=sr_1_483,"10,95 €",Robert Jordan,"4,8 sur 5 étoiles, détails de l’évaluation",225,Broché,https://m.media-amazon.com/images/I/8151BV-pFxL._AC_UY218_.jpg,2025-09-04T08:49:37.011655,Description non disponible depuis la recherche,Stock non disponible,ISBN non disponible,Éditeur non disponible,Date non disponible,Nombre de pages non disponible,Rang de vente non disponible,Biographies,30.0,,
Si ça saigne,https://www.amazon.fr/Si-%C3%A7a-saigne-Stephen-King/dp/225310700X/ref=sr_1_484,"9,90 €",Stephen King,"4,4 sur 5 étoiles, détails de l’évaluation",1 618,Poche,https://m.media-amazon.com/images/I/81Mjalc-+gL._AC_UY218_.jpg,2025-09-04T08:49:37.015092,Description non disponible depuis la recherche,Stock non disponible,ISBN non disponible,Éditeur non disponible,Date non disponible,Nombre de pages non disponible,Rang de vente non disponible,Biographies,30.0,,
Heaven Official's Blessing: Tian Guan Ci Fu (Novel) Vol. 6,https://www.amazon.fr/Heaven-Officials-Blessing-Tian-Novel/dp/1638585512/ref=sr_1_339,"18,09 €",Mo Xiang Tong Xiu,"4,9 sur 5 étoiles, détails de l’évaluation",2 588,Broché,https://m.media-amazon.com/images/I/81T24kWqycL._AC_UY218_.jpg,2025-09-04T18:40:17.006764,Description non disponible depuis la recherche,Stock non disponible,ISBN non disponible,Éditeur non disponible,Date non disponible,Nombre de pages non disponible,Rang de vente non disponible,Biographies,21.0,,
Sorceleur - L'Intégrale Kaer Morhen,https://www.amazon.fr/Sorceleur-LInt%C3%A9grale-Morhen-Andrzej-Sapkowski/dp/B0B5QFS2XB/ref=sr_1_371,"119,00 €",Andrzej Sapkowski,"4,7 sur 5 étoiles, détails de l’évaluation",77,Broché,https://m.media-amazon.com/images/I/81AU26-EThL._AC_UY218_.jpg,2025-09-04T18:40:44.334631,Description non disponible depuis la recherche,Stock non disponible,ISBN non disponible,Éditeur non disponible,Date non disponible,Nombre de pages non disponible,Rang de vente non disponible,Biographies,24.0,,
Bambi,https://www.amazon.fr/Bambi-Maude-Royer/dp/2849338869/ref=sr_1_372,"14,90 €",de Maude Royer | 13 juin 2024,"4,7 sur 5 étoiles, détails de l’évaluation",93,Broché,https://m.media-amazon.com/images/I/715nT1lWvoL._AC_UY218_.jpg,2025-09-04T18:40:44.338694,Description non disponible depuis la recherche,Stock non disponible,ISBN non disponible,Éditeur non disponible,Date non disponible,Nombre de pages non disponible,Rang de vente non disponible,Biographies,24.0,,
Les légendes de Thezmarr T1 : Le sang et l'acier,https://www.amazon.fr/sang-lacier-l%C3%A9gende-Thezmaar-T1-ebook/dp/B0CN3D1GKN/ref=sr_1_373,"10,99 €",Helen Scheuerer,"4,7 sur 5 étoiles, détails de l’évaluation",272,Format Kindle,https://m.media-amazon.com/images/I/81JhABtSm-L._AC_UY218_.jpg,2025-09-04T18:40:44.341288,Description non disponible depuis la recherche,Stock non disponible,ISBN non disponible,Éditeur non disponible,Date non disponible,Nombre de pages non disponible,Rang de vente non disponible,Biographies,24.0,,
La Guerre sans fin: Le Pont des tempêtes - Vol. 4,https://www.amazon.fr/Guerre-sans-fin-Pont-temp%C3%AAtes/dp/B0DT9RZ7PS/ref=sr_1_374,"0,00 €",Livres audio Audible,"4,7 sur 5 étoiles, détails de l’évaluation",90,Livres audio Audible,https://m.media-amazon.com/images/I/81TvJ5fLg4L._AC_UY218_.jpg,2025-09-04T18:40:44.344306,Description non disponible depuis la recherche,Stock non disponible,ISBN non disponible,Éditeur non disponible,Date non disponible,Nombre de pages non disponible,Rang de vente non disponible,Biographies,24.0,,
Carrie (Nouvelle traduction) - Edition Collector,https://www.amazon.fr/Carrie-Nouvelle-traduction-Stephen-King/dp/2253909122/ref=sr_1_375,"24,90 €",de Stephen King | 29 octobre 2025,Note non disponible,0 avis,Poche,https://m.media-amazon.com/images/I/71yF4R0eqPL._AC_UY218_.jpg,2025-09-04T18:40:44.346900,Description non disponible depuis la recherche,Stock non disponible,ISBN non disponible,Éditeur non disponible,Date non disponible,Nombre de pages non disponible,Rang de vente non disponible,Biographies,24.0,,
"Harry Potter and the Chamber of Secrets, Book 2",https://www.amazon.fr/Harry-Potter-Chamber-Secrets-Book/dp/B01CV4L6EG/ref=sr_1_376,"0,00 €",Livres audio Audible,"4,8 sur 5 étoiles, détails de l’évaluation",104 471,Livres audio Audible,https://m.media-amazon.com/images/I/91X5+PZsPyL._AC_UY218_.jpg,2025-09-04T18:40:44.349974,Description non disponible depuis la recherche,Stock non disponible,ISBN non disponible,Éditeur non disponible,Date non disponible,Nombre de pages non disponible,Rang de vente non disponible,Biographies,24.0,,
Twisted Tale - Changer son destin,https://www.amazon.fr/Twisted-Tale-Changer-son-destin/dp/2017283320/ref=sr_1_377,"22,00 €",Farrah Rochon,"4,2 sur 5 étoiles, détails de l’évaluation",5,Broché,https://m.media-amazon.com/images/I/81tL3m8ATZL._AC_UY218_.jpg,2025-09-04T18:40:44.352647,Description non disponible depuis la recherche,Stock non disponible,ISBN non disponible,Éditeur non disponible,Date non disponible,Nombre de pages non disponible,Rang de vente non disponible,Biographies,24.0,,
Le Temps des sorcières,https://www.amazon.fr/Temps-sorci%C3%A8res-Alix-Harrow/dp/2253243752/ref=sr_1_378,"10,40 €",Alix E. Harrow,"4,5 sur 5 étoiles, détails de l’évaluation",130,Poche,https://m.media-amazon.com/images/I/71GZDGeSPHL._AC_UY218_.jpg,2025-09-04T18:40:44.356056,Description non disponible depuis la recherche,Stock non disponible,ISBN non disponible,Éditeur non disponible,Date non disponible,Nombre de pages non disponible,Rang de vente non disponible,Biographies,24.0,,
The Hobbit & The Lord of the Rings Boxed Set,https://www.amazon.fr/Hobbit-Lord-Rings-Boxed-Set/dp/0008376107/ref=sr_1_381,"103,29 €",J. R. R. Tolkien,"4,7 sur 5 étoiles, détails de l’évaluation",16 613,Relié,https://m.media-amazon.com/images/I/81iBPd+fQkL._AC_UY218_.jpg,2025-09-04T18:40:44.364953,Description non disponible depuis la recherche,Stock non disponible,ISBN non disponible,Éditeur non disponible,Date non disponible,Nombre de pages non disponible,Rang de vente non disponible,Biographies,24.0,,
Sally & le Royaume du Temps,https://www.amazon.fr/Sally-Royaume-Temps-Megan-Shepherd/dp/2017283371/ref=sr_1_382,"22,00 €",de Megan Shepherd | 24 septembre 2025,Note non disponible,0 avis,Broché,https://m.media-amazon.com/images/I/81FLqqCR-kL._AC_UY218_.jpg,2025-09-04T18:40:44.367677,Description non disponible depuis la recherche,Stock non disponible,ISBN non disponible,Éditeur non disponible,Date non disponible,Nombre de pages non disponible,Rang de vente non disponible,Biographies,24.0,,
Chaperon et Balles d'argent (Bones upon a time t. 1),https://www.amazon.fr/Chaperon-Balles-dargent-Bones-upon-ebook/dp/B0D9KD7Z73/ref=sr_1_383,"12,99 €",Bones Vercetti,"4,7 sur 5 étoiles, détails de l’évaluation",289,Format Kindle,https://m.media-amazon.com/images/I/81BLG5zpE-L._AC_UY218_.jpg,2025-09-04T18:40:44.369774,Description non disponible depuis la recherche,Stock non disponible,ISBN non disponible,Éditeur non disponible,Date non disponible,Nombre de pages non disponible,Rang de vente non disponible,Biographies,24.0,,
The Kindred's Curse: Glow of the everflame - Édition reliée (2),https://www.amazon.fr/Kindreds-Curse-everflame-%C3%89dition-reli%C3%A9e/dp/2080457209/ref=sr_1_384,"25,90 €",Penn Cole,"4,8 sur 5 étoiles, détails de l’évaluation",61,Relié,https://m.media-amazon.com/images/I/713icEy3x-L._AC_UY218_.jpg,2025-09-04T18:40:44.372629,Description non disponible depuis la recherche,Stock non disponible,ISBN non disponible,Éditeur non disponible,Date non disponible,Nombre de pages non disponible,Rang de vente non disponible,Biographies,24.0,,
Le Roi Dragon,https://www.amazon.fr/Audible-Studios-on-Brilliance-Dragon/dp/B0DY1FJ5F9/ref=sr_1_385,"0,00 €",Livres audio Audible,"4,7 sur 5 étoiles, détails de l’évaluation",1 921,Livres audio Audible,https://m.media-amazon.com/images/I/914hGnzgW9L._AC_UY218_.jpg,2025-09-04T18:40:44.375324,Description non disponible depuis la recherche,Stock non disponible,ISBN non disponible,Éditeur non disponible,Date non disponible,Nombre de pages non disponible,Rang de vente non disponible,Biographies,24.0,,
L'Œil du monde: La Roue du Temps 1,https://www.amazon.fr/L%C5%92il-monde-Roue-Temps/dp/B07R43KG72/ref=sr_1_386,"0,00 €",Livres audio Audible,"4,6 sur 5 étoiles, détails de l’évaluation",1 286,Livres audio Audible,https://m.media-amazon.com/images/I/91plFA6iRSL._AC_UY218_.jpg,2025-09-04T18:40:44.378655,Description non disponible depuis la recherche,Stock non disponible,ISBN non disponible,Éditeur non disponible,Date non disponible,Nombre de pages non disponible,Rang de vente non disponible,Biographies,24.0,,
Hunger Games T2 Collector,https://www.amazon.fr/Hunger-Games-Collector-Suzanne-Collins/dp/2266338498/ref=sr_1_387,"25,00 €",de Suzanne Collins et Guillaume Fournier | 19 octobre 2023,"4,9 sur 5 étoiles, détails de l’évaluation",73,Relié,https://m.media-amazon.com/images/I/61p50CR9jhL._AC_UY218_.jpg,2025-09-04T18:40:44.381401,Description non disponible depuis la recherche,Stock non disponible,ISBN non disponible,Éditeur non disponible,Date non disponible,Nombre de pages non disponible,Rang de vente non disponible,Biographies,24.0,,
"Le Pont des tempêtes, T2 : La Reine traîtresse",https://www.amazon.fr/Reine-tra%C3%AEtresse-Pont-temp%C3%AAtes-T2-ebook/dp/B0CBQJ7W27/ref=sr_1_388,"5,99 €",Danielle L. Jensen,"4,7 sur 5 étoiles, détails de l’évaluation",498,Format Kindle,https://m.media-amazon.com/images/I/81ZrpO-rNbL._AC_UY218_.jpg,2025-09-04T18:40:44.384736,Description non disponible depuis la recherche,Stock non disponible,ISBN non disponible,Éditeur non disponible,Date non disponible,Nombre de pages non disponible,Rang de vente non disponible,Biographies,24.0,,
"Le Fou et l'Assassin: Intégrale, 1",https://www.amazon.fr/Fou-lAssassin-Int%C3%A9grale-1/dp/2290359297/ref=sr_1_643,"18,50 €",Robin Hobb,"4,8 sur 5 étoiles, détails de l’évaluation",493,Broché,https://m.media-amazon.com/images/I/71Q6ynjg3TL._AC_UY218_.jpg,2025-09-04T18:41:41.421330,Description non disponible depuis la recherche,Stock non disponible,ISBN non disponible,Éditeur non disponible,Date non disponible,Nombre de pages non disponible,Rang de vente non disponible,Biographies,41.0,,
Watership Down,https://www.amazon.fr/Watership-Down-Richard-Adams/dp/2381961615/ref=sr_1_644,"20,50 €",Richard Adams,"4,6 sur 5 étoiles, détails de l’évaluation",434,Relié,https://m.media-amazon.com/images/I/81w6hAxiaEL._AC_UY218_.jpg,2025-09-04T18:41:41.425069,Description non disponible depuis la recherche,Stock non disponible,ISBN non disponible,Éditeur non disponible,Date non disponible,Nombre de pages non disponible,Rang de vente non disponible,Biographies,41.0,,
Assoiffés - Tome 5 Empoisonnés,https://www.amazon.fr/Assoiff%C3%A9s-05-Empoisonn%C3%A9s-Tracy-Wolff/dp/2266331620/ref=sr_1_645,"19,90 €",Tracy Wolff,"4,6 sur 5 étoiles, détails de l’évaluation",371,Broché,https://m.media-amazon.com/images/I/51ucF7SiLbL._AC_UY218_.jpg,2025-09-04T18:41:41.428579,Description non disponible depuis la recherche,Stock non disponible,ISBN non disponible,Éditeur non disponible,Date non disponible,Nombre de pages non disponible,Rang de vente non disponible,Biographies,41.0,,
Contes et légendes inachevés illustré,https://www.amazon.fr/Contes-l%C3%A9gendes-inachev%C3%A9s-illustr%C3%A9-Tolkien/dp/2267051087/ref=sr_1_646,"44,90 €",J. R. R. Tolkien,"4,7 sur 5 étoiles, détails de l’évaluation",98,Relié,https://m.media-amazon.com/images/I/91ZWEEKv13L._AC_UY218_.jpg,2025-09-04T18:41:41.430790,Description non disponible depuis la recherche,Stock non disponible,ISBN non disponible,Éditeur non disponible,Date non disponible,Nombre de pages non disponible,Rang de vente non disponible,Biographies,41.0,,
N.E.O. - Tome 01 : La chute du soleil de fer,https://www.amazon.fr/N-chute-soleil-fer/dp/2266330624/ref=sr_1_647,"8,90 €",Michel Bussi,"4,6 sur 5 étoiles, détails de l’évaluation",408,Poche,https://m.media-amazon.com/images/I/61zaOIj4ZEL._AC_UY218_.jpg,2025-09-04T18:41:41.434636,Description non disponible depuis la recherche,Stock non disponible,ISBN non disponible,Éditeur non disponible,Date non disponible,Nombre de pages non disponible,Rang de vente non disponible,Biographies,41.0,,
L'Histoire sans fin,https://www.amazon.fr/Audible-Studios-on-Brilliance-LHistoire/dp/B0DWYRPJYD/ref=sr_1_648,"0,00 €",Livres audio Audible,"4,7 sur 5 étoiles, détails de l’évaluation",433,Livres audio Audible,https://m.media-amazon.com/images/I/817auO+lH6L._AC_UY218_.jpg,2025-09-04T18:41:41.437696,Description non disponible depuis la recherche,Stock non disponible,ISBN non disponible,Éditeur non disponible,Date non disponible,Nombre de pages non disponible,Rang de vente non disponible,Biographies,41.0,,
La Saga Lightlark - Livre 2 Nightbane,https://www.amazon.fr/Saga-Lightlark-Livre-Nightbane/dp/2371023795/ref=sr_1_649,"17,00 €",Alex Aster,"4,6 sur 5 étoiles, détails de l’évaluation",115,Broché,https://m.media-amazon.com/images/I/71OeJ3znxYL._AC_UY218_.jpg,2025-09-04T18:41:41.441131,Description non disponible depuis la recherche,Stock non disponible,ISBN non disponible,Éditeur non disponible,Date non disponible,Nombre de pages non disponible,Rang de vente non disponible,Biographies,41.0,,
La Guerre du pavot - Tome 01 (relié collector) (01),https://www.amazon.fr/Guerre-pavot-01-reli%C3%A9-collector/dp/2378766874/ref=sr_1_650,"29,90 €",Rebecca F. Kuang,"4,2 sur 5 étoiles, détails de l’évaluation",103,Relié,https://m.media-amazon.com/images/I/61DmRXbIjnL._AC_UY218_.jpg,2025-09-04T18:41:41.444563,Description non disponible depuis la recherche,Stock non disponible,ISBN non disponible,Éditeur non disponible,Date non disponible,Nombre de pages non disponible,Rang de vente non disponible,Biographies,41.0,,
Le Roi dragon Tome 2 Le Secret des sorcières,https://www.amazon.fr/Roi-dragon-Secret-sorci%C3%A8res-ebook/dp/B0C9V8XSLB/ref=sr_1_653,"23,00 €",Lydiane Arnoult,"4,3 sur 5 étoiles, détails de l’évaluation",24,Format Kindle,https://m.media-amazon.com/images/I/81P1LCeuRHL._AC_UY218_.jpg,2025-09-04T18:41:41.453328,Description non disponible depuis la recherche,Stock non disponible,ISBN non disponible,Éditeur non disponible,Date non disponible,Nombre de pages non disponible,Rang de vente non disponible,Biographies,41.0,,
"Les fantômes d'Europa: Antelucem, Vol. 1",https://www.amazon.fr/fant%C3%B4mes-dEuropa-Antelucem-Vol/dp/B0FCXWRWFH/ref=sr_1_654,"0,00 €",Livres audio Audible,"4,6 sur 5 étoiles, détails de l’évaluation",167,Livres audio Audible,https://m.media-amazon.com/images/I/81ozBH5xx2L._AC_UY218_.jpg,2025-09-04T18:41:41.455923,Description non disponible depuis la recherche,Stock non disponible,ISBN non disponible,Éditeur non disponible,Date non disponible,Nombre de pages non disponible,Rang de vente non disponible,Biographies,41.0,,
Les légendes de Thezmarr T4 : L'ombre et les orages,https://www.amazon.fr/l%C3%A9gendes-Thezmarr-T4-Lombre-orages-ebook/dp/B0DJ1C3NK9/ref=sr_1_655,"9,99 €",Helen Scheuerer,"4,6 sur 5 étoiles, détails de l’évaluation",118,Format Kindle,https://m.media-amazon.com/images/I/81xkZS86xAL._AC_UY218_.jpg,2025-09-04T18:41:41.458538,Description non disponible depuis la recherche,Stock non disponible,ISBN non disponible,Éditeur non disponible,Date non disponible,Nombre de pages non disponible,Rang de vente non disponible,Biographies,41.0,,
L'école du bien et du mal - tome 05 : Le cristal du temps: Le cristal du temps (5),https://www.amazon.fr/L%C3%A9cole-bien-mal-cristal-temps/dp/226632442X/ref=sr_1_656,"9,50 €",Soman Chainani,"4,8 sur 5 étoiles, détails de l’évaluation",260,Poche,https://m.media-amazon.com/images/I/71G8+9fRBfL._AC_UY218_.jpg,2025-09-04T18:41:41.462299,Description non disponible depuis la recherche,Stock non disponible,ISBN non disponible,Éditeur non disponible,Date non disponible,Nombre de pages non disponible,Rang de vente non disponible,Biographies,41.0,,
Le rottweiler qui valait trois sesterces: L'ultime volet (Les truculentes enquêtes de Rowena Palmito t. 5),https://www.amazon.fr/rottweiler-qui-valait-trois-sesterces-ebook/dp/B0FK2BLXPJ/ref=sr_1_657,"10,55 €",Bones Vercetti,"4,6 sur 5 étoiles, détails de l’évaluation",89,Format Kindle,https://m.media-amazon.com/images/I/91+aFOJa5hL._AC_UY218_.jpg,2025-09-04T18:41:41.464697,Description non disponible depuis la recherche,Stock non disponible,ISBN non disponible,Éditeur non disponible,Date non disponible,Nombre de pages non disponible,Rang de vente non disponible,Biographies,41.0,,
Les Annales du Disque-Monde - La Huitième Couleur,https://www.amazon.fr/Annales-du-Disque-Monde-1/dp/2266211811/ref=sr_1_658,"8,10 €",Terry Pratchett,"4,4 sur 5 étoiles, détails de l’évaluation",778,Poche,https://m.media-amazon.com/images/I/61dM-P6H85L._AC_UY218_.jpg,2025-09-04T18:41:41.468347,Description non disponible depuis la recherche,Stock non disponible,ISBN non disponible,Éditeur non disponible,Date non disponible,Nombre de pages non disponible,Rang de vente non disponible,Biographies,41.0,,
"Chevauche-brumes, Intégrale 30 ans",https://www.amazon.fr/Chevauche-brumes-Int%C3%A9grale-ans-Thibaud-Latil-Nicolas/dp/2382671890/ref=sr_1_659,"42,00 €",Thibaud Latil-Nicolas,Note non disponible,0 avis,Relié,https://m.media-amazon.com/images/I/41bSC9lgqRL._AC_UY218_.jpg,2025-09-04T18:41:41.470748,Description non disponible depuis la recherche,Stock non disponible,ISBN non disponible,Éditeur non disponible,Date non disponible,Nombre de pages non disponible,Rang de vente non disponible,Biographies,41.0,,
Les Annales du Disque-Monde: Le huitième sortilège (2),https://www.amazon.fr/Annales-du-Disque-Monde-2/dp/226621182X/ref=sr_1_660,"8,10 €",Terry Pratchett,"4,7 sur 5 étoiles, détails de l’évaluation",432,Poche,https://m.media-amazon.com/images/I/61mLgCtmBxL._AC_UY218_.jpg,2025-09-04T18:41:41.474382,Description non disponible depuis la recherche,Stock non disponible,ISBN non disponible,Éditeur non disponible,Date non disponible,Nombre de pages non disponible,Rang de vente non disponible,Biographies,41.0,,
Martyrs (2),https://www.amazon.fr/Martyrs-2-Oliver-Peru/dp/2290421847/ref=sr_1_659,"16,90 €",Oliver Peru,"4,8 sur 5 étoiles, détails de l’évaluation",18,Broché,https://m.media-amazon.com/images/I/81QdzV4uS7L._AC_UY218_.jpg,2025-09-04T18:41:50.882872,Description non disponible depuis la recherche,Stock non disponible,ISBN non disponible,Éditeur non disponible,Date non disponible,Nombre de pages non disponible,Rang de vente non disponible,Biographies,42.0,,
La Petite fille aux allumettes - Recueil de nouvelles : Volume 1,https://www.amazon.fr/Petite-fille-aux-allumettes-nouvelles/dp/2849339857/ref=sr_1_660,"16,90 €","de Christian Boivin, Simon Rousseau, et al. | 13 mars 2025","4,8 sur 5 étoiles, détails de l’évaluation",25,Broché,https://m.media-amazon.com/images/I/71aggkXFN9L._AC_UY218_.jpg,2025-09-04T18:41:50.886468,Description non disponible depuis la recherche,Stock non disponible,ISBN non disponible,Éditeur non disponible,Date non disponible,Nombre de pages non disponible,Rang de vente non disponible,Biographies,42.0,,
"Lune écarlate (L'héritage de sang t.2): urban fantasy, romance fantasy",https://www.amazon.fr/Lune-%C3%A9carlate-Lh%C3%A9ritage-sang-t-2-ebook/dp/B0D3HLPTGF/ref=sr_1_661,"21,90 €",Bénédicte P. Durand,"4,6 sur 5 étoiles, détails de l’évaluation",633,Format Kindle,https://m.media-amazon.com/images/I/818f9KXh7IL._AC_UY218_.jpg,2025-09-04T18:41:50.889076,Description non disponible depuis la recherche,Stock non disponible,ISBN non disponible,Éditeur non disponible,Date non disponible,Nombre de pages non disponible,Rang de vente non disponible,Biographies,42.0,,
Le Baiser des ombres: Tenebräe 2,https://www.amazon.fr/Baiser-ombres-Tenebr%C3%A4e-2/dp/B0DJPL5JQZ/ref=sr_1_662,"0,00 €",Livres audio Audible,"4,7 sur 5 étoiles, détails de l’évaluation",1 653,Livres audio Audible,https://m.media-amazon.com/images/I/91JZY7UofeL._AC_UY218_.jpg,2025-09-04T18:41:50.891794,Description non disponible depuis la recherche,Stock non disponible,ISBN non disponible,Éditeur non disponible,Date non disponible,Nombre de pages non disponible,Rang de vente non disponible,Biographies,42.0,,
Carnets noirs,https://www.amazon.fr/Carnets-noirs-Stephen-King/dp/2253083275/ref=sr_1_663,"9,90 €",Stephen King,"4,4 sur 5 étoiles, détails de l’évaluation",1 615,Poche,https://m.media-amazon.com/images/I/71DhqBpbxYL._AC_UY218_.jpg,2025-09-04T18:41:50.895312,Description non disponible depuis la recherche,Stock non disponible,ISBN non disponible,Éditeur non disponible,Date non disponible,Nombre de pages non disponible,Rang de vente non disponible,Biographies,42.0,,
Babel: The SUNDAY TIMES and #1 NEW YORK TIMES bestseller (English Edition),https://www.amazon.fr/Babel-Necessity-Violence-Translators-Revolution-ebook/dp/B09MJTDVTJ/ref=sr_1_664,"6,85 €",R.F. Kuang,"4,3 sur 5 étoiles, détails de l’évaluation",24 319,Format Kindle,https://m.media-amazon.com/images/I/91+i+FB1BsL._AC_UY218_.jpg,2025-09-04T18:41:50.898822,Description non disponible depuis la recherche,Stock non disponible,ISBN non disponible,Éditeur non disponible,Date non disponible,Nombre de pages non disponible,Rang de vente non disponible,Biographies,42.0,,
Le dragon des glaces: L'Assassin Royal 11,https://www.amazon.fr/dragon-glaces-LAssassin-royal-11/dp/B0748GXWKN/ref=sr_1_665,"0,00 €",Livres audio Audible,"4,6 sur 5 étoiles, détails de l’évaluation",727,Livres audio Audible,https://m.media-amazon.com/images/I/8171u4kOZ1L._AC_UY218_.jpg,2025-09-04T18:41:50.902161,Description non disponible depuis la recherche,Stock non disponible,ISBN non disponible,Éditeur non disponible,Date non disponible,Nombre de pages non disponible,Rang de vente non disponible,Biographies,42.0,,
Le destin de l'assassin,https://www.amazon.fr/destin-lassassin-Robin-Hobb/dp/2290403350/ref=sr_1_666,"10,10 €",Robin Hobb,"4,8 sur 5 étoiles, détails de l’évaluation",1 395,Poche,https://m.media-amazon.com/images/I/81OyjuNv6UL._AC_UY218_.jpg,2025-09-04T18:41:50.905620,Description non disponible depuis la recherche,Stock non disponible,ISBN non disponible,Éditeur non disponible,Date non disponible,Nombre de pages non disponible,Rang de vente non disponible,Biographies,42.0,,
"La Roue du Temps, T13 : Une couronne d'épées - première partie",https://www.amazon.fr/Roue-Temps-T13-couronne-premi%C3%A8re/dp/B08CP7JJGN/ref=sr_1_669,"8,95 €",Robert Jordan,"4,8 sur 5 étoiles, détails de l’évaluation",136,Poche,https://m.media-amazon.com/images/I/81VmwbriS3L._AC_UY218_.jpg,2025-09-04T18:41:50.913834,Description non disponible depuis la recherche,Stock non disponible,ISBN non disponible,Éditeur non disponible,Date non disponible,Nombre de pages non disponible,Rang de vente non disponible,Biographies,42.0,,
Bob Morane - Le Tigre des Lagunes: Tome 047,https://www.amazon.fr/Bob-Morane-Tigre-Lagunes-047/dp/B0FP6BQMNQ/ref=sr_1_670,"14,88 €","de Henri Vernes, Les Editions Ananke, et al. | 29 août 2025",Note non disponible,0 avis,Broché,https://m.media-amazon.com/images/I/711s1cZNNHL._AC_UY218_.jpg,2025-09-04T18:41:50.917114,Description non disponible depuis la recherche,Stock non disponible,ISBN non disponible,Éditeur non disponible,Date non disponible,Nombre de pages non disponible,Rang de vente non disponible,Biographies,42.0,,
Anthologie Twisted Tale - Histoires inédites,https://www.amazon.fr/Anthologie-Twisted-Tale-Histoires-in%C3%A9dites/dp/2017260045/ref=sr_1_671,"22,00 €","de Elizabeth Lim, Jen Calonita, et al. | 18 septembre 2024","4,7 sur 5 étoiles, détails de l’évaluation",41,Broché,https://m.media-amazon.com/images/I/81MaEAmgycL._AC_UY218_.jpg,2025-09-04T18:41:50.920738,Description non disponible depuis la recherche,Stock non disponible,ISBN non disponible,Éditeur non disponible,Date non disponible,Nombre de pages non disponible,Rang de vente non disponible,Biographies,42.0,,
Pinocchio: Les contes interdits,https://www.amazon.fr/Pinocchio-Maude-Royer/dp/2849336416/ref=sr_1_672,"14,90 €",Maude Royer,"4,6 sur 5 étoiles, détails de l’évaluation",400,Broché,https://m.media-amazon.com/images/I/71hsK2biZBL._AC_UY218_.jpg,2025-09-04T18:41:50.924416,Description non disponible depuis la recherche,Stock non disponible,ISBN non disponible,Éditeur non disponible,Date non disponible,Nombre de pages non disponible,Rang de vente non disponible,Biographies,42.0,,
La fureur des dieux,https://www.amazon.fr/fureur-dieux-John-Gwynne/dp/2487635010/ref=sr_1_673,"27,00 €",John Gwynne,"4,8 sur 5 étoiles, détails de l’évaluation",40,Broché,https://m.media-amazon.com/images/I/81Dj+s2WLDL._AC_UY218_.jpg,2025-09-04T18:41:50.927223,Description non disponible depuis la recherche,Stock non disponible,ISBN non disponible,Éditeur non disponible,Date non disponible,Nombre de pages non disponible,Rang de vente non disponible,Biographies,42.0,,
"Sorceleur (Witcher), T6 : La Tour de l'Hirondelle",https://www.amazon.fr/Sorceleur-T6-lHirondelle-Andrzej-Sapkowski/dp/B07TKNG4NL/ref=sr_1_674,"15,90 €",Andrzej Sapkowski,"4,7 sur 5 étoiles, détails de l’évaluation",2 196,Broché,https://m.media-amazon.com/images/I/81+hdJY5ZmL._AC_UY218_.jpg,2025-09-04T18:41:50.930360,Description non disponible depuis la recherche,Stock non disponible,ISBN non disponible,Éditeur non disponible,Date non disponible,Nombre de pages non disponible,Rang de vente non disponible,Biographies,42.0,,
The Poppy War Boxset,https://www.amazon.fr/Poppy-War-Boxset-R-F-Kuang/dp/0008704619/ref=sr_1_675,"34,82 €",R.F. Kuang,"4,6 sur 5 étoiles, détails de l’évaluation",208,Broché,https://m.media-amazon.com/images/I/718Ln0CVUYL._AC_UY218_.jpg,2025-09-04T18:41:50.932882,Description non disponible depuis la recherche,Stock non disponible,ISBN non disponible,Éditeur non disponible,Date non disponible,Nombre de pages non disponible,Rang de vente non disponible,Biographies,42.0,,
Cruels Garçons perdus - Tome 01 The Never King - broché,https://www.amazon.fr/Never-King-broch%C3%A9-Cruels-Gar%C3%A7ons/dp/2385660008/ref=sr_1_676,"17,90 €",Nikki St. Crowe,"4,2 sur 5 étoiles, détails de l’évaluation",343,Broché,https://m.media-amazon.com/images/I/61Vz+i9ZOyL._AC_UY218_.jpg,2025-09-04T18:41:50.935580,Description non disponible depuis la recherche,Stock non disponible,ISBN non disponible,Éditeur non disponible,Date non disponible,Nombre de pages non disponible,Rang de vente non disponible,Biographies,42.0,,
Un lever de ténèbres: La roue du temps 4,https://www.amazon.fr/lever-t%C3%A9n%C3%A8bres-roue-temps/dp/B07VFKJQ59/ref=sr_1_675,"0,00 €",Livres audio Audible,"4,6 sur 5 étoiles, détails de l’évaluation",474,Livres audio Audible,https://m.media-amazon.com/images/I/81KBi1x5huL._AC_UY218_.jpg,2025-09-04T18:41:59.101405,Description non disponible depuis la recherche,Stock non disponible,ISBN non disponible,Éditeur non disponible,Date non disponible,Nombre de pages non disponible,Rang de vente non disponible,Biographies,43.0,,
Plaines d'Utopie: Colonie Six Mars (Colonie Mars t. 6),https://www.amazon.fr/Plaines-dUtopie-Colonie-Six-Mars-ebook/dp/B0FG8G9GNL/ref=sr_1_676,"13,70 €",Gerald M. Kilby,"4,5 sur 5 étoiles, détails de l’évaluation",50,Format Kindle,https://m.media-amazon.com/images/I/714qO-jTK-L._AC_UY218_.jpg,2025-09-04T18:41:59.103690,Description non disponible depuis la recherche,Stock non disponible,ISBN non disponible,Éditeur non disponible,Date non disponible,Nombre de pages non disponible,Rang de vente non disponible,Biographies,43.0,,
Bob Morane - Le Temple des Crocodiles: Tome 046,https://www.amazon.fr/Bob-Morane-Temple-Crocodiles-046/dp/B0FP517PMS/ref=sr_1_677,"14,88 €","de Henri Vernes, Les Editions Ananke, et al. | 28 août 2025","5,0 sur 5 étoiles, détails de l’évaluation",1,Broché,https://m.media-amazon.com/images/I/6176FdKnKBL._AC_UY218_.jpg,2025-09-04T18:41:59.106576,Description non disponible depuis la recherche,Stock non disponible,ISBN non disponible,Éditeur non disponible,Date non disponible,Nombre de pages non disponible,Rang de vente non disponible,Biographies,43.0,,
Le manoir de la fiancée disparue: Le legs (1),https://www.amazon.fr/manoir-fianc%C3%A9e-disparue-legs/dp/2290408859/ref=sr_1_678,"16,90 €",Nora Roberts,"4,6 sur 5 étoiles, détails de l’évaluation",214,Broché,https://m.media-amazon.com/images/I/71-tj-tFtVL._AC_UY218_.jpg,2025-09-04T18:41:59.109468,Description non disponible depuis la recherche,Stock non disponible,ISBN non disponible,Éditeur non disponible,Date non disponible,Nombre de pages non disponible,Rang de vente non disponible,Biographies,43.0,,
Les Annales du Disque-Monde: La huitième fille (3),https://www.amazon.fr/Annales-du-Disque-Monde-3/dp/2266211838/ref=sr_1_679,"7,40 €",Terry Pratchett,"4,6 sur 5 étoiles, détails de l’évaluation",369,Poche,https://m.media-amazon.com/images/I/61QoxzIZOPL._AC_UY218_.jpg,2025-09-04T18:41:59.112912,Description non disponible depuis la recherche,Stock non disponible,ISBN non disponible,Éditeur non disponible,Date non disponible,Nombre de pages non disponible,Rang de vente non disponible,Biographies,43.0,,
La Grâce d’un Loup: Livre 2,https://www.amazon.fr/Gr%C3%A2ce-dun-Loup-Livre-ebook/dp/B0FJRQ6Q1D/ref=sr_1_680,"4,25 €",de Lenaleia _ et WebNovel _ | 23 juillet 2025,"4,4 sur 5 étoiles, détails de l’évaluation",15,Format Kindle,https://m.media-amazon.com/images/I/71dey6CSLbL._AC_UY218_.jpg,2025-09-04T18:41:59.115341,Description non disponible depuis la recherche,Stock non disponible,ISBN non disponible,Éditeur non disponible,Date non disponible,Nombre de pages non disponible,Rang de vente non disponible,Biographies,43.0,,
Hunger Games: Hunger Games 1,https://www.amazon.fr/Hunger-Games-1/dp/B01CUYETO6/ref=sr_1_681,"0,00 €",Livres audio Audible,"4,7 sur 5 étoiles, détails de l’évaluation",3 076,Livres audio Audible,https://m.media-amazon.com/images/I/81HOWx4gnkL._AC_UY218_.jpg,2025-09-04T18:41:59.119157,Description non disponible depuis la recherche,Stock non disponible,ISBN non disponible,Éditeur non disponible,Date non disponible,Nombre de pages non disponible,Rang de vente non disponible,Biographies,43.0,,
Six of Crows - Tome 2: La cité corrompue,https://www.amazon.fr/Six-Crows-2-cit%C3%A9-corrompue/dp/2017038377/ref=sr_1_682,"9,90 €",Leigh Bardugo,"4,8 sur 5 étoiles, détails de l’évaluation",675,Poche,https://m.media-amazon.com/images/I/81v6p2bhlJL._AC_UY218_.jpg,2025-09-04T18:41:59.122837,Description non disponible depuis la recherche,Stock non disponible,ISBN non disponible,Éditeur non disponible,Date non disponible,Nombre de pages non disponible,Rang de vente non disponible,Biographies,43.0,,
Le Petit Poucet,https://www.amazon.fr/Petit-Poucet-Yvan-Godbout/dp/2849337846/ref=sr_1_685,"14,90 €",Yvan Godbout,"4,7 sur 5 étoiles, détails de l’évaluation",178,Broché,https://m.media-amazon.com/images/I/7164tl0UmrL._AC_UY218_.jpg,2025-09-04T18:41:59.132994,Description non disponible depuis la recherche,Stock non disponible,ISBN non disponible,Éditeur non disponible,Date non disponible,Nombre de pages non disponible,Rang de vente non disponible,Biographies,43.0,,
Promise au Feu (De Dragons et Fae t. 1),https://www.amazon.fr/Promise-Feu-Dragons-Fae-t-ebook/dp/B0D27G94D6/ref=sr_1_686,"16,24 €",Jasmine Walt,"4,6 sur 5 étoiles, détails de l’évaluation",583,Format Kindle,https://m.media-amazon.com/images/I/81eOx4M-lkL._AC_UY218_.jpg,2025-09-04T18:41:59.135678,Description non disponible depuis la recherche,Stock non disponible,ISBN non disponible,Éditeur non disponible,Date non disponible,Nombre de pages non disponible,Rang de vente non disponible,Biographies,43.0,,
Rama: L'intégrale I (1),https://www.amazon.fr/Rama-lint%C3%A9grale-Arthur-C-Clarke/dp/229000037X/ref=sr_1_687,"24,00 €","de Arthur C. Clarke, Lee Gentry, et al. | 9 novembre 2006","4,4 sur 5 étoiles, détails de l’évaluation",72,Poche,https://m.media-amazon.com/images/I/71rsGnfMA3L._AC_UY218_.jpg,2025-09-04T18:41:59.138339,Description non disponible depuis la recherche,Stock non disponible,ISBN non disponible,Éditeur non disponible,Date non disponible,Nombre de pages non disponible,Rang de vente non disponible,Biographies,43.0,,
Twisted tale Où est la vraie vie ?,https://www.amazon.fr/Twisted-tale-est-vraie-vie/dp/2019460432/ref=sr_1_688,"22,00 €",Liz Braswell,"4,6 sur 5 étoiles, détails de l’évaluation",344,Broché,https://m.media-amazon.com/images/I/71ffeloZicL._AC_UY218_.jpg,2025-09-04T18:41:59.141078,Description non disponible depuis la recherche,Stock non disponible,ISBN non disponible,Éditeur non disponible,Date non disponible,Nombre de pages non disponible,Rang de vente non disponible,Biographies,43.0,,
The Undertakers (A Murder & Magic Novel) (English Edition),https://www.amazon.fr/Undertakers-Murder-Magic-Novel-English-ebook/dp/B08NWV58CS/ref=sr_1_689,"8,99 €",Nicole Glover,"4,4 sur 5 étoiles, détails de l’évaluation",103,Format Kindle,https://m.media-amazon.com/images/I/81baCSpbzNL._AC_UY218_.jpg,2025-09-04T18:41:59.144750,Description non disponible depuis la recherche,Stock non disponible,ISBN non disponible,Éditeur non disponible,Date non disponible,Nombre de pages non disponible,Rang de vente non disponible,Biographies,43.0,,
Des jeux et des hommes,https://www.amazon.fr/jeux-hommes-%C3%89ric-Berne/dp/2234017661/ref=sr_1_690,"17,25 €",Éric Berne,"4,4 sur 5 étoiles, détails de l’évaluation",150,Broché,https://m.media-amazon.com/images/I/810s9Luh0cL._AC_UY218_.jpg,2025-09-04T18:41:59.147679,Description non disponible depuis la recherche,Stock non disponible,ISBN non disponible,Éditeur non disponible,Date non disponible,Nombre de pages non disponible,Rang de vente non disponible,Biographies,43.0,,
Le Café des au revoir,https://www.amazon.fr/Caf%C3%A9-au-revoir-Toshikazu-Kawaguchi/dp/2253256765/ref=sr_1_691,"8,40 €",Toshikazu Kawaguchi,"4,6 sur 5 étoiles, détails de l’évaluation",94,Poche,https://m.media-amazon.com/images/I/71gDRVaOF2L._AC_UY218_.jpg,2025-09-04T18:41:59.150927,Description non disponible depuis la recherche,Stock non disponible,ISBN non disponible,Éditeur non disponible,Date non disponible,Nombre de pages non disponible,Rang de vente non disponible,Biographies,43.0,,
"La Roue du Temps, T26 : Les Tours de Minuit - deuxième partie",https://www.amazon.fr/Roue-Temps-T26-Minuit-deuxi%C3%A8me/dp/B0CRH1J47K/ref=sr_1_692,"8,95 €","de Robert Jordan, Brandon Sanderson, et al. | 22 mai 2024","4,8 sur 5 étoiles, détails de l’évaluation",57,Poche,https://m.media-amazon.com/images/I/81HI1jXIbVL._AC_UY218_.jpg,2025-09-04T18:41:59.153635,Description non disponible depuis la recherche,Stock non disponible,ISBN non disponible,Éditeur non disponible,Date non disponible,Nombre de pages non disponible,Rang de vente non disponible,Biographies,43.0,,
La Citadelle des Ombres - L'Intégrale 1 (Tomes 1 à 3) - L'incomparable saga de L'Assassin royal: L'Apprenti Assassin - L'Assassin du Roi - La Nef du Crépuscule,https://www.amazon.fr/Citadelle-Ombres-LInt%C3%A9grale-Lincomparable-Cr%C3%A9puscule-ebook/dp/B01G0MMQN0/ref=sr_1_691,"14,99 €",Robin Hobb,"4,7 sur 5 étoiles, détails de l’évaluation",875,Format Kindle,https://m.media-amazon.com/images/I/8116u9gJVHL._AC_UY218_.jpg,2025-09-04T18:42:09.204929,Description non disponible depuis la recherche,Stock non disponible,ISBN non disponible,Éditeur non disponible,Date non disponible,Nombre de pages non disponible,Rang de vente non disponible,Biographies,44.0,,
Le cercle des 17 - Tome 6 La chute d'Hadès (6),https://www.amazon.fr/cercle-17-06-chute-dHad%C3%A8s/dp/2266323628/ref=sr_1_692,"8,10 €",Richard Paul Evans,"4,8 sur 5 étoiles, détails de l’évaluation",248,Poche,https://m.media-amazon.com/images/I/61yN7S3GO2L._AC_UY218_.jpg,2025-09-04T18:42:09.208487,Description non disponible depuis la recherche,Stock non disponible,ISBN non disponible,Éditeur non disponible,Date non disponible,Nombre de pages non disponible,Rang de vente non disponible,Biographies,44.0,,
La Promise du roi de l'Ombre - Tome 02 Le Serment du roi de l'Ombre (e-book),https://www.amazon.fr/Promise-roi-lOmbre-Serment-book-ebook/dp/B0F9BBMZW1/ref=sr_1_693,"12,99 €",Sylvia Mercedes,"4,4 sur 5 étoiles, détails de l’évaluation",18,Format Kindle,https://m.media-amazon.com/images/I/8152AZvjh+L._AC_UY218_.jpg,2025-09-04T18:42:09.211905,Description non disponible depuis la recherche,Stock non disponible,ISBN non disponible,Éditeur non disponible,Date non disponible,Nombre de pages non disponible,Rang de vente non disponible,Biographies,44.0,,
Blood Over Bright Haven: A Novel,https://www.amazon.fr/Blood-Over-Bright-Haven-Novel/dp/0593873378/ref=sr_1_694,"11,28 €",M. L. Wang,"4,5 sur 5 étoiles, détails de l’évaluation",7 697,Broché,https://m.media-amazon.com/images/I/81Yr2og81kL._AC_UY218_.jpg,2025-09-04T18:42:09.215655,Description non disponible depuis la recherche,Stock non disponible,ISBN non disponible,Éditeur non disponible,Date non disponible,Nombre de pages non disponible,Rang de vente non disponible,Biographies,44.0,,
Dieu & Sorcière (Plume Noire),https://www.amazon.fr/Dieu-Sorcie%CC%80re-Angel-Arekin-ebook/dp/B0DPG8822B/ref=sr_1_695,"9,99 €",Angel Arekin,"4,3 sur 5 étoiles, détails de l’évaluation",19,Format Kindle,https://m.media-amazon.com/images/I/81mW3nEjP3L._AC_UY218_.jpg,2025-09-04T18:42:09.218706,Description non disponible depuis la recherche,Stock non disponible,ISBN non disponible,Éditeur non disponible,Date non disponible,Nombre de pages non disponible,Rang de vente non disponible,Biographies,44.0,,
L'Arche des Ombres - L'Intégrale 3 (Tomes 7 à 9) - L'incomparable saga des Aventuriers de la mer: Le Seigneur des Trois Règnes - Ombres et Flammes - Les Marches du trône,https://www.amazon.fr/LArche-Ombres-LInt%C3%A9grale-Lincomparable-Aventuriers-ebook/dp/B01FVY20BQ/ref=sr_1_696,"16,99 €",Robin Hobb,"4,7 sur 5 étoiles, détails de l’évaluation",400,Format Kindle,https://m.media-amazon.com/images/I/71Tg8r-PErL._AC_UY218_.jpg,2025-09-04T18:42:09.221433,Description non disponible depuis la recherche,Stock non disponible,ISBN non disponible,Éditeur non disponible,Date non disponible,Nombre de pages non disponible,Rang de vente non disponible,Biographies,44.0,,
"Sorceleur (Witcher) - Poche, T6 : La Tour de l'Hirondelle (traduction révisée)",https://www.amazon.fr/Sorceleur-Witcher-lHirondelle-traduction-r%C3%A9vis%C3%A9e/dp/B0DJ8L2C99/ref=sr_1_697,"9,95 €",Andrzej Sapkowski,"4,6 sur 5 étoiles, détails de l’évaluation",71,Poche,https://m.media-amazon.com/images/I/810oCcb2jsL._AC_UY218_.jpg,2025-09-04T18:42:09.223543,Description non disponible depuis la recherche,Stock non disponible,ISBN non disponible,Éditeur non disponible,Date non disponible,Nombre de pages non disponible,Rang de vente non disponible,Biographies,44.0,,
"L'Ombre des Dieux: La Confrérie du Sang, T1",https://www.amazon.fr/LOmbre-Dieux-Confr%C3%A9rie-Sang-T1-ebook/dp/B0CJ3F4RTV/ref=sr_1_698,"14,99 €",John Gwynne,"4,6 sur 5 étoiles, détails de l’évaluation",128,Format Kindle,https://m.media-amazon.com/images/I/81JhVf6v20L._AC_UY218_.jpg,2025-09-04T18:42:09.226221,Description non disponible depuis la recherche,Stock non disponible,ISBN non disponible,Éditeur non disponible,Date non disponible,Nombre de pages non disponible,Rang de vente non disponible,Biographies,44.0,,
Le Grand Maître de la Cultivation Démoniaque 4 (Edition Relié): Mo Dao Zu Shi,https://www.amazon.fr/Grand-Ma%C3%AEtre-Cultivation-D%C3%A9moniaque-Reli%C3%A9/dp/B0D91JYHYQ/ref=sr_1_701,"29,99 €",Mo Xiang Tong-Xiu,"5,0 sur 5 étoiles, détails de l’évaluation",56,Relié,https://m.media-amazon.com/images/I/61V+uT8ZrKL._AC_UY218_.jpg,2025-09-04T18:42:09.236315,Description non disponible depuis la recherche,Stock non disponible,ISBN non disponible,Éditeur non disponible,Date non disponible,Nombre de pages non disponible,Rang de vente non disponible,Biographies,44.0,,
Alchemised English Edition: The global fantasy sensation with sprayed edges,https://www.amazon.fr/Alchemised-English-fantasy-sensation-sprayed/dp/3989780271/ref=sr_1_702,"34,50 €",Senlinyu,Note non disponible,0 avis,Relié,https://m.media-amazon.com/images/I/71NAwApuqmL._AC_UY218_.jpg,2025-09-04T18:42:09.240597,Description non disponible depuis la recherche,Stock non disponible,ISBN non disponible,Éditeur non disponible,Date non disponible,Nombre de pages non disponible,Rang de vente non disponible,Biographies,44.0,,
Dans la toile du temps,https://www.amazon.fr/Dans-toile-temps-Adrian-Tchaikovsky/dp/207285329X/ref=sr_1_703,"10,50 €",Adrian Tchaikovsky,"4,4 sur 5 étoiles, détails de l’évaluation",513,Poche,https://m.media-amazon.com/images/I/7145dot7nnL._AC_UY218_.jpg,2025-09-04T18:42:09.243405,Description non disponible depuis la recherche,Stock non disponible,ISBN non disponible,Éditeur non disponible,Date non disponible,Nombre de pages non disponible,Rang de vente non disponible,Biographies,44.0,,
Twisted Tale Disney - Au bout du rêve,https://www.amazon.fr/Twisted-Tale-Disney-bout-r%C3%AAve/dp/2019463032/ref=sr_1_704,"22,00 €",Farrah Rochon,"4,6 sur 5 étoiles, détails de l’évaluation",152,Broché,https://m.media-amazon.com/images/I/71smBUozRZL._AC_UY218_.jpg,2025-09-04T18:42:09.246443,Description non disponible depuis la recherche,Stock non disponible,ISBN non disponible,Éditeur non disponible,Date non disponible,Nombre de pages non disponible,Rang de vente non disponible,Biographies,44.0,,
The Jasad Crown: Egyptian-inspired enemies-to-lovers epic fantasy from a Sunday Times bestseller (English Edition),https://www.amazon.fr/Jasad-Crown-Egyptian-inspired-enemies-lovers-ebook/dp/B0D9JHZG6R/ref=sr_1_705,"14,99 €",Sara Hashem,"4,6 sur 5 étoiles, détails de l’évaluation",593,Format Kindle,https://m.media-amazon.com/images/I/91+xZui9IkL._AC_UY218_.jpg,2025-09-04T18:42:09.249977,Description non disponible depuis la recherche,Stock non disponible,ISBN non disponible,Éditeur non disponible,Date non disponible,Nombre de pages non disponible,Rang de vente non disponible,Biographies,44.0,,
Savage Lands T3 : Dead Lands,https://www.amazon.fr/Savage-Lands-T3-Dead-ebook/dp/B0CW1HXWX5/ref=sr_1_706,"9,99 €",Stacey Marie Brown,"4,6 sur 5 étoiles, détails de l’évaluation",98,Format Kindle,https://m.media-amazon.com/images/I/81U0bvrveRL._AC_UY218_.jpg,2025-09-04T18:42:09.252542,Description non disponible depuis la recherche,Stock non disponible,ISBN non disponible,Éditeur non disponible,Date non disponible,Nombre de pages non disponible,Rang de vente non disponible,Biographies,44.0,,
Le pouvoir du sang: Magic Academy 4,https://www.amazon.fr/pouvoir-sang-Magic-Academy/dp/B0BB38LC6L/ref=sr_1_707,"0,00 €",Livres audio Audible,"4,7 sur 5 étoiles, détails de l’évaluation",2 784,Livres audio Audible,https://m.media-amazon.com/images/I/91al2noeclL._AC_UY218_.jpg,2025-09-04T18:42:09.255659,Description non disponible depuis la recherche,Stock non disponible,ISBN non disponible,Éditeur non disponible,Date non disponible,Nombre de pages non disponible,Rang de vente non disponible,Biographies,44.0,,
La voie magique: L'Assassin Royal 5,https://www.amazon.fr/voie-magique-LAssassin-royal/dp/B01NHC0QB3/ref=sr_1_708,"0,00 €",Livres audio Audible,"4,7 sur 5 étoiles, détails de l’évaluation",817,Livres audio Audible,https://m.media-amazon.com/images/I/81SBXmUZecL._AC_UY218_.jpg,2025-09-04T18:42:09.258398,Description non disponible depuis la recherche,Stock non disponible,ISBN non disponible,Éditeur non disponible,Date non disponible,Nombre de pages non disponible,Rang de vente non disponible,Biographies,44.0,,
Le robot qui rêvait,https://www.amazon.fr/robot-qui-r%C3%AAvait-Isaac-Asimov/dp/2290317152/ref=sr_1_707,"8,00 €",Isaac Asimov,"4,6 sur 5 étoiles, détails de l’évaluation",272,Poche,https://m.media-amazon.com/images/I/514UB8KgNOL._AC_UY218_.jpg,2025-09-04T18:42:20.626568,Description non disponible depuis la recherche,Stock non disponible,ISBN non disponible,Éditeur non disponible,Date non disponible,Nombre de pages non disponible,Rang de vente non disponible,Biographies,45.0,,
Scholomance: Les enclaves dorées (3),https://www.amazon.fr/Scholomance-enclaves-dor%C3%A9es-Naomi-Novik/dp/2290380571/ref=sr_1_708,"8,60 €",Naomi Novik,"4,6 sur 5 étoiles, détails de l’évaluation",79,Poche,https://m.media-amazon.com/images/I/7164Fp7XoEL._AC_UY218_.jpg,2025-09-04T18:42:20.630245,Description non disponible depuis la recherche,Stock non disponible,ISBN non disponible,Éditeur non disponible,Date non disponible,Nombre de pages non disponible,Rang de vente non disponible,Biographies,45.0,,
En virtuel,https://www.amazon.fr/En-virtuel-Ikarus-MacLone/dp/B0FGVYS232/ref=sr_1_709,"35,00 €",Ikarus MacLone,"4,4 sur 5 étoiles, détails de l’évaluation",55,Broché,https://m.media-amazon.com/images/I/61cVzRrEW-L._AC_UY218_.jpg,2025-09-04T18:42:20.632149,Description non disponible depuis la recherche,Stock non disponible,ISBN non disponible,Éditeur non disponible,Date non disponible,Nombre de pages non disponible,Rang de vente non disponible,Biographies,45.0,,
Métro 2033: Métro 1,https://www.amazon.fr/M%C3%A9tro-2033-1/dp/B082MLNVGB/ref=sr_1_710,"0,00 €",Livres audio Audible,"4,4 sur 5 étoiles, détails de l’évaluation",1 232,Livres audio Audible,https://m.media-amazon.com/images/I/81RpjYA5YoL._AC_UY218_.jpg,2025-09-04T18:42:20.635542,Description non disponible depuis la recherche,Stock non disponible,ISBN non disponible,Éditeur non disponible,Date non disponible,Nombre de pages non disponible,Rang de vente non disponible,Biographies,45.0,,
"Astrevise (Skyward, Tome 2)",https://www.amazon.fr/Astrevise-Skyward-2-Brandon-Sanderson/dp/2253937002/ref=sr_1_711,"10,90 €",Brandon Sanderson,"4,6 sur 5 étoiles, détails de l’évaluation",391,Poche,https://m.media-amazon.com/images/I/81T3SR7l6SL._AC_UY218_.jpg,2025-09-04T18:42:20.639296,Description non disponible depuis la recherche,Stock non disponible,ISBN non disponible,Éditeur non disponible,Date non disponible,Nombre de pages non disponible,Rang de vente non disponible,Biographies,45.0,,
Quicksilver (edición coleccionista) - Saga Alquimia & Fae vol. 1,https://www.amazon.fr/Quicksilver-edici%C3%B3n-coleccionista-Saga-Alquimia/dp/8419988529/ref=sr_1_712,"24,95 €",Édition en Espagnol | de Callie Hart et Jesús Cañadas | 13 novembre 2025,Note non disponible,0 avis,Relié,https://m.media-amazon.com/images/I/61cUhKJIUaL._AC_UY218_.jpg,2025-09-04T18:42:20.642285,Description non disponible depuis la recherche,Stock non disponible,ISBN non disponible,Éditeur non disponible,Date non disponible,Nombre de pages non disponible,Rang de vente non disponible,Biographies,45.0,,
Pyramides,https://www.amazon.fr/Pyramides-Romain-BENASSAYA/dp/2266292617/ref=sr_1_713,"10,30 €",Romain Benassaya,"4,3 sur 5 étoiles, détails de l’évaluation",790,Poche,https://m.media-amazon.com/images/I/614DizoOMsL._AC_UY218_.jpg,2025-09-04T18:42:20.645807,Description non disponible depuis la recherche,Stock non disponible,ISBN non disponible,Éditeur non disponible,Date non disponible,Nombre de pages non disponible,Rang de vente non disponible,Biographies,45.0,,
Tolkien Calendar 2026: The Great Tales of Middle-Earth,https://www.amazon.fr/Tolkien-Calendar-2026-Great-Middle-Earth/dp/0008737770/ref=sr_1_714,"12,71 €",Calendrier,"4,1 sur 5 étoiles, détails de l’évaluation",6,Calendrier,https://m.media-amazon.com/images/I/81jjDze1DgL._AC_UY218_.jpg,2025-09-04T18:42:20.648032,Description non disponible depuis la recherche,Stock non disponible,ISBN non disponible,Éditeur non disponible,Date non disponible,Nombre de pages non disponible,Rang de vente non disponible,Biographies,45.0,,
"Les Cités de sel, T1 : Le Loup et le Serpent",https://www.amazon.fr/Cit%C3%A9s-sel-T1-Loup-Serpent-ebook/dp/B0F2MYZ4H6/ref=sr_1_717,"9,99 €",Rebecca Robinson,"4,1 sur 5 étoiles, détails de l’évaluation",18,Format Kindle,https://m.media-amazon.com/images/I/81TRYl7piEL._AC_UY218_.jpg,2025-09-04T18:42:20.656658,Description non disponible depuis la recherche,Stock non disponible,ISBN non disponible,Éditeur non disponible,Date non disponible,Nombre de pages non disponible,Rang de vente non disponible,Biographies,45.0,,
La Sorcière de Thornfield (relié collector),https://www.amazon.fr/Sorci%C3%A8re-Thornfield-reli%C3%A9-collector/dp/2385601141/ref=sr_1_718,"24,90 €",Sharon Lynn Fisher,"4,9 sur 5 étoiles, détails de l’évaluation",12,Relié,https://m.media-amazon.com/images/I/61Ot2eD5RfL._AC_UY218_.jpg,2025-09-04T18:42:20.660035,Description non disponible depuis la recherche,Stock non disponible,ISBN non disponible,Éditeur non disponible,Date non disponible,Nombre de pages non disponible,Rang de vente non disponible,Biographies,45.0,,
"La Roue du Temps, T11 : Le Seigneur du Chaos - première partie",https://www.amazon.fr/Roue-Temps-T6-1-Seigneur-premi%C3%A8re/dp/2820515967/ref=sr_1_719,"8,90 €",Robert Jordan,"4,8 sur 5 étoiles, détails de l’évaluation",170,Poche,https://m.media-amazon.com/images/I/81OPOGbEIJL._AC_UY218_.jpg,2025-09-04T18:42:20.662240,Description non disponible depuis la recherche,Stock non disponible,ISBN non disponible,Éditeur non disponible,Date non disponible,Nombre de pages non disponible,Rang de vente non disponible,Biographies,45.0,,
"La Roue du Temps, T25 : Les Tours de Minuit - première partie",https://www.amazon.fr/Roue-Temps-T25-Minuit-premi%C3%A8re/dp/B0CRH17C5Q/ref=sr_1_720,"8,95 €",Robert Jordan,"4,9 sur 5 étoiles, détails de l’évaluation",59,Poche,https://m.media-amazon.com/images/I/81hhJt4YOLL._AC_UY218_.jpg,2025-09-04T18:42:20.664442,Description non disponible depuis la recherche,Stock non disponible,ISBN non disponible,Éditeur non disponible,Date non disponible,Nombre de pages non disponible,Rang de vente non disponible,Biographies,45.0,,
Fer sous le vent: (Dark Romantasy) (Drewid t. 2),https://www.amazon.fr/Fer-sous-vent-Romance-fantasy-ebook/dp/B0B95ND2VH/ref=sr_1_721,"0,00 €",Laurence Chevallier,"4,6 sur 5 étoiles, détails de l’évaluation",1 950,Format Kindle,https://m.media-amazon.com/images/I/810NI1b2eWL._AC_UY218_.jpg,2025-09-04T18:42:20.667492,Description non disponible depuis la recherche,Stock non disponible,ISBN non disponible,Éditeur non disponible,Date non disponible,Nombre de pages non disponible,Rang de vente non disponible,Biographies,45.0,,
World of WarCraft : La Guerre des Émergécailles,https://www.amazon.fr/World-WarCraft-%C3%89merg%C3%A9cailles-Courtney-Alameda/dp/B0DSKK48RY/ref=sr_1_722,"19,95 €",Courtney Alameda,"4,7 sur 5 étoiles, détails de l’évaluation",10,Broché,https://m.media-amazon.com/images/I/81iWJiZ9VYL._AC_UY218_.jpg,2025-09-04T18:42:20.670507,Description non disponible depuis la recherche,Stock non disponible,ISBN non disponible,Éditeur non disponible,Date non disponible,Nombre de pages non disponible,Rang de vente non disponible,Biographies,45.0,,
Le Fantôme de l'opéra,https://www.amazon.fr/Fant%C3%B4me-lop%C3%A9ra-Louis-Pier-Sicard/dp/238690038X/ref=sr_1_723,"22,00 €",Louis-Pier Sicard,Note non disponible,0 avis,Broché,https://m.media-amazon.com/images/I/71J8WrAM+PL._AC_UY218_.jpg,2025-09-04T18:42:20.673357,Description non disponible depuis la recherche,Stock non disponible,ISBN non disponible,Éditeur non disponible,Date non disponible,Nombre de pages non disponible,Rang de vente non disponible,Biographies,45.0,,
LEGO Star Wars Character Encyclopedia Updated Edition: The Ultimate Guide to the Best 200 Minifigures from the LEGO Star Wars Galaxy; Comes with Exclusive Emperor Palpatine Minifigure,https://www.amazon.fr/LEGO-Star-Character-Encyclopedia-Updated/dp/0241712416/ref=sr_1_724,"20,62 €",DK,"4,8 sur 5 étoiles, détails de l’évaluation",283,Relié,https://m.media-amazon.com/images/I/81fnmSx8ZxL._AC_UY218_.jpg,2025-09-04T18:42:20.676310,Description non disponible depuis la recherche,Stock non disponible,ISBN non disponible,Éditeur non disponible,Date non disponible,Nombre de pages non disponible,Rang de vente non disponible,Biographies,45.0,,
The Scum Villain's Self-Saving System 4 (Edition Relié),https://www.amazon.fr/Scum-Villains-Self-Saving-System-Reli%C3%A9/dp/B0FGNJ4JCT/ref=sr_1_723,"29,99 €",Mo Xiang Tong Xiu,Note non disponible,0 avis,Relié,https://m.media-amazon.com/images/I/61Sy9vyX-AL._AC_UY218_.jpg,2025-09-04T18:42:31.710859,Description non disponible depuis la recherche,Stock non disponible,ISBN non disponible,Éditeur non disponible,Date non disponible,Nombre de pages non disponible,Rang de vente non disponible,Biographies,46.0,,
Demon Copperhead: A Pulitzer Prize Winner,https://www.amazon.fr/Demon-Copperhead-Novel-Barbara-Kingsolver/dp/0063251981/ref=sr_1_724,"13,90 €",Barbara Kingsolver,"4,6 sur 5 étoiles, détails de l’évaluation",138 783,Broché,https://m.media-amazon.com/images/I/91vbJgMZIeL._AC_UY218_.jpg,2025-09-04T18:42:31.715261,Description non disponible depuis la recherche,Stock non disponible,ISBN non disponible,Éditeur non disponible,Date non disponible,Nombre de pages non disponible,Rang de vente non disponible,Biographies,46.0,,
Métro 2034,https://www.amazon.fr/M%C3%A9tro-2034-Dmitry-Glukhovsky/dp/2253083011/ref=sr_1_725,"9,90 €",Dmitry Glukhovsky,"4,4 sur 5 étoiles, détails de l’évaluation",682,Poche,https://m.media-amazon.com/images/I/81PSbe0EkRL._AC_UY218_.jpg,2025-09-04T18:42:31.718833,Description non disponible depuis la recherche,Stock non disponible,ISBN non disponible,Éditeur non disponible,Date non disponible,Nombre de pages non disponible,Rang de vente non disponible,Biographies,46.0,,
The Dawn of Everything: A New History of Humanity,https://www.amazon.fr/Dawn-Everything-New-History-Humanity/dp/0141991062/ref=sr_1_726,"15,76 €",David Graeber,"4,5 sur 5 étoiles, détails de l’évaluation",6 614,Broché,https://m.media-amazon.com/images/I/81uaqL-B2ML._AC_UY218_.jpg,2025-09-04T18:42:31.722678,Description non disponible depuis la recherche,Stock non disponible,ISBN non disponible,Éditeur non disponible,Date non disponible,Nombre de pages non disponible,Rang de vente non disponible,Biographies,46.0,,
Les Accoucheuses: Le couvent des Pascalines,https://www.amazon.fr/Accoucheuses-couvent-Pascalines-Alex-Sol/dp/2494206170/ref=sr_1_727,"14,99 €",Alex Sol,"4,2 sur 5 étoiles, détails de l’évaluation",1 858,Broché,https://m.media-amazon.com/images/I/71DdTcyBkeL._AC_UY218_.jpg,2025-09-04T18:42:31.726217,Description non disponible depuis la recherche,Stock non disponible,ISBN non disponible,Éditeur non disponible,Date non disponible,Nombre de pages non disponible,Rang de vente non disponible,Biographies,46.0,,
Les liens du destin T4 : Forced Bonds,https://www.amazon.fr/liens-destin-T4-Forced-Bonds-ebook/dp/B0DJ4FFK1T/ref=sr_1_728,"9,99 €",J. Bree,"4,7 sur 5 étoiles, détails de l’évaluation",58,Format Kindle,https://m.media-amazon.com/images/I/71Hvy8UwFHL._AC_UY218_.jpg,2025-09-04T18:42:31.729302,Description non disponible depuis la recherche,Stock non disponible,ISBN non disponible,Éditeur non disponible,Date non disponible,Nombre de pages non disponible,Rang de vente non disponible,Biographies,46.0,,
Aladin,https://www.amazon.fr/Aladin-David-B%C3%A9dard/dp/2849337668/ref=sr_1_729,"14,90 €",David Bédard,"4,6 sur 5 étoiles, détails de l’évaluation",203,Broché,https://m.media-amazon.com/images/I/710Jr2SAZlL._AC_UY218_.jpg,2025-09-04T18:42:31.732131,Description non disponible depuis la recherche,Stock non disponible,ISBN non disponible,Éditeur non disponible,Date non disponible,Nombre de pages non disponible,Rang de vente non disponible,Biographies,46.0,,
NAMATHÉE (Le cycle des Acmènes t. 1),https://www.amazon.fr/NAMATH%C3%89E-assi%C3%A9g%C3%A9e-mill%C3%A9naire-disparition-myst%C3%A9rieux-ebook/dp/B077QQX6XX/ref=sr_1_730,"18,90 €",Florent Bainier,"4,4 sur 5 étoiles, détails de l’évaluation",530,Format Kindle,https://m.media-amazon.com/images/I/71s1kClfNjL._AC_UY218_.jpg,2025-09-04T18:42:31.735009,Description non disponible depuis la recherche,Stock non disponible,ISBN non disponible,Éditeur non disponible,Date non disponible,Nombre de pages non disponible,Rang de vente non disponible,Biographies,46.0,,
Le dernier conte - Tome 04: Ombre noire,https://www.amazon.fr/dernier-conte-04-Ombre-noire/dp/2755678100/ref=sr_1_733,"19,95 €",Alexiane Thill,"4,7 sur 5 étoiles, détails de l’évaluation",20,Broché,https://m.media-amazon.com/images/I/81JghJqVOjL._AC_UY218_.jpg,2025-09-04T18:42:31.745854,Description non disponible depuis la recherche,Stock non disponible,ISBN non disponible,Éditeur non disponible,Date non disponible,Nombre de pages non disponible,Rang de vente non disponible,Biographies,46.0,,
L'Assassin royal: Serments et deuils (10),https://www.amazon.fr/LAssassin-royal-Serments-deuils-10/dp/2290383392/ref=sr_1_734,"8,80 €",Robin Hobb,"4,5 sur 5 étoiles, détails de l’évaluation",27,Poche,https://m.media-amazon.com/images/I/71P3Kn6VWWL._AC_UY218_.jpg,2025-09-04T18:42:31.747884,Description non disponible depuis la recherche,Stock non disponible,ISBN non disponible,Éditeur non disponible,Date non disponible,Nombre de pages non disponible,Rang de vente non disponible,Biographies,46.0,,
L'Infini et le Divin,https://www.amazon.fr/Linfini-divin-Robert-Rath/dp/1780306180/ref=sr_1_735,"15,00 €",Robert Rath,"4,6 sur 5 étoiles, détails de l’évaluation",84,Broché,https://m.media-amazon.com/images/I/81PVheAcFkS._AC_UY218_.jpg,2025-09-04T18:42:31.750577,Description non disponible depuis la recherche,Stock non disponible,ISBN non disponible,Éditeur non disponible,Date non disponible,Nombre de pages non disponible,Rang de vente non disponible,Biographies,46.0,,
"The Great Dune Trilogy: The stunning collector’s edition of Dune, Dune Messiah and Children of Dune",https://www.amazon.fr/Great-Dune-Trilogy-Messiah-Children/dp/1473224462/ref=sr_1_736,"40,99 €",Frank Herbert,"4,6 sur 5 étoiles, détails de l’évaluation",12 245,Relié,https://m.media-amazon.com/images/I/81clgu52SHL._AC_UY218_.jpg,2025-09-04T18:42:31.754510,Description non disponible depuis la recherche,Stock non disponible,ISBN non disponible,Éditeur non disponible,Date non disponible,Nombre de pages non disponible,Rang de vente non disponible,Biographies,46.0,,
World of WarCraft : Sylvanas,https://www.amazon.fr/World-WarCraft-Sylvanas-Christie-Golden/dp/B0CX1GR7V9/ref=sr_1_737,"16,95 €",Christie Golden,"4,5 sur 5 étoiles, détails de l’évaluation",44,Broché,https://m.media-amazon.com/images/I/81hku1SBfCL._AC_UY218_.jpg,2025-09-04T18:42:31.757476,Description non disponible depuis la recherche,Stock non disponible,ISBN non disponible,Éditeur non disponible,Date non disponible,Nombre de pages non disponible,Rang de vente non disponible,Biographies,46.0,,
"Les Jardins de la lune (Le Livre des martyrs, Tome 1)",https://www.amazon.fr/Jardins-lune-Livre-martyrs/dp/2253242314/ref=sr_1_738,"13,40 €",Steven Erikson,"4,4 sur 5 étoiles, détails de l’évaluation",351,Poche,https://m.media-amazon.com/images/I/71w4ln4ecPL._AC_UY218_.jpg,2025-09-04T18:42:31.760407,Description non disponible depuis la recherche,Stock non disponible,ISBN non disponible,Éditeur non disponible,Date non disponible,Nombre de pages non disponible,Rang de vente non disponible,Biographies,46.0,,
La famille Nilsen,https://www.amazon.fr/famille-Nilsen-Daryl-Delight/dp/1095661167/ref=sr_1_739,"20,90 €",Daryl Delight,"4,1 sur 5 étoiles, détails de l’évaluation",1 898,Broché,https://m.media-amazon.com/images/I/71Mqj5o8bWL._AC_UY218_.jpg,2025-09-04T18:42:31.763142,Description non disponible depuis la recherche,Stock non disponible,ISBN non disponible,Éditeur non disponible,Date non disponible,Nombre de pages non disponible,Rang de vente non disponible,Biographies,46.0,,
Les travaux d'Apollon - Tome 5: La dernière épreuve,https://www.amazon.fr/travaux-dApollon-derni%C3%A8re-%C3%A9preuve/dp/2017171581/ref=sr_1_740,"8,90 €",Rick Riordan,"4,8 sur 5 étoiles, détails de l’évaluation",522,Poche,https://m.media-amazon.com/images/I/813a-X85X8L._AC_UY218_.jpg,2025-09-04T18:42:31.766666,Description non disponible depuis la recherche,Stock non disponible,ISBN non disponible,Éditeur non disponible,Date non disponible,Nombre de pages non disponible,Rang de vente non disponible,Biographies,46.0,,
A Kingdom of Flesh and Fire (Blood and Ash Book 2) (English Edition),https://www.amazon.fr/Kingdom-Flesh-Fire-Blood-English-ebook/dp/B08BZ61HDF/ref=sr_1_739,"8,99 €",Jennifer L. Armentrout,"4,7 sur 5 étoiles, détails de l’évaluation",74 658,Format Kindle,https://m.media-amazon.com/images/I/91zp-pH5t4L._AC_UY218_.jpg,2025-09-04T18:42:41.903357,Description non disponible depuis la recherche,Stock non disponible,ISBN non disponible,Éditeur non disponible,Date non disponible,Nombre de pages non disponible,Rang de vente non disponible,Biographies,47.0,,
Quand nos os retourneront à la terre,https://www.amazon.fr/Quand-nos-retourneront-%C3%A0-terre/dp/B0FBBT9SKH/ref=sr_1_740,"0,00 €",Livres audio Audible,"4,4 sur 5 étoiles, détails de l’évaluation",22,Livres audio Audible,https://m.media-amazon.com/images/I/91oJeLnJ8NL._AC_UY218_.jpg,2025-09-04T18:42:41.906534,Description non disponible depuis la recherche,Stock non disponible,ISBN non disponible,Éditeur non disponible,Date non disponible,Nombre de pages non disponible,Rang de vente non disponible,Biographies,47.0,,
Le loup des glaces - Deviens un héros en français avec Le livre magique - 9/11 ans - CM1/CM2,https://www.amazon.fr/loup-glaces-Deviens-fran%C3%A7ais-magique/dp/2321020148/ref=sr_1_741,"12,90 €",Camille Salomon,"4,8 sur 5 étoiles, détails de l’évaluation",22,Broché,https://m.media-amazon.com/images/I/71dhxj-IW4L._AC_UY218_.jpg,2025-09-04T18:42:41.908658,Description non disponible depuis la recherche,Stock non disponible,ISBN non disponible,Éditeur non disponible,Date non disponible,Nombre de pages non disponible,Rang de vente non disponible,Biographies,47.0,,
Isles of the Emberdark: A Cosmere Novel (Secret Projects Book 5) (English Edition),https://www.amazon.fr/Isles-Emberdark-Cosmere-Projects-English-ebook/dp/B0DHZYWCN9/ref=sr_1_742,"8,57 €",Brandon Sanderson,"4,8 sur 5 étoiles, détails de l’évaluation",2 719,Format Kindle,https://m.media-amazon.com/images/I/81SZKaSxACL._AC_UY218_.jpg,2025-09-04T18:42:41.912042,Description non disponible depuis la recherche,Stock non disponible,ISBN non disponible,Éditeur non disponible,Date non disponible,Nombre de pages non disponible,Rang de vente non disponible,Biographies,47.0,,
The Bone Season - Tome 04 Le masque tombe (relié collector) - Nouvelle édition,https://www.amazon.fr/Bone-Season-masque-tombe-collector/dp/2378766793/ref=sr_1_743,"27,90 €",Samantha Shannon,"4,7 sur 5 étoiles, détails de l’évaluation",122,Relié,https://m.media-amazon.com/images/I/71SE6fN49ZL._AC_UY218_.jpg,2025-09-04T18:42:41.914975,Description non disponible depuis la recherche,Stock non disponible,ISBN non disponible,Éditeur non disponible,Date non disponible,Nombre de pages non disponible,Rang de vente non disponible,Biographies,47.0,,
Le Roi des Érèbes (relié collector),https://www.amazon.fr/Roi-%C3%89r%C3%A8bes-reli%C3%A9-collector/dp/2385661993/ref=sr_1_744,"25,90 €",Juliette Cross,Note non disponible,0 avis,Relié,https://m.media-amazon.com/images/I/71e2BIhKczL._AC_UY218_.jpg,2025-09-04T18:42:41.917246,Description non disponible depuis la recherche,Stock non disponible,ISBN non disponible,Éditeur non disponible,Date non disponible,Nombre de pages non disponible,Rang de vente non disponible,Biographies,47.0,,
Les chroniques du Girkù : Le livre de Nuréa,https://www.amazon.fr/chroniques-Girk%C3%B9-livre-Nur%C3%A9a/dp/2918470244/ref=sr_1_745,"22,00 €",Anton Parks,"4,6 sur 5 étoiles, détails de l’évaluation",204,Broché,https://m.media-amazon.com/images/I/81oAWR5ZHYL._AC_UY218_.jpg,2025-09-04T18:42:41.919541,Description non disponible depuis la recherche,Stock non disponible,ISBN non disponible,Éditeur non disponible,Date non disponible,Nombre de pages non disponible,Rang de vente non disponible,Biographies,47.0,,
"L'Armée fantoche (La Tour de Garde, Capitale du Nord Tome 3)",https://www.amazon.fr/LArm%C3%A9e-fantoche-Tour-Garde-Capitale/dp/2253106887/ref=sr_1_746,"10,90 €",Claire Duvivier,"4,5 sur 5 étoiles, détails de l’évaluation",49,Poche,https://m.media-amazon.com/images/I/71675JTDJkL._AC_UY218_.jpg,2025-09-04T18:42:41.923095,Description non disponible depuis la recherche,Stock non disponible,ISBN non disponible,Éditeur non disponible,Date non disponible,Nombre de pages non disponible,Rang de vente non disponible,Biographies,47.0,,
Intégrale Lovecraft Tome 1: Les Contrées du rêve,https://www.amazon.fr/Contr%C3%A9es-r%C3%AAve-1-Int%C3%A9grale-Lovecraft/dp/2354089384/ref=sr_1_749,"22,00 €",Howard Philips LOVECRAFT,"4,8 sur 5 étoiles, détails de l’évaluation",97,Relié,https://m.media-amazon.com/images/I/81lfjQ05QlL._AC_UY218_.jpg,2025-09-04T18:42:41.931563,Description non disponible depuis la recherche,Stock non disponible,ISBN non disponible,Éditeur non disponible,Date non disponible,Nombre de pages non disponible,Rang de vente non disponible,Biographies,47.0,,
"Chroniques des vampires, tome 1 : Entretiens avec un vampire",https://www.amazon.fr/Chroniques-vampires-Entretiens-avec-vampire/dp/226613485X/ref=sr_1_750,"9,30 €",Anne Rice,"4,6 sur 5 étoiles, détails de l’évaluation",255,Poche,https://m.media-amazon.com/images/I/51zCkosHHxL._AC_UY218_.jpg,2025-09-04T18:42:41.933832,Description non disponible depuis la recherche,Stock non disponible,ISBN non disponible,Éditeur non disponible,Date non disponible,Nombre de pages non disponible,Rang de vente non disponible,Biographies,47.0,,
Two Twisted Crowns: the instant NEW YORK TIMES and USA TODAY bestseller (The Shepherd King) (English Edition),https://www.amazon.fr/Twisted-Crowns-Shepherd-King-English-ebook/dp/B0BMLHVMFL/ref=sr_1_751,"6,99 €",Rachel Gillig,"4,6 sur 5 étoiles, détails de l’évaluation",78 220,Format Kindle,https://m.media-amazon.com/images/I/91w7JkrDvPL._AC_UY218_.jpg,2025-09-04T18:42:41.937699,Description non disponible depuis la recherche,Stock non disponible,ISBN non disponible,Éditeur non disponible,Date non disponible,Nombre de pages non disponible,Rang de vente non disponible,Biographies,47.0,,
"La Roue du Temps, T18 : Le Coeur de l'hiver - deuxième partie",https://www.amazon.fr/Roue-Temps-T9-2-lhiver-deuxi%C3%A8me/dp/B0943MY6SN/ref=sr_1_752,"8,90 €",Robert Jordan,"4,8 sur 5 étoiles, détails de l’évaluation",97,Poche,https://m.media-amazon.com/images/I/81519brY18L._AC_UY218_.jpg,2025-09-04T18:42:41.939967,Description non disponible depuis la recherche,Stock non disponible,ISBN non disponible,Éditeur non disponible,Date non disponible,Nombre de pages non disponible,Rang de vente non disponible,Biographies,47.0,,
Fin de ronde,https://www.amazon.fr/Fin-de-ronde/dp/B06Y6CHRDJ/ref=sr_1_753,"0,00 €",Livres audio Audible,"4,5 sur 5 étoiles, détails de l’évaluation",1 620,Livres audio Audible,https://m.media-amazon.com/images/I/91+ZcfVY3tL._AC_UY218_.jpg,2025-09-04T18:42:41.943310,Description non disponible depuis la recherche,Stock non disponible,ISBN non disponible,Éditeur non disponible,Date non disponible,Nombre de pages non disponible,Rang de vente non disponible,Biographies,47.0,,
Berserk Deluxe Volume 5,https://www.amazon.fr/Berserk-5-Kentaro-Miura/dp/1506715222/ref=sr_1_754,"45,13 €",Kentaro Miura,"5,0 sur 5 étoiles, détails de l’évaluation",6 879,Relié,https://m.media-amazon.com/images/I/91e7l-PWLFL._AC_UY218_.jpg,2025-09-04T18:42:41.945687,Description non disponible depuis la recherche,Stock non disponible,ISBN non disponible,Éditeur non disponible,Date non disponible,Nombre de pages non disponible,Rang de vente non disponible,Biographies,47.0,,
Zodiac Academy 5: Cursed Fates (English Edition),https://www.amazon.fr/Zodiac-Academy-Cursed-Romance-English-ebook/dp/B08914K4F9/ref=sr_1_755,"0,00 €",Caroline Peckham,"4,5 sur 5 étoiles, détails de l’évaluation",69 700,Format Kindle,https://m.media-amazon.com/images/I/91Wq2LuJMSL._AC_UY218_.jpg,2025-09-04T18:42:41.949089,Description non disponible depuis la recherche,Stock non disponible,ISBN non disponible,Éditeur non disponible,Date non disponible,Nombre de pages non disponible,Rang de vente non disponible,Biographies,47.0,,
De Fer et de Cendres: Viking-Fae Romantasy (Faé de la flamme maudite t. 3),https://www.amazon.fr/Fer-Cendres-Viking-Fae-Romantasy-maudite-ebook/dp/B0FCDNWMMN/ref=sr_1_756,Prix non disponible,Eliza Raine,"4,7 sur 5 étoiles, détails de l’évaluation",459,Format Kindle,https://m.media-amazon.com/images/I/81Wa4v7gFXL._AC_UY218_.jpg,2025-09-04T18:42:41.951076,Description non disponible depuis la recherche,Stock non disponible,ISBN non disponible,Éditeur non disponible,Date non disponible,Nombre de pages non disponible,Rang de vente non disponible,Biographies,47.0,,
La légende des vampires: Magic Academy 3,https://www.amazon.fr/l%C3%A9gende-vampires-Magic-Academy/dp/B0B75G42S7/ref=sr_1_755,"0,00 €",Livres audio Audible,"4,8 sur 5 étoiles, détails de l’évaluation",3 037,Livres audio Audible,https://m.media-amazon.com/images/I/91g4w0khPIL._AC_UY218_.jpg,2025-09-04T18:42:52.978413,Description non disponible depuis la recherche,Stock non disponible,ISBN non disponible,Éditeur non disponible,Date non disponible,Nombre de pages non disponible,Rang de vente non disponible,Biographies,48.0,,
World of Warcraft : Chroniques volume 2,https://www.amazon.fr/World-Warcraft-Chroniques-2-Collectif/dp/2809463093/ref=sr_1_756,"35,00 €",de Collectif | 24 mai 2017,"4,8 sur 5 étoiles, détails de l’évaluation",281,Broché,https://m.media-amazon.com/images/I/41qj49xYgKL._AC_UY218_.jpg,2025-09-04T18:42:52.981079,Description non disponible depuis la recherche,Stock non disponible,ISBN non disponible,Éditeur non disponible,Date non disponible,Nombre de pages non disponible,Rang de vente non disponible,Biographies,48.0,,
"Chair de poule , Tome 07: Baignade interdite",https://www.amazon.fr/Chair-poule-07-Baignade-interdite/dp/B0C85GQXX5/ref=sr_1_757,"6,50 €",R.L Stine,"4,6 sur 5 étoiles, détails de l’évaluation",262,Broché,https://m.media-amazon.com/images/I/71ubKk8kQtL._AC_UY218_.jpg,2025-09-04T18:42:52.984739,Description non disponible depuis la recherche,Stock non disponible,ISBN non disponible,Éditeur non disponible,Date non disponible,Nombre de pages non disponible,Rang de vente non disponible,Biographies,48.0,,
Le Chêne et la Foudre,https://www.amazon.fr/Le-Ch%C3%AAne-et-la-Foudre/dp/B0FK5PSS77/ref=sr_1_758,"0,00 €",Livres audio Audible,"4,6 sur 5 étoiles, détails de l’évaluation",298,Livres audio Audible,https://m.media-amazon.com/images/I/81ozvtpWsAL._AC_UY218_.jpg,2025-09-04T18:42:52.988551,Description non disponible depuis la recherche,Stock non disponible,ISBN non disponible,Éditeur non disponible,Date non disponible,Nombre de pages non disponible,Rang de vente non disponible,Biographies,48.0,,
À cœur perdu : Hope,https://www.amazon.fr/%C3%80-c%C5%93ur-perdu-Sarah-West-ebook/dp/B0FN3GJWBY/ref=sr_1_759,"18,00 €",Sarah West,"4,8 sur 5 étoiles, détails de l’évaluation",14,Format Kindle,https://m.media-amazon.com/images/I/61S4yAjUgGL._AC_UY218_.jpg,2025-09-04T18:42:52.990542,Description non disponible depuis la recherche,Stock non disponible,ISBN non disponible,Éditeur non disponible,Date non disponible,Nombre de pages non disponible,Rang de vente non disponible,Biographies,48.0,,
La colère des ombres: Tenebräe tome 4,https://www.amazon.fr/col%C3%A8re-ombres-Tenebr%C3%A4e-4-ebook/dp/B0CZTXFLCJ/ref=sr_1_760,"16,99 €",Anna Briac,"4,7 sur 5 étoiles, détails de l’évaluation",1 130,Format Kindle,https://m.media-amazon.com/images/I/81anS1VUgAL._AC_UY218_.jpg,2025-09-04T18:42:52.993332,Description non disponible depuis la recherche,Stock non disponible,ISBN non disponible,Éditeur non disponible,Date non disponible,Nombre de pages non disponible,Rang de vente non disponible,Biographies,48.0,,
La Planète des chats,https://www.amazon.fr/Plan%C3%A8te-chats-Bernard-Werber/dp/2253107204/ref=sr_1_761,"8,90 €",Bernard Werber,"4,6 sur 5 étoiles, détails de l’évaluation",1 310,Poche,https://m.media-amazon.com/images/I/71uhzPcHFvS._AC_UY218_.jpg,2025-09-04T18:42:52.997045,Description non disponible depuis la recherche,Stock non disponible,ISBN non disponible,Éditeur non disponible,Date non disponible,Nombre de pages non disponible,Rang de vente non disponible,Biographies,48.0,,
"Chair de poule , Tome 10: La colo de la peur",https://www.amazon.fr/Chair-poule-10-colo-peur/dp/B0CRR1CMKJ/ref=sr_1_762,"6,50 €",R.L Stine,"4,7 sur 5 étoiles, détails de l’évaluation",192,Broché,https://m.media-amazon.com/images/I/71STNZBhNoL._AC_UY218_.jpg,2025-09-04T18:42:53.000506,Description non disponible depuis la recherche,Stock non disponible,ISBN non disponible,Éditeur non disponible,Date non disponible,Nombre de pages non disponible,Rang de vente non disponible,Biographies,48.0,,
"La Roue du Temps, T12 : Le Seigneur du Chaos - deuxième partie",https://www.amazon.fr/Roue-Temps-T6-2-Seigneur-deuxi%C3%A8me/dp/B085K8WB5N/ref=sr_1_765,"8,90 €",Robert Jordan,"4,8 sur 5 étoiles, détails de l’évaluation",152,Poche,https://m.media-amazon.com/images/I/81zNMPvZ6WL._AC_UY218_.jpg,2025-09-04T18:42:53.009325,Description non disponible depuis la recherche,Stock non disponible,ISBN non disponible,Éditeur non disponible,Date non disponible,Nombre de pages non disponible,Rang de vente non disponible,Biographies,48.0,,
La légende de Sleepy Hollow,https://www.amazon.fr/l%C3%A9gende-Sleepy-Hollow-Simon-Rousseau/dp/2849338168/ref=sr_1_766,"14,90 €",Simon Rousseau,"4,8 sur 5 étoiles, détails de l’évaluation",137,Broché,https://m.media-amazon.com/images/I/71xunKxpKQL._AC_UY218_.jpg,2025-09-04T18:42:53.012706,Description non disponible depuis la recherche,Stock non disponible,ISBN non disponible,Éditeur non disponible,Date non disponible,Nombre de pages non disponible,Rang de vente non disponible,Biographies,48.0,,
Le cercle des 17 - Tome 7 L'ultime étincelle (7),https://www.amazon.fr/cercle-17-07-Lultime-%C3%A9tincelle/dp/2266325248/ref=sr_1_767,"8,10 €",Richard Paul Evans,"4,7 sur 5 étoiles, détails de l’évaluation",100,Poche,https://m.media-amazon.com/images/I/61k6FIBPQaL._AC_UY218_.jpg,2025-09-04T18:42:53.015804,Description non disponible depuis la recherche,Stock non disponible,ISBN non disponible,Éditeur non disponible,Date non disponible,Nombre de pages non disponible,Rang de vente non disponible,Biographies,48.0,,
"Harry Potter and the Goblet of Fire, Book 4",https://www.amazon.fr/Harry-Potter-Goblet-Fire-Book/dp/B01CV4L7ZE/ref=sr_1_768,"0,00 €",Livres audio Audible,"4,8 sur 5 étoiles, détails de l’évaluation",91 325,Livres audio Audible,https://m.media-amazon.com/images/I/91mbYWR-hbL._AC_UY218_.jpg,2025-09-04T18:42:53.019978,Description non disponible depuis la recherche,Stock non disponible,ISBN non disponible,Éditeur non disponible,Date non disponible,Nombre de pages non disponible,Rang de vente non disponible,Biographies,48.0,,
La Grâce d’un Loup: Livre 3,https://www.amazon.fr/Gr%C3%A2ce-dun-Loup-Livre-ebook/dp/B0FK5PQTPJ/ref=sr_1_769,"4,25 €",Lenaleia _,"4,4 sur 5 étoiles, détails de l’évaluation",15,Format Kindle,https://m.media-amazon.com/images/I/71dey6CSLbL._AC_UY218_.jpg,2025-09-04T18:42:53.021924,Description non disponible depuis la recherche,Stock non disponible,ISBN non disponible,Éditeur non disponible,Date non disponible,Nombre de pages non disponible,Rang de vente non disponible,Biographies,48.0,,
La Rose dans l'Ombre,https://www.amazon.fr/Rose-dans-lOmbre-Danie-Ware/dp/1836092563/ref=sr_1_770,"15,00 €",de Danie Ware | 5 novembre 2025,Note non disponible,0 avis,Broché,https://m.media-amazon.com/images/I/71HSlxGvvlL._AC_UY218_.jpg,2025-09-04T18:42:53.024767,Description non disponible depuis la recherche,Stock non disponible,ISBN non disponible,Éditeur non disponible,Date non disponible,Nombre de pages non disponible,Rang de vente non disponible,Biographies,48.0,,
The Sword of Kaigen: A Theonite War Story,https://www.amazon.fr/Sword-Kaigen-Theonite-War-Story/dp/172019386X/ref=sr_1_771,"19,42 €",M. L. Wang,"4,6 sur 5 étoiles, détails de l’évaluation",15 225,Broché,https://m.media-amazon.com/images/I/71CrKDOkS2L._AC_UY218_.jpg,2025-09-04T18:42:53.027816,Description non disponible depuis la recherche,Stock non disponible,ISBN non disponible,Éditeur non disponible,Date non disponible,Nombre de pages non disponible,Rang de vente non disponible,Biographies,48.0,,
Predestination (Last Life Book #9): A Progression Fantasy Series (English Edition),https://www.amazon.fr/Predestination-Last-Life-Book-Progression-ebook/dp/B0F29ZDNN6/ref=sr_1_772,"8,99 €",Alexey Osadchuk,"4,7 sur 5 étoiles, détails de l’évaluation",104,Format Kindle,https://m.media-amazon.com/images/I/81MArElVL2L._AC_UY218_.jpg,2025-09-04T18:42:53.031587,Description non disponible depuis la recherche,Stock non disponible,ISBN non disponible,Éditeur non disponible,Date non disponible,Nombre de pages non disponible,Rang de vente non disponible,Biographies,48.0,,
Le Chant de la Reine Corbeau: La Guerre des ombres - Vol. 1,https://www.amazon.fr/Chant-Reine-Corbeau-Guerre-ombres/dp/B0DT9MCGFD/ref=sr_1_771,"0,00 €",Livres audio Audible,"4,7 sur 5 étoiles, détails de l’évaluation",52,Livres audio Audible,https://m.media-amazon.com/images/I/91OAnW6fBoL._AC_UY218_.jpg,2025-09-04T18:43:01.730957,Description non disponible depuis la recherche,Stock non disponible,ISBN non disponible,Éditeur non disponible,Date non disponible,Nombre de pages non disponible,Rang de vente non disponible,Biographies,49.0,,
"Torith. Une aventure de LitRPG: System Universe, Tome 2",https://www.amazon.fr/Torith-Une-aventure-LitRPG-Universe/dp/B0F1N4JC6S/ref=sr_1_772,"0,00 €",Livres audio Audible,"4,6 sur 5 étoiles, détails de l’évaluation",37,Livres audio Audible,https://m.media-amazon.com/images/I/8132PQfNg-L._AC_UY218_.jpg,2025-09-04T18:43:01.734288,Description non disponible depuis la recherche,Stock non disponible,ISBN non disponible,Éditeur non disponible,Date non disponible,Nombre de pages non disponible,Rang de vente non disponible,Biographies,49.0,,
Martyrs (1),https://www.amazon.fr/Martyrs-1-Oliver-Peru/dp/2290421839/ref=sr_1_773,"16,90 €",Oliver Peru,"4,6 sur 5 étoiles, détails de l’évaluation",21,Broché,https://m.media-amazon.com/images/I/81uKPNVtcUL._AC_UY218_.jpg,2025-09-04T18:43:01.737264,Description non disponible depuis la recherche,Stock non disponible,ISBN non disponible,Éditeur non disponible,Date non disponible,Nombre de pages non disponible,Rang de vente non disponible,Biographies,49.0,,
"La Roue du Temps, T21 : Le Poignard des rêves - première partie",https://www.amazon.fr/Roue-Temps-T21-Poignard-premi%C3%A8re/dp/B09V72FDKP/ref=sr_1_774,"9,95 €",Robert Jordan,"4,8 sur 5 étoiles, détails de l’évaluation",77,Poche,https://m.media-amazon.com/images/I/8116DiqiK8L._AC_UY218_.jpg,2025-09-04T18:43:01.739679,Description non disponible depuis la recherche,Stock non disponible,ISBN non disponible,Éditeur non disponible,Date non disponible,Nombre de pages non disponible,Rang de vente non disponible,Biographies,49.0,,
Dôme (Tome 1),https://www.amazon.fr/D%C3%B4me-1-Stephen-King/dp/2253169781/ref=sr_1_775,"11,40 €",de Stephen King | 6 mars 2013,"4,5 sur 5 étoiles, détails de l’évaluation",192,Poche,https://m.media-amazon.com/images/I/81ZrLTsmGUL._AC_UY218_.jpg,2025-09-04T18:43:01.742343,Description non disponible depuis la recherche,Stock non disponible,ISBN non disponible,Éditeur non disponible,Date non disponible,Nombre de pages non disponible,Rang de vente non disponible,Biographies,49.0,,
La princesse au petit pois,https://www.amazon.fr/princesse-au-petit-pois/dp/2849337293/ref=sr_1_776,"14,90 €",Josée Marcotte,"4,6 sur 5 étoiles, détails de l’évaluation",169,Broché,https://m.media-amazon.com/images/I/71aXNrHg+tL._AC_UY218_.jpg,2025-09-04T18:43:01.745833,Description non disponible depuis la recherche,Stock non disponible,ISBN non disponible,Éditeur non disponible,Date non disponible,Nombre de pages non disponible,Rang de vente non disponible,Biographies,49.0,,
The Primal of Blood and Bone: A Blood and Ash Novel (English Edition),https://www.amazon.fr/Primal-Blood-Bone-Novel-English-ebook/dp/B0DLHZ6GXJ/ref=sr_1_777,"8,49 €",Jennifer L. Armentrout,Note non disponible,0 avis,Format Kindle,https://m.media-amazon.com/images/I/91-qSkyts4L._AC_UY218_.jpg,2025-09-04T18:43:01.749951,Description non disponible depuis la recherche,Stock non disponible,ISBN non disponible,Éditeur non disponible,Date non disponible,Nombre de pages non disponible,Rang de vente non disponible,Biographies,49.0,,
"les chroniques de Girku Tome II : Adam Genisis : Édition Intégrale, Revue et Completee par l'Auteur",https://www.amazon.fr/chroniques-Girku-II-Int%C3%A9grale-Completee/dp/2918470368/ref=sr_1_778,"25,00 €",Anton Parks,"4,7 sur 5 étoiles, détails de l’évaluation",160,Broché,https://m.media-amazon.com/images/I/71NQDvP2oxL._AC_UY218_.jpg,2025-09-04T18:43:01.752001,Description non disponible depuis la recherche,Stock non disponible,ISBN non disponible,Éditeur non disponible,Date non disponible,Nombre de pages non disponible,Rang de vente non disponible,Biographies,49.0,,
Chroniques d'un Dragonnier: Témoignage d'une exploration inédite via l'hypnose,https://www.amazon.fr/Chroniques-dun-Dragonnier-T%C3%A9moignage-exploration/dp/2810615985/ref=sr_1_781,"21,00 €",Virginie Lafon,"4,8 sur 5 étoiles, détails de l’évaluation",102,Broché,https://m.media-amazon.com/images/I/819SL5LH4iL._AC_UY218_.jpg,2025-09-04T18:43:01.761151,Description non disponible depuis la recherche,Stock non disponible,ISBN non disponible,Éditeur non disponible,Date non disponible,Nombre de pages non disponible,Rang de vente non disponible,Biographies,49.0,,
Et ils vécurent malheureux à jamais (relié collector) - Tome 02,https://www.amazon.fr/v%C3%A9curent-malheureux-jamais-reli%C3%A9-collector/dp/2378763743/ref=sr_1_782,"24,90 €",Stéphanie Garber,"4,7 sur 5 étoiles, détails de l’évaluation",181,Relié,https://m.media-amazon.com/images/I/61rQpuyUBJL._AC_UY218_.jpg,2025-09-04T18:43:01.764678,Description non disponible depuis la recherche,Stock non disponible,ISBN non disponible,Éditeur non disponible,Date non disponible,Nombre de pages non disponible,Rang de vente non disponible,Biographies,49.0,,
L'Ile de l'orgueil: Les sept péchés capitaux,https://www.amazon.fr/LIle-lorgueil-sept-p%C3%A9ch%C3%A9s-capitaux/dp/2226461922/ref=sr_1_783,"21,90 €",Néo,"4,0 sur 5 étoiles, détails de l’évaluation",60,Broché,https://m.media-amazon.com/images/I/71i5wwrO9xL._AC_UY218_.jpg,2025-09-04T18:43:01.768343,Description non disponible depuis la recherche,Stock non disponible,ISBN non disponible,Éditeur non disponible,Date non disponible,Nombre de pages non disponible,Rang de vente non disponible,Biographies,49.0,,
Whispers of the Dead: Une romance paranormale au rythme effréné: French Edition (Cora Roberts: French Edition t. 1),https://www.amazon.fr/Whispers-Dead-romance-paranormale-effr%C3%A9n%C3%A9-ebook/dp/B0DV5KPZH7/ref=sr_1_784,Prix non disponible,Adaline Winters,"4,7 sur 5 étoiles, détails de l’évaluation",736,Format Kindle,https://m.media-amazon.com/images/I/814Rsm0ySLL._AC_UY218_.jpg,2025-09-04T18:43:01.770498,Description non disponible depuis la recherche,Stock non disponible,ISBN non disponible,Éditeur non disponible,Date non disponible,Nombre de pages non disponible,Rang de vente non disponible,Biographies,49.0,,
Tracy Wolff - tome 06 : Libérés,https://www.amazon.fr/Assoiff%C3%A9s-06-Lib%C3%A9r%C3%A9s-Tracy-Wolff/dp/2266331639/ref=sr_1_785,"19,90 €",Tracy Wolff,"4,8 sur 5 étoiles, détails de l’évaluation",288,Broché,https://m.media-amazon.com/images/I/614e2hyF9uL._AC_UY218_.jpg,2025-09-04T18:43:01.774053,Description non disponible depuis la recherche,Stock non disponible,ISBN non disponible,Éditeur non disponible,Date non disponible,Nombre de pages non disponible,Rang de vente non disponible,Biographies,49.0,,
The Will of the Many (Hierarchy) (English Edition),https://www.amazon.fr/Will-Many-Hierarchy-Book-English-ebook/dp/B0BHTMBW5B/ref=sr_1_786,"14,62 €",James Islington,"4,7 sur 5 étoiles, détails de l’évaluation",16 174,Format Kindle,https://m.media-amazon.com/images/I/71yZqffjZ7L._AC_UY218_.jpg,2025-09-04T18:43:01.777357,Description non disponible depuis la recherche,Stock non disponible,ISBN non disponible,Éditeur non disponible,Date non disponible,Nombre de pages non disponible,Rang de vente non disponible,Biographies,49.0,,
"Le Seigneur des Anneaux, II: Les Deux Tours",https://www.amazon.fr/Seigneur-Anneaux-II-Deux-Tours/dp/2073114121/ref=sr_1_787,"10,50 €",de J. R. R. Tolkien et Daniel Lauzon | 12 juin 2025,"5,0 sur 5 étoiles, détails de l’évaluation",1,Poche,https://m.media-amazon.com/images/I/818X9UeYsRL._AC_UY218_.jpg,2025-09-04T18:43:01.780141,Description non disponible depuis la recherche,Stock non disponible,ISBN non disponible,Éditeur non disponible,Date non disponible,Nombre de pages non disponible,Rang de vente non disponible,Biographies,49.0,,
L'homme noir: L'Assassin Royal 12,https://www.amazon.fr/Lhomme-noir-Lassassin-royal-12/dp/B075F77QXH/ref=sr_1_788,"0,00 €",Livres audio Audible,"4,7 sur 5 étoiles, détails de l’évaluation",678,Livres audio Audible,https://m.media-amazon.com/images/I/814oN8AHYPL._AC_UY218_.jpg,2025-09-04T18:43:01.783545,Description non disponible depuis la recherche,Stock non disponible,ISBN non disponible,Éditeur non disponible,Date non disponible,Nombre de pages non disponible,Rang de vente non disponible,Biographies,49.0,,
Lelith Hesperax : La Reine des Poignards,https://www.amazon.fr/Lelith-Hesperax-Poignards-Mike-Brooks/dp/1836091028/ref=sr_1_787,"18,00 €",Mike Brooks,"4,7 sur 5 étoiles, détails de l’évaluation",7,Relié,https://m.media-amazon.com/images/I/81nomN05gYL._AC_UY218_.jpg,2025-09-04T18:43:12.897635,Description non disponible depuis la recherche,Stock non disponible,ISBN non disponible,Éditeur non disponible,Date non disponible,Nombre de pages non disponible,Rang de vente non disponible,Biographies,50.0,,
22/11/63,https://www.amazon.fr/22-11-63/dp/B01CUYA6BG/ref=sr_1_788,"0,00 €",Livres audio Audible,"4,5 sur 5 étoiles, détails de l’évaluation",2 316,Livres audio Audible,https://m.media-amazon.com/images/I/81zGUpCakCL._AC_UY218_.jpg,2025-09-04T18:43:12.901123,Description non disponible depuis la recherche,Stock non disponible,ISBN non disponible,Éditeur non disponible,Date non disponible,Nombre de pages non disponible,Rang de vente non disponible,Biographies,50.0,,
Les Magiciens d'Enkidiev - Tome 1 Anthel : Le nouveau cycle de la saga culte d'heroic fantasy Les Chevaliers d'Émeraude,https://www.amazon.fr/Magiciens-dEnkidiev-1-Anthel/dp/2749958873/ref=sr_1_789,"18,95 €",Anne Robillard,"4,6 sur 5 étoiles, détails de l’évaluation",149,Broché,https://m.media-amazon.com/images/I/612NgVWtOQL._AC_UY218_.jpg,2025-09-04T18:43:12.904053,Description non disponible depuis la recherche,Stock non disponible,ISBN non disponible,Éditeur non disponible,Date non disponible,Nombre de pages non disponible,Rang de vente non disponible,Biographies,50.0,,
Les whisperwicks - tome 2 - la malédiction des dérobés,https://www.amazon.fr/Whisperwicks-2-mal%C3%A9diction-D%C3%A9rob%C3%A9s/dp/B0DNJ4641N/ref=sr_1_790,"16,95 €",Jordan Lees,"4,9 sur 5 étoiles, détails de l’évaluation",18,Broché,https://m.media-amazon.com/images/I/71OHO5U07-L._AC_UY218_.jpg,2025-09-04T18:43:12.907706,Description non disponible depuis la recherche,Stock non disponible,ISBN non disponible,Éditeur non disponible,Date non disponible,Nombre de pages non disponible,Rang de vente non disponible,Biographies,50.0,,
The Twilight Saga Deluxe Hardcover Collection,https://www.amazon.fr/Twilight-Saga-Deluxe-Hardcover-Collection/dp/0349126011/ref=sr_1_791,"151,71 €",Stephenie Meyer,Note non disponible,0 avis,Relié,https://m.media-amazon.com/images/I/71AdHEJF9IL._AC_UY218_.jpg,2025-09-04T18:43:12.910103,Description non disponible depuis la recherche,Stock non disponible,ISBN non disponible,Éditeur non disponible,Date non disponible,Nombre de pages non disponible,Rang de vente non disponible,Biographies,50.0,,
Le Serment des cimes t.2: romantasy,https://www.amazon.fr/Serment-cimes-t-2-romantasy-ebook/dp/B0F8R9PHTL/ref=sr_1_792,"5,99 €",Bénédicte P.  Durand,Note non disponible,0 avis,Format Kindle,https://m.media-amazon.com/images/I/61OdBymWCJL._AC_UY218_.jpg,2025-09-04T18:43:12.911913,Description non disponible depuis la recherche,Stock non disponible,ISBN non disponible,Éditeur non disponible,Date non disponible,Nombre de pages non disponible,Rang de vente non disponible,Biographies,50.0,,
Savannah. Une aventure de LitRPG: System Universe - Tome 3,https://www.amazon.fr/Savannah-Une-aventure-LitRPG-Universe/dp/B0F1N326HR/ref=sr_1_793,"0,00 €",Livres audio Audible,Note non disponible,0 avis,Livres audio Audible,https://m.media-amazon.com/images/I/81XM0QbdNnL._AC_UY218_.jpg,2025-09-04T18:43:12.915464,Description non disponible depuis la recherche,Stock non disponible,ISBN non disponible,Éditeur non disponible,Date non disponible,Nombre de pages non disponible,Rang de vente non disponible,Biographies,50.0,,
"House of Flame and Shadow: The INTERNATIONAL BESTSELLER and the smouldering third book in the Crescent City series, from the creator of ACOTAR",https://www.amazon.fr/House-Flame-Shadow-INTERNATIONAL-smouldering/dp/1526650347/ref=sr_1_794,"12,12 €",Sarah J. Maas,"4,6 sur 5 étoiles, détails de l’évaluation",118 774,Broché,https://m.media-amazon.com/images/I/8172FLgFgpL._AC_UY218_.jpg,2025-09-04T18:43:12.919229,Description non disponible depuis la recherche,Stock non disponible,ISBN non disponible,Éditeur non disponible,Date non disponible,Nombre de pages non disponible,Rang de vente non disponible,Biographies,50.0,,
"Le Bus Fantastique : Album illustré pour les petits et les grands, Idée cadeau idéale pour développer la créativité des enfants",https://www.amazon.fr/Bus-Fantastique-Jakob-Martin-Strid/dp/226634045X/ref=sr_1_797,"59,90 €",de Jakob Martin Strid et Frédéric Fourreau | 17 octobre 2024,"5,0 sur 5 étoiles, détails de l’évaluation",9,Broché,https://m.media-amazon.com/images/I/71hqmt7UeGL._AC_UY218_.jpg,2025-09-04T18:43:12.927816,Description non disponible depuis la recherche,Stock non disponible,ISBN non disponible,Éditeur non disponible,Date non disponible,Nombre de pages non disponible,Rang de vente non disponible,Biographies,50.0,,
Légendes d'Ashur-Sîn - Tome 6 Cinn,https://www.amazon.fr/L%C3%A9gendes-dAshur-S%C3%AEn-Cinn-Anne-Robillard/dp/2749953510/ref=sr_1_798,"17,95 €",Anne Robillard,"4,8 sur 5 étoiles, détails de l’évaluation",175,Broché,https://m.media-amazon.com/images/I/71qP+jfPJvL._AC_UY218_.jpg,2025-09-04T18:43:12.930619,Description non disponible depuis la recherche,Stock non disponible,ISBN non disponible,Éditeur non disponible,Date non disponible,Nombre de pages non disponible,Rang de vente non disponible,Biographies,50.0,,
La Citadelle des Ombres - L'Intégrale 2 (Tomes 4 à 6) - L'incomparable saga de L'Assassin royal: Le Poison de la vengeance - La Voie magique - La Reine solitaire,https://www.amazon.fr/Citadelle-Ombres-LInt%C3%A9grale-Lincomparable-LAssassin-ebook/dp/B01G0MMYPK/ref=sr_1_799,"14,99 €",Robin Hobb,"4,7 sur 5 étoiles, détails de l’évaluation",756,Format Kindle,https://m.media-amazon.com/images/I/81-yGw-AKZL._AC_UY218_.jpg,2025-09-04T18:43:12.933419,Description non disponible depuis la recherche,Stock non disponible,ISBN non disponible,Éditeur non disponible,Date non disponible,Nombre de pages non disponible,Rang de vente non disponible,Biographies,50.0,,
"Omniscient Reader's Viewpoint (novel), Vol. 2",https://www.amazon.fr/Omniscient-Readers-Viewpoint-novel-Vol/dp/B0F9W8JFYJ/ref=sr_1_800,"14,44 €",singNsong,"4,8 sur 5 étoiles, détails de l’évaluation",239,Broché,https://m.media-amazon.com/images/I/813rl8owUeL._AC_UY218_.jpg,2025-09-04T18:43:12.937058,Description non disponible depuis la recherche,Stock non disponible,ISBN non disponible,Éditeur non disponible,Date non disponible,Nombre de pages non disponible,Rang de vente non disponible,Biographies,50.0,,
De plumes et de givre (Faé de la flamme maudite t. 2),https://www.amazon.fr/plumes-givre-Fa%C3%A9-flamme-maudite-ebook/dp/B0DPT65B9F/ref=sr_1_801,"13,70 €",Eliza Raine,"4,7 sur 5 étoiles, détails de l’évaluation",757,Format Kindle,https://m.media-amazon.com/images/I/81bp3aF4-8L._AC_UY218_.jpg,2025-09-04T18:43:12.939286,Description non disponible depuis la recherche,Stock non disponible,ISBN non disponible,Éditeur non disponible,Date non disponible,Nombre de pages non disponible,Rang de vente non disponible,Biographies,50.0,,
L'Histoire de France Poche Pour les Nuls - De 1789à nos jours NE,https://www.amazon.fr/LHistoire-France-pour-jours-poche/dp/2412060258/ref=sr_1_802,"12,95 €",Jean-Joseph Julaud,"4,7 sur 5 étoiles, détails de l’évaluation",67,Poche,https://m.media-amazon.com/images/I/611+V74dvhL._AC_UY218_.jpg,2025-09-04T18:43:12.941859,Description non disponible depuis la recherche,Stock non disponible,ISBN non disponible,Éditeur non disponible,Date non disponible,Nombre de pages non disponible,Rang de vente non disponible,Biographies,50.0,,
Emprisonée dans l’Ombre (De Dragons et Fae t. 3),https://www.amazon.fr/Emprison%C3%A9e-dans-lOmbre-Dragons-Fae-ebook/dp/B0DVMQ25WY/ref=sr_1_803,"17,92 €",Jasmine Walt,"4,6 sur 5 étoiles, détails de l’évaluation",539,Format Kindle,https://m.media-amazon.com/images/I/91DC51AOtpL._AC_UY218_.jpg,2025-09-04T18:43:12.944103,Description non disponible depuis la recherche,Stock non disponible,ISBN non disponible,Éditeur non disponible,Date non disponible,Nombre de pages non disponible,Rang de vente non disponible,Biographies,50.0,,
Electric Miles - Tome 01: Wilbur,https://www.amazon.fr/Electric-Miles-Wilbur-Fabien-Nury/dp/2344064842/ref=sr_1_804,"20,50 €",Fabien Nury,"3,5 sur 5 étoiles, détails de l’évaluation",9,Relié,https://m.media-amazon.com/images/I/81WBnwyao9L._AC_UY218_.jpg,2025-09-04T18:43:12.947009,Description non disponible depuis la recherche,Stock non disponible,ISBN non disponible,Éditeur non disponible,Date non disponible,Nombre de pages non disponible,Rang de vente non disponible,Biographies,50.0,,
Légendes d'Ashur-Sîn - Tome 4 Antoum,https://www.amazon.fr/L%C3%A9gendes-dAshur-S%C3%AEn-Antoum-Anne-Robillard/dp/2749951917/ref=sr_1_963,"16,95 €",Anne Robillard,"4,7 sur 5 étoiles, détails de l’évaluation",193,Broché,https://m.media-amazon.com/images/I/619zxL3xQCL._AC_UY218_.jpg,2025-09-04T18:42:43.462623,Description non disponible depuis la recherche,Stock non disponible,ISBN non disponible,Éditeur non disponible,Date non disponible,Nombre de pages non disponible,Rang de vente non disponible,Biographies,61.0,,
ADVERSITÉ: (L'ÉNIGME ILÉNIENNE Tome 3),https://www.amazon.fr/ADVERSIT%C3%89-L%C3%89NIGME-IL%C3%89NIENNE-Pedro-Urvi-ebook/dp/B0CNWS58GH/ref=sr_1_964,"4,99 €",Pedro Urvi,"4,6 sur 5 étoiles, détails de l’évaluation",243,Format Kindle,https://m.media-amazon.com/images/I/7100tjxhP5L._AC_UY218_.jpg,2025-09-04T18:42:43.466039,Description non disponible depuis la recherche,Stock non disponible,ISBN non disponible,Éditeur non disponible,Date non disponible,Nombre de pages non disponible,Rang de vente non disponible,Biographies,61.0,,
La flamme du dragon: romantasy (Le Serment des cimes t.1),https://www.amazon.fr/flamme-dragon-romantasy-Serment-cimes-ebook/dp/B0F445LB43/ref=sr_1_965,"18,00 €",Bénédicte P. Durand,"4,8 sur 5 étoiles, détails de l’évaluation",430,Format Kindle,https://m.media-amazon.com/images/I/81BXIBSmphL._AC_UY218_.jpg,2025-09-04T18:42:43.468485,Description non disponible depuis la recherche,Stock non disponible,ISBN non disponible,Éditeur non disponible,Date non disponible,Nombre de pages non disponible,Rang de vente non disponible,Biographies,61.0,,
La Maison noire,https://www.amazon.fr/Maison-noire-Y%C3%BBsuke-Kishi/dp/2264084898/ref=sr_1_966,"9,50 €",Yûsuke Kishi,"4,2 sur 5 étoiles, détails de l’évaluation",72,Poche,https://m.media-amazon.com/images/I/61q1GDqeP-L._AC_UY218_.jpg,2025-09-04T18:42:43.472169,Description non disponible depuis la recherche,Stock non disponible,ISBN non disponible,Éditeur non disponible,Date non disponible,Nombre de pages non disponible,Rang de vente non disponible,Biographies,61.0,,
"Ruine: Le Livre des Terres Bannies, T3",https://www.amazon.fr/Ruine-Livre-Terres-Bannies-T3-ebook/dp/B0CLKZ99TJ/ref=sr_1_967,"14,99 €",John Gwynne,"4,6 sur 5 étoiles, détails de l’évaluation",101,Format Kindle,https://m.media-amazon.com/images/I/811is99EbnL._AC_UY218_.jpg,2025-09-04T18:42:43.475930,Description non disponible depuis la recherche,Stock non disponible,ISBN non disponible,Éditeur non disponible,Date non disponible,Nombre de pages non disponible,Rang de vente non disponible,Biographies,61.0,,
Un jour de nuit tombée (relié collector),https://www.amazon.fr/jour-nuit-tomb%C3%A9e-reli%C3%A9-collector/dp/2378762623/ref=sr_1_968,"31,90 €",de Samantha Shannon et Benjamin Kuntzer | 2 mars 2023,"4,7 sur 5 étoiles, détails de l’évaluation",95,Relié,https://m.media-amazon.com/images/I/71qiiF4b-hL._AC_UY218_.jpg,2025-09-04T18:42:43.479262,Description non disponible depuis la recherche,Stock non disponible,ISBN non disponible,Éditeur non disponible,Date non disponible,Nombre de pages non disponible,Rang de vente non disponible,Biographies,61.0,,
Les Fleurs du Malin 1: Dark Fantasy MM,https://www.amazon.fr/Fleurs-Malin-Dark-Fantasy-MM/dp/B0FLFCSMDJ/ref=sr_1_969,"18,90 €",Jahan Mass,"4,6 sur 5 étoiles, détails de l’évaluation",13,Broché,https://m.media-amazon.com/images/I/61wQf9EOBJL._AC_UY218_.jpg,2025-09-04T18:42:43.481559,Description non disponible depuis la recherche,Stock non disponible,ISBN non disponible,Éditeur non disponible,Date non disponible,Nombre de pages non disponible,Rang de vente non disponible,Biographies,61.0,,
Atonement Sky (Psy-Changeling Trinity Book 9) (English Edition),https://www.amazon.fr/Atonement-Psy-Changeling-Trinity-Book-English-ebook/dp/B0DK4JDF4H/ref=sr_1_970,"11,99 €",Nalini Singh,"4,8 sur 5 étoiles, détails de l’évaluation",2 135,Format Kindle,https://m.media-amazon.com/images/I/81siAAzzTLL._AC_UY218_.jpg,2025-09-04T18:42:43.485264,Description non disponible depuis la recherche,Stock non disponible,ISBN non disponible,Éditeur non disponible,Date non disponible,Nombre de pages non disponible,Rang de vente non disponible,Biographies,61.0,,
Villains Disney - Retour au Pays imaginaire,https://www.amazon.fr/Villains-Disney-Retour-Pays-imaginaire/dp/2019463075/ref=sr_1_973,"17,95 €",Serena Valentino,"4,7 sur 5 étoiles, détails de l’évaluation",129,Broché,https://m.media-amazon.com/images/I/71BnDC2B41L._AC_UY218_.jpg,2025-09-04T18:42:43.494178,Description non disponible depuis la recherche,Stock non disponible,ISBN non disponible,Éditeur non disponible,Date non disponible,Nombre de pages non disponible,Rang de vente non disponible,Biographies,61.0,,
A Witch's Guide to fake dating a demon,https://www.amazon.fr/Witchs-Guide-fake-dating-demon/dp/2700283872/ref=sr_1_974,"19,90 €",Sarah Hawley,"4,3 sur 5 étoiles, détails de l’évaluation",28,Broché,https://m.media-amazon.com/images/I/71fAyMw-Q5L._AC_UY218_.jpg,2025-09-04T18:42:43.496848,Description non disponible depuis la recherche,Stock non disponible,ISBN non disponible,Éditeur non disponible,Date non disponible,Nombre de pages non disponible,Rang de vente non disponible,Biographies,61.0,,
Maudit jour (La Ville Envoûtée t. 1),https://www.amazon.fr/Maudit-jour-Ville-Envo%C3%BBt%C3%A9e-t-ebook/dp/B0FKHDCSDZ/ref=sr_1_975,Prix non disponible,Annabel Chase,"4,5 sur 5 étoiles, détails de l’évaluation",74,Format Kindle,https://m.media-amazon.com/images/I/712ES4n5ruL._AC_UY218_.jpg,2025-09-04T18:42:43.499199,Description non disponible depuis la recherche,Stock non disponible,ISBN non disponible,Éditeur non disponible,Date non disponible,Nombre de pages non disponible,Rang de vente non disponible,Biographies,61.0,,
Tempests & Tea Leaves: Une Romance Fantasy Régence (The Charmed Leaf Legacy Édition Française t. 1),https://www.amazon.fr/Tempests-Tea-Leaves-Romance-Fran%C3%A7aise-ebook/dp/B0FDGSQX5Q/ref=sr_1_976,"14,76 €",Rachel Morgan,"4,5 sur 5 étoiles, détails de l’évaluation",89,Format Kindle,https://m.media-amazon.com/images/I/81Hl+f+OgyL._AC_UY218_.jpg,2025-09-04T18:42:43.501425,Description non disponible depuis la recherche,Stock non disponible,ISBN non disponible,Éditeur non disponible,Date non disponible,Nombre de pages non disponible,Rang de vente non disponible,Biographies,61.0,,
Semantic error 3,https://www.amazon.fr/Semantic-error-3-J-Soori/dp/B0F6C26Q8V/ref=sr_1_977,"21,99 €",J. Soori,Note non disponible,0 avis,Broché,https://m.media-amazon.com/images/I/81FwqBvEGHL._AC_UY218_.jpg,2025-09-04T18:42:43.504535,Description non disponible depuis la recherche,Stock non disponible,ISBN non disponible,Éditeur non disponible,Date non disponible,Nombre de pages non disponible,Rang de vente non disponible,Biographies,61.0,,
Carmilla,https://www.amazon.fr/Carmilla-J-S-Fanu/dp/2253087793/ref=sr_1_978,"3,00 €",de Joseph Sheridan Le Fanu | 25 août 2004,"4,5 sur 5 étoiles, détails de l’évaluation",96,Poche,https://m.media-amazon.com/images/I/816Z9TcWtjL._AC_UY218_.jpg,2025-09-04T18:42:43.507098,Description non disponible depuis la recherche,Stock non disponible,ISBN non disponible,Éditeur non disponible,Date non disponible,Nombre de pages non disponible,Rang de vente non disponible,Biographies,61.0,,
1974,https://www.amazon.fr/1974-Arnaud-CODEVILLE-ebook/dp/B01F0P5MIE/ref=sr_1_979,"0,00 €",Arnaud CODEVILLE,"3,8 sur 5 étoiles, détails de l’évaluation",2 094,Format Kindle,https://m.media-amazon.com/images/I/71gcT1OvO8L._AC_UY218_.jpg,2025-09-04T18:42:43.509962,Description non disponible depuis la recherche,Stock non disponible,ISBN non disponible,Éditeur non disponible,Date non disponible,Nombre de pages non disponible,Rang de vente non disponible,Biographies,61.0,,
Mouron: Pigeon nécromancien,https://www.amazon.fr/Mouron-n%C3%A9cromancien-Gaby-F-Schmid/dp/B0FNW74QZL/ref=sr_1_980,"10,55 €",Gaby F. Schmid,Note non disponible,0 avis,Broché,https://m.media-amazon.com/images/I/713qFn0GVlL._AC_UY218_.jpg,2025-09-04T18:42:43.512193,Description non disponible depuis la recherche,Stock non disponible,ISBN non disponible,Éditeur non disponible,Date non disponible,Nombre de pages non disponible,Rang de vente non disponible,Biographies,61.0,,
La morsure du loup: Magic Academy 2,https://www.amazon.fr/morsure-loup-Magic-Academy/dp/B09ZBHDMWS/ref=sr_1_979,"0,00 €",Livres audio Audible,"4,7 sur 5 étoiles, détails de l’évaluation",3 236,Livres audio Audible,https://m.media-amazon.com/images/I/91uukHMO86L._AC_UY218_.jpg,2025-09-04T18:42:52.174338,Description non disponible depuis la recherche,Stock non disponible,ISBN non disponible,Éditeur non disponible,Date non disponible,Nombre de pages non disponible,Rang de vente non disponible,Biographies,62.0,,
"Les Portes de Tír na nÓg, T1 : Une plume si noire",https://www.amazon.fr/Portes-T%C3%ADr-n%C3%93g-T1-plume-ebook/dp/B0F6CWJB3C/ref=sr_1_980,"10,99 €",Lyra Selene,"4,0 sur 5 étoiles, détails de l’évaluation",1,Format Kindle,https://m.media-amazon.com/images/I/81A8wzWFtEL._AC_UY218_.jpg,2025-09-04T18:42:52.177000,Description non disponible depuis la recherche,Stock non disponible,ISBN non disponible,Éditeur non disponible,Date non disponible,Nombre de pages non disponible,Rang de vente non disponible,Biographies,62.0,,
Dinghai Fusheng Records (Novel) Vol. 2,https://www.amazon.fr/Dinghai-Fusheng-Records-Novel-Vol/dp/B0DYNKK2B6/ref=sr_1_981,"18,13 €",Fei Tian Ye Xiang,"4,8 sur 5 étoiles, détails de l’évaluation",12,Broché,https://m.media-amazon.com/images/I/91Ghhl8R2SL._AC_UY218_.jpg,2025-09-04T18:42:52.179841,Description non disponible depuis la recherche,Stock non disponible,ISBN non disponible,Éditeur non disponible,Date non disponible,Nombre de pages non disponible,Rang de vente non disponible,Biographies,62.0,,
C'était notre maison,https://www.amazon.fr/C%C3%A9tait-notre-maison-Marcus-Kliewer/dp/2385294788/ref=sr_1_982,"22,90 €",de Marcus Kliewer et Laurent Bury | 2 octobre 2025,Note non disponible,0 avis,Broché,https://m.media-amazon.com/images/I/81MGG43sxnL._AC_UY218_.jpg,2025-09-04T18:42:52.183374,Description non disponible depuis la recherche,Stock non disponible,ISBN non disponible,Éditeur non disponible,Date non disponible,Nombre de pages non disponible,Rang de vente non disponible,Biographies,62.0,,
"Les Rois Faes d'Eden - Livre 01 À toi, férocement (e-book)",https://www.amazon.fr/Rois-Faes-dEden-f%C3%A9rocement-book-ebook/dp/B0DS6B8YL4/ref=sr_1_983,"12,99 €",Jamie Applegate Hunter,"4,1 sur 5 étoiles, détails de l’évaluation",8,Format Kindle,https://m.media-amazon.com/images/I/81lwjur9H3L._AC_UY218_.jpg,2025-09-04T18:42:52.186072,Description non disponible depuis la recherche,Stock non disponible,ISBN non disponible,Éditeur non disponible,Date non disponible,Nombre de pages non disponible,Rang de vente non disponible,Biographies,62.0,,
"Rêves d'acier: Les Annales de la Compagnie Noire, Tome 5",https://www.amazon.fr/R%C3%AAves-dacier-Annales-Compagnie-Noire/dp/B0FC429B7L/ref=sr_1_984,"0,00 €",Livres audio Audible,"4,6 sur 5 étoiles, détails de l’évaluation",195,Livres audio Audible,https://m.media-amazon.com/images/I/91Bm3QaeGrL._AC_UY218_.jpg,2025-09-04T18:42:52.189352,Description non disponible depuis la recherche,Stock non disponible,ISBN non disponible,Éditeur non disponible,Date non disponible,Nombre de pages non disponible,Rang de vente non disponible,Biographies,62.0,,
Saga Twilight - Tome 1 - Fascination - édition 20e anniversaire,https://www.amazon.fr/Saga-Twilight-Fascination-%C3%A9dition-anniversaire/dp/2017333948/ref=sr_1_985,"9,90 €",Stephenie Meyer,Note non disponible,0 avis,Poche,https://m.media-amazon.com/images/I/71424xWuDNL._AC_UY218_.jpg,2025-09-04T18:42:52.191582,Description non disponible depuis la recherche,Stock non disponible,ISBN non disponible,Éditeur non disponible,Date non disponible,Nombre de pages non disponible,Rang de vente non disponible,Biographies,62.0,,
Stone and Sky: Out Now: The Brand New Rivers of London Novel (English Edition),https://www.amazon.fr/Stone-Sky-Pre-order-Bestselling-English-ebook/dp/B0DN9FVMVH/ref=sr_1_986,"12,99 €",Ben Aaronovitch,"4,6 sur 5 étoiles, détails de l’évaluation",2 970,Format Kindle,https://m.media-amazon.com/images/I/9122vkblnhL._AC_UY218_.jpg,2025-09-04T18:42:52.194832,Description non disponible depuis la recherche,Stock non disponible,ISBN non disponible,Éditeur non disponible,Date non disponible,Nombre de pages non disponible,Rang de vente non disponible,Biographies,62.0,,
"Voile éternel (L'héritage de sang t.3): dernier tome, urban fantasy, romance fantasy",https://www.amazon.fr/Voile-%C3%A9ternel-Lh%C3%A9ritage-sang-t-3-ebook/dp/B0D9NHP45V/ref=sr_1_989,"21,90 €",Bénédicte P.  Durand,"4,7 sur 5 étoiles, détails de l’évaluation",494,Format Kindle,https://m.media-amazon.com/images/I/81Oxnm91IGL._AC_UY218_.jpg,2025-09-04T18:42:52.203330,Description non disponible depuis la recherche,Stock non disponible,ISBN non disponible,Éditeur non disponible,Date non disponible,Nombre de pages non disponible,Rang de vente non disponible,Biographies,62.0,,
"La Roue du Temps, T22 : Le Poignard des rêves - deuxième partie",https://www.amazon.fr/Roue-Temps-T22-Poignard-deuxi%C3%A8me/dp/B09V6Y5JJM/ref=sr_1_990,"8,95 €",Robert Jordan,"4,9 sur 5 étoiles, détails de l’évaluation",74,Poche,https://m.media-amazon.com/images/I/81mXtfj1BFL._AC_UY218_.jpg,2025-09-04T18:42:52.205570,Description non disponible depuis la recherche,Stock non disponible,ISBN non disponible,Éditeur non disponible,Date non disponible,Nombre de pages non disponible,Rang de vente non disponible,Biographies,62.0,,
"3 fois où sauver le monde était plus facile que gérer mes emails (Séréna, chasseuse de catastrophes)",https://www.amazon.fr/sauver-facile-emails-chasseuse-catastrophes-ebook/dp/B0D83BX27J/ref=sr_1_991,"0,00 €",Jupiter Phaeton,"4,7 sur 5 étoiles, détails de l’évaluation",910,Format Kindle,https://m.media-amazon.com/images/I/81LXFDtuBsL._AC_UY218_.jpg,2025-09-04T18:42:52.208540,Description non disponible depuis la recherche,Stock non disponible,ISBN non disponible,Éditeur non disponible,Date non disponible,Nombre de pages non disponible,Rang de vente non disponible,Biographies,62.0,,
"Rebelle (Skyward, Tome 4)",https://www.amazon.fr/Rebelle-Skyward-4-Brandon-Sanderson/dp/2253247537/ref=sr_1_992,"24,90 €",Brandon Sanderson,"4,7 sur 5 étoiles, détails de l’évaluation",94,Broché,https://m.media-amazon.com/images/I/81MI5yfcp8L._AC_UY218_.jpg,2025-09-04T18:42:52.211189,Description non disponible depuis la recherche,Stock non disponible,ISBN non disponible,Éditeur non disponible,Date non disponible,Nombre de pages non disponible,Rang de vente non disponible,Biographies,62.0,,
"Agenda Scolaire Chat: Un Jour par Page, Journalier | 12x17 cm, Format Standard, De Septembre à Juillet | Organisateur, Planificateur Scolaire, ... Chat dans les Etoiles, Galaxie, Félin, Animal",https://www.amazon.fr/Agenda-Scolaire-Chat-Organisateur-Planificateur/dp/B0FLW7SP2C/ref=sr_1_993,"12,98 €",de Tilio Evan | 5 août 2025,Note non disponible,0 avis,Broché,https://m.media-amazon.com/images/I/61ITs5LgsxL._AC_UY218_.jpg,2025-09-04T18:42:52.213753,Description non disponible depuis la recherche,Stock non disponible,ISBN non disponible,Éditeur non disponible,Date non disponible,Nombre de pages non disponible,Rang de vente non disponible,Biographies,62.0,,
Enchantée - relié collector - Tome 02 Damnatio memoriae,https://www.amazon.fr/Enchant%C3%A9e-reli%C3%A9-collector-Damnatio-memoriae/dp/2385660865/ref=sr_1_994,"26,90 €",Laura Thalassa,"4,6 sur 5 étoiles, détails de l’évaluation",65,Relié,https://m.media-amazon.com/images/I/71SQEBcykQL._AC_UY218_.jpg,2025-09-04T18:42:52.217238,Description non disponible depuis la recherche,Stock non disponible,ISBN non disponible,Éditeur non disponible,Date non disponible,Nombre de pages non disponible,Rang de vente non disponible,Biographies,62.0,,
La Frontière éternelle,https://www.amazon.fr/Fronti%C3%A8re-%C3%A9ternelle-Anthony-J-Melchiorri-ebook/dp/B0DQP5LD7Y/ref=sr_1_995,Prix non disponible,Anthony J. Melchiorri,"4,3 sur 5 étoiles, détails de l’évaluation",344,Format Kindle,https://m.media-amazon.com/images/I/81oZXCEeB9L._AC_UY218_.jpg,2025-09-04T18:42:52.219261,Description non disponible depuis la recherche,Stock non disponible,ISBN non disponible,Éditeur non disponible,Date non disponible,Nombre de pages non disponible,Rang de vente non disponible,Biographies,62.0,,
Piranesi: WINNER OF THE WOMEN'S PRIZE 2021,https://www.amazon.fr/Piranesi-SHORTLISTED-WOMENS-PRIZE-2021/dp/1526622432/ref=sr_1_996,"11,98 €",Susanna Clarke,"4,4 sur 5 étoiles, détails de l’évaluation",36 716,Broché,https://m.media-amazon.com/images/I/81R0nh4x8KL._AC_UY218_.jpg,2025-09-04T18:42:52.222987,Description non disponible depuis la recherche,Stock non disponible,ISBN non disponible,Éditeur non disponible,Date non disponible,Nombre de pages non disponible,Rang de vente non disponible,Biographies,62.0,,
Toilet-bound Hanako-kun T14,https://www.amazon.fr/Toilet-bound-Hanako-kun-T14-AidaIro/dp/2811678956/ref=sr_1_995,"7,70 €",AidaIro,"4,7 sur 5 étoiles, détails de l’évaluation",60,Poche,https://m.media-amazon.com/images/I/81gcQ4826PL._AC_UY218_.jpg,2025-09-04T18:43:02.081212,Description non disponible depuis la recherche,Stock non disponible,ISBN non disponible,Éditeur non disponible,Date non disponible,Nombre de pages non disponible,Rang de vente non disponible,Biographies,63.0,,
Les Chefs-d'oeuvre de Lovecraft - L'abomination de Dunwich T01,https://www.amazon.fr/Chefs-doeuvre-Lovecraft-Labomination-Dunwich-T01/dp/B0C2Y99P6X/ref=sr_1_996,"18,00 €",Gou Tanabe,"4,8 sur 5 étoiles, détails de l’évaluation",85,Relié,https://m.media-amazon.com/images/I/61j9go5ATuL._AC_UY218_.jpg,2025-09-04T18:43:02.083997,Description non disponible depuis la recherche,Stock non disponible,ISBN non disponible,Éditeur non disponible,Date non disponible,Nombre de pages non disponible,Rang de vente non disponible,Biographies,63.0,,
Toilet-bound Hanako-kun T21,https://www.amazon.fr/Toilet-bound-Hanako-kun-T21-AidaIro/dp/2811695702/ref=sr_1_997,"7,70 €",AidaIro,"4,9 sur 5 étoiles, détails de l’évaluation",13,Poche,https://m.media-amazon.com/images/I/81tD69sholL._AC_UY218_.jpg,2025-09-04T18:43:02.086401,Description non disponible depuis la recherche,Stock non disponible,ISBN non disponible,Éditeur non disponible,Date non disponible,Nombre de pages non disponible,Rang de vente non disponible,Biographies,63.0,,
Princesse déchue (La Reine sans couronne t. 1),https://www.amazon.fr/Princesse-d%C3%A9chue-Reine-sans-couronne-ebook/dp/B0C296WW2B/ref=sr_1_998,"18,00 €",L. C.  Blake,"4,7 sur 5 étoiles, détails de l’évaluation",1 581,Format Kindle,https://m.media-amazon.com/images/I/81XErltraLL._AC_UY218_.jpg,2025-09-04T18:43:02.089488,Description non disponible depuis la recherche,Stock non disponible,ISBN non disponible,Éditeur non disponible,Date non disponible,Nombre de pages non disponible,Rang de vente non disponible,Biographies,63.0,,
The Disabled Tyrant's Beloved Pet Fish: Canji Baojun De Zhangxin Yu Chong (Novel) Vol. 1,https://www.amazon.fr/Disabled-Tyrants-Beloved-Pet-Fish/dp/B0CBTHLBW6/ref=sr_1_999,"18,12 €",Xue Shan Fei Hu,"4,8 sur 5 étoiles, détails de l’évaluation",946,Broché,https://m.media-amazon.com/images/I/81Raaq42kjL._AC_UY218_.jpg,2025-09-04T18:43:02.092533,Description non disponible depuis la recherche,Stock non disponible,ISBN non disponible,Éditeur non disponible,Date non disponible,Nombre de pages non disponible,Rang de vente non disponible,Biographies,63.0,,
"Master Alvin: The Tales of Alvin Maker, Book 7",https://www.amazon.fr/Master-Alvin-Tales-Maker-Book/dp/B0F6FYPWCS/ref=sr_1_1000,"0,00 €",Livres audio Audible,Note non disponible,0 avis,Livres audio Audible,https://m.media-amazon.com/images/I/01PkLIhTX3L._AC_UY218_.gif,2025-09-04T18:43:02.096212,Description non disponible depuis la recherche,Stock non disponible,ISBN non disponible,Éditeur non disponible,Date non disponible,Nombre de pages non disponible,Rang de vente non disponible,Biographies,63.0,,
Alan,https://www.amazon.fr/Alan-Jean-Marc-Dhainaut/dp/2372581627/ref=sr_1_1001,"10,90 €",Jean-Marc Dhainaut,"4,9 sur 5 étoiles, détails de l’évaluation",10,Broché,https://m.media-amazon.com/images/I/818-ySN98PL._AC_UY218_.jpg,2025-09-04T18:43:02.098851,Description non disponible depuis la recherche,Stock non disponible,ISBN non disponible,Éditeur non disponible,Date non disponible,Nombre de pages non disponible,Rang de vente non disponible,Biographies,63.0,,
Le retour de Sahin (Romantasy),https://www.amazon.fr/retour-Sahin-Ma%C3%ABlle-Poe-ebook/dp/B0BSV7DYYV/ref=sr_1_1002,"5,99 €",Maelle Poe,"4,6 sur 5 étoiles, détails de l’évaluation",344,Format Kindle,https://m.media-amazon.com/images/I/81EZsJ5eWKL._AC_UY218_.jpg,2025-09-04T18:43:02.103400,Description non disponible depuis la recherche,Stock non disponible,ISBN non disponible,Éditeur non disponible,Date non disponible,Nombre de pages non disponible,Rang de vente non disponible,Biographies,63.0,,
Le royaume maudit: Dark Fairytales 3 (Editions Relié),https://www.amazon.fr/royaume-maudit-Fairytales-Editions-Reli%C3%A9/dp/B0DSPDWVSV/ref=sr_1_1005,"29,99 €",K.F. Breene,"4,0 sur 5 étoiles, détails de l’évaluation",9,Relié,https://m.media-amazon.com/images/I/61XFxxIu7gL._AC_UY218_.jpg,2025-09-04T18:43:02.115226,Description non disponible depuis la recherche,Stock non disponible,ISBN non disponible,Éditeur non disponible,Date non disponible,Nombre de pages non disponible,Rang de vente non disponible,Biographies,63.0,,
The Queen of Nothing (The Folk of the Air #3),https://www.amazon.fr/Queen-Nothing-Folk-Air/dp/1471407594/ref=sr_1_1006,"10,50 €",Holly Black,"4,7 sur 5 étoiles, détails de l’évaluation",52 682,Broché,https://m.media-amazon.com/images/I/71H5hmUnPHL._AC_UY218_.jpg,2025-09-04T18:43:02.118653,Description non disponible depuis la recherche,Stock non disponible,ISBN non disponible,Éditeur non disponible,Date non disponible,Nombre de pages non disponible,Rang de vente non disponible,Biographies,63.0,,
"Mistborn Trilogy: The Final Empire, The Well of Ascension, The Hero of Ages (The Mistborn Saga) (English Edition)",https://www.amazon.fr/Mistborn-Trilogy-Brandon-Sanderson-ebook/dp/B004H1TQBW/ref=sr_1_1007,"14,76 €",Brandon Sanderson,"4,7 sur 5 étoiles, détails de l’évaluation",29 166,Format Kindle,https://m.media-amazon.com/images/I/712ApWt0xZL._AC_UY218_.jpg,2025-09-04T18:43:02.122082,Description non disponible depuis la recherche,Stock non disponible,ISBN non disponible,Éditeur non disponible,Date non disponible,Nombre de pages non disponible,Rang de vente non disponible,Biographies,63.0,,
Daevabad: Le Royaume de Cuivre (2),https://www.amazon.fr/Daevabad-Royaume-Cuivre-S-Chakraborty/dp/2290382620/ref=sr_1_1008,"9,90 €",S.A. Chakraborty,"4,8 sur 5 étoiles, détails de l’évaluation",243,Poche,https://m.media-amazon.com/images/I/718W7MLoBML._AC_UY218_.jpg,2025-09-04T18:43:02.125453,Description non disponible depuis la recherche,Stock non disponible,ISBN non disponible,Éditeur non disponible,Date non disponible,Nombre de pages non disponible,Rang de vente non disponible,Biographies,63.0,,
Du thé pour les fantômes,https://www.amazon.fr/Du-th%C3%A9-pour-les-fant%C3%B4mes/dp/B0C2Q7QJPX/ref=sr_1_1009,"0,00 €",Livres audio Audible,"4,3 sur 5 étoiles, détails de l’évaluation",200,Livres audio Audible,https://m.media-amazon.com/images/I/81hA51Ddz4L._AC_UY218_.jpg,2025-09-04T18:43:02.128785,Description non disponible depuis la recherche,Stock non disponible,ISBN non disponible,Éditeur non disponible,Date non disponible,Nombre de pages non disponible,Rang de vente non disponible,Biographies,63.0,,
Daevabad: L'Empire d'or (3),https://www.amazon.fr/Daevabad-LEmpire-S-Chakraborty/dp/229038271X/ref=sr_1_1010,"9,90 €",S.A. Chakraborty,"4,6 sur 5 étoiles, détails de l’évaluation",27,Poche,https://m.media-amazon.com/images/I/71SpqyUhNOL._AC_UY218_.jpg,2025-09-04T18:43:02.130765,Description non disponible depuis la recherche,Stock non disponible,ISBN non disponible,Éditeur non disponible,Date non disponible,Nombre de pages non disponible,Rang de vente non disponible,Biographies,63.0,,
Les Piliers de la création: L'épée de vérité 7,https://www.amazon.fr/Piliers-cr%C3%A9ation-L%C3%A9p%C3%A9e-v%C3%A9rit%C3%A9/dp/B07VB56L2S/ref=sr_1_1011,"0,00 €",Livres audio Audible,"4,5 sur 5 étoiles, détails de l’évaluation",379,Livres audio Audible,https://m.media-amazon.com/images/I/91ortqcKyVL._AC_UY218_.jpg,2025-09-04T18:43:02.134046,Description non disponible depuis la recherche,Stock non disponible,ISBN non disponible,Éditeur non disponible,Date non disponible,Nombre de pages non disponible,Rang de vente non disponible,Biographies,63.0,,
L'Arche des Ombres - L'Intégrale 1 (Tomes 1 à 3) - L'incomparable saga des Aventuriers de la mer: Le Vaisseau magique - Le Navire aux esclaves - La Conquête de la liberté,https://www.amazon.fr/LArche-Ombres-LInt%C3%A9grale-Lincomparable-Aventuriers-ebook/dp/B01FVY22RS/ref=sr_1_1012,"16,99 €",Robin Hobb,"4,6 sur 5 étoiles, détails de l’évaluation",432,Format Kindle,https://m.media-amazon.com/images/I/71GkAlNsCbL._AC_UY218_.jpg,2025-09-04T18:43:02.136775,Description non disponible depuis la recherche,Stock non disponible,ISBN non disponible,Éditeur non disponible,Date non disponible,Nombre de pages non disponible,Rang de vente non disponible,Biographies,63.0,,
World War Z: Une histoire orale de la Guerre des Zombies,https://www.amazon.fr/World-War-histoire-Guerre-Zombies/dp/B0BKTKKWKH/ref=sr_1_1011,"0,00 €",Livres audio Audible,"4,4 sur 5 étoiles, détails de l’évaluation",482,Livres audio Audible,https://m.media-amazon.com/images/I/71LINEiDlnL._AC_UY218_.jpg,2025-09-04T18:43:11.489077,Description non disponible depuis la recherche,Stock non disponible,ISBN non disponible,Éditeur non disponible,Date non disponible,Nombre de pages non disponible,Rang de vente non disponible,Biographies,64.0,,
Les Rôdeurs de l'Empire T3,https://www.amazon.fr/R%C3%B4deurs-lEmpire-T3-Guy-Roger-Duvert-ebook/dp/B0DHFTC3V8/ref=sr_1_1012,"0,00 €",Guy-Roger Duvert,"4,4 sur 5 étoiles, détails de l’évaluation",386,Format Kindle,https://m.media-amazon.com/images/I/71QsGuSM1OL._AC_UY218_.jpg,2025-09-04T18:43:11.491854,Description non disponible depuis la recherche,Stock non disponible,ISBN non disponible,Éditeur non disponible,Date non disponible,Nombre de pages non disponible,Rang de vente non disponible,Biographies,64.0,,
"Agenda Scolaire 2025 2026: Planificateur Académique De Septembre À Août, Suivi D’Objectifs Et D’Habitudes – Idéal Pour L’Année Scolaire 2025-2026",https://www.amazon.fr/Agenda-Scolaire-2025-2026-Planificateur/dp/B0FM4BDGQL/ref=sr_1_1013,"13,99 €",de Zuzu Kiki | 9 août 2025,"3,0 sur 5 étoiles, détails de l’évaluation",1,Broché,https://m.media-amazon.com/images/I/71+aRTcyazL._AC_UY218_.jpg,2025-09-04T18:43:11.494324,Description non disponible depuis la recherche,Stock non disponible,ISBN non disponible,Éditeur non disponible,Date non disponible,Nombre de pages non disponible,Rang de vente non disponible,Biographies,64.0,,
Baba Yaga,https://www.amazon.fr/Baba-Yaga-Dominic-Bellavance/dp/2849337285/ref=sr_1_1014,"14,90 €",Dominic Bellavance,"4,7 sur 5 étoiles, détails de l’évaluation",143,Broché,https://m.media-amazon.com/images/I/71V-OXm4cjL._AC_UY218_.jpg,2025-09-04T18:43:11.497832,Description non disponible depuis la recherche,Stock non disponible,ISBN non disponible,Éditeur non disponible,Date non disponible,Nombre de pages non disponible,Rang de vente non disponible,Biographies,64.0,,
My Oxford Year: NOW A MAJOR NETFLIX FILM (English Edition),https://www.amazon.fr/My-Oxford-Year-Julia-Whelan-ebook/dp/B0767XFR1H/ref=sr_1_1015,"2,99 €",Julia Whelan,"4,3 sur 5 étoiles, détails de l’évaluation",8 535,Format Kindle,https://m.media-amazon.com/images/I/91PHXq0zW1L._AC_UY218_.jpg,2025-09-04T18:43:11.501471,Description non disponible depuis la recherche,Stock non disponible,ISBN non disponible,Éditeur non disponible,Date non disponible,Nombre de pages non disponible,Rang de vente non disponible,Biographies,64.0,,
"Blood Song, T3 : Le Seigneur de la tour - première partie",https://www.amazon.fr/Blood-Song-T3-Seigneur-premi%C3%A8re/dp/B0BHS35C1H/ref=sr_1_1016,"8,95 €",Anthony Ryan,"4,7 sur 5 étoiles, détails de l’évaluation",20,Poche,https://m.media-amazon.com/images/I/91Ct+1FqjgL._AC_UY218_.jpg,2025-09-04T18:43:11.503661,Description non disponible depuis la recherche,Stock non disponible,ISBN non disponible,Éditeur non disponible,Date non disponible,Nombre de pages non disponible,Rang de vente non disponible,Biographies,64.0,,
Ella la promise: Witch and God 1,https://www.amazon.fr/Ella-promise-Witch-God-1/dp/B09S15D1WM/ref=sr_1_1017,"0,00 €",Livres audio Audible,"4,6 sur 5 étoiles, détails de l’évaluation",2 146,Livres audio Audible,https://m.media-amazon.com/images/I/81WzxcKW7sL._AC_UY218_.jpg,2025-09-04T18:43:11.507041,Description non disponible depuis la recherche,Stock non disponible,ISBN non disponible,Éditeur non disponible,Date non disponible,Nombre de pages non disponible,Rang de vente non disponible,Biographies,64.0,,
Zodiac Academy 6: Fated Throne (English Edition),https://www.amazon.fr/Zodiac-Academy-English-Caroline-Peckham-ebook/dp/B088QJ787J/ref=sr_1_1018,"25,31 €",Caroline Peckham,"4,5 sur 5 étoiles, détails de l’évaluation",68 270,Format Kindle,https://m.media-amazon.com/images/I/A1rzmJjTbrL._AC_UY218_.jpg,2025-09-04T18:43:11.510053,Description non disponible depuis la recherche,Stock non disponible,ISBN non disponible,Éditeur non disponible,Date non disponible,Nombre de pages non disponible,Rang de vente non disponible,Biographies,64.0,,
L'empire des ouragans: L'empire des ouragans 1,https://www.amazon.fr/Lempire-ouragans-1/dp/B0DM8XVZNC/ref=sr_1_1021,"0,00 €",Livres audio Audible,"4,8 sur 5 étoiles, détails de l’évaluation",175,Livres audio Audible,https://m.media-amazon.com/images/I/91dcFwk8hVL._AC_UY218_.jpg,2025-09-04T18:43:11.519952,Description non disponible depuis la recherche,Stock non disponible,ISBN non disponible,Éditeur non disponible,Date non disponible,Nombre de pages non disponible,Rang de vente non disponible,Biographies,64.0,,
Les Rivières pourpres,https://www.amazon.fr/Rivi%C3%A8res-pourpres-Jean-Christophe-Grang%C3%A9/dp/2253171670/ref=sr_1_1022,"9,20 €",Jean-Christophe Grangé,"4,4 sur 5 étoiles, détails de l’évaluation",1 475,Poche,https://m.media-amazon.com/images/I/71P909FpyvL._AC_UY218_.jpg,2025-09-04T18:43:11.523533,Description non disponible depuis la recherche,Stock non disponible,ISBN non disponible,Éditeur non disponible,Date non disponible,Nombre de pages non disponible,Rang de vente non disponible,Biographies,64.0,,
"Les Salauds Gentilshommes, T2 : Des horizons rouge sang",https://www.amazon.fr/Salauds-Gentilshommes-T2-horizons-rouge/dp/B0BXCXZJ2S/ref=sr_1_1023,"9,95 €",Scott Lynch,"4,5 sur 5 étoiles, détails de l’évaluation",238,Poche,https://m.media-amazon.com/images/I/81TDNysE7oL._AC_UY218_.jpg,2025-09-04T18:43:11.527218,Description non disponible depuis la recherche,Stock non disponible,ISBN non disponible,Éditeur non disponible,Date non disponible,Nombre de pages non disponible,Rang de vente non disponible,Biographies,64.0,,
Waylander (réédition 30 ans),https://www.amazon.fr/Waylander-r%C3%A9%C3%A9dition-ans-David-Gemmell/dp/2811213236/ref=sr_1_1024,"9,95 €",David Gemmell,"4,6 sur 5 étoiles, détails de l’évaluation",508,Broché,https://m.media-amazon.com/images/I/81tWQA6uQtL._AC_UY218_.jpg,2025-09-04T18:43:11.531083,Description non disponible depuis la recherche,Stock non disponible,ISBN non disponible,Éditeur non disponible,Date non disponible,Nombre de pages non disponible,Rang de vente non disponible,Biographies,64.0,,
Serments et deuils: L'Assassin Royal 10,https://www.amazon.fr/Serments-deuils-Lassassin-royal-10/dp/B073H3B89Y/ref=sr_1_1025,"0,00 €",Livres audio Audible,"4,7 sur 5 étoiles, détails de l’évaluation",635,Livres audio Audible,https://m.media-amazon.com/images/I/819AyjdEEiL._AC_UY218_.jpg,2025-09-04T18:43:11.535004,Description non disponible depuis la recherche,Stock non disponible,ISBN non disponible,Éditeur non disponible,Date non disponible,Nombre de pages non disponible,Rang de vente non disponible,Biographies,64.0,,
"Les Maîtres enlumineurs (Les Maîtres enlumineurs, Tome 1)",https://www.amazon.fr/Ma%C3%AEtres-enlumineurs/dp/2253106992/ref=sr_1_1026,"10,40 €",Robert Jackson Bennett,"4,5 sur 5 étoiles, détails de l’évaluation",354,Poche,https://m.media-amazon.com/images/I/81gjZgPkmyL._AC_UY218_.jpg,2025-09-04T18:43:11.538654,Description non disponible depuis la recherche,Stock non disponible,ISBN non disponible,Éditeur non disponible,Date non disponible,Nombre de pages non disponible,Rang de vente non disponible,Biographies,64.0,,
Zodiac Academy 3: The Reckoning (English Edition),https://www.amazon.fr/Zodiac-Academy-Reckoning-Romance-Supernatural-ebook/dp/B07XBGJKHQ/ref=sr_1_1027,"20,03 €",Caroline Peckham,"4,6 sur 5 étoiles, détails de l’évaluation",91 215,Format Kindle,https://m.media-amazon.com/images/I/91G0zfKM87L._AC_UY218_.jpg,2025-09-04T18:43:11.541779,Description non disponible depuis la recherche,Stock non disponible,ISBN non disponible,Éditeur non disponible,Date non disponible,Nombre de pages non disponible,Rang de vente non disponible,Biographies,64.0,,
La Vénus d'Ille,https://www.amazon.fr/V%C3%A9nus-dIlle-Prosper-M%C3%A9rim%C3%A9e/dp/B0C3ZJWQ73/ref=sr_1_1028,"2,95 €",Prosper Mérimée,"4,6 sur 5 étoiles, détails de l’évaluation",1 590,Broché,https://m.media-amazon.com/images/I/716vuBu9WUL._AC_UY218_.jpg,2025-09-04T18:43:11.545288,Description non disponible depuis la recherche,Stock non disponible,ISBN non disponible,Éditeur non disponible,Date non disponible,Nombre de pages non disponible,Rang de vente non disponible,Biographies,64.0,,
Zodiac Academy 2: Ruthless Fae (English Edition),https://www.amazon.fr/Zodiac-Academy-Ruthless-Romance-Supernatural-ebook/dp/B07VJ383S6/ref=sr_1_1027,"17,13 €",Caroline Peckham,"4,5 sur 5 étoiles, détails de l’évaluation",97 248,Format Kindle,https://m.media-amazon.com/images/I/91J75s59qfL._AC_UY218_.jpg,2025-09-04T18:43:20.714453,Description non disponible depuis la recherche,Stock non disponible,ISBN non disponible,Éditeur non disponible,Date non disponible,Nombre de pages non disponible,Rang de vente non disponible,Biographies,65.0,,
Les Rescapés de l'Enfer,https://www.amazon.fr/Rescap%C3%A9s-lEnfer-Justin-D-Hill/dp/1804078204/ref=sr_1_1028,"16,00 €",Justin D Hill,"4,7 sur 5 étoiles, détails de l’évaluation",15,Broché,https://m.media-amazon.com/images/I/818RV-z24gL._AC_UY218_.jpg,2025-09-04T18:43:20.717072,Description non disponible depuis la recherche,Stock non disponible,ISBN non disponible,Éditeur non disponible,Date non disponible,Nombre de pages non disponible,Rang de vente non disponible,Biographies,65.0,,
L'étrange noël de Mr Jack: Le roman du film,https://www.amazon.fr/L%C3%A9trange-no%C3%ABl-Mr-Jack-roman/dp/2017885371/ref=sr_1_1029,"22,00 €",Megan Shepherd,"4,8 sur 5 étoiles, détails de l’évaluation",128,Broché,https://m.media-amazon.com/images/I/81FgP8JCB8L._AC_UY218_.jpg,2025-09-04T18:43:20.720070,Description non disponible depuis la recherche,Stock non disponible,ISBN non disponible,Éditeur non disponible,Date non disponible,Nombre de pages non disponible,Rang de vente non disponible,Biographies,65.0,,
Beloved,https://www.amazon.fr/Beloved-Toni-Morrison/dp/0099511657/ref=sr_1_1030,"11,49 €",Toni Morrison,"4,4 sur 5 étoiles, détails de l’évaluation",18 372,Broché,https://m.media-amazon.com/images/I/71x8mXSUSDL._AC_UY218_.jpg,2025-09-04T18:43:20.724488,Description non disponible depuis la recherche,Stock non disponible,ISBN non disponible,Éditeur non disponible,Date non disponible,Nombre de pages non disponible,Rang de vente non disponible,Biographies,65.0,,
Le silence des loups (Les Chroniques de Hallow House t. 1),https://www.amazon.fr/silence-loups-Chroniques-Hallow-House-ebook/dp/B0FKHCJMKG/ref=sr_1_1031,"16,90 €",Michèle Beck,"5,0 sur 5 étoiles, détails de l’évaluation",6,Format Kindle,https://m.media-amazon.com/images/I/81ojBURb3XL._AC_UY218_.jpg,2025-09-04T18:43:20.726666,Description non disponible depuis la recherche,Stock non disponible,ISBN non disponible,Éditeur non disponible,Date non disponible,Nombre de pages non disponible,Rang de vente non disponible,Biographies,65.0,,
The Apothecary Diaries: Volume 5 (Light Novel) (The Apothecary Diaries (Light Novel)) (English Edition),https://www.amazon.fr/Apothecary-Diaries-Light-Novel-English-ebook/dp/B09QLFYTT8/ref=sr_1_1032,"7,15 €",Natsu Hyuuga,"4,8 sur 5 étoiles, détails de l’évaluation",2 264,Format Kindle,https://m.media-amazon.com/images/I/91-usZLtPmL._AC_UY218_.jpg,2025-09-04T18:43:20.729488,Description non disponible depuis la recherche,Stock non disponible,ISBN non disponible,Éditeur non disponible,Date non disponible,Nombre de pages non disponible,Rang de vente non disponible,Biographies,65.0,,
The Tenth Doctor Adventures,https://www.amazon.fr/Tenth-Doctor-Adventures-1/dp/178575758X/ref=sr_1_1033,"30,50 €",CD,"4,7 sur 5 étoiles, détails de l’évaluation",53,CD,https://m.media-amazon.com/images/I/81MgYnjE7EL._AC_UY218_.jpg,2025-09-04T18:43:20.731987,Description non disponible depuis la recherche,Stock non disponible,ISBN non disponible,Éditeur non disponible,Date non disponible,Nombre de pages non disponible,Rang de vente non disponible,Biographies,65.0,,
Star Wars: The Eye of Darkness (The High Republic) (Star Wars: The High Republic Book 8) (English Edition),https://www.amazon.fr/Star-Wars-Darkness-Republic-English-ebook/dp/B0C27D6DWP/ref=sr_1_1034,"8,99 €",George Mann,"4,6 sur 5 étoiles, détails de l’évaluation",992,Format Kindle,https://m.media-amazon.com/images/I/81CKeRhM2iL._AC_UY218_.jpg,2025-09-04T18:43:20.735461,Description non disponible depuis la recherche,Stock non disponible,ISBN non disponible,Éditeur non disponible,Date non disponible,Nombre de pages non disponible,Rang de vente non disponible,Biographies,65.0,,
Bury Our Bones in the Midnight Soil,https://www.amazon.fr/Bury-Our-Bones-Midnight-Soil/dp/B0D74CPKTH/ref=sr_1_1037,"0,00 €",Livres audio Audible,"4,2 sur 5 étoiles, détails de l’évaluation",4 519,Livres audio Audible,https://m.media-amazon.com/images/I/81bTV+tpkLL._AC_UY218_.jpg,2025-09-04T18:43:20.745239,Description non disponible depuis la recherche,Stock non disponible,ISBN non disponible,Éditeur non disponible,Date non disponible,Nombre de pages non disponible,Rang de vente non disponible,Biographies,65.0,,
Les Arcanes du chaos,https://www.amazon.fr/Arcanes-du-chaos-Maxime-Chattam-ebook/dp/B005OQDI40/ref=sr_1_1038,"8,99 €",Maxime Chattam,"4,3 sur 5 étoiles, détails de l’évaluation",1 260,Format Kindle,https://m.media-amazon.com/images/I/81wP0MKOuaL._AC_UY218_.jpg,2025-09-04T18:43:20.748615,Description non disponible depuis la recherche,Stock non disponible,ISBN non disponible,Éditeur non disponible,Date non disponible,Nombre de pages non disponible,Rang de vente non disponible,Biographies,65.0,,
Tyrann: Le Cycle de l'Empire 1,https://www.amazon.fr/Audible-Tyrann-Cycle-lEmpire-1/dp/B09SQC6XVT/ref=sr_1_1039,"0,00 €",Livres audio Audible,"4,3 sur 5 étoiles, détails de l’évaluation",289,Livres audio Audible,https://m.media-amazon.com/images/I/81XFXb26W-L._AC_UY218_.jpg,2025-09-04T18:43:20.751858,Description non disponible depuis la recherche,Stock non disponible,ISBN non disponible,Éditeur non disponible,Date non disponible,Nombre de pages non disponible,Rang de vente non disponible,Biographies,65.0,,
La Guerre des clans - Hors-Série tome 11 : L'espoir de Poil d'Écureuil (2),https://www.amazon.fr/Guerre-clans-Hors-S%C3%A9rie-Lespoir-d%C3%89cureuil/dp/2266314610/ref=sr_1_1040,"18,50 €",Erin Hunter,"4,7 sur 5 étoiles, détails de l’évaluation",82,Broché,https://m.media-amazon.com/images/I/611YKvBRjrL._AC_UY218_.jpg,2025-09-04T18:43:20.754818,Description non disponible depuis la recherche,Stock non disponible,ISBN non disponible,Éditeur non disponible,Date non disponible,Nombre de pages non disponible,Rang de vente non disponible,Biographies,65.0,,
Le Pire Navire de la Flotte (Coup de bol et Héros Morts t. 1),https://www.amazon.fr/Pire-Navire-Flotte-H%C3%A9ros-Morts-ebook/dp/B0FMC3PWBR/ref=sr_1_1041,"7,37 €",Skyler Ramirez,"3,9 sur 5 étoiles, détails de l’évaluation",12,Format Kindle,https://m.media-amazon.com/images/I/81-2r5CyvbL._AC_UY218_.jpg,2025-09-04T18:43:20.756975,Description non disponible depuis la recherche,Stock non disponible,ISBN non disponible,Éditeur non disponible,Date non disponible,Nombre de pages non disponible,Rang de vente non disponible,Biographies,65.0,,
Un océan de ténèbres: Fae de Sel et de Sang 2,https://www.amazon.fr/oc%C3%A9an-t%C3%A9n%C3%A8bres-Fae-Sel-Sang/dp/B0D1CQY4S7/ref=sr_1_1042,"0,00 €",Livres audio Audible,"4,7 sur 5 étoiles, détails de l’évaluation",1 403,Livres audio Audible,https://m.media-amazon.com/images/I/91xWWarGY0L._AC_UY218_.jpg,2025-09-04T18:43:20.759889,Description non disponible depuis la recherche,Stock non disponible,ISBN non disponible,Éditeur non disponible,Date non disponible,Nombre de pages non disponible,Rang de vente non disponible,Biographies,65.0,,
Robin des bois,https://www.amazon.fr/Robin-bois-Simon-Rousseau/dp/2849339288/ref=sr_1_1043,"14,90 €",Simon Rousseau,"4,8 sur 5 étoiles, détails de l’évaluation",78,Broché,https://m.media-amazon.com/images/I/71TYxfYPLdL._AC_UY218_.jpg,2025-09-04T18:43:20.762649,Description non disponible depuis la recherche,Stock non disponible,ISBN non disponible,Éditeur non disponible,Date non disponible,Nombre de pages non disponible,Rang de vente non disponible,Biographies,65.0,,
Les Chevaliers d'Emeraude - Tome 00 Les premiers chevaliers,https://www.amazon.fr/pr%C3%A9quel-Chevaliers-dEmeraude-premiers-chevaliers/dp/2749956919/ref=sr_1_1044,"18,95 €",Anne Robillard,"4,7 sur 5 étoiles, détails de l’évaluation",54,Broché,https://m.media-amazon.com/images/I/71UOf3I849L._AC_UY218_.jpg,2025-09-04T18:43:20.764762,Description non disponible depuis la recherche,Stock non disponible,ISBN non disponible,Éditeur non disponible,Date non disponible,Nombre de pages non disponible,Rang de vente non disponible,Biographies,65.0,,
Frankenstein: The 1818 Text,https://www.amazon.fr/Frankenstein-1818-Text-Mary-Shelley/dp/0143131842/ref=sr_1_1043,"10,25 €",Mary Shelley,"4,5 sur 5 étoiles, détails de l’évaluation",23 984,Broché,https://m.media-amazon.com/images/I/91HvX42+65L._AC_UY218_.jpg,2025-09-04T18:43:32.110913,Description non disponible depuis la recherche,Stock non disponible,ISBN non disponible,Éditeur non disponible,Date non disponible,Nombre de pages non disponible,Rang de vente non disponible,Biographies,66.0,,
Le maléfice de la renarde - Deviens un héros en français avec Le livre magique - 9/11 ans - CM1/CM2,https://www.amazon.fr/mal%C3%A9fice-renarde-Deviens-fran%C3%A7ais-magique/dp/2321020156/ref=sr_1_1044,"12,90 €",Camille Salomon,"5,0 sur 5 étoiles, détails de l’évaluation",12,Broché,https://m.media-amazon.com/images/I/71bGYF0MiWL._AC_UY218_.jpg,2025-09-04T18:43:32.113074,Description non disponible depuis la recherche,Stock non disponible,ISBN non disponible,Éditeur non disponible,Date non disponible,Nombre de pages non disponible,Rang de vente non disponible,Biographies,66.0,,
"Dites-moi, Princesse ! T03",https://www.amazon.fr/Dites-moi-Princesse-T03-Spoon/dp/2382881860/ref=sr_1_1045,"14,95 €",de Spoon et Plutus | 4 juin 2025,"5,0 sur 5 étoiles, détails de l’évaluation",8,Broché,https://m.media-amazon.com/images/I/91Jp5OfMdPL._AC_UY218_.jpg,2025-09-04T18:43:32.115759,Description non disponible depuis la recherche,Stock non disponible,ISBN non disponible,Éditeur non disponible,Date non disponible,Nombre de pages non disponible,Rang de vente non disponible,Biographies,66.0,,
Cour de monstres et de malice: Mariées de la brume et des faës (Reine de L’Ombre t. 3),https://www.amazon.fr/Cour-monstres-malice-Mari%C3%A9es-LOmbre-ebook/dp/B0CF5HN6ZH/ref=sr_1_1046,"12,65 €",Eliza Raine,"4,7 sur 5 étoiles, détails de l’évaluation",1 612,Format Kindle,https://m.media-amazon.com/images/I/91pn8bvcNlL._AC_UY218_.jpg,2025-09-04T18:43:32.118632,Description non disponible depuis la recherche,Stock non disponible,ISBN non disponible,Éditeur non disponible,Date non disponible,Nombre de pages non disponible,Rang de vente non disponible,Biographies,66.0,,
"La Faim des Dieux: La Confrérie du Sang, T2",https://www.amazon.fr/Faim-Dieux-Confr%C3%A9rie-Sang-T2-ebook/dp/B0DDLCQSNQ/ref=sr_1_1047,"14,99 €",John Gwynne,"4,7 sur 5 étoiles, détails de l’évaluation",66,Format Kindle,https://m.media-amazon.com/images/I/81e3IdbgxyL._AC_UY218_.jpg,2025-09-04T18:43:32.121371,Description non disponible depuis la recherche,Stock non disponible,ISBN non disponible,Éditeur non disponible,Date non disponible,Nombre de pages non disponible,Rang de vente non disponible,Biographies,66.0,,
"L'Espace d'un an: Les Voyageurs, T1",https://www.amazon.fr/Lespace-dun-Dentelle-du-Cygne-ebook/dp/B01I221SQC/ref=sr_1_1048,"6,99 €",Becky Chambers,"4,3 sur 5 étoiles, détails de l’évaluation",716,Format Kindle,https://m.media-amazon.com/images/I/61VTzs3UDAL._AC_UY218_.jpg,2025-09-04T18:43:32.123980,Description non disponible depuis la recherche,Stock non disponible,ISBN non disponible,Éditeur non disponible,Date non disponible,Nombre de pages non disponible,Rang de vente non disponible,Biographies,66.0,,
"L'Épée de vérité, T5 : L'Âme du Feu",https://www.amazon.fr/L%C3%89p%C3%A9e-v%C3%A9rit%C3%A9-T5-L%C3%82me-Feu/dp/B0D8VMV3Z1/ref=sr_1_1049,"12,90 €","de Terry Goodkind, Vaderetro, et al. | 16 octobre 2024","4,6 sur 5 étoiles, détails de l’évaluation",224,Poche,https://m.media-amazon.com/images/I/91I+CJxe5OL._AC_UY218_.jpg,2025-09-04T18:43:32.127400,Description non disponible depuis la recherche,Stock non disponible,ISBN non disponible,Éditeur non disponible,Date non disponible,Nombre de pages non disponible,Rang de vente non disponible,Biographies,66.0,,
Les Annales du Disque-Monde : Au guet !,https://www.amazon.fr/Annales-Disque-Monde-Au-guet/dp/2266211889/ref=sr_1_1050,"8,70 €",Terry Pratchett,"4,8 sur 5 étoiles, détails de l’évaluation",259,Poche,https://m.media-amazon.com/images/I/71W7kueCc3L._AC_UY218_.jpg,2025-09-04T18:43:32.130951,Description non disponible depuis la recherche,Stock non disponible,ISBN non disponible,Éditeur non disponible,Date non disponible,Nombre de pages non disponible,Rang de vente non disponible,Biographies,66.0,,
Dreamcatcher,https://www.amazon.fr/Dreamcatcher-Stephen-King-ebook/dp/B0DL7LS31R/ref=sr_1_1053,"9,99 €",Stephen King,"4,3 sur 5 étoiles, détails de l’évaluation",194,Format Kindle,https://m.media-amazon.com/images/I/71-2om5uoML._AC_UY218_.jpg,2025-09-04T18:43:32.140734,Description non disponible depuis la recherche,Stock non disponible,ISBN non disponible,Éditeur non disponible,Date non disponible,Nombre de pages non disponible,Rang de vente non disponible,Biographies,66.0,,
The Gate of the Feral Gods: Dungeon Crawler Carl Book 4 (English Edition),https://www.amazon.fr/Gate-Feral-Gods-Dungeon-Crawler-ebook/dp/B093DJ7F3C/ref=sr_1_1054,"0,00 €",Matt Dinniman,"4,7 sur 5 étoiles, détails de l’évaluation",22 247,Format Kindle,https://m.media-amazon.com/images/I/81X+5EyPKvS._AC_UY218_.jpg,2025-09-04T18:43:32.143762,Description non disponible depuis la recherche,Stock non disponible,ISBN non disponible,Éditeur non disponible,Date non disponible,Nombre de pages non disponible,Rang de vente non disponible,Biographies,66.0,,
"Harry Potter and the Deathly Hallows, Book 7",https://www.amazon.fr/Harry-Potter-Deathly-Hallows-Book/dp/B01CV4LAXS/ref=sr_1_1055,"0,00 €",Livres audio Audible,"4,8 sur 5 étoiles, détails de l’évaluation",100 837,Livres audio Audible,https://m.media-amazon.com/images/I/91EnNfYprGL._AC_UY218_.jpg,2025-09-04T18:43:32.146721,Description non disponible depuis la recherche,Stock non disponible,ISBN non disponible,Éditeur non disponible,Date non disponible,Nombre de pages non disponible,Rang de vente non disponible,Biographies,66.0,,
Le serpent de pierre - Deviens un héros en mathématiques avec Le livre magique - 9/11 ans - CM1/CM2,https://www.amazon.fr/serpent-pierre-Deviens-math%C3%A9matiques-magique/dp/2321020121/ref=sr_1_1056,"12,90 €",Camille Salomon,"4,5 sur 5 étoiles, détails de l’évaluation",12,Broché,https://m.media-amazon.com/images/I/71Sw+fnStXL._AC_UY218_.jpg,2025-09-04T18:43:32.149027,Description non disponible depuis la recherche,Stock non disponible,ISBN non disponible,Éditeur non disponible,Date non disponible,Nombre de pages non disponible,Rang de vente non disponible,Biographies,66.0,,
Dire Bound (The Wolves of Ruin Book 1) (English Edition),https://www.amazon.fr/Dire-Bound-Wolves-Ruin-English-ebook/dp/B0F993FCL2/ref=sr_1_1057,"8,99 €",Sable Sorensen,"4,6 sur 5 étoiles, détails de l’évaluation",20 913,Format Kindle,https://m.media-amazon.com/images/I/81unjQojxZL._AC_UY218_.jpg,2025-09-04T18:43:32.152477,Description non disponible depuis la recherche,Stock non disponible,ISBN non disponible,Éditeur non disponible,Date non disponible,Nombre de pages non disponible,Rang de vente non disponible,Biographies,66.0,,
Collection XVIII,https://www.amazon.fr/Collection-XVIII-pr%C3%A9ciser/dp/183609261X/ref=sr_1_1058,"30,00 €",de A préciser | 10 décembre 2025,Note non disponible,0 avis,Relié,https://m.media-amazon.com/images/I/01PkLIhTX3L._AC_UY218_.gif,2025-09-04T18:43:32.155162,Description non disponible depuis la recherche,Stock non disponible,ISBN non disponible,Éditeur non disponible,Date non disponible,Nombre de pages non disponible,Rang de vente non disponible,Biographies,66.0,,
Les Annales du Disque-Monde: Mortimer (04),https://www.amazon.fr/Annales-du-Disque-Monde-04/dp/2266226177/ref=sr_1_1059,"8,10 €",Terry Pratchett,"4,6 sur 5 étoiles, détails de l’évaluation",357,Poche,https://m.media-amazon.com/images/I/717UNDnolaL._AC_UY218_.jpg,2025-09-04T18:43:32.158199,Description non disponible depuis la recherche,Stock non disponible,ISBN non disponible,Éditeur non disponible,Date non disponible,Nombre de pages non disponible,Rang de vente non disponible,Biographies,66.0,,
"5 techniques infaillibles pour échapper à un loup-garou (Séréna, chasseuse de catastrophes t. 2)",https://www.amazon.fr/techniques-infaillibles-loup-garou-chasseuse-catastrophes-ebook/dp/B0D83BCKFM/ref=sr_1_1060,"0,00 €",Jupiter Phaeton,"4,7 sur 5 étoiles, détails de l’évaluation",1 037,Format Kindle,https://m.media-amazon.com/images/I/81VjqQ5G3CL._AC_UY218_.jpg,2025-09-04T18:43:32.161174,Description non disponible depuis la recherche,Stock non disponible,ISBN non disponible,Éditeur non disponible,Date non disponible,Nombre de pages non disponible,Rang de vente non disponible,Biographies,66.0,,
L’île au Venin (Les Loups du X-Clan t. 5),https://www.amazon.fr/L%C3%AEle-Venin-Loups-X-Clan-t-ebook/dp/B0FF3N4SWR/ref=sr_1_1059,"15,81 €",Lexi C. Foss,"4,5 sur 5 étoiles, détails de l’évaluation",179,Format Kindle,https://m.media-amazon.com/images/I/91RSZjboEcL._AC_UY218_.jpg,2025-09-04T18:43:43.077124,Description non disponible depuis la recherche,Stock non disponible,ISBN non disponible,Éditeur non disponible,Date non disponible,Nombre de pages non disponible,Rang de vente non disponible,Biographies,67.0,,
Heaven Official’s Blessing: Tian Guan Ci Fu (Deluxe Hardcover Novel) Vol. 4,https://www.amazon.fr/Heaven-Officials-Blessing-Deluxe-Hardcover/dp/B0DJQDYPMF/ref=sr_1_1060,"27,20 €",Mo Xiang Tong Xiu,"4,9 sur 5 étoiles, détails de l’évaluation",3 827,Relié,https://m.media-amazon.com/images/I/917aPWXYyIL._AC_UY218_.jpg,2025-09-04T18:43:43.080688,Description non disponible depuis la recherche,Stock non disponible,ISBN non disponible,Éditeur non disponible,Date non disponible,Nombre de pages non disponible,Rang de vente non disponible,Biographies,67.0,,
La Maison des veilleurs (4),https://www.amazon.fr/Maison-veilleurs-Patrick-K-Dewdney/dp/B0CTMBB3X9/ref=sr_1_1061,"24,00 €",Patrick K. Dewdney,"4,7 sur 5 étoiles, détails de l’évaluation",71,Broché,https://m.media-amazon.com/images/I/71cbBdGKzqL._AC_UY218_.jpg,2025-09-04T18:43:43.083510,Description non disponible depuis la recherche,Stock non disponible,ISBN non disponible,Éditeur non disponible,Date non disponible,Nombre de pages non disponible,Rang de vente non disponible,Biographies,67.0,,
Chasse royale: Curée chaude,https://www.amazon.fr/Chasse-royale-chaude-Jean-Philippe-Jaworski/dp/2073031633/ref=sr_1_1062,"10,50 €",Jean-Philippe Jaworski,"4,6 sur 5 étoiles, détails de l’évaluation",296,Poche,https://m.media-amazon.com/images/I/81NCX1xk9ML._AC_UY218_.jpg,2025-09-04T18:43:43.086189,Description non disponible depuis la recherche,Stock non disponible,ISBN non disponible,Éditeur non disponible,Date non disponible,Nombre de pages non disponible,Rang de vente non disponible,Biographies,67.0,,
Chroniques de 2055,https://www.amazon.fr/Chroniques-2055-Julia-Rolin-ebook/dp/B0FGJMQNC6/ref=sr_1_1063,"5,00 €",Julia Rolin,Note non disponible,0 avis,Format Kindle,https://m.media-amazon.com/images/I/81HFNe01PNL._AC_UY218_.jpg,2025-09-04T18:43:43.089572,Description non disponible depuis la recherche,Stock non disponible,ISBN non disponible,Éditeur non disponible,Date non disponible,Nombre de pages non disponible,Rang de vente non disponible,Biographies,67.0,,
Grandmaster of Demonic Cultivation: Mo Dao Zu Shi (Novel) Vol. 3,https://www.amazon.fr/Grandmaster-Demonic-Cultivation-Novel-Vol/dp/1638581568/ref=sr_1_1064,"18,12 €",Mo Xiang Tong Xiu,"4,9 sur 5 étoiles, détails de l’évaluation",3 540,Broché,https://m.media-amazon.com/images/I/81BFTBjLW0L._AC_UY218_.jpg,2025-09-04T18:43:43.093214,Description non disponible depuis la recherche,Stock non disponible,ISBN non disponible,Éditeur non disponible,Date non disponible,Nombre de pages non disponible,Rang de vente non disponible,Biographies,67.0,,
"Les Portes de la maison des morts (Le Livre des martyrs, Tome 2)",https://www.amazon.fr/Portes-maison-morts-Livre-martyrs/dp/2253242322/ref=sr_1_1065,"13,90 €",Steven Erikson,"4,5 sur 5 étoiles, détails de l’évaluation",232,Poche,https://m.media-amazon.com/images/I/91Rjwn4V34L._AC_UY218_.jpg,2025-09-04T18:43:43.096788,Description non disponible depuis la recherche,Stock non disponible,ISBN non disponible,Éditeur non disponible,Date non disponible,Nombre de pages non disponible,Rang de vente non disponible,Biographies,67.0,,
Les âmes vagabondes,https://www.amazon.fr/Les-%C3%A2mes-vagabondes/dp/B01CUXXNNA/ref=sr_1_1066,"0,00 €",Livres audio Audible,"4,6 sur 5 étoiles, détails de l’évaluation",962,Livres audio Audible,https://m.media-amazon.com/images/I/7194cXcW7DL._AC_UY218_.jpg,2025-09-04T18:43:43.100458,Description non disponible depuis la recherche,Stock non disponible,ISBN non disponible,Éditeur non disponible,Date non disponible,Nombre de pages non disponible,Rang de vente non disponible,Biographies,67.0,,
Toilet-bound Hanako-kun T06,https://www.amazon.fr/Toilet-bound-Hanako-kun-T06-AidaIro/dp/2811664254/ref=sr_1_1069,"7,70 €",AidaIro,"4,8 sur 5 étoiles, détails de l’évaluation",171,Poche,https://m.media-amazon.com/images/I/811IvuGzb4L._AC_UY218_.jpg,2025-09-04T18:43:43.110032,Description non disponible depuis la recherche,Stock non disponible,ISBN non disponible,Éditeur non disponible,Date non disponible,Nombre de pages non disponible,Rang de vente non disponible,Biographies,67.0,,
La ferme des animaux,https://www.amazon.fr/ferme-animaux-George-Orwell-ebook/dp/B09GKW65LY/ref=sr_1_1070,"0,90 €",George Orwell,"4,6 sur 5 étoiles, détails de l’évaluation",3 725,Format Kindle,https://m.media-amazon.com/images/I/61FOZU6ko+L._AC_UY218_.jpg,2025-09-04T18:43:43.113825,Description non disponible depuis la recherche,Stock non disponible,ISBN non disponible,Éditeur non disponible,Date non disponible,Nombre de pages non disponible,Rang de vente non disponible,Biographies,67.0,,
"Cursebreaker-Boxset, Édition française, une Série Complète de 6 Tomes : Une aventure se déroulant dans le royaume de la magie et du chaos (Cursebreaker, ... une série complète de 6 livres)",https://www.amazon.fr/Cursebreaker-Boxset-%C3%89dition-fran%C3%A7aise-S%C3%A9rie-Compl%C3%A8te-ebook/dp/B0F63NQRTM/ref=sr_1_1071,Prix non disponible,JT Lawrence,"4,6 sur 5 étoiles, détails de l’évaluation",91,Format Kindle,https://m.media-amazon.com/images/I/81MvRpFK9FL._AC_UY218_.jpg,2025-09-04T18:43:43.115766,Description non disponible depuis la recherche,Stock non disponible,ISBN non disponible,Éditeur non disponible,Date non disponible,Nombre de pages non disponible,Rang de vente non disponible,Biographies,67.0,,
Choisis Tes Ennemis,https://www.amazon.fr/Choisis-Tes-Ennemis-Sandy-Mitchell/dp/1836092539/ref=sr_1_1072,"15,00 €",Sandy Mitchell,Note non disponible,0 avis,Broché,https://m.media-amazon.com/images/I/71gwHNAeAvL._AC_UY218_.jpg,2025-09-04T18:43:43.118502,Description non disponible depuis la recherche,Stock non disponible,ISBN non disponible,Éditeur non disponible,Date non disponible,Nombre de pages non disponible,Rang de vente non disponible,Biographies,67.0,,
Drone Ensign: A Hard Sci-fi LitRPG Space Opera (Drone Rising Book 1) (English Edition),https://www.amazon.fr/Drone-Ensign-Sci-fi-LitRPG-English-ebook/dp/B09B4LSMTR/ref=sr_1_1073,"0,00 €",Kyle Johnson,"4,5 sur 5 étoiles, détails de l’évaluation",840,Format Kindle,https://m.media-amazon.com/images/I/817hgCqyVzL._AC_UY218_.jpg,2025-09-04T18:43:43.121291,Description non disponible depuis la recherche,Stock non disponible,ISBN non disponible,Éditeur non disponible,Date non disponible,Nombre de pages non disponible,Rang de vente non disponible,Biographies,67.0,,
Les Aventures du Pyro-barbare et de Billy - Tome 1 La Forteresse du Chaudron noir,https://www.amazon.fr/Aventures-Pyro-barbare-Billy-Forteresse-Chaudron/dp/2379890587/ref=sr_1_1074,"12,90 €",Bob Lennon,"4,8 sur 5 étoiles, détails de l’évaluation",485,Broché,https://m.media-amazon.com/images/I/717cl7RovlL._AC_UY218_.jpg,2025-09-04T18:43:43.123477,Description non disponible depuis la recherche,Stock non disponible,ISBN non disponible,Éditeur non disponible,Date non disponible,Nombre de pages non disponible,Rang de vente non disponible,Biographies,67.0,,
Los peligros de fumar en la cama/ Dangers of Smoking in Bed,https://www.amazon.fr/peligros-fumar-cama-Dangers-Smoking/dp/8433998242/ref=sr_1_1075,"20,67 €",Mariana Enriquez,"4,4 sur 5 étoiles, détails de l’évaluation",1 108,Broché,https://m.media-amazon.com/images/I/51Yx1X6oquL._AC_UY218_.jpg,2025-09-04T18:43:43.127129,Description non disponible depuis la recherche,Stock non disponible,ISBN non disponible,Éditeur non disponible,Date non disponible,Nombre de pages non disponible,Rang de vente non disponible,Biographies,67.0,,
L'affaire des conjurés de Roches-Noires (Les enquêtes du commissaire De Barjac t. 1),https://www.amazon.fr/Laffaire-conjur%C3%A9s-Roches-Noires-enqu%C3%AAtes-commissaire-ebook/dp/B0F5T6ZSGH/ref=sr_1_1076,"22,00 €",Hervé Michel,"4,2 sur 5 étoiles, détails de l’évaluation",76,Format Kindle,https://m.media-amazon.com/images/I/71aez6O2uNL._AC_UY218_.jpg,2025-09-04T18:43:43.129288,Description non disponible depuis la recherche,Stock non disponible,ISBN non disponible,Éditeur non disponible,Date non disponible,Nombre de pages non disponible,Rang de vente non disponible,Biographies,67.0,,
Le Gentilhomme et la Sorcière (Les Sœurs Grae t. 3),https://www.amazon.fr/Gentilhomme-Sorci%C3%A8re-S%C5%93urs-Grae-t-ebook/dp/B0F9HV5SG2/ref=sr_1_1075,"4,99 €",Eve Langlais,"4,6 sur 5 étoiles, détails de l’évaluation",11,Format Kindle,https://m.media-amazon.com/images/I/81RfJLzFhqL._AC_UY218_.jpg,2025-09-04T18:43:53.505503,Description non disponible depuis la recherche,Stock non disponible,ISBN non disponible,Éditeur non disponible,Date non disponible,Nombre de pages non disponible,Rang de vente non disponible,Biographies,68.0,,
"Waylander, Tome 3: Waylander III : Le Héros dans l'ombre (réédition 30 ans)",https://www.amazon.fr/Waylander-H%C3%A9ros-dans-lombre-r%C3%A9%C3%A9dition/dp/2811214003/ref=sr_1_1076,"10,95 €",David Gemmell,"4,7 sur 5 étoiles, détails de l’évaluation",400,Broché,https://m.media-amazon.com/images/I/81Gx+9f4qJL._AC_UY218_.jpg,2025-09-04T18:43:53.510705,Description non disponible depuis la recherche,Stock non disponible,ISBN non disponible,Éditeur non disponible,Date non disponible,Nombre de pages non disponible,Rang de vente non disponible,Biographies,68.0,,
Phantasma: A dark fantasy romance,https://www.amazon.fr/Phantasma-fantasy-romance-Kaylie-Smith/dp/1836182163/ref=sr_1_1077,"13,34 €",Kaylie Smith,"4,3 sur 5 étoiles, détails de l’évaluation",51 180,Broché,https://m.media-amazon.com/images/I/91d3jAJ0BbL._AC_UY218_.jpg,2025-09-04T18:43:53.514401,Description non disponible depuis la recherche,Stock non disponible,ISBN non disponible,Éditeur non disponible,Date non disponible,Nombre de pages non disponible,Rang de vente non disponible,Biographies,68.0,,
Frankenstein,https://www.amazon.fr/Frankenstein-Mary-Shelley/dp/1673287883/ref=sr_1_1078,"10,99 €",Mary Shelley,"4,5 sur 5 étoiles, détails de l’évaluation",729,Broché,https://m.media-amazon.com/images/I/719PfEPWCfL._AC_UY218_.jpg,2025-09-04T18:43:53.517207,Description non disponible depuis la recherche,Stock non disponible,ISBN non disponible,Éditeur non disponible,Date non disponible,Nombre de pages non disponible,Rang de vente non disponible,Biographies,68.0,,
Cahier de Texte 2025 2026: Carnet Hebdomadaire des Devoirs et Leçons pour Enfants | Cahier Scolaire Primaire,https://www.amazon.fr/Cahier-Texte-2025-2026-Hebdomadaire/dp/B0FNWLK7MW/ref=sr_1_1079,"11,98 €",de Naïa Pétale | 24 août 2025,Note non disponible,0 avis,Broché,https://m.media-amazon.com/images/I/71Vxod-XF2L._AC_UY218_.jpg,2025-09-04T18:43:53.520137,Description non disponible depuis la recherche,Stock non disponible,ISBN non disponible,Éditeur non disponible,Date non disponible,Nombre de pages non disponible,Rang de vente non disponible,Biographies,68.0,,
Le Sang de la déchirure: L'épée de vérité 3,https://www.amazon.fr/Sang-d%C3%A9chirure-L%C3%A9p%C3%A9e-v%C3%A9rit%C3%A9/dp/B07MWCQCC1/ref=sr_1_1080,"0,00 €",Livres audio Audible,"4,6 sur 5 étoiles, détails de l’évaluation",523,Livres audio Audible,https://m.media-amazon.com/images/I/81Uym33OIlL._AC_UY218_.jpg,2025-09-04T18:43:53.524159,Description non disponible depuis la recherche,Stock non disponible,ISBN non disponible,Éditeur non disponible,Date non disponible,Nombre de pages non disponible,Rang de vente non disponible,Biographies,68.0,,
The Irresistible Urge to Fall for Your Enemy: Book 1 of the Dearly Beloathed Duology (English Edition),https://www.amazon.fr/Irresistible-Urge-Fall-Your-Enemy-ebook/dp/B0DJCSPGCW/ref=sr_1_1081,"11,99 €",Brigitte Knightley,"4,3 sur 5 étoiles, détails de l’évaluation",1 779,Format Kindle,https://m.media-amazon.com/images/I/81rT6MiaIqL._AC_UY218_.jpg,2025-09-04T18:43:53.527677,Description non disponible depuis la recherche,Stock non disponible,ISBN non disponible,Éditeur non disponible,Date non disponible,Nombre de pages non disponible,Rang de vente non disponible,Biographies,68.0,,
LIVRE DONT VOUS ÊTES LE HEROS: LA QUÊTE DU DRAGON NOIR,https://www.amazon.fr/LIVRE-DONT-VOUS-%C3%8ATES-HEROS/dp/B0F3JK7282/ref=sr_1_1082,"16,88 €",""" LE ROI HARALD ""","4,0 sur 5 étoiles, détails de l’évaluation",8,Broché,https://m.media-amazon.com/images/I/71dGpWCsV+L._AC_UY218_.jpg,2025-09-04T18:43:53.529644,Description non disponible depuis la recherche,Stock non disponible,ISBN non disponible,Éditeur non disponible,Date non disponible,Nombre de pages non disponible,Rang de vente non disponible,Biographies,68.0,,
The Apothecary Diaries 06 (Light Novel),https://www.amazon.fr/Apothecary-Diaries-06-Light-Novel/dp/1646093259/ref=sr_1_1085,"17,22 €",Natsu Hyuuga,"4,8 sur 5 étoiles, détails de l’évaluation",1 882,Broché,https://m.media-amazon.com/images/I/91ZUNC-2WRL._AC_UY218_.jpg,2025-09-04T18:43:53.539523,Description non disponible depuis la recherche,Stock non disponible,ISBN non disponible,Éditeur non disponible,Date non disponible,Nombre de pages non disponible,Rang de vente non disponible,Biographies,68.0,,
La Porte Des Ossements,https://www.amazon.fr/Porte-Ossements-Monsieur-Andy-Clark/dp/1780305621/ref=sr_1_1086,"15,00 €",Monsieur Andy Clark,"4,5 sur 5 étoiles, détails de l’évaluation",94,Broché,https://m.media-amazon.com/images/I/81iB8m1E1yL._AC_UY218_.jpg,2025-09-04T18:43:53.542471,Description non disponible depuis la recherche,Stock non disponible,ISBN non disponible,Éditeur non disponible,Date non disponible,Nombre de pages non disponible,Rang de vente non disponible,Biographies,68.0,,
The Harwood Spellbook: The Complete Series (English Edition),https://www.amazon.fr/Harwood-Spellbook-Complete-English-ebook/dp/B0FMJSCY4Y/ref=sr_1_1087,"8,59 €",Stephanie Burgis,Note non disponible,0 avis,Format Kindle,https://m.media-amazon.com/images/I/81YdXkBhqwL._AC_UY218_.jpg,2025-09-04T18:43:53.544375,Description non disponible depuis la recherche,Stock non disponible,ISBN non disponible,Éditeur non disponible,Date non disponible,Nombre de pages non disponible,Rang de vente non disponible,Biographies,68.0,,
The Mortal Instruments - tome 01 : La Cité des Ténèbres,https://www.amazon.fr/Mortal-Instruments-01-Cit%C3%A9-T%C3%A9n%C3%A8bres/dp/2266330721/ref=sr_1_1088,"9,20 €",Cassandra Clare,"4,6 sur 5 étoiles, détails de l’évaluation",926,Poche,https://m.media-amazon.com/images/I/71xKRa7zkqL._AC_UY218_.jpg,2025-09-04T18:43:53.547959,Description non disponible depuis la recherche,Stock non disponible,ISBN non disponible,Éditeur non disponible,Date non disponible,Nombre de pages non disponible,Rang de vente non disponible,Biographies,68.0,,
Les Montagnes hallucinées illustré - L'intégrale,https://www.amazon.fr/Montagnes-hallucin%C3%A9es-illustr%C3%A9e-Lint%C3%A9grale/dp/B0C9PPXMV4/ref=sr_1_1089,"55,00 €",François Baranger,"5,0 sur 5 étoiles, détails de l’évaluation",19,Relié,https://m.media-amazon.com/images/I/71oeTmzx8dL._AC_UY218_.jpg,2025-09-04T18:43:53.550185,Description non disponible depuis la recherche,Stock non disponible,ISBN non disponible,Éditeur non disponible,Date non disponible,Nombre de pages non disponible,Rang de vente non disponible,Biographies,68.0,,
La Tempête du siècle,https://www.amazon.fr/Temp%C3%AAte-du-si%C3%A8cle-Stephen-King/dp/2253151335/ref=sr_1_1090,"9,40 €",Stephen King,"4,2 sur 5 étoiles, détails de l’évaluation",408,Poche,https://m.media-amazon.com/images/I/81+9aZn7D3S._AC_UY218_.jpg,2025-09-04T18:43:53.553840,Description non disponible depuis la recherche,Stock non disponible,ISBN non disponible,Éditeur non disponible,Date non disponible,Nombre de pages non disponible,Rang de vente non disponible,Biographies,68.0,,
Fae-Moi Vibrer: romantasy moderne,https://www.amazon.fr/Fae-Moi-Vibrer-Meg%C3%A4ra-Nolhan-ebook/dp/B0CW1F9CL9/ref=sr_1_1091,"0,00 €",Megära Nolhan,"4,8 sur 5 étoiles, détails de l’évaluation",480,Format Kindle,https://m.media-amazon.com/images/I/81caBi9kGjL._AC_UY218_.jpg,2025-09-04T18:43:53.556877,Description non disponible depuis la recherche,Stock non disponible,ISBN non disponible,Éditeur non disponible,Date non disponible,Nombre de pages non disponible,Rang de vente non disponible,Biographies,68.0,,
Le Grand Magasin des Rêves,https://www.amazon.fr/Grand-Magasin-R%C3%AAves-Mi-ye-Lee/dp/280971648X/ref=sr_1_1092,"22,00 €",Mi-ye Lee,"4,0 sur 5 étoiles, détails de l’évaluation",43,Broché,https://m.media-amazon.com/images/I/81VfVqiyHNL._AC_UY218_.jpg,2025-09-04T18:43:53.559954,Description non disponible depuis la recherche,Stock non disponible,ISBN non disponible,Éditeur non disponible,Date non disponible,Nombre de pages non disponible,Rang de vente non disponible,Biographies,68.0,,
The Mortal Instruments - tome 02 : La Cité des Cendres,https://www.amazon.fr/Mortal-Instruments-02-Cit%C3%A9-Cendres/dp/226633073X/ref=sr_1_1091,"8,90 €",Cassandra Clare,"4,6 sur 5 étoiles, détails de l’évaluation",768,Poche,https://m.media-amazon.com/images/I/71oJlUuZ8nL._AC_UY218_.jpg,2025-09-04T18:44:03.547711,Description non disponible depuis la recherche,Stock non disponible,ISBN non disponible,Éditeur non disponible,Date non disponible,Nombre de pages non disponible,Rang de vente non disponible,Biographies,69.0,,
"L'Art de la guerre, T2 : L'Art de la destinée",https://www.amazon.fr/LArt-guerre-T2-destin%C3%A9e/dp/B0DJ8MLKLL/ref=sr_1_1092,"10,95 €",Wesley Chu,Note non disponible,0 avis,Poche,https://m.media-amazon.com/images/I/8101pW5YXuL._AC_UY218_.jpg,2025-09-04T18:44:03.550721,Description non disponible depuis la recherche,Stock non disponible,ISBN non disponible,Éditeur non disponible,Date non disponible,Nombre de pages non disponible,Rang de vente non disponible,Biographies,69.0,,
Les Dieux oubliés - Tome 03: Léthé et Aphrodite,https://www.amazon.fr/Dieux-oubli%C3%A9s-03-L%C3%A9th%C3%A9-Aphrodite/dp/2755679204/ref=sr_1_1093,"8,90 €",Kalypso Caldin,"4,6 sur 5 étoiles, détails de l’évaluation",101,Poche,https://m.media-amazon.com/images/I/81BluNZ1m+L._AC_UY218_.jpg,2025-09-04T18:44:03.554096,Description non disponible depuis la recherche,Stock non disponible,ISBN non disponible,Éditeur non disponible,Date non disponible,Nombre de pages non disponible,Rang de vente non disponible,Biographies,69.0,,
"Petit, grand : le parlement des fées: LE PARLEMENT DES FEES",https://www.amazon.fr/Petit-grand-parlement-f%C3%A9es-PARLEMENT/dp/B0F2SH3786/ref=sr_1_1094,"32,50 €",John Crowley,Note non disponible,0 avis,Relié,https://m.media-amazon.com/images/I/71ZTh6PjrcL._AC_UY218_.jpg,2025-09-04T18:44:03.557253,Description non disponible depuis la recherche,Stock non disponible,ISBN non disponible,Éditeur non disponible,Date non disponible,Nombre de pages non disponible,Rang de vente non disponible,Biographies,69.0,,
Le Monde rebelle (La Frontière éternelle t. 4),https://www.amazon.fr/Monde-rebelle-Fronti%C3%A8re-%C3%A9ternelle-t-ebook/dp/B0DQQR2C4N/ref=sr_1_1095,Prix non disponible,Anthony J. Melchiorri,"4,4 sur 5 étoiles, détails de l’évaluation",219,Format Kindle,https://m.media-amazon.com/images/I/817Z1CWzGRL._AC_UY218_.jpg,2025-09-04T18:44:03.559956,Description non disponible depuis la recherche,Stock non disponible,ISBN non disponible,Éditeur non disponible,Date non disponible,Nombre de pages non disponible,Rang de vente non disponible,Biographies,69.0,,
L'Ombre sur Innsmouth illustré,https://www.amazon.fr/LOmbre-Innsmouth-illustr%C3%A9-Philips-LOVECRAFT/dp/B0D7PGZG6P/ref=sr_1_1096,"35,00 €",François Baranger,"4,8 sur 5 étoiles, détails de l’évaluation",37,Relié,https://m.media-amazon.com/images/I/71zwrzuYUaL._AC_UY218_.jpg,2025-09-04T18:44:03.562047,Description non disponible depuis la recherche,Stock non disponible,ISBN non disponible,Éditeur non disponible,Date non disponible,Nombre de pages non disponible,Rang de vente non disponible,Biographies,69.0,,
Git dans les cendres: LA COUR D'ONYX LIVRE 2,https://www.amazon.fr/cour-dOnyx-G%C3%AEt-dans-cendres/dp/284172896X/ref=sr_1_1097,"24,50 €",Marie Brennan,"5,0 sur 5 étoiles, détails de l’évaluation",2,Broché,https://m.media-amazon.com/images/I/51a2r4vdObL._AC_UY218_.jpg,2025-09-04T18:44:03.564098,Description non disponible depuis la recherche,Stock non disponible,ISBN non disponible,Éditeur non disponible,Date non disponible,Nombre de pages non disponible,Rang de vente non disponible,Biographies,69.0,,
Heaven Official’s Blessing: Tian Guan Ci Fu (Deluxe Hardcover Novel) Vol. 5,https://www.amazon.fr/Heaven-Officials-Blessing-Deluxe-Hardcover/dp/B0DJQD9P81/ref=sr_1_1098,"27,20 €",Mo Xiang Tong Xiu,"4,9 sur 5 étoiles, détails de l’évaluation",3 431,Relié,https://m.media-amazon.com/images/I/91bnLOE6IXL._AC_UY218_.jpg,2025-09-04T18:44:03.567586,Description non disponible depuis la recherche,Stock non disponible,ISBN non disponible,Éditeur non disponible,Date non disponible,Nombre de pages non disponible,Rang de vente non disponible,Biographies,69.0,,
La Compagnia dell'Anello: Il Signore degli Anelli - Vol. 1,https://www.amazon.fr/Compagnia-dellAnello-Signore-degli-Anelli/dp/B0D1VPP7MR/ref=sr_1_1101,"0,00 €",Livres audio Audible,"4,5 sur 5 étoiles, détails de l’évaluation",1 135,Livres audio Audible,https://m.media-amazon.com/images/I/81mag520q7L._AC_UY218_.jpg,2025-09-04T18:44:03.577453,Description non disponible depuis la recherche,Stock non disponible,ISBN non disponible,Éditeur non disponible,Date non disponible,Nombre de pages non disponible,Rang de vente non disponible,Biographies,69.0,,
Le Testament d'involution,https://www.amazon.fr/Testament-dinvolution-Fabien-Cerutti/dp/2073060420/ref=sr_1_1102,"10,50 €",Fabien Cerutti,"4,6 sur 5 étoiles, détails de l’évaluation",177,Poche,https://m.media-amazon.com/images/I/71Fx+2SqjnL._AC_UY218_.jpg,2025-09-04T18:44:03.580955,Description non disponible depuis la recherche,Stock non disponible,ISBN non disponible,Éditeur non disponible,Date non disponible,Nombre de pages non disponible,Rang de vente non disponible,Biographies,69.0,,
"Les Salauds Gentilshommes, T1 : Les Mensonges de Locke Lamora",https://www.amazon.fr/Salauds-Gentilshommes-T1-Mensonges-Lamora/dp/B0BXCX442W/ref=sr_1_1103,"9,95 €",Scott Lynch,"4,6 sur 5 étoiles, détails de l’évaluation",328,Poche,https://m.media-amazon.com/images/I/717E7HCOmFL._AC_UY218_.jpg,2025-09-04T18:44:03.584630,Description non disponible depuis la recherche,Stock non disponible,ISBN non disponible,Éditeur non disponible,Date non disponible,Nombre de pages non disponible,Rang de vente non disponible,Biographies,69.0,,
Le royaume éternel T2 : La reine d'éternité,https://www.amazon.fr/royaume-%C3%A9ternel-T2-reine-d%C3%A9ternit%C3%A9-ebook/dp/B0DW93QLP4/ref=sr_1_1104,"9,99 €",L.J. Andrews,"4,3 sur 5 étoiles, détails de l’évaluation",21,Format Kindle,https://m.media-amazon.com/images/I/91i1sAXiw8L._AC_UY218_.jpg,2025-09-04T18:44:03.587211,Description non disponible depuis la recherche,Stock non disponible,ISBN non disponible,Éditeur non disponible,Date non disponible,Nombre de pages non disponible,Rang de vente non disponible,Biographies,69.0,,
Dracula : le classique annoté,https://www.amazon.fr/Dracula-classique-annot%C3%A9-Bram-Stoker/dp/B0D8VQPYXG/ref=sr_1_1105,"66,60 €","de Bram Stoker, Leslie S. Klinger, et al. | 6 novembre 2024","4,3 sur 5 étoiles, détails de l’évaluation",6,Relié,https://m.media-amazon.com/images/I/611aG5Mhp6L._AC_UY218_.jpg,2025-09-04T18:44:03.589886,Description non disponible depuis la recherche,Stock non disponible,ISBN non disponible,Éditeur non disponible,Date non disponible,Nombre de pages non disponible,Rang de vente non disponible,Biographies,69.0,,
Chroniques du Girku (les) : Reveil du Phenix (le) - Tome 3 - Édition Intégrale,https://www.amazon.fr/Chroniques-Girku-Reveil-%C3%89dition-Int%C3%A9grale/dp/2918470406/ref=sr_1_1106,"25,00 €",Anton Parks,"4,7 sur 5 étoiles, détails de l’évaluation",133,Broché,https://m.media-amazon.com/images/I/71SrjjTV1fL._AC_UY218_.jpg,2025-09-04T18:44:03.591998,Description non disponible depuis la recherche,Stock non disponible,ISBN non disponible,Éditeur non disponible,Date non disponible,Nombre de pages non disponible,Rang de vente non disponible,Biographies,69.0,,
L'Abîme noir (La Frontière éternelle t. 5),https://www.amazon.fr/LAb%C3%AEme-noir-Fronti%C3%A8re-%C3%A9ternelle-t-ebook/dp/B0DQTSYWWM/ref=sr_1_1107,Prix non disponible,Anthony J. Melchiorri,"4,6 sur 5 étoiles, détails de l’évaluation",227,Format Kindle,https://m.media-amazon.com/images/I/91DeLHx5WxL._AC_UY218_.jpg,2025-09-04T18:44:03.593973,Description non disponible depuis la recherche,Stock non disponible,ISBN non disponible,Éditeur non disponible,Date non disponible,Nombre de pages non disponible,Rang de vente non disponible,Biographies,69.0,,
The Wicked King,https://www.amazon.fr/Wicked-King-Folk-Air/dp/1471407365/ref=sr_1_1108,"10,50 €",Holly Black,"4,6 sur 5 étoiles, détails de l’évaluation",50 181,Broché,https://m.media-amazon.com/images/I/713i5mlzOkL._AC_UY218_.jpg,2025-09-04T18:44:03.597421,Description non disponible depuis la recherche,Stock non disponible,ISBN non disponible,Éditeur non disponible,Date non disponible,Nombre de pages non disponible,Rang de vente non disponible,Biographies,69.0,,
Bleak - 3 Histoires d'horreur - Volume 2,https://www.amazon.fr/Bleak-3-Histoires-dhorreur-2/dp/2494705002/ref=sr_1_1107,"16,00 €",Guillaume Natas,"4,7 sur 5 étoiles, détails de l’évaluation",167,Relié,https://m.media-amazon.com/images/I/714ExCZfsNL._AC_UY218_.jpg,2025-09-04T18:44:11.181737,Description non disponible depuis la recherche,Stock non disponible,ISBN non disponible,Éditeur non disponible,Date non disponible,Nombre de pages non disponible,Rang de vente non disponible,Biographies,70.0,,
La Sorcière,https://www.amazon.fr/Sorci%C3%A8re-Jules-Michelet/dp/2070443639/ref=sr_1_1108,"7,60 €",Jules Michelet,"4,5 sur 5 étoiles, détails de l’évaluation",104,Poche,https://m.media-amazon.com/images/I/91fCIvTztiL._AC_UY218_.jpg,2025-09-04T18:44:11.185611,Description non disponible depuis la recherche,Stock non disponible,ISBN non disponible,Éditeur non disponible,Date non disponible,Nombre de pages non disponible,Rang de vente non disponible,Biographies,70.0,,
Sac d'os,https://www.amazon.fr/Sac-dos-Stephen-King/dp/2253150371/ref=sr_1_1109,"10,90 €",Stephen King,"4,3 sur 5 étoiles, détails de l’évaluation",358,Poche,https://m.media-amazon.com/images/I/81OJARrAPAS._AC_UY218_.jpg,2025-09-04T18:44:11.189421,Description non disponible depuis la recherche,Stock non disponible,ISBN non disponible,Éditeur non disponible,Date non disponible,Nombre de pages non disponible,Rang de vente non disponible,Biographies,70.0,,
En quête de vengeance,https://www.amazon.fr/En-qu%C3%AAte-vengeance-Robin-Hobb/dp/2290403342/ref=sr_1_1110,"8,90 €",Robin Hobb,"4,7 sur 5 étoiles, détails de l’évaluation",1 062,Poche,https://m.media-amazon.com/images/I/81lhnuBsxVL._AC_UY218_.jpg,2025-09-04T18:44:11.193044,Description non disponible depuis la recherche,Stock non disponible,ISBN non disponible,Éditeur non disponible,Date non disponible,Nombre de pages non disponible,Rang de vente non disponible,Biographies,70.0,,
A Drop of Corruption: An Ana and Din Mystery (Shadow of the Leviathan Book 2) (English Edition),https://www.amazon.fr/Drop-Corruption-Mystery-Leviathan-English-ebook/dp/B0D4HRSDSJ/ref=sr_1_1111,"13,93 €",Robert Jackson Bennett,"4,7 sur 5 étoiles, détails de l’évaluation",3 587,Format Kindle,https://m.media-amazon.com/images/I/814kOSfn6sL._AC_UY218_.jpg,2025-09-04T18:44:11.196590,Description non disponible depuis la recherche,Stock non disponible,ISBN non disponible,Éditeur non disponible,Date non disponible,Nombre de pages non disponible,Rang de vente non disponible,Biographies,70.0,,
Le mythe de Cthulhu,https://www.amazon.fr/mythe-Cthulhu-H-P-Lovecraft/dp/2290331341/ref=sr_1_1112,"6,00 €",H.P. Lovecraft,"4,6 sur 5 étoiles, détails de l’évaluation",473,Poche,https://m.media-amazon.com/images/I/51KOrtbJDsL._AC_UY218_.jpg,2025-09-04T18:44:11.198862,Description non disponible depuis la recherche,Stock non disponible,ISBN non disponible,Éditeur non disponible,Date non disponible,Nombre de pages non disponible,Rang de vente non disponible,Biographies,70.0,,
The City and Its Uncertain Walls: The Sunday Times bestselling novel from the author of Norwegian Wood (English Edition),https://www.amazon.fr/City-Its-Uncertain-Walls-bestselling-ebook/dp/B0CWCRS5RN/ref=sr_1_1113,"8,99 €",Haruki Murakami,"4,3 sur 5 étoiles, détails de l’évaluation",3 005,Format Kindle,https://m.media-amazon.com/images/I/71Vn3yb7nlL._AC_UY218_.jpg,2025-09-04T18:44:11.202484,Description non disponible depuis la recherche,Stock non disponible,ISBN non disponible,Éditeur non disponible,Date non disponible,Nombre de pages non disponible,Rang de vente non disponible,Biographies,70.0,,
Amalia,https://www.amazon.fr/Amalia-Daryl-Delight/dp/1980476705/ref=sr_1_1114,"14,90 €",Daryl Delight,"4,1 sur 5 étoiles, détails de l’évaluation",2 186,Broché,https://m.media-amazon.com/images/I/61b01Xv-V8L._AC_UY218_.jpg,2025-09-04T18:44:11.204955,Description non disponible depuis la recherche,Stock non disponible,ISBN non disponible,Éditeur non disponible,Date non disponible,Nombre de pages non disponible,Rang de vente non disponible,Biographies,70.0,,
"Cité (Métro Paris 2033, Tome 3)",https://www.amazon.fr/Cit%C3%A9-M%C3%A9tro-Paris-2033-3/dp/2253243701/ref=sr_1_1117,"9,90 €",Pierre Bordage,"4,5 sur 5 étoiles, détails de l’évaluation",234,Poche,https://m.media-amazon.com/images/I/613J2BUsCDL._AC_UY218_.jpg,2025-09-04T18:44:11.214711,Description non disponible depuis la recherche,Stock non disponible,ISBN non disponible,Éditeur non disponible,Date non disponible,Nombre de pages non disponible,Rang de vente non disponible,Biographies,70.0,,
Le Trône de fer: Le Trône de fer 1,https://www.amazon.fr/Tr%C3%B4ne-fer/dp/B01CUWTDRG/ref=sr_1_1118,"0,00 €",Livres audio Audible,"4,5 sur 5 étoiles, détails de l’évaluation",1 093,Livres audio Audible,https://m.media-amazon.com/images/I/81fFZE+WMmL._AC_UY218_.jpg,2025-09-04T18:44:11.218136,Description non disponible depuis la recherche,Stock non disponible,ISBN non disponible,Éditeur non disponible,Date non disponible,Nombre de pages non disponible,Rang de vente non disponible,Biographies,70.0,,
La Chronique des Joyaux l'intégrale: Romance fantasy,https://www.amazon.fr/Chronique-Joyaux-lint%C3%A9grale-Romance-fantasy-ebook/dp/B0C1HH9Z8M/ref=sr_1_1119,"38,25 €",Mélanie Dufresne,"4,5 sur 5 étoiles, détails de l’évaluation",237,Format Kindle,https://m.media-amazon.com/images/I/71glCpX20KL._AC_UY218_.jpg,2025-09-04T18:44:11.220216,Description non disponible depuis la recherche,Stock non disponible,ISBN non disponible,Éditeur non disponible,Date non disponible,Nombre de pages non disponible,Rang de vente non disponible,Biographies,70.0,,
Der träumende Krieger – Die Legende vom Tränenvogel 2: Roman (German Edition),https://www.amazon.fr/tr%C3%A4umende-Krieger-Legende-Tr%C3%A4nenvogel-German-ebook/dp/B0CMJ4R2T7/ref=sr_1_1120,"18,44 €","Édition en Allemand | de Young-do Lee, Sun Young Yun, et al. | 10 juillet 2024","4,7 sur 5 étoiles, détails de l’évaluation",77,Format Kindle,https://m.media-amazon.com/images/I/91OCY9JQ56L._AC_UY218_.jpg,2025-09-04T18:44:11.224486,Description non disponible depuis la recherche,Stock non disponible,ISBN non disponible,Éditeur non disponible,Date non disponible,Nombre de pages non disponible,Rang de vente non disponible,Biographies,70.0,,
Card Captor Sakura - Clear Card Arc T16,https://www.amazon.fr/Card-Captor-Sakura-Clear-Arc/dp/2811692126/ref=sr_1_1121,"7,20 €",Clamp,"4,7 sur 5 étoiles, détails de l’évaluation",41,Poche,https://m.media-amazon.com/images/I/81WxXvb2kCL._AC_UY218_.jpg,2025-09-04T18:44:11.226797,Description non disponible depuis la recherche,Stock non disponible,ISBN non disponible,Éditeur non disponible,Date non disponible,Nombre de pages non disponible,Rang de vente non disponible,Biographies,70.0,,
Phobos - tome 04 (4),https://www.amazon.fr/Phobos-4-Victor-Dixen/dp/2266314769/ref=sr_1_1122,"9,50 €",Victor Dixen,"4,6 sur 5 étoiles, détails de l’évaluation",599,Poche,https://m.media-amazon.com/images/I/61WgCUsOzDL._AC_UY218_.jpg,2025-09-04T18:44:11.230205,Description non disponible depuis la recherche,Stock non disponible,ISBN non disponible,Éditeur non disponible,Date non disponible,Nombre de pages non disponible,Rang de vente non disponible,Biographies,70.0,,
Globalia,https://www.amazon.fr/Globalia-Jean-Christophe-Rufin/dp/2070309185/ref=sr_1_1123,"10,50 €",Jean-Christophe Rufin,"4,2 sur 5 étoiles, détails de l’évaluation",344,Poche,https://m.media-amazon.com/images/I/81vt6bDIsbL._AC_UY218_.jpg,2025-09-04T18:44:11.233318,Description non disponible depuis la recherche,Stock non disponible,ISBN non disponible,Éditeur non disponible,Date non disponible,Nombre de pages non disponible,Rang de vente non disponible,Biographies,70.0,,
Le passage,https://www.amazon.fr/Passage-Justin-CRONIN-ebook/dp/B006G1Q79U/ref=sr_1_1124,"13,99 €",Justin Cronin,"4,3 sur 5 étoiles, détails de l’évaluation",472,Format Kindle,https://m.media-amazon.com/images/I/A1IoJVBasqL._AC_UY218_.jpg,2025-09-04T18:44:11.236734,Description non disponible depuis la recherche,Stock non disponible,ISBN non disponible,Éditeur non disponible,Date non disponible,Nombre de pages non disponible,Rang de vente non disponible,Biographies,70.0,,
Le passage,https://www.amazon.fr/Passage-Justin-CRONIN-ebook/dp/B006G1Q79U/ref=sr_1_1123,"13,99 €",Justin Cronin,"4,3 sur 5 étoiles, détails de l’évaluation",472,Format Kindle,https://m.media-amazon.com/images/I/A1IoJVBasqL._AC_UY218_.jpg,2025-09-04T12:01:19.058026,Description non disponible depuis la recherche,Stock non disponible,ISBN non disponible,Éditeur non disponible,Date non disponible,Nombre de pages non disponible,Rang de vente non disponible,Biographies,71.0,,
L'Île du docteur Moreau,https://www.amazon.fr/docteur-Moreau-Herbert-George-Wells/dp/2070401782/ref=sr_1_1124,"8,50 €",Herbert George Wells,"4,4 sur 5 étoiles, détails de l’évaluation",238,Poche,https://m.media-amazon.com/images/I/7104KWr+F2L._AC_UY218_.jpg,2025-09-04T12:01:19.061425,Description non disponible depuis la recherche,Stock non disponible,ISBN non disponible,Éditeur non disponible,Date non disponible,Nombre de pages non disponible,Rang de vente non disponible,Biographies,71.0,,
"Trois Lucioles (La Tour de Garde, Capitale du Sud Tome 2)",https://www.amazon.fr/Trois-Lucioles-Tour-Garde-Capitale/dp/2253103535/ref=sr_1_1125,"9,90 €",Guillaume Chamanadjian,"4,7 sur 5 étoiles, détails de l’évaluation",90,Poche,https://m.media-amazon.com/images/I/71mLmDK2mSL._AC_UY218_.jpg,2025-09-04T12:01:19.064904,Description non disponible depuis la recherche,Stock non disponible,ISBN non disponible,Éditeur non disponible,Date non disponible,Nombre de pages non disponible,Rang de vente non disponible,Biographies,71.0,,
Le Dragon réincarné: La Roue du Temps 3,https://www.amazon.fr/Dragon-r%C3%A9incarn%C3%A9-Roue-Temps/dp/B07T3GL7T8/ref=sr_1_1126,"0,00 €",Livres audio Audible,"4,6 sur 5 étoiles, détails de l’évaluation",545,Livres audio Audible,https://m.media-amazon.com/images/I/81EXVuCGGrL._AC_UY218_.jpg,2025-09-04T12:01:19.068417,Description non disponible depuis la recherche,Stock non disponible,ISBN non disponible,Éditeur non disponible,Date non disponible,Nombre de pages non disponible,Rang de vente non disponible,Biographies,71.0,,
"LE JEU DU KARMA: TOME I ""L'ENTRE DEUX MONDES""",https://www.amazon.fr/JEU-DU-KARMA-LENTRE-MONDES/dp/1976924685/ref=sr_1_1127,"14,99 €",Stephanie ABELLAN,"4,6 sur 5 étoiles, détails de l’évaluation",44,Broché,https://m.media-amazon.com/images/I/61DmzV3NRsL._AC_UY218_.jpg,2025-09-04T12:01:19.070710,Description non disponible depuis la recherche,Stock non disponible,ISBN non disponible,Éditeur non disponible,Date non disponible,Nombre de pages non disponible,Rang de vente non disponible,Biographies,71.0,,
Le Fou et l'Assassin (Tome 4) - Le Retour de l'Assassin,https://www.amazon.fr/Fou-lAssassin-Retour-ebook/dp/B01LB1VRFS/ref=sr_1_1128,"7,99 €",Robin Hobb,"4,7 sur 5 étoiles, détails de l’évaluation",1 119,Format Kindle,https://m.media-amazon.com/images/I/710KjOPQz6L._AC_UY218_.jpg,2025-09-04T12:01:19.074105,Description non disponible depuis la recherche,Stock non disponible,ISBN non disponible,Éditeur non disponible,Date non disponible,Nombre de pages non disponible,Rang de vente non disponible,Biographies,71.0,,
L'Enfer de l'Alpha: Romance paranormale (Les Métamorphes de Grey Ridge t. 2),https://www.amazon.fr/LEnfer-lAlpha-Romance-paranormale-M%C3%A9tamorphes-ebook/dp/B0DRXMW2SG/ref=sr_1_1129,Prix non disponible,Reece Barden,"4,6 sur 5 étoiles, détails de l’évaluation",246,Format Kindle,https://m.media-amazon.com/images/I/81iJWLs6KuL._AC_UY218_.jpg,2025-09-04T12:01:19.076348,Description non disponible depuis la recherche,Stock non disponible,ISBN non disponible,Éditeur non disponible,Date non disponible,Nombre de pages non disponible,Rang de vente non disponible,Biographies,71.0,,
"Mafia: The Old Country – Ultimate Game Mastery Guide: Complete Mission Walkthroughs, Combat Tactics, Secrets, and Collector Tips to Rule 1900s Sicily Like a True Don (English Edition)",https://www.amazon.fr/Mafia-Ultimate-Complete-Walkthroughs-Collector-ebook/dp/B0FK521CWD/ref=sr_1_1130,"6,80 €",Édition en Anglais | de Leroy  C. White | 27 juillet 2025,Note non disponible,0 avis,Format Kindle,https://m.media-amazon.com/images/I/71F-IZOKD0L._AC_UY218_.jpg,2025-09-04T12:01:19.080561,Description non disponible depuis la recherche,Stock non disponible,ISBN non disponible,Éditeur non disponible,Date non disponible,Nombre de pages non disponible,Rang de vente non disponible,Biographies,71.0,,
Demigods Academy - Tome 4 (Cycle 2) - Le fil de la vie,https://www.amazon.fr/Demigods-Academy-Cycle-fil-vie/dp/2017219665/ref=sr_1_1133,"12,90 €",Elisa S. Amore,"4,3 sur 5 étoiles, détails de l’évaluation",8,Broché,https://m.media-amazon.com/images/I/81jcBIFvX3L._AC_UY218_.jpg,2025-09-04T12:01:19.090096,Description non disponible depuis la recherche,Stock non disponible,ISBN non disponible,Éditeur non disponible,Date non disponible,Nombre de pages non disponible,Rang de vente non disponible,Biographies,71.0,,
La magie oubliée (Magic Academy (édition française) t. 1),https://www.amazon.fr/magie-oubli%C3%A9e-Magic-Academy-t-ebook/dp/B09QD73GM4/ref=sr_1_1134,"17,90 €",Jupiter Phaeton,"4,7 sur 5 étoiles, détails de l’évaluation",3 541,Format Kindle,https://m.media-amazon.com/images/I/81hZKd1s4YL._AC_UY218_.jpg,2025-09-04T12:01:19.092986,Description non disponible depuis la recherche,Stock non disponible,ISBN non disponible,Éditeur non disponible,Date non disponible,Nombre de pages non disponible,Rang de vente non disponible,Biographies,71.0,,
La maison des soleils,https://www.amazon.fr/maison-soleils-Alastair-Reynolds/dp/2381631291/ref=sr_1_1135,"24,90 €",Alastair Reynolds,"4,5 sur 5 étoiles, détails de l’évaluation",141,Broché,https://m.media-amazon.com/images/I/81VaiNESxEL._AC_UY218_.jpg,2025-09-04T12:01:19.095900,Description non disponible depuis la recherche,Stock non disponible,ISBN non disponible,Éditeur non disponible,Date non disponible,Nombre de pages non disponible,Rang de vente non disponible,Biographies,71.0,,
L'Académie des Loups - 2ème Trimestre : Le Pacte,https://www.amazon.fr/LAcad%C3%A9mie-Loups-2%C3%A8me-Trimestre-Pacte-ebook/dp/B0FHFPCF88/ref=sr_1_1136,"3,99 €",Jocabel C.CABALLERO,Note non disponible,0 avis,Format Kindle,https://m.media-amazon.com/images/I/91rO-ykuISL._AC_UY218_.jpg,2025-09-04T12:01:19.098019,Description non disponible depuis la recherche,Stock non disponible,ISBN non disponible,Éditeur non disponible,Date non disponible,Nombre de pages non disponible,Rang de vente non disponible,Biographies,71.0,,
The Mercy of Gods: The spectacular new space opera from the master of SF (The Captive's War) (English Edition),https://www.amazon.fr/Mercy-Gods-Book-Captives-English-ebook/dp/B0CN3BNBV4/ref=sr_1_1137,"6,49 €",James S. A. Corey,"4,5 sur 5 étoiles, détails de l’évaluation",9 507,Format Kindle,https://m.media-amazon.com/images/I/81Ujmt3fTiL._AC_UY218_.jpg,2025-09-04T12:01:19.101645,Description non disponible depuis la recherche,Stock non disponible,ISBN non disponible,Éditeur non disponible,Date non disponible,Nombre de pages non disponible,Rang de vente non disponible,Biographies,71.0,,
Les royaumes du Nord: À la croisée des mondes 1,https://www.amazon.fr/royaumes-Nord-%C3%80-crois%C3%A9e-mondes/dp/B01CUX0U18/ref=sr_1_1138,"0,00 €",Livres audio Audible,"4,5 sur 5 étoiles, détails de l’évaluation",1 174,Livres audio Audible,https://m.media-amazon.com/images/I/91MTyyFQVSL._AC_UY218_.jpg,2025-09-04T12:01:19.105196,Description non disponible depuis la recherche,Stock non disponible,ISBN non disponible,Éditeur non disponible,Date non disponible,Nombre de pages non disponible,Rang de vente non disponible,Biographies,71.0,,
La déclaration - Tome 1: L'histoire d'Anna,https://www.amazon.fr/d%C3%A9claration-1-Lhistoire-dAnna/dp/2017202363/ref=sr_1_1139,"6,90 €",Gemma Malley,"4,2 sur 5 étoiles, détails de l’évaluation",67,Poche,https://m.media-amazon.com/images/I/81L-DzmLvNL._AC_UY218_.jpg,2025-09-04T12:01:19.108386,Description non disponible depuis la recherche,Stock non disponible,ISBN non disponible,Éditeur non disponible,Date non disponible,Nombre de pages non disponible,Rang de vente non disponible,Biographies,71.0,,
Once Upon a Demon's Heart,https://www.amazon.fr/Once-Upon-Demons-Heart-Moronova/dp/1963474104/ref=sr_1_1140,"15,40 €",K. M. Moronova,"4,4 sur 5 étoiles, détails de l’évaluation",1 731,Broché,https://m.media-amazon.com/images/I/71SRzqtpzBL._AC_UY218_.jpg,2025-09-04T12:01:19.111691,Description non disponible depuis la recherche,Stock non disponible,ISBN non disponible,Éditeur non disponible,Date non disponible,Nombre de pages non disponible,Rang de vente non disponible,Biographies,71.0,,
L'homme des jeux,https://www.amazon.fr/Lhomme-jeux-Iain-M-Banks/dp/2253071854/ref=sr_1_1139,"9,70 €",Iain M Banks,"4,4 sur 5 étoiles, détails de l’évaluation",150,Poche,https://m.media-amazon.com/images/I/81fOhKH+yjL._AC_UY218_.jpg,2025-09-04T12:01:27.577400,Description non disponible depuis la recherche,Stock non disponible,ISBN non disponible,Éditeur non disponible,Date non disponible,Nombre de pages non disponible,Rang de vente non disponible,Biographies,72.0,,
La voie du coyote (La légende d’Oregon West t. 1),https://www.amazon.fr/voie-coyote-l%C3%A9gende-dOregon-West-ebook/dp/B0F4KD38D8/ref=sr_1_1140,"23,90 €",Émilie Chevallier,"4,4 sur 5 étoiles, détails de l’évaluation",221,Format Kindle,https://m.media-amazon.com/images/I/91J32AcEmhL._AC_UY218_.jpg,2025-09-04T12:01:27.580420,Description non disponible depuis la recherche,Stock non disponible,ISBN non disponible,Éditeur non disponible,Date non disponible,Nombre de pages non disponible,Rang de vente non disponible,Biographies,72.0,,
Plague of Shadows (The Aldoran Chronicles: Book 2) (English Edition),https://www.amazon.fr/Plague-Shadows-Aldoran-Chronicles-English-ebook/dp/B07X9CBMRL/ref=sr_1_1141,"8,99 €",Michael Wisehart,"4,6 sur 5 étoiles, détails de l’évaluation",3 983,Format Kindle,https://m.media-amazon.com/images/I/919co-H2OVL._AC_UY218_.jpg,2025-09-04T12:01:27.583936,Description non disponible depuis la recherche,Stock non disponible,ISBN non disponible,Éditeur non disponible,Date non disponible,Nombre de pages non disponible,Rang de vente non disponible,Biographies,72.0,,
The Disabled Tyrant's Beloved Pet Fish: Canji Baojun De Zhangxin Yu Chong (Novel) Vol. 3,https://www.amazon.fr/Disabled-Tyrants-Beloved-Pet-Fish/dp/B0CXPLLJZ4/ref=sr_1_1142,"18,05 €",Xue Shan Fei Hu,"4,7 sur 5 étoiles, détails de l’évaluation",398,Broché,https://m.media-amazon.com/images/I/91Hxt4vBlQL._AC_UY218_.jpg,2025-09-04T12:01:27.587467,Description non disponible depuis la recherche,Stock non disponible,ISBN non disponible,Éditeur non disponible,Date non disponible,Nombre de pages non disponible,Rang de vente non disponible,Biographies,72.0,,
"Bravoure: Le Livre des Terres Bannies, T2",https://www.amazon.fr/Bravoure-Livre-Terres-Bannies-T2-ebook/dp/B0BZJTD4BN/ref=sr_1_1143,"14,99 €",John Gwynne,"4,6 sur 5 étoiles, détails de l’évaluation",120,Format Kindle,https://m.media-amazon.com/images/I/81gp-jd9x2L._AC_UY218_.jpg,2025-09-04T12:01:27.591181,Description non disponible depuis la recherche,Stock non disponible,ISBN non disponible,Éditeur non disponible,Date non disponible,Nombre de pages non disponible,Rang de vente non disponible,Biographies,72.0,,
The End of the World as We Know It: The instant New York Times bestseller (Aug 2025): New Tales of Stephen King’s The Stand,https://www.amazon.fr/End-World-We-Know-Stephen/dp/1399738674/ref=sr_1_1144,"30,35 €",Christopher Golden,"3,9 sur 5 étoiles, détails de l’évaluation",28,Relié,https://m.media-amazon.com/images/I/81DHFE6Jy8L._AC_UY218_.jpg,2025-09-04T12:01:27.594881,Description non disponible depuis la recherche,Stock non disponible,ISBN non disponible,Éditeur non disponible,Date non disponible,Nombre de pages non disponible,Rang de vente non disponible,Biographies,72.0,,
The Girl in Red: Frissonnez avec cette réécriture sombre et violente du Petit Chaperon rouge.,https://www.amazon.fr/Girl-Red-Frissonnez-r%C3%A9%C3%A9criture-violente/dp/2017896128/ref=sr_1_1145,"19,95 €",Christina Henry,Note non disponible,0 avis,Broché,https://m.media-amazon.com/images/I/71v4GFhd-WL._AC_UY218_.jpg,2025-09-04T12:01:27.597768,Description non disponible depuis la recherche,Stock non disponible,ISBN non disponible,Éditeur non disponible,Date non disponible,Nombre de pages non disponible,Rang de vente non disponible,Biographies,72.0,,
The Entanglement of Rival Wizards,https://www.amazon.fr/Entanglement-Rival-Wizards-Sara-Raasch/dp/1250333237/ref=sr_1_1146,"18,13 €",Sara Raasch,"4,6 sur 5 étoiles, détails de l’évaluation",193,Broché,https://m.media-amazon.com/images/I/81+pX+5+1jL._AC_UY218_.jpg,2025-09-04T12:01:27.601308,Description non disponible depuis la recherche,Stock non disponible,ISBN non disponible,Éditeur non disponible,Date non disponible,Nombre de pages non disponible,Rang de vente non disponible,Biographies,72.0,,
L'Aube brisée (La Frontière éternelle t. 3),https://www.amazon.fr/LAube-bris%C3%A9e-Fronti%C3%A8re-%C3%A9ternelle-t-ebook/dp/B0DQP5JMPH/ref=sr_1_1149,Prix non disponible,Anthony J. Melchiorri,"4,4 sur 5 étoiles, détails de l’évaluation",222,Format Kindle,https://m.media-amazon.com/images/I/810DCHGY1iL._AC_UY218_.jpg,2025-09-04T12:01:27.609351,Description non disponible depuis la recherche,Stock non disponible,ISBN non disponible,Éditeur non disponible,Date non disponible,Nombre de pages non disponible,Rang de vente non disponible,Biographies,72.0,,
Le Roi sur le Seuil (réédition 30 ans),https://www.amazon.fr/Roi-sur-Seuil-r%C3%A9%C3%A9dition-ans/dp/2811213228/ref=sr_1_1150,"8,20 €",David Gemmell,"4,6 sur 5 étoiles, détails de l’évaluation",279,Broché,https://m.media-amazon.com/images/I/814ESVwhBvL._AC_UY218_.jpg,2025-09-04T12:01:27.612686,Description non disponible depuis la recherche,Stock non disponible,ISBN non disponible,Éditeur non disponible,Date non disponible,Nombre de pages non disponible,Rang de vente non disponible,Biographies,72.0,,
Le lien du temps: Tome 1 Les reliques Aetherys,https://www.amazon.fr/lien-temps-reliques-Aetherys/dp/B0F6KVBFB5/ref=sr_1_1151,"20,00 €",Hélèna Ravenwood,"4,7 sur 5 étoiles, détails de l’évaluation",78,Broché,https://m.media-amazon.com/images/I/71Fs+FAsWBL._AC_UY218_.jpg,2025-09-04T12:01:27.615099,Description non disponible depuis la recherche,Stock non disponible,ISBN non disponible,Éditeur non disponible,Date non disponible,Nombre de pages non disponible,Rang de vente non disponible,Biographies,72.0,,
Toilet-bound Hanako-kun T07,https://www.amazon.fr/Toilet-bound-Hanako-kun-T07-AidaIro/dp/2811664262/ref=sr_1_1152,"7,70 €",AidaIro,"4,8 sur 5 étoiles, détails de l’évaluation",163,Poche,https://m.media-amazon.com/images/I/8147FGIkB8L._AC_UY218_.jpg,2025-09-04T12:01:27.617507,Description non disponible depuis la recherche,Stock non disponible,ISBN non disponible,Éditeur non disponible,Date non disponible,Nombre de pages non disponible,Rang de vente non disponible,Biographies,72.0,,
Ignite Me,https://www.amazon.fr/Ignite-Me-Tahereh-Mafi/dp/140529177X/ref=sr_1_1153,"12,12 €",Tahereh Mafi,"4,6 sur 5 étoiles, détails de l’évaluation",20 106,Broché,https://m.media-amazon.com/images/I/81sglXJezgL._AC_UY218_.jpg,2025-09-04T12:01:27.621159,Description non disponible depuis la recherche,Stock non disponible,ISBN non disponible,Éditeur non disponible,Date non disponible,Nombre de pages non disponible,Rang de vente non disponible,Biographies,72.0,,
"Noir Angoisse, Fantastique Du Peut-Être",https://www.amazon.fr/Noir-Angoisse-Fantastique-Du-Peut-%C3%8Atre/dp/2380141096/ref=sr_1_1154,"20,00 €","de Patrice ALLART, ÉDITIONS DE L’ŒIL DU SPHINX, et al. | 21 août 2025",Note non disponible,0 avis,Broché,https://m.media-amazon.com/images/I/51ggPiMZyDL._AC_UY218_.jpg,2025-09-04T12:01:27.624591,Description non disponible depuis la recherche,Stock non disponible,ISBN non disponible,Éditeur non disponible,Date non disponible,Nombre de pages non disponible,Rang de vente non disponible,Biographies,72.0,,
"Shelley - Frankenstein, or the Modern Prometheus. 1831 revised english Edition: A special edition hardcover embossed with silver foil",https://www.amazon.fr/Frankenstein-Modern-Prometheus-revised-english/dp/3730614371/ref=sr_1_1155,"7,89 €",Mary Shelley,"4,7 sur 5 étoiles, détails de l’évaluation",22,Relié,https://m.media-amazon.com/images/I/81GqsPOtn1L._AC_UY218_.jpg,2025-09-04T12:01:27.627634,Description non disponible depuis la recherche,Stock non disponible,ISBN non disponible,Éditeur non disponible,Date non disponible,Nombre de pages non disponible,Rang de vente non disponible,Biographies,72.0,,
Six of Crows - Tome 1,https://www.amazon.fr/Six-Crows-1-Leigh-Bardugo/dp/201626537X/ref=sr_1_1156,"8,90 €",Leigh Bardugo,"4,7 sur 5 étoiles, détails de l’évaluation",757,Poche,https://m.media-amazon.com/images/I/71OSSAhjgNL._AC_UY218_.jpg,2025-09-04T12:01:27.631397,Description non disponible depuis la recherche,Stock non disponible,ISBN non disponible,Éditeur non disponible,Date non disponible,Nombre de pages non disponible,Rang de vente non disponible,Biographies,72.0,,
Orgueil et Préjugés,https://www.amazon.fr/Orgueil-Pr%C3%A9jug%C3%A9s-Jos%C3%A9e-Marcotte/dp/2386900347/ref=sr_1_1155,"22,00 €",Josée Marcotte,Note non disponible,0 avis,Broché,https://m.media-amazon.com/images/I/71BNVH2qoWL._AC_UY218_.jpg,2025-09-04T12:01:38.180308,Description non disponible depuis la recherche,Stock non disponible,ISBN non disponible,Éditeur non disponible,Date non disponible,Nombre de pages non disponible,Rang de vente non disponible,Biographies,73.0,,
Au bord de la guerre (La Frontière éternelle t. 2),https://www.amazon.fr/Au-bord-guerre-Fronti%C3%A8re-%C3%A9ternelle-ebook/dp/B0DQP59ZY9/ref=sr_1_1156,Prix non disponible,Anthony J. Melchiorri,"4,4 sur 5 étoiles, détails de l’évaluation",286,Format Kindle,https://m.media-amazon.com/images/I/81oto8ONkxL._AC_UY218_.jpg,2025-09-04T12:01:38.182242,Description non disponible depuis la recherche,Stock non disponible,ISBN non disponible,Éditeur non disponible,Date non disponible,Nombre de pages non disponible,Rang de vente non disponible,Biographies,73.0,,
L'île de la perte,https://www.amazon.fr/L%C3%AEle-perte-Camille-Carmagnaltro/dp/2754773622/ref=sr_1_1157,"16,90 €",Camille Carmagnaltro,"5,0 sur 5 étoiles, détails de l’évaluation",1,Broché,https://m.media-amazon.com/images/I/81eiXTDFSoL._AC_UY218_.jpg,2025-09-04T12:01:38.184795,Description non disponible depuis la recherche,Stock non disponible,ISBN non disponible,Éditeur non disponible,Date non disponible,Nombre de pages non disponible,Rang de vente non disponible,Biographies,73.0,,
"Blood Song, T1 : La Voix du sang - première partie",https://www.amazon.fr/Blood-Song-T1-premi%C3%A8re-partie/dp/B0B5KLT4HY/ref=sr_1_1158,"8,95 €",Anthony Ryan,"4,6 sur 5 étoiles, détails de l’évaluation",20,Poche,https://m.media-amazon.com/images/I/81+fm6Tfs5L._AC_UY218_.jpg,2025-09-04T12:01:38.186839,Description non disponible depuis la recherche,Stock non disponible,ISBN non disponible,Éditeur non disponible,Date non disponible,Nombre de pages non disponible,Rang de vente non disponible,Biographies,73.0,,
Court toujours - La babysitter - Un huis-clos horrifique à glacer le sang ! - Thriller psychologique pour ados - Audiobook inclus,https://www.amazon.fr/Court-toujours-babysitter-horrifique-psychologique/dp/2095049543/ref=sr_1_1159,"8,00 €",de Aurélie C. Moulin | 3 juillet 2025,"4,0 sur 5 étoiles, détails de l’évaluation",1,Broché,https://m.media-amazon.com/images/I/71CtMyejlUL._AC_UY218_.jpg,2025-09-04T12:01:38.190042,Description non disponible depuis la recherche,Stock non disponible,ISBN non disponible,Éditeur non disponible,Date non disponible,Nombre de pages non disponible,Rang de vente non disponible,Biographies,73.0,,
"Minuit jamais ne vienne: La cour d'Onyx, T1",https://www.amazon.fr/Minuit-jamais-vienne-cour-dOnyx-ebook/dp/B078YC7JMZ/ref=sr_1_1160,"9,99 €",Marie Brennan,"4,1 sur 5 étoiles, détails de l’évaluation",5,Format Kindle,https://m.media-amazon.com/images/I/817PE5YoRbL._AC_UY218_.jpg,2025-09-04T12:01:38.192733,Description non disponible depuis la recherche,Stock non disponible,ISBN non disponible,Éditeur non disponible,Date non disponible,Nombre de pages non disponible,Rang de vente non disponible,Biographies,73.0,,
Toilet-bound Hanako-kun T16,https://www.amazon.fr/Toilet-bound-Hanako-kun-T16-AidaIro/dp/2811680462/ref=sr_1_1161,"7,70 €",AidaIro,"4,9 sur 5 étoiles, détails de l’évaluation",52,Poche,https://m.media-amazon.com/images/I/81q43HkLDeL._AC_UY218_.jpg,2025-09-04T12:01:38.195241,Description non disponible depuis la recherche,Stock non disponible,ISBN non disponible,Éditeur non disponible,Date non disponible,Nombre de pages non disponible,Rang de vente non disponible,Biographies,73.0,,
"La Main gauche de la nuit (Le Livre de Hain, tome 4)",https://www.amazon.fr/Main-gauche-nuit-Ursula-Guin/dp/2253113166/ref=sr_1_1162,"8,90 €",Ursula K. Le Guin,"4,2 sur 5 étoiles, détails de l’évaluation",175,Poche,https://m.media-amazon.com/images/I/81UykS68ujL._AC_UY218_.jpg,2025-09-04T12:01:38.197330,Description non disponible depuis la recherche,Stock non disponible,ISBN non disponible,Éditeur non disponible,Date non disponible,Nombre de pages non disponible,Rang de vente non disponible,Biographies,73.0,,
Prince Of Dogs (English Edition),https://www.amazon.fr/Prince-Dogs-Crown-Stars-English-ebook/dp/B004XCFJD4/ref=sr_1_1165,"3,99 €",Kate Elliott,"4,5 sur 5 étoiles, détails de l’évaluation",389,Format Kindle,https://m.media-amazon.com/images/I/91BWyBgd5AL._AC_UY218_.jpg,2025-09-04T12:01:38.206959,Description non disponible depuis la recherche,Stock non disponible,ISBN non disponible,Éditeur non disponible,Date non disponible,Nombre de pages non disponible,Rang de vente non disponible,Biographies,73.0,,
My Haven (Bewitched And Bewildered Book 16) (English Edition),https://www.amazon.fr/Haven-Bewitched-Bewildered-Book-English-ebook/dp/B0FBYMJZMS/ref=sr_1_1166,"6,00 €",Alanea Alder,"4,8 sur 5 étoiles, détails de l’évaluation",1 208,Format Kindle,https://m.media-amazon.com/images/I/81ZVBBaZAwL._AC_UY218_.jpg,2025-09-04T12:01:38.208830,Description non disponible depuis la recherche,Stock non disponible,ISBN non disponible,Éditeur non disponible,Date non disponible,Nombre de pages non disponible,Rang de vente non disponible,Biographies,73.0,,
Le dernier éclat des cieux,https://www.amazon.fr/dernier-%C3%A9clat-cieux-Jonathan-Marchal/dp/B0FKG2KMCQ/ref=sr_1_1167,"13,50 €",de Jonathan Marchal | 28 juillet 2025,Note non disponible,0 avis,Broché,https://m.media-amazon.com/images/I/71lDDOnfkbL._AC_UY218_.jpg,2025-09-04T12:01:38.211332,Description non disponible depuis la recherche,Stock non disponible,ISBN non disponible,Éditeur non disponible,Date non disponible,Nombre de pages non disponible,Rang de vente non disponible,Biographies,73.0,,
Grimoire Villains Tome 2,https://www.amazon.fr/Grimoire-Villains-2-Serena-Valentino/dp/2017283355/ref=sr_1_1168,"70,00 €",Serena Valentino,Note non disponible,0 avis,Reliure en cuir,https://m.media-amazon.com/images/I/01PkLIhTX3L._AC_UY218_.gif,2025-09-04T12:01:38.213523,Description non disponible depuis la recherche,Stock non disponible,ISBN non disponible,Éditeur non disponible,Date non disponible,Nombre de pages non disponible,Rang de vente non disponible,Biographies,73.0,,
De fièvre et de sang : Prix Ciné+Thriller et prix Polar du Festival de Cognac (Noir),https://www.amazon.fr/fi%C3%A8vre-sang-Thriller-Festival-Cognac-ebook/dp/B0CSDPMW1G/ref=sr_1_1169,"9,40 €",Cédric Sire,"4,2 sur 5 étoiles, détails de l’évaluation",1 485,Format Kindle,https://m.media-amazon.com/images/I/71SLMezWVvL._AC_UY218_.jpg,2025-09-04T12:01:38.215737,Description non disponible depuis la recherche,Stock non disponible,ISBN non disponible,Éditeur non disponible,Date non disponible,Nombre de pages non disponible,Rang de vente non disponible,Biographies,73.0,,
Bob Morane - Le Démon Solitaire: Tome 044,https://www.amazon.fr/Bob-Morane-D%C3%A9mon-Solitaire-044/dp/B0FNJNHSK5/ref=sr_1_1170,"14,88 €","de Henri Vernes, Les Editions Ananke, et al. | 22 août 2025","5,0 sur 5 étoiles, détails de l’évaluation",1,Broché,https://m.media-amazon.com/images/I/71A87Cpq1vL._AC_UY218_.jpg,2025-09-04T12:01:38.218573,Description non disponible depuis la recherche,Stock non disponible,ISBN non disponible,Éditeur non disponible,Date non disponible,Nombre de pages non disponible,Rang de vente non disponible,Biographies,73.0,,
Wicked - Tome 03 Bravoure (relié collector),https://www.amazon.fr/Wicked-03-Bravoure-reli%C3%A9-collector/dp/238566139X/ref=sr_1_1171,"26,90 €",Jennifer L. Armentrout,"4,6 sur 5 étoiles, détails de l’évaluation",58,Relié,https://m.media-amazon.com/images/I/61o3cAt-7mL._AC_UY218_.jpg,2025-09-04T12:01:38.221730,Description non disponible depuis la recherche,Stock non disponible,ISBN non disponible,Éditeur non disponible,Date non disponible,Nombre de pages non disponible,Rang de vente non disponible,Biographies,73.0,,
"Sorceleur (Witcher) - Poche, T8 : La Saison des orages (traduction révisée)",https://www.amazon.fr/Sorceleur-Witcher-Saison-traduction-r%C3%A9vis%C3%A9e/dp/B0DSKHN8HR/ref=sr_1_1172,"9,95 €",Andrzej Sapkowski,"4,6 sur 5 étoiles, détails de l’évaluation",55,Poche,https://m.media-amazon.com/images/I/81irjEgCbNL._AC_UY218_.jpg,2025-09-04T12:01:38.223814,Description non disponible depuis la recherche,Stock non disponible,ISBN non disponible,Éditeur non disponible,Date non disponible,Nombre de pages non disponible,Rang de vente non disponible,Biographies,73.0,,
La Légende de Marche-Mort (réédition 30 ans),https://www.amazon.fr/L%C3%A9gende-Marche-Mort-r%C3%A9%C3%A9dition-30-ans/dp/2811214399/ref=sr_1_1171,"9,95 €",David Gemmell,"4,5 sur 5 étoiles, détails de l’évaluation",531,Broché,https://m.media-amazon.com/images/I/81wixp2+HUL._AC_UY218_.jpg,2025-09-04T12:01:49.111019,Description non disponible depuis la recherche,Stock non disponible,ISBN non disponible,Éditeur non disponible,Date non disponible,Nombre de pages non disponible,Rang de vente non disponible,Biographies,74.0,,
Le Soldat chamane: L'intégrale (3),https://www.amazon.fr/Soldat-chamane-Int%C3%A9grale-3/dp/2290085960/ref=sr_1_1172,"18,50 €",Robin Hobb,"4,7 sur 5 étoiles, détails de l’évaluation",72,Broché,https://m.media-amazon.com/images/I/61aGq1yVYxL._AC_UY218_.jpg,2025-09-04T12:01:49.113233,Description non disponible depuis la recherche,Stock non disponible,ISBN non disponible,Éditeur non disponible,Date non disponible,Nombre de pages non disponible,Rang de vente non disponible,Biographies,74.0,,
La Poursuite: Romance Paranormale (Les Métamorphes de Grey Ridge t. 5),https://www.amazon.fr/Poursuite-Romance-Paranormale-M%C3%A9tamorphes-Ridge-ebook/dp/B0F4KND1LG/ref=sr_1_1173,Prix non disponible,Reece Barden,"4,6 sur 5 étoiles, détails de l’évaluation",253,Format Kindle,https://m.media-amazon.com/images/I/81fJXCSdx8L._AC_UY218_.jpg,2025-09-04T12:01:49.115280,Description non disponible depuis la recherche,Stock non disponible,ISBN non disponible,Éditeur non disponible,Date non disponible,Nombre de pages non disponible,Rang de vente non disponible,Biographies,74.0,,
"Libration: Les Voyageurs, T2",https://www.amazon.fr/Libration-Becky-Chambers-ebook/dp/B0727R99FB/ref=sr_1_1174,"6,99 €",Becky Chambers,"4,4 sur 5 étoiles, détails de l’évaluation",435,Format Kindle,https://m.media-amazon.com/images/I/71s7Qq1uVLL._AC_UY218_.jpg,2025-09-04T12:01:49.118537,Description non disponible depuis la recherche,Stock non disponible,ISBN non disponible,Éditeur non disponible,Date non disponible,Nombre de pages non disponible,Rang de vente non disponible,Biographies,74.0,,
Gods of Men - Livre 1,https://www.amazon.fr/Gods-Men-Livre-Barbara-Kloss-ebook/dp/B087V5BY2R/ref=sr_1_1175,"8,49 €",Barbara Kloss,"4,6 sur 5 étoiles, détails de l’évaluation",274,Format Kindle,https://m.media-amazon.com/images/I/91i0N+Zed2L._AC_UY218_.jpg,2025-09-04T12:01:49.121179,Description non disponible depuis la recherche,Stock non disponible,ISBN non disponible,Éditeur non disponible,Date non disponible,Nombre de pages non disponible,Rang de vente non disponible,Biographies,74.0,,
Toilet-bound Hanako-kun T02,https://www.amazon.fr/Toilet-bound-Hanako-kun-T02-AidaIro/dp/281166372X/ref=sr_1_1176,"3,00 €",AidaIro,"4,8 sur 5 étoiles, détails de l’évaluation",263,Poche,https://m.media-amazon.com/images/I/81BtVTsYHTL._AC_UY218_.jpg,2025-09-04T12:01:49.123687,Description non disponible depuis la recherche,Stock non disponible,ISBN non disponible,Éditeur non disponible,Date non disponible,Nombre de pages non disponible,Rang de vente non disponible,Biographies,74.0,,
La Guerre des mondes,https://www.amazon.fr/Guerre-mondes-Herbert-George-Wells/dp/2070308553/ref=sr_1_1177,"9,00 €","de Herbert George Wells, Norman Spinrad, et al. | 9 juin 2005","4,4 sur 5 étoiles, détails de l’évaluation",567,Poche,https://m.media-amazon.com/images/I/71f6pWTTPmL._AC_UY218_.jpg,2025-09-04T12:01:49.128227,Description non disponible depuis la recherche,Stock non disponible,ISBN non disponible,Éditeur non disponible,Date non disponible,Nombre de pages non disponible,Rang de vente non disponible,Biographies,74.0,,
"In the Veins of the Drowning: An ‘atmospheric and evocative’ (Rachel Gillig) dark romantasy debut, out now! (English Edition)",https://www.amazon.fr/Veins-Drowning-atmospheric-evocative-romantasy-ebook/dp/B0DV3NFZGG/ref=sr_1_1178,"0,99 €",Kalie Cassidy,"4,3 sur 5 étoiles, détails de l’évaluation",1 493,Format Kindle,https://m.media-amazon.com/images/I/91hzr2YSj5L._AC_UY218_.jpg,2025-09-04T12:01:49.132038,Description non disponible depuis la recherche,Stock non disponible,ISBN non disponible,Éditeur non disponible,Date non disponible,Nombre de pages non disponible,Rang de vente non disponible,Biographies,74.0,,
La Rêve - Chroniques des Derniers Hommes : Version Augmentée,https://www.amazon.fr/R%C3%AAve-Chroniques-Derniers-Version-Augment%C3%A9e-ebook/dp/B0FM5PBP99/ref=sr_1_1181,"21,90 €",Denis Saint-Jean,Note non disponible,0 avis,Format Kindle,https://m.media-amazon.com/images/I/81GA8cUdMbL._AC_UY218_.jpg,2025-09-04T12:01:49.140478,Description non disponible depuis la recherche,Stock non disponible,ISBN non disponible,Éditeur non disponible,Date non disponible,Nombre de pages non disponible,Rang de vente non disponible,Biographies,74.0,,
À plein régime (Le gambit kurthérien™ t. 19),https://www.amazon.fr/plein-r%C3%A9gime-gambit-kurth%C3%A9rienTM-t-ebook/dp/B0DD5XCC2G/ref=sr_1_1182,"15,81 €",Michael  Anderle,"4,1 sur 5 étoiles, détails de l’évaluation",13,Format Kindle,https://m.media-amazon.com/images/I/814BUKSb3gL._AC_UY218_.jpg,2025-09-04T12:01:49.142627,Description non disponible depuis la recherche,Stock non disponible,ISBN non disponible,Éditeur non disponible,Date non disponible,Nombre de pages non disponible,Rang de vente non disponible,Biographies,74.0,,
Elohim au Royaume des Merveilles: Voyage initiatique vers la maîtrise de l’esprit et l’éveil spirituel (de l’Homme à Dieu),https://www.amazon.fr/Elohim-Royaume-Merveilles-initiatique-spirituel/dp/B0DVZ3HZL9/ref=sr_1_1183,"10,54 €",Elohim,"4,6 sur 5 étoiles, détails de l’évaluation",29,Broché,https://m.media-amazon.com/images/I/718Z1FE9a8L._AC_UY218_.jpg,2025-09-04T12:01:49.144867,Description non disponible depuis la recherche,Stock non disponible,ISBN non disponible,Éditeur non disponible,Date non disponible,Nombre de pages non disponible,Rang de vente non disponible,Biographies,74.0,,
La Citadelle des Ombres - L'Intégrale 3 (Tomes 7 à 9) - L'incomparable saga de l'Assassin royal: Le Prophète blanc - La Secte maudite - Les Secrets de Castelcerf,https://www.amazon.fr/Citadelle-Ombres-LInt%C3%A9grale-Lincomparable-Castelcerf-ebook/dp/B01G763U2A/ref=sr_1_1184,"14,99 €",Robin Hobb,"4,6 sur 5 étoiles, détails de l’évaluation",638,Format Kindle,https://m.media-amazon.com/images/I/71Y0JT+84+L._AC_UY218_.jpg,2025-09-04T12:01:49.147513,Description non disponible depuis la recherche,Stock non disponible,ISBN non disponible,Éditeur non disponible,Date non disponible,Nombre de pages non disponible,Rang de vente non disponible,Biographies,74.0,,
Le grand magasin des rêves: Tome 2,https://www.amazon.fr/grand-magasin-r%C3%AAves-2/dp/2809717168/ref=sr_1_1185,"22,00 €","de Mi-ye Lee, Kyungran Choi, et al. | 22 août 2025",Note non disponible,0 avis,Broché,https://m.media-amazon.com/images/I/61GKs4DrF5L._AC_UY218_.jpg,2025-09-04T12:01:49.151174,Description non disponible depuis la recherche,Stock non disponible,ISBN non disponible,Éditeur non disponible,Date non disponible,Nombre de pages non disponible,Rang de vente non disponible,Biographies,74.0,,
Le Necronomicon,https://www.amazon.fr/Necronomicon-H-P-Lovecraft/dp/2842283406/ref=sr_1_1186,"18,00 €",H. P. Lovecraft,"4,2 sur 5 étoiles, détails de l’évaluation",226,Relié,https://m.media-amazon.com/images/I/71omWcA9z4L._AC_UY218_.jpg,2025-09-04T12:01:49.154213,Description non disponible depuis la recherche,Stock non disponible,ISBN non disponible,Éditeur non disponible,Date non disponible,Nombre de pages non disponible,Rang de vente non disponible,Biographies,74.0,,
Prince Captif : Prince Captif Tome 3 - Le Roi,https://www.amazon.fr/Roi-Prince-Captif-T2-ebook/dp/B0B1VWS4VW/ref=sr_1_1187,"7,99 €",C.S. Pacat,"4,7 sur 5 étoiles, détails de l’évaluation",590,Format Kindle,https://m.media-amazon.com/images/I/81Wp9mGePSL._AC_UY218_.jpg,2025-09-04T12:01:49.157682,Description non disponible depuis la recherche,Stock non disponible,ISBN non disponible,Éditeur non disponible,Date non disponible,Nombre de pages non disponible,Rang de vente non disponible,Biographies,74.0,,
When the Moon Hatched,https://www.amazon.fr/When-Moon-Hatched-Sarah-Parker/dp/0008710260/ref=sr_1_1188,"12,12 €",Sarah A. Parker,"4,4 sur 5 étoiles, détails de l’évaluation",47 074,Broché,https://m.media-amazon.com/images/I/81YUF8-901L._AC_UY218_.jpg,2025-09-04T12:01:49.161463,Description non disponible depuis la recherche,Stock non disponible,ISBN non disponible,Éditeur non disponible,Date non disponible,Nombre de pages non disponible,Rang de vente non disponible,Biographies,74.0,,
"Under the Oak Tree, Vol. 2 (novel): The New York Times bestselling fantasy romance sensation",https://www.amazon.fr/Under-Oak-Tree-Vol-novel/dp/1911720252/ref=sr_1_1187,"29,18 €",Suji Kim,Note non disponible,0 avis,Relié,https://m.media-amazon.com/images/I/81fnn+vRHIL._AC_UY218_.jpg,2025-09-04T12:01:58.422848,Description non disponible depuis la recherche,Stock non disponible,ISBN non disponible,Éditeur non disponible,Date non disponible,Nombre de pages non disponible,Rang de vente non disponible,Biographies,75.0,,
By the Horns,https://www.amazon.fr/Horns-Ruby-Dixon/dp/0593817052/ref=sr_1_1188,"24,87 €",Ruby Dixon,Note non disponible,0 avis,Relié,https://m.media-amazon.com/images/I/81WW0RnKwfL._AC_UY218_.jpg,2025-09-04T12:01:58.427411,Description non disponible depuis la recherche,Stock non disponible,ISBN non disponible,Éditeur non disponible,Date non disponible,Nombre de pages non disponible,Rang de vente non disponible,Biographies,75.0,,
L'Univers du Sorceleur (Witcher) : Manuel du Sorceleur,https://www.amazon.fr/LUnivers-Sorceleur-Witcher-Manuel/dp/B0BXKPXVSL/ref=sr_1_1189,"30,00 €",Andrzej Sapkowski,"4,7 sur 5 étoiles, détails de l’évaluation",42,Relié,https://m.media-amazon.com/images/I/81YaTmCGSUL._AC_UY218_.jpg,2025-09-04T12:01:58.430234,Description non disponible depuis la recherche,Stock non disponible,ISBN non disponible,Éditeur non disponible,Date non disponible,Nombre de pages non disponible,Rang de vente non disponible,Biographies,75.0,,
The Lord of the Rings: The Classic Bestselling Fantasy Novel (English Edition),https://www.amazon.fr/Lord-Rings-English-J-Tolkien-ebook/dp/B093KH5GSS/ref=sr_1_1190,"6,29 €",J. R. R. Tolkien,"4,8 sur 5 étoiles, détails de l’évaluation",7 028,Format Kindle,https://m.media-amazon.com/images/I/81y95S3U4LS._AC_UY218_.jpg,2025-09-04T12:01:58.434100,Description non disponible depuis la recherche,Stock non disponible,ISBN non disponible,Éditeur non disponible,Date non disponible,Nombre de pages non disponible,Rang de vente non disponible,Biographies,75.0,,
The Prison Healer - Tome 2 - The Gilded Cage: La princesse rebelle,https://www.amazon.fr/Prison-Healer-Gilded-princesse-rebelle/dp/2017297801/ref=sr_1_1191,"8,90 €",Lynette Noni,"4,6 sur 5 étoiles, détails de l’évaluation",171,Poche,https://m.media-amazon.com/images/I/81iITMzKDpL._AC_UY218_.jpg,2025-09-04T12:01:58.437483,Description non disponible depuis la recherche,Stock non disponible,ISBN non disponible,Éditeur non disponible,Date non disponible,Nombre de pages non disponible,Rang de vente non disponible,Biographies,75.0,,
"House of Earth and Blood: The first book in the SENSATIONAL Crescent City series, from the creator of ACOTAR",https://www.amazon.fr/House-Earth-Blood-multi-million-bestselling/dp/1526663554/ref=sr_1_1192,"12,12 €",Sarah J. Maas,"4,7 sur 5 étoiles, détails de l’évaluation",135 333,Broché,https://m.media-amazon.com/images/I/91sTEyEWKsL._AC_UY218_.jpg,2025-09-04T12:01:58.441006,Description non disponible depuis la recherche,Stock non disponible,ISBN non disponible,Éditeur non disponible,Date non disponible,Nombre de pages non disponible,Rang de vente non disponible,Biographies,75.0,,
Ice Planet Barbarians - T7 - Barbarian's Touch (édition française),https://www.amazon.fr/Ice-Planet-Barbarians-%C3%A9dition-fran%C3%A7aise-ebook/dp/B0F9L12RB1/ref=sr_1_1193,"7,99 €",Ruby Dixon,"4,6 sur 5 étoiles, détails de l’évaluation",27,Format Kindle,https://m.media-amazon.com/images/I/81feg4CTSDL._AC_UY218_.jpg,2025-09-04T12:01:58.442714,Description non disponible depuis la recherche,Stock non disponible,ISBN non disponible,Éditeur non disponible,Date non disponible,Nombre de pages non disponible,Rang de vente non disponible,Biographies,75.0,,
L'Âme Vagabonde: Le jeu de la Dame,https://www.amazon.fr/L%C3%82me-Vagabonde-Dame-R-Vidard/dp/2959921410/ref=sr_1_1194,"29,53 €",A.R. Vidard,"5,0 sur 5 étoiles, détails de l’évaluation",9,Relié,https://m.media-amazon.com/images/I/51o7Nrf94ZL._AC_UY218_.jpg,2025-09-04T12:01:58.445348,Description non disponible depuis la recherche,Stock non disponible,ISBN non disponible,Éditeur non disponible,Date non disponible,Nombre de pages non disponible,Rang de vente non disponible,Biographies,75.0,,
"Blood Song, T5 : La Reine de feu - première partie",https://www.amazon.fr/Blood-Song-T5-premi%C3%A8re-partie/dp/B0BRS4GMT3/ref=sr_1_1197,"9,95 €",Anthony Ryan,"4,8 sur 5 étoiles, détails de l’évaluation",16,Poche,https://m.media-amazon.com/images/I/914ePE4bsNL._AC_UY218_.jpg,2025-09-04T12:01:58.453367,Description non disponible depuis la recherche,Stock non disponible,ISBN non disponible,Éditeur non disponible,Date non disponible,Nombre de pages non disponible,Rang de vente non disponible,Biographies,75.0,,
Lazarus : Le Fil de l'Hostilité,https://www.amazon.fr/Lazarus-Fil-lHostilit%C3%A9-Gary-Kloster/dp/1804078093/ref=sr_1_1198,"16,00 €",Gary Kloster,"4,4 sur 5 étoiles, détails de l’évaluation",31,Broché,https://m.media-amazon.com/images/I/81RlyO+821L._AC_UY218_.jpg,2025-09-04T12:01:58.455919,Description non disponible depuis la recherche,Stock non disponible,ISBN non disponible,Éditeur non disponible,Date non disponible,Nombre de pages non disponible,Rang de vente non disponible,Biographies,75.0,,
L’appel des anges - Tome 1: Morceaux de papier,https://www.amazon.fr/Lappel-anges-1-Morceaux-papier-ebook/dp/B0C3DCWWQL/ref=sr_1_1199,"22,10 €",de Anthony Boehm Belin | 24 avril 2023,Note non disponible,0 avis,Format Kindle,https://m.media-amazon.com/images/I/81gZhO9Y7kL._AC_UY218_.jpg,2025-09-04T12:01:58.458596,Description non disponible depuis la recherche,Stock non disponible,ISBN non disponible,Éditeur non disponible,Date non disponible,Nombre de pages non disponible,Rang de vente non disponible,Biographies,75.0,,
Les Filles du Bûcher T2 - Le prix n'est jamais trop élevé: Collection Sous les Ombres,https://www.amazon.fr/Filles-B%C3%BBcher-prix-jamais-%C3%A9lev%C3%A9-ebook/dp/B09KPLNPK3/ref=sr_1_1200,"27,00 €",Carole Schiaratura,"4,1 sur 5 étoiles, détails de l’évaluation",14,Format Kindle,https://m.media-amazon.com/images/I/8155P+5q-ZL._AC_UY218_.jpg,2025-09-04T12:01:58.461312,Description non disponible depuis la recherche,Stock non disponible,ISBN non disponible,Éditeur non disponible,Date non disponible,Nombre de pages non disponible,Rang de vente non disponible,Biographies,75.0,,
Une couronne pour la liberté : Tome 2 : Un destin à feu et à sang,https://www.amazon.fr/Une-couronne-pour-libert%C3%A9-destin-ebook/dp/B0BL219P25/ref=sr_1_1201,"16,00 €",Laëtitia  Seguin,"4,3 sur 5 étoiles, détails de l’évaluation",79,Format Kindle,https://m.media-amazon.com/images/I/91iSo7kZA9L._AC_UY218_.jpg,2025-09-04T12:01:58.463234,Description non disponible depuis la recherche,Stock non disponible,ISBN non disponible,Éditeur non disponible,Date non disponible,Nombre de pages non disponible,Rang de vente non disponible,Biographies,75.0,,
A Game of Thrones: The Story Continues [Export only]: The Complete Boxset of All 6 Books,https://www.amazon.fr/Game-Thrones-Continues-Export-Complete/dp/0007477163/ref=sr_1_1202,"48,53 €",George R. R. Martin,"4,6 sur 5 étoiles, détails de l’évaluation",384,Broché,https://m.media-amazon.com/images/I/71d+keYzz+L._AC_UY218_.jpg,2025-09-04T12:01:58.465403,Description non disponible depuis la recherche,Stock non disponible,ISBN non disponible,Éditeur non disponible,Date non disponible,Nombre de pages non disponible,Rang de vente non disponible,Biographies,75.0,,
Toilet-bound Hanako-kun T13,https://www.amazon.fr/Toilet-bound-Hanako-kun-T13-AidaIro/dp/2811664327/ref=sr_1_1203,"7,70 €",AidaIro,"4,9 sur 5 étoiles, détails de l’évaluation",63,Poche,https://m.media-amazon.com/images/I/81I7TXPVN7L._AC_UY218_.jpg,2025-09-04T12:01:58.467861,Description non disponible depuis la recherche,Stock non disponible,ISBN non disponible,Éditeur non disponible,Date non disponible,Nombre de pages non disponible,Rang de vente non disponible,Biographies,75.0,,
Malice: Le Livre des Terres Bannies 1,https://www.amazon.fr/Malice-Livre-Terres-Bannies-1/dp/B0D2HDVD41/ref=sr_1_1204,"0,00 €",Livres audio Audible,"4,6 sur 5 étoiles, détails de l’évaluation",143,Livres audio Audible,https://m.media-amazon.com/images/I/81FLcBHKYpL._AC_UY218_.jpg,2025-09-04T12:01:58.471119,Description non disponible depuis la recherche,Stock non disponible,ISBN non disponible,Éditeur non disponible,Date non disponible,Nombre de pages non disponible,Rang de vente non disponible,Biographies,75.0,,
COFFRET SEIGNEUR DES ANNEAUX 3V,https://www.amazon.fr/COFFRET-SEIGNEUR-ANNEAUX-3V-Tolkien/dp/2075174768/ref=sr_1_19,"29,40 €",J. R. R. Tolkien,"4,6 sur 5 étoiles, détails de l’évaluation",265,Poche,https://m.media-amazon.com/images/I/91ewcImxTwL._AC_UY218_.jpg,2025-09-04T18:32:28.853965,Description non disponible depuis la recherche,Stock non disponible,ISBN non disponible,Éditeur non disponible,Date non disponible,Nombre de pages non disponible,Rang de vente non disponible,Biographies,2.0,,
La Société très secrète des Sorcières extraordinaires,https://www.amazon.fr/Soci%C3%A9t%C3%A9-tr%C3%A8s-secr%C3%A8te-Sorci%C3%A8res-extraordinaires/dp/2371024139/ref=sr_1_20,"17,00 €",Sangu Mandanna,"4,5 sur 5 étoiles, détails de l’évaluation",403,Broché,https://m.media-amazon.com/images/I/7171OiHytfL._AC_UY218_.jpg,2025-09-04T18:32:28.857028,Description non disponible depuis la recherche,Stock non disponible,ISBN non disponible,Éditeur non disponible,Date non disponible,Nombre de pages non disponible,Rang de vente non disponible,Biographies,2.0,,
Mémoires de la chair et du sang (relié collector) - Tome 5.5 Le Sang et la Cendre (5.5),https://www.amazon.fr/M%C3%A9moires-chair-sang-reli%C3%A9-collector/dp/2378767625/ref=sr_1_21,"29,90 €",de Jennifer L. Armentrout et Paola Appelius | 18 septembre 2025,Note non disponible,0 avis,Relié,https://m.media-amazon.com/images/I/61NhexpJ7jL._AC_UY218_.jpg,2025-09-04T18:32:28.860543,Description non disponible depuis la recherche,Stock non disponible,ISBN non disponible,Éditeur non disponible,Date non disponible,Nombre de pages non disponible,Rang de vente non disponible,Biographies,2.0,,
"Lord of Mysteries, Vol. 1",https://www.amazon.fr/Lord-Mysteries-Cuttlefish-Loves-Diving/dp/B0DQKLC79Z/ref=sr_1_22,"18,14 €",Cuttlefish That Loves Diving,"4,3 sur 5 étoiles, détails de l’évaluation",207,Broché,https://m.media-amazon.com/images/I/81BKBqWOY6L._AC_UY218_.jpg,2025-09-04T18:32:28.863120,Description non disponible depuis la recherche,Stock non disponible,ISBN non disponible,Éditeur non disponible,Date non disponible,Nombre de pages non disponible,Rang de vente non disponible,Biographies,2.0,,
LES DERNIERS ADOS SUR TERRE: Un Roman Illustré d'Aventure et de Zombies ! Livre pour Garçon et Fille de 12 à 17 ans,https://www.amazon.fr/DERNIERS-ADOS-SUR-TERRE-dAventure/dp/B0F74VNN7C/ref=sr_1_23,"14,90 €",Vincent Polta,"4,9 sur 5 étoiles, détails de l’évaluation",18,Broché,https://m.media-amazon.com/images/I/71kcDi2vsZL._AC_UY218_.jpg,2025-09-04T18:32:28.865290,Description non disponible depuis la recherche,Stock non disponible,ISBN non disponible,Éditeur non disponible,Date non disponible,Nombre de pages non disponible,Rang de vente non disponible,Biographies,2.0,,
"La Saga des sans-destin, T2 : Un sort gravé dans les os (édition reliée)",https://www.amazon.fr/Saga-sans-destin-T2-%C3%A9dition-reli%C3%A9e/dp/B0F329QTBS/ref=sr_1_24,"28,00 €",Danielle L. Jensen,"5,0 sur 5 étoiles, détails de l’évaluation",3,Relié,https://m.media-amazon.com/images/I/71NtXcBqa4L._AC_UY218_.jpg,2025-09-04T18:32:28.869065,Description non disponible depuis la recherche,Stock non disponible,ISBN non disponible,Éditeur non disponible,Date non disponible,Nombre de pages non disponible,Rang de vente non disponible,Biographies,2.0,,
Le Roi dragon Tome 1 Le Prince déchu,https://www.amazon.fr/Roi-dragon-Prince-d%C3%A9chu-ebook/dp/B0B1VJWDS4/ref=sr_1_25,"23,00 €",Lydiane Arnoult,"4,4 sur 5 étoiles, détails de l’évaluation",50,Format Kindle,https://m.media-amazon.com/images/I/81S1hGMH7KL._AC_UY218_.jpg,2025-09-04T18:32:28.871411,Description non disponible depuis la recherche,Stock non disponible,ISBN non disponible,Éditeur non disponible,Date non disponible,Nombre de pages non disponible,Rang de vente non disponible,Biographies,2.0,,
"En route vers ... la Puberté: Livre pour enfants pré ados sur la puberté des filles de 9 ans à 13 ans : Histoires inspirantes, questions réponses + guide + défis + quiz et jeux",https://www.amazon.fr/route-vers-Pubert%C3%A9-Histoires-inspirantes/dp/B0F8453TZT/ref=sr_1_26,"13,98 €",Éditions Hisaé,"5,0 sur 5 étoiles, détails de l’évaluation",6,Broché,https://m.media-amazon.com/images/I/61fA5KKkmOL._AC_UY218_.jpg,2025-09-04T18:32:28.873642,Description non disponible depuis la recherche,Stock non disponible,ISBN non disponible,Éditeur non disponible,Date non disponible,Nombre de pages non disponible,Rang de vente non disponible,Biographies,2.0,,
Un palais de colère et de brume: Un palais d'épines et de rose 2,https://www.amazon.fr/palais-col%C3%A8re-brume-d%C3%A9pines-rose/dp/B0C4TQZSS5/ref=sr_1_29,"0,00 €",Livres audio Audible,"4,8 sur 5 étoiles, détails de l’évaluation",5 599,Livres audio Audible,https://m.media-amazon.com/images/I/81DzivWncIL._AC_UY218_.jpg,2025-09-04T18:32:28.882782,Description non disponible depuis la recherche,Stock non disponible,ISBN non disponible,Éditeur non disponible,Date non disponible,Nombre de pages non disponible,Rang de vente non disponible,Biographies,2.0,,
Humanimal - tome 2 - La Prophétie oubliée,https://www.amazon.fr/Humanimal-Proph%C3%A9tie-oubli%C3%A9e-Emy-Letertre/dp/2226488731/ref=sr_1_30,"17,90 €",Emy Letertre,"5,0 sur 5 étoiles, détails de l’évaluation",4,Broché,https://m.media-amazon.com/images/I/71DfuM45yQL._AC_UY218_.jpg,2025-09-04T18:32:28.885426,Description non disponible depuis la recherche,Stock non disponible,ISBN non disponible,Éditeur non disponible,Date non disponible,Nombre de pages non disponible,Rang de vente non disponible,Biographies,2.0,,
Conte de fées,https://www.amazon.fr/Conte-f%C3%A9es-Stephen-King/dp/2253909130/ref=sr_1_32,"12,90 €",Stephen King,"4,5 sur 5 étoiles, détails de l’évaluation",1 639,Poche,https://m.media-amazon.com/images/I/71IwgsvLGPL._AC_UY218_.jpg,2025-09-04T18:32:28.891446,Description non disponible depuis la recherche,Stock non disponible,ISBN non disponible,Éditeur non disponible,Date non disponible,Nombre de pages non disponible,Rang de vente non disponible,Biographies,2.0,,
Cahier de Texte 2025 2026: Carnet de Devoirs et Leçons Idéal pour les Garçons et Filles en Primaire | Cahier Scolaire Hebdomadaire,https://www.amazon.fr/Cahier-Texte-2025-2026-Hebdomadaire/dp/B0FMRFQRGR/ref=sr_1_33,"14,77 €",de Bubu Pipi | 13 août 2025,Note non disponible,0 avis,Broché,https://m.media-amazon.com/images/I/712-VVkplXL._AC_UY218_.jpg,2025-09-04T18:32:28.893816,Description non disponible depuis la recherche,Stock non disponible,ISBN non disponible,Éditeur non disponible,Date non disponible,Nombre de pages non disponible,Rang de vente non disponible,Biographies,2.0,,
Le Hobbit - Collector,https://www.amazon.fr/Hobbit-John-Ronald-Reuel-Tolkien/dp/2266341235/ref=sr_1_34,"9,90 €",John Ronald Reuel Tolkien,"4,8 sur 5 étoiles, détails de l’évaluation",265,Poche,https://m.media-amazon.com/images/I/71BAXRnuZtL._AC_UY218_.jpg,2025-09-04T18:32:28.896607,Description non disponible depuis la recherche,Stock non disponible,ISBN non disponible,Éditeur non disponible,Date non disponible,Nombre de pages non disponible,Rang de vente non disponible,Biographies,2.0,,
Le roi de l’Ouest: (Le Sentier du Gardien de la forêt – Tome 7),https://www.amazon.fr/roi-lOuest-Sentier-Gardien-for%C3%AAt-ebook/dp/B0F9V2CB4D/ref=sr_1_35,"15,99 €",Pedro Urvi,"4,6 sur 5 étoiles, détails de l’évaluation",48,Format Kindle,https://m.media-amazon.com/images/I/81YyS+adqZL._AC_UY218_.jpg,2025-09-04T18:32:28.899323,Description non disponible depuis la recherche,Stock non disponible,ISBN non disponible,Éditeur non disponible,Date non disponible,Nombre de pages non disponible,Rang de vente non disponible,Biographies,2.0,,
"Onyx Storm: DISCOVER THE FOLLOW-UP TO THE GLOBAL PHENOMENONS, FOURTH WING AND IRON FLAME!",https://www.amazon.fr/Onyx-Storm-DISCOVER-FOLLOW-UP-PHENOMENONS/dp/0349437076/ref=sr_1_36,"20,38 €",Rebecca Yarros,"4,6 sur 5 étoiles, détails de l’évaluation",253 484,Broché,https://m.media-amazon.com/images/I/81EJk5B3GUL._AC_UY218_.jpg,2025-09-04T18:32:28.902604,Description non disponible depuis la recherche,Stock non disponible,ISBN non disponible,Éditeur non disponible,Date non disponible,Nombre de pages non disponible,Rang de vente non disponible,Biographies,2.0,,
The Handmaid's Tale (en anglais),https://www.amazon.fr/Handmaids-Tale-en-anglais/dp/0099740915/ref=sr_1_35,"10,49 €",Margaret Atwood,"4,5 sur 5 étoiles, détails de l’évaluation",159 340,Broché,https://m.media-amazon.com/images/I/61SpcaD4poL._AC_UY218_.jpg,2025-09-04T18:32:39.654667,Description non disponible depuis la recherche,Stock non disponible,ISBN non disponible,Éditeur non disponible,Date non disponible,Nombre de pages non disponible,Rang de vente non disponible,Biographies,3.0,,
L'ultime tempête (L'académie du feu t. 5),https://www.amazon.fr/Lultime-temp%C3%AAte-Lacad%C3%A9mie-feu-t-ebook/dp/B0FBC9BRLZ/ref=sr_1_36,"16,90 €",Jupiter Phaeton,"4,6 sur 5 étoiles, détails de l’évaluation",101,Format Kindle,https://m.media-amazon.com/images/I/91VEScZcPGL._AC_UY218_.jpg,2025-09-04T18:32:39.657694,Description non disponible depuis la recherche,Stock non disponible,ISBN non disponible,Éditeur non disponible,Date non disponible,Nombre de pages non disponible,Rang de vente non disponible,Biographies,3.0,,
Marche ou crève,https://www.amazon.fr/Marche-ou-cr%C3%A8ve-Stephen-King/dp/2253151394/ref=sr_1_37,"9,20 €",de King (Bachman) | 6 décembre 2004,"4,4 sur 5 étoiles, détails de l’évaluation",1 185,Poche,https://m.media-amazon.com/images/I/91NYrSMkTsL._AC_UY218_.jpg,2025-09-04T18:32:39.661445,Description non disponible depuis la recherche,Stock non disponible,ISBN non disponible,Éditeur non disponible,Date non disponible,Nombre de pages non disponible,Rang de vente non disponible,Biographies,3.0,,
"Omniscient Reader's Viewpoint (novel), Vol. 1",https://www.amazon.fr/Omniscient-Readers-Viewpoint-novel-Vol/dp/B0DK8D2642/ref=sr_1_38,"14,51 €",singNsong,"4,6 sur 5 étoiles, détails de l’évaluation",188,Broché,https://m.media-amazon.com/images/I/71iwyy-U0WL._AC_UY218_.jpg,2025-09-04T18:32:39.664909,Description non disponible depuis la recherche,Stock non disponible,ISBN non disponible,Éditeur non disponible,Date non disponible,Nombre de pages non disponible,Rang de vente non disponible,Biographies,3.0,,
Les Cendres de l'Imperium,https://www.amazon.fr/Cendres-lImperium-Monsieur-Chris-Wraight/dp/1804078158/ref=sr_1_39,"18,00 €",de Monsieur Chris Wraight | 29 octobre 2025,Note non disponible,0 avis,Broché,https://m.media-amazon.com/images/I/81vA1rEd-SL._AC_UY218_.jpg,2025-09-04T18:32:39.667421,Description non disponible depuis la recherche,Stock non disponible,ISBN non disponible,Éditeur non disponible,Date non disponible,Nombre de pages non disponible,Rang de vente non disponible,Biographies,3.0,,
Zodiac Academy: L’ Éveil (Zodiac Academy (Édition Française)),https://www.amazon.fr/Zodiac-Academy-%C3%89veil-%C3%89dition-Fran%C3%A7aise-ebook/dp/B0CW3KTSXJ/ref=sr_1_40,"20,03 €",Caroline Peckham,"4,6 sur 5 étoiles, détails de l’évaluation",1 192,Format Kindle,https://m.media-amazon.com/images/I/91uYU0Tgm9L._AC_UY218_.jpg,2025-09-04T18:32:39.669549,Description non disponible depuis la recherche,Stock non disponible,ISBN non disponible,Éditeur non disponible,Date non disponible,Nombre de pages non disponible,Rang de vente non disponible,Biographies,3.0,,
Plus noir que noir,https://www.amazon.fr/Audible-Plus-noir-que/dp/B0DXVLQTQW/ref=sr_1_41,"0,00 €",Livres audio Audible,"4,5 sur 5 étoiles, détails de l’évaluation",452,Livres audio Audible,https://m.media-amazon.com/images/I/81doeoDdDRL._AC_UY218_.jpg,2025-09-04T18:32:39.672746,Description non disponible depuis la recherche,Stock non disponible,ISBN non disponible,Éditeur non disponible,Date non disponible,Nombre de pages non disponible,Rang de vente non disponible,Biographies,3.0,,
Vingt mille lieues sous les mers,https://www.amazon.fr/Vingt-mille-lieues-sous-mers/dp/2070424839/ref=sr_1_42,"10,00 €",Jules Verne,"4,6 sur 5 étoiles, détails de l’évaluation",172,Poche,https://m.media-amazon.com/images/I/91QpxK8tXdL._AC_UY218_.jpg,2025-09-04T18:32:39.676390,Description non disponible depuis la recherche,Stock non disponible,ISBN non disponible,Éditeur non disponible,Date non disponible,Nombre de pages non disponible,Rang de vente non disponible,Biographies,3.0,,
Powerless,https://www.amazon.fr/Powerless-Lauren-Roberts-ebook/dp/B0DFD4KDDQ/ref=sr_1_45,"12,99 €",Lauren Roberts,"4,6 sur 5 étoiles, détails de l’évaluation",477,Format Kindle,https://m.media-amazon.com/images/I/91FHwlLaAXL._AC_UY218_.jpg,2025-09-04T18:32:39.685937,Description non disponible depuis la recherche,Stock non disponible,ISBN non disponible,Éditeur non disponible,Date non disponible,Nombre de pages non disponible,Rang de vente non disponible,Biographies,3.0,,
Dungeon Crawler Carl,https://www.amazon.fr/Audible-Studios-on-Brilliance-Dungeon/dp/B0DM64FRQW/ref=sr_1_46,"0,00 €",Livres audio Audible,"4,6 sur 5 étoiles, détails de l’évaluation",138,Livres audio Audible,https://m.media-amazon.com/images/I/81aSihywpvL._AC_UY218_.jpg,2025-09-04T18:32:39.689292,Description non disponible depuis la recherche,Stock non disponible,ISBN non disponible,Éditeur non disponible,Date non disponible,Nombre de pages non disponible,Rang de vente non disponible,Biographies,3.0,,
Un palais de flammes d'argent: Un palais d'épines et de roses 4,https://www.amazon.fr/palais-flammes-dargent-d%C3%A9pines-roses/dp/B0C4TN8KCZ/ref=sr_1_47,"0,00 €",Livres audio Audible,"4,8 sur 5 étoiles, détails de l’évaluation",3 627,Livres audio Audible,https://m.media-amazon.com/images/I/81s-JvvQSHL._AC_UY218_.jpg,2025-09-04T18:32:39.692226,Description non disponible depuis la recherche,Stock non disponible,ISBN non disponible,Éditeur non disponible,Date non disponible,Nombre de pages non disponible,Rang de vente non disponible,Biographies,3.0,,
Assistant to the Villain (French Edition): Assistant to the Villain - Vol.1,https://www.amazon.fr/Assistant-Villain-French-Vol-1/dp/B0DTQ2DCS6/ref=sr_1_48,"0,00 €",Livres audio Audible,"4,7 sur 5 étoiles, détails de l’évaluation",231,Livres audio Audible,https://m.media-amazon.com/images/I/81cL+qzs4uL._AC_UY218_.jpg,2025-09-04T18:32:39.695453,Description non disponible depuis la recherche,Stock non disponible,ISBN non disponible,Éditeur non disponible,Date non disponible,Nombre de pages non disponible,Rang de vente non disponible,Biographies,3.0,,
Fahrenheit 451 (Flamingo Modern Classics),https://www.amazon.fr/Fahrenheit-451-Flamingo-Modern-Classics/dp/0006546064/ref=sr_1_49,"9,50 €",Ray Bradbury,"4,4 sur 5 étoiles, détails de l’évaluation",54 451,Broché,https://m.media-amazon.com/images/I/71b674P2aKL._AC_UY218_.jpg,2025-09-04T18:32:39.699793,Description non disponible depuis la recherche,Stock non disponible,ISBN non disponible,Éditeur non disponible,Date non disponible,Nombre de pages non disponible,Rang de vente non disponible,Biographies,3.0,,
Un palais de cendres et de ruines: Un palais d'épines et de roses 3,https://www.amazon.fr/palais-cendres-ruines-d%C3%A9pines-roses/dp/B0C4TLNL6D/ref=sr_1_50,"0,00 €",Livres audio Audible,"4,8 sur 5 étoiles, détails de l’évaluation",4 930,Livres audio Audible,https://m.media-amazon.com/images/I/81twnrxeaBL._AC_UY218_.jpg,2025-09-04T18:32:39.702543,Description non disponible depuis la recherche,Stock non disponible,ISBN non disponible,Éditeur non disponible,Date non disponible,Nombre de pages non disponible,Rang de vente non disponible,Biographies,3.0,,
"It's Me Time : Automn Edition ! Coloring Books For Adults And Girls , Relaxing and Stress Relief Designs for Automn and Halloween <3",https://www.amazon.fr/Its-Me-Time-Coloring-Halloween/dp/B0DN61VDC7/ref=sr_1_51,"18,19 €",Édition en Anglais | de Girly Color | 7 novembre 2024,"4,8 sur 5 étoiles, détails de l’évaluation",41,Broché,https://m.media-amazon.com/images/I/51u9xouwHxL._AC_UY218_.jpg,2025-09-04T18:32:39.705099,Description non disponible depuis la recherche,Stock non disponible,ISBN non disponible,Éditeur non disponible,Date non disponible,Nombre de pages non disponible,Rang de vente non disponible,Biographies,3.0,,
Roman Arcane/League of Legends : Ambessa - Choisie par le loup,https://www.amazon.fr/Roman-Arcane-League-Legends-Ambessa/dp/B0F59967XF/ref=sr_1_52,"13,00 €",C. L. Clark,Note non disponible,0 avis,Broché,https://m.media-amazon.com/images/I/61B88t9KdKL._AC_UY218_.jpg,2025-09-04T18:32:39.707843,Description non disponible depuis la recherche,Stock non disponible,ISBN non disponible,Éditeur non disponible,Date non disponible,Nombre de pages non disponible,Rang de vente non disponible,Biographies,3.0,,
Le buveur d'encre - Roman Fantastique illustré - De 7 à 11 ans,https://www.amazon.fr/buveur-dencre-Roman-Fantastique-illustr%C3%A9/dp/2095048903/ref=sr_1_51,"6,50 €",de Éric Sanvoisin et Martin Matje | 3 avril 2025,"5,0 sur 5 étoiles, détails de l’évaluation",2,Broché,https://m.media-amazon.com/images/I/71hA7h-KivL._AC_UY218_.jpg,2025-09-04T18:32:51.219984,Description non disponible depuis la recherche,Stock non disponible,ISBN non disponible,Éditeur non disponible,Date non disponible,Nombre de pages non disponible,Rang de vente non disponible,Biographies,4.0,,
Les Gardiens des Cités perdues - Tome 08 : Héritages,https://www.amazon.fr/Gardiens-Cit%C3%A9s-perdues-08-H%C3%A9ritages/dp/2266331981/ref=sr_1_52,"9,50 €",Shannon Messenger,"4,7 sur 5 étoiles, détails de l’évaluation",1 740,Poche,https://m.media-amazon.com/images/I/71P9QIU2SFL._AC_UY218_.jpg,2025-09-04T18:32:51.223415,Description non disponible depuis la recherche,Stock non disponible,ISBN non disponible,Éditeur non disponible,Date non disponible,Nombre de pages non disponible,Rang de vente non disponible,Biographies,4.0,,
Le Chevalier et la Phalène (relié) - Tome 01 Le Royaume d'Eauroche (01),https://www.amazon.fr/Chevalier-Phal%C3%A8ne-reli%C3%A9-Royaume-dEauroche/dp/2378768044/ref=sr_1_53,"25,90 €",de Rachel Gillig et Benjamin Peylet | 2 octobre 2025,Note non disponible,0 avis,Relié,https://m.media-amazon.com/images/I/713Id1dmeCL._AC_UY218_.jpg,2025-09-04T18:32:51.226144,Description non disponible depuis la recherche,Stock non disponible,ISBN non disponible,Éditeur non disponible,Date non disponible,Nombre de pages non disponible,Rang de vente non disponible,Biographies,4.0,,
Dévoreur d'hommes - Tome 02 Dévorer les ténèbres (broché) (02),https://www.amazon.fr/D%C3%A9voreur-dhommes-D%C3%A9vorer-t%C3%A9n%C3%A8bres-broch%C3%A9/dp/2385662086/ref=sr_1_54,"17,90 €",Nikki St. Crowe,"5,0 sur 5 étoiles, détails de l’évaluation",1,Broché,https://m.media-amazon.com/images/I/71cJEGOWKxL._AC_UY218_.jpg,2025-09-04T18:32:51.228800,Description non disponible depuis la recherche,Stock non disponible,ISBN non disponible,Éditeur non disponible,Date non disponible,Nombre de pages non disponible,Rang de vente non disponible,Biographies,4.0,,
"Gardiens des cités perdues, tome 08,5 Le livre des secrets : Nouveau tome de la série Best Seller, Roman jeunesse Fantasy, avec des dizaines d'illustrations en couleur",https://www.amazon.fr/Gardiens-cit%C3%A9s-perdues-Livre-secrets/dp/2266339419/ref=sr_1_55,"9,50 €",Shannon Messenger,"4,7 sur 5 étoiles, détails de l’évaluation",1 039,Poche,https://m.media-amazon.com/images/I/716DNo7RNEL._AC_UY218_.jpg,2025-09-04T18:32:51.232361,Description non disponible depuis la recherche,Stock non disponible,ISBN non disponible,Éditeur non disponible,Date non disponible,Nombre de pages non disponible,Rang de vente non disponible,Biographies,4.0,,
Parmi les fleurs embrasées (relié collector) - Tome 0.5 Les Racines du Chaos (0.5),https://www.amazon.fr/Parmi-fleurs-embras%C3%A9es-reli%C3%A9-collector/dp/2378767587/ref=sr_1_56,"24,90 €",de Samantha Shannon et Benjamin Kuntzer | 11 septembre 2025,Note non disponible,0 avis,Relié,https://m.media-amazon.com/images/I/71Ovn7uqfzL._AC_UY218_.jpg,2025-09-04T18:32:51.236163,Description non disponible depuis la recherche,Stock non disponible,ISBN non disponible,Éditeur non disponible,Date non disponible,Nombre de pages non disponible,Rang de vente non disponible,Biographies,4.0,,
Outsphere,https://www.amazon.fr/Outsphere-Guy-Roger-Duvert/dp/1794329897/ref=sr_1_57,"19,99 €",Guy-Roger Duvert,"4,3 sur 5 étoiles, détails de l’évaluation",2 924,Broché,https://m.media-amazon.com/images/I/610b8dOt4FL._AC_UY218_.jpg,2025-09-04T18:32:51.239510,Description non disponible depuis la recherche,Stock non disponible,ISBN non disponible,Éditeur non disponible,Date non disponible,Nombre de pages non disponible,Rang de vente non disponible,Biographies,4.0,,
"Le livre de recettes de l’anarchiste: Dungeon Crawler Carl (French Edition), livre 3",https://www.amazon.fr/livre-recettes-lanarchiste-Dungeon-Crawler/dp/B0FFGZJJRJ/ref=sr_1_58,"0,00 €",Livres audio Audible,"4,6 sur 5 étoiles, détails de l’évaluation",73,Livres audio Audible,https://m.media-amazon.com/images/I/81WJM4jW7TL._AC_UY218_.jpg,2025-09-04T18:32:51.242706,Description non disponible depuis la recherche,Stock non disponible,ISBN non disponible,Éditeur non disponible,Date non disponible,Nombre de pages non disponible,Rang de vente non disponible,Biographies,4.0,,
Atlas de la Terre du Milieu,https://www.amazon.fr/Atlas-Terre-Milieu-Karen-Fonstad/dp/B0D259KFWC/ref=sr_1_61,"50,00 €",Karen Wynn Fonstad,"4,9 sur 5 étoiles, détails de l’évaluation",10,Relié,https://m.media-amazon.com/images/I/81mOALNX2XL._AC_UY218_.jpg,2025-09-04T18:32:51.250885,Description non disponible depuis la recherche,Stock non disponible,ISBN non disponible,Éditeur non disponible,Date non disponible,Nombre de pages non disponible,Rang de vente non disponible,Biographies,4.0,,
Rewitched: Édition reliée,https://www.amazon.fr/Rewitched-%C3%89dition-Lucy-Jane-Wood/dp/2080470973/ref=sr_1_62,"25,90 €",Lucy Jane Wood,"4,6 sur 5 étoiles, détails de l’évaluation",39,Relié,https://m.media-amazon.com/images/I/71b9gkNbnqL._AC_UY218_.jpg,2025-09-04T18:32:51.254339,Description non disponible depuis la recherche,Stock non disponible,ISBN non disponible,Éditeur non disponible,Date non disponible,Nombre de pages non disponible,Rang de vente non disponible,Biographies,4.0,,
Le Grand Maître de la Cultivation Démoniaque 5 (Edition Relié): Mo Dao Zu Shi,https://www.amazon.fr/Grand-Ma%C3%AEtre-Cultivation-D%C3%A9moniaque-Reli%C3%A9/dp/B0DZH5YQK2/ref=sr_1_63,"29,99 €",Mo Xiang Tong-Xiu,"4,8 sur 5 étoiles, détails de l’évaluation",14,Relié,https://m.media-amazon.com/images/I/81rNZ4QKIkL._AC_UY218_.jpg,2025-09-04T18:32:51.257260,Description non disponible depuis la recherche,Stock non disponible,ISBN non disponible,Éditeur non disponible,Date non disponible,Nombre de pages non disponible,Rang de vente non disponible,Biographies,4.0,,
La Nuit des Sacrifices,https://www.amazon.fr/Nuit-Sacrifices-Blair-Mayers/dp/2487267194/ref=sr_1_64,"19,90 €",Blair Mayers,Note non disponible,0 avis,Broché,https://m.media-amazon.com/images/I/61XBO+JSb5L._AC_UY218_.jpg,2025-09-04T18:32:51.260031,Description non disponible depuis la recherche,Stock non disponible,ISBN non disponible,Éditeur non disponible,Date non disponible,Nombre de pages non disponible,Rang de vente non disponible,Biographies,4.0,,
"Gardiens des Cités perdues - Tome 9.5 (9,5)",https://www.amazon.fr/Gardiens-Cit%C3%A9s-perdues-Shannon-Messenger/dp/2371024643/ref=sr_1_65,"18,00 €",Shannon Messenger,"4,8 sur 5 étoiles, détails de l’évaluation",323,Broché,https://m.media-amazon.com/images/I/71UEtXBRjML._AC_UY218_.jpg,2025-09-04T18:32:51.262915,Description non disponible depuis la recherche,Stock non disponible,ISBN non disponible,Éditeur non disponible,Date non disponible,Nombre de pages non disponible,Rang de vente non disponible,Biographies,4.0,,
Anthologie Twisted Tale - Histoires inédites Volume 2: 8 nouvelles inédites dans l'univers de la saga Twisted Tale,https://www.amazon.fr/Anthologie-Twisted-Tale-Histoires-nouvelles/dp/2017283207/ref=sr_1_66,"22,00 €","de Micol Ostow, Farrah Rochon, et al. | 27 août 2025",Note non disponible,0 avis,Broché,https://m.media-amazon.com/images/I/81KGeDqDimL._AC_UY218_.jpg,2025-09-04T18:32:51.265710,Description non disponible depuis la recherche,Stock non disponible,ISBN non disponible,Éditeur non disponible,Date non disponible,Nombre de pages non disponible,Rang de vente non disponible,Biographies,4.0,,
Intrication: La Ceinture,https://www.amazon.fr/Intrication-Ceinture-Gerald-M-Kilby-ebook/dp/B0FGY3S97T/ref=sr_1_67,"13,70 €",Gerald M. Kilby,"4,4 sur 5 étoiles, détails de l’évaluation",51,Format Kindle,https://m.media-amazon.com/images/I/71iVh-S499L._AC_UY218_.jpg,2025-09-04T18:32:51.268139,Description non disponible depuis la recherche,Stock non disponible,ISBN non disponible,Éditeur non disponible,Date non disponible,Nombre de pages non disponible,Rang de vente non disponible,Biographies,4.0,,
Vous êtes cordialement invités,https://www.amazon.fr/Vous-%C3%AAtes-cordialement-invit%C3%A9s-paranormal-ebook/dp/B09DQ6KRXR/ref=sr_1_68,"1,50 €",Alex  Sol,"4,0 sur 5 étoiles, détails de l’évaluation",2 140,Format Kindle,https://m.media-amazon.com/images/I/81dIRaMAL6L._AC_UY218_.jpg,2025-09-04T18:32:51.271267,Description non disponible depuis la recherche,Stock non disponible,ISBN non disponible,Éditeur non disponible,Date non disponible,Nombre de pages non disponible,Rang de vente non disponible,Biographies,4.0,,
"Comment te croire ?: Par l'autrice de ""J'aurais aimé te tuer"" lauréat du Prix Cognac",https://www.amazon.fr/Comment-croire-lautrice-Jaurais-laur%C3%A9at/dp/B0DSKJVSL2/ref=sr_1_67,"8,10 €",Pétronille Rostagnat,"4,4 sur 5 étoiles, détails de l’évaluation",727,Poche,https://m.media-amazon.com/images/I/81QwQ21sudL._AC_UY218_.jpg,2025-09-04T18:33:00.034974,Description non disponible depuis la recherche,Stock non disponible,ISBN non disponible,Éditeur non disponible,Date non disponible,Nombre de pages non disponible,Rang de vente non disponible,Biographies,5.0,,
Harry Potter and the Goblet of Fire (Interactive Illustrated Edition),https://www.amazon.fr/Harry-Potter-Goblet-Interactive-Illustrated/dp/1526691264/ref=sr_1_68,"54,92 €",J.K. Rowling,Note non disponible,0 avis,Relié,https://m.media-amazon.com/images/I/91eSc94YJ7L._AC_UY218_.jpg,2025-09-04T18:33:00.038138,Description non disponible depuis la recherche,Stock non disponible,ISBN non disponible,Éditeur non disponible,Date non disponible,Nombre de pages non disponible,Rang de vente non disponible,Biographies,5.0,,
Harry Potter Children's Collection,https://www.amazon.fr/Harry-Potter-Box-Set-Collection/dp/1408856778/ref=sr_1_69,"72,77 €",J.K. Rowling,"4,5 sur 5 étoiles, détails de l’évaluation",37 554,Broché,https://m.media-amazon.com/images/I/81uRUnI9Y3L._AC_UY218_.jpg,2025-09-04T18:33:00.041749,Description non disponible depuis la recherche,Stock non disponible,ISBN non disponible,Éditeur non disponible,Date non disponible,Nombre de pages non disponible,Rang de vente non disponible,Biographies,5.0,,
K-Pop’s De-mons Hunters: Livre de coloriage Mystère pour Fans de K-pop,https://www.amazon.fr/K-Pops-mons-Hunters-coloriage-Myst%C3%A8re/dp/B0FKZ73QWB/ref=sr_1_70,"14,39 €",de Cardinal Varo | 31 juillet 2025,"5,0 sur 5 étoiles, détails de l’évaluation",1,Broché,https://m.media-amazon.com/images/I/71M3p-oqw8L._AC_UY218_.jpg,2025-09-04T18:33:00.044077,Description non disponible depuis la recherche,Stock non disponible,ISBN non disponible,Éditeur non disponible,Date non disponible,Nombre de pages non disponible,Rang de vente non disponible,Biographies,5.0,,
"La Guerre des clans, Cycle VII - Tome 5 : le silence des étoiles",https://www.amazon.fr/Guerre-clans-Cycle-VII-silence/dp/226634207X/ref=sr_1_71,"16,20 €",Erin Hunter,"La Guerre des clans, Cycle VII - Tome 5 : le silence des étoiles",0 avis,Broché,https://m.media-amazon.com/images/I/71dAvaA-O+L._AC_UY218_.jpg,2025-09-04T18:33:00.046611,Description non disponible depuis la recherche,Stock non disponible,ISBN non disponible,Éditeur non disponible,Date non disponible,Nombre de pages non disponible,Rang de vente non disponible,Biographies,5.0,,
Les Rôdeurs de l'Empire T4,https://www.amazon.fr/R%C3%B4deurs-lEmpire-T4-Guy-Roger-Duvert-ebook/dp/B0FNQ2CZ39/ref=sr_1_72,"4,99 €",Guy-Roger Duvert,Note non disponible,0 avis,Format Kindle,https://m.media-amazon.com/images/I/815qY7lRMLL._AC_UY218_.jpg,2025-09-04T18:33:00.048681,Description non disponible depuis la recherche,Stock non disponible,ISBN non disponible,Éditeur non disponible,Date non disponible,Nombre de pages non disponible,Rang de vente non disponible,Biographies,5.0,,
"Le Trône de fer l'Intégrale (A game of Thrones), Tome 1 :",https://www.amazon.fr/Tr%C3%B4ne-fer-lInt%C3%A9grale-game-Thrones/dp/2290208876/ref=sr_1_73,"23,00 €",George R.R. Martin,"4,6 sur 5 étoiles, détails de l’évaluation",2 314,Relié,https://m.media-amazon.com/images/I/71xwnDO9PBL._AC_UY218_.jpg,2025-09-04T18:33:00.051900,Description non disponible depuis la recherche,Stock non disponible,ISBN non disponible,Éditeur non disponible,Date non disponible,Nombre de pages non disponible,Rang de vente non disponible,Biographies,5.0,,
L’ogive du jugement dernier,https://www.amazon.fr/Audible-Studios-on-Brilliance-jugement/dp/B0DZ6P59JB/ref=sr_1_74,"0,00 €",Livres audio Audible,"4,8 sur 5 étoiles, détails de l’évaluation",103,Livres audio Audible,https://m.media-amazon.com/images/I/81FSWNsXOBL._AC_UY218_.jpg,2025-09-04T18:33:00.055020,Description non disponible depuis la recherche,Stock non disponible,ISBN non disponible,Éditeur non disponible,Date non disponible,Nombre de pages non disponible,Rang de vente non disponible,Biographies,5.0,,
Iron Flame: DISCOVER THE GLOBAL PHENOMENON THAT EVERYONE CAN'T STOP TALKING ABOUT! (The Empyrean) (English Edition),https://www.amazon.fr/Flame-Empyrean-English-Rebecca-Yarros-ebook/dp/B0BQQXS64D/ref=sr_1_77,"6,99 €",Rebecca Yarros,"4,6 sur 5 étoiles, détails de l’évaluation",366 839,Format Kindle,https://m.media-amazon.com/images/I/81G-Z7cg0JL._AC_UY218_.jpg,2025-09-04T18:33:00.064621,Description non disponible depuis la recherche,Stock non disponible,ISBN non disponible,Éditeur non disponible,Date non disponible,Nombre de pages non disponible,Rang de vente non disponible,Biographies,5.0,,
Sept nouvelles de la Terre - Classiques et Contemporains: Quand la littérature éveille les consciences,https://www.amazon.fr/Sept-nouvelles-Terre-Contemporains-litt%C3%A9rature/dp/2210772524/ref=sr_1_78,"5,40 €","de Alphonse Daudet, Jean Giono, et al. | 27 avril 2022","4,7 sur 5 étoiles, détails de l’évaluation",224,Broché,https://m.media-amazon.com/images/I/71hFFgNwfaL._AC_UY218_.jpg,2025-09-04T18:33:00.067609,Description non disponible depuis la recherche,Stock non disponible,ISBN non disponible,Éditeur non disponible,Date non disponible,Nombre de pages non disponible,Rang de vente non disponible,Biographies,5.0,,
Gardiens des cités perdues - tome 07 : Réminiscences (7),https://www.amazon.fr/Gardiens-cit%C3%A9s-perdues-07-R%C3%A9miniscences/dp/2266305379/ref=sr_1_79,"9,50 €",Shannon Messenger,"4,8 sur 5 étoiles, détails de l’évaluation",1 709,Poche,https://m.media-amazon.com/images/I/71M6DHxuolL._AC_UY218_.jpg,2025-09-04T18:33:00.071037,Description non disponible depuis la recherche,Stock non disponible,ISBN non disponible,Éditeur non disponible,Date non disponible,Nombre de pages non disponible,Rang de vente non disponible,Biographies,5.0,,
Le livre maudit d'Azrael (Edition Relié): Gods and Monsters,https://www.amazon.fr/livre-maudit-dAzrael-Reli%C3%A9-Monsters/dp/B0D2QFYCD7/ref=sr_1_80,"29,99 €",de Nicole Amber V. | 25 septembre 2024,"4,6 sur 5 étoiles, détails de l’évaluation",258,Relié,https://m.media-amazon.com/images/I/613lRoMAbBL._AC_UY218_.jpg,2025-09-04T18:33:00.074674,Description non disponible depuis la recherche,Stock non disponible,ISBN non disponible,Éditeur non disponible,Date non disponible,Nombre de pages non disponible,Rang de vente non disponible,Biographies,5.0,,
Coloriages mystères - Romantasy: Colorie les chiffres et découvre l'image,https://www.amazon.fr/Coloriages-myst%C3%A8res-Romantasy-chiffres-d%C3%A9couvre/dp/2017093483/ref=sr_1_81,"14,95 €",de Paulina Forys | 17 septembre 2025,Note non disponible,0 avis,Broché,https://m.media-amazon.com/images/I/81N+25zusCL._AC_UY218_.jpg,2025-09-04T18:33:00.077057,Description non disponible depuis la recherche,Stock non disponible,ISBN non disponible,Éditeur non disponible,Date non disponible,Nombre de pages non disponible,Rang de vente non disponible,Biographies,5.0,,
Tales of the Unexpected,https://www.amazon.fr/Tales-Unexpected-Roald-Dahl/dp/0679729895/ref=sr_1_82,"17,15 €",Roald Dahl,"4,5 sur 5 étoiles, détails de l’évaluation",320,Broché,https://m.media-amazon.com/images/I/61aR2sMPJbL._AC_UY218_.jpg,2025-09-04T18:33:00.079411,Description non disponible depuis la recherche,Stock non disponible,ISBN non disponible,Éditeur non disponible,Date non disponible,Nombre de pages non disponible,Rang de vente non disponible,Biographies,5.0,,
Les Fourmis,https://www.amazon.fr/Les-Fourmis/dp/B01CUYHOBQ/ref=sr_1_83,"0,00 €",Livres audio Audible,"4,4 sur 5 étoiles, détails de l’évaluation",2 360,Livres audio Audible,https://m.media-amazon.com/images/I/81HqLXiWXVL._AC_UY218_.jpg,2025-09-04T18:33:00.082771,Description non disponible depuis la recherche,Stock non disponible,ISBN non disponible,Éditeur non disponible,Date non disponible,Nombre de pages non disponible,Rang de vente non disponible,Biographies,5.0,,
Un palais de glace et de lumière: Un palais d'épines et de roses 3.5,https://www.amazon.fr/palais-glace-lumi%C3%A8re-d%C3%A9pines-roses/dp/B0C4TLT6TT/ref=sr_1_84,"0,00 €",Livres audio Audible,"4,5 sur 5 étoiles, détails de l’évaluation",2 973,Livres audio Audible,https://m.media-amazon.com/images/I/81iUCBeijpL._AC_UY218_.jpg,2025-09-04T18:33:00.085652,Description non disponible depuis la recherche,Stock non disponible,ISBN non disponible,Éditeur non disponible,Date non disponible,Nombre de pages non disponible,Rang de vente non disponible,Biographies,5.0,,
Sorceleur (Witcher) : La Croisée des corbeaux,https://www.amazon.fr/Sorceleur-Witcher-corbeaux-Andrzej-Sapkowski/dp/B0F661DJ9Q/ref=sr_1_83,"17,95 €",de Andrzej Sapkowski et Lydia Waleryszak | 1 octobre 2025,Note non disponible,0 avis,Broché,https://m.media-amazon.com/images/I/71GsbJS7n+L._AC_UY218_.jpg,2025-09-04T18:33:08.891322,Description non disponible depuis la recherche,Stock non disponible,ISBN non disponible,Éditeur non disponible,Date non disponible,Nombre de pages non disponible,Rang de vente non disponible,Biographies,6.0,,
Un royaume de chair et de feu: Le Sang et la Cendre 2,https://www.amazon.fr/royaume-chair-feu-Sang-Cendre/dp/B0DLJLP84D/ref=sr_1_84,"0,00 €",Livres audio Audible,"4,8 sur 5 étoiles, détails de l’évaluation",1 184,Livres audio Audible,https://m.media-amazon.com/images/I/915xPLeUbOL._AC_UY218_.jpg,2025-09-04T18:33:08.894627,Description non disponible depuis la recherche,Stock non disponible,ISBN non disponible,Éditeur non disponible,Date non disponible,Nombre de pages non disponible,Rang de vente non disponible,Biographies,6.0,,
Fourth Wing: DISCOVER THE GLOBAL PHENOMENON THAT EVERYONE CAN'T STOP TALKING ABOUT! (The Empyrean) (English Edition),https://www.amazon.fr/Fourth-Wing-Discover-obsession-Empyrean-ebook/dp/B0BPP58HR2/ref=sr_1_85,"6,99 €",Rebecca Yarros,"4,8 sur 5 étoiles, détails de l’évaluation",433 956,Format Kindle,https://m.media-amazon.com/images/I/81cquiyLW8L._AC_UY218_.jpg,2025-09-04T18:33:08.898259,Description non disponible depuis la recherche,Stock non disponible,ISBN non disponible,Éditeur non disponible,Date non disponible,Nombre de pages non disponible,Rang de vente non disponible,Biographies,6.0,,
Outsphere 2: Le Réveil,https://www.amazon.fr/Outsphere-2-R%C3%A9veil-Guy-Roger-Duvert/dp/B0863VPWTH/ref=sr_1_86,"19,99 €",Guy-Roger Duvert,"4,5 sur 5 étoiles, détails de l’évaluation",2 697,Broché,https://m.media-amazon.com/images/I/61lAHUVfstL._AC_UY218_.jpg,2025-09-04T18:33:08.901549,Description non disponible depuis la recherche,Stock non disponible,ISBN non disponible,Éditeur non disponible,Date non disponible,Nombre de pages non disponible,Rang de vente non disponible,Biographies,6.0,,
"L'Héritière du Feu: Throne of Glass, tome 3",https://www.amazon.fr/Audible-Studios-Brilliance-LH%C3%A9riti%C3%A8re-Feu/dp/B0DQB8TN58/ref=sr_1_87,"0,00 €",Livres audio Audible,"4,6 sur 5 étoiles, détails de l’évaluation",306,Livres audio Audible,https://m.media-amazon.com/images/I/91KMeDsK7pL._AC_UY218_.jpg,2025-09-04T18:33:08.904788,Description non disponible depuis la recherche,Stock non disponible,ISBN non disponible,Éditeur non disponible,Date non disponible,Nombre de pages non disponible,Rang de vente non disponible,Biographies,6.0,,
"Apprentice to the Villain (French Edition): Assistant to the Villain, Vol. 2",https://www.amazon.fr/Apprentice-Villain-French-Assistant-Vol/dp/B0FDWYKXNY/ref=sr_1_88,"0,00 €",Livres audio Audible,"4,7 sur 5 étoiles, détails de l’évaluation",109,Livres audio Audible,https://m.media-amazon.com/images/I/81jdwvCJwfL._AC_UY218_.jpg,2025-09-04T18:33:08.908271,Description non disponible depuis la recherche,Stock non disponible,ISBN non disponible,Éditeur non disponible,Date non disponible,Nombre de pages non disponible,Rang de vente non disponible,Biographies,6.0,,
Zodiac Academy 2: Impitoyable Faë (Zodiac Academy (Édition Française)),https://www.amazon.fr/Zodiac-Academy-Impitoyable-%C3%89dition-Fran%C3%A7aise-ebook/dp/B0F2Y9WTD6/ref=sr_1_89,"21,09 €",Caroline Peckham,"4,8 sur 5 étoiles, détails de l’évaluation",473,Format Kindle,https://m.media-amazon.com/images/I/91OsnC4mmyL._AC_UY218_.jpg,2025-09-04T18:33:08.910483,Description non disponible depuis la recherche,Stock non disponible,ISBN non disponible,Éditeur non disponible,Date non disponible,Nombre de pages non disponible,Rang de vente non disponible,Biographies,6.0,,
Harry Potter: La Collection Complète (1-7),https://www.amazon.fr/Harry-Potter-Collection-Compl%C3%A8te-livres-ebook/dp/B01B6RN7FK/ref=sr_1_90,"59,99 €",J.K. Rowling,"4,8 sur 5 étoiles, détails de l’évaluation",1 876,Format Kindle,https://m.media-amazon.com/images/I/81FuzwoW0ML._AC_UY218_.jpg,2025-09-04T18:33:08.912842,Description non disponible depuis la recherche,Stock non disponible,ISBN non disponible,Éditeur non disponible,Date non disponible,Nombre de pages non disponible,Rang de vente non disponible,Biographies,6.0,,
Eriophora,https://www.amazon.fr/Eriophora-Peter-Watts/dp/2253243558/ref=sr_1_93,"8,70 €",de Peter Watts | 19 février 2025,Note non disponible,0 avis,Poche,https://m.media-amazon.com/images/I/81uKokIk9KL._AC_UY218_.jpg,2025-09-04T18:33:08.921401,Description non disponible depuis la recherche,Stock non disponible,ISBN non disponible,Éditeur non disponible,Date non disponible,Nombre de pages non disponible,Rang de vente non disponible,Biographies,6.0,,
"Le Sang et la Cendre: Le Sang et la Cendre, 1",https://www.amazon.fr/Sang-Cendre/dp/B0DH9BWHWT/ref=sr_1_94,"0,00 €",Livres audio Audible,"4,7 sur 5 étoiles, détails de l’évaluation",1 716,Livres audio Audible,https://m.media-amazon.com/images/I/810q2s+2j6L._AC_UY218_.jpg,2025-09-04T18:33:08.924613,Description non disponible depuis la recherche,Stock non disponible,ISBN non disponible,Éditeur non disponible,Date non disponible,Nombre de pages non disponible,Rang de vente non disponible,Biographies,6.0,,
"Vent et vérité, Volume 1 (Les Archives de Roshar, Tome 5)",https://www.amazon.fr/v%C3%A9rit%C3%A9-Archives-Roshar-Brandon-Sanderson-ebook/dp/B0F9B4BJ41/ref=sr_1_95,"16,99 €",Brandon Sanderson,"4,8 sur 5 étoiles, détails de l’évaluation",25,Format Kindle,https://m.media-amazon.com/images/I/81io6dRXALL._AC_UY218_.jpg,2025-09-04T18:33:08.927137,Description non disponible depuis la recherche,Stock non disponible,ISBN non disponible,Éditeur non disponible,Date non disponible,Nombre de pages non disponible,Rang de vente non disponible,Biographies,6.0,,
Les magiciens d'Enkidiev - Tome 4 : Cawley - Tome 4 (4),https://www.amazon.fr/magiciens-dEnkidiev-Cawley-Anne-Robillard/dp/2749960053/ref=sr_1_96,"18,95 €",Anne Robillard,"4,7 sur 5 étoiles, détails de l’évaluation",79,Broché,https://m.media-amazon.com/images/I/71gtGMsvD6L._AC_UY218_.jpg,2025-09-04T18:33:08.929653,Description non disponible depuis la recherche,Stock non disponible,ISBN non disponible,Éditeur non disponible,Date non disponible,Nombre de pages non disponible,Rang de vente non disponible,Biographies,6.0,,
Murtagh,https://www.amazon.fr/Audible-Murtagh/dp/B0CJ97X77Z/ref=sr_1_97,"0,00 €",Livres audio Audible,"4,6 sur 5 étoiles, détails de l’évaluation",450,Livres audio Audible,https://m.media-amazon.com/images/I/91AGMWr0CJL._AC_UY218_.jpg,2025-09-04T18:33:08.933161,Description non disponible depuis la recherche,Stock non disponible,ISBN non disponible,Éditeur non disponible,Date non disponible,Nombre de pages non disponible,Rang de vente non disponible,Biographies,6.0,,
Katabasis: INSTANT No.1 SUNDAY TIMES best-seller from the author of YELLOWFACE (English Edition),https://www.amazon.fr/Katabasis-SUNDAY-bestselling-YELLOWFACE-English-ebook/dp/B0CYPJCVYV/ref=sr_1_98,"16,31 €",R.F. Kuang,"4,3 sur 5 étoiles, détails de l’évaluation",263,Format Kindle,https://m.media-amazon.com/images/I/81YpIeJ10gL._AC_UY218_.jpg,2025-09-04T18:33:08.936383,Description non disponible depuis la recherche,Stock non disponible,ISBN non disponible,Éditeur non disponible,Date non disponible,Nombre de pages non disponible,Rang de vente non disponible,Biographies,6.0,,
Le Seigneur des Anneaux T1 La fraternité de l'anneau,https://www.amazon.fr/Seigneur-Anneaux-T1-fraternit%C3%A9-lanneau-ebook/dp/B0BC9WXM8T/ref=sr_1_99,"14,99 €",J.R.R. Tolkien,"4,8 sur 5 étoiles, détails de l’évaluation",912,Format Kindle,https://m.media-amazon.com/images/I/9105GaINAeL._AC_UY218_.jpg,2025-09-04T18:33:08.939551,Description non disponible depuis la recherche,Stock non disponible,ISBN non disponible,Éditeur non disponible,Date non disponible,Nombre de pages non disponible,Rang de vente non disponible,Biographies,6.0,,
Hansel et Gretel,https://www.amazon.fr/Hansel-Gretel-Yvan-Godbout/dp/2386900126/ref=sr_1_100,"14,90 €",Yvan Godbout,"4,5 sur 5 étoiles, détails de l’évaluation",632,Broché,https://m.media-amazon.com/images/I/71wwaNmx0yL._AC_UY218_.jpg,2025-09-04T18:33:08.942172,Description non disponible depuis la recherche,Stock non disponible,ISBN non disponible,Éditeur non disponible,Date non disponible,Nombre de pages non disponible,Rang de vente non disponible,Biographies,6.0,,
La reine turquoise: (Le Sentier du Gardien de la forêt – Tome 8),https://www.amazon.fr/reine-turquoise-Sentier-Gardien-for%C3%AAt-ebook/dp/B0FM8JQSX5/ref=sr_1_99,"5,99 €",Pedro Urvi,Note non disponible,0 avis,Format Kindle,https://m.media-amazon.com/images/I/81iHR4IBP+L._AC_UY218_.jpg,2025-09-04T18:33:18.410514,Description non disponible depuis la recherche,Stock non disponible,ISBN non disponible,Éditeur non disponible,Date non disponible,Nombre de pages non disponible,Rang de vente non disponible,Biographies,7.0,,
Ainsi vient la nuit,https://www.amazon.fr/Ainsi-vient-nuit-Allison-Saft/dp/2362315487/ref=sr_1_100,"26,90 €",Allison Saft,Note non disponible,0 avis,Relié,https://m.media-amazon.com/images/I/812ROs52xWL._AC_UY218_.jpg,2025-09-04T18:33:18.412766,Description non disponible depuis la recherche,Stock non disponible,ISBN non disponible,Éditeur non disponible,Date non disponible,Nombre de pages non disponible,Rang de vente non disponible,Biographies,7.0,,
L'assassin du roi: L'Assassin Royal 2,https://www.amazon.fr/Lassassin-roi-royal/dp/B01MRL8NKA/ref=sr_1_101,"0,00 €",Livres audio Audible,"4,7 sur 5 étoiles, détails de l’évaluation",1 385,Livres audio Audible,https://m.media-amazon.com/images/I/81GPar9aeeL._AC_UY218_.jpg,2025-09-04T18:33:18.416001,Description non disponible depuis la recherche,Stock non disponible,ISBN non disponible,Éditeur non disponible,Date non disponible,Nombre de pages non disponible,Rang de vente non disponible,Biographies,7.0,,
Hunger Games. La ballade du serpent et de l'oiseau chanteur: Hunger Games 1,https://www.amazon.fr/Hunger-ballade-serpent-loiseau-chanteur/dp/B088NVZRW2/ref=sr_1_102,"0,00 €",Livres audio Audible,"4,6 sur 5 étoiles, détails de l’évaluation",2 072,Livres audio Audible,https://m.media-amazon.com/images/I/81-qrK6froL._AC_UY218_.jpg,2025-09-04T18:33:18.419244,Description non disponible depuis la recherche,Stock non disponible,ISBN non disponible,Éditeur non disponible,Date non disponible,Nombre de pages non disponible,Rang de vente non disponible,Biographies,7.0,,
Peter Pan: Les contes interdits,https://www.amazon.fr/Peter-Pan-Simon-Rousseau/dp/2849336173/ref=sr_1_103,"14,90 €",Simon Rousseau,"4,5 sur 5 étoiles, détails de l’évaluation",1 078,Broché,https://m.media-amazon.com/images/I/71Hig+uYUsL._AC_UY218_.jpg,2025-09-04T18:33:18.422614,Description non disponible depuis la recherche,Stock non disponible,ISBN non disponible,Éditeur non disponible,Date non disponible,Nombre de pages non disponible,Rang de vente non disponible,Biographies,7.0,,
Les Jumeaux Crochemort: Damnation (3),https://www.amazon.fr/Jumeaux-Crochemort-Damnation-3/dp/2080446436/ref=sr_1_104,"16,90 €",Cassandra O'Donnell,"4,6 sur 5 étoiles, détails de l’évaluation",22,Broché,https://m.media-amazon.com/images/I/71Lfr2krJIL._AC_UY218_.jpg,2025-09-04T18:33:18.425976,Description non disponible depuis la recherche,Stock non disponible,ISBN non disponible,Éditeur non disponible,Date non disponible,Nombre de pages non disponible,Rang de vente non disponible,Biographies,7.0,,
Accomplice to the Villain (Assistant to the Villain Book 3) (English Edition),https://www.amazon.fr/Assistant-Villain-Book-3-English-ebook/dp/B0CBRJHM3C/ref=sr_1_105,"8,99 €",Hannah Nicole Maehrer,"4,5 sur 5 étoiles, détails de l’évaluation",4 411,Format Kindle,https://m.media-amazon.com/images/I/816S6IE-2sL._AC_UY218_.jpg,2025-09-04T18:33:18.429423,Description non disponible depuis la recherche,Stock non disponible,ISBN non disponible,Éditeur non disponible,Date non disponible,Nombre de pages non disponible,Rang de vente non disponible,Biographies,7.0,,
L'Institut,https://www.amazon.fr/LInstitut/dp/B085W772CR/ref=sr_1_106,"0,00 €",Livres audio Audible,"4,5 sur 5 étoiles, détails de l’évaluation",3 523,Livres audio Audible,https://m.media-amazon.com/images/I/81cZPSbBAhL._AC_UY218_.jpg,2025-09-04T18:33:18.432580,Description non disponible depuis la recherche,Stock non disponible,ISBN non disponible,Éditeur non disponible,Date non disponible,Nombre de pages non disponible,Rang de vente non disponible,Biographies,7.0,,
Gardiens des Cités perdues - Tome 9 Lune Stellaire,https://www.amazon.fr/Gardiens-Cit%C3%A9s-perdues-Lune-Stellaire/dp/2371023485/ref=sr_1_109,"18,00 €",Shannon Messenger,"4,7 sur 5 étoiles, détails de l’évaluation",1 065,Broché,https://m.media-amazon.com/images/I/7186r1MnqoL._AC_UY218_.jpg,2025-09-04T18:33:18.441742,Description non disponible depuis la recherche,Stock non disponible,ISBN non disponible,Éditeur non disponible,Date non disponible,Nombre de pages non disponible,Rang de vente non disponible,Biographies,7.0,,
"Harry Potter and the Philosopher's Stone, Book 1",https://www.amazon.fr/Harry-Potter-Philosophers-Stone-Book/dp/B01CV4L5VK/ref=sr_1_110,"0,00 €",Livres audio Audible,"4,8 sur 5 étoiles, détails de l’évaluation",70 269,Livres audio Audible,https://m.media-amazon.com/images/I/91FBd4naMzL._AC_UY218_.jpg,2025-09-04T18:33:18.445197,Description non disponible depuis la recherche,Stock non disponible,ISBN non disponible,Éditeur non disponible,Date non disponible,Nombre de pages non disponible,Rang de vente non disponible,Biographies,7.0,,
Outsphere 3: Religions,https://www.amazon.fr/Outsphere-3-Religions-Guy-Roger-Duvert/dp/B09K26HRLL/ref=sr_1_111,"19,99 €",Guy-Roger Duvert,"4,5 sur 5 étoiles, détails de l’évaluation",2 173,Broché,https://m.media-amazon.com/images/I/61FelYAJkpL._AC_UY218_.jpg,2025-09-04T18:33:18.447863,Description non disponible depuis la recherche,Stock non disponible,ISBN non disponible,Éditeur non disponible,Date non disponible,Nombre de pages non disponible,Rang de vente non disponible,Biographies,7.0,,
A Court of Thorns and Roses Paperback Box Set (5 books): The first five books of the hottest fantasy series and TikTok sensation,https://www.amazon.fr/Court-Thorns-Roses-Paperback-books/dp/1526657074/ref=sr_1_112,"58,21 €",Sarah J. Maas,"4,8 sur 5 étoiles, détails de l’évaluation",48 794,Broché,https://m.media-amazon.com/images/I/81kUu9Cs+PL._AC_UY218_.jpg,2025-09-04T18:33:18.451676,Description non disponible depuis la recherche,Stock non disponible,ISBN non disponible,Éditeur non disponible,Date non disponible,Nombre de pages non disponible,Rang de vente non disponible,Biographies,7.0,,
"Shadows of Tenebris, T2 : A Touch of Poison",https://www.amazon.fr/Shadows-Tenebris-T2-Touch-Poison/dp/B0F32871ZK/ref=sr_1_113,"26,00 €",Clare Sager,Note non disponible,0 avis,Relié,https://m.media-amazon.com/images/I/71lqgazsvzL._AC_UY218_.jpg,2025-09-04T18:33:18.454974,Description non disponible depuis la recherche,Stock non disponible,ISBN non disponible,Éditeur non disponible,Date non disponible,Nombre de pages non disponible,Rang de vente non disponible,Biographies,7.0,,
La Bénédiction des Cieux 2 (Edition Relié): Tian Guan Ci Fu 2,https://www.amazon.fr/B%C3%A9n%C3%A9diction-Cieux-Reli%C3%A9-Tian-Guan/dp/B0D91L248Z/ref=sr_1_114,"29,99 €",Mo Xiang Tong-Xiu,"4,7 sur 5 étoiles, détails de l’évaluation",22,Relié,https://m.media-amazon.com/images/I/71cBohyyUOL._AC_UY218_.jpg,2025-09-04T18:33:18.458140,Description non disponible depuis la recherche,Stock non disponible,ISBN non disponible,Éditeur non disponible,Date non disponible,Nombre de pages non disponible,Rang de vente non disponible,Biographies,7.0,,
"The Evermore Trilogy, T1 : Rose in Chains",https://www.amazon.fr/Evermore-Trilogy-T1-Rose-Chains/dp/B0F4QJYTRF/ref=sr_1_115,"22,00 €",Julie Soto,Note non disponible,0 avis,Broché,https://m.media-amazon.com/images/I/71w1QKjjp7L._AC_UY218_.jpg,2025-09-04T18:33:18.461121,Description non disponible depuis la recherche,Stock non disponible,ISBN non disponible,Éditeur non disponible,Date non disponible,Nombre de pages non disponible,Rang de vente non disponible,Biographies,7.0,,
Une âme de cendre et de sang: Le sang et la cendre 5,https://www.amazon.fr/Une-%C3%A2me-cendre-sang/dp/B0F4LW7LN1/ref=sr_1_116,"0,00 €",Livres audio Audible,"4,5 sur 5 étoiles, détails de l’évaluation",275,Livres audio Audible,https://m.media-amazon.com/images/I/91Mp5rymjjL._AC_UY218_.jpg,2025-09-04T18:33:18.464269,Description non disponible depuis la recherche,Stock non disponible,ISBN non disponible,Éditeur non disponible,Date non disponible,Nombre de pages non disponible,Rang de vente non disponible,Biographies,7.0,,
Le trône de fer: L'intégrale (2),https://www.amazon.fr/tr%C3%B4ne-2-Lint%C3%A9grale-George-R-R-Martin/dp/229021566X/ref=sr_1_115,"23,00 €",George R.R. Martin,"4,6 sur 5 étoiles, détails de l’évaluation",1 518,Relié,https://m.media-amazon.com/images/I/717Bt19EZSL._AC_UY218_.jpg,2025-09-04T18:33:28.911425,Description non disponible depuis la recherche,Stock non disponible,ISBN non disponible,Éditeur non disponible,Date non disponible,Nombre de pages non disponible,Rang de vente non disponible,Biographies,8.0,,
Blanche-Neige: Les contes interdits,https://www.amazon.fr/Blanche-Neige-contes-interdits-Louis-pier-Sicard/dp/2849336165/ref=sr_1_116,"14,90 €",Louis-Pier Sicard,"4,3 sur 5 étoiles, détails de l’évaluation",1 191,Broché,https://m.media-amazon.com/images/I/71iEeW0It2L._AC_UY218_.jpg,2025-09-04T18:33:28.914383,Description non disponible depuis la recherche,Stock non disponible,ISBN non disponible,Éditeur non disponible,Date non disponible,Nombre de pages non disponible,Rang de vente non disponible,Biographies,8.0,,
L'Assassin royal: Première époque (1),https://www.amazon.fr/LAssassin-royal-Premi%C3%A8re-%C3%A9poque-1/dp/2290085995/ref=sr_1_117,"20,90 €",Robin Hobb,"4,8 sur 5 étoiles, détails de l’évaluation",256,Broché,https://m.media-amazon.com/images/I/61JxBKqMx1L._AC_UY218_.jpg,2025-09-04T18:33:28.916567,Description non disponible depuis la recherche,Stock non disponible,ISBN non disponible,Éditeur non disponible,Date non disponible,Nombre de pages non disponible,Rang de vente non disponible,Biographies,8.0,,
Hidden Pictures,https://www.amazon.fr/Hidden-Pictures-Jason-Rekulak/dp/B0C437331V/ref=sr_1_118,"8,95 €",Jason Rekulak,"4,5 sur 5 étoiles, détails de l’évaluation",112,Poche,https://m.media-amazon.com/images/I/81-RnE4xVJL._AC_UY218_.jpg,2025-09-04T18:33:28.919642,Description non disponible depuis la recherche,Stock non disponible,ISBN non disponible,Éditeur non disponible,Date non disponible,Nombre de pages non disponible,Rang de vente non disponible,Biographies,8.0,,
L'Empire des monstres - Tome 2 Le Trône,https://www.amazon.fr/LEmpire-monstres-Tr%C3%B4ne-Orlane-Gray/dp/2487267186/ref=sr_1_119,"19,90 €",Orlane Gray,"4,7 sur 5 étoiles, détails de l’évaluation",51,Broché,https://m.media-amazon.com/images/I/618VsqHQ6ZL._AC_UY218_.jpg,2025-09-04T18:33:28.922271,Description non disponible depuis la recherche,Stock non disponible,ISBN non disponible,Éditeur non disponible,Date non disponible,Nombre de pages non disponible,Rang de vente non disponible,Biographies,8.0,,
"Le Pont des tempêtes, T5 : Le Trône tourmenté (édition reliée)",https://www.amazon.fr/Pont-temp%C3%AAtes-T5-tourment%C3%A9-%C3%A9dition/dp/B0FGCDF292/ref=sr_1_120,"28,00 €","de Danielle L. Jensen, Marion Curnier, et al. | 8 octobre 2025",Note non disponible,0 avis,Relié,https://m.media-amazon.com/images/I/71ILHzevc7L._AC_UY218_.jpg,2025-09-04T18:33:28.926955,Description non disponible depuis la recherche,Stock non disponible,ISBN non disponible,Éditeur non disponible,Date non disponible,Nombre de pages non disponible,Rang de vente non disponible,Biographies,8.0,,
Sorceleur (Witcher) : Le Sorceleur - Édition Anniversaire,https://www.amazon.fr/Sorceleur-Witcher-Sorceleur-%C3%89dition-Anniversaire/dp/B0C9H4ZJ5L/ref=sr_1_121,"50,00 €",Andrzej Sapkowski,"4,9 sur 5 étoiles, détails de l’évaluation",85,Relié,https://m.media-amazon.com/images/I/819b3j6zcHL._AC_UY218_.jpg,2025-09-04T18:33:28.929109,Description non disponible depuis la recherche,Stock non disponible,ISBN non disponible,Éditeur non disponible,Date non disponible,Nombre de pages non disponible,Rang de vente non disponible,Biographies,8.0,,
Quicksilver: (Deluxe Edition) The utterly addictive enemies-to-lovers romantasy sensation (The Fae & Alchemy Series) (English Edition),https://www.amazon.fr/Quicksilver-addictive-enemies-lovers-romantasy-ebook/dp/B0DF5Q968L/ref=sr_1_122,"0,99 €",Callie Hart,"4,6 sur 5 étoiles, détails de l’évaluation",176 706,Format Kindle,https://m.media-amazon.com/images/I/71K-keYscyL._AC_UY218_.jpg,2025-09-04T18:33:28.933389,Description non disponible depuis la recherche,Stock non disponible,ISBN non disponible,Éditeur non disponible,Date non disponible,Nombre de pages non disponible,Rang de vente non disponible,Biographies,8.0,,
"Heartless Hunter, tome 02 : Rebel Witch",https://www.amazon.fr/Heartless-Hunter-02-Rebel-Witch/dp/2266336002/ref=sr_1_125,"20,90 €",Kristen Ciccarelli,"4,6 sur 5 étoiles, détails de l’évaluation",76,Broché,https://m.media-amazon.com/images/I/71uk68ikA-L._AC_UY218_.jpg,2025-09-04T18:33:28.942592,Description non disponible depuis la recherche,Stock non disponible,ISBN non disponible,Éditeur non disponible,Date non disponible,Nombre de pages non disponible,Rang de vente non disponible,Biographies,8.0,,
A Curse for True Love: The unmissable final book in the Once Upon a Broken Heart series from global fantasy phenomenon,https://www.amazon.fr/Curse-True-Love-thrilling-Broken/dp/1529399327/ref=sr_1_126,"12,12 €",Stephanie Garber,"4,5 sur 5 étoiles, détails de l’évaluation",26 121,Broché,https://m.media-amazon.com/images/I/91EHaC+M-RL._AC_UY218_.jpg,2025-09-04T18:33:28.946075,Description non disponible depuis la recherche,Stock non disponible,ISBN non disponible,Éditeur non disponible,Date non disponible,Nombre de pages non disponible,Rang de vente non disponible,Biographies,8.0,,
Crescent City T01 - Maison de la terre et du sang (ebook),https://www.amazon.fr/Crescent-City-T01-Maison-terre-ebook/dp/B092CGQB2R/ref=sr_1_127,"10,99 €",Sarah J. Maas,"4,7 sur 5 étoiles, détails de l’évaluation",1 145,Format Kindle,https://m.media-amazon.com/images/I/91Ewr3LiFZL._AC_UY218_.jpg,2025-09-04T18:33:28.949456,Description non disponible depuis la recherche,Stock non disponible,ISBN non disponible,Éditeur non disponible,Date non disponible,Nombre de pages non disponible,Rang de vente non disponible,Biographies,8.0,,
Le Trône des Dieux Brisés (Edition relié): Gods and Monsters 2,https://www.amazon.fr/Tr%C3%B4ne-Dieux-Bris%C3%A9s-reli%C3%A9-Monsters/dp/B0DJVGZ9BB/ref=sr_1_128,"29,99 €",de Nicole Amber V. | 19 mars 2025,"4,7 sur 5 étoiles, détails de l’évaluation",120,Relié,https://m.media-amazon.com/images/I/812913IJc2L._AC_UY218_.jpg,2025-09-04T18:33:28.953439,Description non disponible depuis la recherche,Stock non disponible,ISBN non disponible,Éditeur non disponible,Date non disponible,Nombre de pages non disponible,Rang de vente non disponible,Biographies,8.0,,
L'académie des dragons (Kyra Stormrider t. 1),https://www.amazon.fr/Lacad%C3%A9mie-dragons-Kyra-Stormrider-t-ebook/dp/B0CJY5TYNS/ref=sr_1_129,"16,90 €",Jupiter Phaeton,"4,8 sur 5 étoiles, détails de l’évaluation",3 269,Format Kindle,https://m.media-amazon.com/images/I/81cKl9mApoL._AC_UY218_.jpg,2025-09-04T18:33:28.956816,Description non disponible depuis la recherche,Stock non disponible,ISBN non disponible,Éditeur non disponible,Date non disponible,Nombre de pages non disponible,Rang de vente non disponible,Biographies,8.0,,
"La Trilogie de la Bibliothèque, T1 : Le livre qui refusait de brûler",https://www.amazon.fr/Trilogie-Biblioth%C3%A8que-T1-refusait-br%C3%BBler/dp/B0CX1C22G9/ref=sr_1_130,"28,00 €",Mark Lawrence,"4,3 sur 5 étoiles, détails de l’évaluation",102,Relié,https://m.media-amazon.com/images/I/816e7bkNbIL._AC_UY218_.jpg,2025-09-04T18:33:28.960440,Description non disponible depuis la recherche,Stock non disponible,ISBN non disponible,Éditeur non disponible,Date non disponible,Nombre de pages non disponible,Rang de vente non disponible,Biographies,8.0,,
Le Noeud de la sorcière,https://www.amazon.fr/Noeud-sorci%C3%A8re-Deborah-Harkness/dp/2253183865/ref=sr_1_131,"12,40 €",Deborah Harkness,"4,7 sur 5 étoiles, détails de l’évaluation",978,Poche,https://m.media-amazon.com/images/I/81K57rT7GUL._AC_UY218_.jpg,2025-09-04T18:33:28.963055,Description non disponible depuis la recherche,Stock non disponible,ISBN non disponible,Éditeur non disponible,Date non disponible,Nombre de pages non disponible,Rang de vente non disponible,Biographies,8.0,,
Harry Potter Boxed Set: The Complete Collection (Adult Paperback),https://www.amazon.fr/Harry-Potter-Boxed-Set-Collection/dp/1408898659/ref=sr_1_132,"69,99 €",J.K. Rowling,"4,8 sur 5 étoiles, détails de l’évaluation",3 784,Coffret produits,https://m.media-amazon.com/images/I/91NItWvl89L._AC_UY218_.jpg,2025-09-04T18:33:28.965791,Description non disponible depuis la recherche,Stock non disponible,ISBN non disponible,Éditeur non disponible,Date non disponible,Nombre de pages non disponible,Rang de vente non disponible,Biographies,8.0,,
L'Assassin royal: Deuxième époque (1),https://www.amazon.fr/Lassassin-royal-deuxi%C3%A8me-%C3%A9poque-1/dp/2290102784/ref=sr_1_131,"20,90 €",Robin Hobb,"4,8 sur 5 étoiles, détails de l’évaluation",184,Broché,https://m.media-amazon.com/images/I/61EUrRveuzL._AC_UY218_.jpg,2025-09-04T18:33:39.028686,Description non disponible depuis la recherche,Stock non disponible,ISBN non disponible,Éditeur non disponible,Date non disponible,Nombre de pages non disponible,Rang de vente non disponible,Biographies,9.0,,
Eisenhorn: Xenos Malleus Hereticus,https://www.amazon.fr/Trilogie-Eisenhorn-Xenos-Malleus-Hereticus/dp/1780303971/ref=sr_1_132,"17,00 €",Dan Abnett,"4,7 sur 5 étoiles, détails de l’évaluation",85,Broché,https://m.media-amazon.com/images/I/812ajJ5QA5L._AC_UY218_.jpg,2025-09-04T18:33:39.030593,Description non disponible depuis la recherche,Stock non disponible,ISBN non disponible,Éditeur non disponible,Date non disponible,Nombre de pages non disponible,Rang de vente non disponible,Biographies,9.0,,
"Le peuple des Mots: une quête initiatique, drôle et touchante, pour les amoureux du langage et des livres",https://www.amazon.fr/peuple-Mots-initiatique-touchante-amoureux/dp/2488116009/ref=sr_1_133,"18,90 €",Didier BERTRAND,"4,8 sur 5 étoiles, détails de l’évaluation",28,Broché,https://m.media-amazon.com/images/I/71qkrkh6zlL._AC_UY218_.jpg,2025-09-04T18:33:39.032685,Description non disponible depuis la recherche,Stock non disponible,ISBN non disponible,Éditeur non disponible,Date non disponible,Nombre de pages non disponible,Rang de vente non disponible,Biographies,9.0,,
Sur un monde Cannibale,https://www.amazon.fr/Sur-monde-Cannibale-Victoria-Hayward/dp/1836092393/ref=sr_1_134,"15,00 €",Victoria Hayward,Note non disponible,0 avis,Broché,https://m.media-amazon.com/images/I/41tBBVoVfBL._AC_UY218_.jpg,2025-09-04T18:33:39.035628,Description non disponible depuis la recherche,Stock non disponible,ISBN non disponible,Éditeur non disponible,Date non disponible,Nombre de pages non disponible,Rang de vente non disponible,Biographies,9.0,,
Beasts of the Briar Tome 1 - relié,https://www.amazon.fr/Beasts-Briar-reli%C3%A9-Elizabeth-Helen/dp/2385791196/ref=sr_1_135,"25,90 €",Elizabeth Helen,"4,6 sur 5 étoiles, détails de l’évaluation",191,Relié,https://m.media-amazon.com/images/I/81g7GSkykyL._AC_UY218_.jpg,2025-09-04T18:33:39.039052,Description non disponible depuis la recherche,Stock non disponible,ISBN non disponible,Éditeur non disponible,Date non disponible,Nombre de pages non disponible,Rang de vente non disponible,Biographies,9.0,,
La Guerre des deux Reines: Le Sang et la cendre 4,https://www.amazon.fr/Guerre-deux-Reines-Sang-cendre/dp/B0DSY9W4P3/ref=sr_1_136,"0,00 €",Livres audio Audible,"4,7 sur 5 étoiles, détails de l’évaluation",645,Livres audio Audible,https://m.media-amazon.com/images/I/91YvTsSlqGL._AC_UY218_.jpg,2025-09-04T18:33:39.042279,Description non disponible depuis la recherche,Stock non disponible,ISBN non disponible,Éditeur non disponible,Date non disponible,Nombre de pages non disponible,Rang de vente non disponible,Biographies,9.0,,
Sortilèges & Speed Dating,https://www.amazon.fr/Sortil%C3%A8ges-Speed-Dating-Charlie-Morrighan/dp/B0DTG15PTB/ref=sr_1_137,"15,00 €",Charlie Morrighan,"4,5 sur 5 étoiles, détails de l’évaluation",126,Broché,https://m.media-amazon.com/images/I/71zwcaJUf4L._AC_UY218_.jpg,2025-09-04T18:33:39.044306,Description non disponible depuis la recherche,Stock non disponible,ISBN non disponible,Éditeur non disponible,Date non disponible,Nombre de pages non disponible,Rang de vente non disponible,Biographies,9.0,,
Dracula,https://www.amazon.fr/Dracula-Bram-Stoker/dp/2253023388/ref=sr_1_138,"4,80 €",Bram Stoker,"4,6 sur 5 étoiles, détails de l’évaluation",503,Poche,https://m.media-amazon.com/images/I/91u9V9+gjdL._AC_UY218_.jpg,2025-09-04T18:33:39.047077,Description non disponible depuis la recherche,Stock non disponible,ISBN non disponible,Éditeur non disponible,Date non disponible,Nombre de pages non disponible,Rang de vente non disponible,Biographies,9.0,,
Le Serment du Haut Kâhl,https://www.amazon.fr/Serment-du-Haut-K%C3%A2hl/dp/1836092407/ref=sr_1_141,"15,00 €",Monsieur Gav Thorpe,Note non disponible,0 avis,Broché,https://m.media-amazon.com/images/I/41JDy68yAQL._AC_UY218_.jpg,2025-09-04T18:33:39.056230,Description non disponible depuis la recherche,Stock non disponible,ISBN non disponible,Éditeur non disponible,Date non disponible,Nombre de pages non disponible,Rang de vente non disponible,Biographies,9.0,,
La reine maudite: Dark Fairytales 4 (relié),https://www.amazon.fr/reine-maudite-Dark-Fairytales-reli%C3%A9/dp/B0F6BLWLNH/ref=sr_1_142,"29,99 €",K.F. Breene,"4,2 sur 5 étoiles, détails de l’évaluation",3,Relié,https://m.media-amazon.com/images/I/415-G18bJaL._AC_UY218_.jpg,2025-09-04T18:33:39.059362,Description non disponible depuis la recherche,Stock non disponible,ISBN non disponible,Éditeur non disponible,Date non disponible,Nombre de pages non disponible,Rang de vente non disponible,Biographies,9.0,,
Once Upon a Broken Heart: Discover the global bestselling fairytale sensation from the author of Caraval,https://www.amazon.fr/Once-Broken-Heart-Stephanie-Garber/dp/1529380944/ref=sr_1_143,"12,12 €",Stephanie Garber,"4,3 sur 5 étoiles, détails de l’évaluation",29 951,Broché,https://m.media-amazon.com/images/I/81cNHxU3pzL._AC_UY218_.jpg,2025-09-04T18:33:39.062936,Description non disponible depuis la recherche,Stock non disponible,ISBN non disponible,Éditeur non disponible,Date non disponible,Nombre de pages non disponible,Rang de vente non disponible,Biographies,9.0,,
La Chute de Cadia,https://www.amazon.fr/Chute-Cadia-Robert-Rath/dp/1836092237/ref=sr_1_144,"16,00 €",Robert Rath,"5,0 sur 5 étoiles, détails de l’évaluation",3,Broché,https://m.media-amazon.com/images/I/4128WzojshL._AC_UY218_.jpg,2025-09-04T18:33:39.065689,Description non disponible depuis la recherche,Stock non disponible,ISBN non disponible,Éditeur non disponible,Date non disponible,Nombre de pages non disponible,Rang de vente non disponible,Biographies,9.0,,
Détruire le jour,https://www.amazon.fr/D%C3%A9truire-jour-Brigid-Kemmerer/dp/2700283511/ref=sr_1_145,"22,50 €",de Brigid Kemmerer et Lilas Nord | 9 juillet 2025,"4,8 sur 5 étoiles, détails de l’évaluation",6,Broché,https://m.media-amazon.com/images/I/71gK3dH1jJL._AC_UY218_.jpg,2025-09-04T18:33:39.069068,Description non disponible depuis la recherche,Stock non disponible,ISBN non disponible,Éditeur non disponible,Date non disponible,Nombre de pages non disponible,Rang de vente non disponible,Biographies,9.0,,
Zodiac Academy 3: Le Jugement (Zodiac Academy (Édition Française)),https://www.amazon.fr/Zodiac-Academy-Jugement-%C3%89dition-Fran%C3%A7aise-ebook/dp/B0F5WZ7DG5/ref=sr_1_146,"22,14 €",Caroline Peckham,"4,8 sur 5 étoiles, détails de l’évaluation",520,Format Kindle,https://m.media-amazon.com/images/I/91EpsqWhStL._AC_UY218_.jpg,2025-09-04T18:33:39.071386,Description non disponible depuis la recherche,Stock non disponible,ISBN non disponible,Éditeur non disponible,Date non disponible,Nombre de pages non disponible,Rang de vente non disponible,Biographies,9.0,,
"Heartless Hunter (French Edition): The Crimson Moth, Tome 1",https://www.amazon.fr/Heartless-Hunter-Crimson-Moth-1/dp/B0DK26L5DC/ref=sr_1_147,"0,00 €",Livres audio Audible,"4,5 sur 5 étoiles, détails de l’évaluation",110,Livres audio Audible,https://m.media-amazon.com/images/I/81+yXsMGxbL._AC_UY218_.jpg,2025-09-04T18:33:39.074643,Description non disponible depuis la recherche,Stock non disponible,ISBN non disponible,Éditeur non disponible,Date non disponible,Nombre de pages non disponible,Rang de vente non disponible,Biographies,9.0,,
Omnibus III,https://www.amazon.fr/Omnibus-III-Monsieur-John-French/dp/183609258X/ref=sr_1_148,"25,00 €",de Monsieur John French et Monsieur Chris Wraight | 3 décembre 2025,Note non disponible,0 avis,Broché,https://m.media-amazon.com/images/I/71anaXQVSbL._AC_UY218_.jpg,2025-09-04T18:33:39.077354,Description non disponible depuis la recherche,Stock non disponible,ISBN non disponible,Éditeur non disponible,Date non disponible,Nombre de pages non disponible,Rang de vente non disponible,Biographies,9.0,,
Monster,https://www.amazon.fr/Monster-Cynthia-Havendean/dp/2925009468/ref=sr_1_147,"23,16 €",Cynthia Havendean,"4,4 sur 5 étoiles, détails de l’évaluation",1 485,Broché,https://m.media-amazon.com/images/I/61A-Dm2kzrL._AC_UY218_.jpg,2025-09-04T18:33:50.089347,Description non disponible depuis la recherche,Stock non disponible,ISBN non disponible,Éditeur non disponible,Date non disponible,Nombre de pages non disponible,Rang de vente non disponible,Biographies,10.0,,
Les portes de la perception,https://www.amazon.fr/portes-perception-Aldous-Huxley/dp/2264034076/ref=sr_1_148,"8,90 €",Aldous Huxley,"4,5 sur 5 étoiles, détails de l’évaluation",337,Poche,https://m.media-amazon.com/images/I/61IyZGGgqeL._AC_UY218_.jpg,2025-09-04T18:33:50.092164,Description non disponible depuis la recherche,Stock non disponible,ISBN non disponible,Éditeur non disponible,Date non disponible,Nombre de pages non disponible,Rang de vente non disponible,Biographies,10.0,,
La belle et la bête,https://www.amazon.fr/belle-b%C3%AAte-Simon-Brousseau/dp/284933667X/ref=sr_1_149,"14,90 €",Simon Rousseau,"4,6 sur 5 étoiles, détails de l’évaluation",800,Broché,https://m.media-amazon.com/images/I/61FVTL5-QNL._AC_UY218_.jpg,2025-09-04T18:33:50.095432,Description non disponible depuis la recherche,Stock non disponible,ISBN non disponible,Éditeur non disponible,Date non disponible,Nombre de pages non disponible,Rang de vente non disponible,Biographies,10.0,,
L'École de la nuit,https://www.amazon.fr/L%C3%89cole-nuit-Deborah-Harkness/dp/2253169846/ref=sr_1_150,"12,40 €",Deborah Harkness,"4,7 sur 5 étoiles, détails de l’évaluation",898,Poche,https://m.media-amazon.com/images/I/812w4jcFIqL._AC_UY218_.jpg,2025-09-04T18:33:50.098267,Description non disponible depuis la recherche,Stock non disponible,ISBN non disponible,Éditeur non disponible,Date non disponible,Nombre de pages non disponible,Rang de vente non disponible,Biographies,10.0,,
"Un défilé de robots - Le cycle des robots, tome 2",https://www.amazon.fr/d%C3%A9fil%C3%A9-robots-cycle/dp/2290311251/ref=sr_1_151,"8,20 €",Isaac Asimov,"4,6 sur 5 étoiles, détails de l’évaluation",824,Poche,https://m.media-amazon.com/images/I/71MkoiEKGUL._AC_UY218_.jpg,2025-09-04T18:33:50.100909,Description non disponible depuis la recherche,Stock non disponible,ISBN non disponible,Éditeur non disponible,Date non disponible,Nombre de pages non disponible,Rang de vente non disponible,Biographies,10.0,,
La Cité des brumes oubliées,https://www.amazon.fr/Cit%C3%A9-brumes-oubli%C3%A9es-Sachiko-Kashiwaba/dp/2376972108/ref=sr_1_152,"13,90 €",Sachiko Kashiwaba,"4,7 sur 5 étoiles, détails de l’évaluation",339,Broché,https://m.media-amazon.com/images/I/81tp0EDgp6L._AC_UY218_.jpg,2025-09-04T18:33:50.104052,Description non disponible depuis la recherche,Stock non disponible,ISBN non disponible,Éditeur non disponible,Date non disponible,Nombre de pages non disponible,Rang de vente non disponible,Biographies,10.0,,
Beasts of the Briar - Tome 2 Woven by Gold - édition reliée,https://www.amazon.fr/Beasts-Briar-2-Woven-Gold/dp/2385791439/ref=sr_1_153,"26,90 €",Elizabeth Helen,"4,6 sur 5 étoiles, détails de l’évaluation",97,Relié,https://m.media-amazon.com/images/I/61Pw3AIuo+L._AC_UY218_.jpg,2025-09-04T18:33:50.107857,Description non disponible depuis la recherche,Stock non disponible,ISBN non disponible,Éditeur non disponible,Date non disponible,Nombre de pages non disponible,Rang de vente non disponible,Biographies,10.0,,
Running Man,https://www.amazon.fr/Running-Man-Stephen-King/dp/2253151513/ref=sr_1_154,"9,20 €",Stephen King,"4,5 sur 5 étoiles, détails de l’évaluation",719,Poche,https://m.media-amazon.com/images/I/71qo7hmO74L._AC_UY218_.jpg,2025-09-04T18:33:50.111408,Description non disponible depuis la recherche,Stock non disponible,ISBN non disponible,Éditeur non disponible,Date non disponible,Nombre de pages non disponible,Rang de vente non disponible,Biographies,10.0,,
Les Éxilés du Vide,https://www.amazon.fr/%C3%89xil%C3%A9s-du-Vide-Robbie-MacNiven/dp/183609020X/ref=sr_1_157,"15,00 €",Robbie MacNiven,"3,8 sur 5 étoiles, détails de l’évaluation",8,Broché,https://m.media-amazon.com/images/I/41eq2qpU0sL._AC_UY218_.jpg,2025-09-04T18:33:50.120280,Description non disponible depuis la recherche,Stock non disponible,ISBN non disponible,Éditeur non disponible,Date non disponible,Nombre de pages non disponible,Rang de vente non disponible,Biographies,10.0,,
Sainte Terreur (Opale),https://www.amazon.fr/Sainte-Terreur-Opale-Kalypso-Caldin-ebook/dp/B0FCQ1NVM2/ref=sr_1_158,"5,99 €",Kalypso Caldin,"4,0 sur 5 étoiles, détails de l’évaluation",10,Format Kindle,https://m.media-amazon.com/images/I/91XxYyBi5iL._AC_UY218_.jpg,2025-09-04T18:33:50.122622,Description non disponible depuis la recherche,Stock non disponible,ISBN non disponible,Éditeur non disponible,Date non disponible,Nombre de pages non disponible,Rang de vente non disponible,Biographies,10.0,,
Colonie Une Mars (Colonie Mars t. 1),https://www.amazon.fr/Colonie-Une-Mars-t-ebook/dp/B0F2SKKGK8/ref=sr_1_159,"13,70 €",Gerald M. Kilby,"4,4 sur 5 étoiles, détails de l’évaluation",238,Format Kindle,https://m.media-amazon.com/images/I/71jLgWOoteL._AC_UY218_.jpg,2025-09-04T18:33:50.124745,Description non disponible depuis la recherche,Stock non disponible,ISBN non disponible,Éditeur non disponible,Date non disponible,Nombre de pages non disponible,Rang de vente non disponible,Biographies,10.0,,
La Couronne d'os dorés: Le Sang et la Cendre 3,https://www.amazon.fr/Couronne-dos-dor%C3%A9s-Sang-Cendre/dp/B0DLHYRDQ7/ref=sr_1_160,"0,00 €",Livres audio Audible,"4,7 sur 5 étoiles, détails de l’évaluation",404,Livres audio Audible,https://m.media-amazon.com/images/I/91cY+U135cL._AC_UY218_.jpg,2025-09-04T18:33:50.127807,Description non disponible depuis la recherche,Stock non disponible,ISBN non disponible,Éditeur non disponible,Date non disponible,Nombre de pages non disponible,Rang de vente non disponible,Biographies,10.0,,
The Ballad of Never After: Step into a world of fairytales and magic with the second book in the global bestselling Once Upon a Broken Heart series,https://www.amazon.fr/Ballad-Never-After-Stephanie-Garber/dp/1529381002/ref=sr_1_161,"12,15 €",Stephanie Garber,"4,6 sur 5 étoiles, détails de l’évaluation",24 895,Broché,https://m.media-amazon.com/images/I/A1SHu8gerlL._AC_UY218_.jpg,2025-09-04T18:33:50.131363,Description non disponible depuis la recherche,Stock non disponible,ISBN non disponible,Éditeur non disponible,Date non disponible,Nombre de pages non disponible,Rang de vente non disponible,Biographies,10.0,,
"Le Puits de l'ascension (Fils-des-Brumes, Tome 2)",https://www.amazon.fr/Puits-lascension-Fils-brumes/dp/2253023612/ref=sr_1_162,"13,40 €",Brandon Sanderson,"4,5 sur 5 étoiles, détails de l’évaluation",382,Poche,https://m.media-amazon.com/images/I/71lyCbwcGSL._AC_UY218_.jpg,2025-09-04T18:33:50.134408,Description non disponible depuis la recherche,Stock non disponible,ISBN non disponible,Éditeur non disponible,Date non disponible,Nombre de pages non disponible,Rang de vente non disponible,Biographies,10.0,,
"Sorceleur (Witcher), T2 : L'Épée de la providence (traduction révisée)",https://www.amazon.fr/L%C3%89p%C3%A9e-providence-Sorceleur-Andrzej-Sapkowski-ebook/dp/B0099OP4WC/ref=sr_1_163,"5,99 €",Andrzej Sapkowski,"4,7 sur 5 étoiles, détails de l’évaluation",3 823,Format Kindle,https://m.media-amazon.com/images/I/912jpOadbSL._AC_UY218_.jpg,2025-09-04T18:33:50.137759,Description non disponible depuis la recherche,Stock non disponible,ISBN non disponible,Éditeur non disponible,Date non disponible,Nombre de pages non disponible,Rang de vente non disponible,Biographies,10.0,,
"Le dragon et l'oiseau: La Mémoire des Os, Vol. 1",https://www.amazon.fr/dragon-loiseau-M%C3%A9moire-Os-Vol/dp/B0FCXZGFW1/ref=sr_1_164,"0,00 €",Livres audio Audible,"4,8 sur 5 étoiles, détails de l’évaluation",35,Livres audio Audible,https://m.media-amazon.com/images/I/91us0uz42CL._AC_UY218_.jpg,2025-09-04T18:33:50.140909,Description non disponible depuis la recherche,Stock non disponible,ISBN non disponible,Éditeur non disponible,Date non disponible,Nombre de pages non disponible,Rang de vente non disponible,Biographies,10.0,,
Le Silmarillion,https://www.amazon.fr/Silmarillion-John-Ronald-Reuel-Tolkien/dp/2266121022/ref=sr_1_163,"8,10 €",J. R. R. (John Ronald Reuel) Tolkien,"4,7 sur 5 étoiles, détails de l’évaluation",2 006,Poche,https://m.media-amazon.com/images/I/71WG75vDjQL._AC_UY218_.jpg,2025-09-04T18:39:38.026315,Description non disponible depuis la recherche,Stock non disponible,ISBN non disponible,Éditeur non disponible,Date non disponible,Nombre de pages non disponible,Rang de vente non disponible,Biographies,11.0,,
Les Thanatonautes,https://www.amazon.fr/Thanatonautes-Bernard-Werber/dp/225313922X/ref=sr_1_164,"9,90 €",Bernard Werber,"4,5 sur 5 étoiles, détails de l’évaluation",1 731,Poche,https://m.media-amazon.com/images/I/7166wTp78yL._AC_UY218_.jpg,2025-09-04T18:39:38.029689,Description non disponible depuis la recherche,Stock non disponible,ISBN non disponible,Éditeur non disponible,Date non disponible,Nombre de pages non disponible,Rang de vente non disponible,Biographies,11.0,,
Heaven Official's Blessing T01 - Edition collector,https://www.amazon.fr/Heaven-Officials-Blessing-T01-collector/dp/2382884290/ref=sr_1_165,"29,95 €",de Starember et Mo Xiang Tong Xiu | 24 septembre 2025,Note non disponible,0 avis,Broché,https://m.media-amazon.com/images/I/813AM76PbiL._AC_UY218_.jpg,2025-09-04T18:39:38.032370,Description non disponible depuis la recherche,Stock non disponible,ISBN non disponible,Éditeur non disponible,Date non disponible,Nombre de pages non disponible,Rang de vente non disponible,Biographies,11.0,,
Sombre Imperium : La Trilogie,https://www.amazon.fr/Sombre-Imperium-Trilogie-Guy-Haley/dp/1804071935/ref=sr_1_166,"19,00 €",Guy Haley,"4,5 sur 5 étoiles, détails de l’évaluation",118,Broché,https://m.media-amazon.com/images/I/71pV64cL7lL._AC_UY218_.jpg,2025-09-04T18:39:38.035065,Description non disponible depuis la recherche,Stock non disponible,ISBN non disponible,Éditeur non disponible,Date non disponible,Nombre de pages non disponible,Rang de vente non disponible,Biographies,11.0,,
"A Court of Mist and Fury: The second book in the GLOBALLY BESTSELLING, SENSATIONAL series (A Court of Thorns and Roses 2) (English Edition)",https://www.amazon.fr/Court-Mist-Fury-Sarah-Maas-ebook/dp/B01A8ZNWXS/ref=sr_1_167,"10,22 €",Sarah J. Maas,"4,8 sur 5 étoiles, détails de l’évaluation",268 194,Format Kindle,https://m.media-amazon.com/images/I/81zCK5-V09L._AC_UY218_.jpg,2025-09-04T18:39:38.038730,Description non disponible depuis la recherche,Stock non disponible,ISBN non disponible,Éditeur non disponible,Date non disponible,Nombre de pages non disponible,Rang de vente non disponible,Biographies,11.0,,
L'apprenti assassin: L'Assassin Royal 1,https://www.amazon.fr/Lapprenti-assassin-Lassassin-royal-1/dp/B01M8HY927/ref=sr_1_168,"0,00 €",Livres audio Audible,"4,6 sur 5 étoiles, détails de l’évaluation",1 753,Livres audio Audible,https://m.media-amazon.com/images/I/81kFb3lMjmL._AC_UY218_.jpg,2025-09-04T18:39:38.042067,Description non disponible depuis la recherche,Stock non disponible,ISBN non disponible,Éditeur non disponible,Date non disponible,Nombre de pages non disponible,Rang de vente non disponible,Biographies,11.0,,
La souveraine ardente (La Reine sans couronne t. 3),https://www.amazon.fr/souveraine-ardente-Reine-sans-couronne-ebook/dp/B0DK1D7PCW/ref=sr_1_169,"25,00 €",L. C.  Blake,"4,8 sur 5 étoiles, détails de l’évaluation",1 286,Format Kindle,https://m.media-amazon.com/images/I/81qT1DbNUgL._AC_UY218_.jpg,2025-09-04T18:39:38.044060,Description non disponible depuis la recherche,Stock non disponible,ISBN non disponible,Éditeur non disponible,Date non disponible,Nombre de pages non disponible,Rang de vente non disponible,Biographies,11.0,,
Le Medium (Suspense et Sentiments),https://www.amazon.fr/Medium-suspense-Julia-Salvador-ebook/dp/B08J448KKT/ref=sr_1_170,"7,99 €",Julia Salvador,"4,4 sur 5 étoiles, détails de l’évaluation",5 905,Format Kindle,https://m.media-amazon.com/images/I/91Amo0wuRJL._AC_UY218_.jpg,2025-09-04T18:39:38.046635,Description non disponible depuis la recherche,Stock non disponible,ISBN non disponible,Éditeur non disponible,Date non disponible,Nombre de pages non disponible,Rang de vente non disponible,Biographies,11.0,,
Le Seigneur des Anneaux - Tome 2 édition brochée et illustrée : Les deux Tours,https://www.amazon.fr/Seigneur-Anneaux-%C3%A9dition-broch%C3%A9e-illustr%C3%A9e/dp/2267054868/ref=sr_1_173,"39,00 €",de J. R. R. Tolkien et Daniel Lauzon | 11 septembre 2025,Note non disponible,0 avis,Relié,https://m.media-amazon.com/images/I/81JoFyMYluL._AC_UY218_.jpg,2025-09-04T18:39:38.055496,Description non disponible depuis la recherche,Stock non disponible,ISBN non disponible,Éditeur non disponible,Date non disponible,Nombre de pages non disponible,Rang de vente non disponible,Biographies,11.0,,
Eriophora (Roman),https://www.amazon.fr/Eriophora-Roman-Peter-Watts-ebook/dp/B08FTKWWBW/ref=sr_1_174,"8,99 €",Peter Watts,"3,6 sur 5 étoiles, détails de l’évaluation",71,Format Kindle,https://m.media-amazon.com/images/I/81yWDYVX+3L._AC_UY218_.jpg,2025-09-04T18:39:38.058311,Description non disponible depuis la recherche,Stock non disponible,ISBN non disponible,Éditeur non disponible,Date non disponible,Nombre de pages non disponible,Rang de vente non disponible,Biographies,11.0,,
Un feu dans la chair: La chair et le feu 3,https://www.amazon.fr/feu-dans-chair/dp/B0F7TNZXQK/ref=sr_1_175,"0,00 €",Livres audio Audible,"4,6 sur 5 étoiles, détails de l’évaluation",164,Livres audio Audible,https://m.media-amazon.com/images/I/81xueyeX3JL._AC_UY218_.jpg,2025-09-04T18:39:38.061680,Description non disponible depuis la recherche,Stock non disponible,ISBN non disponible,Éditeur non disponible,Date non disponible,Nombre de pages non disponible,Rang de vente non disponible,Biographies,11.0,,
Les Mondes d'Ewilan - Intégrale Collector,https://www.amazon.fr/Mondes-dEwilan-Int%C3%A9grale-Collector/dp/2700283937/ref=sr_1_176,"33,00 €",Pierre Bottero,"4,4 sur 5 étoiles, détails de l’évaluation",28,Relié,https://m.media-amazon.com/images/I/81iLtKu2PJL._AC_UY218_.jpg,2025-09-04T18:39:38.063793,Description non disponible depuis la recherche,Stock non disponible,ISBN non disponible,Éditeur non disponible,Date non disponible,Nombre de pages non disponible,Rang de vente non disponible,Biographies,11.0,,
Skandar - tome 4 - et la malédiction du squelette,https://www.amazon.fr/Skandar-4-mal%C3%A9diction-du-squelette/dp/2017248363/ref=sr_1_177,"19,00 €",A.F. Steadman,"4,8 sur 5 étoiles, détails de l’évaluation",26,Broché,https://m.media-amazon.com/images/I/81vqhzBkErL._AC_UY218_.jpg,2025-09-04T18:39:38.066478,Description non disponible depuis la recherche,Stock non disponible,ISBN non disponible,Éditeur non disponible,Date non disponible,Nombre de pages non disponible,Rang de vente non disponible,Biographies,11.0,,
Immortal consequences (1),https://www.amazon.fr/Immortal-consequences-I-V-Marie/dp/2266346873/ref=sr_1_178,"19,90 €",I. V. Marie,Note non disponible,0 avis,Broché,https://m.media-amazon.com/images/I/71szvurbZ9L._AC_UY218_.jpg,2025-09-04T18:39:38.069538,Description non disponible depuis la recherche,Stock non disponible,ISBN non disponible,Éditeur non disponible,Date non disponible,Nombre de pages non disponible,Rang de vente non disponible,Biographies,11.0,,
L'héritage des dragons (Kyra Stormrider t. 3),https://www.amazon.fr/Lh%C3%A9ritage-dragons-Kyra-Stormrider-t-ebook/dp/B0CJY63HHV/ref=sr_1_179,"16,90 €",Jupiter Phaeton,"4,8 sur 5 étoiles, détails de l’évaluation",2 691,Format Kindle,https://m.media-amazon.com/images/I/81gs7R7P0aL._AC_UY218_.jpg,2025-09-04T18:39:38.072523,Description non disponible depuis la recherche,Stock non disponible,ISBN non disponible,Éditeur non disponible,Date non disponible,Nombre de pages non disponible,Rang de vente non disponible,Biographies,11.0,,
"Le Héros des siècles (Fils-des-Brumes, Tome 3)",https://www.amazon.fr/H%C3%A9ros-si%C3%A8cles-Fils-Brumes/dp/2253134813/ref=sr_1_180,"13,40 €",Brandon Sanderson,"4,6 sur 5 étoiles, détails de l’évaluation",385,Poche,https://m.media-amazon.com/images/I/81Te9uxJ-qL._AC_UY218_.jpg,2025-09-04T18:39:38.075620,Description non disponible depuis la recherche,Stock non disponible,ISBN non disponible,Éditeur non disponible,Date non disponible,Nombre de pages non disponible,Rang de vente non disponible,Biographies,11.0,,
L'empire du loup - 2- La toile du temps (Morsures Bit-lit - Elixir of Moonlight),https://www.amazon.fr/Lempire-loup-Morsures-Bit-lit-Moonlight-ebook/dp/B0FMBSSRM2/ref=sr_1_179,Prix non disponible,Lisa Barthelet,"4,8 sur 5 étoiles, détails de l’évaluation",8,Format Kindle,https://m.media-amazon.com/images/I/717b4hE5AeL._AC_UY218_.jpg,2025-09-04T18:39:47.852299,Description non disponible depuis la recherche,Stock non disponible,ISBN non disponible,Éditeur non disponible,Date non disponible,Nombre de pages non disponible,Rang de vente non disponible,Biographies,12.0,,
Lorsque tombera la nuit - Tome 02 La Nuit se révolte (relié collector),https://www.amazon.fr/Lorsque-tombera-nuit-r%C3%A9volte-collector/dp/2385661950/ref=sr_1_180,"27,90 €",Chloe C. Penaranda,"4,6 sur 5 étoiles, détails de l’évaluation",3,Relié,https://m.media-amazon.com/images/I/71HFAHOm8nL._AC_UY218_.jpg,2025-09-04T18:39:47.855620,Description non disponible depuis la recherche,Stock non disponible,ISBN non disponible,Éditeur non disponible,Date non disponible,Nombre de pages non disponible,Rang de vente non disponible,Biographies,12.0,,
Le Hobbit,https://www.amazon.fr/Le-Hobbit/dp/B01CUY92GG/ref=sr_1_181,"0,00 €",Livres audio Audible,"4,7 sur 5 étoiles, détails de l’évaluation",2 361,Livres audio Audible,https://m.media-amazon.com/images/I/61QhIC8qW1L._AC_UY218_.jpg,2025-09-04T18:39:47.858809,Description non disponible depuis la recherche,Stock non disponible,ISBN non disponible,Éditeur non disponible,Date non disponible,Nombre de pages non disponible,Rang de vente non disponible,Biographies,12.0,,
"Les Diables: Les Diables, Vol. 1",https://www.amazon.fr/Diables-Vol-1/dp/B0FGJCD8M4/ref=sr_1_182,"0,00 €",Livres audio Audible,"4,6 sur 5 étoiles, détails de l’évaluation",68,Livres audio Audible,https://m.media-amazon.com/images/I/819dOpKBl6L._AC_UY218_.jpg,2025-09-04T18:39:47.862547,Description non disponible depuis la recherche,Stock non disponible,ISBN non disponible,Éditeur non disponible,Date non disponible,Nombre de pages non disponible,Rang de vente non disponible,Biographies,12.0,,
CAHIER DE TEXTE: Sirène fantastique écaille océan nature magique zen or aquarelle pour écoliers fille garçon en primaire cp ce1 ce2 cm1 cm2 collège.,https://www.amazon.fr/CAHIER-TEXTE-fantastique-aquarelle-%C3%A9coliers/dp/B0DCGK5P8M/ref=sr_1_183,"10,99 €",de Léa Lamerveille | 7 août 2024,"3,3 sur 5 étoiles, détails de l’évaluation",8,Broché,https://m.media-amazon.com/images/I/71jFboVEtLL._AC_UY218_.jpg,2025-09-04T18:39:47.864968,Description non disponible depuis la recherche,Stock non disponible,ISBN non disponible,Éditeur non disponible,Date non disponible,Nombre de pages non disponible,Rang de vente non disponible,Biographies,12.0,,
Cahier de Texte 2025 2026: Cahier Hebdomadaire des Devoirs et Leçons | Carnet Scolaire Idéal pour Primaire,https://www.amazon.fr/Cahier-Texte-2025-2026-Hebdomadaire/dp/B0FPB9SCVG/ref=sr_1_184,"12,99 €",de Naya Papillon | 24 août 2025,Note non disponible,0 avis,Broché,https://m.media-amazon.com/images/I/716Ax+AGebL._AC_UY218_.jpg,2025-09-04T18:39:47.867411,Description non disponible depuis la recherche,Stock non disponible,ISBN non disponible,Éditeur non disponible,Date non disponible,Nombre de pages non disponible,Rang de vente non disponible,Biographies,12.0,,
La Force du temps,https://www.amazon.fr/Force-du-temps-Deborah-Harkness/dp/2253260576/ref=sr_1_185,"9,20 €",Deborah Harkness,"4,5 sur 5 étoiles, détails de l’évaluation",353,Poche,https://m.media-amazon.com/images/I/817I3ZmitGL._AC_UY218_.jpg,2025-09-04T18:39:47.870998,Description non disponible depuis la recherche,Stock non disponible,ISBN non disponible,Éditeur non disponible,Date non disponible,Nombre de pages non disponible,Rang de vente non disponible,Biographies,12.0,,
Le Livre des portes,https://www.amazon.fr/Audible-Le-Livre-des-portes/dp/B0F1N284YJ/ref=sr_1_186,"0,00 €",Livres audio Audible,"4,5 sur 5 étoiles, détails de l’évaluation",43,Livres audio Audible,https://m.media-amazon.com/images/I/91zbO3vLZtL._AC_UY218_.jpg,2025-09-04T18:39:47.874179,Description non disponible depuis la recherche,Stock non disponible,ISBN non disponible,Éditeur non disponible,Date non disponible,Nombre de pages non disponible,Rang de vente non disponible,Biographies,12.0,,
L'Assassin royal: La voie magique (5),https://www.amazon.fr/LAssassin-royal-voie-magique-5/dp/2290383236/ref=sr_1_189,"8,90 €",Robin Hobb,"4,7 sur 5 étoiles, détails de l’évaluation",38,Poche,https://m.media-amazon.com/images/I/719p18lOvcL._AC_UY218_.jpg,2025-09-04T18:39:47.882806,Description non disponible depuis la recherche,Stock non disponible,ISBN non disponible,Éditeur non disponible,Date non disponible,Nombre de pages non disponible,Rang de vente non disponible,Biographies,12.0,,
Le poison de la vengeance: L'Assassin Royal 4,https://www.amazon.fr/poison-vengeance-LAssassin-royal/dp/B01N5MCTO9/ref=sr_1_190,"0,00 €",Livres audio Audible,"4,6 sur 5 étoiles, détails de l’évaluation",895,Livres audio Audible,https://m.media-amazon.com/images/I/91+oa6Px9rL._AC_UY218_.jpg,2025-09-04T18:39:47.886038,Description non disponible depuis la recherche,Stock non disponible,ISBN non disponible,Éditeur non disponible,Date non disponible,Nombre de pages non disponible,Rang de vente non disponible,Biographies,12.0,,
Héritage des Sorcières: L'Intégrale,https://www.amazon.fr/H%C3%A9ritage-Sorci%C3%A8res-LInt%C3%A9grale-L-D-Hall-ebook/dp/B0F1GCB4RQ/ref=sr_1_191,"31,64 €",L.D. Hall,"4,6 sur 5 étoiles, détails de l’évaluation",188,Format Kindle,https://m.media-amazon.com/images/I/818scgBDRzL._AC_UY218_.jpg,2025-09-04T18:39:47.888190,Description non disponible depuis la recherche,Stock non disponible,ISBN non disponible,Éditeur non disponible,Date non disponible,Nombre de pages non disponible,Rang de vente non disponible,Biographies,12.0,,
Guide du Routard Kenya Tanzanie 2024/25,https://www.amazon.fr/Guide-Routard-Kenya-Tanzanie-2024/dp/2017233595/ref=sr_1_192,"17,95 €",de Collectif | 9 août 2023,"4,4 sur 5 étoiles, détails de l’évaluation",52,Broché,https://m.media-amazon.com/images/I/7140ahhK8FL._AC_UY218_.jpg,2025-09-04T18:39:47.891809,Description non disponible depuis la recherche,Stock non disponible,ISBN non disponible,Éditeur non disponible,Date non disponible,Nombre de pages non disponible,Rang de vente non disponible,Biographies,12.0,,
"Une braise sous la cendre, T4 : Un ciel après la tempête",https://www.amazon.fr/Une-braise-sous-cendre-T4/dp/2362314839/ref=sr_1_193,"25,00 €",Sabaa Tahir,"4,4 sur 5 étoiles, détails de l’évaluation",11,Relié,https://m.media-amazon.com/images/I/71jVZCQYslL._AC_UY218_.jpg,2025-09-04T18:39:47.895169,Description non disponible depuis la recherche,Stock non disponible,ISBN non disponible,Éditeur non disponible,Date non disponible,Nombre de pages non disponible,Rang de vente non disponible,Biographies,12.0,,
Le Prieuré de l'Oranger (édition draconique 2025) - Tome 01 Les Racines du Chaos,https://www.amazon.fr/Prieur%C3%A9-lOranger-%C3%A9dition-draconique-2025/dp/2378767757/ref=sr_1_194,"29,90 €",de Samantha Shannon et Benjamin Kuntzer | 21 mai 2025,"4,5 sur 5 étoiles, détails de l’évaluation",2,Relié,https://m.media-amazon.com/images/I/71eufvaTBTL._AC_UY218_.jpg,2025-09-04T18:39:47.897659,Description non disponible depuis la recherche,Stock non disponible,ISBN non disponible,Éditeur non disponible,Date non disponible,Nombre de pages non disponible,Rang de vente non disponible,Biographies,12.0,,
Les aventuriers de la mer: L'intégrale 1,https://www.amazon.fr/Aventuriers-mer-Lint%C3%A9grale-vaisseau-esclaves/dp/2290108219/ref=sr_1_195,"19,50 €",Robin Hobb,"4,8 sur 5 étoiles, détails de l’évaluation",93,Broché,https://m.media-amazon.com/images/I/61zK6r-58xL._AC_UY218_.jpg,2025-09-04T18:39:47.899781,Description non disponible depuis la recherche,Stock non disponible,ISBN non disponible,Éditeur non disponible,Date non disponible,Nombre de pages non disponible,Rang de vente non disponible,Biographies,12.0,,
Les liens du destin T5 collector: Tragic Bonds,https://www.amazon.fr/liens-destin-T5-collector-Tragic/dp/2385161427/ref=sr_1_196,"26,90 €",J. Bree,Note non disponible,0 avis,Relié,https://m.media-amazon.com/images/I/01PkLIhTX3L._AC_UY218_.gif,2025-09-04T18:39:47.903169,Description non disponible depuis la recherche,Stock non disponible,ISBN non disponible,Éditeur non disponible,Date non disponible,Nombre de pages non disponible,Rang de vente non disponible,Biographies,12.0,,
Le manoir des filles perdues,https://www.amazon.fr/manoir-filles-perdues-Grady-Hendrix/dp/2824630280/ref=sr_1_195,"22,90 €",de Grady Hendrix | 20 août 2025,"4,6 sur 5 étoiles, détails de l’évaluation",3,Broché,https://m.media-amazon.com/images/I/71UFf3TaY8L._AC_UY218_.jpg,2025-09-04T18:39:56.719395,Description non disponible depuis la recherche,Stock non disponible,ISBN non disponible,Éditeur non disponible,Date non disponible,Nombre de pages non disponible,Rang de vente non disponible,Biographies,13.0,,
Karma's a witch: (édition française),https://www.amazon.fr/Karmas-witch-fran%C3%A7aise-Charlie-Morrighan/dp/B0CNP9MCR1/ref=sr_1_196,"15,00 €",Charlie Morrighan,"4,6 sur 5 étoiles, détails de l’évaluation",261,Broché,https://m.media-amazon.com/images/I/714nrtUi-bL._AC_UY218_.jpg,2025-09-04T18:39:56.721469,Description non disponible depuis la recherche,Stock non disponible,ISBN non disponible,Éditeur non disponible,Date non disponible,Nombre de pages non disponible,Rang de vente non disponible,Biographies,13.0,,
"Légendes & Lattes, La saga, Édition exclusive",https://www.amazon.fr/L%C3%A9gendes-Lattes-saga-%C3%89dition-exclusive/dp/2376975670/ref=sr_1_197,"37,95 €",Travis Baldree,"4,5 sur 5 étoiles, détails de l’évaluation",93,Relié,https://m.media-amazon.com/images/I/81znTXpdBuL._AC_UY218_.jpg,2025-09-04T18:39:56.724970,Description non disponible depuis la recherche,Stock non disponible,ISBN non disponible,Éditeur non disponible,Date non disponible,Nombre de pages non disponible,Rang de vente non disponible,Biographies,13.0,,
Guide de la Terre du Milieu,https://www.amazon.fr/Guide-Terre-Milieu-Robert-Foster/dp/B0F4JBC81K/ref=sr_1_198,"45,00 €","de Robert Foster, Ted Nasmith, et al. | 3 septembre 2025",Note non disponible,0 avis,Relié,https://m.media-amazon.com/images/I/71XKLG2ps2L._AC_UY218_.jpg,2025-09-04T18:39:56.727625,Description non disponible depuis la recherche,Stock non disponible,ISBN non disponible,Éditeur non disponible,Date non disponible,Nombre de pages non disponible,Rang de vente non disponible,Biographies,13.0,,
"George R. R. Martin's A Game of Thrones Leather-Cloth Boxed Set (Song of Ice and Fire Series): A Game of Thrones, A Clash of Kings, A Storm of Swords, A Feast for Crows, and A Dance with Dragons",https://www.amazon.fr/George-Martins-Thrones-Leather-Cloth-Boxed/dp/1101965487/ref=sr_1_199,"66,49 €",George R. R. Martin,"4,6 sur 5 étoiles, détails de l’évaluation",54 004,Reliure en cuir,https://m.media-amazon.com/images/I/71l3Wn5zfuL._AC_UY218_.jpg,2025-09-04T18:39:56.731348,Description non disponible depuis la recherche,Stock non disponible,ISBN non disponible,Éditeur non disponible,Date non disponible,Nombre de pages non disponible,Rang de vente non disponible,Biographies,13.0,,
Crescent City (e-book) - Tome 03 Maison de la Flamme et de l'Ombre,https://www.amazon.fr/Crescent-City-book-Maison-Flamme-ebook/dp/B0CQPVXV2F/ref=sr_1_200,"14,99 €",Sarah J. Maas,"4,7 sur 5 étoiles, détails de l’évaluation",587,Format Kindle,https://m.media-amazon.com/images/I/81eulX-x0sL._AC_UY218_.jpg,2025-09-04T18:39:56.734679,Description non disponible depuis la recherche,Stock non disponible,ISBN non disponible,Éditeur non disponible,Date non disponible,Nombre de pages non disponible,Rang de vente non disponible,Biographies,13.0,,
Alchemised (Édition française),https://www.amazon.fr/Alchemised-%C3%89dition-fran%C3%A7aise-SenLinYu/dp/2017293709/ref=sr_1_201,"23,00 €",SenLinYu,Note non disponible,0 avis,Broché,https://m.media-amazon.com/images/I/91HzPgpuIlL._AC_UY218_.jpg,2025-09-04T18:39:56.738417,Description non disponible depuis la recherche,Stock non disponible,ISBN non disponible,Éditeur non disponible,Date non disponible,Nombre de pages non disponible,Rang de vente non disponible,Biographies,13.0,,
La Valse des âmes,https://www.amazon.fr/Audible-La-Valse-des-%C3%A2mes/dp/B0DH8FPK8N/ref=sr_1_202,"0,00 €",Livres audio Audible,"4,6 sur 5 étoiles, détails de l’évaluation",771,Livres audio Audible,https://m.media-amazon.com/images/I/91s2NBAWF2L._AC_UY218_.jpg,2025-09-04T18:39:56.741731,Description non disponible depuis la recherche,Stock non disponible,ISBN non disponible,Éditeur non disponible,Date non disponible,Nombre de pages non disponible,Rang de vente non disponible,Biographies,13.0,,
La Princesse des Dieux,https://www.amazon.fr/Princesse-Dieux-Ninon-Iris-H-ebook/dp/B0FHHPXSCP/ref=sr_1_205,"18,00 €",Ninon Iris H.,"4,6 sur 5 étoiles, détails de l’évaluation",140,Format Kindle,https://m.media-amazon.com/images/I/81idgRZ5S2L._AC_UY218_.jpg,2025-09-04T18:39:56.750273,Description non disponible depuis la recherche,Stock non disponible,ISBN non disponible,Éditeur non disponible,Date non disponible,Nombre de pages non disponible,Rang de vente non disponible,Biographies,13.0,,
"L'Alliance des Trois (Autre-Monde, Tome 1)",https://www.amazon.fr/LAlliance-Trois-Autre-Monde-Maxime-Chattam/dp/2253169560/ref=sr_1_206,"9,40 €",Maxime Chattam,"4,4 sur 5 étoiles, détails de l’évaluation",1 861,Poche,https://m.media-amazon.com/images/I/81oE71Ibi6L._AC_UY218_.jpg,2025-09-04T18:39:56.753252,Description non disponible depuis la recherche,Stock non disponible,ISBN non disponible,Éditeur non disponible,Date non disponible,Nombre de pages non disponible,Rang de vente non disponible,Biographies,13.0,,
Après,https://www.amazon.fr/Apr%C3%A8s-Stephen-King/dp/2253937029/ref=sr_1_207,"9,20 €",Stephen King,"4,3 sur 5 étoiles, détails de l’évaluation",2 626,Poche,https://m.media-amazon.com/images/I/71UF-dSwPuL._AC_UY218_.jpg,2025-09-04T18:39:56.756638,Description non disponible depuis la recherche,Stock non disponible,ISBN non disponible,Éditeur non disponible,Date non disponible,Nombre de pages non disponible,Rang de vente non disponible,Biographies,13.0,,
Les cavernes d'acier,https://www.amazon.fr/cycle-robots-cavernes-dacier/dp/2290319023/ref=sr_1_208,"8,60 €",Isaac Asimov,"4,7 sur 5 étoiles, détails de l’évaluation",744,Poche,https://m.media-amazon.com/images/I/71QDPoHL2yL._AC_UY218_.jpg,2025-09-04T18:39:56.759240,Description non disponible depuis la recherche,Stock non disponible,ISBN non disponible,Éditeur non disponible,Date non disponible,Nombre de pages non disponible,Rang de vente non disponible,Biographies,13.0,,
L'héritière perdue (La Reine sans couronne t. 2),https://www.amazon.fr/Lh%C3%A9riti%C3%A8re-perdue-Reine-sans-couronne-ebook/dp/B0CMDR2ZSP/ref=sr_1_209,"20,00 €",L. C.  Blake,"4,8 sur 5 étoiles, détails de l’évaluation",1 718,Format Kindle,https://m.media-amazon.com/images/I/816KOuG93CL._AC_UY218_.jpg,2025-09-04T18:39:56.761881,Description non disponible depuis la recherche,Stock non disponible,ISBN non disponible,Éditeur non disponible,Date non disponible,Nombre de pages non disponible,Rang de vente non disponible,Biographies,13.0,,
La Guerre des Sept Lunes: Edhelja et l'Odelunier Perdu (Tome 1),https://www.amazon.fr/Guerre-Sept-Lunes-Edhelja-lOdelunier/dp/2981895214/ref=sr_1_210,"20,99 €",Kenan Olivier,"4,4 sur 5 étoiles, détails de l’évaluation",897,Broché,https://m.media-amazon.com/images/I/71U4M2+w4PL._AC_UY218_.jpg,2025-09-04T18:39:56.765672,Description non disponible depuis la recherche,Stock non disponible,ISBN non disponible,Éditeur non disponible,Date non disponible,Nombre de pages non disponible,Rang de vente non disponible,Biographies,13.0,,
La Ligne verte,https://www.amazon.fr/Ligne-verte-Stephen-King/dp/2253122920/ref=sr_1_211,"9,90 €",Stephen King,"4,8 sur 5 étoiles, détails de l’évaluation",1 196,Poche,https://m.media-amazon.com/images/I/91wJerZcbNL._AC_UY218_.jpg,2025-09-04T18:39:56.768869,Description non disponible depuis la recherche,Stock non disponible,ISBN non disponible,Éditeur non disponible,Date non disponible,Nombre de pages non disponible,Rang de vente non disponible,Biographies,13.0,,
Guerre des clans HS Tome 12 : Le Combat de Plume de Jais,https://www.amazon.fr/Guerre-clans-HS-12-Combat/dp/2266342045/ref=sr_1_212,"18,50 €",Erin Hunter,"4,5 sur 5 étoiles, détails de l’évaluation",19,Broché,https://m.media-amazon.com/images/I/71MKaM0r8PL._AC_UY218_.jpg,2025-09-04T18:39:56.771686,Description non disponible depuis la recherche,Stock non disponible,ISBN non disponible,Éditeur non disponible,Date non disponible,Nombre de pages non disponible,Rang de vente non disponible,Biographies,13.0,,
Le Gardien et L’assassin (Les Sœurs Grae t. 1),https://www.amazon.fr/Gardien-Lassassin-S%C5%93urs-Grae-t-ebook/dp/B0DWV4RDK5/ref=sr_1_211,"4,99 €",Eve Langlais,"4,4 sur 5 étoiles, détails de l’évaluation",33,Format Kindle,https://m.media-amazon.com/images/I/811by2caq0L._AC_UY218_.jpg,2025-09-04T18:40:08.645939,Description non disponible depuis la recherche,Stock non disponible,ISBN non disponible,Éditeur non disponible,Date non disponible,Nombre de pages non disponible,Rang de vente non disponible,Biographies,14.0,,
Le sanctuaire des dragons (Kyra Stormrider t. 6),https://www.amazon.fr/sanctuaire-dragons-Kyra-Stormrider-t-ebook/dp/B0CQ4ZYB4S/ref=sr_1_212,"16,90 €",Jupiter Phaeton,"4,8 sur 5 étoiles, détails de l’évaluation",2 465,Format Kindle,https://m.media-amazon.com/images/I/81DM5WlI2dL._AC_UY218_.jpg,2025-09-04T18:40:08.648880,Description non disponible depuis la recherche,Stock non disponible,ISBN non disponible,Éditeur non disponible,Date non disponible,Nombre de pages non disponible,Rang de vente non disponible,Biographies,14.0,,
Crescent City T02 - Maison du ciel et du souffle (ebook),https://www.amazon.fr/Crescent-City-T02-Maison-souffle-ebook/dp/B0BN2HGDWG/ref=sr_1_213,"10,99 €",Sarah J. Maas,"4,7 sur 5 étoiles, détails de l’évaluation",715,Format Kindle,https://m.media-amazon.com/images/I/814q5KfPPRL._AC_UY218_.jpg,2025-09-04T18:40:08.652141,Description non disponible depuis la recherche,Stock non disponible,ISBN non disponible,Éditeur non disponible,Date non disponible,Nombre de pages non disponible,Rang de vente non disponible,Biographies,14.0,,
Le trône de fer: L'intégrale (3),https://www.amazon.fr/tr%C3%B4ne-3-Lint%C3%A9grale-George-R-R-Martin/dp/2290221686/ref=sr_1_214,"26,00 €",George R.R. Martin,"4,7 sur 5 étoiles, détails de l’évaluation",1 345,Relié,https://m.media-amazon.com/images/I/71smHgAjQdL._AC_UY218_.jpg,2025-09-04T18:40:08.655512,Description non disponible depuis la recherche,Stock non disponible,ISBN non disponible,Éditeur non disponible,Date non disponible,Nombre de pages non disponible,Rang de vente non disponible,Biographies,14.0,,
Le Livre perdu des sortilèges,https://www.amazon.fr/Livre-perdu-sortil%C3%A8ges-Deborah-Harkness/dp/2253164259/ref=sr_1_215,"9,90 €",Deborah Harkness,"4,6 sur 5 étoiles, détails de l’évaluation",961,Poche,https://m.media-amazon.com/images/I/71h6Q7rzYDL._AC_UY218_.jpg,2025-09-04T18:40:08.658178,Description non disponible depuis la recherche,Stock non disponible,ISBN non disponible,Éditeur non disponible,Date non disponible,Nombre de pages non disponible,Rang de vente non disponible,Biographies,14.0,,
La nef du crépuscule: L'Assassin Royal 3,https://www.amazon.fr/nef-cr%C3%A9puscule-Lassassin-royal/dp/B01N6IWLIW/ref=sr_1_216,"0,00 €",Livres audio Audible,"4,7 sur 5 étoiles, détails de l’évaluation",1 078,Livres audio Audible,https://m.media-amazon.com/images/I/81h7fcbl9HL._AC_UY218_.jpg,2025-09-04T18:40:08.661416,Description non disponible depuis la recherche,Stock non disponible,ISBN non disponible,Éditeur non disponible,Date non disponible,Nombre de pages non disponible,Rang de vente non disponible,Biographies,14.0,,
Primal Hunter. Une aventure de LitRPG: Primal Hunter - Tome 2,https://www.amazon.fr/Primal-Hunter-Une-aventure-LitRPG/dp/B0DW93V1P7/ref=sr_1_217,"0,00 €",Livres audio Audible,"4,7 sur 5 étoiles, détails de l’évaluation",70,Livres audio Audible,https://m.media-amazon.com/images/I/81LKgIHwD4L._AC_UY218_.jpg,2025-09-04T18:40:08.664625,Description non disponible depuis la recherche,Stock non disponible,ISBN non disponible,Éditeur non disponible,Date non disponible,Nombre de pages non disponible,Rang de vente non disponible,Biographies,14.0,,
The Kindred's Curse: Spark of the Everflame - Édition reliée (1),https://www.amazon.fr/Kindreds-Curse-Everflame-%C3%89dition-reli%C3%A9e/dp/2080440004/ref=sr_1_218,"25,90 €",Penn Cole,"4,7 sur 5 étoiles, détails de l’évaluation",66,Relié,https://m.media-amazon.com/images/I/71S4gP4Sb3L._AC_UY218_.jpg,2025-09-04T18:40:08.667445,Description non disponible depuis la recherche,Stock non disponible,ISBN non disponible,Éditeur non disponible,Date non disponible,Nombre de pages non disponible,Rang de vente non disponible,Biographies,14.0,,
Le dernier rempart (L'académie du feu t. 1),https://www.amazon.fr/dernier-rempart-Lacad%C3%A9mie-feu-t-ebook/dp/B0DTLD1H9F/ref=sr_1_221,"16,90 €",Jupiter Phaeton,"4,8 sur 5 étoiles, détails de l’évaluation",1 173,Format Kindle,https://m.media-amazon.com/images/I/81GVzeI+NsL._AC_UY218_.jpg,2025-09-04T18:40:08.676665,Description non disponible depuis la recherche,Stock non disponible,ISBN non disponible,Éditeur non disponible,Date non disponible,Nombre de pages non disponible,Rang de vente non disponible,Biographies,14.0,,
The Inheritance (Breach Wars Book 1) (English Edition),https://www.amazon.fr/Inheritance-Breach-Wars-Book-English-ebook/dp/B0FLZ9VXZG/ref=sr_1_222,"5,98 €",Ilona Andrews,"4,9 sur 5 étoiles, détails de l’évaluation",4 060,Format Kindle,https://m.media-amazon.com/images/I/81A9CH5YN6L._AC_UY218_.jpg,2025-09-04T18:40:08.679083,Description non disponible depuis la recherche,Stock non disponible,ISBN non disponible,Éditeur non disponible,Date non disponible,Nombre de pages non disponible,Rang de vente non disponible,Biographies,14.0,,
"Le Serpent et le Descendant de la nuit: Les Couronnes de Nyaxia, Tome 1",https://www.amazon.fr/Serpent-Descendant-nuit-Couronnes-Nyaxia/dp/B0FK544WYT/ref=sr_1_223,"0,00 €",Livres audio Audible,"4,6 sur 5 étoiles, détails de l’évaluation",571,Livres audio Audible,https://m.media-amazon.com/images/I/81ZRsXacxeL._AC_UY218_.jpg,2025-09-04T18:40:08.682121,Description non disponible depuis la recherche,Stock non disponible,ISBN non disponible,Éditeur non disponible,Date non disponible,Nombre de pages non disponible,Rang de vente non disponible,Biographies,14.0,,
"Holly: Holly Gibney, Vol. 3",https://www.amazon.fr/Audible-Holly/dp/B0CVL5VVHW/ref=sr_1_224,"0,00 €",Livres audio Audible,"4,4 sur 5 étoiles, détails de l’évaluation",1 499,Livres audio Audible,https://m.media-amazon.com/images/I/81oR1s62AQL._AC_UY218_.jpg,2025-09-04T18:40:08.685285,Description non disponible depuis la recherche,Stock non disponible,ISBN non disponible,Éditeur non disponible,Date non disponible,Nombre de pages non disponible,Rang de vente non disponible,Biographies,14.0,,
Dracula,https://www.amazon.fr/Dracula-Bram-Stoker/dp/2901207294/ref=sr_1_225,"39,00 €",Bram Stoker,"4,9 sur 5 étoiles, détails de l’évaluation",38,Relié,https://m.media-amazon.com/images/I/71QUOWHyljL._AC_UY218_.jpg,2025-09-04T18:40:08.687305,Description non disponible depuis la recherche,Stock non disponible,ISBN non disponible,Éditeur non disponible,Date non disponible,Nombre de pages non disponible,Rang de vente non disponible,Biographies,14.0,,
"Sorceleur (Witcher), T1 : Le Dernier Voeu (traduction révisée)",https://www.amazon.fr/Dernier-Voeu-Sorceleur-T1-ebook/dp/B0099OP2MO/ref=sr_1_226,"5,99 €",Andrzej Sapkowski,"4,6 sur 5 étoiles, détails de l’évaluation",6 262,Format Kindle,https://m.media-amazon.com/images/I/81qnr0FT9TL._AC_UY218_.jpg,2025-09-04T18:40:08.690625,Description non disponible depuis la recherche,Stock non disponible,ISBN non disponible,Éditeur non disponible,Date non disponible,Nombre de pages non disponible,Rang de vente non disponible,Biographies,14.0,,
Colonie Deux Mars (Colonie Mars t. 2),https://www.amazon.fr/Colonie-Deux-Mars-t-ebook/dp/B0F48LSK46/ref=sr_1_227,"13,70 €",Gerald M. Kilby,"4,4 sur 5 étoiles, détails de l’évaluation",184,Format Kindle,https://m.media-amazon.com/images/I/71d2Rp2qeBL._AC_UY218_.jpg,2025-09-04T18:40:08.693105,Description non disponible depuis la recherche,Stock non disponible,ISBN non disponible,Éditeur non disponible,Date non disponible,Nombre de pages non disponible,Rang de vente non disponible,Biographies,14.0,,
Throne of Glass eBook Bundle: An 8 Book Bundle (English Edition),https://www.amazon.fr/Throne-Glass-eBook-Bundle-English-ebook/dp/B08LH5CQJQ/ref=sr_1_228,"46,09 €",Sarah J. Maas,"4,7 sur 5 étoiles, détails de l’évaluation",56 331,Format Kindle,https://m.media-amazon.com/images/I/91HmgKGCr-L._AC_UY218_.jpg,2025-09-04T18:40:08.696961,Description non disponible depuis la recherche,Stock non disponible,ISBN non disponible,Éditeur non disponible,Date non disponible,Nombre de pages non disponible,Rang de vente non disponible,Biographies,14.0,,
L'Assassin royal: Deuxième époque (2),https://www.amazon.fr/Lassassin-royal-deuxi%C3%A8me-%C3%A9poque-retrouvailles/dp/2290125636/ref=sr_1_227,"24,90 €",Robin Hobb,"4,8 sur 5 étoiles, détails de l’évaluation",151,Broché,https://m.media-amazon.com/images/I/71O-4YUjlpL._AC_UY218_.jpg,2025-09-04T18:40:20.513772,Description non disponible depuis la recherche,Stock non disponible,ISBN non disponible,Éditeur non disponible,Date non disponible,Nombre de pages non disponible,Rang de vente non disponible,Biographies,15.0,,
La Voie des rois 1: Les archives de Roshar 1,https://www.amazon.fr/Voie-rois-archives-Roshar/dp/B0BNBTHB7Z/ref=sr_1_228,"0,00 €",Livres audio Audible,"4,5 sur 5 étoiles, détails de l’évaluation",701,Livres audio Audible,https://m.media-amazon.com/images/I/91AX4VmEVCL._AC_UY218_.jpg,2025-09-04T18:40:20.517140,Description non disponible depuis la recherche,Stock non disponible,ISBN non disponible,Éditeur non disponible,Date non disponible,Nombre de pages non disponible,Rang de vente non disponible,Biographies,15.0,,
"La Première loi, T1 : Premier sang",https://www.amazon.fr/Premi%C3%A8re-loi-T1-Premier-sang/dp/2811225986/ref=sr_1_229,"10,95 €",Joe Abercrombie,"4,4 sur 5 étoiles, détails de l’évaluation",555,Broché,https://m.media-amazon.com/images/I/81M2dGGUn9L._AC_UY218_.jpg,2025-09-04T18:40:20.520549,Description non disponible depuis la recherche,Stock non disponible,ISBN non disponible,Éditeur non disponible,Date non disponible,Nombre de pages non disponible,Rang de vente non disponible,Biographies,15.0,,
Le réveil des dragons (Kyra Stormrider t. 2),https://www.amazon.fr/r%C3%A9veil-dragons-Kyra-Stormrider-t-ebook/dp/B0CJY6SS41/ref=sr_1_230,"19,22 €",Jupiter Phaeton,"4,7 sur 5 étoiles, détails de l’évaluation",2 850,Format Kindle,https://m.media-amazon.com/images/I/81SSalviLhL._AC_UY218_.jpg,2025-09-04T18:40:20.523398,Description non disponible depuis la recherche,Stock non disponible,ISBN non disponible,Éditeur non disponible,Date non disponible,Nombre de pages non disponible,Rang de vente non disponible,Biographies,15.0,,
Vous êtes cordialement invités 2,https://www.amazon.fr/Vous-%C3%AAtes-cordialement-invit%C3%A9s-2-ebook/dp/B0CMBMJJBM/ref=sr_1_231,"5,99 €",Alex  Sol,"4,5 sur 5 étoiles, détails de l’évaluation",683,Format Kindle,https://m.media-amazon.com/images/I/81Fo577EH0L._AC_UY218_.jpg,2025-09-04T18:40:20.526783,Description non disponible depuis la recherche,Stock non disponible,ISBN non disponible,Éditeur non disponible,Date non disponible,Nombre de pages non disponible,Rang de vente non disponible,Biographies,15.0,,
Territoires (édition collector),https://www.amazon.fr/Territoires-%C3%A9dition-collector-Stephen-King/dp/2226485848/ref=sr_1_232,"25,00 €",de Stephen King et Peter Straub | 29 octobre 2025,Note non disponible,0 avis,Relié,https://m.media-amazon.com/images/I/71XD+2XaCML._AC_UY218_.jpg,2025-09-04T18:40:20.530513,Description non disponible depuis la recherche,Stock non disponible,ISBN non disponible,Éditeur non disponible,Date non disponible,Nombre de pages non disponible,Rang de vente non disponible,Biographies,15.0,,
"Guerre des clans - cycle VII, tome 04 : Ténèbres intérieures",https://www.amazon.fr/Guerre-clans-cycle-T%C3%A9n%C3%A8bres-int%C3%A9rieures/dp/2266342061/ref=sr_1_233,"16,20 €",Erin Hunter,"4,8 sur 5 étoiles, détails de l’évaluation",86,Broché,https://m.media-amazon.com/images/I/71NTiWLaL5L._AC_UY218_.jpg,2025-09-04T18:40:20.533503,Description non disponible depuis la recherche,Stock non disponible,ISBN non disponible,Éditeur non disponible,Date non disponible,Nombre de pages non disponible,Rang de vente non disponible,Biographies,15.0,,
L'Empire des Anges,https://www.amazon.fr/LEmpire-Anges-Bernard-Werber/dp/2253152072/ref=sr_1_234,"9,40 €",Bernard Werber,"4,5 sur 5 étoiles, détails de l’évaluation",1 370,Poche,https://m.media-amazon.com/images/I/71gFUA5vJtL._AC_UY218_.jpg,2025-09-04T18:40:20.536731,Description non disponible depuis la recherche,Stock non disponible,ISBN non disponible,Éditeur non disponible,Date non disponible,Nombre de pages non disponible,Rang de vente non disponible,Biographies,15.0,,
Faithbreaker (relié collector) - Tome 03 Les Dieux déchus (03),https://www.amazon.fr/Faithbreaker-reli%C3%A9-collector-Dieux-d%C3%A9chus/dp/2378767501/ref=sr_1_237,"27,90 €",Hannah Kaner,Note non disponible,0 avis,Relié,https://m.media-amazon.com/images/I/61bqKpLbrOL._AC_UY218_.jpg,2025-09-04T18:40:20.547225,Description non disponible depuis la recherche,Stock non disponible,ISBN non disponible,Éditeur non disponible,Date non disponible,Nombre de pages non disponible,Rang de vente non disponible,Biographies,15.0,,
Sorceleur (Witcher) : Le Sorceleur - Édition Anniversaire 2,https://www.amazon.fr/Sorceleur-Witcher-%C3%89dition-Anniversaire/dp/B0D8VL47DR/ref=sr_1_238,"50,00 €",Andrzej Sapkowski,"4,9 sur 5 étoiles, détails de l’évaluation",30,Relié,https://m.media-amazon.com/images/I/81PV3T13-1L._AC_UY218_.jpg,2025-09-04T18:40:20.549275,Description non disponible depuis la recherche,Stock non disponible,ISBN non disponible,Éditeur non disponible,Date non disponible,Nombre de pages non disponible,Rang de vente non disponible,Biographies,15.0,,
The Scum Villain's Self-Saving System: Ren Zha Fanpai Zijiu Xitong (Deluxe Hardcover Novel) Box Set,https://www.amazon.fr/Scum-Villains-Self-Saving-System-Hardcover/dp/B0FBS4978J/ref=sr_1_239,"143,70 €",Mo Xiang Tong Xiu,Note non disponible,0 avis,Coffret produits,https://m.media-amazon.com/images/I/71ZKUF8G23L._AC_UY218_.jpg,2025-09-04T18:40:20.551666,Description non disponible depuis la recherche,Stock non disponible,ISBN non disponible,Éditeur non disponible,Date non disponible,Nombre de pages non disponible,Rang de vente non disponible,Biographies,15.0,,
L'Empire des monstres - Tome 1 L'Arène (1),https://www.amazon.fr/LEmpire-monstres-LAr%C3%A8ne-Orlane-Gray/dp/2487267127/ref=sr_1_240,"19,90 €",Orlane Gray,"4,5 sur 5 étoiles, détails de l’évaluation",97,Broché,https://m.media-amazon.com/images/I/61Qbmx4dxWL._AC_UY218_.jpg,2025-09-04T18:40:20.554560,Description non disponible depuis la recherche,Stock non disponible,ISBN non disponible,Éditeur non disponible,Date non disponible,Nombre de pages non disponible,Rang de vente non disponible,Biographies,15.0,,
"Sorceleur (Witcher), T3 : Le Sang des elfes (traduction révisée)",https://www.amazon.fr/Sang-elfes-Sorceleur-T3-ebook/dp/B0099OOZGS/ref=sr_1_241,"5,99 €",Andrzej Sapkowski,"4,8 sur 5 étoiles, détails de l’évaluation",3 041,Format Kindle,https://m.media-amazon.com/images/I/81kVeuSiKxL._AC_UY218_.jpg,2025-09-04T18:40:20.557758,Description non disponible depuis la recherche,Stock non disponible,ISBN non disponible,Éditeur non disponible,Date non disponible,Nombre de pages non disponible,Rang de vente non disponible,Biographies,15.0,,
Finale,https://www.amazon.fr/Finale-Stephanie-Garber/dp/2492890007/ref=sr_1_242,"21,01 €",Stephanie Garber,"4,6 sur 5 étoiles, détails de l’évaluation",188,Broché,https://m.media-amazon.com/images/I/81UrgC3EQ4L._AC_UY218_.jpg,2025-09-04T18:40:20.560612,Description non disponible depuis la recherche,Stock non disponible,ISBN non disponible,Éditeur non disponible,Date non disponible,Nombre de pages non disponible,Rang de vente non disponible,Biographies,15.0,,
Le refuge secret: (Le Sentier du Gardien de la forêt – Tome 5),https://www.amazon.fr/refuge-secret-Sentier-Gardien-for%C3%AAt-ebook/dp/B0DQHSVGBS/ref=sr_1_243,"14,99 €",Pedro Urvi,"4,6 sur 5 étoiles, détails de l’évaluation",323,Format Kindle,https://m.media-amazon.com/images/I/81PtDWotzEL._AC_UY218_.jpg,2025-09-04T18:40:20.563478,Description non disponible depuis la recherche,Stock non disponible,ISBN non disponible,Éditeur non disponible,Date non disponible,Nombre de pages non disponible,Rang de vente non disponible,Biographies,15.0,,
Guide du Routard Budapest et ses environs 2025/26,https://www.amazon.fr/Guide-Routard-Budapest-environs-2025/dp/2017323349/ref=sr_1_244,"10,95 €",de Collectif | 7 mai 2025,"3,6 sur 5 étoiles, détails de l’évaluation",4,Broché,https://m.media-amazon.com/images/I/81IGXltBmWL._AC_UY218_.jpg,2025-09-04T18:40:20.566718,Description non disponible depuis la recherche,Stock non disponible,ISBN non disponible,Éditeur non disponible,Date non disponible,Nombre de pages non disponible,Rang de vente non disponible,Biographies,15.0,,
"Noirs démons, T10 : Flammes éternelles",https://www.amazon.fr/Noirs-d%C3%A9mons-T10-Flammes-%C3%A9ternelles-ebook/dp/B0F2HWZZMG/ref=sr_1_243,"6,99 €",Suzanne Wright,"4,6 sur 5 étoiles, détails de l’évaluation",146,Format Kindle,https://m.media-amazon.com/images/I/81H7cdgGhUL._AC_UY218_.jpg,2025-09-04T18:40:30.610170,Description non disponible depuis la recherche,Stock non disponible,ISBN non disponible,Éditeur non disponible,Date non disponible,Nombre de pages non disponible,Rang de vente non disponible,Biographies,16.0,,
Project Hail Mary,https://www.amazon.fr/Project-Hail-Mary/dp/B08GB1RSYP/ref=sr_1_244,"11,26 €",Livres audio Audible,"4,7 sur 5 étoiles, détails de l’évaluation",160 122,Livres audio Audible,https://m.media-amazon.com/images/I/81wvR09gLRL._AC_UY218_.jpg,2025-09-04T18:40:30.612849,Description non disponible depuis la recherche,Stock non disponible,ISBN non disponible,Éditeur non disponible,Date non disponible,Nombre de pages non disponible,Rang de vente non disponible,Biographies,16.0,,
Berserk - Tome 42,https://www.amazon.fr/Berserk-42-Kentaro-Miura/dp/2344063641/ref=sr_1_245,"7,20 €",Kentaro Miura,"4,8 sur 5 étoiles, détails de l’évaluation",299,Poche,https://m.media-amazon.com/images/I/81KHW7khMlL._AC_UY218_.jpg,2025-09-04T18:40:30.615460,Description non disponible depuis la recherche,Stock non disponible,ISBN non disponible,Éditeur non disponible,Date non disponible,Nombre de pages non disponible,Rang de vente non disponible,Biographies,16.0,,
Haley: L'intégrale,https://www.amazon.fr/Haley-Lint%C3%A9grale-Yz%C3%A9lie-Diem-ebook/dp/B0BFNFMTHJ/ref=sr_1_246,Prix non disponible,Yzélie Diem,"4,7 sur 5 étoiles, détails de l’évaluation",176,Format Kindle,https://m.media-amazon.com/images/I/81fXd9CgIhL._AC_UY218_.jpg,2025-09-04T18:40:30.617414,Description non disponible depuis la recherche,Stock non disponible,ISBN non disponible,Éditeur non disponible,Date non disponible,Nombre de pages non disponible,Rang de vente non disponible,Biographies,16.0,,
Le Jour des fourmis - Grand prix des Lectrices de Elle 1993,https://www.amazon.fr/Jour-fourmis-Grand-prix-Lectrices/dp/2253137243/ref=sr_1_247,"9,90 €",Bernard Werber,"4,6 sur 5 étoiles, détails de l’évaluation",838,Poche,https://m.media-amazon.com/images/I/71UGpDQXWpL._AC_UY218_.jpg,2025-09-04T18:40:30.620902,Description non disponible depuis la recherche,Stock non disponible,ISBN non disponible,Éditeur non disponible,Date non disponible,Nombre de pages non disponible,Rang de vente non disponible,Biographies,16.0,,
Gagner la guerre,https://www.amazon.fr/Gagner-la-guerre/dp/B01G5MW2M0/ref=sr_1_248,"0,00 €",Livres audio Audible,"4,6 sur 5 étoiles, détails de l’évaluation",1 487,Livres audio Audible,https://m.media-amazon.com/images/I/91bjS6VEjjL._AC_UY218_.jpg,2025-09-04T18:40:30.623997,Description non disponible depuis la recherche,Stock non disponible,ISBN non disponible,Éditeur non disponible,Date non disponible,Nombre de pages non disponible,Rang de vente non disponible,Biographies,16.0,,
Les 3 P'tits Cochons: Les contes interdits,https://www.amazon.fr/3-Ptits-Cochons-Christian-Boivin/dp/2849336181/ref=sr_1_249,"14,90 €",Christian Boivin,"4,4 sur 5 étoiles, détails de l’évaluation",955,Broché,https://m.media-amazon.com/images/I/61VqswmKpjL._AC_UY218_.jpg,2025-09-04T18:40:30.626921,Description non disponible depuis la recherche,Stock non disponible,ISBN non disponible,Éditeur non disponible,Date non disponible,Nombre de pages non disponible,Rang de vente non disponible,Biographies,16.0,,
Le mystère de la toundra: (Le Sentier du Gardien de la forêt – Tome 3),https://www.amazon.fr/myst%C3%A8re-toundra-Sentier-Gardien-for%C3%AAt-ebook/dp/B0DCSW5J6K/ref=sr_1_250,"13,99 €",Pedro Urvi,"4,7 sur 5 étoiles, détails de l’évaluation",403,Format Kindle,https://m.media-amazon.com/images/I/819+OnhMiUL._AC_UY218_.jpg,2025-09-04T18:40:30.629602,Description non disponible depuis la recherche,Stock non disponible,ISBN non disponible,Éditeur non disponible,Date non disponible,Nombre de pages non disponible,Rang de vente non disponible,Biographies,16.0,,
Le sentier du spécialiste: (Le Sentier du Gardien de la forêt – Tome 6),https://www.amazon.fr/sentier-sp%C3%A9cialiste-Sentier-Gardien-for%C3%AAt-ebook/dp/B0DY6B24G2/ref=sr_1_253,"14,99 €",Pedro Urvi,"4,6 sur 5 étoiles, détails de l’évaluation",247,Format Kindle,https://m.media-amazon.com/images/I/81slhCg8L+L._AC_UY218_.jpg,2025-09-04T18:40:30.638794,Description non disponible depuis la recherche,Stock non disponible,ISBN non disponible,Éditeur non disponible,Date non disponible,Nombre de pages non disponible,Rang de vente non disponible,Biographies,16.0,,
Vespéral - Tome 01 Les Terres éternelles (relié collector) (01),https://www.amazon.fr/Vesp%C3%A9ral-Terres-%C3%A9ternelles-reli%C3%A9-collector/dp/2378767544/ref=sr_1_254,"26,90 €",Ed Crocker,"5,0 sur 5 étoiles, détails de l’évaluation",1,Relié,https://m.media-amazon.com/images/I/61gHnubmTaL._AC_UY218_.jpg,2025-09-04T18:40:30.642195,Description non disponible depuis la recherche,Stock non disponible,ISBN non disponible,Éditeur non disponible,Date non disponible,Nombre de pages non disponible,Rang de vente non disponible,Biographies,16.0,,
L'Assassin royal: La reine solitaire (6),https://www.amazon.fr/LAssassin-royal-reine-solitaire-6/dp/2290383317/ref=sr_1_255,"8,90 €",Robin Hobb,"4,9 sur 5 étoiles, détails de l’évaluation",39,Poche,https://m.media-amazon.com/images/I/71fDwG-hchL._AC_UY218_.jpg,2025-09-04T18:40:30.644418,Description non disponible depuis la recherche,Stock non disponible,ISBN non disponible,Éditeur non disponible,Date non disponible,Nombre de pages non disponible,Rang de vente non disponible,Biographies,16.0,,
Shield of Sparrows: THE INSTANT SUNDAY TIMES AND NEW YORK TIMES BESTSELLER (English Edition),https://www.amazon.fr/Shield-Sparrows-INSTANT-BESTSELLER-English-ebook/dp/B0DZNJ9BFS/ref=sr_1_256,"14,99 €",Devney Perry,"4,6 sur 5 étoiles, détails de l’évaluation",56 448,Format Kindle,https://m.media-amazon.com/images/I/918hpB7hSTL._AC_UY218_.jpg,2025-09-04T18:40:30.647794,Description non disponible depuis la recherche,Stock non disponible,ISBN non disponible,Éditeur non disponible,Date non disponible,Nombre de pages non disponible,Rang de vente non disponible,Biographies,16.0,,
Le temps des dragons (Kyra Stormrider t. 4),https://www.amazon.fr/temps-dragons-Kyra-Stormrider-t-ebook/dp/B0CK1RT43S/ref=sr_1_257,"16,90 €",Jupiter Phaeton,"4,7 sur 5 étoiles, détails de l’évaluation",2 362,Format Kindle,https://m.media-amazon.com/images/I/912QyDo+1OL._AC_UY218_.jpg,2025-09-04T18:40:30.650674,Description non disponible depuis la recherche,Stock non disponible,ISBN non disponible,Éditeur non disponible,Date non disponible,Nombre de pages non disponible,Rang de vente non disponible,Biographies,16.0,,
L'Homme sans nom,https://www.amazon.fr/LHomme-sans-nom-Jack-Beaumont/dp/2253242829/ref=sr_1_258,"9,90 €",Jack Beaumont,"4,5 sur 5 étoiles, détails de l’évaluation",202,Poche,https://m.media-amazon.com/images/I/81-5V911lwL._AC_UY218_.jpg,2025-09-04T18:40:30.653776,Description non disponible depuis la recherche,Stock non disponible,ISBN non disponible,Éditeur non disponible,Date non disponible,Nombre de pages non disponible,Rang de vente non disponible,Biographies,16.0,,
La Voie des rois 2: Les archives de Roshar 1,https://www.amazon.fr/Voie-rois-archives-Roshar/dp/B0BNHW1WKQ/ref=sr_1_259,"0,00 €",Livres audio Audible,"4,6 sur 5 étoiles, détails de l’évaluation",677,Livres audio Audible,https://m.media-amazon.com/images/I/91IsWYu5B2L._AC_UY218_.jpg,2025-09-04T18:40:30.657082,Description non disponible depuis la recherche,Stock non disponible,ISBN non disponible,Éditeur non disponible,Date non disponible,Nombre de pages non disponible,Rang de vente non disponible,Biographies,16.0,,
The Bone Season Nlle ed. - Saison d'Os (relié collector) - Tome 01,https://www.amazon.fr/Bone-Season-Nlle-ed-collector/dp/2378766203/ref=sr_1_260,"27,90 €",Samantha Shannon,"4,6 sur 5 étoiles, détails de l’évaluation",310,Relié,https://m.media-amazon.com/images/I/71wVv4rl7IL._AC_UY218_.jpg,2025-09-04T18:40:30.660696,Description non disponible depuis la recherche,Stock non disponible,ISBN non disponible,Éditeur non disponible,Date non disponible,Nombre de pages non disponible,Rang de vente non disponible,Biographies,16.0,,
A Court of Thorns and Roses: Enter the EPIC fantasy worlds of Sarah J Maas with the breath-taking first book in the GLOBALLY BESTSELLING ACOTAR series (English Edition),https://www.amazon.fr/Court-Thorns-Roses-Sarah-Maas-ebook/dp/B00R32ZP0I/ref=sr_1_259,"8,99 €",Sarah J. Maas,"4,6 sur 5 étoiles, détails de l’évaluation",293 515,Format Kindle,https://m.media-amazon.com/images/I/81k3bgJ2EhL._AC_UY218_.jpg,2025-09-04T18:40:42.374887,Description non disponible depuis la recherche,Stock non disponible,ISBN non disponible,Éditeur non disponible,Date non disponible,Nombre de pages non disponible,Rang de vente non disponible,Biographies,17.0,,
Sorcières et dragons (Alba Sloane T.2),https://www.amazon.fr/Sorci%C3%A8res-dragons-Alba-Sloane-T-2-ebook/dp/B0F9VQK9QQ/ref=sr_1_260,"5,99 €",Roxane Dambre,"4,8 sur 5 étoiles, détails de l’évaluation",291,Format Kindle,https://m.media-amazon.com/images/I/81LN9v+CJpL._AC_UY218_.jpg,2025-09-04T18:40:42.377300,Description non disponible depuis la recherche,Stock non disponible,ISBN non disponible,Éditeur non disponible,Date non disponible,Nombre de pages non disponible,Rang de vente non disponible,Biographies,17.0,,
"Le Pont des tempêtes, T1 : Le Pont des tempêtes",https://www.amazon.fr/Pont-temp%C3%AAtes-T1-ebook/dp/B0BT8CWNQJ/ref=sr_1_261,"5,99 €",Danielle L. Jensen,"4,6 sur 5 étoiles, détails de l’évaluation",663,Format Kindle,https://m.media-amazon.com/images/I/81n58bTBJkL._AC_UY218_.jpg,2025-09-04T18:40:42.380702,Description non disponible depuis la recherche,Stock non disponible,ISBN non disponible,Éditeur non disponible,Date non disponible,Nombre de pages non disponible,Rang de vente non disponible,Biographies,17.0,,
La Tour d'Avalon: L'Académie des Espions Feys 1 (Edition Relié),https://www.amazon.fr/Tour-dAvalon-LAcad%C3%A9mie-Espions-Reli%C3%A9/dp/B0F6CBMWZV/ref=sr_1_262,"29,99 €",C.N. Crawford,"4,1 sur 5 étoiles, détails de l’évaluation",5,Relié,https://m.media-amazon.com/images/I/41fOgdJC4aL._AC_UY218_.jpg,2025-09-04T18:40:42.383802,Description non disponible depuis la recherche,Stock non disponible,ISBN non disponible,Éditeur non disponible,Date non disponible,Nombre de pages non disponible,Rang de vente non disponible,Biographies,17.0,,
"Panne : La Série Complète de Suspense Postapocalyptique: (Livres 1 à 5, plus Épilogue)",https://www.amazon.fr/Panne-Compl%C3%A8te-Suspense-Postapocalyptique-%C3%89pilogue-ebook/dp/B0DW65B4YP/ref=sr_1_263,"21,09 €",T.W. Piperbrook,"4,3 sur 5 étoiles, détails de l’évaluation",114,Format Kindle,https://m.media-amazon.com/images/I/91+gYli6xXL._AC_UY218_.jpg,2025-09-04T18:40:42.385927,Description non disponible depuis la recherche,Stock non disponible,ISBN non disponible,Éditeur non disponible,Date non disponible,Nombre de pages non disponible,Rang de vente non disponible,Biographies,17.0,,
La Passeuse de Mots - le roman graphique,https://www.amazon.fr/Passeuse-Mots-roman-graphique/dp/2017232181/ref=sr_1_264,"18,00 €",Alric & Jennifer Twice,Note non disponible,0 avis,Broché,https://m.media-amazon.com/images/I/81PyBFfph3L._AC_UY218_.jpg,2025-09-04T18:40:42.389161,Description non disponible depuis la recherche,Stock non disponible,ISBN non disponible,Éditeur non disponible,Date non disponible,Nombre de pages non disponible,Rang de vente non disponible,Biographies,17.0,,
Ecriture : Mémoires d'un métier,https://www.amazon.fr/Ecriture-M%C3%A9moires-m%C3%A9tier-Stephen-King/dp/2253151459/ref=sr_1_265,"9,20 €",Stephen King,"4,6 sur 5 étoiles, détails de l’évaluation",981,Poche,https://m.media-amazon.com/images/I/81Atl5L8XSS._AC_UY218_.jpg,2025-09-04T18:40:42.393394,Description non disponible depuis la recherche,Stock non disponible,ISBN non disponible,Éditeur non disponible,Date non disponible,Nombre de pages non disponible,Rang de vente non disponible,Biographies,17.0,,
"La guerre des magiciens: Magic Academy, Vol. 9",https://www.amazon.fr/guerre-magiciens-Magic-Academy-Vol/dp/B0FBW593HT/ref=sr_1_266,"0,00 €",Livres audio Audible,"4,7 sur 5 étoiles, détails de l’évaluation",740,Livres audio Audible,https://m.media-amazon.com/images/I/91-QXqf4gaL._AC_UY218_.jpg,2025-09-04T18:40:42.395915,Description non disponible depuis la recherche,Stock non disponible,ISBN non disponible,Éditeur non disponible,Date non disponible,Nombre de pages non disponible,Rang de vente non disponible,Biographies,17.0,,
Colonie Trois Mars (Colonie Mars t. 3),https://www.amazon.fr/Colonie-Trois-Mars-t-ebook/dp/B0F6VCR7T6/ref=sr_1_269,"13,70 €",Gerald M. Kilby,"4,5 sur 5 étoiles, détails de l’évaluation",164,Format Kindle,https://m.media-amazon.com/images/I/71JOC+w64pL._AC_UY218_.jpg,2025-09-04T18:40:42.404439,Description non disponible depuis la recherche,Stock non disponible,ISBN non disponible,Éditeur non disponible,Date non disponible,Nombre de pages non disponible,Rang de vente non disponible,Biographies,17.0,,
La révolution des fourmis,https://www.amazon.fr/r%C3%A9volution-fourmis-Bernard-Werber/dp/2253144452/ref=sr_1_270,"10,40 €",Bernard Werber,"4,5 sur 5 étoiles, détails de l’évaluation",639,Poche,https://m.media-amazon.com/images/I/717+ycrvQRL._AC_UY218_.jpg,2025-09-04T18:40:42.407882,Description non disponible depuis la recherche,Stock non disponible,ISBN non disponible,Éditeur non disponible,Date non disponible,Nombre de pages non disponible,Rang de vente non disponible,Biographies,17.0,,
N.E.O. - tome 02 : Les deux châteaux,https://www.amazon.fr/N-02-deux-ch%C3%A2teaux/dp/2266339532/ref=sr_1_271,"9,50 €",Michel Bussi,"4,7 sur 5 étoiles, détails de l’évaluation",326,Poche,https://m.media-amazon.com/images/I/712kGzyNKBL._AC_UY218_.jpg,2025-09-04T18:40:42.411464,Description non disponible depuis la recherche,Stock non disponible,ISBN non disponible,Éditeur non disponible,Date non disponible,Nombre de pages non disponible,Rang de vente non disponible,Biographies,17.0,,
La Prophétie des abeilles,https://www.amazon.fr/Proph%C3%A9tie-abeilles-Bernard-Werber/dp/2253936936/ref=sr_1_272,"9,40 €",Bernard Werber,"4,4 sur 5 étoiles, détails de l’évaluation",2 856,Poche,https://m.media-amazon.com/images/I/71h44L7PGeL._AC_UY218_.jpg,2025-09-04T18:40:42.415033,Description non disponible depuis la recherche,Stock non disponible,ISBN non disponible,Éditeur non disponible,Date non disponible,Nombre de pages non disponible,Rang de vente non disponible,Biographies,17.0,,
La Patience du Diable,https://www.amazon.fr/Patience-du-Diable-Maxime-CHATTAM/dp/2266207075/ref=sr_1_273,"9,90 €",Maxime Chattam,"4,4 sur 5 étoiles, détails de l’évaluation",3 079,Poche,https://m.media-amazon.com/images/I/51X4tH-R2KL._AC_UY218_.jpg,2025-09-04T18:40:42.418678,Description non disponible depuis la recherche,Stock non disponible,ISBN non disponible,Éditeur non disponible,Date non disponible,Nombre de pages non disponible,Rang de vente non disponible,Biographies,17.0,,
"La Guilde des Ombres, tome 5 : La Guerre céleste: La Guilde des Ombres, tome 5 : La Guerre céleste (5)",https://www.amazon.fr/Guilde-Ombres-Guerre-c%C3%A9leste/dp/2266325396/ref=sr_1_274,"12,90 €",Anna Triss,"4,8 sur 5 étoiles, détails de l’évaluation",267,Poche,https://m.media-amazon.com/images/I/71bzkmCAAHL._AC_UY218_.jpg,2025-09-04T18:40:42.421863,Description non disponible depuis la recherche,Stock non disponible,ISBN non disponible,Éditeur non disponible,Date non disponible,Nombre de pages non disponible,Rang de vente non disponible,Biographies,17.0,,
Face aux feux du soleil,https://www.amazon.fr/cycle-robots-Face-feux-soleil/dp/2290327948/ref=sr_1_275,"8,80 €",Isaac Asimov,"4,7 sur 5 étoiles, détails de l’évaluation",644,Poche,https://m.media-amazon.com/images/I/71R2BTrIyAL._AC_UY218_.jpg,2025-09-04T18:40:42.424422,Description non disponible depuis la recherche,Stock non disponible,ISBN non disponible,Éditeur non disponible,Date non disponible,Nombre de pages non disponible,Rang de vente non disponible,Biographies,17.0,,
"La Guilde des Ombres, tome 6 : La Dixième Prophétie (6)",https://www.amazon.fr/Guilde-Ombres-Dixi%C3%A8me-Proph%C3%A9tie/dp/226632540X/ref=sr_1_276,"15,50 €",Anna Triss,"4,8 sur 5 étoiles, détails de l’évaluation",306,Poche,https://m.media-amazon.com/images/I/71IrqqJUfLL._AC_UY218_.jpg,2025-09-04T18:40:42.427721,Description non disponible depuis la recherche,Stock non disponible,ISBN non disponible,Éditeur non disponible,Date non disponible,Nombre de pages non disponible,Rang de vente non disponible,Biographies,17.0,,
Sous le ciel brisé 4: Thriller d'horreur apocalyptique,https://www.amazon.fr/Sous-ciel-bris%C3%A9-Thriller-apocalyptique/dp/B0DZ5HDBVK/ref=sr_1_275,"15,81 €",Nick Clausen,"4,5 sur 5 étoiles, détails de l’évaluation",156,Broché,https://m.media-amazon.com/images/I/71aRC-uD4bL._AC_UY218_.jpg,2025-09-04T18:40:51.335271,Description non disponible depuis la recherche,Stock non disponible,ISBN non disponible,Éditeur non disponible,Date non disponible,Nombre de pages non disponible,Rang de vente non disponible,Biographies,18.0,,
Le trône de fer: L'intégrale (5),https://www.amazon.fr/tr%C3%B4ne-5-Lint%C3%A9grale-George-R-R-Martin/dp/2290221708/ref=sr_1_276,"26,00 €",George R.R. Martin,"4,7 sur 5 étoiles, détails de l’évaluation",1 059,Relié,https://m.media-amazon.com/images/I/71cHBzClxNL._AC_UY218_.jpg,2025-09-04T18:40:51.338829,Description non disponible depuis la recherche,Stock non disponible,ISBN non disponible,Éditeur non disponible,Date non disponible,Nombre de pages non disponible,Rang de vente non disponible,Biographies,18.0,,
Quelque part de l'autre côté de la mer (relié collector),https://www.amazon.fr/Quelque-part-lautre-reli%C3%A9-collector/dp/2378766998/ref=sr_1_277,"27,90 €",Tj Klune,"4,8 sur 5 étoiles, détails de l’évaluation",14,Relié,https://m.media-amazon.com/images/I/618Dce5HF6L._AC_UY218_.jpg,2025-09-04T18:40:51.342367,Description non disponible depuis la recherche,Stock non disponible,ISBN non disponible,Éditeur non disponible,Date non disponible,Nombre de pages non disponible,Rang de vente non disponible,Biographies,18.0,,
Jurassic Park 1,https://www.amazon.fr/Audible-Jurassic-Park-1/dp/B0B3Y3NGF7/ref=sr_1_278,"0,00 €",Livres audio Audible,"4,7 sur 5 étoiles, détails de l’évaluation",327,Livres audio Audible,https://m.media-amazon.com/images/I/71mBMcQFSDL._AC_UY218_.jpg,2025-09-04T18:40:51.345885,Description non disponible depuis la recherche,Stock non disponible,ISBN non disponible,Éditeur non disponible,Date non disponible,Nombre de pages non disponible,Rang de vente non disponible,Biographies,18.0,,
Le secret des dragons (Kyra Stormrider t. 7),https://www.amazon.fr/secret-dragons-Kyra-Stormrider-t-ebook/dp/B0CYHML8TZ/ref=sr_1_279,"0,00 €",Jupiter Phaeton,"4,8 sur 5 étoiles, détails de l’évaluation",2 227,Format Kindle,https://m.media-amazon.com/images/I/915MI8T7fJL._AC_UY218_.jpg,2025-09-04T18:40:51.348741,Description non disponible depuis la recherche,Stock non disponible,ISBN non disponible,Éditeur non disponible,Date non disponible,Nombre de pages non disponible,Rang de vente non disponible,Biographies,18.0,,
Au Clair de la Louve,https://www.amazon.fr/Au-Clair-Louve-Rime-Bervuy-ebook/dp/B07F425HNH/ref=sr_1_280,"15,00 €",Rime de Bervuy,"4,5 sur 5 étoiles, détails de l’évaluation",187,Format Kindle,https://m.media-amazon.com/images/I/81JrfwgeZhL._AC_UY218_.jpg,2025-09-04T18:40:51.350922,Description non disponible depuis la recherche,Stock non disponible,ISBN non disponible,Éditeur non disponible,Date non disponible,Nombre de pages non disponible,Rang de vente non disponible,Biographies,18.0,,
K-Pop’s De-mons Hunters: Livre de coloriage Idols vs Démons Anime,https://www.amazon.fr/K-Pops-mons-Hunters-coloriage-D%C3%A9mons/dp/B0FN78JW7J/ref=sr_1_281,"14,77 €",de Zaza Titi | 13 août 2025,Note non disponible,0 avis,Broché,https://m.media-amazon.com/images/I/71AlG3iJ8wL._AC_UY218_.jpg,2025-09-04T18:40:51.353406,Description non disponible depuis la recherche,Stock non disponible,ISBN non disponible,Éditeur non disponible,Date non disponible,Nombre de pages non disponible,Rang de vente non disponible,Biographies,18.0,,
Au Clair de la Louve Tome 5 Coeur de Louve,https://www.amazon.fr/Au-Clair-Louve-Coeur-ebook/dp/B0BMM39H13/ref=sr_1_282,"20,00 €",Rime de Bervuy,"4,6 sur 5 étoiles, détails de l’évaluation",32,Format Kindle,https://m.media-amazon.com/images/I/817YAumaHGL._AC_UY218_.jpg,2025-09-04T18:40:51.355531,Description non disponible depuis la recherche,Stock non disponible,ISBN non disponible,Éditeur non disponible,Date non disponible,Nombre de pages non disponible,Rang de vente non disponible,Biographies,18.0,,
Au Clair de la Louve Tome 2 Légendes Obscures: Légendes Obscures,https://www.amazon.fr/Au-Clair-Louve-L%C3%A9gendes-Obscures-ebook/dp/B07PNM1WWH/ref=sr_1_285,"20,00 €",Rime de Bervuy,"4,5 sur 5 étoiles, détails de l’évaluation",113,Format Kindle,https://m.media-amazon.com/images/I/81JjH2I+iwL._AC_UY218_.jpg,2025-09-04T18:40:51.364880,Description non disponible depuis la recherche,Stock non disponible,ISBN non disponible,Éditeur non disponible,Date non disponible,Nombre de pages non disponible,Rang de vente non disponible,Biographies,18.0,,
L'Abrégé des contes perdus d'Emily Wilde - Tome 03 (relié collector) (03),https://www.amazon.fr/LAbr%C3%A9g%C3%A9-contes-perdus-dEmily-Wilde/dp/2385601443/ref=sr_1_286,"24,90 €",de Heather Fawcett et Christophe Rosson | 25 septembre 2025,Note non disponible,0 avis,Relié,https://m.media-amazon.com/images/I/61Pip7O7qxL._AC_UY218_.jpg,2025-09-04T18:40:51.368776,Description non disponible depuis la recherche,Stock non disponible,ISBN non disponible,Éditeur non disponible,Date non disponible,Nombre de pages non disponible,Rang de vente non disponible,Biographies,18.0,,
Les magiciens d'Enkidiev - Tome 3 Sayek,https://www.amazon.fr/magiciens-dEnkidiev-3-Sayek/dp/2749960045/ref=sr_1_287,"18,95 €",Anne Robillard,"4,7 sur 5 étoiles, détails de l’évaluation",111,Broché,https://m.media-amazon.com/images/I/71DSkFIqKeL._AC_UY218_.jpg,2025-09-04T18:40:51.371537,Description non disponible depuis la recherche,Stock non disponible,ISBN non disponible,Éditeur non disponible,Date non disponible,Nombre de pages non disponible,Rang de vente non disponible,Biographies,18.0,,
"Au Clair de la Louve, Tome 3, Clair Obscur",https://www.amazon.fr/Au-Clair-Louve-Obscur-ebook/dp/B083N4Y8G5/ref=sr_1_288,"20,00 €",Rime de Bervuy,"4,5 sur 5 étoiles, détails de l’évaluation",91,Format Kindle,https://m.media-amazon.com/images/I/91L2Bv7qsLL._AC_UY218_.jpg,2025-09-04T18:40:51.373620,Description non disponible depuis la recherche,Stock non disponible,ISBN non disponible,Éditeur non disponible,Date non disponible,Nombre de pages non disponible,Rang de vente non disponible,Biographies,18.0,,
"La Complainte du Roi Poète: La guerre des Ombres, Vol. 2",https://www.amazon.fr/Complainte-Roi-Po%C3%A8te-guerre-Ombres/dp/B0FDKPSY4X/ref=sr_1_289,"0,00 €",Livres audio Audible,"4,5 sur 5 étoiles, détails de l’évaluation",20,Livres audio Audible,https://m.media-amazon.com/images/I/91iRldTIy9L._AC_UY218_.jpg,2025-09-04T18:40:51.377003,Description non disponible depuis la recherche,Stock non disponible,ISBN non disponible,Éditeur non disponible,Date non disponible,Nombre de pages non disponible,Rang de vente non disponible,Biographies,18.0,,
ULURU: Le prix des étoiles,https://www.amazon.fr/ULURU-prix-%C3%A9toiles-Gabriel-Kerguelen-ebook/dp/B0FM8HX9YK/ref=sr_1_290,"19,99 €",Gabriel Kerguelen,ULURU: Le prix des étoiles,19,Format Kindle,https://m.media-amazon.com/images/I/71mh0Riq-VL._AC_UY218_.jpg,2025-09-04T18:40:51.379062,Description non disponible depuis la recherche,Stock non disponible,ISBN non disponible,Éditeur non disponible,Date non disponible,Nombre de pages non disponible,Rang de vente non disponible,Biographies,18.0,,
Powerful: Une histoire dans l'univers de Powerless-Édition reliée,https://www.amazon.fr/Powerful-histoire-lunivers-Powerless-%C3%89dition-reli%C3%A9e/dp/2073081452/ref=sr_1_291,"16,90 €",Lauren Roberts,"4,6 sur 5 étoiles, détails de l’évaluation",44,Relié,https://m.media-amazon.com/images/I/81nZXf+8hgL._AC_UY218_.jpg,2025-09-04T18:40:51.382643,Description non disponible depuis la recherche,Stock non disponible,ISBN non disponible,Éditeur non disponible,Date non disponible,Nombre de pages non disponible,Rang de vente non disponible,Biographies,18.0,,
Le Bouclier des Oiselles - Tome 01 (relié collector) (01),https://www.amazon.fr/Bouclier-Oiselles-01-reli%C3%A9-collector/dp/2385661675/ref=sr_1_292,"28,90 €",Devney Perry,"5,0 sur 5 étoiles, détails de l’évaluation",1,Relié,https://m.media-amazon.com/images/I/71geREECuTL._AC_UY218_.jpg,2025-09-04T18:40:51.385423,Description non disponible depuis la recherche,Stock non disponible,ISBN non disponible,Éditeur non disponible,Date non disponible,Nombre de pages non disponible,Rang de vente non disponible,Biographies,18.0,,
Une âme à vendre,https://www.amazon.fr/Une-%C3%A2me-vendre-Harley-Laroux/dp/2386900118/ref=sr_1_291,"22,90 €",Harley Laroux,Note non disponible,0 avis,Broché,https://m.media-amazon.com/images/I/61VsmqAtmBL._AC_UY218_.jpg,2025-09-04T18:40:59.136028,Description non disponible depuis la recherche,Stock non disponible,ISBN non disponible,Éditeur non disponible,Date non disponible,Nombre de pages non disponible,Rang de vente non disponible,Biographies,19.0,,
La guerre des dragons (Kyra Stormrider t. 5),https://www.amazon.fr/guerre-dragons-Kyra-Stormrider-t-ebook/dp/B0CQ53M5YB/ref=sr_1_292,"16,90 €",Jupiter Phaeton,"4,7 sur 5 étoiles, détails de l’évaluation",2 079,Format Kindle,https://m.media-amazon.com/images/I/81L8rXM1TvL._AC_UY218_.jpg,2025-09-04T18:40:59.139149,Description non disponible depuis la recherche,Stock non disponible,ISBN non disponible,Éditeur non disponible,Date non disponible,Nombre de pages non disponible,Rang de vente non disponible,Biographies,19.0,,
"Les Fiancés de l'hiver: La Passe-Miroir, Livre 1",https://www.amazon.fr/Fianc%C3%A9s-lhiver-Passe-Miroir-1/dp/B07ZRZKN6L/ref=sr_1_293,"0,00 €",Livres audio Audible,"4,6 sur 5 étoiles, détails de l’évaluation",3 698,Livres audio Audible,https://m.media-amazon.com/images/I/91JFyMkRLmL._AC_UY218_.jpg,2025-09-04T18:40:59.142014,Description non disponible depuis la recherche,Stock non disponible,ISBN non disponible,Éditeur non disponible,Date non disponible,Nombre de pages non disponible,Rang de vente non disponible,Biographies,19.0,,
Le dernier conte - Tome 01: Pomme d'or,https://www.amazon.fr/dernier-conte-01-Pomme-dor/dp/2755678070/ref=sr_1_294,"19,95 €",Alexiane Thill,"4,6 sur 5 étoiles, détails de l’évaluation",51,Broché,https://m.media-amazon.com/images/I/81X5upHehsL._AC_UY218_.jpg,2025-09-04T18:40:59.145782,Description non disponible depuis la recherche,Stock non disponible,ISBN non disponible,Éditeur non disponible,Date non disponible,Nombre de pages non disponible,Rang de vente non disponible,Biographies,19.0,,
Twilight : Édition Collector 20e Anniversaire,https://www.amazon.fr/Twilight-%C3%89dition-Collector-20e-Anniversaire/dp/201734351X/ref=sr_1_295,"35,00 €",Stephenie Meyer,Note non disponible,0 avis,Relié,https://m.media-amazon.com/images/I/61z-wvFOMyL._AC_UY218_.jpg,2025-09-04T18:40:59.147964,Description non disponible depuis la recherche,Stock non disponible,ISBN non disponible,Éditeur non disponible,Date non disponible,Nombre de pages non disponible,Rang de vente non disponible,Biographies,19.0,,
Une lumière dans la flamme: La chair et le feu 2,https://www.amazon.fr/Une-lumi%C3%A8re-dans-flamme-chair/dp/B0DVTKRGMZ/ref=sr_1_296,"0,00 €",Livres audio Audible,"4,8 sur 5 étoiles, détails de l’évaluation",269,Livres audio Audible,https://m.media-amazon.com/images/I/91lT34q6RZL._AC_UY218_.jpg,2025-09-04T18:40:59.151358,Description non disponible depuis la recherche,Stock non disponible,ISBN non disponible,Éditeur non disponible,Date non disponible,Nombre de pages non disponible,Rang de vente non disponible,Biographies,19.0,,
The Songbird and the Heart of Stone (Kronen van Nyaxia) (Dutch Edition),https://www.amazon.fr/Songbird-Heart-Stone-Kronen-Nyaxia-ebook/dp/B0FG88S6JS/ref=sr_1_297,"14,99 €",Carissa Broadbent,Note non disponible,0 avis,Format Kindle,https://m.media-amazon.com/images/I/81xQVZOl1ZL._AC_UY218_.jpg,2025-09-04T18:40:59.154438,Description non disponible depuis la recherche,Stock non disponible,ISBN non disponible,Éditeur non disponible,Date non disponible,Nombre de pages non disponible,Rang de vente non disponible,Biographies,19.0,,
Le Fléau - Collector 2020,https://www.amazon.fr/Fl%C3%A9au-Collector-2020-Stephen-King/dp/2253242268/ref=sr_1_298,"24,90 €",Stephen King,"4,8 sur 5 étoiles, détails de l’évaluation",283,Poche,https://m.media-amazon.com/images/I/71uDQafkyUL._AC_UY218_.jpg,2025-09-04T18:40:59.156576,Description non disponible depuis la recherche,Stock non disponible,ISBN non disponible,Éditeur non disponible,Date non disponible,Nombre de pages non disponible,Rang de vente non disponible,Biographies,19.0,,
The Outlander Oracle: A 54-Card Deck and Guidebook,https://www.amazon.fr/Outlander-Oracle-54-Card-Deck-Guidebook/dp/0593581393/ref=sr_1_301,"26,82 €",Diana Gabaldon,"4,6 sur 5 étoiles, détails de l’évaluation",44,Cartes,https://m.media-amazon.com/images/I/91BAj+Z5hdL._AC_UY218_.jpg,2025-09-04T18:40:59.165684,Description non disponible depuis la recherche,Stock non disponible,ISBN non disponible,Éditeur non disponible,Date non disponible,Nombre de pages non disponible,Rang de vente non disponible,Biographies,19.0,,
Les Disparus du Clairdelune: La Passe-Miroir 2,https://www.amazon.fr/Disparus-Clairdelune-Passe-Miroir/dp/B081QNPGPR/ref=sr_1_302,"0,00 €",Livres audio Audible,"4,7 sur 5 étoiles, détails de l’évaluation",3 658,Livres audio Audible,https://m.media-amazon.com/images/I/A1X7IxIiOdL._AC_UY218_.jpg,2025-09-04T18:40:59.168560,Description non disponible depuis la recherche,Stock non disponible,ISBN non disponible,Éditeur non disponible,Date non disponible,Nombre de pages non disponible,Rang de vente non disponible,Biographies,19.0,,
Minuit passé,https://www.amazon.fr/Minuit-pass%C3%A9-Ga%C3%ABlle-Geniller/dp/2413078940/ref=sr_1_303,"25,50 €",Gaëlle Geniller,"4,8 sur 5 étoiles, détails de l’évaluation",38,Relié,https://m.media-amazon.com/images/I/81BDaWN2vxL._AC_UY218_.jpg,2025-09-04T18:40:59.171399,Description non disponible depuis la recherche,Stock non disponible,ISBN non disponible,Éditeur non disponible,Date non disponible,Nombre de pages non disponible,Rang de vente non disponible,Biographies,19.0,,
Les Vampires d'Emberbury - L'Intégrale de la Saga (1-4): Aventure Paranormale et Romance de Sorcières et Vampires,https://www.amazon.fr/Vampires-dEmberbury-LInt%C3%A9grale-Paranormale-Sorci%C3%A8res/dp/B0DJFVD8KN/ref=sr_1_304,"28,99 €",Eva Alton,"4,4 sur 5 étoiles, détails de l’évaluation",378,Broché,https://m.media-amazon.com/images/I/71OSy33ud2L._AC_UY218_.jpg,2025-09-04T18:40:59.173481,Description non disponible depuis la recherche,Stock non disponible,ISBN non disponible,Éditeur non disponible,Date non disponible,Nombre de pages non disponible,Rang de vente non disponible,Biographies,19.0,,
Le trône de fer: L'intégrale (4),https://www.amazon.fr/tr%C3%B4ne-4-Lint%C3%A9grale-George-R-R-Martin/dp/2290221694/ref=sr_1_305,"24,00 €",George R.R. Martin,"4,7 sur 5 étoiles, détails de l’évaluation",699,Broché,https://m.media-amazon.com/images/I/616czALL-bL._AC_UY218_.jpg,2025-09-04T18:40:59.175557,Description non disponible depuis la recherche,Stock non disponible,ISBN non disponible,Éditeur non disponible,Date non disponible,Nombre de pages non disponible,Rang de vente non disponible,Biographies,19.0,,
Les aventuriers de la mer: L'intégrale (3),https://www.amazon.fr/Aventuriers-mer-Lint%C3%A9grale-seigneur-flammes/dp/2290108243/ref=sr_1_306,"19,50 €",de Robin Hobb et Véronique David-Marescot | 6 avril 2016,"4,7 sur 5 étoiles, détails de l’évaluation",61,Broché,https://m.media-amazon.com/images/I/6135FEeLzBL._AC_UY218_.jpg,2025-09-04T18:40:59.178309,Description non disponible depuis la recherche,Stock non disponible,ISBN non disponible,Éditeur non disponible,Date non disponible,Nombre de pages non disponible,Rang de vente non disponible,Biographies,19.0,,
The hidden society : Lagune & Sortilèges,https://www.amazon.fr/hidden-society-Lagune-Sortil%C3%A8ges/dp/2408055717/ref=sr_1_307,"21,90 €",de Jude Archer et Cyril Laumonier | 8 octobre 2025,Note non disponible,0 avis,Broché,https://m.media-amazon.com/images/I/71GV-FebDeL._AC_UY218_.jpg,2025-09-04T18:40:59.181059,Description non disponible depuis la recherche,Stock non disponible,ISBN non disponible,Éditeur non disponible,Date non disponible,Nombre de pages non disponible,Rang de vente non disponible,Biographies,19.0,,
Harry Potter: The Complete Collection (1-7) (English Edition),https://www.amazon.fr/Harry-Potter-Complete-Collection-1-7-ebook/dp/B01B3DKROQ/ref=sr_1_308,"59,99 €",J.K. Rowling,"4,9 sur 5 étoiles, détails de l’évaluation",11 234,Format Kindle,https://m.media-amazon.com/images/I/81DkH0yVw5L._AC_UY218_.jpg,2025-09-04T18:40:59.183102,Description non disponible depuis la recherche,Stock non disponible,ISBN non disponible,Éditeur non disponible,Date non disponible,Nombre de pages non disponible,Rang de vente non disponible,Biographies,19.0,,
"Fils-des-Brumes (Fils-des-Brumes, Tome 1)",https://www.amazon.fr/LEmpire-ultime-Fils-brumes-1/dp/2253023604/ref=sr_1_307,"12,40 €",Brandon Sanderson,"4,6 sur 5 étoiles, détails de l’évaluation",635,Poche,https://m.media-amazon.com/images/I/71Bd97KR9TL._AC_UY218_.jpg,2025-09-04T18:41:11.280922,Description non disponible depuis la recherche,Stock non disponible,ISBN non disponible,Éditeur non disponible,Date non disponible,Nombre de pages non disponible,Rang de vente non disponible,Biographies,20.0,,
Les cendres gelées (L'académie du feu t. 2),https://www.amazon.fr/cendres-gel%C3%A9es-Lacad%C3%A9mie-feu-t-ebook/dp/B0DV91FS53/ref=sr_1_308,"16,90 €",Jupiter Phaeton,"4,7 sur 5 étoiles, détails de l’évaluation",1 213,Format Kindle,https://m.media-amazon.com/images/I/91VIlI+-hoL._AC_UY218_.jpg,2025-09-04T18:41:11.283736,Description non disponible depuis la recherche,Stock non disponible,ISBN non disponible,Éditeur non disponible,Date non disponible,Nombre de pages non disponible,Rang de vente non disponible,Biographies,20.0,,
Une couronne pour la liberté: Qui a dit que son destin était déjà tracé ?,https://www.amazon.fr/Une-couronne-pour-libert%C3%A9-destin/dp/B0B2THFV6V/ref=sr_1_309,"16,00 €",Laëtitia Seguin,"4,4 sur 5 étoiles, détails de l’évaluation",85,Broché,https://m.media-amazon.com/images/I/71QHUCEwz3L._AC_UY218_.jpg,2025-09-04T18:41:11.285792,Description non disponible depuis la recherche,Stock non disponible,ISBN non disponible,Éditeur non disponible,Date non disponible,Nombre de pages non disponible,Rang de vente non disponible,Biographies,20.0,,
La Petite Sirène: Les contes interdits,https://www.amazon.fr/Petite-Sir%C3%A8ne-Sylvain-Johnson/dp/2849336408/ref=sr_1_310,"14,90 €",Sylvain Johnson,"4,5 sur 5 étoiles, détails de l’évaluation",783,Broché,https://m.media-amazon.com/images/I/71DWCAf1neL._AC_UY218_.jpg,2025-09-04T18:41:11.288736,Description non disponible depuis la recherche,Stock non disponible,ISBN non disponible,Éditeur non disponible,Date non disponible,Nombre de pages non disponible,Rang de vente non disponible,Biographies,20.0,,
The Bloody Chamber and Other Stories,https://www.amazon.fr/Bloody-Chamber-Other-Stories/dp/0099588110/ref=sr_1_311,"11,51 €",Angela Carter,"4,3 sur 5 étoiles, détails de l’évaluation",2 526,Broché,https://m.media-amazon.com/images/I/71QtC4C3sRL._AC_UY218_.jpg,2025-09-04T18:41:11.292654,Description non disponible depuis la recherche,Stock non disponible,ISBN non disponible,Éditeur non disponible,Date non disponible,Nombre de pages non disponible,Rang de vente non disponible,Biographies,20.0,,
"La Guilde des Ombres, tome 2 : La Grande Traque (2)",https://www.amazon.fr/Guilde-Ombres-Grande-Traque/dp/2266325361/ref=sr_1_312,"12,90 €",Anna Triss,"4,6 sur 5 étoiles, détails de l’évaluation",55,Poche,https://m.media-amazon.com/images/I/61E7o5yLrcL._AC_UY218_.jpg,2025-09-04T18:41:11.294923,Description non disponible depuis la recherche,Stock non disponible,ISBN non disponible,Éditeur non disponible,Date non disponible,Nombre de pages non disponible,Rang de vente non disponible,Biographies,20.0,,
L'Oracle de l'oiseau noir,https://www.amazon.fr/LOracle-loiseau-noir-Deborah-Harkness/dp/2385292653/ref=sr_1_313,"27,90 €",Deborah Harkness,"4,5 sur 5 étoiles, détails de l’évaluation",109,Broché,https://m.media-amazon.com/images/I/81OnK48oPXL._AC_UY218_.jpg,2025-09-04T18:41:11.298078,Description non disponible depuis la recherche,Stock non disponible,ISBN non disponible,Éditeur non disponible,Date non disponible,Nombre de pages non disponible,Rang de vente non disponible,Biographies,20.0,,
Salem,https://www.amazon.fr/Salem-Stephen-King/dp/2253124990/ref=sr_1_314,"10,90 €",Stephen King,"4,5 sur 5 étoiles, détails de l’évaluation",1 267,Poche,https://m.media-amazon.com/images/I/91C17mEI63L._AC_UY218_.jpg,2025-09-04T18:41:11.301415,Description non disponible depuis la recherche,Stock non disponible,ISBN non disponible,Éditeur non disponible,Date non disponible,Nombre de pages non disponible,Rang de vente non disponible,Biographies,20.0,,
Le chant se lève (relié collector) - Tome 03 The Bone Season Nlle ed.,https://www.amazon.fr/chant-l%C3%A8ve-reli%C3%A9-collector-Season/dp/2378766580/ref=sr_1_317,"26,90 €",Samantha Shannon,"4,6 sur 5 étoiles, détails de l’évaluation",184,Relié,https://m.media-amazon.com/images/I/71emRXHZr2L._AC_UY218_.jpg,2025-09-04T18:41:11.311637,Description non disponible depuis la recherche,Stock non disponible,ISBN non disponible,Éditeur non disponible,Date non disponible,Nombre de pages non disponible,Rang de vente non disponible,Biographies,20.0,,
Une ombre dans la braise: La Chair et le feu 1,https://www.amazon.fr/Une-ombre-dans-braise-Chair/dp/B0DN7TLP7M/ref=sr_1_318,"0,00 €",Livres audio Audible,"4,8 sur 5 étoiles, détails de l’évaluation",415,Livres audio Audible,https://m.media-amazon.com/images/I/912YAaM9kGL._AC_UY218_.jpg,2025-09-04T18:41:11.314888,Description non disponible depuis la recherche,Stock non disponible,ISBN non disponible,Éditeur non disponible,Date non disponible,Nombre de pages non disponible,Rang de vente non disponible,Biographies,20.0,,
The Knight and the Moth: the spellbinding gothic romantasy from multi-million-copy bestseller Rachel Gillig (Stonewater Kingdom) (English Edition),https://www.amazon.fr/Knight-Moth-spellbinding-romantasy-Stonewater-ebook/dp/B0D6G4V3TH/ref=sr_1_319,"13,99 €",Rachel Gillig,"4,5 sur 5 étoiles, détails de l’évaluation",12 058,Format Kindle,https://m.media-amazon.com/images/I/91o+PBMeilL._AC_UY218_.jpg,2025-09-04T18:41:11.318622,Description non disponible depuis la recherche,Stock non disponible,ISBN non disponible,Éditeur non disponible,Date non disponible,Nombre de pages non disponible,Rang de vente non disponible,Biographies,20.0,,
Supercollector Lovecraft,https://www.amazon.fr/Supercollector-Lovecraft-H-P/dp/B0C9T16TCJ/ref=sr_1_320,"85,00 €",Howard Philips LOVECRAFT,"4,9 sur 5 étoiles, détails de l’évaluation",42,Relié,https://m.media-amazon.com/images/I/919zYfL6yXL._AC_UY218_.jpg,2025-09-04T18:41:11.320864,Description non disponible depuis la recherche,Stock non disponible,ISBN non disponible,Éditeur non disponible,Date non disponible,Nombre de pages non disponible,Rang de vente non disponible,Biographies,20.0,,
The Kindred's Curse: Heat of the everflame - Édition reliée (3),https://www.amazon.fr/Kindreds-Curse-everflame-%C3%89dition-reli%C3%A9e/dp/2080457268/ref=sr_1_321,"27,90 €",Penn Cole,"4,7 sur 5 étoiles, détails de l’évaluation",29,Relié,https://m.media-amazon.com/images/I/71oFSqmzI5L._AC_UY218_.jpg,2025-09-04T18:41:11.323749,Description non disponible depuis la recherche,Stock non disponible,ISBN non disponible,Éditeur non disponible,Date non disponible,Nombre de pages non disponible,Rang de vente non disponible,Biographies,20.0,,
Les robots de l'aube,https://www.amazon.fr/cycle-robots-laube/dp/2290332755/ref=sr_1_322,"9,20 €",Isaac Asimov,"4,8 sur 5 étoiles, détails de l’évaluation",598,Poche,https://m.media-amazon.com/images/I/71Hz7K5f3CL._AC_UY218_.jpg,2025-09-04T18:41:11.326467,Description non disponible depuis la recherche,Stock non disponible,ISBN non disponible,Éditeur non disponible,Date non disponible,Nombre de pages non disponible,Rang de vente non disponible,Biographies,20.0,,
The Bone Season - Tome 05 Le Miroir sombre (relié collector),https://www.amazon.fr/Bone-Season-Miroir-sombre-collector/dp/2378766912/ref=sr_1_323,"27,90 €",Samantha Shannon,"5,0 sur 5 étoiles, détails de l’évaluation",17,Relié,https://m.media-amazon.com/images/I/71dn1nQaILL._AC_UY218_.jpg,2025-09-04T18:41:11.329843,Description non disponible depuis la recherche,Stock non disponible,ISBN non disponible,Éditeur non disponible,Date non disponible,Nombre de pages non disponible,Rang de vente non disponible,Biographies,20.0,,
"Paradis perdus (La Traversée des temps, Tome 1)",https://www.amazon.fr/Paradis-perdus-Travers%C3%A9e-temps-1/dp/2253106747/ref=sr_1_324,"9,90 €",Éric-Emmanuel Schmitt,"4,4 sur 5 étoiles, détails de l’évaluation",2 777,Poche,https://m.media-amazon.com/images/I/81UIS1TFgVL._AC_UY218_.jpg,2025-09-04T18:41:11.333090,Description non disponible depuis la recherche,Stock non disponible,ISBN non disponible,Éditeur non disponible,Date non disponible,Nombre de pages non disponible,Rang de vente non disponible,Biographies,20.0,,
"La Roue du Temps, T8 : Un lever de ténèbres - deuxième partie",https://www.amazon.fr/Roue-Temps-T4-2-t%C3%A9n%C3%A8bres-deuxi%C3%A8me/dp/B07TQYRL55/ref=sr_1_483,"8,90 €",Robert Jordan,"4,8 sur 5 étoiles, détails de l’évaluation",209,Poche,https://m.media-amazon.com/images/I/81o7Mqzi9vL._AC_UY218_.jpg,2025-09-04T08:48:50.253454,Description non disponible depuis la recherche,Stock non disponible,ISBN non disponible,Éditeur non disponible,Date non disponible,Nombre de pages non disponible,Rang de vente non disponible,Biographies,31.0,,
Terremer (Edition intégrale),https://www.amazon.fr/Terremer-int%C3%A9grale-Ursula-Guin/dp/2253189677/ref=sr_1_484,"29,90 €",Ursula K. Le Guin,"4,4 sur 5 étoiles, détails de l’évaluation",388,Broché,https://m.media-amazon.com/images/I/81u62lP7tuL._AC_UY218_.jpg,2025-09-04T08:48:50.256223,Description non disponible depuis la recherche,Stock non disponible,ISBN non disponible,Éditeur non disponible,Date non disponible,Nombre de pages non disponible,Rang de vente non disponible,Biographies,31.0,,
"Le roi maudit et la couronne sanglante: Les Couronnes de Nyaxia, T2",https://www.amazon.fr/roi-maudit-couronne-sanglante-Couronnes-ebook/dp/B0D3DZQXG4/ref=sr_1_485,"9,99 €",Carissa Broadbent,"4,4 sur 5 étoiles, détails de l’évaluation",187,Format Kindle,https://m.media-amazon.com/images/I/818ud8eG-iL._AC_UY218_.jpg,2025-09-04T08:48:50.259410,Description non disponible depuis la recherche,Stock non disponible,ISBN non disponible,Éditeur non disponible,Date non disponible,Nombre de pages non disponible,Rang de vente non disponible,Biographies,31.0,,
Cruels Garçons perdus - Tome 02 The Dark One - broché,https://www.amazon.fr/Dark-One-broch%C3%A9-Cruels-Gar%C3%A7ons/dp/2385660075/ref=sr_1_486,"17,90 €",Nikki St. Crowe,"4,6 sur 5 étoiles, détails de l’évaluation",192,Broché,https://m.media-amazon.com/images/I/61nPUdQD1oL._AC_UY218_.jpg,2025-09-04T08:48:50.262282,Description non disponible depuis la recherche,Stock non disponible,ISBN non disponible,Éditeur non disponible,Date non disponible,Nombre de pages non disponible,Rang de vente non disponible,Biographies,31.0,,
"Chair de poule , Tome 03: Photos maléfiques",https://www.amazon.fr/Chair-poule-03-Photos-mal%C3%A9fiques/dp/B0C85GR78K/ref=sr_1_487,"6,50 €",R.L Stine,"4,7 sur 5 étoiles, détails de l’évaluation",493,Broché,https://m.media-amazon.com/images/I/71pi11mW4DL._AC_UY218_.jpg,2025-09-04T08:48:50.265125,Description non disponible depuis la recherche,Stock non disponible,ISBN non disponible,Éditeur non disponible,Date non disponible,Nombre de pages non disponible,Rang de vente non disponible,Biographies,31.0,,
"Dites-moi, Princesse ! T04",https://www.amazon.fr/Dites-moi-Princesse-T04-Spoon/dp/2382881879/ref=sr_1_488,"14,95 €",de Spoon et Plutus | 17 septembre 2025,Note non disponible,0 avis,Broché,https://m.media-amazon.com/images/I/81MPIBSCGRL._AC_UY218_.jpg,2025-09-04T08:48:50.267794,Description non disponible depuis la recherche,Stock non disponible,ISBN non disponible,Éditeur non disponible,Date non disponible,Nombre de pages non disponible,Rang de vente non disponible,Biographies,31.0,,
Sous le ciel brisé 3: Thriller d'horreur apocalyptique,https://www.amazon.fr/Sous-ciel-bris%C3%A9-Thriller-apocalyptique/dp/B0DZ5KL25R/ref=sr_1_489,"15,81 €",Nick Clausen,"4,6 sur 5 étoiles, détails de l’évaluation",167,Broché,https://m.media-amazon.com/images/I/71GeD91hnJL._AC_UY218_.jpg,2025-09-04T08:48:50.269983,Description non disponible depuis la recherche,Stock non disponible,ISBN non disponible,Éditeur non disponible,Date non disponible,Nombre de pages non disponible,Rang de vente non disponible,Biographies,31.0,,
"Guide Ultime de Metal Gear Solid Delta : Snake Eater: Solution Complète avec Tous les Objets de Collection, Stratégies de Boss et Conseils d’Expert",https://www.amazon.fr/Guide-Ultime-Metal-Solid-Delta/dp/B0FP9SG5NS/ref=sr_1_490,"26,36 €",de Marcus  J. Nate et Anonymous Anonymous | 30 août 2025,Note non disponible,0 avis,Relié,https://m.media-amazon.com/images/I/61hUHH44KHL._AC_UY218_.jpg,2025-09-04T08:48:50.273581,Description non disponible depuis la recherche,Stock non disponible,ISBN non disponible,Éditeur non disponible,Date non disponible,Nombre de pages non disponible,Rang de vente non disponible,Biographies,31.0,,
The Courting of Bristol Keats - Tome 1 - Collector,https://www.amazon.fr/Courting-Bristol-Keats-Collector/dp/B0F3T96Q6Y/ref=sr_1_493,"27,90 €",Mary E. Pearson,Note non disponible,0 avis,Broché,https://m.media-amazon.com/images/I/71X-CDtc-nL._AC_UY218_.jpg,2025-09-04T08:48:50.282968,Description non disponible depuis la recherche,Stock non disponible,ISBN non disponible,Éditeur non disponible,Date non disponible,Nombre de pages non disponible,Rang de vente non disponible,Biographies,31.0,,
La nuit des treize plumes,https://www.amazon.fr/nuit-treize-plumes-Isabelle-Pandazopoulos/dp/2700282698/ref=sr_1_494,"17,90 €",de Isabelle Pandazopoulos | 20 août 2025,Note non disponible,0 avis,Broché,https://m.media-amazon.com/images/I/71Hqp4KSAsL._AC_UY218_.jpg,2025-09-04T08:48:50.287734,Description non disponible depuis la recherche,Stock non disponible,ISBN non disponible,Éditeur non disponible,Date non disponible,Nombre de pages non disponible,Rang de vente non disponible,Biographies,31.0,,
"La Roue du Temps, T28 : Un souvenir de Lumière - deuxième partie",https://www.amazon.fr/Roue-Temps-T28-souvenir-deuxi%C3%A8me/dp/B0D91KJDGR/ref=sr_1_495,"8,95 €",Robert Jordan,"4,8 sur 5 étoiles, détails de l’évaluation",35,Poche,https://m.media-amazon.com/images/I/81ZQuHpCD2L._AC_UY218_.jpg,2025-09-04T08:48:50.289803,Description non disponible depuis la recherche,Stock non disponible,ISBN non disponible,Éditeur non disponible,Date non disponible,Nombre de pages non disponible,Rang de vente non disponible,Biographies,31.0,,
"Le Coeur de la terre (Autre-Monde, Tome 3)",https://www.amazon.fr/Coeur-terre-Autre-Monde-3/dp/2253173592/ref=sr_1_496,"9,90 €",Maxime Chattam,"4,6 sur 5 étoiles, détails de l’évaluation",1 379,Poche,https://m.media-amazon.com/images/I/81rwjPrdA3L._AC_UY218_.jpg,2025-09-04T08:48:50.292950,Description non disponible depuis la recherche,Stock non disponible,ISBN non disponible,Éditeur non disponible,Date non disponible,Nombre de pages non disponible,Rang de vente non disponible,Biographies,31.0,,
Never Let Me Go,https://www.amazon.fr/Never-Let-Me-Kazuo-Ishiguro/dp/0571258093/ref=sr_1_497,"12,12 €",Kazuo Ishiguro,"4,2 sur 5 étoiles, détails de l’évaluation",36 821,Broché,https://m.media-amazon.com/images/I/716qHj8vH7L._AC_UY218_.jpg,2025-09-04T08:48:50.296490,Description non disponible depuis la recherche,Stock non disponible,ISBN non disponible,Éditeur non disponible,Date non disponible,Nombre de pages non disponible,Rang de vente non disponible,Biographies,31.0,,
The Return To Caraval Complete Collection Box Set,https://www.amazon.fr/Return-Caraval-Complete-Collection-Box/dp/1399741942/ref=sr_1_498,"93,46 €",Stephanie Garber,"4,5 sur 5 étoiles, détails de l’évaluation",99,Relié,https://m.media-amazon.com/images/I/81JOJqAxn9L._AC_UY218_.jpg,2025-09-04T08:48:50.298792,Description non disponible depuis la recherche,Stock non disponible,ISBN non disponible,Éditeur non disponible,Date non disponible,Nombre de pages non disponible,Rang de vente non disponible,Biographies,31.0,,
Jezero City: Colonie Quatre Mars (Colonie Mars t. 4),https://www.amazon.fr/Jezero-City-Colonie-Quatre-Mars-ebook/dp/B0F94CGNQ5/ref=sr_1_499,"13,70 €",Gerald M. Kilby,"4,5 sur 5 étoiles, détails de l’évaluation",115,Format Kindle,https://m.media-amazon.com/images/I/81cCzYlZeIL._AC_UY218_.jpg,2025-09-04T08:48:50.300850,Description non disponible depuis la recherche,Stock non disponible,ISBN non disponible,Éditeur non disponible,Date non disponible,Nombre de pages non disponible,Rang de vente non disponible,Biographies,31.0,,
"Dungeon Crawler Carl : Le Portail des dieux infernaux - Tome 4 : une aventure de LitRPG. Saga de science-fiction et fantasy post apocalyptique aux millions de lecteurs, Livre nouveauté 2025",https://www.amazon.fr/Dungeon-Crawler-Carl-science-fiction-apocalyptique/dp/2487700378/ref=sr_1_500,"16,90 €",Matt Dinniman,Note non disponible,0 avis,Broché,https://m.media-amazon.com/images/I/71iO2WQvpnL._AC_UY218_.jpg,2025-09-04T08:48:50.303729,Description non disponible depuis la recherche,Stock non disponible,ISBN non disponible,Éditeur non disponible,Date non disponible,Nombre de pages non disponible,Rang de vente non disponible,Biographies,31.0,,
Rama: L'intégrale II,https://www.amazon.fr/Rama-lInt%C3%A9grale-jardins-r%C3%A9v%C3%A9l%C3%A9/dp/2290000388/ref=sr_1_499,"24,00 €",Arthur C. Clarke,"4,6 sur 5 étoiles, détails de l’évaluation",63,Poche,https://m.media-amazon.com/images/I/71Bu1ZbJi0L._AC_UY218_.jpg,2025-09-04T08:49:00.292882,Description non disponible depuis la recherche,Stock non disponible,ISBN non disponible,Éditeur non disponible,Date non disponible,Nombre de pages non disponible,Rang de vente non disponible,Biographies,32.0,,
Le Temps des chimères,https://www.amazon.fr/Temps-chim%C3%A8res-Bernard-Werber/dp/2253250783/ref=sr_1_500,"9,90 €",Bernard Werber,"4,3 sur 5 étoiles, détails de l’évaluation",714,Poche,https://m.media-amazon.com/images/I/71dBcc1hmiL._AC_UY218_.jpg,2025-09-04T08:49:00.295877,Description non disponible depuis la recherche,Stock non disponible,ISBN non disponible,Éditeur non disponible,Date non disponible,Nombre de pages non disponible,Rang de vente non disponible,Biographies,32.0,,
"La Roue du Temps, T27 : Un souvenir de Lumière - première partie",https://www.amazon.fr/Roue-Temps-T27-souvenir-premi%C3%A8re/dp/B0D91K1TY5/ref=sr_1_501,"8,95 €",Robert Jordan,"4,8 sur 5 étoiles, détails de l’évaluation",37,Poche,https://m.media-amazon.com/images/I/81YYvl7XGTL._AC_UY218_.jpg,2025-09-04T08:49:00.298024,Description non disponible depuis la recherche,Stock non disponible,ISBN non disponible,Éditeur non disponible,Date non disponible,Nombre de pages non disponible,Rang de vente non disponible,Biographies,32.0,,
Le chevalier aux épines: Le débat des dames (3),https://www.amazon.fr/chevalier-aux-%C3%A9pines-d%C3%A9bat-dames/dp/2073042910/ref=sr_1_502,"11,90 €",Jean-Philippe Jaworski,"4,4 sur 5 étoiles, détails de l’évaluation",177,Poche,https://m.media-amazon.com/images/I/81lrBIy3sGL._AC_UY218_.jpg,2025-09-04T08:49:00.301269,Description non disponible depuis la recherche,Stock non disponible,ISBN non disponible,Éditeur non disponible,Date non disponible,Nombre de pages non disponible,Rang de vente non disponible,Biographies,32.0,,
La pierre des larmes: L'épée de vérité 2,https://www.amazon.fr/pierre-larmes-L%C3%A9p%C3%A9e-v%C3%A9rit%C3%A9/dp/B07M8WGRNB/ref=sr_1_503,"0,00 €",Livres audio Audible,"4,7 sur 5 étoiles, détails de l’évaluation",559,Livres audio Audible,https://m.media-amazon.com/images/I/91O06DvY6YL._AC_UY218_.jpg,2025-09-04T08:49:00.304814,Description non disponible depuis la recherche,Stock non disponible,ISBN non disponible,Éditeur non disponible,Date non disponible,Nombre de pages non disponible,Rang de vente non disponible,Biographies,32.0,,
Le Bronze et L'Ambre,https://www.amazon.fr/Bronze-LAmbre-Sam-Agaeli/dp/2487267135/ref=sr_1_504,"17,90 €",Sam Agaeli,"4,6 sur 5 étoiles, détails de l’évaluation",20,Broché,https://m.media-amazon.com/images/I/71Mc46dPU6L._AC_UY218_.jpg,2025-09-04T08:49:00.307434,Description non disponible depuis la recherche,Stock non disponible,ISBN non disponible,Éditeur non disponible,Date non disponible,Nombre de pages non disponible,Rang de vente non disponible,Biographies,32.0,,
Skandar - tome 3 - et les épreuves du Chaos,https://www.amazon.fr/Skandar-3-%C3%A9preuves-du-Chaos/dp/2017160040/ref=sr_1_505,"19,00 €",A.F. Steadman,"4,8 sur 5 étoiles, détails de l’évaluation",79,Broché,https://m.media-amazon.com/images/I/81TfAFFdzwL._AC_UY218_.jpg,2025-09-04T08:49:00.310369,Description non disponible depuis la recherche,Stock non disponible,ISBN non disponible,Éditeur non disponible,Date non disponible,Nombre de pages non disponible,Rang de vente non disponible,Biographies,32.0,,
Babel,https://www.amazon.fr/Babel-Rebecca-F-Kuang/dp/2385650711/ref=sr_1_506,"9,80 €",Rebecca F. Kuang,"4,4 sur 5 étoiles, détails de l’évaluation",196,Poche,https://m.media-amazon.com/images/I/71omqhumW5L._AC_UY218_.jpg,2025-09-04T08:49:00.313776,Description non disponible depuis la recherche,Stock non disponible,ISBN non disponible,Éditeur non disponible,Date non disponible,Nombre de pages non disponible,Rang de vente non disponible,Biographies,32.0,,
"Malronce (Autre-Monde, Tome 2)",https://www.amazon.fr/Malronce-Autre-Monde-2-Maxime-Chattam/dp/2253173584/ref=sr_1_509,"9,70 €",Maxime Chattam,"4,6 sur 5 étoiles, détails de l’évaluation",1 395,Poche,https://m.media-amazon.com/images/I/81Qh1+eKZrL._AC_UY218_.jpg,2025-09-04T08:49:00.323418,Description non disponible depuis la recherche,Stock non disponible,ISBN non disponible,Éditeur non disponible,Date non disponible,Nombre de pages non disponible,Rang de vente non disponible,Biographies,32.0,,
Assoiffés - Tome 8 Exilés,https://www.amazon.fr/Assoiff%C3%A9s-08-Exil%C3%A9s-Tracy-Wolff/dp/2266340301/ref=sr_1_510,"19,90 €",Tracy Wolff,"4,6 sur 5 étoiles, détails de l’évaluation",140,Broché,https://m.media-amazon.com/images/I/51AYDslt5CL._AC_UY218_.jpg,2025-09-04T08:49:00.326635,Description non disponible depuis la recherche,Stock non disponible,ISBN non disponible,Éditeur non disponible,Date non disponible,Nombre de pages non disponible,Rang de vente non disponible,Biographies,32.0,,
Carrie,https://www.amazon.fr/Carrie-Stephen-King/dp/2253096768/ref=sr_1_511,"8,90 €",Stephen King,"4,4 sur 5 étoiles, détails de l’évaluation",860,Poche,https://m.media-amazon.com/images/I/916W3jMu+mL._AC_UY218_.jpg,2025-09-04T08:49:00.329892,Description non disponible depuis la recherche,Stock non disponible,ISBN non disponible,Éditeur non disponible,Date non disponible,Nombre de pages non disponible,Rang de vente non disponible,Biographies,32.0,,
Le dernier conte - Tome 02: Rose rouge,https://www.amazon.fr/dernier-conte-02-Rose-rouge/dp/2755678089/ref=sr_1_512,"19,95 €",Alexiane Thill,"4,6 sur 5 étoiles, détails de l’évaluation",32,Broché,https://m.media-amazon.com/images/I/81U2ejPNgPL._AC_UY218_.jpg,2025-09-04T08:49:00.333452,Description non disponible depuis la recherche,Stock non disponible,ISBN non disponible,Éditeur non disponible,Date non disponible,Nombre de pages non disponible,Rang de vente non disponible,Biographies,32.0,,
Talisman: Le Talisman des territoires 1,https://www.amazon.fr/Audible-Talisman-territoires-1/dp/B0DK6ZDW9Z/ref=sr_1_513,"0,00 €",Livres audio Audible,"4,4 sur 5 étoiles, détails de l’évaluation",55,Livres audio Audible,https://m.media-amazon.com/images/I/81+mT++PTxL._AC_UY218_.jpg,2025-09-04T08:49:00.336701,Description non disponible depuis la recherche,Stock non disponible,ISBN non disponible,Éditeur non disponible,Date non disponible,Nombre de pages non disponible,Rang de vente non disponible,Biographies,32.0,,
Twisted Tale - La Complainte de Sally,https://www.amazon.fr/Twisted-Tale-Complainte-Mari-Mancusi/dp/2017283290/ref=sr_1_514,"22,00 €",Mari Mancusi,"4,8 sur 5 étoiles, détails de l’évaluation",44,Broché,https://m.media-amazon.com/images/I/81FAQZy-eEL._AC_UY218_.jpg,2025-09-04T08:49:00.339734,Description non disponible depuis la recherche,Stock non disponible,ISBN non disponible,Éditeur non disponible,Date non disponible,Nombre de pages non disponible,Rang de vente non disponible,Biographies,32.0,,
La Cité des miroirs,https://www.amazon.fr/Cit%C3%A9-miroirs-3-Justin-CRONIN/dp/226621859X/ref=sr_1_515,"12,90 €",Justin Cronin,"4,6 sur 5 étoiles, détails de l’évaluation",387,Poche,https://m.media-amazon.com/images/I/71tE6YpeltL._AC_UY218_.jpg,2025-09-04T08:49:00.343271,Description non disponible depuis la recherche,Stock non disponible,ISBN non disponible,Éditeur non disponible,Date non disponible,Nombre de pages non disponible,Rang de vente non disponible,Biographies,32.0,,
Fae Legacy: Romantasy one-shot,https://www.amazon.fr/Fae-Legacy-Romantasy-J-K-GRAS-ebook/dp/B0F9KWKDQB/ref=sr_1_516,"25,00 €",J.K GRAS,"4,8 sur 5 étoiles, détails de l’évaluation",146,Format Kindle,https://m.media-amazon.com/images/I/81fUHrk0rCL._AC_UY218_.jpg,2025-09-04T08:49:00.345905,Description non disponible depuis la recherche,Stock non disponible,ISBN non disponible,Éditeur non disponible,Date non disponible,Nombre de pages non disponible,Rang de vente non disponible,Biographies,32.0,,
"La Voie Éternelle, T1 : La Disciple du Corbeau",https://www.amazon.fr/Voie-%C3%89ternelle-T1-Disciple-Corbeau/dp/B0F4QDVCSL/ref=sr_1_515,"28,00 €","de Antonia Hodgson, Maéna Paillet, et al. | 17 septembre 2025",Note non disponible,0 avis,Relié,https://m.media-amazon.com/images/I/81A1Uq5Qh2L._AC_UY218_.jpg,2025-09-04T08:49:09.628914,Description non disponible depuis la recherche,Stock non disponible,ISBN non disponible,Éditeur non disponible,Date non disponible,Nombre de pages non disponible,Rang de vente non disponible,Biographies,33.0,,
La Passeuse de Mots - Tome 3 - La mémoire de la lune,https://www.amazon.fr/Passeuse-Mots-m%C3%A9moire-lune/dp/2017140392/ref=sr_1_516,"20,00 €",Alric & Jennifer Twice,"4,6 sur 5 étoiles, détails de l’évaluation",307,Broché,https://m.media-amazon.com/images/I/81jpq3N-6JL._AC_UY218_.jpg,2025-09-04T08:49:09.632115,Description non disponible depuis la recherche,Stock non disponible,ISBN non disponible,Éditeur non disponible,Date non disponible,Nombre de pages non disponible,Rang de vente non disponible,Biographies,33.0,,
Sous le ciel brisé 8: Thriller d'horreur apocalyptique,https://www.amazon.fr/Sous-ciel-bris%C3%A9-Thriller-apocalyptique/dp/B0F1LV715C/ref=sr_1_517,"15,81 €",Nick Clausen,"4,6 sur 5 étoiles, détails de l’évaluation",157,Broché,https://m.media-amazon.com/images/I/711znvU7G7L._AC_UY218_.jpg,2025-09-04T08:49:09.634215,Description non disponible depuis la recherche,Stock non disponible,ISBN non disponible,Éditeur non disponible,Date non disponible,Nombre de pages non disponible,Rang de vente non disponible,Biographies,33.0,,
Simetierre,https://www.amazon.fr/Simetierre-Stephen-King/dp/2253151432/ref=sr_1_518,"10,40 €",Stephen King,"4,5 sur 5 étoiles, détails de l’évaluation",1 277,Poche,https://m.media-amazon.com/images/I/818Xfm0wAEL._AC_UY218_.jpg,2025-09-04T08:49:09.637641,Description non disponible depuis la recherche,Stock non disponible,ISBN non disponible,Éditeur non disponible,Date non disponible,Nombre de pages non disponible,Rang de vente non disponible,Biographies,33.0,,
Sous le ciel brisé 5: Thriller d'horreur apocalyptique,https://www.amazon.fr/Sous-ciel-bris%C3%A9-Thriller-apocalyptique/dp/B0DZM1B1VF/ref=sr_1_519,"15,81 €",Nick Clausen,"4,5 sur 5 étoiles, détails de l’évaluation",115,Broché,https://m.media-amazon.com/images/I/71GMOhreT+L._AC_UY218_.jpg,2025-09-04T08:49:09.639869,Description non disponible depuis la recherche,Stock non disponible,ISBN non disponible,Éditeur non disponible,Date non disponible,Nombre de pages non disponible,Rang de vente non disponible,Biographies,33.0,,
Rendez-vous avec Rama,https://www.amazon.fr/Rendez-vous-avec-Rama-Arthur-Clarke/dp/2290320897/ref=sr_1_520,"8,20 €",Arthur C. Clarke,"4,5 sur 5 étoiles, détails de l’évaluation",191,Poche,https://m.media-amazon.com/images/I/61AuziCu9RL._AC_UY218_.jpg,2025-09-04T08:49:09.642491,Description non disponible depuis la recherche,Stock non disponible,ISBN non disponible,Éditeur non disponible,Date non disponible,Nombre de pages non disponible,Rang de vente non disponible,Biographies,33.0,,
Un été à brûler dans ses yeux (Roman lesbien),https://www.amazon.fr/br%C3%BBler-dans-yeux-Roman-lesbien-ebook/dp/B0FNS1X29D/ref=sr_1_521,"5,99 €",Leïla Hedyth,"5,0 sur 5 étoiles, détails de l’évaluation",2,Format Kindle,https://m.media-amazon.com/images/I/71iSdQvdTfL._AC_UY218_.jpg,2025-09-04T08:49:09.644096,Description non disponible depuis la recherche,Stock non disponible,ISBN non disponible,Éditeur non disponible,Date non disponible,Nombre de pages non disponible,Rang de vente non disponible,Biographies,33.0,,
Reckless: Édition reliée,https://www.amazon.fr/Reckless-%C3%89dition-reli%C3%A9e-Lauren-Roberts/dp/2073049133/ref=sr_1_522,"25,90 €",Lauren Roberts,Note non disponible,0 avis,Relié,https://m.media-amazon.com/images/I/81zPcGvCz6L._AC_UY218_.jpg,2025-09-04T08:49:09.647986,Description non disponible depuis la recherche,Stock non disponible,ISBN non disponible,Éditeur non disponible,Date non disponible,Nombre de pages non disponible,Rang de vente non disponible,Biographies,33.0,,
Siege of Terra Collection II,https://www.amazon.fr/Siege-Terra-Collection-Dan-Abnett/dp/1804078182/ref=sr_1_525,"25,00 €",Monsieur Gav Thorpe,"4,1 sur 5 étoiles, détails de l’évaluation",9,Broché,https://m.media-amazon.com/images/I/71w+9Ru489L._AC_UY218_.jpg,2025-09-04T08:49:09.657477,Description non disponible depuis la recherche,Stock non disponible,ISBN non disponible,Éditeur non disponible,Date non disponible,Nombre de pages non disponible,Rang de vente non disponible,Biographies,33.0,,
L’Épine du Trône: Romantasy sombre Slow burn - Ennemis to...,https://www.amazon.fr/L%C3%89pine-Tr%C3%B4ne-Romantasy-sombre-Ennemis/dp/2487935162/ref=sr_1_526,"17,99 €",Galli May,"4,6 sur 5 étoiles, détails de l’évaluation",131,Broché,https://m.media-amazon.com/images/I/7191AJTcdIL._AC_UY218_.jpg,2025-09-04T08:49:09.659835,Description non disponible depuis la recherche,Stock non disponible,ISBN non disponible,Éditeur non disponible,Date non disponible,Nombre de pages non disponible,Rang de vente non disponible,Biographies,33.0,,
Dead Poets Society.,https://www.amazon.fr/Dead-Poets-Society-N-Kleinbaum/dp/1401308775/ref=sr_1_527,"6,99 €",N.H. Kleinbaum,"4,6 sur 5 étoiles, détails de l’évaluation",5 716,Poche,https://m.media-amazon.com/images/I/617-2I06oGL._AC_UY218_.jpg,2025-09-04T08:49:09.662866,Description non disponible depuis la recherche,Stock non disponible,ISBN non disponible,Éditeur non disponible,Date non disponible,Nombre de pages non disponible,Rang de vente non disponible,Biographies,33.0,,
"La Saga des sans-destin, T1 : Un destin encré dans le sang",https://www.amazon.fr/Saga-sans-destin-T1-destin-encr%C3%A9-ebook/dp/B0D18GY243/ref=sr_1_528,"12,99 €",Danielle L. Jensen,"4,4 sur 5 étoiles, détails de l’évaluation",99,Format Kindle,https://m.media-amazon.com/images/I/81wZempK2iL._AC_UY218_.jpg,2025-09-04T08:49:09.666193,Description non disponible depuis la recherche,Stock non disponible,ISBN non disponible,Éditeur non disponible,Date non disponible,Nombre de pages non disponible,Rang de vente non disponible,Biographies,33.0,,
L'Appel du néant,https://www.amazon.fr/LAppel-du-n%C3%A9ant-Maxime-CHATTAM/dp/2266269097/ref=sr_1_529,"10,30 €",Maxime Chattam,"4,4 sur 5 étoiles, détails de l’évaluation",2 643,Poche,https://m.media-amazon.com/images/I/61oLbNZ6MXL._AC_UY218_.jpg,2025-09-04T08:49:09.669849,Description non disponible depuis la recherche,Stock non disponible,ISBN non disponible,Éditeur non disponible,Date non disponible,Nombre de pages non disponible,Rang de vente non disponible,Biographies,33.0,,
The Rose Field: The Book of Dust Volume Three,https://www.amazon.fr/Rose-Field-Book-Dust-Three/dp/0241458706/ref=sr_1_530,"20,61 €",Philip Pullman,Note non disponible,0 avis,Broché,https://m.media-amazon.com/images/I/91kWFWN01iL._AC_UY218_.jpg,2025-09-04T08:49:09.674034,Description non disponible depuis la recherche,Stock non disponible,ISBN non disponible,Éditeur non disponible,Date non disponible,Nombre de pages non disponible,Rang de vente non disponible,Biographies,33.0,,
"Le don de mort - Partie 2: La Guilde des Ombres, T1",https://www.amazon.fr/don-mort-Partie-Guilde-Ombres-ebook/dp/B09MWN92JN/ref=sr_1_531,"7,99 €",Anna Triss,"4,7 sur 5 étoiles, détails de l’évaluation",583,Format Kindle,https://m.media-amazon.com/images/I/71-7dA4DImL._AC_UY218_.jpg,2025-09-04T08:49:09.677210,Description non disponible depuis la recherche,Stock non disponible,ISBN non disponible,Éditeur non disponible,Date non disponible,Nombre de pages non disponible,Rang de vente non disponible,Biographies,33.0,,
Les ailes dorées (Edition Relié): Fallen Fae Gods 1,https://www.amazon.fr/ailes-dor%C3%A9es-Reli%C3%A9-Fallen-Gods/dp/B0FGX88NGF/ref=sr_1_532,"29,99 €",Jaymin Eve,Note non disponible,0 avis,Relié,https://m.media-amazon.com/images/I/61qL7OnSHEL._AC_UY218_.jpg,2025-09-04T08:49:09.680390,Description non disponible depuis la recherche,Stock non disponible,ISBN non disponible,Éditeur non disponible,Date non disponible,Nombre de pages non disponible,Rang de vente non disponible,Biographies,33.0,,
Les Animaux dénaturés,https://www.amazon.fr/Animaux-d%C3%A9natur%C3%A9s-Vercors/dp/2253010235/ref=sr_1_531,"6,40 €",Vercors,"4,5 sur 5 étoiles, détails de l’évaluation",246,Poche,https://m.media-amazon.com/images/I/81FoIelPPtL._AC_UY218_.jpg,2025-09-04T08:49:19.242523,Description non disponible depuis la recherche,Stock non disponible,ISBN non disponible,Éditeur non disponible,Date non disponible,Nombre de pages non disponible,Rang de vente non disponible,Biographies,34.0,,
Le Seigneur des Anneaux T2 Les deux tours,https://www.amazon.fr/Seigneur-Anneaux-T2-deux-tours-ebook/dp/B0BC9XNV33/ref=sr_1_532,"14,99 €","de J.R.R. Tolkien, Alan Lee, et al. | 1 septembre 2022","4,8 sur 5 étoiles, détails de l’évaluation",832,Format Kindle,https://m.media-amazon.com/images/I/91lgSXFYfbL._AC_UY218_.jpg,2025-09-04T08:49:19.246516,Description non disponible depuis la recherche,Stock non disponible,ISBN non disponible,Éditeur non disponible,Date non disponible,Nombre de pages non disponible,Rang de vente non disponible,Biographies,34.0,,
La Hantise du Manoir Blackstone: Royaume Ténébreux Tome 1,https://www.amazon.fr/Hantise-Manoir-Blackstone-Royaume-T%C3%A9n%C3%A9breux/dp/B0FFYZWV6H/ref=sr_1_533,"15,81 €",Augustine Pierce,"4,1 sur 5 étoiles, détails de l’évaluation",24,Broché,https://m.media-amazon.com/images/I/615zBGcQ3sL._AC_UY218_.jpg,2025-09-04T08:49:19.248649,Description non disponible depuis la recherche,Stock non disponible,ISBN non disponible,Éditeur non disponible,Date non disponible,Nombre de pages non disponible,Rang de vente non disponible,Biographies,34.0,,
"Once Upon a Broken Heart Series 3 Books Collection Set By Stephanie Garber (Once Upon A Broken Heart, The Ballad of Never After & A Curse For True Love)",https://www.amazon.fr/Broken-Collection-Stephanie-Garber-Ballad/dp/9124299669/ref=sr_1_534,"39,85 €",Stephanie Garber,"4,5 sur 5 étoiles, détails de l’évaluation",254,Broché,https://m.media-amazon.com/images/I/81eKvw25lwL._AC_UY218_.jpg,2025-09-04T08:49:19.250549,Description non disponible depuis la recherche,Stock non disponible,ISBN non disponible,Éditeur non disponible,Date non disponible,Nombre de pages non disponible,Rang de vente non disponible,Biographies,34.0,,
"Chair de poule , Tome 01: La malédiction de la momie",https://www.amazon.fr/Chair-poule-01-mal%C3%A9diction-momie/dp/B0C85GY3TC/ref=sr_1_535,"6,50 €",R.L Stine,"4,7 sur 5 étoiles, détails de l’évaluation",882,Broché,https://m.media-amazon.com/images/I/81WsqMQBkML._AC_UY218_.jpg,2025-09-04T08:49:19.253697,Description non disponible depuis la recherche,Stock non disponible,ISBN non disponible,Éditeur non disponible,Date non disponible,Nombre de pages non disponible,Rang de vente non disponible,Biographies,34.0,,
Le cercle des 17 - tome 08 : Le parasite (8),https://www.amazon.fr/cercle-17-08-parasite/dp/2266339125/ref=sr_1_536,"18,90 €",Richard Paul Evans,"4,6 sur 5 étoiles, détails de l’évaluation",73,Poche,https://m.media-amazon.com/images/I/61rU2FJcemL._AC_UY218_.jpg,2025-09-04T08:49:19.256236,Description non disponible depuis la recherche,Stock non disponible,ISBN non disponible,Éditeur non disponible,Date non disponible,Nombre de pages non disponible,Rang de vente non disponible,Biographies,34.0,,
Strange Houses: The Chilling Japanese Mystery Sensation,https://www.amazon.fr/Strange-Houses-Uketsu/dp/1805335375/ref=sr_1_537,"17,75 €",Uketsu,"4,1 sur 5 étoiles, détails de l’évaluation",697,Broché,https://m.media-amazon.com/images/I/71FuSvhtpVL._AC_UY218_.jpg,2025-09-04T08:49:19.259686,Description non disponible depuis la recherche,Stock non disponible,ISBN non disponible,Éditeur non disponible,Date non disponible,Nombre de pages non disponible,Rang de vente non disponible,Biographies,34.0,,
"Shadows of Tenebris, T1 : A Kiss of Iron",https://www.amazon.fr/Shadows-Tenebris-T1-Kiss-Iron-ebook/dp/B0DWTBSM7M/ref=sr_1_538,"12,99 €",Clare Sager,"4,6 sur 5 étoiles, détails de l’évaluation",39,Format Kindle,https://m.media-amazon.com/images/I/81Z9EVZ5MCL._AC_UY218_.jpg,2025-09-04T08:49:19.262299,Description non disponible depuis la recherche,Stock non disponible,ISBN non disponible,Éditeur non disponible,Date non disponible,Nombre de pages non disponible,Rang de vente non disponible,Biographies,34.0,,
Ahriman : L'Immortel,https://www.amazon.fr/Ahriman-LImmortel-Monsieur-John-French/dp/1804075752/ref=sr_1_541,"15,00 €",Monsieur John French,"4,4 sur 5 étoiles, détails de l’évaluation",20,Broché,https://m.media-amazon.com/images/I/41kVwxhEw3L._AC_UY218_.jpg,2025-09-04T08:49:19.270516,Description non disponible depuis la recherche,Stock non disponible,ISBN non disponible,Éditeur non disponible,Date non disponible,Nombre de pages non disponible,Rang de vente non disponible,Biographies,34.0,,
Assoiffés - Tome 9 Adorés,https://www.amazon.fr/Assoiff%C3%A9s-09-Ador%C3%A9s-Tracy-Wolff/dp/2266341928/ref=sr_1_542,"19,90 €",Tracy Wolff,"4,6 sur 5 étoiles, détails de l’évaluation",80,Broché,https://m.media-amazon.com/images/I/51mHK2twSTL._AC_UY218_.jpg,2025-09-04T08:49:19.273753,Description non disponible depuis la recherche,Stock non disponible,ISBN non disponible,Éditeur non disponible,Date non disponible,Nombre de pages non disponible,Rang de vente non disponible,Biographies,34.0,,
"Agence Perdido, Tome 02: Le musée effacé",https://www.amazon.fr/Agence-Perdido-02-mus%C3%A9e-effac%C3%A9/dp/B0F8QC91PY/ref=sr_1_543,"21,90 €",Victor Dixen,Note non disponible,0 avis,Broché,https://m.media-amazon.com/images/I/81JWC+KlItL._AC_UY218_.jpg,2025-09-04T08:49:19.277603,Description non disponible depuis la recherche,Stock non disponible,ISBN non disponible,Éditeur non disponible,Date non disponible,Nombre de pages non disponible,Rang de vente non disponible,Biographies,34.0,,
"Sorceleur (Witcher) - Poche, T7 : La Dame du lac (traduction révisée)",https://www.amazon.fr/Sorceleur-Witcher-Poche-traduction-r%C3%A9vis%C3%A9e/dp/B0DSKJZYKT/ref=sr_1_544,"9,95 €",Andrzej Sapkowski,"4,6 sur 5 étoiles, détails de l’évaluation",1 458,Poche,https://m.media-amazon.com/images/I/813vM1zhbYL._AC_UY218_.jpg,2025-09-04T08:49:19.280954,Description non disponible depuis la recherche,Stock non disponible,ISBN non disponible,Éditeur non disponible,Date non disponible,Nombre de pages non disponible,Rang de vente non disponible,Biographies,34.0,,
Sorceleur (Witcher) : La Saison des orages,https://www.amazon.fr/Sorceleur-Saison-orages-Andrzej-Sapkowski/dp/B07MPK2XJM/ref=sr_1_545,"15,90 €",Andrzej Sapkowski,"4,7 sur 5 étoiles, détails de l’évaluation",1 017,Broché,https://m.media-amazon.com/images/I/81bqV2hlATL._AC_UY218_.jpg,2025-09-04T08:49:19.283638,Description non disponible depuis la recherche,Stock non disponible,ISBN non disponible,Éditeur non disponible,Date non disponible,Nombre de pages non disponible,Rang de vente non disponible,Biographies,34.0,,
La Grâce d’un Loup: Livre 1,https://www.amazon.fr/Gr%C3%A2ce-dun-Loup-Livre-ebook/dp/B0FJFQ9MWW/ref=sr_1_546,"4,27 €",de Lenaleia _ et WebNovel _ | 21 juillet 2025,"3,9 sur 5 étoiles, détails de l’évaluation",24,Format Kindle,https://m.media-amazon.com/images/I/71dey6CSLbL._AC_UY218_.jpg,2025-09-04T08:49:19.285803,Description non disponible depuis la recherche,Stock non disponible,ISBN non disponible,Éditeur non disponible,Date non disponible,Nombre de pages non disponible,Rang de vente non disponible,Biographies,34.0,,
Dôme 2,https://www.amazon.fr/D%C3%B4me-2/dp/B06XCXS6KQ/ref=sr_1_547,"0,00 €",Livres audio Audible,"4,6 sur 5 étoiles, détails de l’évaluation",454,Livres audio Audible,https://m.media-amazon.com/images/I/91YhhiqqREL._AC_UY218_.jpg,2025-09-04T08:49:19.289042,Description non disponible depuis la recherche,Stock non disponible,ISBN non disponible,Éditeur non disponible,Date non disponible,Nombre de pages non disponible,Rang de vente non disponible,Biographies,34.0,,
Le royaume des mensonges T3 : Une couronne si froide et lourde,https://www.amazon.fr/royaume-mensonges-T3-couronne-froide-ebook/dp/B0FCLBXFFN/ref=sr_1_548,"9,99 €",Stacia Stark,"4,5 sur 5 étoiles, détails de l’évaluation",17,Format Kindle,https://m.media-amazon.com/images/I/81ERdMfjnbL._AC_UY218_.jpg,2025-09-04T08:49:19.292067,Description non disponible depuis la recherche,Stock non disponible,ISBN non disponible,Éditeur non disponible,Date non disponible,Nombre de pages non disponible,Rang de vente non disponible,Biographies,34.0,,
"Wind and Truth: Book Five of the Stormlight Archive (The Stormlight Archive, 5)",https://www.amazon.fr/Wind-Truth-Stormlight-Archive-English-ebook/dp/B0CPWQZNQB/ref=sr_1_547,"18,99 €",Brandon Sanderson,"4,7 sur 5 étoiles, détails de l’évaluation",27 214,Format Kindle,https://m.media-amazon.com/images/I/81oQNU2eoPL._AC_UY218_.jpg,2025-09-04T08:49:29.253184,Description non disponible depuis la recherche,Stock non disponible,ISBN non disponible,Éditeur non disponible,Date non disponible,Nombre de pages non disponible,Rang de vente non disponible,Biographies,35.0,,
Six couronnes sauvages - Tome 01 Les Reines d'Elben (relié collector) (01),https://www.amazon.fr/Six-couronnes-sauvages-Reines-collector/dp/2385601486/ref=sr_1_548,"26,90 €",de Holly Race et Thibaud Eliroff | 9 octobre 2025,Note non disponible,0 avis,Relié,https://m.media-amazon.com/images/I/71Y0ygeV0RL._AC_UY218_.jpg,2025-09-04T08:49:29.256940,Description non disponible depuis la recherche,Stock non disponible,ISBN non disponible,Éditeur non disponible,Date non disponible,Nombre de pages non disponible,Rang de vente non disponible,Biographies,35.0,,
Berserk - Tome 41,https://www.amazon.fr/Berserk-41-Kentaro-Miura/dp/2344053417/ref=sr_1_549,"7,20 €",Kentaro Miura,"4,9 sur 5 étoiles, détails de l’évaluation",776,Poche,https://m.media-amazon.com/images/I/71OvsKh95AL._AC_UY218_.jpg,2025-09-04T08:49:29.260333,Description non disponible depuis la recherche,Stock non disponible,ISBN non disponible,Éditeur non disponible,Date non disponible,Nombre de pages non disponible,Rang de vente non disponible,Biographies,35.0,,
Assistant to the Villain: The hilarious grumpy/sunshine fantasy romance from the New York Times bestselling author and TikTok sensation (English Edition),https://www.amazon.fr/Assistant-Villain-bestseller-sensation-hilarious-ebook/dp/B0C3LB75YW/ref=sr_1_550,"8,99 €",Hannah Nicole Maehrer,"4,4 sur 5 étoiles, détails de l’évaluation",4 504,Format Kindle,https://m.media-amazon.com/images/I/81DAMoWY7tL._AC_UY218_.jpg,2025-09-04T08:49:29.263043,Description non disponible depuis la recherche,Stock non disponible,ISBN non disponible,Éditeur non disponible,Date non disponible,Nombre de pages non disponible,Rang de vente non disponible,Biographies,35.0,,
"L'Alliance de Fer, T2 : La Martyre",https://www.amazon.fr/LAlliance-Fer-T2-Anthony-Ryan/dp/B0CRH365KJ/ref=sr_1_551,"9,95 €",Anthony Ryan,"4,5 sur 5 étoiles, détails de l’évaluation",330,Poche,https://m.media-amazon.com/images/I/71exZZrUnJL._AC_UY218_.jpg,2025-09-04T08:49:29.266585,Description non disponible depuis la recherche,Stock non disponible,ISBN non disponible,Éditeur non disponible,Date non disponible,Nombre de pages non disponible,Rang de vente non disponible,Biographies,35.0,,
L'école du bien et du mal - tome 06 : Le seul véritable roi,https://www.amazon.fr/L%C3%A9cole-bien-mal-seul-v%C3%A9ritable/dp/226633008X/ref=sr_1_552,"9,20 €",Soman Chainani,"4,7 sur 5 étoiles, détails de l’évaluation",226,Poche,https://m.media-amazon.com/images/I/71-m3y5zNlL._AC_UY218_.jpg,2025-09-04T08:49:29.270103,Description non disponible depuis la recherche,Stock non disponible,ISBN non disponible,Éditeur non disponible,Date non disponible,Nombre de pages non disponible,Rang de vente non disponible,Biographies,35.0,,
Le tournoi des preux,https://www.amazon.fr/Audible-Le-tournoi-des-preux/dp/B0C53MWPZR/ref=sr_1_553,"0,00 €",Livres audio Audible,"4,4 sur 5 étoiles, détails de l’évaluation",268,Livres audio Audible,https://m.media-amazon.com/images/I/81VXviFaC3L._AC_UY218_.jpg,2025-09-04T08:49:29.273114,Description non disponible depuis la recherche,Stock non disponible,ISBN non disponible,Éditeur non disponible,Date non disponible,Nombre de pages non disponible,Rang de vente non disponible,Biographies,35.0,,
"Une braise sous la cendre, T3 : Un Faucheur aux portes",https://www.amazon.fr/Une-braise-sous-cendre-T3/dp/2362315932/ref=sr_1_554,"25,00 €",Sabaa Tahir,"4,7 sur 5 étoiles, détails de l’évaluation",20,Relié,https://m.media-amazon.com/images/I/71ALhNBXQEL._AC_UY218_.jpg,2025-09-04T08:49:29.276440,Description non disponible depuis la recherche,Stock non disponible,ISBN non disponible,Éditeur non disponible,Date non disponible,Nombre de pages non disponible,Rang de vente non disponible,Biographies,35.0,,
"Le Trône de Fer: L'intégrale illustrée, 1",https://www.amazon.fr/Tr%C3%B4ne-Fer-Lint%C3%A9grale-illustr%C3%A9e/dp/2080295438/ref=sr_1_557,"35,90 €",George R.R. Martin,"4,6 sur 5 étoiles, détails de l’évaluation",64,Relié,https://m.media-amazon.com/images/I/81eVO3uZOoL._AC_UY218_.jpg,2025-09-04T08:49:29.285601,Description non disponible depuis la recherche,Stock non disponible,ISBN non disponible,Éditeur non disponible,Date non disponible,Nombre de pages non disponible,Rang de vente non disponible,Biographies,35.0,,
Ecrire son premier roman: Pour tous les genres littéraires,https://www.amazon.fr/Ecrire-son-premier-roman-litt%C3%A9raires/dp/B0FN3RM7YN/ref=sr_1_558,"18,00 €",Christelle Lebailly,Note non disponible,0 avis,Broché,https://m.media-amazon.com/images/I/71u0jkX4bFL._AC_UY218_.jpg,2025-09-04T08:49:29.287654,Description non disponible depuis la recherche,Stock non disponible,ISBN non disponible,Éditeur non disponible,Date non disponible,Nombre de pages non disponible,Rang de vente non disponible,Biographies,35.0,,
"Harry Potter and the Prisoner of Azkaban, Book 3",https://www.amazon.fr/Harry-Potter-Prisoner-Azkaban-Book/dp/B01CV4L6PU/ref=sr_1_559,"0,00 €",Livres audio Audible,"4,8 sur 5 étoiles, détails de l’évaluation",101 055,Livres audio Audible,https://m.media-amazon.com/images/I/918KgCfwpVL._AC_UY218_.jpg,2025-09-04T08:49:29.290611,Description non disponible depuis la recherche,Stock non disponible,ISBN non disponible,Éditeur non disponible,Date non disponible,Nombre de pages non disponible,Rang de vente non disponible,Biographies,35.0,,
The Marvelous Diner (The Marvelous #1),https://www.amazon.fr/Marvelous-Diner-1-ebook/dp/B0BFJ3WG55/ref=sr_1_560,"7,99 €",Anthéa Viki,"4,1 sur 5 étoiles, détails de l’évaluation",28,Format Kindle,https://m.media-amazon.com/images/I/81iLnZQ1IML._AC_UY218_.jpg,2025-09-04T08:49:29.293207,Description non disponible depuis la recherche,Stock non disponible,ISBN non disponible,Éditeur non disponible,Date non disponible,Nombre de pages non disponible,Rang de vente non disponible,Biographies,35.0,,
La Passeuse de Mots - Tome 4 - Les Larmes du Saule,https://www.amazon.fr/Passeuse-Mots-Larmes-Saule/dp/2017195901/ref=sr_1_561,"21,90 €",Alric & Jennifer Twice,"4,5 sur 5 étoiles, détails de l’évaluation",145,Broché,https://m.media-amazon.com/images/I/81Ih5qSDliL._AC_UY218_.jpg,2025-09-04T08:49:29.296557,Description non disponible depuis la recherche,Stock non disponible,ISBN non disponible,Éditeur non disponible,Date non disponible,Nombre de pages non disponible,Rang de vente non disponible,Biographies,35.0,,
Le Monstre Du Château de Brooks,https://www.amazon.fr/Monstre-Du-Ch%C3%A2teau-Brooks/dp/2493836049/ref=sr_1_562,"17,00 €",Sarah West,"4,1 sur 5 étoiles, détails de l’évaluation",702,Broché,https://m.media-amazon.com/images/I/71aBASSo4fL._AC_UY218_.jpg,2025-09-04T08:49:29.298818,Description non disponible depuis la recherche,Stock non disponible,ISBN non disponible,Éditeur non disponible,Date non disponible,Nombre de pages non disponible,Rang de vente non disponible,Biographies,35.0,,
J'ai lu. Science-fiction,https://www.amazon.fr/Martyrs-3-Olivier-Peru/dp/2290141275/ref=sr_1_563,"17,90 €",Olivier Peru,"4,7 sur 5 étoiles, détails de l’évaluation",19,Broché,https://m.media-amazon.com/images/I/813UxKnhHZL._AC_UY218_.jpg,2025-09-04T08:49:29.301530,Description non disponible depuis la recherche,Stock non disponible,ISBN non disponible,Éditeur non disponible,Date non disponible,Nombre de pages non disponible,Rang de vente non disponible,Biographies,35.0,,
Vampire Dormitory T13,https://www.amazon.fr/Vampire-Dormitory-T13-Ema-Toyama/dp/2811697705/ref=sr_1_564,"7,20 €",Ema Toyama,"5,0 sur 5 étoiles, détails de l’évaluation",1,Poche,https://m.media-amazon.com/images/I/81S71A3DtaL._AC_UY218_.jpg,2025-09-04T08:49:29.303438,Description non disponible depuis la recherche,Stock non disponible,ISBN non disponible,Éditeur non disponible,Date non disponible,Nombre de pages non disponible,Rang de vente non disponible,Biographies,35.0,,
"Rejetée par le sauvage, Les Cinq Meutes T5",https://www.amazon.fr/Rejet%C3%A9e-par-sauvage-Cinq-Meutes-ebook/dp/B0FGLDQHWY/ref=sr_1_563,"7,99 €",Cate C Wells,"4,9 sur 5 étoiles, détails de l’évaluation",14,Format Kindle,https://m.media-amazon.com/images/I/81+5pOd8WRL._AC_UY218_.jpg,2025-09-04T08:49:39.695619,Description non disponible depuis la recherche,Stock non disponible,ISBN non disponible,Éditeur non disponible,Date non disponible,Nombre de pages non disponible,Rang de vente non disponible,Biographies,36.0,,
Les Feux du ciel: La roue du temps 5,https://www.amazon.fr/Feux-ciel-roue-temps/dp/B07YCCH29Y/ref=sr_1_564,"0,00 €",Livres audio Audible,"4,6 sur 5 étoiles, détails de l’évaluation",376,Livres audio Audible,https://m.media-amazon.com/images/I/81D6SU1qNfL._AC_UY218_.jpg,2025-09-04T08:49:39.698759,Description non disponible depuis la recherche,Stock non disponible,ISBN non disponible,Éditeur non disponible,Date non disponible,Nombre de pages non disponible,Rang de vente non disponible,Biographies,36.0,,
One Dark Window: the gothic and spellbinding million-copy bestseller (The Shepherd King) (English Edition),https://www.amazon.fr/Dark-Window-English-Rachel-Gillig-ebook/dp/B09QCCH9N7/ref=sr_1_565,"5,49 €",Rachel Gillig,"4,5 sur 5 étoiles, détails de l’évaluation",78 466,Format Kindle,https://m.media-amazon.com/images/I/815TyRL9JsL._AC_UY218_.jpg,2025-09-04T08:49:39.702147,Description non disponible depuis la recherche,Stock non disponible,ISBN non disponible,Éditeur non disponible,Date non disponible,Nombre de pages non disponible,Rang de vente non disponible,Biographies,36.0,,
La Chute de Gondolin,https://www.amazon.fr/Audible-La-Chute-de-Gondolin/dp/B0CL7MBMDV/ref=sr_1_566,"0,00 €",Livres audio Audible,"4,7 sur 5 étoiles, détails de l’évaluation",311,Livres audio Audible,https://m.media-amazon.com/images/I/91ObyyZl5kL._AC_UY218_.jpg,2025-09-04T08:49:39.705283,Description non disponible depuis la recherche,Stock non disponible,ISBN non disponible,Éditeur non disponible,Date non disponible,Nombre de pages non disponible,Rang de vente non disponible,Biographies,36.0,,
"Eat me, Drink me : a cannibal love story (édition française)",https://www.amazon.fr/Eat-Drink-cannibal-%C3%A9dition-fran%C3%A7aise/dp/B0CK3M4VYG/ref=sr_1_567,"19,00 €",Elodie Faiderbe,"4,6 sur 5 étoiles, détails de l’évaluation",545,Broché,https://m.media-amazon.com/images/I/61rRVDzjKOL._AC_UY218_.jpg,2025-09-04T08:49:39.708097,Description non disponible depuis la recherche,Stock non disponible,ISBN non disponible,Éditeur non disponible,Date non disponible,Nombre de pages non disponible,Rang de vente non disponible,Biographies,36.0,,
Kingdom of Ash: From the # 1 Sunday Times best-selling author of A Court of Thorns and Roses (Throne of Glass Book 7) (English Edition),https://www.amazon.fr/Kingdom-Ash-Sarah-J-Maas-ebook/dp/B079VM5L3H/ref=sr_1_568,"8,85 €",Sarah J. Maas,"4,8 sur 5 étoiles, détails de l’évaluation",126 050,Format Kindle,https://m.media-amazon.com/images/I/81QWCeLOyhL._AC_UY218_.jpg,2025-09-04T08:49:39.711520,Description non disponible depuis la recherche,Stock non disponible,ISBN non disponible,Éditeur non disponible,Date non disponible,Nombre de pages non disponible,Rang de vente non disponible,Biographies,36.0,,
"La Roue du Temps, T10 : Les Feux du ciel - deuxième partie",https://www.amazon.fr/Roue-Temps-T5-2-deuxi%C3%A8me-partie/dp/B07YTDDKFW/ref=sr_1_569,"8,90 €",Robert Jordan,"4,8 sur 5 étoiles, détails de l’évaluation",185,Broché,https://m.media-amazon.com/images/I/813AMlGMqzL._AC_UY218_.jpg,2025-09-04T08:49:39.713665,Description non disponible depuis la recherche,Stock non disponible,ISBN non disponible,Éditeur non disponible,Date non disponible,Nombre de pages non disponible,Rang de vente non disponible,Biographies,36.0,,
La mémoire de Babel: La Passe-Miroir 3,https://www.amazon.fr/m%C3%A9moire-Babel-Passe-Miroir-3/dp/B081QN2DZT/ref=sr_1_570,"0,00 €",Livres audio Audible,"4,7 sur 5 étoiles, détails de l’évaluation",3 035,Livres audio Audible,https://m.media-amazon.com/images/I/A15HTL3ZTBL._AC_UY218_.jpg,2025-09-04T08:49:39.716413,Description non disponible depuis la recherche,Stock non disponible,ISBN non disponible,Éditeur non disponible,Date non disponible,Nombre de pages non disponible,Rang de vente non disponible,Biographies,36.0,,
Humanimal - tome 1 - Le Secret de Murphy,https://www.amazon.fr/Humanimal-Secret-Murphy-Emy-Letertre/dp/2226488723/ref=sr_1_573,"17,90 €",Emy Letertre,"4,7 sur 5 étoiles, détails de l’évaluation",59,Broché,https://m.media-amazon.com/images/I/71mUqCVT-8L._AC_UY218_.jpg,2025-09-04T08:49:39.725986,Description non disponible depuis la recherche,Stock non disponible,ISBN non disponible,Éditeur non disponible,Date non disponible,Nombre de pages non disponible,Rang de vente non disponible,Biographies,36.0,,
Assoiffés - Tome 4 Prisonniers,https://www.amazon.fr/Assoiff%C3%A9s-04-Prisonniers-Tracy-Wolff/dp/2266328581/ref=sr_1_574,"17,90 €",Tracy Wolff,"4,7 sur 5 étoiles, détails de l’évaluation",452,Broché,https://m.media-amazon.com/images/I/61hW2Kbf0eL._AC_UY218_.jpg,2025-09-04T08:49:39.729715,Description non disponible depuis la recherche,Stock non disponible,ISBN non disponible,Éditeur non disponible,Date non disponible,Nombre de pages non disponible,Rang de vente non disponible,Biographies,36.0,,
Toilet-bound Hanako-kun T03,https://www.amazon.fr/Toilet-bound-Hanako-kun-T03-AidaIro/dp/281166422X/ref=sr_1_575,"7,70 €",AidaIro,"4,9 sur 5 étoiles, détails de l’évaluation",260,Poche,https://m.media-amazon.com/images/I/81pr3pxrpVS._AC_UY218_.jpg,2025-09-04T08:49:39.732219,Description non disponible depuis la recherche,Stock non disponible,ISBN non disponible,Éditeur non disponible,Date non disponible,Nombre de pages non disponible,Rang de vente non disponible,Biographies,36.0,,
Via Latina: De lingua et vita Romanorum,https://www.amazon.fr/Via-Latina-lingua-vita-Romanorum/dp/8494534629/ref=sr_1_576,"28,00 €",María Luisa Aguilar García,"4,7 sur 5 étoiles, détails de l’évaluation",104,Broché,https://m.media-amazon.com/images/I/51GlQRX+e4L._AC_UY218_.jpg,2025-09-04T08:49:39.734409,Description non disponible depuis la recherche,Stock non disponible,ISBN non disponible,Éditeur non disponible,Date non disponible,Nombre de pages non disponible,Rang de vente non disponible,Biographies,36.0,,
The Prison Healer - tome 3 - The Blood Traitor: Le sang de la trahison,https://www.amazon.fr/Prison-Healer-Blood-Traitor-trahison/dp/201722152X/ref=sr_1_577,"20,00 €",Lynette Noni,"4,8 sur 5 étoiles, détails de l’évaluation",147,Broché,https://m.media-amazon.com/images/I/819vvUMAqML._AC_UY218_.jpg,2025-09-04T08:49:39.737919,Description non disponible depuis la recherche,Stock non disponible,ISBN non disponible,Éditeur non disponible,Date non disponible,Nombre de pages non disponible,Rang de vente non disponible,Biographies,36.0,,
Demigods Academy - tome 5 - Le jour funeste,https://www.amazon.fr/Demigods-Academy-5-jour-funeste/dp/2017219673/ref=sr_1_578,"15,90 €",Elisa S. Amore,"5,0 sur 5 étoiles, détails de l’évaluation",1,Broché,https://m.media-amazon.com/images/I/819LRqKeU6L._AC_UY218_.jpg,2025-09-04T08:49:39.740594,Description non disponible depuis la recherche,Stock non disponible,ISBN non disponible,Éditeur non disponible,Date non disponible,Nombre de pages non disponible,Rang de vente non disponible,Biographies,36.0,,
Zodiac Academy: The Awakening (English Edition),https://www.amazon.fr/Zodiac-Academy-Awakening-Romance-Supernatural-ebook/dp/B07SV21LFY/ref=sr_1_579,"16,87 €",Caroline Peckham,"4,2 sur 5 étoiles, détails de l’évaluation",99 426,Format Kindle,https://m.media-amazon.com/images/I/A1Z+Oi9IGvL._AC_UY218_.jpg,2025-09-04T08:49:39.743605,Description non disponible depuis la recherche,Stock non disponible,ISBN non disponible,Éditeur non disponible,Date non disponible,Nombre de pages non disponible,Rang de vente non disponible,Biographies,36.0,,
Contes de fées,https://www.amazon.fr/Contes-f%C3%A9es-Madame-d-Aulnoy/dp/2070400727/ref=sr_1_580,"9,00 €",Madame d' Aulnoy,"4,5 sur 5 étoiles, détails de l’évaluation",122,Poche,https://m.media-amazon.com/images/I/81gfIXJIVDL._AC_UY218_.jpg,2025-09-04T08:49:39.747065,Description non disponible depuis la recherche,Stock non disponible,ISBN non disponible,Éditeur non disponible,Date non disponible,Nombre de pages non disponible,Rang de vente non disponible,Biographies,36.0,,
"Le pacte des roses, Tome 01: Le pacte des roses",https://www.amazon.fr/pacte-roses-01/dp/B0DSP5LGHR/ref=sr_1_579,"19,90 €",Sasha Peyton Smith,"4,5 sur 5 étoiles, détails de l’évaluation",21,Broché,https://m.media-amazon.com/images/I/81eYnRfDkCL._AC_UY218_.jpg,2025-09-04T08:49:48.506684,Description non disponible depuis la recherche,Stock non disponible,ISBN non disponible,Éditeur non disponible,Date non disponible,Nombre de pages non disponible,Rang de vente non disponible,Biographies,37.0,,
Vous êtes cordialement invités 3: Retour à Beaunom,https://www.amazon.fr/Vous-%C3%AAtes-cordialement-invit%C3%A9s-Beaunom-ebook/dp/B0DS2QF65P/ref=sr_1_580,"5,99 €",Alex  Sol,"4,7 sur 5 étoiles, détails de l’évaluation",244,Format Kindle,https://m.media-amazon.com/images/I/81lIURHPqzL._AC_UY218_.jpg,2025-09-04T08:49:48.509832,Description non disponible depuis la recherche,Stock non disponible,ISBN non disponible,Éditeur non disponible,Date non disponible,Nombre de pages non disponible,Rang de vente non disponible,Biographies,37.0,,
Une lumière sans pitié - Tome 01 Le Livre du Dieu immortel (relié collector),https://www.amazon.fr/Une-lumi%C3%A8re-sans-piti%C3%A9-collector/dp/2378767277/ref=sr_1_581,"25,90 €",Sophie Clark,"4,7 sur 5 étoiles, détails de l’évaluation",4,Relié,https://m.media-amazon.com/images/I/71KrbJem0GL._AC_UY218_.jpg,2025-09-04T08:49:48.513382,Description non disponible depuis la recherche,Stock non disponible,ISBN non disponible,Éditeur non disponible,Date non disponible,Nombre de pages non disponible,Rang de vente non disponible,Biographies,37.0,,
The Tainted Cup: an exceptional fantasy mystery with a classic detective duo (English Edition),https://www.amazon.fr/Tainted-Cup-exceptional-fantasy-detective-ebook/dp/B0CDDMVJ64/ref=sr_1_582,"4,49 €",Robert Jackson Bennett,"4,6 sur 5 étoiles, détails de l’évaluation",8 086,Format Kindle,https://m.media-amazon.com/images/I/91bc1yoT9EL._AC_UY218_.jpg,2025-09-04T08:49:48.516875,Description non disponible depuis la recherche,Stock non disponible,ISBN non disponible,Éditeur non disponible,Date non disponible,Nombre de pages non disponible,Rang de vente non disponible,Biographies,37.0,,
Les vaisseaux d'os,https://www.amazon.fr/vaisseaux-dos-RJ-Barker/dp/2487635037/ref=sr_1_583,"25,00 €",RJ Barker,Note non disponible,0 avis,Broché,https://m.media-amazon.com/images/I/91I-3keWgPL._AC_UY218_.jpg,2025-09-04T08:49:48.520030,Description non disponible depuis la recherche,Stock non disponible,ISBN non disponible,Éditeur non disponible,Date non disponible,Nombre de pages non disponible,Rang de vente non disponible,Biographies,37.0,,
Le manoir de la fiancée disparue: Le miroir (2),https://www.amazon.fr/manoir-fianc%C3%A9e-disparue-miroir/dp/2290408905/ref=sr_1_584,"16,90 €",Nora Roberts,"4,6 sur 5 étoiles, détails de l’évaluation",148,Broché,https://m.media-amazon.com/images/I/717llF8whEL._AC_UY218_.jpg,2025-09-04T08:49:48.522980,Description non disponible depuis la recherche,Stock non disponible,ISBN non disponible,Éditeur non disponible,Date non disponible,Nombre de pages non disponible,Rang de vente non disponible,Biographies,37.0,,
Le dragon de l'île de feu - Deviens un héros en mathématiques avec Le livre magique - 9/11 ans - CM1/CM2,https://www.amazon.fr/dragon-l%C3%AEle-feu-Deviens-math%C3%A9matiques/dp/232102013X/ref=sr_1_585,"12,90 €",Camille Salomon,"4,9 sur 5 étoiles, détails de l’évaluation",12,Broché,https://m.media-amazon.com/images/I/715j5hhb3fL._AC_UY218_.jpg,2025-09-04T08:49:48.525203,Description non disponible depuis la recherche,Stock non disponible,ISBN non disponible,Éditeur non disponible,Date non disponible,Nombre de pages non disponible,Rang de vente non disponible,Biographies,37.0,,
The Raven Scholar: the masterfully woven and breathtaking epic adult fantasy of cutthroat competition and imperial deceit (The Eternal Path) (English Edition),https://www.amazon.fr/Raven-Scholar-masterfully-breathtaking-competition-ebook/dp/B0D2JH3JHS/ref=sr_1_586,"10,99 €",Antonia Hodgson,"4,6 sur 5 étoiles, détails de l’évaluation",1 869,Format Kindle,https://m.media-amazon.com/images/I/91rtCiTIaWL._AC_UY218_.jpg,2025-09-04T08:49:48.528701,Description non disponible depuis la recherche,Stock non disponible,ISBN non disponible,Éditeur non disponible,Date non disponible,Nombre de pages non disponible,Rang de vente non disponible,Biographies,37.0,,
Le chevalier aux épines: Le conte de l'assassin (2),https://www.amazon.fr/chevalier-aux-%C3%A9pines-conte-lassassin/dp/2072992206/ref=sr_1_589,"10,50 €",Jean-Philippe Jaworski,"4,7 sur 5 étoiles, détails de l’évaluation",195,Poche,https://m.media-amazon.com/images/I/81yme55FSPL._AC_UY218_.jpg,2025-09-04T08:49:48.537978,Description non disponible depuis la recherche,Stock non disponible,ISBN non disponible,Éditeur non disponible,Date non disponible,Nombre de pages non disponible,Rang de vente non disponible,Biographies,37.0,,
Justicière 2: Les archives de Roshar 3,https://www.amazon.fr/Justici%C3%A8re-2-archives-Roshar-3/dp/B0CJG24NWL/ref=sr_1_590,"0,00 €",Livres audio Audible,"4,6 sur 5 étoiles, détails de l’évaluation",467,Livres audio Audible,https://m.media-amazon.com/images/I/81wFHFFI96L._AC_UY218_.jpg,2025-09-04T08:49:48.541564,Description non disponible depuis la recherche,Stock non disponible,ISBN non disponible,Éditeur non disponible,Date non disponible,Nombre de pages non disponible,Rang de vente non disponible,Biographies,37.0,,
La grande quête: La Roue du Temps 2,https://www.amazon.fr/grande-qu%C3%AAte-Roue-Temps/dp/B07S19M3RF/ref=sr_1_591,"0,00 €",Livres audio Audible,"4,7 sur 5 étoiles, détails de l’évaluation",920,Livres audio Audible,https://m.media-amazon.com/images/I/916nyi3G1rL._AC_UY218_.jpg,2025-09-04T08:49:48.544890,Description non disponible depuis la recherche,Stock non disponible,ISBN non disponible,Éditeur non disponible,Date non disponible,Nombre de pages non disponible,Rang de vente non disponible,Biographies,37.0,,
Frankenstein,https://www.amazon.fr/Frankenstein-Mary-Wollstonecraft-Shelley/dp/2253088757/ref=sr_1_592,"4,69 €",Mary Wollstonecraft Shelley,"4,6 sur 5 étoiles, détails de l’évaluation",456,Poche,https://m.media-amazon.com/images/I/81H7TkhZv0L._AC_UY218_.jpg,2025-09-04T08:49:48.547496,Description non disponible depuis la recherche,Stock non disponible,ISBN non disponible,Éditeur non disponible,Date non disponible,Nombre de pages non disponible,Rang de vente non disponible,Biographies,37.0,,
Justicière 1: Les archives de Roshar 3,https://www.amazon.fr/Justici%C3%A8re-1-archives-Roshar-3/dp/B0CK4RBLNH/ref=sr_1_593,"0,00 €",Livres audio Audible,"4,5 sur 5 étoiles, détails de l’évaluation",497,Livres audio Audible,https://m.media-amazon.com/images/I/91-j5G9lUQL._AC_UY218_.jpg,2025-09-04T08:49:48.550914,Description non disponible depuis la recherche,Stock non disponible,ISBN non disponible,Éditeur non disponible,Date non disponible,Nombre de pages non disponible,Rang de vente non disponible,Biographies,37.0,,
Sous le ciel brisé 7: Thriller d'horreur apocalyptique,https://www.amazon.fr/Sous-ciel-bris%C3%A9-Thriller-apocalyptique/dp/B0F1CHVH44/ref=sr_1_594,"15,81 €",Nick Clausen,"4,6 sur 5 étoiles, détails de l’évaluation",118,Broché,https://m.media-amazon.com/images/I/7181doPwCLL._AC_UY218_.jpg,2025-09-04T08:49:48.553209,Description non disponible depuis la recherche,Stock non disponible,ISBN non disponible,Éditeur non disponible,Date non disponible,Nombre de pages non disponible,Rang de vente non disponible,Biographies,37.0,,
"Tracy wolff, Envoûtés tome 7",https://www.amazon.fr/Tracy-wolff-Envo%C3%BBt%C3%A9s-7-Wolff/dp/2266335901/ref=sr_1_595,"18,90 €",Tracy Wolff,"4,7 sur 5 étoiles, détails de l’évaluation",177,Broché,https://m.media-amazon.com/images/I/61aQX2kQtSL._AC_UY218_.jpg,2025-09-04T08:49:48.556519,Description non disponible depuis la recherche,Stock non disponible,ISBN non disponible,Éditeur non disponible,Date non disponible,Nombre de pages non disponible,Rang de vente non disponible,Biographies,37.0,,
The Book of Bill Limited Collector's Edition,https://www.amazon.fr/Book-Bill-Limited-Collectors/dp/1368117848/ref=sr_1_596,"36,10 €",Alex Hirsch,"4,8 sur 5 étoiles, détails de l’évaluation",5 009,Relié,https://m.media-amazon.com/images/I/81fgtqWk7EL._AC_UY218_.jpg,2025-09-04T08:49:48.558818,Description non disponible depuis la recherche,Stock non disponible,ISBN non disponible,Éditeur non disponible,Date non disponible,Nombre de pages non disponible,Rang de vente non disponible,Biographies,37.0,,
Émergence (La Ceinture t. 6),https://www.amazon.fr/%C3%89mergence-Ceinture-t-Gerald-Kilby-ebook/dp/B0FMKRCHSM/ref=sr_1_595,"13,70 €",Gerald M. Kilby,"4,6 sur 5 étoiles, détails de l’évaluation",9,Format Kindle,https://m.media-amazon.com/images/I/81eI3ITVc2L._AC_UY218_.jpg,2025-09-04T08:49:58.170349,Description non disponible depuis la recherche,Stock non disponible,ISBN non disponible,Éditeur non disponible,Date non disponible,Nombre de pages non disponible,Rang de vente non disponible,Biographies,38.0,,
Ici et maintenant,https://www.amazon.fr/Ici-maintenant-Liane-Moriarty-ebook/dp/B0DRF25MVJ/ref=sr_1_596,"15,99 €",Liane Moriarty,"4,2 sur 5 étoiles, détails de l’évaluation",469,Format Kindle,https://m.media-amazon.com/images/I/71CP5r1OKwL._AC_UY218_.jpg,2025-09-04T08:49:58.173653,Description non disponible depuis la recherche,Stock non disponible,ISBN non disponible,Éditeur non disponible,Date non disponible,Nombre de pages non disponible,Rang de vente non disponible,Biographies,38.0,,
Le Palace,https://www.amazon.fr/Palace-Oc%C3%A9ane-Sukali/dp/2700286278/ref=sr_1_597,"19,90 €",de Océane Sukali | 13 août 2025,"4,0 sur 5 étoiles, détails de l’évaluation",2,Broché,https://m.media-amazon.com/images/I/71HoB742wXL._AC_UY218_.jpg,2025-09-04T08:49:58.177269,Description non disponible depuis la recherche,Stock non disponible,ISBN non disponible,Éditeur non disponible,Date non disponible,Nombre de pages non disponible,Rang de vente non disponible,Biographies,38.0,,
Le Labyrinthe - tome 01 : Le rivage des survivants,https://www.amazon.fr/Labyrinthe-01-rivage-survivants/dp/226634529X/ref=sr_1_598,"8,30 €",James Dashner,"4,7 sur 5 étoiles, détails de l’évaluation",241,Poche,https://m.media-amazon.com/images/I/71XSUY1zzlL._AC_UY218_.jpg,2025-09-04T08:49:58.180634,Description non disponible depuis la recherche,Stock non disponible,ISBN non disponible,Éditeur non disponible,Date non disponible,Nombre de pages non disponible,Rang de vente non disponible,Biographies,38.0,,
House of Leaves: The Remastered Full-Color Edition,https://www.amazon.fr/House-Leaves-Remastered-Mark-Danielewski/dp/0375703764/ref=sr_1_599,"26,30 €",Mark Z. Danielewski,"4,6 sur 5 étoiles, détails de l’évaluation",12 534,Broché,https://m.media-amazon.com/images/I/711hUvzvB7L._AC_UY218_.jpg,2025-09-04T08:49:58.183546,Description non disponible depuis la recherche,Stock non disponible,ISBN non disponible,Éditeur non disponible,Date non disponible,Nombre de pages non disponible,Rang de vente non disponible,Biographies,38.0,,
Le Labyrinthe : Le destin de Newt,https://www.amazon.fr/Labyrinthe-destin-Newt-James-Dashner/dp/226632974X/ref=sr_1_600,"7,10 €",James Dashner,"4,7 sur 5 étoiles, détails de l’évaluation",765,Poche,https://m.media-amazon.com/images/I/61Y1qKU7kIL._AC_UY218_.jpg,2025-09-04T08:49:58.186963,Description non disponible depuis la recherche,Stock non disponible,ISBN non disponible,Éditeur non disponible,Date non disponible,Nombre de pages non disponible,Rang de vente non disponible,Biographies,38.0,,
Un baiser d'amour maudit (relié collector) - Tome 03,https://www.amazon.fr/baiser-damour-maudit-reli%C3%A9-collector/dp/2378764669/ref=sr_1_601,"24,90 €",Stéphanie Garber,"4,7 sur 5 étoiles, détails de l’évaluation",169,Relié,https://m.media-amazon.com/images/I/61emli6AOXL._AC_UY218_.jpg,2025-09-04T08:49:58.190386,Description non disponible depuis la recherche,Stock non disponible,ISBN non disponible,Éditeur non disponible,Date non disponible,Nombre de pages non disponible,Rang de vente non disponible,Biographies,38.0,,
"Wilderwood, T1 : For the Wolf",https://www.amazon.fr/Wilderwood-T1-Wolf-Hannah-Whitten/dp/2362315746/ref=sr_1_602,"25,00 €",Hannah Whitten,Note non disponible,0 avis,Relié,https://m.media-amazon.com/images/I/81Tfa60vycL._AC_UY218_.jpg,2025-09-04T08:49:58.194474,Description non disponible depuis la recherche,Stock non disponible,ISBN non disponible,Éditeur non disponible,Date non disponible,Nombre de pages non disponible,Rang de vente non disponible,Biographies,38.0,,
EXODE (La Ceinture t. 5),https://www.amazon.fr/EXODE-Ceinture-t-Gerald-Kilby-ebook/dp/B0FLH1Y7SR/ref=sr_1_605,"13,70 €",Gerald M. Kilby,"4,4 sur 5 étoiles, détails de l’évaluation",10,Format Kindle,https://m.media-amazon.com/images/I/81besW4z5XL._AC_UY218_.jpg,2025-09-04T08:49:58.202881,Description non disponible depuis la recherche,Stock non disponible,ISBN non disponible,Éditeur non disponible,Date non disponible,Nombre de pages non disponible,Rang de vente non disponible,Biographies,38.0,,
Berserk 3,https://www.amazon.fr/Berserk-3-Kentaro-Miura/dp/1506712002/ref=sr_1_606,"45,02 €",Kentaro Miura,"4,9 sur 5 étoiles, détails de l’évaluation",8 346,Relié,https://m.media-amazon.com/images/I/91TZp6zV2vL._AC_UY218_.jpg,2025-09-04T08:49:58.205054,Description non disponible depuis la recherche,Stock non disponible,ISBN non disponible,Éditeur non disponible,Date non disponible,Nombre de pages non disponible,Rang de vente non disponible,Biographies,38.0,,
"Antelucem, livre 2: La Symphonie des ombres",https://www.amazon.fr/Antelucem-livre-2-Symphonie-ombres-ebook/dp/B0FJ7FMTWW/ref=sr_1_607,"0,00 €",Elie Barbati,"4,8 sur 5 étoiles, détails de l’évaluation",39,Format Kindle,https://m.media-amazon.com/images/I/718p3Q47JpL._AC_UY218_.jpg,2025-09-04T08:49:58.207731,Description non disponible depuis la recherche,Stock non disponible,ISBN non disponible,Éditeur non disponible,Date non disponible,Nombre de pages non disponible,Rang de vente non disponible,Biographies,38.0,,
Les liens du destin T3 : Blood Bonds,https://www.amazon.fr/liens-destin-T3-Blood-Savage-ebook/dp/B0CY2SGKFT/ref=sr_1_608,"10,99 €",J. Bree,"4,6 sur 5 étoiles, détails de l’évaluation",151,Format Kindle,https://m.media-amazon.com/images/I/71hdnf9NZrL._AC_UY218_.jpg,2025-09-04T08:49:58.210152,Description non disponible depuis la recherche,Stock non disponible,ISBN non disponible,Éditeur non disponible,Date non disponible,Nombre de pages non disponible,Rang de vente non disponible,Biographies,38.0,,
La Malédiction du Sorcier: Le livre dont tu es le héros - Dès 6 ans,https://www.amazon.fr/Mal%C3%A9diction-Sorcier-livre-dont-h%C3%A9ros/dp/B0CB29LBCL/ref=sr_1_609,"17,92 €",Sam T,"4,6 sur 5 étoiles, détails de l’évaluation",28,Broché,https://m.media-amazon.com/images/I/615kfiZQeoL._AC_UY218_.jpg,2025-09-04T08:49:58.212183,Description non disponible depuis la recherche,Stock non disponible,ISBN non disponible,Éditeur non disponible,Date non disponible,Nombre de pages non disponible,Rang de vente non disponible,Biographies,38.0,,
American Psycho,https://www.amazon.fr/American-Psycho-Bret-Easton-ELLIS/dp/226403937X/ref=sr_1_610,"10,90 €",Bret Easton Ellis,"4,0 sur 5 étoiles, détails de l’évaluation",699,Poche,https://m.media-amazon.com/images/I/818hHvBW1-L._AC_UY218_.jpg,2025-09-04T08:49:58.215751,Description non disponible depuis la recherche,Stock non disponible,ISBN non disponible,Éditeur non disponible,Date non disponible,Nombre de pages non disponible,Rang de vente non disponible,Biographies,38.0,,
"Le Calice des dieux: Percy Jackson, Vol. 6",https://www.amazon.fr/Calice-dieux-Percy-Jackson-Vol/dp/B0F6CMJF5C/ref=sr_1_611,"0,00 €",Livres audio Audible,"4,7 sur 5 étoiles, détails de l’évaluation",157,Livres audio Audible,https://m.media-amazon.com/images/I/91nlKxHa2qL._AC_UY218_.jpg,2025-09-04T08:49:58.219374,Description non disponible depuis la recherche,Stock non disponible,ISBN non disponible,Éditeur non disponible,Date non disponible,Nombre de pages non disponible,Rang de vente non disponible,Biographies,38.0,,
The Hobbit & The Lord of the Rings Boxed Set,https://www.amazon.fr/Hobbit-Lord-Rings-Boxed-Set/dp/0261103563/ref=sr_1_612,"47,83 €",J. R. R. Tolkien,"4,7 sur 5 étoiles, détails de l’évaluation",6 788,Broché,https://m.media-amazon.com/images/I/71+4WXa9RfL._AC_UY218_.jpg,2025-09-04T08:49:58.222243,Description non disponible depuis la recherche,Stock non disponible,ISBN non disponible,Éditeur non disponible,Date non disponible,Nombre de pages non disponible,Rang de vente non disponible,Biographies,38.0,,
Dungeons & Dragons Baldur's Gate: Descent Into Avernus Hardcover Book (D&D Adventure),https://www.amazon.fr/Dungeons-Dragons-Baldurs-Gate-Descent/dp/0786966769/ref=sr_1_611,"36,22 €",Édition en Anglais | de Wizards RPG Team | 17 septembre 2019,"4,8 sur 5 étoiles, détails de l’évaluation",4 908,Relié,https://m.media-amazon.com/images/I/819H-WsCNpL._AC_UY218_.jpg,2025-09-04T08:50:08.221999,Description non disponible depuis la recherche,Stock non disponible,ISBN non disponible,Éditeur non disponible,Date non disponible,Nombre de pages non disponible,Rang de vente non disponible,Biographies,39.0,,
Les Whisperwicks - Tome 1 - Le labyrinthe sans fin,https://www.amazon.fr/Whisperwicks-labyrinthe-sans-fin/dp/B0CNJTZJY7/ref=sr_1_612,"16,95 €",Jordan Lees,"4,6 sur 5 étoiles, détails de l’évaluation",78,Broché,https://m.media-amazon.com/images/I/81LWynEHvGL._AC_UY218_.jpg,2025-09-04T08:50:08.225048,Description non disponible depuis la recherche,Stock non disponible,ISBN non disponible,Éditeur non disponible,Date non disponible,Nombre de pages non disponible,Rang de vente non disponible,Biographies,39.0,,
Prince Captif - L'Intégrale,https://www.amazon.fr/Prince-captif-Lint%C3%A9grale-C-S-Pacat/dp/B073LF8BZF/ref=sr_1_613,"25,00 €",C.S. Pacat,"4,6 sur 5 étoiles, détails de l’évaluation",329,Broché,https://m.media-amazon.com/images/I/81XkmQmAbYL._AC_UY218_.jpg,2025-09-04T08:50:08.227205,Description non disponible depuis la recherche,Stock non disponible,ISBN non disponible,Éditeur non disponible,Date non disponible,Nombre de pages non disponible,Rang de vente non disponible,Biographies,39.0,,
"Le Seigneur des Anneaux, I: La Fraternité de l'Anneau",https://www.amazon.fr/Seigneur-Anneaux-Fraternit%C3%A9-lAnneau/dp/2073114075/ref=sr_1_614,"11,10 €",J. R. R. Tolkien,"5,0 sur 5 étoiles, détails de l’évaluation",1,Poche,https://m.media-amazon.com/images/I/81efr-oLCfL._AC_UY218_.jpg,2025-09-04T08:50:08.229454,Description non disponible depuis la recherche,Stock non disponible,ISBN non disponible,Éditeur non disponible,Date non disponible,Nombre de pages non disponible,Rang de vente non disponible,Biographies,39.0,,
N.E.O. - Tome 4 Les moulins de Pandore (4),https://www.amazon.fr/N-04-moulins-Pandore/dp/2266320653/ref=sr_1_615,"19,90 €",Michel Bussi,"4,8 sur 5 étoiles, détails de l’évaluation",199,Broché,https://m.media-amazon.com/images/I/71qSta6BWOL._AC_UY218_.jpg,2025-09-04T08:50:08.233309,Description non disponible depuis la recherche,Stock non disponible,ISBN non disponible,Éditeur non disponible,Date non disponible,Nombre de pages non disponible,Rang de vente non disponible,Biographies,39.0,,
La Vie invisible d'Addie Larue,https://www.amazon.fr/Vie-invisible-dAddie-Larue-ebook/dp/B093TQM1WC/ref=sr_1_616,"9,99 €",de V. E. Schwab et Sarah Dali | 3 juin 2021,"4,4 sur 5 étoiles, détails de l’évaluation",1 072,Format Kindle,https://m.media-amazon.com/images/I/81rYs7y2YIS._AC_UY218_.jpg,2025-09-04T08:50:08.237562,Description non disponible depuis la recherche,Stock non disponible,ISBN non disponible,Éditeur non disponible,Date non disponible,Nombre de pages non disponible,Rang de vente non disponible,Biographies,39.0,,
Le royaume des mensonges T1 : Un royaume si cruel et merveilleux,https://www.amazon.fr/royaume-mensonges-T1-cruel-merveilleux-ebook/dp/B0D7TS53FR/ref=sr_1_617,"10,99 €",Stacia Stark,"4,5 sur 5 étoiles, détails de l’évaluation",103,Format Kindle,https://m.media-amazon.com/images/I/71TWgXIydGL._AC_UY218_.jpg,2025-09-04T08:50:08.240809,Description non disponible depuis la recherche,Stock non disponible,ISBN non disponible,Éditeur non disponible,Date non disponible,Nombre de pages non disponible,Rang de vente non disponible,Biographies,39.0,,
Adieux et retrouvailles: L'Assassin Royal 13,https://www.amazon.fr/Adieux-retrouvailles-Lassassin-royal-13/dp/B075ZV4HWS/ref=sr_1_618,"0,00 €",Livres audio Audible,"4,7 sur 5 étoiles, détails de l’évaluation",811,Livres audio Audible,https://m.media-amazon.com/images/I/81Sqcprno6L._AC_UY218_.jpg,2025-09-04T08:50:08.243993,Description non disponible depuis la recherche,Stock non disponible,ISBN non disponible,Éditeur non disponible,Date non disponible,Nombre de pages non disponible,Rang de vente non disponible,Biographies,39.0,,
Assoiffés - Tome 10 Enflammés,https://www.amazon.fr/Assoiff%C3%A9s-10-Enflamm%C3%A9s-Tracy-Wolff/dp/2266341936/ref=sr_1_621,"18,90 €",Tracy Wolff,"4,8 sur 5 étoiles, détails de l’évaluation",64,Broché,https://m.media-amazon.com/images/I/615oeLrgKsL._AC_UY218_.jpg,2025-09-04T08:50:08.253822,Description non disponible depuis la recherche,Stock non disponible,ISBN non disponible,Éditeur non disponible,Date non disponible,Nombre de pages non disponible,Rang de vente non disponible,Biographies,39.0,,
Greatest Hits,https://www.amazon.fr/Greatest-Hits-Harlan-Ellison/dp/1454953373/ref=sr_1_622,"18,06 €",Harlan Ellison,"4,6 sur 5 étoiles, détails de l’évaluation",663,Broché,https://m.media-amazon.com/images/I/91JOX5khnFL._AC_UY218_.jpg,2025-09-04T08:50:08.257601,Description non disponible depuis la recherche,Stock non disponible,ISBN non disponible,Éditeur non disponible,Date non disponible,Nombre de pages non disponible,Rang de vente non disponible,Biographies,39.0,,
La Déesse des Myrnes: La saga de Krosann Tome 4 (4/7),https://www.amazon.fr/D%C3%A9esse-Myrnes-saga-Krosann-ebook/dp/B0FLJBWBMN/ref=sr_1_623,"13,90 €",Sam Feuerbach,"4,6 sur 5 étoiles, détails de l’évaluation",20,Format Kindle,https://m.media-amazon.com/images/I/714kABjEmaL._AC_UY218_.jpg,2025-09-04T08:50:08.259725,Description non disponible depuis la recherche,Stock non disponible,ISBN non disponible,Éditeur non disponible,Date non disponible,Nombre de pages non disponible,Rang de vente non disponible,Biographies,39.0,,
The Devils (English Edition),https://www.amazon.fr/Devils-English-Joe-Abercrombie-ebook/dp/B0D3CB76TV/ref=sr_1_624,"12,99 €",Joe Abercrombie,"4,6 sur 5 étoiles, détails de l’évaluation",5 572,Format Kindle,https://m.media-amazon.com/images/I/71VpzEZckjL._AC_UY218_.jpg,2025-09-04T08:50:08.263113,Description non disponible depuis la recherche,Stock non disponible,ISBN non disponible,Éditeur non disponible,Date non disponible,Nombre de pages non disponible,Rang de vente non disponible,Biographies,39.0,,
Pour toujours destinée: Contrainte,https://www.amazon.fr/Pour-toujours-destin%C3%A9e-Marie-Povie/dp/B0FKC3GYBM/ref=sr_1_625,"18,88 €",Marie Povie,"4,6 sur 5 étoiles, détails de l’évaluation",18,Broché,https://m.media-amazon.com/images/I/71mZ-SpHD9L._AC_UY218_.jpg,2025-09-04T08:50:08.265343,Description non disponible depuis la recherche,Stock non disponible,ISBN non disponible,Éditeur non disponible,Date non disponible,Nombre de pages non disponible,Rang de vente non disponible,Biographies,39.0,,
Hunger Games Collector : La ballade du serpent et de l'oiseau chanteur,https://www.amazon.fr/Hunger-Games-Collector-ballade-chanteur/dp/2266346040/ref=sr_1_626,"25,00 €",Suzanne Collins,"4,6 sur 5 étoiles, détails de l’évaluation",26,Relié,https://m.media-amazon.com/images/I/61NspxnhHKL._AC_UY218_.jpg,2025-09-04T08:50:08.267721,Description non disponible depuis la recherche,Stock non disponible,ISBN non disponible,Éditeur non disponible,Date non disponible,Nombre de pages non disponible,Rang de vente non disponible,Biographies,39.0,,
Bob Morane - Les Mangeurs d'Atomes: Tome 045,https://www.amazon.fr/Bob-Morane-Mangeurs-dAtomes-045/dp/B0FP1CV9JL/ref=sr_1_627,"14,88 €","de Henri Vernes, Les Editions Ananke, et al. | 27 août 2025","5,0 sur 5 étoiles, détails de l’évaluation",1,Broché,https://m.media-amazon.com/images/I/61jLcIs0YCL._AC_UY218_.jpg,2025-09-04T08:50:08.270911,Description non disponible depuis la recherche,Stock non disponible,ISBN non disponible,Éditeur non disponible,Date non disponible,Nombre de pages non disponible,Rang de vente non disponible,Biographies,39.0,,
Les légendes de Thezmarr T3 : Le destin et la fureur,https://www.amazon.fr/l%C3%A9gendes-Thezmarr-T3-destin-fureur-ebook/dp/B0D3B2FTFL/ref=sr_1_628,"9,99 €",Helen Scheuerer,"4,6 sur 5 étoiles, détails de l’évaluation",128,Format Kindle,https://m.media-amazon.com/images/I/81Sqb4M9CiL._AC_UY218_.jpg,2025-09-04T08:50:08.274125,Description non disponible depuis la recherche,Stock non disponible,ISBN non disponible,Éditeur non disponible,Date non disponible,Nombre de pages non disponible,Rang de vente non disponible,Biographies,39.0,,
Le Grand Maître de la Cultivation Démoniaque 1 Relié: Mo Dao Zu Shi - Alternatif,https://www.amazon.fr/Grand-Ma%C3%AEtre-Cultivation-D%C3%A9moniaque-Reli%C3%A9/dp/B0BHS4D6QG/ref=sr_1_627,"29,90 €",Mo Xiang Tong-Xiu,"4,8 sur 5 étoiles, détails de l’évaluation",282,Relié,https://m.media-amazon.com/images/I/61Yz+rMNznL._AC_UY218_.jpg,2025-09-04T08:50:19.133087,Description non disponible depuis la recherche,Stock non disponible,ISBN non disponible,Éditeur non disponible,Date non disponible,Nombre de pages non disponible,Rang de vente non disponible,Biographies,40.0,,
The God of Small Things,https://www.amazon.fr/God-Small-Things-Arundhati-Roy/dp/0006550681/ref=sr_1_628,"11,50 €",Arundhati Roy,"4,4 sur 5 étoiles, détails de l’évaluation",16 078,Broché,https://m.media-amazon.com/images/I/819dO0qAxeL._AC_UY218_.jpg,2025-09-04T08:50:19.137297,Description non disponible depuis la recherche,Stock non disponible,ISBN non disponible,Éditeur non disponible,Date non disponible,Nombre de pages non disponible,Rang de vente non disponible,Biographies,40.0,,
Pas seuls,https://www.amazon.fr/Pas-seuls-Craig-Falconer-ebook/dp/B0FCNTY65J/ref=sr_1_629,"19,99 €",Craig A. Falconer,"3,6 sur 5 étoiles, détails de l’évaluation",59,Format Kindle,https://m.media-amazon.com/images/I/71YaCFl6vjL._AC_UY218_.jpg,2025-09-04T08:50:19.139546,Description non disponible depuis la recherche,Stock non disponible,ISBN non disponible,Éditeur non disponible,Date non disponible,Nombre de pages non disponible,Rang de vente non disponible,Biographies,40.0,,
La Maison hantée,https://www.amazon.fr/Maison-hant%C3%A9e-Shirley-Jackson/dp/2743637986/ref=sr_1_630,"8,70 €",Shirley Jackson,"4,2 sur 5 étoiles, détails de l’évaluation",392,Poche,https://m.media-amazon.com/images/I/4111qam7d1L._AC_UY218_.jpg,2025-09-04T08:50:19.142385,Description non disponible depuis la recherche,Stock non disponible,ISBN non disponible,Éditeur non disponible,Date non disponible,Nombre de pages non disponible,Rang de vente non disponible,Biographies,40.0,,
Le fil du destin - Livre 01 Le Dieu et la Gumiho (relié collector),https://www.amazon.fr/fil-destin-Livre-Gumiho-collector/dp/2385601303/ref=sr_1_631,"24,90 €",Sophie Kim,"4,8 sur 5 étoiles, détails de l’évaluation",12,Relié,https://m.media-amazon.com/images/I/61jGofHaK+L._AC_UY218_.jpg,2025-09-04T08:50:19.146116,Description non disponible depuis la recherche,Stock non disponible,ISBN non disponible,Éditeur non disponible,Date non disponible,Nombre de pages non disponible,Rang de vente non disponible,Biographies,40.0,,
Siege of Terra Collection I,https://www.amazon.fr/Siege-Terra-Collection-Monsieur-French/dp/1804078123/ref=sr_1_632,"25,00 €",Guy Haley,"3,6 sur 5 étoiles, détails de l’évaluation",20,Broché,https://m.media-amazon.com/images/I/51c8-Agfp7L._AC_UY218_.jpg,2025-09-04T08:50:19.148998,Description non disponible depuis la recherche,Stock non disponible,ISBN non disponible,Éditeur non disponible,Date non disponible,Nombre de pages non disponible,Rang de vente non disponible,Biographies,40.0,,
From Blood and Ash (English Edition),https://www.amazon.fr/Blood-Ash-English-Jennifer-Armentrout-ebook/dp/B086JMSSVH/ref=sr_1_633,"8,99 €",Jennifer L. Armentrout,"4,6 sur 5 étoiles, détails de l’évaluation",89 710,Format Kindle,https://m.media-amazon.com/images/I/81A-LrD-RSL._AC_UY218_.jpg,2025-09-04T08:50:19.152717,Description non disponible depuis la recherche,Stock non disponible,ISBN non disponible,Éditeur non disponible,Date non disponible,Nombre de pages non disponible,Rang de vente non disponible,Biographies,40.0,,
Le Voleur de foudre: Percy Jackson 1,https://www.amazon.fr/Voleur-foudre-Percy-Jackson/dp/B06XSHWRHB/ref=sr_1_634,"0,00 €",Livres audio Audible,"4,6 sur 5 étoiles, détails de l’évaluation",2 515,Livres audio Audible,https://m.media-amazon.com/images/I/91LebrNeVkL._AC_UY218_.jpg,2025-09-04T08:50:19.156244,Description non disponible depuis la recherche,Stock non disponible,ISBN non disponible,Éditeur non disponible,Date non disponible,Nombre de pages non disponible,Rang de vente non disponible,Biographies,40.0,,
The Dragon Republic,https://www.amazon.fr/Dragon-Republic-R-F-Kuang/dp/0008239894/ref=sr_1_637,"12,12 €",R.F. Kuang,"4,5 sur 5 étoiles, détails de l’évaluation",13 237,Broché,https://m.media-amazon.com/images/I/71cJD+suKLL._AC_UY218_.jpg,2025-09-04T08:50:19.166578,Description non disponible depuis la recherche,Stock non disponible,ISBN non disponible,Éditeur non disponible,Date non disponible,Nombre de pages non disponible,Rang de vente non disponible,Biographies,40.0,,
Le prieuré de l'oranger: Partie I,https://www.amazon.fr/prieur%C3%A9-loranger-Partie-I/dp/B0F75XVNMJ/ref=sr_1_638,"0,00 €",Livres audio Audible,"4,6 sur 5 étoiles, détails de l’évaluation",635,Livres audio Audible,https://m.media-amazon.com/images/I/91EXUR6VmLL._AC_UY218_.jpg,2025-09-04T08:50:19.169918,Description non disponible depuis la recherche,Stock non disponible,ISBN non disponible,Éditeur non disponible,Date non disponible,Nombre de pages non disponible,Rang de vente non disponible,Biographies,40.0,,
Escape Game Horreur: Le livre d'énigmes interactif pour tous les adultes fans d'horreur et d'enquêtes criminelles à résoudre,https://www.amazon.fr/Escape-Game-Horreur-interactif-criminelles/dp/2487277475/ref=sr_1_639,"16,99 €",SOLV,"4,4 sur 5 étoiles, détails de l’évaluation",45,Broché,https://m.media-amazon.com/images/I/71lSx6Hf6ML._AC_UY218_.jpg,2025-09-04T08:50:19.172165,Description non disponible depuis la recherche,Stock non disponible,ISBN non disponible,Éditeur non disponible,Date non disponible,Nombre de pages non disponible,Rang de vente non disponible,Biographies,40.0,,
Never Flinch: From the No. 1 Bestselling author of HOLLY (English Edition),https://www.amazon.fr/Never-Flinch-Bestselling-author-English-ebook/dp/B0DMT7GQ7D/ref=sr_1_640,"13,99 €",Stephen King,"4,4 sur 5 étoiles, détails de l’évaluation",13 690,Format Kindle,https://m.media-amazon.com/images/I/81NhM7UJaWL._AC_UY218_.jpg,2025-09-04T08:50:19.175704,Description non disponible depuis la recherche,Stock non disponible,ISBN non disponible,Éditeur non disponible,Date non disponible,Nombre de pages non disponible,Rang de vente non disponible,Biographies,40.0,,
Accords Malsains (Dark Romance),https://www.amazon.fr/Accords-Malsains-Dark-Romance-Carrot/dp/B096CRK3ZT/ref=sr_1_641,"18,99 €",Shay Carrot,"4,2 sur 5 étoiles, détails de l’évaluation",3 031,Broché,https://m.media-amazon.com/images/I/815gMF9YpES._AC_UY218_.jpg,2025-09-04T08:50:19.178014,Description non disponible depuis la recherche,Stock non disponible,ISBN non disponible,Éditeur non disponible,Date non disponible,Nombre de pages non disponible,Rang de vente non disponible,Biographies,40.0,,
L'école du bien et du mal - tome 04 : Rêves de gloire (4),https://www.amazon.fr/L%C3%A9cole-bien-mal-R%C3%AAves-gloire/dp/2266314963/ref=sr_1_642,"9,20 €",Soman Chainani,"4,8 sur 5 étoiles, détails de l’évaluation",330,Poche,https://m.media-amazon.com/images/I/71FnGj+-ZhL._AC_UY218_.jpg,2025-09-04T08:50:19.180852,Description non disponible depuis la recherche,Stock non disponible,ISBN non disponible,Éditeur non disponible,Date non disponible,Nombre de pages non disponible,Rang de vente non disponible,Biographies,40.0,,
"La Roue du Temps, T24 : La Tempête imminente - deuxième partie",https://www.amazon.fr/Roue-Temps-T24-imminente-deuxi%C3%A8me/dp/B0C9PRFDHZ/ref=sr_1_643,"8,95 €",Robert Jordan,"4,9 sur 5 étoiles, détails de l’évaluation",64,Poche,https://m.media-amazon.com/images/I/81uhtrDFg7L._AC_UY218_.jpg,2025-09-04T08:50:19.183150,Description non disponible depuis la recherche,Stock non disponible,ISBN non disponible,Éditeur non disponible,Date non disponible,Nombre de pages non disponible,Rang de vente non disponible,Biographies,40.0,,
"Le Fou et l'Assassin: Intégrale, 1",https://www.amazon.fr/Fou-lAssassin-Int%C3%A9grale-1/dp/2290359297/ref=sr_1_644,"18,50 €",Robin Hobb,"4,8 sur 5 étoiles, détails de l’évaluation",493,Broché,https://m.media-amazon.com/images/I/71Q6ynjg3TL._AC_UY218_.jpg,2025-09-04T08:50:19.186088,Description non disponible depuis la recherche,Stock non disponible,ISBN non disponible,Éditeur non disponible,Date non disponible,Nombre de pages non disponible,Rang de vente non disponible,Biographies,40.0,,
Elevation,https://www.amazon.fr/Elevation-Stephen-King/dp/2253820075/ref=sr_1_803,"7,90 €",Stephen King,"4,4 sur 5 étoiles, détails de l’évaluation",1 525,Poche,https://m.media-amazon.com/images/I/81ptscQsjKS._AC_UY218_.jpg,2025-09-04T18:42:10.390056,Description non disponible depuis la recherche,Stock non disponible,ISBN non disponible,Éditeur non disponible,Date non disponible,Nombre de pages non disponible,Rang de vente non disponible,Biographies,51.0,,
La guerre des clans : La prophétie d'Etoile bleue - hors-série,https://www.amazon.fr/guerre-clans-proph%C3%A9tie-dEtoile-hors-s%C3%A9rie/dp/2266339443/ref=sr_1_804,"8,70 €",Erin Hunter,"4,9 sur 5 étoiles, détails de l’évaluation",15,Poche,https://m.media-amazon.com/images/I/71+XO8ESNHL._AC_UY218_.jpg,2025-09-04T18:42:10.392233,Description non disponible depuis la recherche,Stock non disponible,ISBN non disponible,Éditeur non disponible,Date non disponible,Nombre de pages non disponible,Rang de vente non disponible,Biographies,51.0,,
Pachinko: The New York Times Bestseller (English Edition),https://www.amazon.fr/Pachinko-Min-Jin-Lee-ebook/dp/B01H3MWEGA/ref=sr_1_805,"8,99 €",Min Jin Lee,"4,5 sur 5 étoiles, détails de l’évaluation",80 816,Format Kindle,https://m.media-amazon.com/images/I/81VjOymC5nL._AC_UY218_.jpg,2025-09-04T18:42:10.395761,Description non disponible depuis la recherche,Stock non disponible,ISBN non disponible,Éditeur non disponible,Date non disponible,Nombre de pages non disponible,Rang de vente non disponible,Biographies,51.0,,
Le royaume des ombres: Tenebräe tome 3,https://www.amazon.fr/royaume-ombres-Tenebr%C3%A4e-3-ebook/dp/B0D6G5X98R/ref=sr_1_806,"0,00 €",Anna Briac,"4,7 sur 5 étoiles, détails de l’évaluation",1 254,Format Kindle,https://m.media-amazon.com/images/I/81Actyoh9HL._AC_UY218_.jpg,2025-09-04T18:42:10.398607,Description non disponible depuis la recherche,Stock non disponible,ISBN non disponible,Éditeur non disponible,Date non disponible,Nombre de pages non disponible,Rang de vente non disponible,Biographies,51.0,,
Dolores Claiborne,https://www.amazon.fr/Dolores-Claiborne-Stephen-King/dp/225308347X/ref=sr_1_807,"7,90 €",Stephen King,"4,6 sur 5 étoiles, détails de l’évaluation",110,Poche,https://m.media-amazon.com/images/I/81t-jAxpcDL._AC_UY218_.jpg,2025-09-04T18:42:10.400778,Description non disponible depuis la recherche,Stock non disponible,ISBN non disponible,Éditeur non disponible,Date non disponible,Nombre de pages non disponible,Rang de vente non disponible,Biographies,51.0,,
Semantic error T2,https://www.amazon.fr/Semantic-error-T2-J-Soori/dp/B0DSDZ36GZ/ref=sr_1_808,"21,99 €",J. Soori,"4,2 sur 5 étoiles, détails de l’évaluation",9,Broché,https://m.media-amazon.com/images/I/41VZvTh+ptL._AC_UY218_.jpg,2025-09-04T18:42:10.403502,Description non disponible depuis la recherche,Stock non disponible,ISBN non disponible,Éditeur non disponible,Date non disponible,Nombre de pages non disponible,Rang de vente non disponible,Biographies,51.0,,
Dr Jekyll and Mr Hyde and Other Stories,https://www.amazon.fr/Dr-Jekyll-Hyde-Other-Stories/dp/B0DYTB8542/ref=sr_1_809,"21,26 €",Édition en Anglais | de Robert Louis Stevenson | 2 septembre 2025,"4,6 sur 5 étoiles, détails de l’évaluation",4 788,Relié,https://m.media-amazon.com/images/I/81NIZhfgEYL._AC_UY218_.jpg,2025-09-04T18:42:10.408099,Description non disponible depuis la recherche,Stock non disponible,ISBN non disponible,Éditeur non disponible,Date non disponible,Nombre de pages non disponible,Rang de vente non disponible,Biographies,51.0,,
ÉLÉRIA: La sphère de glace ( Tome 2),https://www.amazon.fr/%C3%89L%C3%89RIA-sph%C3%A8re-glace-Laura-ESQUINE-ebook/dp/B0C3YZPKCG/ref=sr_1_810,"19,90 €",Laura ESQUINE,"4,6 sur 5 étoiles, détails de l’évaluation",352,Format Kindle,https://m.media-amazon.com/images/I/91jp5CG2KeL._AC_UY218_.jpg,2025-09-04T18:42:10.410690,Description non disponible depuis la recherche,Stock non disponible,ISBN non disponible,Éditeur non disponible,Date non disponible,Nombre de pages non disponible,Rang de vente non disponible,Biographies,51.0,,
Villains - Tuons la Bête !,https://www.amazon.fr/Villains-Tuons-B%C3%AAte-Serena-Valentino/dp/2017260142/ref=sr_1_813,"19,95 €",Serena Valentino,"4,7 sur 5 étoiles, détails de l’évaluation",25,Broché,https://m.media-amazon.com/images/I/710+s8PAyFL._AC_UY218_.jpg,2025-09-04T18:42:10.419830,Description non disponible depuis la recherche,Stock non disponible,ISBN non disponible,Éditeur non disponible,Date non disponible,Nombre de pages non disponible,Rang de vente non disponible,Biographies,51.0,,
Le Papillon des étoiles,https://www.amazon.fr/Papillon-Etoiles-Bernard-Werber/dp/2253123722/ref=sr_1_814,"8,90 €",Bernard Werber,Le Papillon des étoiles,682,Poche,https://m.media-amazon.com/images/I/81yhIBBvgLL._AC_UY218_.jpg,2025-09-04T18:42:10.422694,Description non disponible depuis la recherche,Stock non disponible,ISBN non disponible,Éditeur non disponible,Date non disponible,Nombre de pages non disponible,Rang de vente non disponible,Biographies,51.0,,
Le Grimoire perdu des sorcières,https://www.amazon.fr/Grimoire-perdu-sorci%C3%A8res-Morgan-Ryan/dp/2381229787/ref=sr_1_815,"19,95 €",Morgan Ryan,Note non disponible,0 avis,Broché,https://m.media-amazon.com/images/I/91HeJkpOxHL._AC_UY218_.jpg,2025-09-04T18:42:10.425643,Description non disponible depuis la recherche,Stock non disponible,ISBN non disponible,Éditeur non disponible,Date non disponible,Nombre de pages non disponible,Rang de vente non disponible,Biographies,51.0,,
Le Seuil - La Voie de l'eau: (Livre 1),https://www.amazon.fr/Seuil-Voie-leau-Livre/dp/2960255712/ref=sr_1_816,"14,99 €",J.L. Sivert,"4,6 sur 5 étoiles, détails de l’évaluation",370,Broché,https://m.media-amazon.com/images/I/71gROesU7aL._AC_UY218_.jpg,2025-09-04T18:42:10.428609,Description non disponible depuis la recherche,Stock non disponible,ISBN non disponible,Éditeur non disponible,Date non disponible,Nombre de pages non disponible,Rang de vente non disponible,Biographies,51.0,,
L'homme illustré,https://www.amazon.fr/Lhomme-illustr%C3%A9-Ray-Bradbury/dp/2070417794/ref=sr_1_817,"8,00 €",Ray Bradbury,"4,6 sur 5 étoiles, détails de l’évaluation",154,Poche,https://m.media-amazon.com/images/I/71+yPjtICOL._AC_UY218_.jpg,2025-09-04T18:42:10.430886,Description non disponible depuis la recherche,Stock non disponible,ISBN non disponible,Éditeur non disponible,Date non disponible,Nombre de pages non disponible,Rang de vente non disponible,Biographies,51.0,,
La Maison au milieu de la mer céruléenne,https://www.amazon.fr/Maison-milieu-mer-c%C3%A9rul%C3%A9enne/dp/238565024X/ref=sr_1_818,"8,30 €",Tj Klune,"4,8 sur 5 étoiles, détails de l’évaluation",549,Poche,https://m.media-amazon.com/images/I/61s2RRhSZlL._AC_UY218_.jpg,2025-09-04T18:42:10.434346,Description non disponible depuis la recherche,Stock non disponible,ISBN non disponible,Éditeur non disponible,Date non disponible,Nombre de pages non disponible,Rang de vente non disponible,Biographies,51.0,,
Apprentice to the Villain: The hilarious new fantasy romance from the New York Times bestselling author and TikTok sensation,https://www.amazon.fr/Apprentice-Villain-bestselling-sensation-hilarious/dp/1804993395/ref=sr_1_819,"12,12 €",Hannah Nicole Maehrer,"4,5 sur 5 étoiles, détails de l’évaluation",15 923,Broché,https://m.media-amazon.com/images/I/81fETCLo9CL._AC_UY218_.jpg,2025-09-04T18:42:10.438025,Description non disponible depuis la recherche,Stock non disponible,ISBN non disponible,Éditeur non disponible,Date non disponible,Nombre de pages non disponible,Rang de vente non disponible,Biographies,51.0,,
Morgana & Oz - tome 2,https://www.amazon.fr/Morgana-Oz-2-Miyuli/dp/2226500111/ref=sr_1_820,"15,90 €",Miyuli,"4,1 sur 5 étoiles, détails de l’évaluation",6,Broché,https://m.media-amazon.com/images/I/81v7cvLMTuL._AC_UY218_.jpg,2025-09-04T18:42:10.440242,Description non disponible depuis la recherche,Stock non disponible,ISBN non disponible,Éditeur non disponible,Date non disponible,Nombre de pages non disponible,Rang de vente non disponible,Biographies,51.0,,
La Grâce d’un Loup: Livre 4,https://www.amazon.fr/Gr%C3%A2ce-dun-Loup-Livre-ebook/dp/B0FL29PYJ3/ref=sr_1_819,"4,28 €",Lenaleia _,"3,0 sur 5 étoiles, détails de l’évaluation",3,Format Kindle,https://m.media-amazon.com/images/I/71dey6CSLbL._AC_UY218_.jpg,2025-09-04T18:42:21.884309,Description non disponible depuis la recherche,Stock non disponible,ISBN non disponible,Éditeur non disponible,Date non disponible,Nombre de pages non disponible,Rang de vente non disponible,Biographies,52.0,,
Elysian: Gothic Tales and Poems (English Edition),https://www.amazon.fr/Elysian-Gothic-Tales-Poems-English-ebook/dp/B07DK89S2L/ref=sr_1_820,"13,70 €",Alienor Hughman,"5,0 sur 5 étoiles, détails de l’évaluation",11,Format Kindle,https://m.media-amazon.com/images/I/91xbAto3jAL._AC_UY218_.jpg,2025-09-04T18:42:21.886500,Description non disponible depuis la recherche,Stock non disponible,ISBN non disponible,Éditeur non disponible,Date non disponible,Nombre de pages non disponible,Rang de vente non disponible,Biographies,52.0,,
THE BOUNTY HUNTER WARS LEATHER (PROP-INTERNATIONAL),https://www.amazon.fr/BOUNTY-HUNTER-WARS-LEATHER-PROP-INTERNATIONAL/dp/0525617760/ref=sr_1_821,"39,01 €",K.W. Jeter,"5,0 sur 5 étoiles, détails de l’évaluation",2,Relié,https://m.media-amazon.com/images/I/51srKHrEQDL._AC_UY218_.jpg,2025-09-04T18:42:21.889077,Description non disponible depuis la recherche,Stock non disponible,ISBN non disponible,Éditeur non disponible,Date non disponible,Nombre de pages non disponible,Rang de vente non disponible,Biographies,52.0,,
Dominion Genesis : Le Créateur de Mondes,https://www.amazon.fr/Dominion-Genesis-Cr%C3%A9ateur-Jonathan-Beer/dp/1836092601/ref=sr_1_822,"15,00 €",Jonathan D Beer,Note non disponible,0 avis,Broché,https://m.media-amazon.com/images/I/71uFEM+LIKL._AC_UY218_.jpg,2025-09-04T18:42:21.891270,Description non disponible depuis la recherche,Stock non disponible,ISBN non disponible,Éditeur non disponible,Date non disponible,Nombre de pages non disponible,Rang de vente non disponible,Biographies,52.0,,
"Les Dépossédés (Le Livre de Hain, tome 5)",https://www.amazon.fr/D%C3%A9poss%C3%A9d%C3%A9s-Ursula-K-Guin/dp/2253113158/ref=sr_1_823,"9,70 €",Ursula K. Le Guin,"4,4 sur 5 étoiles, détails de l’évaluation",82,Poche,https://m.media-amazon.com/images/I/81v9cNoHq3L._AC_UY218_.jpg,2025-09-04T18:42:21.893438,Description non disponible depuis la recherche,Stock non disponible,ISBN non disponible,Éditeur non disponible,Date non disponible,Nombre de pages non disponible,Rang de vente non disponible,Biographies,52.0,,
L'oiseau chanteur et le coeur de pierre (Edition Relié): Les Couronnes de Nyaxia 3,https://www.amazon.fr/Loiseau-chanteur-coeur-pierre-Reli%C3%A9/dp/B0DJVJ96Z8/ref=sr_1_824,"29,99 €",Carissa Broadbent,"4,4 sur 5 étoiles, détails de l’évaluation",58,Relié,https://m.media-amazon.com/images/I/71vbbVzGv2L._AC_UY218_.jpg,2025-09-04T18:42:21.896462,Description non disponible depuis la recherche,Stock non disponible,ISBN non disponible,Éditeur non disponible,Date non disponible,Nombre de pages non disponible,Rang de vente non disponible,Biographies,52.0,,
Cailloux dans le ciel,https://www.amazon.fr/Cailloux-dans-ciel-Isaac-Asimov/dp/2290312975/ref=sr_1_825,"8,50 €",Isaac Asimov,"4,6 sur 5 étoiles, détails de l’évaluation",106,Poche,https://m.media-amazon.com/images/I/51VpvSMe08L._AC_UY218_.jpg,2025-09-04T18:42:21.899181,Description non disponible depuis la recherche,Stock non disponible,ISBN non disponible,Éditeur non disponible,Date non disponible,Nombre de pages non disponible,Rang de vente non disponible,Biographies,52.0,,
Gobbo le Rouge: La Collection,https://www.amazon.fr/Gobbo-Rouge-Collection-Mike-Brooks/dp/1836092571/ref=sr_1_826,"20,00 €","de Mike Brooks, Denny Flowers, et al. | 13 novembre 2025",Note non disponible,0 avis,Broché,https://m.media-amazon.com/images/I/81NOUWP-ckL._AC_UY218_.jpg,2025-09-04T18:42:21.901967,Description non disponible depuis la recherche,Stock non disponible,ISBN non disponible,Éditeur non disponible,Date non disponible,Nombre de pages non disponible,Rang de vente non disponible,Biographies,52.0,,
Hope,https://www.amazon.fr/Hope-Livia-L-Hohota-ebook/dp/B0DX8N8TM3/ref=sr_1_829,"7,99 €",de Livia L. Hohota | 3 juillet 2025,"4,5 sur 5 étoiles, détails de l’évaluation",39,Format Kindle,https://m.media-amazon.com/images/I/717Y1rKkCmL._AC_UY218_.jpg,2025-09-04T18:42:21.911071,Description non disponible depuis la recherche,Stock non disponible,ISBN non disponible,Éditeur non disponible,Date non disponible,Nombre de pages non disponible,Rang de vente non disponible,Biographies,52.0,,
Surprise par le tigre (Humaine et Métamorphe),https://www.amazon.fr/Surprise-par-tigre-Humaine-M%C3%A9tamorphe-ebook/dp/B0FLPZVP1Y/ref=sr_1_830,"13,00 €",Virginie T.,"4,6 sur 5 étoiles, détails de l’évaluation",14,Format Kindle,https://m.media-amazon.com/images/I/81urrz6RArL._AC_UY218_.jpg,2025-09-04T18:42:21.913149,Description non disponible depuis la recherche,Stock non disponible,ISBN non disponible,Éditeur non disponible,Date non disponible,Nombre de pages non disponible,Rang de vente non disponible,Biographies,52.0,,
"Kill the Rich ! (Bourbon Kid, Tome 10)",https://www.amazon.fr/Kill-Rich-Bourbon-Kid-10/dp/2253249750/ref=sr_1_831,"10,90 €",de Anonyme | 4 septembre 2024,"4,7 sur 5 étoiles, détails de l’évaluation",207,Poche,https://m.media-amazon.com/images/I/71i-TMRRVeL._AC_UY218_.jpg,2025-09-04T18:42:21.917400,Description non disponible depuis la recherche,Stock non disponible,ISBN non disponible,Éditeur non disponible,Date non disponible,Nombre de pages non disponible,Rang de vente non disponible,Biographies,52.0,,
"Chair de poule , Tome 02: La nuit des pantins",https://www.amazon.fr/Chair-poule-02-nuit-pantins/dp/B0C85H5JN1/ref=sr_1_832,"6,50 €",R.L Stine,"4,7 sur 5 étoiles, détails de l’évaluation",616,Broché,https://m.media-amazon.com/images/I/71vjejPJ+HL._AC_UY218_.jpg,2025-09-04T18:42:21.920630,Description non disponible depuis la recherche,Stock non disponible,ISBN non disponible,Éditeur non disponible,Date non disponible,Nombre de pages non disponible,Rang de vente non disponible,Biographies,52.0,,
Cour d’avarice et d’or: Mariées de la brume et des faës (Reine de L’Ombre t. 2),https://www.amazon.fr/Cour-davarice-dor-Mari%C3%A9es-LOmbre-ebook/dp/B0C7RLNBKR/ref=sr_1_833,"15,81 €",Eliza Raine,"4,7 sur 5 étoiles, détails de l’évaluation",1 787,Format Kindle,https://m.media-amazon.com/images/I/81yKAmS4L7L._AC_UY218_.jpg,2025-09-04T18:42:21.923360,Description non disponible depuis la recherche,Stock non disponible,ISBN non disponible,Éditeur non disponible,Date non disponible,Nombre de pages non disponible,Rang de vente non disponible,Biographies,52.0,,
The Book Thief: TikTok made me buy it! The life-affirming reader favourite,https://www.amazon.fr/Book-Thief-special-chapter-BRIDGE/dp/1784162124/ref=sr_1_834,"12,12 €",Markus Zusak,"4,5 sur 5 étoiles, détails de l’évaluation",30 777,Broché,https://m.media-amazon.com/images/I/71H52+sSb4L._AC_UY218_.jpg,2025-09-04T18:42:21.927308,Description non disponible depuis la recherche,Stock non disponible,ISBN non disponible,Éditeur non disponible,Date non disponible,Nombre de pages non disponible,Rang de vente non disponible,Biographies,52.0,,
Je suis une légende,https://www.amazon.fr/suis-une-l%C3%A9gende-Richard-Matheson/dp/2070418073/ref=sr_1_835,"8,50 €",Richard Matheson,"4,5 sur 5 étoiles, détails de l’évaluation",1 089,Poche,https://m.media-amazon.com/images/I/81R2bsUM2VL._AC_UY218_.jpg,2025-09-04T18:42:21.930677,Description non disponible depuis la recherche,Stock non disponible,ISBN non disponible,Éditeur non disponible,Date non disponible,Nombre de pages non disponible,Rang de vente non disponible,Biographies,52.0,,
L'Univers du Sorceleur (Witcher) : Atlas du Sorceleur,https://www.amazon.fr/LUnivers-Sorceleur-Witcher-Atlas/dp/B0D8VP4YX9/ref=sr_1_836,"45,00 €","de Andrzej Sapkowski, Stéphane Arson, et al. | 9 octobre 2024","5,0 sur 5 étoiles, détails de l’évaluation",7,Relié,https://m.media-amazon.com/images/I/81vwB+TV8QL._AC_UY218_.jpg,2025-09-04T18:42:21.933397,Description non disponible depuis la recherche,Stock non disponible,ISBN non disponible,Éditeur non disponible,Date non disponible,Nombre de pages non disponible,Rang de vente non disponible,Biographies,52.0,,
"Différentes saisons: Différentes saisons, Vol. 1",https://www.amazon.fr/Diff%C3%A9rentes-saisons-Vol/dp/B0F8BZ61HQ/ref=sr_1_835,"0,00 €",Livres audio Audible,"4,6 sur 5 étoiles, détails de l’évaluation",363,Livres audio Audible,https://m.media-amazon.com/images/I/71Cns2jj+sL._AC_UY218_.jpg,2025-09-04T18:42:32.261218,Description non disponible depuis la recherche,Stock non disponible,ISBN non disponible,Éditeur non disponible,Date non disponible,Nombre de pages non disponible,Rang de vente non disponible,Biographies,53.0,,
"Les Épines du Givre: Les Secrets du Givre et de la Neige, T2",https://www.amazon.fr/%C3%89pines-Givre-Secrets-Neige-T2-ebook/dp/B0FFG597WT/ref=sr_1_836,"9,99 €",Krista Street,Note non disponible,0 avis,Format Kindle,https://m.media-amazon.com/images/I/81mVaVC8aEL._AC_UY218_.jpg,2025-09-04T18:42:32.264965,Description non disponible depuis la recherche,Stock non disponible,ISBN non disponible,Éditeur non disponible,Date non disponible,Nombre de pages non disponible,Rang de vente non disponible,Biographies,53.0,,
ÉLÉRIA: L'éveil du feu,https://www.amazon.fr/%C3%89L%C3%89RIA-L%C3%A9veil-feu-Laura-ESQUINE/dp/2958483703/ref=sr_1_837,"19,90 €",Laura ESQUINE,"4,5 sur 5 étoiles, détails de l’évaluation",566,Broché,https://m.media-amazon.com/images/I/71GLdRqEOwL._AC_UY218_.jpg,2025-09-04T18:42:32.267944,Description non disponible depuis la recherche,Stock non disponible,ISBN non disponible,Éditeur non disponible,Date non disponible,Nombre de pages non disponible,Rang de vente non disponible,Biographies,53.0,,
Le Cri du Desespoir (Les Dragons Royaux t. 4),https://www.amazon.fr/Cri-Desespoir-Dragons-Royaux-t-ebook/dp/B0FMN9WHN9/ref=sr_1_838,Prix non disponible,May Dawson,"4,4 sur 5 étoiles, détails de l’évaluation",14,Format Kindle,https://m.media-amazon.com/images/I/91Ghzi+JmtL._AC_UY218_.jpg,2025-09-04T18:42:32.270023,Description non disponible depuis la recherche,Stock non disponible,ISBN non disponible,Éditeur non disponible,Date non disponible,Nombre de pages non disponible,Rang de vente non disponible,Biographies,53.0,,
Final Fantasy XIV: Dawntrail -- The Art of Succession -Relics of Heritage-,https://www.amazon.fr/Final-Fantasy-XIV-Dawntrail-Succession/dp/1646093607/ref=sr_1_839,"36,09 €",Édition en Anglais | de Square Enix | 29 avril 2025,"4,8 sur 5 étoiles, détails de l’évaluation",45,Broché,https://m.media-amazon.com/images/I/914fe8UtiFL._AC_UY218_.jpg,2025-09-04T18:42:32.272768,Description non disponible depuis la recherche,Stock non disponible,ISBN non disponible,Éditeur non disponible,Date non disponible,Nombre de pages non disponible,Rang de vente non disponible,Biographies,53.0,,
Frigiel et Fluffy - Cycle du Warden - Tome 3 Le Dernier Sacrifice,https://www.amazon.fr/Frigiel-Fluffy-Cycle-Warden/dp/2375544277/ref=sr_1_840,"12,95 €",Frigiel,"4,8 sur 5 étoiles, détails de l’évaluation",70,Broché,https://m.media-amazon.com/images/I/71f-9Z5-cqL._AC_UY218_.jpg,2025-09-04T18:42:32.275759,Description non disponible depuis la recherche,Stock non disponible,ISBN non disponible,Éditeur non disponible,Date non disponible,Nombre de pages non disponible,Rang de vente non disponible,Biographies,53.0,,
Toilet-bound Hanako-kun T04,https://www.amazon.fr/Toilet-bound-Hanako-kun-T04-AidaIro/dp/2811664238/ref=sr_1_841,"7,70 €",AidaIro,"4,8 sur 5 étoiles, détails de l’évaluation",226,Poche,https://m.media-amazon.com/images/I/81eGbrP8JkS._AC_UY218_.jpg,2025-09-04T18:42:32.278327,Description non disponible depuis la recherche,Stock non disponible,ISBN non disponible,Éditeur non disponible,Date non disponible,Nombre de pages non disponible,Rang de vente non disponible,Biographies,53.0,,
Trahison: La Guerre Des Descendants Livre 2,https://www.amazon.fr/Trahison-Guerre-Descendants-Livre-2-ebook/dp/B0FBDTB4H1/ref=sr_1_842,"17,94 €",John Walker,"4,1 sur 5 étoiles, détails de l’évaluation",100,Format Kindle,https://m.media-amazon.com/images/I/81+vxDrJSgL._AC_UY218_.jpg,2025-09-04T18:42:32.280410,Description non disponible depuis la recherche,Stock non disponible,ISBN non disponible,Éditeur non disponible,Date non disponible,Nombre de pages non disponible,Rang de vente non disponible,Biographies,53.0,,
"Journal d'un vampire, Tome 1",https://www.amazon.fr/Journal-dun-vampire-L-J-Smith/dp/2253169854/ref=sr_1_845,"9,40 €",L.J. Smith,"4,4 sur 5 étoiles, détails de l’évaluation",191,Poche,https://m.media-amazon.com/images/I/61qtrUrBQ2L._AC_UY218_.jpg,2025-09-04T18:42:32.289067,Description non disponible depuis la recherche,Stock non disponible,ISBN non disponible,Éditeur non disponible,Date non disponible,Nombre de pages non disponible,Rang de vente non disponible,Biographies,53.0,,
"Collection Maîtres du Fantastique - Sélection I - Contient 3 livres :: La Machine à explorer le temps, Frankenstein, Le Chat noir",https://www.amazon.fr/Collection-Ma%C3%AEtres-Fantastique-S%C3%A9lection-Frankenstein/dp/8410982153/ref=sr_1_846,"16,95 €",RBA Coleccionables,"5,0 sur 5 étoiles, détails de l’évaluation",3,Relié,https://m.media-amazon.com/images/I/81O3dC+HOHL._AC_UY218_.jpg,2025-09-04T18:42:32.290913,Description non disponible depuis la recherche,Stock non disponible,ISBN non disponible,Éditeur non disponible,Date non disponible,Nombre de pages non disponible,Rang de vente non disponible,Biographies,53.0,,
Gwendy et la boîte à boutons,https://www.amazon.fr/Gwendy-bo%C3%AEte-boutons-Stephen-King/dp/2253083577/ref=sr_1_847,"7,90 €",Stephen King,"4,5 sur 5 étoiles, détails de l’évaluation",932,Poche,https://m.media-amazon.com/images/I/81vV7C3M0gL._AC_UY218_.jpg,2025-09-04T18:42:32.293546,Description non disponible depuis la recherche,Stock non disponible,ISBN non disponible,Éditeur non disponible,Date non disponible,Nombre de pages non disponible,Rang de vente non disponible,Biographies,53.0,,
La Fondation,https://www.amazon.fr/fant%C3%B4mes-Gaunt-fondation-Dan-Abnett/dp/1780305354/ref=sr_1_848,"17,00 €",Dan Abnett,"4,7 sur 5 étoiles, détails de l’évaluation",116,Broché,https://m.media-amazon.com/images/I/81MVllOiLgS._AC_UY218_.jpg,2025-09-04T18:42:32.296274,Description non disponible depuis la recherche,Stock non disponible,ISBN non disponible,Éditeur non disponible,Date non disponible,Nombre de pages non disponible,Rang de vente non disponible,Biographies,53.0,,
La Promise du roi de l'Ombre - Tome 01 (e-book),https://www.amazon.fr/Promise-roi-lOmbre-01-book-ebook/dp/B0DTRXFMD9/ref=sr_1_849,"12,99 €",Sylvia Mercedes,"4,7 sur 5 étoiles, détails de l’évaluation",22,Format Kindle,https://m.media-amazon.com/images/I/81yXK84ipOL._AC_UY218_.jpg,2025-09-04T18:42:32.299776,Description non disponible depuis la recherche,Stock non disponible,ISBN non disponible,Éditeur non disponible,Date non disponible,Nombre de pages non disponible,Rang de vente non disponible,Biographies,53.0,,
Mr Mercedes,https://www.amazon.fr/Mr-Mercedes-Stephen-King/dp/2253132942/ref=sr_1_850,"10,40 €",Stephen King,"4,7 sur 5 étoiles, détails de l’évaluation",449,Poche,https://m.media-amazon.com/images/I/91bHWEW5pWL._AC_UY218_.jpg,2025-09-04T18:42:32.301837,Description non disponible depuis la recherche,Stock non disponible,ISBN non disponible,Éditeur non disponible,Date non disponible,Nombre de pages non disponible,Rang de vente non disponible,Biographies,53.0,,
Daevabad: La Cité de Laiton (1),https://www.amazon.fr/Daevabad-Cit%C3%A9-Laiton-S-Chakraborty/dp/2290373702/ref=sr_1_851,"9,90 €",S.A. Chakraborty,"4,7 sur 5 étoiles, détails de l’évaluation",318,Poche,https://m.media-amazon.com/images/I/71-u4VvPsLL._AC_UY218_.jpg,2025-09-04T18:42:32.305452,Description non disponible depuis la recherche,Stock non disponible,ISBN non disponible,Éditeur non disponible,Date non disponible,Nombre de pages non disponible,Rang de vente non disponible,Biographies,53.0,,
Une couronne d'épées: La roue du temps 7,https://www.amazon.fr/Une-couronne-d%C3%A9p%C3%A9es-roue-temps/dp/B082MQHVDR/ref=sr_1_852,"0,00 €",Livres audio Audible,"4,5 sur 5 étoiles, détails de l’évaluation",307,Livres audio Audible,https://m.media-amazon.com/images/I/81sibYT8XgL._AC_UY218_.jpg,2025-09-04T18:42:32.308788,Description non disponible depuis la recherche,Stock non disponible,ISBN non disponible,Éditeur non disponible,Date non disponible,Nombre de pages non disponible,Rang de vente non disponible,Biographies,53.0,,
Savage Lands T2 : Wild lands,https://www.amazon.fr/Wild-lands-Savage-Lands-2-ebook/dp/B0CL4PY8M7/ref=sr_1_851,"10,99 €",Stacey Marie Brown,"4,7 sur 5 étoiles, détails de l’évaluation",175,Format Kindle,https://m.media-amazon.com/images/I/81eCrSw-lKL._AC_UY218_.jpg,2025-09-04T18:42:43.129863,Description non disponible depuis la recherche,Stock non disponible,ISBN non disponible,Éditeur non disponible,Date non disponible,Nombre de pages non disponible,Rang de vente non disponible,Biographies,54.0,,
The Traitor God: The Age of Tyranny Book I,https://www.amazon.fr/Traitor-God-Age-Tyranny-Book/dp/0369302885/ref=sr_1_852,"39,43 €",Cameron Johnston,"4,4 sur 5 étoiles, détails de l’évaluation",1 303,Broché,https://m.media-amazon.com/images/I/61N7OouSP-L._AC_UY218_.jpg,2025-09-04T18:42:43.133301,Description non disponible depuis la recherche,Stock non disponible,ISBN non disponible,Éditeur non disponible,Date non disponible,Nombre de pages non disponible,Rang de vente non disponible,Biographies,54.0,,
"La Roue du Temps, T20 : Le Carrefour du Crépuscule - deuxième partie",https://www.amazon.fr/Roue-Temps-T10-2-Carrefour-Cr%C3%A9puscule/dp/B097XBBN18/ref=sr_1_853,"8,95 €",Robert Jordan,"4,8 sur 5 étoiles, détails de l’évaluation",90,Poche,https://m.media-amazon.com/images/I/81q3XY6KlqL._AC_UY218_.jpg,2025-09-04T18:42:43.135379,Description non disponible depuis la recherche,Stock non disponible,ISBN non disponible,Éditeur non disponible,Date non disponible,Nombre de pages non disponible,Rang de vente non disponible,Biographies,54.0,,
"Entre nous, la rivière",https://www.amazon.fr/Entre-nous-rivi%C3%A8re-Alexiane-Lys/dp/2381991379/ref=sr_1_854,"18,00 €",Alexiane De Lys,"4,6 sur 5 étoiles, détails de l’évaluation",329,Broché,https://m.media-amazon.com/images/I/71Ns4vpH0ZL._AC_UY218_.jpg,2025-09-04T18:42:43.138159,Description non disponible depuis la recherche,Stock non disponible,ISBN non disponible,Éditeur non disponible,Date non disponible,Nombre de pages non disponible,Rang de vente non disponible,Biographies,54.0,,
Donjons oubliés & forêts interdites,https://www.amazon.fr/Donjons-oubli%C3%A9s-for%C3%AAts-interdites-Plastiboo/dp/2492042243/ref=sr_1_855,"18,00 €",de Plastiboo et Baptiste Neveux | 14 mai 2025,"5,0 sur 5 étoiles, détails de l’évaluation",1,Broché,https://m.media-amazon.com/images/I/71K6TAKPkVL._AC_UY218_.jpg,2025-09-04T18:42:43.140741,Description non disponible depuis la recherche,Stock non disponible,ISBN non disponible,Éditeur non disponible,Date non disponible,Nombre de pages non disponible,Rang de vente non disponible,Biographies,54.0,,
"La Roue du Temps, T23 : La Tempête imminente - première partie",https://www.amazon.fr/Roue-Temps-T23-imminente-premi%C3%A8re/dp/B0C9PQ296S/ref=sr_1_856,"8,95 €",Robert Jordan,"4,8 sur 5 étoiles, détails de l’évaluation",71,Poche,https://m.media-amazon.com/images/I/81EKcrqCllL._AC_UY218_.jpg,2025-09-04T18:42:43.142853,Description non disponible depuis la recherche,Stock non disponible,ISBN non disponible,Éditeur non disponible,Date non disponible,Nombre de pages non disponible,Rang de vente non disponible,Biographies,54.0,,
Scholomance: Éducation meurtrière (1),https://www.amazon.fr/Scholomance-%C3%89ducation-meurtri%C3%A8re-Naomi-Novik/dp/2290380555/ref=sr_1_857,"8,90 €",Naomi Novik,"4,4 sur 5 étoiles, détails de l’évaluation",130,Poche,https://m.media-amazon.com/images/I/61e4nvywRnL._AC_UY218_.jpg,2025-09-04T18:42:43.146338,Description non disponible depuis la recherche,Stock non disponible,ISBN non disponible,Éditeur non disponible,Date non disponible,Nombre de pages non disponible,Rang de vente non disponible,Biographies,54.0,,
"La Roue du Temps, T17 : Le Coeur de l'hiver - première partie",https://www.amazon.fr/Roue-Temps-T9-1-lhiver-premi%C3%A8re/dp/B09429961W/ref=sr_1_858,"8,90 €",Robert Jordan,"4,8 sur 5 étoiles, détails de l’évaluation",107,Poche,https://m.media-amazon.com/images/I/81gaEkvkDZL._AC_UY218_.jpg,2025-09-04T18:42:43.148568,Description non disponible depuis la recherche,Stock non disponible,ISBN non disponible,Éditeur non disponible,Date non disponible,Nombre de pages non disponible,Rang de vente non disponible,Biographies,54.0,,
La Saga Lightlark - Tome 3 Skyshade,https://www.amazon.fr/Saga-Lightlark-3-Skyshade/dp/2371024899/ref=sr_1_861,"17,00 €",Alex Aster,"4,4 sur 5 étoiles, détails de l’évaluation",52,Broché,https://m.media-amazon.com/images/I/71LJ+fB-+hL._AC_UY218_.jpg,2025-09-04T18:42:43.157933,Description non disponible depuis la recherche,Stock non disponible,ISBN non disponible,Éditeur non disponible,Date non disponible,Nombre de pages non disponible,Rang de vente non disponible,Biographies,54.0,,
Toilet-bound Hanako-kun T05,https://www.amazon.fr/Toilet-bound-Hanako-kun-T05-AidaIro/dp/2811664246/ref=sr_1_862,"7,70 €",AidaIro,"4,9 sur 5 étoiles, détails de l’évaluation",195,Poche,https://m.media-amazon.com/images/I/81vh8ZLpHEL._AC_UY218_.jpg,2025-09-04T18:42:43.160482,Description non disponible depuis la recherche,Stock non disponible,ISBN non disponible,Éditeur non disponible,Date non disponible,Nombre de pages non disponible,Rang de vente non disponible,Biographies,54.0,,
Piranèse,https://www.amazon.fr/Piran%C3%A8se-Susanna-Clarke/dp/225310695X/ref=sr_1_863,"9,40 €",Susanna Clarke,"4,3 sur 5 étoiles, détails de l’évaluation",133,Poche,https://m.media-amazon.com/images/I/61pvnYKJGDL._AC_UY218_.jpg,2025-09-04T18:42:43.163623,Description non disponible depuis la recherche,Stock non disponible,ISBN non disponible,Éditeur non disponible,Date non disponible,Nombre de pages non disponible,Rang de vente non disponible,Biographies,54.0,,
Une âme à prendre,https://www.amazon.fr/Une-%C3%A2me-prendre-Harley-Laroux-ebook/dp/B0DMBTSFH9/ref=sr_1_864,"14,99 €",Harley Laroux,"4,6 sur 5 étoiles, détails de l’évaluation",55,Format Kindle,https://m.media-amazon.com/images/I/81cV5IC-yuL._AC_UY218_.jpg,2025-09-04T18:42:43.166280,Description non disponible depuis la recherche,Stock non disponible,ISBN non disponible,Éditeur non disponible,Date non disponible,Nombre de pages non disponible,Rang de vente non disponible,Biographies,54.0,,
La Grâce d’un Loup: Livre 6,https://www.amazon.fr/Gr%C3%A2ce-dun-Loup-Livre-ebook/dp/B0FM3R475D/ref=sr_1_865,"4,29 €",Lenaleia _,"4,5 sur 5 étoiles, détails de l’évaluation",2,Format Kindle,https://m.media-amazon.com/images/I/71dey6CSLbL._AC_UY218_.jpg,2025-09-04T18:42:43.168119,Description non disponible depuis la recherche,Stock non disponible,ISBN non disponible,Éditeur non disponible,Date non disponible,Nombre de pages non disponible,Rang de vente non disponible,Biographies,54.0,,
"La Sentinelle: Dead Garden, Vol. 2",https://www.amazon.fr/Sentinelle-Dead-Garden-Vol/dp/B0FB3WZZDG/ref=sr_1_866,"0,00 €",Livres audio Audible,"4,8 sur 5 étoiles, détails de l’évaluation",68,Livres audio Audible,https://m.media-amazon.com/images/I/91DXyqhG5ZL._AC_UY218_.jpg,2025-09-04T18:42:43.171302,Description non disponible depuis la recherche,Stock non disponible,ISBN non disponible,Éditeur non disponible,Date non disponible,Nombre de pages non disponible,Rang de vente non disponible,Biographies,54.0,,
La reine des neiges,https://www.amazon.fr/reine-neiges-Simon-Rousseau/dp/2849337137/ref=sr_1_867,"14,90 €",Simon Rousseau,"4,5 sur 5 étoiles, détails de l’évaluation",534,Broché,https://m.media-amazon.com/images/I/71P+x8aqOTL._AC_UY218_.jpg,2025-09-04T18:42:43.174007,Description non disponible depuis la recherche,Stock non disponible,ISBN non disponible,Éditeur non disponible,Date non disponible,Nombre de pages non disponible,Rang de vente non disponible,Biographies,54.0,,
Jurassic Park - Tome 2 : Le Monde perdu,https://www.amazon.fr/Monde-perdu-Michael-CRICHTON/dp/2266193481/ref=sr_1_868,"9,90 €",Michael Crichton,"4,7 sur 5 étoiles, détails de l’évaluation",435,Poche,https://m.media-amazon.com/images/I/61+A-apzvIL._AC_UY218_.jpg,2025-09-04T18:42:43.177486,Description non disponible depuis la recherche,Stock non disponible,ISBN non disponible,Éditeur non disponible,Date non disponible,Nombre de pages non disponible,Rang de vente non disponible,Biographies,54.0,,
"La Roue du Temps, T16 : Le Chemin des dagues - deuxième partie",https://www.amazon.fr/Roue-Temps-T8-2-Chemin-deuxi%C3%A8me/dp/B08S2YCHYP/ref=sr_1_867,"7,90 €",Robert Jordan,"4,8 sur 5 étoiles, détails de l’évaluation",121,Poche,https://m.media-amazon.com/images/I/81sRfIC+ZPL._AC_UY218_.jpg,2025-09-04T18:42:55.065517,Description non disponible depuis la recherche,Stock non disponible,ISBN non disponible,Éditeur non disponible,Date non disponible,Nombre de pages non disponible,Rang de vente non disponible,Biographies,55.0,,
"The Stormlight Archive, Books 1-4: The Way of Kings, Words of Radiance, Oathbringer, Rhythm of War (English Edition)",https://www.amazon.fr/Stormlight-Archive-Books-1-4-Oathbringer-ebook/dp/B0C5726Y6M/ref=sr_1_868,"21,62 €",Brandon Sanderson,"4,8 sur 5 étoiles, détails de l’évaluation",1 807,Format Kindle,https://m.media-amazon.com/images/I/81v5Gb+XVXL._AC_UY218_.jpg,2025-09-04T18:42:55.068410,Description non disponible depuis la recherche,Stock non disponible,ISBN non disponible,Éditeur non disponible,Date non disponible,Nombre de pages non disponible,Rang de vente non disponible,Biographies,55.0,,
"Blood Song, T2 : La Voix du sang - deuxième partie",https://www.amazon.fr/Blood-Song-T2-deuxi%C3%A8me-partie/dp/B0B5KPWFWF/ref=sr_1_869,"7,90 €",Anthony Ryan,"4,9 sur 5 étoiles, détails de l’évaluation",23,Poche,https://m.media-amazon.com/images/I/912BysFcOqL._AC_UY218_.jpg,2025-09-04T18:42:55.070533,Description non disponible depuis la recherche,Stock non disponible,ISBN non disponible,Éditeur non disponible,Date non disponible,Nombre de pages non disponible,Rang de vente non disponible,Biographies,55.0,,
"Les braises de la guerre: La Guerre des cœurs égarés, T1",https://www.amazon.fr/braises-guerre-Guerre-c%C5%93urs-%C3%A9gar%C3%A9s-ebook/dp/B0CWB67WXV/ref=sr_1_870,"7,99 €",Carissa Broadbent,"4,4 sur 5 étoiles, détails de l’évaluation",129,Format Kindle,https://m.media-amazon.com/images/I/81Do9R9bmBL._AC_UY218_.jpg,2025-09-04T18:42:55.074036,Description non disponible depuis la recherche,Stock non disponible,ISBN non disponible,Éditeur non disponible,Date non disponible,Nombre de pages non disponible,Rang de vente non disponible,Biographies,55.0,,
Villains Disney - Coeur brisé: L'histoire de la Reine de Coeur,https://www.amazon.fr/Villains-Disney-Coeur-bris%C3%A9-Lhistoire/dp/2017283398/ref=sr_1_871,"17,95 €",de Serena Valentino et Alice Gallori | 8 octobre 2025,Note non disponible,0 avis,Broché,https://m.media-amazon.com/images/I/71uLE4GExML._AC_UY218_.jpg,2025-09-04T18:42:55.077694,Description non disponible depuis la recherche,Stock non disponible,ISBN non disponible,Éditeur non disponible,Date non disponible,Nombre de pages non disponible,Rang de vente non disponible,Biographies,55.0,,
The Burning God,https://www.amazon.fr/Burning-God-R-F-Kuang/dp/000833918X/ref=sr_1_872,"12,12 €",R.F. Kuang,"4,4 sur 5 étoiles, détails de l’évaluation",11 498,Broché,https://m.media-amazon.com/images/I/81IffFkgjUL._AC_UY218_.jpg,2025-09-04T18:42:55.081352,Description non disponible depuis la recherche,Stock non disponible,ISBN non disponible,Éditeur non disponible,Date non disponible,Nombre de pages non disponible,Rang de vente non disponible,Biographies,55.0,,
Les nuances du crépuscule: tome 2,https://www.amazon.fr/nuances-du-cr%C3%A9puscule-2/dp/B0FD9SHMLN/ref=sr_1_873,"18,99 €",Gaby F. Schmid,Note non disponible,0 avis,Broché,https://m.media-amazon.com/images/I/71kVNYOW43L._AC_UY218_.jpg,2025-09-04T18:42:55.083473,Description non disponible depuis la recherche,Stock non disponible,ISBN non disponible,Éditeur non disponible,Date non disponible,Nombre de pages non disponible,Rang de vente non disponible,Biographies,55.0,,
Before the Coffee Gets Cold,https://www.amazon.fr/Before-Coffee-Gets-Toshikazu-Kawaguchi/dp/1529029589/ref=sr_1_874,"13,34 €",Toshikazu Kawaguchi,"4,2 sur 5 étoiles, détails de l’évaluation",32 352,Broché,https://m.media-amazon.com/images/I/71kW0ESYl5L._AC_UY218_.jpg,2025-09-04T18:42:55.087341,Description non disponible depuis la recherche,Stock non disponible,ISBN non disponible,Éditeur non disponible,Date non disponible,Nombre de pages non disponible,Rang de vente non disponible,Biographies,55.0,,
"L'Outsider: Holly Gibney, Vol. 1",https://www.amazon.fr/LOutsider/dp/B07PMSLTRG/ref=sr_1_877,"0,00 €",Livres audio Audible,"4,4 sur 5 étoiles, détails de l’évaluation",2 822,Livres audio Audible,https://m.media-amazon.com/images/I/A1pqy64c0cL._AC_UY218_.jpg,2025-09-04T18:42:55.097044,Description non disponible depuis la recherche,Stock non disponible,ISBN non disponible,Éditeur non disponible,Date non disponible,Nombre de pages non disponible,Rang de vente non disponible,Biographies,55.0,,
Celui qui devait mourir (broché) - Tome 01 La Malédiction des Hawthorne (01),https://www.amazon.fr/Celui-qui-devait-mourir-broch%C3%A9/dp/2378767420/ref=sr_1_878,"19,90 €",Camilla Raines,Note non disponible,0 avis,Broché,https://m.media-amazon.com/images/I/610CagH9M5L._AC_UY218_.jpg,2025-09-04T18:42:55.100261,Description non disponible depuis la recherche,Stock non disponible,ISBN non disponible,Éditeur non disponible,Date non disponible,Nombre de pages non disponible,Rang de vente non disponible,Biographies,55.0,,
Cujo,https://www.amazon.fr/Cujo-Stephen-King/dp/2253151564/ref=sr_1_879,"9,70 €",Stephen King,"4,4 sur 5 étoiles, détails de l’évaluation",477,Poche,https://m.media-amazon.com/images/I/91XE++rOnsL._AC_UY218_.jpg,2025-09-04T18:42:55.102834,Description non disponible depuis la recherche,Stock non disponible,ISBN non disponible,Éditeur non disponible,Date non disponible,Nombre de pages non disponible,Rang de vente non disponible,Biographies,55.0,,
A Witch's Guide to Magical Innkeeping,https://www.amazon.fr/Witchs-Guide-Magical-Innkeeping/dp/B0CDMVD131/ref=sr_1_880,"0,00 €",Livres audio Audible,"4,4 sur 5 étoiles, détails de l’évaluation",1 896,Livres audio Audible,https://m.media-amazon.com/images/I/81yb8m-CaWL._AC_UY218_.jpg,2025-09-04T18:42:55.106450,Description non disponible depuis la recherche,Stock non disponible,ISBN non disponible,Éditeur non disponible,Date non disponible,Nombre de pages non disponible,Rang de vente non disponible,Biographies,55.0,,
Briseuse de Démons,https://www.amazon.fr/Briseuse-D%C3%A9mons-Jude-Reid/dp/1804078077/ref=sr_1_881,"18,00 €",Jude Reid,"4,4 sur 5 étoiles, détails de l’évaluation",24,Relié,https://m.media-amazon.com/images/I/81AUznA7eDL._AC_UY218_.jpg,2025-09-04T18:42:55.109216,Description non disponible depuis la recherche,Stock non disponible,ISBN non disponible,Éditeur non disponible,Date non disponible,Nombre de pages non disponible,Rang de vente non disponible,Biographies,55.0,,
Le Paria: L'Alliance de Fer 1,https://www.amazon.fr/Paria-LAlliance-Fer-1/dp/B0B61LDZ6T/ref=sr_1_882,"0,00 €",Livres audio Audible,"4,5 sur 5 étoiles, détails de l’évaluation",427,Livres audio Audible,https://m.media-amazon.com/images/I/81WRrfaj0nL._AC_UY218_.jpg,2025-09-04T18:42:55.112618,Description non disponible depuis la recherche,Stock non disponible,ISBN non disponible,Éditeur non disponible,Date non disponible,Nombre de pages non disponible,Rang de vente non disponible,Biographies,55.0,,
Nous les Dieux: Le Cycle des Dieux 1,https://www.amazon.fr/Nous-Dieux-Cycle-1/dp/B099NSCN23/ref=sr_1_883,"0,00 €",Livres audio Audible,"4,5 sur 5 étoiles, détails de l’évaluation",653,Livres audio Audible,https://m.media-amazon.com/images/I/81xZwcJY38S._AC_UY218_.jpg,2025-09-04T18:42:55.115948,Description non disponible depuis la recherche,Stock non disponible,ISBN non disponible,Éditeur non disponible,Date non disponible,Nombre de pages non disponible,Rang de vente non disponible,Biographies,55.0,,
L'Encyclopédie féerique d'Emily Wilde - Tome 01,https://www.amazon.fr/LEncyclop%C3%A9die-f%C3%A9erique-dEmily-Wilde-01/dp/2385650541/ref=sr_1_884,"7,80 €",Heather Fawcett,"4,1 sur 5 étoiles, détails de l’évaluation",81,Poche,https://m.media-amazon.com/images/I/71yVIGcUN7L._AC_UY218_.jpg,2025-09-04T18:42:55.119532,Description non disponible depuis la recherche,Stock non disponible,ISBN non disponible,Éditeur non disponible,Date non disponible,Nombre de pages non disponible,Rang de vente non disponible,Biographies,55.0,,
"Collection Maîtres du Fantastique - Sélection II - Contient 3 livres :: Dracula, La Guerre des mondes, Le Monde perdu",https://www.amazon.fr/Collection-Ma%C3%AEtres-Fantastique-S%C3%A9lection-Contient/dp/8410982161/ref=sr_1_883,"16,95 €",RBA Coleccionables,Note non disponible,0 avis,Relié,https://m.media-amazon.com/images/I/81KsOCvHqbL._AC_UY218_.jpg,2025-09-04T18:43:03.796426,Description non disponible depuis la recherche,Stock non disponible,ISBN non disponible,Éditeur non disponible,Date non disponible,Nombre de pages non disponible,Rang de vente non disponible,Biographies,56.0,,
Chasse royale: Les grands arrières,https://www.amazon.fr/Chasse-royale-arri%C3%A8res-Jean-Philippe-Jaworski/dp/2073031587/ref=sr_1_884,"10,00 €",Jean-Philippe Jaworski,"4,6 sur 5 étoiles, détails de l’évaluation",233,Poche,https://m.media-amazon.com/images/I/81uBhLbhshL._AC_UY218_.jpg,2025-09-04T18:43:03.799097,Description non disponible depuis la recherche,Stock non disponible,ISBN non disponible,Éditeur non disponible,Date non disponible,Nombre de pages non disponible,Rang de vente non disponible,Biographies,56.0,,
"Sorceleur (Witcher), T5 : Le Baptême du feu (traduction révisée)",https://www.amazon.fr/Bapt%C3%AAme-feu-Sorceleur-T5-ebook/dp/B009ZL5E4M/ref=sr_1_885,"5,99 €",Andrzej Sapkowski,"4,8 sur 5 étoiles, détails de l’évaluation",2 296,Format Kindle,https://m.media-amazon.com/images/I/81iB2Uvk3FL._AC_UY218_.jpg,2025-09-04T18:43:03.802519,Description non disponible depuis la recherche,Stock non disponible,ISBN non disponible,Éditeur non disponible,Date non disponible,Nombre de pages non disponible,Rang de vente non disponible,Biographies,56.0,,
La reine solitaire: L'Assassin Royal 6,https://www.amazon.fr/reine-solitaire-LAssassin-royal/dp/B06XDQNM2D/ref=sr_1_886,"0,00 €",Livres audio Audible,"4,7 sur 5 étoiles, détails de l’évaluation",804,Livres audio Audible,https://m.media-amazon.com/images/I/81mpAPKESML._AC_UY218_.jpg,2025-09-04T18:43:03.806058,Description non disponible depuis la recherche,Stock non disponible,ISBN non disponible,Éditeur non disponible,Date non disponible,Nombre de pages non disponible,Rang de vente non disponible,Biographies,56.0,,
Las cosas que perdimos en el fuego / Things We Lost in The Fire,https://www.amazon.fr/cosas-perdimos-fuego-Things-Lost/dp/8433998064/ref=sr_1_887,"18,17 €",Mariana Enriquez,"4,3 sur 5 étoiles, détails de l’évaluation",3 402,Broché,https://m.media-amazon.com/images/I/51x2UnVCMrL._AC_UY218_.jpg,2025-09-04T18:43:03.809787,Description non disponible depuis la recherche,Stock non disponible,ISBN non disponible,Éditeur non disponible,Date non disponible,Nombre de pages non disponible,Rang de vente non disponible,Biographies,56.0,,
Agatha All Along Tarot Deck and Guidebook,https://www.amazon.fr/Agatha-Along-Tarot-Deck-Guidebook/dp/B0DKVRRYDN/ref=sr_1_888,"28,84 €",Andrea Hannah,"4,4 sur 5 étoiles, détails de l’évaluation",160,Cartes,https://m.media-amazon.com/images/I/61Q8sqnzIYL._AC_UY218_.jpg,2025-09-04T18:43:03.812096,Description non disponible depuis la recherche,Stock non disponible,ISBN non disponible,Éditeur non disponible,Date non disponible,Nombre de pages non disponible,Rang de vente non disponible,Biographies,56.0,,
The Song of Achilles: A Novel (English Edition),https://www.amazon.fr/Song-Achilles-Novel-Madeline-Miller-ebook/dp/B006IE2IO8/ref=sr_1_889,"6,36 €",Madeline Miller,"4,6 sur 5 étoiles, détails de l’évaluation",112 859,Format Kindle,https://m.media-amazon.com/images/I/71u2rYjpD8L._AC_UY218_.jpg,2025-09-04T18:43:03.815867,Description non disponible depuis la recherche,Stock non disponible,ISBN non disponible,Éditeur non disponible,Date non disponible,Nombre de pages non disponible,Rang de vente non disponible,Biographies,56.0,,
"SHAÏTAN - Livre 1: 1912, La Conquête de La Mecque",https://www.amazon.fr/SHA%C3%8FTAN-Livre-1912-Conqu%C3%AAte-Mecque/dp/1068189509/ref=sr_1_890,"19,99 €",de Armand Bernardi | 22 août 2025,"4,8 sur 5 étoiles, détails de l’évaluation",9,Broché,https://m.media-amazon.com/images/I/719ae9yM2PL._AC_UY218_.jpg,2025-09-04T18:43:03.819357,Description non disponible depuis la recherche,Stock non disponible,ISBN non disponible,Éditeur non disponible,Date non disponible,Nombre de pages non disponible,Rang de vente non disponible,Biographies,56.0,,
Le Trône ardent T1 COLLECTOR: L'héritière de Jasad,https://www.amazon.fr/Lh%C3%A9riti%C3%A8re-Jasad-Sara-Hashem/dp/2385160439/ref=sr_1_893,"27,90 €",Sara Hashem,"4,5 sur 5 étoiles, détails de l’évaluation",43,Relié,https://m.media-amazon.com/images/I/81e8+0Bk5hL._AC_UY218_.jpg,2025-09-04T18:43:03.829310,Description non disponible depuis la recherche,Stock non disponible,ISBN non disponible,Éditeur non disponible,Date non disponible,Nombre de pages non disponible,Rang de vente non disponible,Biographies,56.0,,
Sur les rives de l'Art,https://www.amazon.fr/Sur-rives-lArt-Robin-Hobb/dp/2290403318/ref=sr_1_894,"9,80 €",Robin Hobb,"4,6 sur 5 étoiles, détails de l’évaluation",1 284,Poche,https://m.media-amazon.com/images/I/819VTtLUFcL._AC_UY218_.jpg,2025-09-04T18:43:03.832745,Description non disponible depuis la recherche,Stock non disponible,ISBN non disponible,Éditeur non disponible,Date non disponible,Nombre de pages non disponible,Rang de vente non disponible,Biographies,56.0,,
4 nouvelles de vampires,https://www.amazon.fr/4-nouvelles-vampires-Brodhag-gaelle/dp/B09Z61443P/ref=sr_1_895,"3,95 €",de Brodhag gaelle | 17 août 2022,"4,4 sur 5 étoiles, détails de l’évaluation",38,Broché,https://m.media-amazon.com/images/I/51Rxs4+E7iL._AC_UY218_.jpg,2025-09-04T18:43:03.836227,Description non disponible depuis la recherche,Stock non disponible,ISBN non disponible,Éditeur non disponible,Date non disponible,Nombre de pages non disponible,Rang de vente non disponible,Biographies,56.0,,
Où est Charlie ? – Agenda 2025-2026 – Avec des scènes de cherche-et-trouve – Dès 7 ans,https://www.amazon.fr/est-Charlie-2025-2026-cherche-trouve/dp/2324037270/ref=sr_1_896,"9,95 €",Martin Handford,"5,0 sur 5 étoiles, détails de l’évaluation",2,Relié,https://m.media-amazon.com/images/I/61AgZzeshwL._AC_UY218_.jpg,2025-09-04T18:43:03.838353,Description non disponible depuis la recherche,Stock non disponible,ISBN non disponible,Éditeur non disponible,Date non disponible,Nombre de pages non disponible,Rang de vente non disponible,Biographies,56.0,,
Le Grand Maître de la Cultivation Démoniaque 2 Relié: Mo Dao Zu Shi - Alternatif,https://www.amazon.fr/Grand-Ma%C3%AEtre-Cultivation-D%C3%A9moniaque-Reli%C3%A9/dp/B0BXCYTQ45/ref=sr_1_897,"29,99 €",Mo Xiang Tong-Xiu,"4,9 sur 5 étoiles, détails de l’évaluation",80,Relié,https://m.media-amazon.com/images/I/81Mno7UpWAL._AC_UY218_.jpg,2025-09-04T18:43:03.840454,Description non disponible depuis la recherche,Stock non disponible,ISBN non disponible,Éditeur non disponible,Date non disponible,Nombre de pages non disponible,Rang de vente non disponible,Biographies,56.0,,
Le Secret de la highlander: Une romance historique de voyage dans le temps en Écosse,https://www.amazon.fr/Secret-highlander-romance-historique-voyage/dp/9083185559/ref=sr_1_898,"14,99 €",Mariah Stone,"4,4 sur 5 étoiles, détails de l’évaluation",1 000,Broché,https://m.media-amazon.com/images/I/714ii5A9KVL._AC_UY218_.jpg,2025-09-04T18:43:03.843838,Description non disponible depuis la recherche,Stock non disponible,ISBN non disponible,Éditeur non disponible,Date non disponible,Nombre de pages non disponible,Rang de vente non disponible,Biographies,56.0,,
Le Sanctuaire des Vices - Tome 1 (1),https://www.amazon.fr/Sanctuaire-Vices-1/dp/2386900320/ref=sr_1_899,"23,00 €",Shay Carrot,Note non disponible,0 avis,Broché,https://m.media-amazon.com/images/I/61OhqjzlCNL._AC_UY218_.jpg,2025-09-04T18:43:03.846815,Description non disponible depuis la recherche,Stock non disponible,ISBN non disponible,Éditeur non disponible,Date non disponible,Nombre de pages non disponible,Rang de vente non disponible,Biographies,56.0,,
"La Malédiction des Dragons: Par-Delà la Brume, Vol. 1",https://www.amazon.fr/Mal%C3%A9diction-Dragons-Par-Del%C3%A0-Brume-Vol/dp/B0FHQCH2KF/ref=sr_1_900,"0,00 €",Livres audio Audible,"4,7 sur 5 étoiles, détails de l’évaluation",289,Livres audio Audible,https://m.media-amazon.com/images/I/81WcRMFirFL._AC_UY218_.jpg,2025-09-04T18:43:03.849593,Description non disponible depuis la recherche,Stock non disponible,ISBN non disponible,Éditeur non disponible,Date non disponible,Nombre de pages non disponible,Rang de vente non disponible,Biographies,56.0,,
Notre Révolution: De l'Ancien Régime à la Première République,https://www.amazon.fr/Notre-R%C3%A9volution-Guillaume-Mazeau/dp/2348069997/ref=sr_1_899,"23,00 €","de Guillaume Mazeau, Mathieu Dunhill, et al. | 15 mai 2025","3,6 sur 5 étoiles, détails de l’évaluation",3,Broché,https://m.media-amazon.com/images/I/615HayIGd5L._AC_UY218_.jpg,2025-09-04T18:43:14.985138,Description non disponible depuis la recherche,Stock non disponible,ISBN non disponible,Éditeur non disponible,Date non disponible,Nombre de pages non disponible,Rang de vente non disponible,Biographies,57.0,,
Les enfants de Hurin,https://www.amazon.fr/enfants-Hurin-Ronald-Reuel-Tolkien/dp/2267048515/ref=sr_1_900,"33,00 €",J. R. R. Tolkien,"4,8 sur 5 étoiles, détails de l’évaluation",21,Relié,https://m.media-amazon.com/images/I/817aM-cptLL._AC_UY218_.jpg,2025-09-04T18:43:14.987245,Description non disponible depuis la recherche,Stock non disponible,ISBN non disponible,Éditeur non disponible,Date non disponible,Nombre de pages non disponible,Rang de vente non disponible,Biographies,57.0,,
La Cité des Intercepteurs,https://www.amazon.fr/Cit%C3%A9-Intercepteurs-Dan-Abnett/dp/1836090110/ref=sr_1_901,"16,00 €",Dan Abnett,"4,8 sur 5 étoiles, détails de l’évaluation",28,Broché,https://m.media-amazon.com/images/I/716TW2B8DGL._AC_UY218_.jpg,2025-09-04T18:43:14.990092,Description non disponible depuis la recherche,Stock non disponible,ISBN non disponible,Éditeur non disponible,Date non disponible,Nombre de pages non disponible,Rang de vente non disponible,Biographies,57.0,,
Scholomance: Promotion funeste (2),https://www.amazon.fr/Scholomance-Promotion-funeste-Naomi-Novik/dp/2290380563/ref=sr_1_902,"8,60 €",Naomi Novik,"4,6 sur 5 étoiles, détails de l’évaluation",83,Poche,https://m.media-amazon.com/images/I/61ufGFYUoWL._AC_UY218_.jpg,2025-09-04T18:43:14.993668,Description non disponible depuis la recherche,Stock non disponible,ISBN non disponible,Éditeur non disponible,Date non disponible,Nombre de pages non disponible,Rang de vente non disponible,Biographies,57.0,,
"Yona, Princesse de l'Aube T40 Edition limitée",https://www.amazon.fr/Yona-Princesse-lAube-T40-limit%C3%A9e/dp/2811685154/ref=sr_1_903,"12,90 €",Mizuho Kusanagi,"4,7 sur 5 étoiles, détails de l’évaluation",93,Poche,https://m.media-amazon.com/images/I/81mwwAUjiOL._AC_UY218_.jpg,2025-09-04T18:43:14.996165,Description non disponible depuis la recherche,Stock non disponible,ISBN non disponible,Éditeur non disponible,Date non disponible,Nombre de pages non disponible,Rang de vente non disponible,Biographies,57.0,,
"Sharakhaï, T6 : Le Désert déchiré",https://www.amazon.fr/Sharakha%C3%AF-T6-Bradley-P-Beaulieu/dp/B0F327KFJJ/ref=sr_1_904,"9,95 €",Bradley P. Beaulieu,"4,6 sur 5 étoiles, détails de l’évaluation",41,Poche,https://m.media-amazon.com/images/I/81AMFbc7IzL._AC_UY218_.jpg,2025-09-04T18:43:14.999660,Description non disponible depuis la recherche,Stock non disponible,ISBN non disponible,Éditeur non disponible,Date non disponible,Nombre de pages non disponible,Rang de vente non disponible,Biographies,57.0,,
The Queen will rise,https://www.amazon.fr/Queen-will-rise-Marie-Niehoff/dp/2487412119/ref=sr_1_905,"20,99 €",Marie Niehoff,"4,5 sur 5 étoiles, détails de l’évaluation",20,Broché,https://m.media-amazon.com/images/I/71KJvc1BIXL._AC_UY218_.jpg,2025-09-04T18:43:15.002444,Description non disponible depuis la recherche,Stock non disponible,ISBN non disponible,Éditeur non disponible,Date non disponible,Nombre de pages non disponible,Rang de vente non disponible,Biographies,57.0,,
Un chant avec le duc des mers (édition reliée),https://www.amazon.fr/chant-avec-mers-%C3%A9dition-reli%C3%A9e/dp/2387032373/ref=sr_1_906,"25,95 €","de Elise Kova, Marion Curnier, et al. | 5 novembre 2025",Note non disponible,0 avis,Relié,https://m.media-amazon.com/images/I/815X4+kaGmL._AC_UY218_.jpg,2025-09-04T18:43:15.007290,Description non disponible depuis la recherche,Stock non disponible,ISBN non disponible,Éditeur non disponible,Date non disponible,Nombre de pages non disponible,Rang de vente non disponible,Biographies,57.0,,
Grandmaster of Demonic Cultivation: Mo Dao Zu Shi (The Comic / Manhua) Vol. 10,https://www.amazon.fr/Grandmaster-Demonic-Cultivation-Comic-Manhua/dp/B0DG22DQ6C/ref=sr_1_909,"18,13 €",Mo Xiang Tong Xiu,"5,0 sur 5 étoiles, détails de l’évaluation",2,Broché,https://m.media-amazon.com/images/I/8148W4zdPuL._AC_UY218_.jpg,2025-09-04T18:43:15.016789,Description non disponible depuis la recherche,Stock non disponible,ISBN non disponible,Éditeur non disponible,Date non disponible,Nombre de pages non disponible,Rang de vente non disponible,Biographies,57.0,,
La souche perdue: Les Chemins de Ji - Tome 2,https://www.amazon.fr/souche-perdue-Chemins-Ji/dp/B0FLYFC7FV/ref=sr_1_910,"0,00 €",Livres audio Audible,"4,0 sur 5 étoiles, détails de l’évaluation",1,Livres audio Audible,https://m.media-amazon.com/images/I/91Xfult6sVL._AC_UY218_.jpg,2025-09-04T18:43:15.019977,Description non disponible depuis la recherche,Stock non disponible,ISBN non disponible,Éditeur non disponible,Date non disponible,Nombre de pages non disponible,Rang de vente non disponible,Biographies,57.0,,
"Amari, Tome 03: Amari et les Merveilles interdites",https://www.amazon.fr/Amari-03-despicable-wonders/dp/B0CHRD1TTG/ref=sr_1_911,"16,90 €",B.B. ALSTON,"4,7 sur 5 étoiles, détails de l’évaluation",24,Broché,https://m.media-amazon.com/images/I/81d6uLQsX+L._AC_UY218_.jpg,2025-09-04T18:43:15.022887,Description non disponible depuis la recherche,Stock non disponible,ISBN non disponible,Éditeur non disponible,Date non disponible,Nombre de pages non disponible,Rang de vente non disponible,Biographies,57.0,,
Fae-Moi T'Oublier: romantasy moderne slow burn et seconde chance,https://www.amazon.fr/Fae-Moi-TOublier-Meg%C3%A4ra-Nolhan-ebook/dp/B0D9571Q4G/ref=sr_1_912,"0,00 €",Megära Nolhan,"4,8 sur 5 étoiles, détails de l’évaluation",399,Format Kindle,https://m.media-amazon.com/images/I/81cIyC5yfyL._AC_UY218_.jpg,2025-09-04T18:43:15.025782,Description non disponible depuis la recherche,Stock non disponible,ISBN non disponible,Éditeur non disponible,Date non disponible,Nombre de pages non disponible,Rang de vente non disponible,Biographies,57.0,,
Shadows of the Soul: Une romance paranormale au rythme effréné: French Edition (Cora Roberts: French Edition t. 2),https://www.amazon.fr/Shadows-Soul-romance-paranormale-effr%C3%A9n%C3%A9-ebook/dp/B0DTTF77Z4/ref=sr_1_913,Prix non disponible,Adaline Winters,"4,6 sur 5 étoiles, détails de l’évaluation",538,Format Kindle,https://m.media-amazon.com/images/I/81RKwUlyQ4L._AC_UY218_.jpg,2025-09-04T18:43:15.027873,Description non disponible depuis la recherche,Stock non disponible,ISBN non disponible,Éditeur non disponible,Date non disponible,Nombre de pages non disponible,Rang de vente non disponible,Biographies,57.0,,
"La Roue du Temps, T15 : Le Chemin des dagues - première partie",https://www.amazon.fr/Roue-Temps-T8-1-Chemin-premi%C3%A8re/dp/B08S2VRGHP/ref=sr_1_914,"7,90 €",Robert Jordan,"4,7 sur 5 étoiles, détails de l’évaluation",129,Poche,https://m.media-amazon.com/images/I/81uPG4wyZAL._AC_UY218_.jpg,2025-09-04T18:43:15.030113,Description non disponible depuis la recherche,Stock non disponible,ISBN non disponible,Éditeur non disponible,Date non disponible,Nombre de pages non disponible,Rang de vente non disponible,Biographies,57.0,,
Les Aventures du Pyro-Barbare et de Billy - Tome 2 La Corne des sables d'Ivoire,https://www.amazon.fr/Aventures-Pyro-Barbare-Billy-sables-dIvoire/dp/2494705126/ref=sr_1_915,"16,90 €",Bob Lennon,"4,8 sur 5 étoiles, détails de l’évaluation",30,Broché,https://m.media-amazon.com/images/I/71iNWZjK4xL._AC_UY218_.jpg,2025-09-04T18:43:15.032294,Description non disponible depuis la recherche,Stock non disponible,ISBN non disponible,Éditeur non disponible,Date non disponible,Nombre de pages non disponible,Rang de vente non disponible,Biographies,57.0,,
Légendes d'Ashur-Sîn - Tome 7 Naja,https://www.amazon.fr/L%C3%A9gendes-dAshur-S%C3%AEn-Naja-Anne-Robillard/dp/2749953529/ref=sr_1_916,"17,95 €",Anne Robillard,"4,8 sur 5 étoiles, détails de l’évaluation",173,Broché,https://m.media-amazon.com/images/I/71xuW+xOFkL._AC_UY218_.jpg,2025-09-04T18:43:15.035099,Description non disponible depuis la recherche,Stock non disponible,ISBN non disponible,Éditeur non disponible,Date non disponible,Nombre de pages non disponible,Rang de vente non disponible,Biographies,57.0,,
"La Roue du Temps, T19 : Le Carrefour du Crépuscule - première partie",https://www.amazon.fr/Roue-Temps-T10-1-Carrefour-Cr%C3%A9puscule/dp/B097XFC8SR/ref=sr_1_915,"8,95 €",Robert Jordan,"4,9 sur 5 étoiles, détails de l’évaluation",83,Poche,https://m.media-amazon.com/images/I/81k2mkXbopL._AC_UY218_.jpg,2025-09-04T18:43:24.903625,Description non disponible depuis la recherche,Stock non disponible,ISBN non disponible,Éditeur non disponible,Date non disponible,Nombre de pages non disponible,Rang de vente non disponible,Biographies,58.0,,
"Chair de poule , Tome 04: Prisonniers du miroir",https://www.amazon.fr/Chair-poule-04-Prisonniers-miroir/dp/B0C85GRRXX/ref=sr_1_916,"6,50 €",R.L Stine,"4,8 sur 5 étoiles, détails de l’évaluation",372,Broché,https://m.media-amazon.com/images/I/712w7yF+okL._AC_UY218_.jpg,2025-09-04T18:43:24.906659,Description non disponible depuis la recherche,Stock non disponible,ISBN non disponible,Éditeur non disponible,Date non disponible,Nombre de pages non disponible,Rang de vente non disponible,Biographies,58.0,,
"Curious Tides, T2 : D'autres cieux mystérieux (édition reliée)",https://www.amazon.fr/Curious-Tides-T2-Dautres-myst%C3%A9rieux/dp/2362315762/ref=sr_1_917,"27,95 €",Pascale Lacelle,"4,2 sur 5 étoiles, détails de l’évaluation",9,Relié,https://m.media-amazon.com/images/I/71l-zA+PIZL._AC_UY218_.jpg,2025-09-04T18:43:24.909890,Description non disponible depuis la recherche,Stock non disponible,ISBN non disponible,Éditeur non disponible,Date non disponible,Nombre de pages non disponible,Rang de vente non disponible,Biographies,58.0,,
La fraternité de l'anneau: Le seigneur des anneaux 1,https://www.amazon.fr/fraternit%C3%A9-lanneau-seigneur-anneaux/dp/B0791D8S6X/ref=sr_1_918,"0,00 €",Livres audio Audible,"4,7 sur 5 étoiles, détails de l’évaluation",1 349,Livres audio Audible,https://m.media-amazon.com/images/I/A1Oun4t4BbL._AC_UY218_.jpg,2025-09-04T18:43:24.913503,Description non disponible depuis la recherche,Stock non disponible,ISBN non disponible,Éditeur non disponible,Date non disponible,Nombre de pages non disponible,Rang de vente non disponible,Biographies,58.0,,
La fille de l'assassin,https://www.amazon.fr/fille-lassassin-Robin-Hobb/dp/2290403334/ref=sr_1_919,"9,00 €",Robin Hobb,"4,6 sur 5 étoiles, détails de l’évaluation",873,Poche,https://m.media-amazon.com/images/I/715Nb4kl8oL._AC_UY218_.jpg,2025-09-04T18:43:24.917238,Description non disponible depuis la recherche,Stock non disponible,ISBN non disponible,Éditeur non disponible,Date non disponible,Nombre de pages non disponible,Rang de vente non disponible,Biographies,58.0,,
Frank Herbert's Dune Saga Collection: Books 1 - 6 (English Edition),https://www.amazon.fr/Frank-Herberts-Dune-Saga-Collection-ebook/dp/B088QLJGZC/ref=sr_1_920,"19,99 €",Frank Herbert,"4,7 sur 5 étoiles, détails de l’évaluation",7 067,Format Kindle,https://m.media-amazon.com/images/I/81qT11TDDRL._AC_UY218_.jpg,2025-09-04T18:43:24.920922,Description non disponible depuis la recherche,Stock non disponible,ISBN non disponible,Éditeur non disponible,Date non disponible,Nombre de pages non disponible,Rang de vente non disponible,Biographies,58.0,,
Dévoreur d'hommes - Tome 01 (broché),https://www.amazon.fr/D%C3%A9voreur-dhommes-Nikki-St-Crowe/dp/2385661322/ref=sr_1_921,"17,90 €",Nikki St. Crowe,"4,8 sur 5 étoiles, détails de l’évaluation",29,Broché,https://m.media-amazon.com/images/I/71WtrvxFP1L._AC_UY218_.jpg,2025-09-04T18:43:24.924114,Description non disponible depuis la recherche,Stock non disponible,ISBN non disponible,Éditeur non disponible,Date non disponible,Nombre de pages non disponible,Rang de vente non disponible,Biographies,58.0,,
Légende: Drenaï,https://www.amazon.fr/L%C3%A9gende/dp/B01CUW0YFG/ref=sr_1_922,"0,00 €",Livres audio Audible,"4,6 sur 5 étoiles, détails de l’évaluation",799,Livres audio Audible,https://m.media-amazon.com/images/I/91LUkH5neYL._AC_UY218_.jpg,2025-09-04T18:43:24.927605,Description non disponible depuis la recherche,Stock non disponible,ISBN non disponible,Éditeur non disponible,Date non disponible,Nombre de pages non disponible,Rang de vente non disponible,Biographies,58.0,,
SARGANIA (Le cycle des Acmènes t. 2),https://www.amazon.fr/SARGANIA-montagnes-infranchissables-condition-commencer-ebook/dp/B08K1QJBM9/ref=sr_1_925,"19,90 €",Florent Bainier,"4,3 sur 5 étoiles, détails de l’évaluation",219,Format Kindle,https://m.media-amazon.com/images/I/71IrunwywxL._AC_UY218_.jpg,2025-09-04T18:43:24.936810,Description non disponible depuis la recherche,Stock non disponible,ISBN non disponible,Éditeur non disponible,Date non disponible,Nombre de pages non disponible,Rang de vente non disponible,Biographies,58.0,,
La Grâce d’un Loup: Livre 5,https://www.amazon.fr/Gr%C3%A2ce-dun-Loup-Livre-ebook/dp/B0FLDFNTRQ/ref=sr_1_926,"4,31 €",Lenaleia _,"5,0 sur 5 étoiles, détails de l’évaluation",2,Format Kindle,https://m.media-amazon.com/images/I/71dey6CSLbL._AC_UY218_.jpg,2025-09-04T18:43:24.938671,Description non disponible depuis la recherche,Stock non disponible,ISBN non disponible,Éditeur non disponible,Date non disponible,Nombre de pages non disponible,Rang de vente non disponible,Biographies,58.0,,
Le retour de Sahin - tome 2 (Romantasy),https://www.amazon.fr/retour-Sahin-2-Romantasy-ebook/dp/B0CPT3B8MB/ref=sr_1_927,"5,99 €",Maelle Poe,"4,8 sur 5 étoiles, détails de l’évaluation",310,Format Kindle,https://m.media-amazon.com/images/I/81VPGhhd4ML._AC_UY218_.jpg,2025-09-04T18:43:24.941318,Description non disponible depuis la recherche,Stock non disponible,ISBN non disponible,Éditeur non disponible,Date non disponible,Nombre de pages non disponible,Rang de vente non disponible,Biographies,58.0,,
Holly,https://www.amazon.fr/Holly-Stephen-King/dp/1668060701/ref=sr_1_928,"9,91 €",Stephen King,"4,5 sur 5 étoiles, détails de l’évaluation",40 276,Broché,https://m.media-amazon.com/images/I/815oQ6G6HDL._AC_UY218_.jpg,2025-09-04T18:43:24.945128,Description non disponible depuis la recherche,Stock non disponible,ISBN non disponible,Éditeur non disponible,Date non disponible,Nombre de pages non disponible,Rang de vente non disponible,Biographies,58.0,,
La Chasseuse et l'Alchimiste (édition reliée),https://www.amazon.fr/Chasseuse-lAlchimiste-Allison-Saft/dp/2362317102/ref=sr_1_929,"26,90 €",Allison Saft,"4,4 sur 5 étoiles, détails de l’évaluation",231,Relié,https://m.media-amazon.com/images/I/81G9QCmsFIL._AC_UY218_.jpg,2025-09-04T18:43:24.948754,Description non disponible depuis la recherche,Stock non disponible,ISBN non disponible,Éditeur non disponible,Date non disponible,Nombre de pages non disponible,Rang de vente non disponible,Biographies,58.0,,
Classic Tales of Horror,https://www.amazon.fr/Classic-Horror-Editors-Canterbury-Classics/dp/1626864659/ref=sr_1_930,"22,66 €",Reliure en cuir,"4,7 sur 5 étoiles, détails de l’évaluation",1 693,Reliure en cuir,https://m.media-amazon.com/images/I/81SmHi3nGqL._AC_UY218_.jpg,2025-09-04T18:43:24.951804,Description non disponible depuis la recherche,Stock non disponible,ISBN non disponible,Éditeur non disponible,Date non disponible,Nombre de pages non disponible,Rang de vente non disponible,Biographies,58.0,,
Sous le ciel brisé 6: Thriller d'horreur apocalyptique,https://www.amazon.fr/Sous-ciel-bris%C3%A9-Thriller-apocalyptique/dp/B0DZMSCJJN/ref=sr_1_931,"15,81 €",Nick Clausen,"4,5 sur 5 étoiles, détails de l’évaluation",134,Broché,https://m.media-amazon.com/images/I/717w3tqy+SL._AC_UY218_.jpg,2025-09-04T18:43:24.954199,Description non disponible depuis la recherche,Stock non disponible,ISBN non disponible,Éditeur non disponible,Date non disponible,Nombre de pages non disponible,Rang de vente non disponible,Biographies,58.0,,
Légendes d'Ashur-Sîn - Tome 5 Naroux,https://www.amazon.fr/L%C3%A9gendes-dAshur-S%C3%AEn-Naroux-Anne-Robillard/dp/2749953502/ref=sr_1_932,"16,95 €",Anne Robillard,"4,8 sur 5 étoiles, détails de l’évaluation",182,Broché,https://m.media-amazon.com/images/I/71L1gEO2emL._AC_UY218_.jpg,2025-09-04T18:43:24.957051,Description non disponible depuis la recherche,Stock non disponible,ISBN non disponible,Éditeur non disponible,Date non disponible,Nombre de pages non disponible,Rang de vente non disponible,Biographies,58.0,,
La nuit ravagée,https://www.amazon.fr/nuit-ravag%C3%A9e-Jean-Baptiste-Del-Amo-ebook/dp/B0DXQFMWS9/ref=sr_1_931,"14,99 €",Jean-Baptiste Del Amo,"3,7 sur 5 étoiles, détails de l’évaluation",92,Format Kindle,https://m.media-amazon.com/images/I/71pF-vr-l5L._AC_UY218_.jpg,2025-09-04T18:43:36.362649,Description non disponible depuis la recherche,Stock non disponible,ISBN non disponible,Éditeur non disponible,Date non disponible,Nombre de pages non disponible,Rang de vente non disponible,Biographies,59.0,,
"Agenda Scolaire 2025 2026 Animaux: Couverture Souple Loup Fantastique, Organiseur Scolaire 11 Mois de (Septembre 2025/Juillet 2026) pour Étudiants ... - Planificateur Journalier 1 Jour Par Page",https://www.amazon.fr/Agenda-Scolaire-2025-2026-Animaux/dp/B0FLF3WBD7/ref=sr_1_932,"11,99 €",HM- ABDE,"1,0 sur 5 étoiles, détails de l’évaluation",2,Broché,https://m.media-amazon.com/images/I/71QUIcP6eJL._AC_UY218_.jpg,2025-09-04T18:43:36.364548,Description non disponible depuis la recherche,Stock non disponible,ISBN non disponible,Éditeur non disponible,Date non disponible,Nombre de pages non disponible,Rang de vente non disponible,Biographies,59.0,,
The War of Two Queens (Blood And Ash Book 4) (English Edition),https://www.amazon.fr/War-Queens-Blood-Book-English-ebook/dp/B0992Y537S/ref=sr_1_933,"8,99 €",Jennifer L. Armentrout,"4,5 sur 5 étoiles, détails de l’évaluation",57 389,Format Kindle,https://m.media-amazon.com/images/I/91hjyV3WfoL._AC_UY218_.jpg,2025-09-04T18:43:36.368128,Description non disponible depuis la recherche,Stock non disponible,ISBN non disponible,Éditeur non disponible,Date non disponible,Nombre de pages non disponible,Rang de vente non disponible,Biographies,59.0,,
Le Sablier: La saga de Krosann Tome 3 (3/7),https://www.amazon.fr/Sablier-saga-Krosann-Sam-Feuerbach-ebook/dp/B0F5QCKJTY/ref=sr_1_934,"13,90 €",Sam Feuerbach,"4,7 sur 5 étoiles, détails de l’évaluation",61,Format Kindle,https://m.media-amazon.com/images/I/71UFfjsia9L._AC_UY218_.jpg,2025-09-04T18:43:36.370245,Description non disponible depuis la recherche,Stock non disponible,ISBN non disponible,Éditeur non disponible,Date non disponible,Nombre de pages non disponible,Rang de vente non disponible,Biographies,59.0,,
To Kill A Mockingbird,https://www.amazon.fr/Kill-Mockingbird-Harper-Lee/dp/0099419785/ref=sr_1_935,"6,99 €",Harper Lee,"4,6 sur 5 étoiles, détails de l’évaluation",139 261,Broché,https://m.media-amazon.com/images/I/51lVvSDLQJL._AC_UY218_.jpg,2025-09-04T18:43:36.374577,Description non disponible depuis la recherche,Stock non disponible,ISBN non disponible,Éditeur non disponible,Date non disponible,Nombre de pages non disponible,Rang de vente non disponible,Biographies,59.0,,
Le Fléau (Thrillers),https://www.amazon.fr/Fl%C3%A9au-Thrillers-Stephen-King-ebook/dp/B0154N94QS/ref=sr_1_936,"9,49 €",Stephen King,"4,5 sur 5 étoiles, détails de l’évaluation",792,Format Kindle,https://m.media-amazon.com/images/I/81WvfWhoZ3L._AC_UY218_.jpg,2025-09-04T18:43:36.377962,Description non disponible depuis la recherche,Stock non disponible,ISBN non disponible,Éditeur non disponible,Date non disponible,Nombre de pages non disponible,Rang de vente non disponible,Biographies,59.0,,
"Waylander, Tome 2: Waylander II : Dans le Royaume du loup (réédition 30 ans)",https://www.amazon.fr/Waylander-Dans-Royaume-loup-r%C3%A9%C3%A9dition/dp/2811213813/ref=sr_1_937,"8,90 €",David Gemmell,"4,6 sur 5 étoiles, détails de l’évaluation",392,Poche,https://m.media-amazon.com/images/I/819hh++Qe0L._AC_UY218_.jpg,2025-09-04T18:43:36.381275,Description non disponible depuis la recherche,Stock non disponible,ISBN non disponible,Éditeur non disponible,Date non disponible,Nombre de pages non disponible,Rang de vente non disponible,Biographies,59.0,,
La guerre des clans - Recueil de nouvelles inédites,https://www.amazon.fr/guerre-clans-Recueil-nouvelles-in%C3%A9dites/dp/226633090X/ref=sr_1_938,"8,30 €",Erin Hunter,"4,9 sur 5 étoiles, détails de l’évaluation",45,Poche,https://m.media-amazon.com/images/I/718uErKIQ0L._AC_UY218_.jpg,2025-09-04T18:43:36.383486,Description non disponible depuis la recherche,Stock non disponible,ISBN non disponible,Éditeur non disponible,Date non disponible,Nombre de pages non disponible,Rang de vente non disponible,Biographies,59.0,,
Le royaume des mensonges T2 : Un royaume si maudit,https://www.amazon.fr/royaume-mensonges-T2-maudit-ebook/dp/B0DVH273TV/ref=sr_1_941,"9,99 €",Stacia Stark,"4,6 sur 5 étoiles, détails de l’évaluation",65,Format Kindle,https://m.media-amazon.com/images/I/71qZddQFlpL._AC_UY218_.jpg,2025-09-04T18:43:36.392784,Description non disponible depuis la recherche,Stock non disponible,ISBN non disponible,Éditeur non disponible,Date non disponible,Nombre de pages non disponible,Rang de vente non disponible,Biographies,59.0,,
"Fureur: Le Livre des Terres Bannies, T4",https://www.amazon.fr/Fureur-Livre-Terres-Bannies-T4-ebook/dp/B0DPJ7HQ43/ref=sr_1_942,"14,99 €",John Gwynne,"4,8 sur 5 étoiles, détails de l’évaluation",83,Format Kindle,https://m.media-amazon.com/images/I/81EzRbPzqRL._AC_UY218_.jpg,2025-09-04T18:43:36.396160,Description non disponible depuis la recherche,Stock non disponible,ISBN non disponible,Éditeur non disponible,Date non disponible,Nombre de pages non disponible,Rang de vente non disponible,Biographies,59.0,,
The Crown of Gilded Bones (Blood And Ash Book 3) (English Edition),https://www.amazon.fr/Crown-Gilded-Bones-Blood-English-ebook/dp/B08NS24X2T/ref=sr_1_943,"8,99 €",Jennifer L. Armentrout,"4,6 sur 5 étoiles, détails de l’évaluation",65 594,Format Kindle,https://m.media-amazon.com/images/I/91S9bVaGPpL._AC_UY218_.jpg,2025-09-04T18:43:36.399734,Description non disponible depuis la recherche,Stock non disponible,ISBN non disponible,Éditeur non disponible,Date non disponible,Nombre de pages non disponible,Rang de vente non disponible,Biographies,59.0,,
Magie d'ombres et d'écumes: L'intégrale de La Coureuse des grèves,https://www.amazon.fr/Magie-dombres-d%C3%A9cumes-Lint%C3%A9grale-Coureuse-ebook/dp/B0DVRSNN66/ref=sr_1_944,"38,25 €",Mélanie Dufresne,"4,6 sur 5 étoiles, détails de l’évaluation",113,Format Kindle,https://m.media-amazon.com/images/I/71fedn0P5PL._AC_UY218_.jpg,2025-09-04T18:43:36.401862,Description non disponible depuis la recherche,Stock non disponible,ISBN non disponible,Éditeur non disponible,Date non disponible,Nombre de pages non disponible,Rang de vente non disponible,Biographies,59.0,,
The Disabled Tyrant's Beloved Pet Fish: Canji Baojun De Zhangxin Yu Chong (Novel) Vol. 2,https://www.amazon.fr/Disabled-Tyrants-Beloved-Pet-Fish/dp/B0CX8KC7F4/ref=sr_1_945,"18,00 €",Xue Shan Fei Hu,"4,8 sur 5 étoiles, détails de l’évaluation",621,Broché,https://m.media-amazon.com/images/I/81kfk6DVp9L._AC_UY218_.jpg,2025-09-04T18:43:36.405000,Description non disponible depuis la recherche,Stock non disponible,ISBN non disponible,Éditeur non disponible,Date non disponible,Nombre de pages non disponible,Rang de vente non disponible,Biographies,59.0,,
"Vers les étoiles (Skyward, Tome 1)",https://www.amazon.fr/Vers-%C3%A9toiles-Skyward-Brandon-Sanderson/dp/2253106909/ref=sr_1_946,"10,90 €",Brandon Sanderson,"Vers les étoiles (Skyward, Tome 1)",422,Poche,https://m.media-amazon.com/images/I/819LdzjDrZL._AC_UY218_.jpg,2025-09-04T18:43:36.408403,Description non disponible depuis la recherche,Stock non disponible,ISBN non disponible,Éditeur non disponible,Date non disponible,Nombre de pages non disponible,Rang de vente non disponible,Biographies,59.0,,
"Tête de mort : Agenda scolaire 2025-2026 Journalier 1 jour par page Petit format 12x17 cm - Skull, Gothique, Roses rouges: CM2, collège, lycée, étudiant | Rock Metal | Original",https://www.amazon.fr/T%C3%AAte-mort-scolaire-2025-2026-Journalier/dp/B0F7G4JK7C/ref=sr_1_947,"13,99 €",Carole Lamby,"4,0 sur 5 étoiles, détails de l’évaluation",1,Broché,https://m.media-amazon.com/images/I/71t3z8vCGqL._AC_UY218_.jpg,2025-09-04T18:43:36.410498,Description non disponible depuis la recherche,Stock non disponible,ISBN non disponible,Éditeur non disponible,Date non disponible,Nombre de pages non disponible,Rang de vente non disponible,Biographies,59.0,,
Impitoyables Serments (relié) - Tome 02 Divines Rivalités,https://www.amazon.fr/Impitoyables-Serments-reli%C3%A9-Divines-Rivalit%C3%A9s/dp/2378765916/ref=sr_1_948,"26,90 €",Rebecca Ross,"4,5 sur 5 étoiles, détails de l’évaluation",67,Relié,https://m.media-amazon.com/images/I/81pqtMX25CL._AC_UY218_.jpg,2025-09-04T18:43:36.413887,Description non disponible depuis la recherche,Stock non disponible,ISBN non disponible,Éditeur non disponible,Date non disponible,Nombre de pages non disponible,Rang de vente non disponible,Biographies,59.0,,
"La pierre des exilés, tome 1: Larmes de sang",https://www.amazon.fr/pierre-exil%C3%A9s-Larmes-sang/dp/295995520X/ref=sr_1_947,"15,90 €",Damien Letellier,"4,8 sur 5 étoiles, détails de l’évaluation",17,Broché,https://m.media-amazon.com/images/I/81bSCrv0pvL._AC_UY218_.jpg,2025-09-04T18:43:46.675171,Description non disponible depuis la recherche,Stock non disponible,ISBN non disponible,Éditeur non disponible,Date non disponible,Nombre de pages non disponible,Rang de vente non disponible,Biographies,60.0,,
Le livre des Damnés,https://www.amazon.fr/livre-Damn%C3%A9s-L%C3%A9a-Samson/dp/2958403831/ref=sr_1_948,"18,00 €",Léa Samson,"4,6 sur 5 étoiles, détails de l’évaluation",45,Broché,https://m.media-amazon.com/images/I/71HVWpOvctL._AC_UY218_.jpg,2025-09-04T18:43:46.677273,Description non disponible depuis la recherche,Stock non disponible,ISBN non disponible,Éditeur non disponible,Date non disponible,Nombre de pages non disponible,Rang de vente non disponible,Biographies,60.0,,
Chroniques du chevalier errant: 90 ans avant Le Trône de fer,https://www.amazon.fr/Chroniques-chevalier-errant-avant-Thrones/dp/2756411159/ref=sr_1_949,"17,90 €",George R.R. Martin,"4,5 sur 5 étoiles, détails de l’évaluation",761,Broché,https://m.media-amazon.com/images/I/71v9tLLkr-L._AC_UY218_.jpg,2025-09-04T18:43:46.680342,Description non disponible depuis la recherche,Stock non disponible,ISBN non disponible,Éditeur non disponible,Date non disponible,Nombre de pages non disponible,Rang de vente non disponible,Biographies,60.0,,
Ça: Ça - Tome 1,https://www.amazon.fr/Audible-%C3%87a-Tome-1/dp/B0DXVR1RLC/ref=sr_1_950,"0,00 €",Livres audio Audible,"4,5 sur 5 étoiles, détails de l’évaluation",1 248,Livres audio Audible,https://m.media-amazon.com/images/I/91Z39ZgWsvL._AC_UY218_.jpg,2025-09-04T18:43:46.683549,Description non disponible depuis la recherche,Stock non disponible,ISBN non disponible,Éditeur non disponible,Date non disponible,Nombre de pages non disponible,Rang de vente non disponible,Biographies,60.0,,
"L'Ere du Dragon, l'histoire des Targaryen",https://www.amazon.fr/Dragon-lhistoire-Targaryen-Martin-George/dp/2364808731/ref=sr_1_951,"45,00 €","de Martin George R.R., Antonsson Linda, et al. | 28 octobre 2022","4,7 sur 5 étoiles, détails de l’évaluation",128,Broché,https://m.media-amazon.com/images/I/91b-My9smrL._AC_UY218_.jpg,2025-09-04T18:43:46.686360,Description non disponible depuis la recherche,Stock non disponible,ISBN non disponible,Éditeur non disponible,Date non disponible,Nombre de pages non disponible,Rang de vente non disponible,Biographies,60.0,,
Les dieux du chaos: Fae de Sel et de Sang 3,https://www.amazon.fr/dieux-chaos-Fae-Sel-Sang/dp/B0DKTG38XK/ref=sr_1_952,"0,00 €",Livres audio Audible,"4,7 sur 5 étoiles, détails de l’évaluation",1 084,Livres audio Audible,https://m.media-amazon.com/images/I/81bKIvFrG4L._AC_UY218_.jpg,2025-09-04T18:43:46.689188,Description non disponible depuis la recherche,Stock non disponible,ISBN non disponible,Éditeur non disponible,Date non disponible,Nombre de pages non disponible,Rang de vente non disponible,Biographies,60.0,,
La dernière couronne: Romance fantasy enemies to lovers (Fae de Sel et de Sang t. 1),https://www.amazon.fr/derni%C3%A8re-couronne-Romance-fantasy-enemies-ebook/dp/B0C3RCJ4HC/ref=sr_1_953,"17,00 €",Eulalie Lombard,"4,7 sur 5 étoiles, détails de l’évaluation",1 609,Format Kindle,https://m.media-amazon.com/images/I/91N6wBW5ohL._AC_UY218_.jpg,2025-09-04T18:43:46.692272,Description non disponible depuis la recherche,Stock non disponible,ISBN non disponible,Éditeur non disponible,Date non disponible,Nombre de pages non disponible,Rang de vente non disponible,Biographies,60.0,,
"Le Seigneur des Anneaux, III: Le retour du Roi",https://www.amazon.fr/Seigneur-Anneaux-III-retour-Roi/dp/2073114172/ref=sr_1_954,"11,10 €",J. R. R. Tolkien,"4,0 sur 5 étoiles, détails de l’évaluation",2,Poche,https://m.media-amazon.com/images/I/81BR5SaDYZL._AC_UY218_.jpg,2025-09-04T18:43:46.694529,Description non disponible depuis la recherche,Stock non disponible,ISBN non disponible,Éditeur non disponible,Date non disponible,Nombre de pages non disponible,Rang de vente non disponible,Biographies,60.0,,
Légendes d'Ashur-Sîn - Tome 3 Dingirsigs,https://www.amazon.fr/L%C3%A9gendes-dAshur-S%C3%AEn-Dingirsigs-Anne-Robillard/dp/2749949904/ref=sr_1_957,"16,95 €",Anne Robillard,"4,8 sur 5 étoiles, détails de l’évaluation",203,Broché,https://m.media-amazon.com/images/I/71Y9611w0yL._AC_UY218_.jpg,2025-09-04T18:43:46.703621,Description non disponible depuis la recherche,Stock non disponible,ISBN non disponible,Éditeur non disponible,Date non disponible,Nombre de pages non disponible,Rang de vente non disponible,Biographies,60.0,,
"Chair de poule , Tome 08: Terreur au collège",https://www.amazon.fr/Chair-poule-08-Terreur-coll%C3%A8ge/dp/B0C85GLJPQ/ref=sr_1_958,"6,50 €",Oriol Vidal,"4,6 sur 5 étoiles, détails de l’évaluation",90,Broché,https://m.media-amazon.com/images/I/71G+45Hh26L._AC_UY218_.jpg,2025-09-04T18:43:46.706644,Description non disponible depuis la recherche,Stock non disponible,ISBN non disponible,Éditeur non disponible,Date non disponible,Nombre de pages non disponible,Rang de vente non disponible,Biographies,60.0,,
The Serpent and the Wings of Night (Crowns of Nyaxia Book 1) (English Edition),https://www.amazon.fr/Serpent-Wings-Crowns-Nyaxia-English-ebook/dp/B09WRJJKXC/ref=sr_1_959,"12,12 €",Carissa Broadbent,"4,5 sur 5 étoiles, détails de l’évaluation",142 316,Format Kindle,https://m.media-amazon.com/images/I/81Q9HHg+uwL._AC_UY218_.jpg,2025-09-04T18:43:46.709829,Description non disponible depuis la recherche,Stock non disponible,ISBN non disponible,Éditeur non disponible,Date non disponible,Nombre de pages non disponible,Rang de vente non disponible,Biographies,60.0,,
La Possession du Manoir Blackstone: Royaume Ténébreux Tome 2,https://www.amazon.fr/Possession-Manoir-Blackstone-Royaume-T%C3%A9n%C3%A9breux/dp/B0FGW5B8FB/ref=sr_1_960,"15,81 €",Augustine Pierce,"4,5 sur 5 étoiles, détails de l’évaluation",12,Broché,https://m.media-amazon.com/images/I/71EkVvPfR0L._AC_UY218_.jpg,2025-09-04T18:43:46.712176,Description non disponible depuis la recherche,Stock non disponible,ISBN non disponible,Éditeur non disponible,Date non disponible,Nombre de pages non disponible,Rang de vente non disponible,Biographies,60.0,,
MAGISCHE GUTE-NACHT-GESCHICHTEN FÜR KINDER: 30 ungewöhnliche fiktive und futuristische Gute-Nacht-Geschichten für kreative kleine Träumer (German Edition),https://www.amazon.fr/MAGISCHE-GUTE-NACHT-GESCHICHTEN-KINDER-ungew%C3%B6hnliche-Gute-Nacht-Geschichten-ebook/dp/B0F3W8DKXS/ref=sr_1_961,"31,64 €",Édition en Allemand | de Markus Vogl | 10 juin 2025,"5,0 sur 5 étoiles, détails de l’évaluation",2,Format Kindle,https://m.media-amazon.com/images/I/81ZMqwTbvbL._AC_UY218_.jpg,2025-09-04T18:43:46.715456,Description non disponible depuis la recherche,Stock non disponible,ISBN non disponible,Éditeur non disponible,Date non disponible,Nombre de pages non disponible,Rang de vente non disponible,Biographies,60.0,,
Mate: From the bestselling author of Bride and The Love Hypothesis (English Edition),https://www.amazon.fr/Mate-bestselling-author-Hypothesis-English-ebook/dp/B0DY4P9Q4Q/ref=sr_1_962,"5,99 €",Ali Hazelwood,Note non disponible,0 avis,Format Kindle,https://m.media-amazon.com/images/I/71gGKPOYi+L._AC_UY218_.jpg,2025-09-04T18:43:46.719541,Description non disponible depuis la recherche,Stock non disponible,ISBN non disponible,Éditeur non disponible,Date non disponible,Nombre de pages non disponible,Rang de vente non disponible,Biographies,60.0,,
"Harry Potter and the Order of the Phoenix, Book 5",https://www.amazon.fr/Harry-Potter-Order-Phoenix-Book/dp/B01CV4L9AW/ref=sr_1_963,"0,00 €",Livres audio Audible,"4,8 sur 5 étoiles, détails de l’évaluation",89 415,Livres audio Audible,https://m.media-amazon.com/images/I/91gBAzmF3mL._AC_UY218_.jpg,2025-09-04T18:43:46.722536,Description non disponible depuis la recherche,Stock non disponible,ISBN non disponible,Éditeur non disponible,Date non disponible,Nombre de pages non disponible,Rang de vente non disponible,Biographies,60.0,,
The Book of Azrael: Don't miss BookTok's new dark romantasy obsession!! (Gods and Monsters 1) (English Edition),https://www.amazon.fr/Book-Azrael-BookToks-romantasy-obsession-ebook/dp/B0CKLCW89Q/ref=sr_1_964,"6,49 €",Amber V. Nicole,"4,4 sur 5 étoiles, détails de l’évaluation",36 678,Format Kindle,https://m.media-amazon.com/images/I/81SouMwvB0L._AC_UY218_.jpg,2025-09-04T18:43:46.726141,Description non disponible depuis la recherche,Stock non disponible,ISBN non disponible,Éditeur non disponible,Date non disponible,Nombre de pages non disponible,Rang de vente non disponible,Biographies,60.0,,
"Guide Ultime de Metal Gear Solid Delta : Snake Eater: Solution Complète avec Tous les Objets de Collection, Stratégies de Boss et Conseils d’Expert",https://www.amazon.fr/Guide-Ultime-Metal-Solid-Delta/dp/B0FP9M7ND6/ref=sr_1_490,"16,87 €",de Marcus  J. Nate et Anonymous Anonymous | 30 août 2025,Note non disponible,0 avis,Broché,https://m.media-amazon.com/images/I/615tognoX6L._AC_UY218_.jpg,2025-09-04T18:40:50.474995,Description non disponible depuis la recherche,Stock non disponible,ISBN non disponible,Éditeur non disponible,Date non disponible,Nombre de pages non disponible,Rang de vente non disponible,Biographies,31.0,,
Simetierre,https://www.amazon.fr/Simetierre/dp/B07VGN4Y21/ref=sr_1_518,"0,00 €",Livres audio Audible,"4,5 sur 5 étoiles, détails de l’évaluation",1 277,Livres audio Audible,https://m.media-amazon.com/images/I/81kNfxTIbIL._AC_UY218_.jpg,2025-09-04T18:41:11.302628,Description non disponible depuis la recherche,Stock non disponible,ISBN non disponible,Éditeur non disponible,Date non disponible,Nombre de pages non disponible,Rang de vente non disponible,Biographies,33.0,,
ハリー・ポッタ: シリーズ全7巻: Harry Potter: The Complete Collection ハリー・ポッタ (Harry Potter) (Japanese Edition),https://www.amazon.fr/Harry-Potter-%E3%82%B7%E3%83%AA%E3%83%BC%E3%82%BA%E5%85%A87%E5%B7%BB-J-K-Rowling-ebook/dp/B01B6RN6IS/ref=sr_1_622,"57,99 €",Édition en Japonais | de J.K. Rowling et ゆうこ まつおか | 28 janvier 2016,"4,6 sur 5 étoiles, détails de l’évaluation",1 022,Format Kindle,https://m.media-amazon.com/images/I/81eu2fB762L._AC_UY218_.jpg,2025-09-04T18:42:10.329168,Description non disponible depuis la recherche,Stock non disponible,ISBN non disponible,Éditeur non disponible,Date non disponible,Nombre de pages non disponible,Rang de vente non disponible,Biographies,39.0,,
Greatest Hits,https://www.amazon.fr/Greatest-Hits-Harlan-Ellison/dp/1454953373/ref=sr_1_623,"18,06 €",Harlan Ellison,"4,6 sur 5 étoiles, détails de l’évaluation",664,Broché,https://m.media-amazon.com/images/I/91JOX5khnFL._AC_UY218_.jpg,2025-09-04T18:42:10.333133,Description non disponible depuis la recherche,Stock non disponible,ISBN non disponible,Éditeur non disponible,Date non disponible,Nombre de pages non disponible,Rang de vente non disponible,Biographies,39.0,,
La Déesse des Myrnes: La saga de Krosann Tome 4 (4/7),https://www.amazon.fr/D%C3%A9esse-Myrnes-saga-Krosann-ebook/dp/B0FLJBWBMN/ref=sr_1_624,"13,90 €",Sam Feuerbach,"4,7 sur 5 étoiles, détails de l’évaluation",23,Format Kindle,https://m.media-amazon.com/images/I/714kABjEmaL._AC_UY218_.jpg,2025-09-04T18:42:10.335213,Description non disponible depuis la recherche,Stock non disponible,ISBN non disponible,Éditeur non disponible,Date non disponible,Nombre de pages non disponible,Rang de vente non disponible,Biographies,39.0,,
The Devils (English Edition),https://www.amazon.fr/Devils-English-Joe-Abercrombie-ebook/dp/B0D3CB76TV/ref=sr_1_625,"12,99 €",Joe Abercrombie,"4,6 sur 5 étoiles, détails de l’évaluation",5 619,Format Kindle,https://m.media-amazon.com/images/I/71VpzEZckjL._AC_UY218_.jpg,2025-09-04T18:42:10.338631,Description non disponible depuis la recherche,Stock non disponible,ISBN non disponible,Éditeur non disponible,Date non disponible,Nombre de pages non disponible,Rang de vente non disponible,Biographies,39.0,,
Pour toujours destinée: Contrainte,https://www.amazon.fr/Pour-toujours-destin%C3%A9e-Marie-Povie/dp/B0FKC3GYBM/ref=sr_1_626,"18,88 €",Marie Povie,"4,6 sur 5 étoiles, détails de l’évaluation",18,Broché,https://m.media-amazon.com/images/I/71mZ-SpHD9L._AC_UY218_.jpg,2025-09-04T18:42:10.340770,Description non disponible depuis la recherche,Stock non disponible,ISBN non disponible,Éditeur non disponible,Date non disponible,Nombre de pages non disponible,Rang de vente non disponible,Biographies,39.0,,
Hunger Games Collector : La ballade du serpent et de l'oiseau chanteur,https://www.amazon.fr/Hunger-Games-Collector-ballade-chanteur/dp/2266346040/ref=sr_1_627,"25,00 €",Suzanne Collins,"4,6 sur 5 étoiles, détails de l’évaluation",27,Relié,https://m.media-amazon.com/images/I/61NspxnhHKL._AC_UY218_.jpg,2025-09-04T18:42:10.342974,Description non disponible depuis la recherche,Stock non disponible,ISBN non disponible,Éditeur non disponible,Date non disponible,Nombre de pages non disponible,Rang de vente non disponible,Biographies,39.0,,
Bob Morane - Les Mangeurs d'Atomes: Tome 045,https://www.amazon.fr/Bob-Morane-Mangeurs-dAtomes-045/dp/B0FP1CV9JL/ref=sr_1_628,"14,88 €","de Henri Vernes, Les Editions Ananke, et al. | 27 août 2025","5,0 sur 5 étoiles, détails de l’évaluation",1,Broché,https://m.media-amazon.com/images/I/61jLcIs0YCL._AC_UY218_.jpg,2025-09-04T18:42:10.345929,Description non disponible depuis la recherche,Stock non disponible,ISBN non disponible,Éditeur non disponible,Date non disponible,Nombre de pages non disponible,Rang de vente non disponible,Biographies,39.0,,
Les légendes de Thezmarr T3 : Le destin et la fureur,https://www.amazon.fr/l%C3%A9gendes-Thezmarr-T3-destin-fureur-ebook/dp/B0D3B2FTFL/ref=sr_1_627,"9,99 €",Helen Scheuerer,"4,6 sur 5 étoiles, détails de l’évaluation",128,Format Kindle,https://m.media-amazon.com/images/I/81Sqb4M9CiL._AC_UY218_.jpg,2025-09-04T18:42:20.351792,Description non disponible depuis la recherche,Stock non disponible,ISBN non disponible,Éditeur non disponible,Date non disponible,Nombre de pages non disponible,Rang de vente non disponible,Biographies,40.0,,
Le Grand Maître de la Cultivation Démoniaque 1 Relié: Mo Dao Zu Shi - Alternatif,https://www.amazon.fr/Grand-Ma%C3%AEtre-Cultivation-D%C3%A9moniaque-Reli%C3%A9/dp/B0BHS4D6QG/ref=sr_1_628,"29,90 €",Mo Xiang Tong-Xiu,"4,8 sur 5 étoiles, détails de l’évaluation",282,Relié,https://m.media-amazon.com/images/I/61Yz+rMNznL._AC_UY218_.jpg,2025-09-04T18:42:20.355450,Description non disponible depuis la recherche,Stock non disponible,ISBN non disponible,Éditeur non disponible,Date non disponible,Nombre de pages non disponible,Rang de vente non disponible,Biographies,40.0,,
The God of Small Things,https://www.amazon.fr/God-Small-Things-Arundhati-Roy/dp/0006550681/ref=sr_1_629,"11,50 €",Arundhati Roy,"4,4 sur 5 étoiles, détails de l’évaluation",16 082,Broché,https://m.media-amazon.com/images/I/819dO0qAxeL._AC_UY218_.jpg,2025-09-04T18:42:20.359363,Description non disponible depuis la recherche,Stock non disponible,ISBN non disponible,Éditeur non disponible,Date non disponible,Nombre de pages non disponible,Rang de vente non disponible,Biographies,40.0,,
Pas seuls,https://www.amazon.fr/Pas-seuls-Craig-Falconer-ebook/dp/B0FCNTY65J/ref=sr_1_630,"19,99 €",Craig A. Falconer,"3,6 sur 5 étoiles, détails de l’évaluation",59,Format Kindle,https://m.media-amazon.com/images/I/71YaCFl6vjL._AC_UY218_.jpg,2025-09-04T18:42:20.361415,Description non disponible depuis la recherche,Stock non disponible,ISBN non disponible,Éditeur non disponible,Date non disponible,Nombre de pages non disponible,Rang de vente non disponible,Biographies,40.0,,
La Maison hantée,https://www.amazon.fr/Maison-hant%C3%A9e-Shirley-Jackson/dp/2743637986/ref=sr_1_631,"8,70 €",Shirley Jackson,"4,2 sur 5 étoiles, détails de l’évaluation",392,Poche,https://m.media-amazon.com/images/I/4111qam7d1L._AC_UY218_.jpg,2025-09-04T18:42:20.364467,Description non disponible depuis la recherche,Stock non disponible,ISBN non disponible,Éditeur non disponible,Date non disponible,Nombre de pages non disponible,Rang de vente non disponible,Biographies,40.0,,
Le fil du destin - Livre 01 Le Dieu et la Gumiho (relié collector),https://www.amazon.fr/fil-destin-Livre-Gumiho-collector/dp/2385601303/ref=sr_1_632,"24,90 €",Sophie Kim,"4,8 sur 5 étoiles, détails de l’évaluation",14,Relié,https://m.media-amazon.com/images/I/61jGofHaK+L._AC_UY218_.jpg,2025-09-04T18:42:20.367956,Description non disponible depuis la recherche,Stock non disponible,ISBN non disponible,Éditeur non disponible,Date non disponible,Nombre de pages non disponible,Rang de vente non disponible,Biographies,40.0,,
Siege of Terra Collection I,https://www.amazon.fr/Siege-Terra-Collection-Monsieur-French/dp/1804078123/ref=sr_1_633,"25,00 €",Guy Haley,"3,6 sur 5 étoiles, détails de l’évaluation",20,Broché,https://m.media-amazon.com/images/I/51c8-Agfp7L._AC_UY218_.jpg,2025-09-04T18:42:20.370736,Description non disponible depuis la recherche,Stock non disponible,ISBN non disponible,Éditeur non disponible,Date non disponible,Nombre de pages non disponible,Rang de vente non disponible,Biographies,40.0,,
From Blood and Ash (English Edition),https://www.amazon.fr/Blood-Ash-English-Jennifer-Armentrout-ebook/dp/B086JMSSVH/ref=sr_1_634,"8,99 €",Jennifer L. Armentrout,"4,6 sur 5 étoiles, détails de l’évaluation",89 752,Format Kindle,https://m.media-amazon.com/images/I/81A-LrD-RSL._AC_UY218_.jpg,2025-09-04T18:42:20.374579,Description non disponible depuis la recherche,Stock non disponible,ISBN non disponible,Éditeur non disponible,Date non disponible,Nombre de pages non disponible,Rang de vente non disponible,Biographies,40.0,,
Percy Jackson - Tome 1: Le voleur de foudre,https://www.amazon.fr/Percy-Jackson-1-voleur-foudre/dp/2019109956/ref=sr_1_637,"7,90 €",Rick Riordan,"4,6 sur 5 étoiles, détails de l’évaluation",2 516,Poche,https://m.media-amazon.com/images/I/816xbkCic4L._AC_UY218_.jpg,2025-09-04T18:42:20.384955,Description non disponible depuis la recherche,Stock non disponible,ISBN non disponible,Éditeur non disponible,Date non disponible,Nombre de pages non disponible,Rang de vente non disponible,Biographies,40.0,,
The Dragon Republic,https://www.amazon.fr/Dragon-Republic-R-F-Kuang/dp/0008239894/ref=sr_1_638,"12,12 €",R.F. Kuang,"4,5 sur 5 étoiles, détails de l’évaluation",13 259,Broché,https://m.media-amazon.com/images/I/71cJD+suKLL._AC_UY218_.jpg,2025-09-04T18:42:20.388694,Description non disponible depuis la recherche,Stock non disponible,ISBN non disponible,Éditeur non disponible,Date non disponible,Nombre de pages non disponible,Rang de vente non disponible,Biographies,40.0,,
Le prieuré de l'oranger: Partie I,https://www.amazon.fr/prieur%C3%A9-loranger-Partie-I/dp/B0F75XVNMJ/ref=sr_1_639,"0,00 €",Livres audio Audible,"4,6 sur 5 étoiles, détails de l’évaluation",635,Livres audio Audible,https://m.media-amazon.com/images/I/91EXUR6VmLL._AC_UY218_.jpg,2025-09-04T18:42:20.392244,Description non disponible depuis la recherche,Stock non disponible,ISBN non disponible,Éditeur non disponible,Date non disponible,Nombre de pages non disponible,Rang de vente non disponible,Biographies,40.0,,
Escape Game Horreur: Le livre d'énigmes interactif pour tous les adultes fans d'horreur et d'enquêtes criminelles à résoudre,https://www.amazon.fr/Escape-Game-Horreur-interactif-criminelles/dp/2487277475/ref=sr_1_640,"16,99 €",SOLV,"4,4 sur 5 étoiles, détails de l’évaluation",45,Broché,https://m.media-amazon.com/images/I/71lSx6Hf6ML._AC_UY218_.jpg,2025-09-04T18:42:20.394531,Description non disponible depuis la recherche,Stock non disponible,ISBN non disponible,Éditeur non disponible,Date non disponible,Nombre de pages non disponible,Rang de vente non disponible,Biographies,40.0,,
Never Flinch: From the No. 1 Bestselling author of HOLLY (English Edition),https://www.amazon.fr/Never-Flinch-Bestselling-author-English-ebook/dp/B0DMT7GQ7D/ref=sr_1_641,"13,99 €",Stephen King,"4,4 sur 5 étoiles, détails de l’évaluation",13 758,Format Kindle,https://m.media-amazon.com/images/I/81NhM7UJaWL._AC_UY218_.jpg,2025-09-04T18:42:20.398085,Description non disponible depuis la recherche,Stock non disponible,ISBN non disponible,Éditeur non disponible,Date non disponible,Nombre de pages non disponible,Rang de vente non disponible,Biographies,40.0,,
Accords Malsains (Dark Romance),https://www.amazon.fr/Accords-Malsains-Dark-Romance-Carrot/dp/B096CRK3ZT/ref=sr_1_642,"18,99 €",Shay Carrot,"4,2 sur 5 étoiles, détails de l’évaluation",3 033,Broché,https://m.media-amazon.com/images/I/815gMF9YpES._AC_UY218_.jpg,2025-09-04T18:42:20.400483,Description non disponible depuis la recherche,Stock non disponible,ISBN non disponible,Éditeur non disponible,Date non disponible,Nombre de pages non disponible,Rang de vente non disponible,Biographies,40.0,,
L'école du bien et du mal - tome 04 : Rêves de gloire (4),https://www.amazon.fr/L%C3%A9cole-bien-mal-R%C3%AAves-gloire/dp/2266314963/ref=sr_1_643,"9,20 €",Soman Chainani,"4,8 sur 5 étoiles, détails de l’évaluation",330,Poche,https://m.media-amazon.com/images/I/71FnGj+-ZhL._AC_UY218_.jpg,2025-09-04T18:42:20.403245,Description non disponible depuis la recherche,Stock non disponible,ISBN non disponible,Éditeur non disponible,Date non disponible,Nombre de pages non disponible,Rang de vente non disponible,Biographies,40.0,,
"La Roue du Temps, T24 : La Tempête imminente - deuxième partie",https://www.amazon.fr/Roue-Temps-T24-imminente-deuxi%C3%A8me/dp/B0C9PRFDHZ/ref=sr_1_644,"8,95 €",Robert Jordan,"4,9 sur 5 étoiles, détails de l’évaluation",64,Poche,https://m.media-amazon.com/images/I/81uhtrDFg7L._AC_UY218_.jpg,2025-09-04T18:42:20.405367,Description non disponible depuis la recherche,Stock non disponible,ISBN non disponible,Éditeur non disponible,Date non disponible,Nombre de pages non disponible,Rang de vente non disponible,Biographies,40.0,,
L'Île du docteur Moreau,https://www.amazon.fr/docteur-Moreau-Herbert-George-Wells/dp/2070401782/ref=sr_1_1123,"8,50 €",Herbert George Wells,"4,4 sur 5 étoiles, détails de l’évaluation",239,Poche,https://m.media-amazon.com/images/I/7104KWr+F2L._AC_UY218_.jpg,2025-09-04T19:29:27.108392,Description non disponible depuis la recherche,Stock non disponible,ISBN non disponible,Éditeur non disponible,Date non disponible,Nombre de pages non disponible,Rang de vente non disponible,Biographies,71.0,,
"Trois Lucioles (La Tour de Garde, Capitale du Sud Tome 2)",https://www.amazon.fr/Trois-Lucioles-Tour-Garde-Capitale/dp/2253103535/ref=sr_1_1124,"9,90 €",Guillaume Chamanadjian,"4,7 sur 5 étoiles, détails de l’évaluation",90,Poche,https://m.media-amazon.com/images/I/71mLmDK2mSL._AC_UY218_.jpg,2025-09-04T19:29:27.111807,Description non disponible depuis la recherche,Stock non disponible,ISBN non disponible,Éditeur non disponible,Date non disponible,Nombre de pages non disponible,Rang de vente non disponible,Biographies,71.0,,
Le Dragon réincarné: La Roue du Temps 3,https://www.amazon.fr/Dragon-r%C3%A9incarn%C3%A9-Roue-Temps/dp/B07T3GL7T8/ref=sr_1_1125,"0,00 €",Livres audio Audible,"4,6 sur 5 étoiles, détails de l’évaluation",545,Livres audio Audible,https://m.media-amazon.com/images/I/81EXVuCGGrL._AC_UY218_.jpg,2025-09-04T19:29:27.114939,Description non disponible depuis la recherche,Stock non disponible,ISBN non disponible,Éditeur non disponible,Date non disponible,Nombre de pages non disponible,Rang de vente non disponible,Biographies,71.0,,
"LE JEU DU KARMA: TOME I ""L'ENTRE DEUX MONDES""",https://www.amazon.fr/JEU-DU-KARMA-LENTRE-MONDES/dp/1976924685/ref=sr_1_1126,"14,99 €",Stephanie ABELLAN,"4,6 sur 5 étoiles, détails de l’évaluation",44,Broché,https://m.media-amazon.com/images/I/61DmzV3NRsL._AC_UY218_.jpg,2025-09-04T19:29:27.117064,Description non disponible depuis la recherche,Stock non disponible,ISBN non disponible,Éditeur non disponible,Date non disponible,Nombre de pages non disponible,Rang de vente non disponible,Biographies,71.0,,
Le retour de l'assassin,https://www.amazon.fr/retour-lassassin-Robin-Hobb/dp/2290403326/ref=sr_1_1127,"8,80 €",Robin Hobb,"4,7 sur 5 étoiles, détails de l’évaluation",1 119,Poche,https://m.media-amazon.com/images/I/81Uc4vc95OL._AC_UY218_.jpg,2025-09-04T19:29:27.120644,Description non disponible depuis la recherche,Stock non disponible,ISBN non disponible,Éditeur non disponible,Date non disponible,Nombre de pages non disponible,Rang de vente non disponible,Biographies,71.0,,
L'Enfer de l'Alpha: Romance paranormale (Les Métamorphes de Grey Ridge t. 2),https://www.amazon.fr/LEnfer-lAlpha-Romance-paranormale-M%C3%A9tamorphes-ebook/dp/B0DRXMW2SG/ref=sr_1_1128,Prix non disponible,Reece Barden,"4,6 sur 5 étoiles, détails de l’évaluation",248,Format Kindle,https://m.media-amazon.com/images/I/81iJWLs6KuL._AC_UY218_.jpg,2025-09-04T19:29:27.122924,Description non disponible depuis la recherche,Stock non disponible,ISBN non disponible,Éditeur non disponible,Date non disponible,Nombre de pages non disponible,Rang de vente non disponible,Biographies,71.0,,
"Mafia: The Old Country – Ultimate Game Mastery Guide: Complete Mission Walkthroughs, Combat Tactics, Secrets, and Collector Tips to Rule 1900s Sicily Like a True Don (English Edition)",https://www.amazon.fr/Mafia-Ultimate-Complete-Walkthroughs-Collector-ebook/dp/B0FK521CWD/ref=sr_1_1129,"6,80 €",Édition en Anglais | de Leroy  C. White | 27 juillet 2025,Note non disponible,0 avis,Format Kindle,https://m.media-amazon.com/images/I/71F-IZOKD0L._AC_UY218_.jpg,2025-09-04T19:29:27.127211,Description non disponible depuis la recherche,Stock non disponible,ISBN non disponible,Éditeur non disponible,Date non disponible,Nombre de pages non disponible,Rang de vente non disponible,Biographies,71.0,,
Demigods Academy - Tome 4 (Cycle 2) - Le fil de la vie,https://www.amazon.fr/Demigods-Academy-Cycle-fil-vie/dp/2017219665/ref=sr_1_1130,"12,90 €",Elisa S. Amore,"4,3 sur 5 étoiles, détails de l’évaluation",8,Broché,https://m.media-amazon.com/images/I/81jcBIFvX3L._AC_UY218_.jpg,2025-09-04T19:29:27.130474,Description non disponible depuis la recherche,Stock non disponible,ISBN non disponible,Éditeur non disponible,Date non disponible,Nombre de pages non disponible,Rang de vente non disponible,Biographies,71.0,,
La magie oubliée (Magic Academy (édition française) t. 1),https://www.amazon.fr/magie-oubli%C3%A9e-Magic-Academy-t-ebook/dp/B09QD73GM4/ref=sr_1_1133,"17,90 €",Jupiter Phaeton,"4,7 sur 5 étoiles, détails de l’évaluation",3 541,Format Kindle,https://m.media-amazon.com/images/I/81hZKd1s4YL._AC_UY218_.jpg,2025-09-04T19:29:27.139527,Description non disponible depuis la recherche,Stock non disponible,ISBN non disponible,Éditeur non disponible,Date non disponible,Nombre de pages non disponible,Rang de vente non disponible,Biographies,71.0,,
La maison des soleils,https://www.amazon.fr/maison-soleils-Alastair-Reynolds/dp/2381631291/ref=sr_1_1134,"24,90 €",Alastair Reynolds,"4,5 sur 5 étoiles, détails de l’évaluation",141,Broché,https://m.media-amazon.com/images/I/81VaiNESxEL._AC_UY218_.jpg,2025-09-04T19:29:27.142827,Description non disponible depuis la recherche,Stock non disponible,ISBN non disponible,Éditeur non disponible,Date non disponible,Nombre de pages non disponible,Rang de vente non disponible,Biographies,71.0,,
L'Académie des Loups - 2ème Trimestre : Le Pacte,https://www.amazon.fr/LAcad%C3%A9mie-Loups-2%C3%A8me-Trimestre-Pacte-ebook/dp/B0FHFPCF88/ref=sr_1_1135,"3,99 €",Jocabel C.CABALLERO,Note non disponible,0 avis,Format Kindle,https://m.media-amazon.com/images/I/91rO-ykuISL._AC_UY218_.jpg,2025-09-04T19:29:27.144892,Description non disponible depuis la recherche,Stock non disponible,ISBN non disponible,Éditeur non disponible,Date non disponible,Nombre de pages non disponible,Rang de vente non disponible,Biographies,71.0,,
The Mercy of Gods: The spectacular new space opera from the master of SF (The Captive's War) (English Edition),https://www.amazon.fr/Mercy-Gods-Book-Captives-English-ebook/dp/B0CN3BNBV4/ref=sr_1_1136,"6,49 €",James S. A. Corey,"4,5 sur 5 étoiles, détails de l’évaluation",9 519,Format Kindle,https://m.media-amazon.com/images/I/81Ujmt3fTiL._AC_UY218_.jpg,2025-09-04T19:29:27.148480,Description non disponible depuis la recherche,Stock non disponible,ISBN non disponible,Éditeur non disponible,Date non disponible,Nombre de pages non disponible,Rang de vente non disponible,Biographies,71.0,,
A LA CROISEE DES MONDES 1 - LES ROYAUMES DU NORD,https://www.amazon.fr/CROISEE-MONDES-ROYAUMES-DU-NORD/dp/2075091234/ref=sr_1_1137,"10,90 €",Philip Pullman,"4,5 sur 5 étoiles, détails de l’évaluation",1 174,Poche,https://m.media-amazon.com/images/I/81ep-Tt8s0L._AC_UY218_.jpg,2025-09-04T19:29:27.152063,Description non disponible depuis la recherche,Stock non disponible,ISBN non disponible,Éditeur non disponible,Date non disponible,Nombre de pages non disponible,Rang de vente non disponible,Biographies,71.0,,
La déclaration - Tome 1: L'histoire d'Anna,https://www.amazon.fr/d%C3%A9claration-1-Lhistoire-dAnna/dp/2017202363/ref=sr_1_1138,"6,90 €",Gemma Malley,"4,2 sur 5 étoiles, détails de l’évaluation",67,Poche,https://m.media-amazon.com/images/I/81L-DzmLvNL._AC_UY218_.jpg,2025-09-04T19:29:27.155260,Description non disponible depuis la recherche,Stock non disponible,ISBN non disponible,Éditeur non disponible,Date non disponible,Nombre de pages non disponible,Rang de vente non disponible,Biographies,71.0,,
Once Upon a Demon's Heart,https://www.amazon.fr/Once-Upon-Demons-Heart-Moronova/dp/1963474104/ref=sr_1_1139,"15,40 €",K. M. Moronova,"4,4 sur 5 étoiles, détails de l’évaluation",1 765,Broché,https://m.media-amazon.com/images/I/71SRzqtpzBL._AC_UY218_.jpg,2025-09-04T19:29:27.158256,Description non disponible depuis la recherche,Stock non disponible,ISBN non disponible,Éditeur non disponible,Date non disponible,Nombre de pages non disponible,Rang de vente non disponible,Biographies,71.0,,
L'homme des jeux,https://www.amazon.fr/Lhomme-jeux-Iain-M-Banks/dp/2253071854/ref=sr_1_1140,"9,70 €",Iain M Banks,"4,4 sur 5 étoiles, détails de l’évaluation",150,Poche,https://m.media-amazon.com/images/I/81fOhKH+yjL._AC_UY218_.jpg,2025-09-04T19:29:27.160974,Description non disponible depuis la recherche,Stock non disponible,ISBN non disponible,Éditeur non disponible,Date non disponible,Nombre de pages non disponible,Rang de vente non disponible,Biographies,71.0,,
La voie du coyote (La légende d’Oregon West t. 1),https://www.amazon.fr/voie-coyote-l%C3%A9gende-dOregon-West-ebook/dp/B0F4KD38D8/ref=sr_1_1139,"23,90 €",Émilie Chevallier,"4,4 sur 5 étoiles, détails de l’évaluation",221,Format Kindle,https://m.media-amazon.com/images/I/91J32AcEmhL._AC_UY218_.jpg,2025-09-04T19:29:36.715470,Description non disponible depuis la recherche,Stock non disponible,ISBN non disponible,Éditeur non disponible,Date non disponible,Nombre de pages non disponible,Rang de vente non disponible,Biographies,72.0,,
Plague of Shadows (The Aldoran Chronicles: Book 2) (English Edition),https://www.amazon.fr/Plague-Shadows-Aldoran-Chronicles-English-ebook/dp/B07X9CBMRL/ref=sr_1_1140,"8,99 €",Michael Wisehart,"4,6 sur 5 étoiles, détails de l’évaluation",3 983,Format Kindle,https://m.media-amazon.com/images/I/919co-H2OVL._AC_UY218_.jpg,2025-09-04T19:29:36.718688,Description non disponible depuis la recherche,Stock non disponible,ISBN non disponible,Éditeur non disponible,Date non disponible,Nombre de pages non disponible,Rang de vente non disponible,Biographies,72.0,,
The Disabled Tyrant's Beloved Pet Fish: Canji Baojun De Zhangxin Yu Chong (Novel) Vol. 3,https://www.amazon.fr/Disabled-Tyrants-Beloved-Pet-Fish/dp/B0CXPLLJZ4/ref=sr_1_1141,"18,05 €",Xue Shan Fei Hu,"4,7 sur 5 étoiles, détails de l’évaluation",398,Broché,https://m.media-amazon.com/images/I/91Hxt4vBlQL._AC_UY218_.jpg,2025-09-04T19:29:36.722151,Description non disponible depuis la recherche,Stock non disponible,ISBN non disponible,Éditeur non disponible,Date non disponible,Nombre de pages non disponible,Rang de vente non disponible,Biographies,72.0,,
"Bravoure: Le Livre des Terres Bannies, T2",https://www.amazon.fr/Bravoure-Livre-Terres-Bannies-T2-ebook/dp/B0BZJTD4BN/ref=sr_1_1142,"14,99 €",John Gwynne,"4,6 sur 5 étoiles, détails de l’évaluation",120,Format Kindle,https://m.media-amazon.com/images/I/81gp-jd9x2L._AC_UY218_.jpg,2025-09-04T19:29:36.725719,Description non disponible depuis la recherche,Stock non disponible,ISBN non disponible,Éditeur non disponible,Date non disponible,Nombre de pages non disponible,Rang de vente non disponible,Biographies,72.0,,
The End of the World as We Know It: The instant New York Times bestseller (Aug 2025): New Tales of Stephen King’s The Stand,https://www.amazon.fr/End-World-We-Know-Stephen/dp/1399738674/ref=sr_1_1143,"30,35 €",Christopher Golden,"4,0 sur 5 étoiles, détails de l’évaluation",29,Relié,https://m.media-amazon.com/images/I/81DHFE6Jy8L._AC_UY218_.jpg,2025-09-04T19:29:36.729413,Description non disponible depuis la recherche,Stock non disponible,ISBN non disponible,Éditeur non disponible,Date non disponible,Nombre de pages non disponible,Rang de vente non disponible,Biographies,72.0,,
The Girl in Red: Frissonnez avec cette réécriture sombre et violente du Petit Chaperon rouge.,https://www.amazon.fr/Girl-Red-Frissonnez-r%C3%A9%C3%A9criture-violente/dp/2017896128/ref=sr_1_1144,"19,95 €",Christina Henry,Note non disponible,0 avis,Broché,https://m.media-amazon.com/images/I/71v4GFhd-WL._AC_UY218_.jpg,2025-09-04T19:29:36.732534,Description non disponible depuis la recherche,Stock non disponible,ISBN non disponible,Éditeur non disponible,Date non disponible,Nombre de pages non disponible,Rang de vente non disponible,Biographies,72.0,,
The Entanglement of Rival Wizards,https://www.amazon.fr/Entanglement-Rival-Wizards-Sara-Raasch/dp/1250333237/ref=sr_1_1145,"18,13 €",Sara Raasch,"4,6 sur 5 étoiles, détails de l’évaluation",226,Broché,https://m.media-amazon.com/images/I/81+pX+5+1jL._AC_UY218_.jpg,2025-09-04T19:29:36.735991,Description non disponible depuis la recherche,Stock non disponible,ISBN non disponible,Éditeur non disponible,Date non disponible,Nombre de pages non disponible,Rang de vente non disponible,Biographies,72.0,,
L'Aube brisée (La Frontière éternelle t. 3),https://www.amazon.fr/LAube-bris%C3%A9e-Fronti%C3%A8re-%C3%A9ternelle-t-ebook/dp/B0DQP5JMPH/ref=sr_1_1146,Prix non disponible,Anthony J. Melchiorri,"4,4 sur 5 étoiles, détails de l’évaluation",223,Format Kindle,https://m.media-amazon.com/images/I/810DCHGY1iL._AC_UY218_.jpg,2025-09-04T19:29:36.738026,Description non disponible depuis la recherche,Stock non disponible,ISBN non disponible,Éditeur non disponible,Date non disponible,Nombre de pages non disponible,Rang de vente non disponible,Biographies,72.0,,
Le Roi sur le Seuil (réédition 30 ans),https://www.amazon.fr/Roi-sur-Seuil-r%C3%A9%C3%A9dition-ans/dp/2811213228/ref=sr_1_1149,"8,20 €",David Gemmell,"4,6 sur 5 étoiles, détails de l’évaluation",279,Broché,https://m.media-amazon.com/images/I/814ESVwhBvL._AC_UY218_.jpg,2025-09-04T19:29:36.747810,Description non disponible depuis la recherche,Stock non disponible,ISBN non disponible,Éditeur non disponible,Date non disponible,Nombre de pages non disponible,Rang de vente non disponible,Biographies,72.0,,
Le lien du temps: Tome 1 Les reliques Aetherys,https://www.amazon.fr/lien-temps-reliques-Aetherys/dp/B0F6KVBFB5/ref=sr_1_1150,"20,00 €",Hélèna Ravenwood,"4,7 sur 5 étoiles, détails de l’évaluation",78,Broché,https://m.media-amazon.com/images/I/71Fs+FAsWBL._AC_UY218_.jpg,2025-09-04T19:29:36.750100,Description non disponible depuis la recherche,Stock non disponible,ISBN non disponible,Éditeur non disponible,Date non disponible,Nombre de pages non disponible,Rang de vente non disponible,Biographies,72.0,,
Toilet-bound Hanako-kun T07,https://www.amazon.fr/Toilet-bound-Hanako-kun-T07-AidaIro/dp/2811664262/ref=sr_1_1151,"7,70 €",AidaIro,"4,8 sur 5 étoiles, détails de l’évaluation",163,Poche,https://m.media-amazon.com/images/I/8147FGIkB8L._AC_UY218_.jpg,2025-09-04T19:29:36.752598,Description non disponible depuis la recherche,Stock non disponible,ISBN non disponible,Éditeur non disponible,Date non disponible,Nombre de pages non disponible,Rang de vente non disponible,Biographies,72.0,,
Ignite Me,https://www.amazon.fr/Ignite-Me-Tahereh-Mafi/dp/140529177X/ref=sr_1_1152,"12,12 €",Tahereh Mafi,"4,6 sur 5 étoiles, détails de l’évaluation",20 120,Broché,https://m.media-amazon.com/images/I/81sglXJezgL._AC_UY218_.jpg,2025-09-04T19:29:36.756208,Description non disponible depuis la recherche,Stock non disponible,ISBN non disponible,Éditeur non disponible,Date non disponible,Nombre de pages non disponible,Rang de vente non disponible,Biographies,72.0,,
"Noir Angoisse, Fantastique Du Peut-Être",https://www.amazon.fr/Noir-Angoisse-Fantastique-Du-Peut-%C3%8Atre/dp/2380141096/ref=sr_1_1153,"20,00 €","de Patrice ALLART, ÉDITIONS DE L’ŒIL DU SPHINX, et al. | 21 août 2025",Note non disponible,0 avis,Broché,https://m.media-amazon.com/images/I/51ggPiMZyDL._AC_UY218_.jpg,2025-09-04T19:29:36.759469,Description non disponible depuis la recherche,Stock non disponible,ISBN non disponible,Éditeur non disponible,Date non disponible,Nombre de pages non disponible,Rang de vente non disponible,Biographies,72.0,,
"Shelley - Frankenstein, or the Modern Prometheus. 1831 revised english Edition: A special edition hardcover embossed with silver foil",https://www.amazon.fr/Frankenstein-Modern-Prometheus-revised-english/dp/3730614371/ref=sr_1_1154,"7,89 €",Mary Shelley,"4,7 sur 5 étoiles, détails de l’évaluation",22,Relié,https://m.media-amazon.com/images/I/81GqsPOtn1L._AC_UY218_.jpg,2025-09-04T19:29:36.762467,Description non disponible depuis la recherche,Stock non disponible,ISBN non disponible,Éditeur non disponible,Date non disponible,Nombre de pages non disponible,Rang de vente non disponible,Biographies,72.0,,
Six of Crows - Tome 1,https://www.amazon.fr/Six-Crows-1-Leigh-Bardugo/dp/201626537X/ref=sr_1_1155,"8,90 €",Leigh Bardugo,"4,7 sur 5 étoiles, détails de l’évaluation",758,Poche,https://m.media-amazon.com/images/I/71OSSAhjgNL._AC_UY218_.jpg,2025-09-04T19:29:36.765983,Description non disponible depuis la recherche,Stock non disponible,ISBN non disponible,Éditeur non disponible,Date non disponible,Nombre de pages non disponible,Rang de vente non disponible,Biographies,72.0,,
Orgueil et Préjugés,https://www.amazon.fr/Orgueil-Pr%C3%A9jug%C3%A9s-Jos%C3%A9e-Marcotte/dp/2386900347/ref=sr_1_1156,"22,00 €",Josée Marcotte,Note non disponible,0 avis,Broché,https://m.media-amazon.com/images/I/71BNVH2qoWL._AC_UY218_.jpg,2025-09-04T19:29:36.768766,Description non disponible depuis la recherche,Stock non disponible,ISBN non disponible,Éditeur non disponible,Date non disponible,Nombre de pages non disponible,Rang de vente non disponible,Biographies,72.0,,
Au bord de la guerre (La Frontière éternelle t. 2),https://www.amazon.fr/Au-bord-guerre-Fronti%C3%A8re-%C3%A9ternelle-ebook/dp/B0DQP59ZY9/ref=sr_1_1155,Prix non disponible,Anthony J. Melchiorri,"4,4 sur 5 étoiles, détails de l’évaluation",288,Format Kindle,https://m.media-amazon.com/images/I/81oto8ONkxL._AC_UY218_.jpg,2025-09-04T19:29:47.514139,Description non disponible depuis la recherche,Stock non disponible,ISBN non disponible,Éditeur non disponible,Date non disponible,Nombre de pages non disponible,Rang de vente non disponible,Biographies,73.0,,
L'île de la perte,https://www.amazon.fr/L%C3%AEle-perte-Camille-Carmagnaltro/dp/2754773622/ref=sr_1_1156,"16,90 €",Camille Carmagnaltro,"5,0 sur 5 étoiles, détails de l’évaluation",1,Broché,https://m.media-amazon.com/images/I/81eiXTDFSoL._AC_UY218_.jpg,2025-09-04T19:29:47.516716,Description non disponible depuis la recherche,Stock non disponible,ISBN non disponible,Éditeur non disponible,Date non disponible,Nombre de pages non disponible,Rang de vente non disponible,Biographies,73.0,,
"Blood Song, T1 : La Voix du sang - première partie",https://www.amazon.fr/Blood-Song-T1-premi%C3%A8re-partie/dp/B0B5KLT4HY/ref=sr_1_1157,"8,95 €",Anthony Ryan,"4,6 sur 5 étoiles, détails de l’évaluation",20,Poche,https://m.media-amazon.com/images/I/81+fm6Tfs5L._AC_UY218_.jpg,2025-09-04T19:29:47.518870,Description non disponible depuis la recherche,Stock non disponible,ISBN non disponible,Éditeur non disponible,Date non disponible,Nombre de pages non disponible,Rang de vente non disponible,Biographies,73.0,,
Court toujours - La babysitter - Un huis-clos horrifique à glacer le sang ! - Thriller psychologique pour ados - Audiobook inclus,https://www.amazon.fr/Court-toujours-babysitter-horrifique-psychologique/dp/2095049543/ref=sr_1_1158,"8,00 €",de Aurélie C. Moulin | 3 juillet 2025,"4,0 sur 5 étoiles, détails de l’évaluation",1,Broché,https://m.media-amazon.com/images/I/71CtMyejlUL._AC_UY218_.jpg,2025-09-04T19:29:47.522291,Description non disponible depuis la recherche,Stock non disponible,ISBN non disponible,Éditeur non disponible,Date non disponible,Nombre de pages non disponible,Rang de vente non disponible,Biographies,73.0,,
"Minuit jamais ne vienne: La cour d'Onyx, T1",https://www.amazon.fr/Minuit-jamais-vienne-cour-dOnyx-ebook/dp/B078YC7JMZ/ref=sr_1_1159,"9,99 €",Marie Brennan,"4,1 sur 5 étoiles, détails de l’évaluation",5,Format Kindle,https://m.media-amazon.com/images/I/817PE5YoRbL._AC_UY218_.jpg,2025-09-04T19:29:47.524966,Description non disponible depuis la recherche,Stock non disponible,ISBN non disponible,Éditeur non disponible,Date non disponible,Nombre de pages non disponible,Rang de vente non disponible,Biographies,73.0,,
Toilet-bound Hanako-kun T16,https://www.amazon.fr/Toilet-bound-Hanako-kun-T16-AidaIro/dp/2811680462/ref=sr_1_1160,"7,70 €",AidaIro,"4,9 sur 5 étoiles, détails de l’évaluation",52,Poche,https://m.media-amazon.com/images/I/81q43HkLDeL._AC_UY218_.jpg,2025-09-04T19:29:47.527469,Description non disponible depuis la recherche,Stock non disponible,ISBN non disponible,Éditeur non disponible,Date non disponible,Nombre de pages non disponible,Rang de vente non disponible,Biographies,73.0,,
"La Main gauche de la nuit (Le Livre de Hain, tome 4)",https://www.amazon.fr/Main-gauche-nuit-Ursula-Guin/dp/2253113166/ref=sr_1_1161,"8,90 €",Ursula K. Le Guin,"4,2 sur 5 étoiles, détails de l’évaluation",175,Poche,https://m.media-amazon.com/images/I/81UykS68ujL._AC_UY218_.jpg,2025-09-04T19:29:47.529591,Description non disponible depuis la recherche,Stock non disponible,ISBN non disponible,Éditeur non disponible,Date non disponible,Nombre de pages non disponible,Rang de vente non disponible,Biographies,73.0,,
Prince Of Dogs (English Edition),https://www.amazon.fr/Prince-Dogs-Crown-Stars-English-ebook/dp/B004XCFJD4/ref=sr_1_1162,"3,99 €",Kate Elliott,"4,5 sur 5 étoiles, détails de l’évaluation",389,Format Kindle,https://m.media-amazon.com/images/I/91BWyBgd5AL._AC_UY218_.jpg,2025-09-04T19:29:47.533374,Description non disponible depuis la recherche,Stock non disponible,ISBN non disponible,Éditeur non disponible,Date non disponible,Nombre de pages non disponible,Rang de vente non disponible,Biographies,73.0,,
My Haven (Bewitched And Bewildered Book 16) (English Edition),https://www.amazon.fr/Haven-Bewitched-Bewildered-Book-English-ebook/dp/B0FBYMJZMS/ref=sr_1_1165,"6,00 €",Alanea Alder,"4,8 sur 5 étoiles, détails de l’évaluation",1 249,Format Kindle,https://m.media-amazon.com/images/I/81ZVBBaZAwL._AC_UY218_.jpg,2025-09-04T19:29:47.541120,Description non disponible depuis la recherche,Stock non disponible,ISBN non disponible,Éditeur non disponible,Date non disponible,Nombre de pages non disponible,Rang de vente non disponible,Biographies,73.0,,
Le dernier éclat des cieux,https://www.amazon.fr/dernier-%C3%A9clat-cieux-Jonathan-Marchal/dp/B0FKG2KMCQ/ref=sr_1_1166,"13,50 €",de Jonathan Marchal | 28 juillet 2025,Note non disponible,0 avis,Broché,https://m.media-amazon.com/images/I/71lDDOnfkbL._AC_UY218_.jpg,2025-09-04T19:29:47.543682,Description non disponible depuis la recherche,Stock non disponible,ISBN non disponible,Éditeur non disponible,Date non disponible,Nombre de pages non disponible,Rang de vente non disponible,Biographies,73.0,,
Grimoire Villains Tome 2,https://www.amazon.fr/Grimoire-Villains-2-Serena-Valentino/dp/2017283355/ref=sr_1_1167,"70,00 €",Serena Valentino,Note non disponible,0 avis,Reliure en cuir,https://m.media-amazon.com/images/I/01PkLIhTX3L._AC_UY218_.gif,2025-09-04T19:29:47.546131,Description non disponible depuis la recherche,Stock non disponible,ISBN non disponible,Éditeur non disponible,Date non disponible,Nombre de pages non disponible,Rang de vente non disponible,Biographies,73.0,,
De fièvre et de sang: Prix Ciné+Thriller et prix Polar du Festival de Cognac,https://www.amazon.fr/fi%C3%A8vre-sang-Thriller-Festival-Cognac-ebook/dp/B0CSDPMW1G/ref=sr_1_1168,"9,40 €",Cédric Sire,"4,2 sur 5 étoiles, détails de l’évaluation",1 487,Format Kindle,https://m.media-amazon.com/images/I/71SLMezWVvL._AC_UY218_.jpg,2025-09-04T19:29:47.548259,Description non disponible depuis la recherche,Stock non disponible,ISBN non disponible,Éditeur non disponible,Date non disponible,Nombre de pages non disponible,Rang de vente non disponible,Biographies,73.0,,
Bob Morane - Le Démon Solitaire: Tome 044,https://www.amazon.fr/Bob-Morane-D%C3%A9mon-Solitaire-044/dp/B0FNJNHSK5/ref=sr_1_1169,"14,88 €","de Henri Vernes, Les Editions Ananke, et al. | 22 août 2025","5,0 sur 5 étoiles, détails de l’évaluation",1,Broché,https://m.media-amazon.com/images/I/71A87Cpq1vL._AC_UY218_.jpg,2025-09-04T19:29:47.551357,Description non disponible depuis la recherche,Stock non disponible,ISBN non disponible,Éditeur non disponible,Date non disponible,Nombre de pages non disponible,Rang de vente non disponible,Biographies,73.0,,
Wicked - Tome 03 Bravoure (relié collector),https://www.amazon.fr/Wicked-03-Bravoure-reli%C3%A9-collector/dp/238566139X/ref=sr_1_1170,"26,90 €",Jennifer L. Armentrout,"4,6 sur 5 étoiles, détails de l’évaluation",59,Relié,https://m.media-amazon.com/images/I/61o3cAt-7mL._AC_UY218_.jpg,2025-09-04T19:29:47.554876,Description non disponible depuis la recherche,Stock non disponible,ISBN non disponible,Éditeur non disponible,Date non disponible,Nombre de pages non disponible,Rang de vente non disponible,Biographies,73.0,,
"Sorceleur (Witcher) - Poche, T8 : La Saison des orages (traduction révisée)",https://www.amazon.fr/Sorceleur-Witcher-Saison-traduction-r%C3%A9vis%C3%A9e/dp/B0DSKHN8HR/ref=sr_1_1171,"9,95 €",Andrzej Sapkowski,"4,6 sur 5 étoiles, détails de l’évaluation",55,Poche,https://m.media-amazon.com/images/I/81irjEgCbNL._AC_UY218_.jpg,2025-09-04T19:29:47.556911,Description non disponible depuis la recherche,Stock non disponible,ISBN non disponible,Éditeur non disponible,Date non disponible,Nombre de pages non disponible,Rang de vente non disponible,Biographies,73.0,,
La Légende de Marche-Mort (réédition 30 ans),https://www.amazon.fr/L%C3%A9gende-Marche-Mort-r%C3%A9%C3%A9dition-30-ans/dp/2811214399/ref=sr_1_1172,"9,95 €",David Gemmell,"4,5 sur 5 étoiles, détails de l’évaluation",532,Broché,https://m.media-amazon.com/images/I/81wixp2+HUL._AC_UY218_.jpg,2025-09-04T19:29:47.561074,Description non disponible depuis la recherche,Stock non disponible,ISBN non disponible,Éditeur non disponible,Date non disponible,Nombre de pages non disponible,Rang de vente non disponible,Biographies,73.0,,
Le Soldat chamane: L'intégrale (3),https://www.amazon.fr/Soldat-chamane-Int%C3%A9grale-3/dp/2290085960/ref=sr_1_1171,"18,50 €",Robin Hobb,"4,7 sur 5 étoiles, détails de l’évaluation",72,Broché,https://m.media-amazon.com/images/I/61aGq1yVYxL._AC_UY218_.jpg,2025-09-04T19:29:55.552765,Description non disponible depuis la recherche,Stock non disponible,ISBN non disponible,Éditeur non disponible,Date non disponible,Nombre de pages non disponible,Rang de vente non disponible,Biographies,74.0,,
La Poursuite: Romance Paranormale (Les Métamorphes de Grey Ridge t. 5),https://www.amazon.fr/Poursuite-Romance-Paranormale-M%C3%A9tamorphes-Ridge-ebook/dp/B0F4KND1LG/ref=sr_1_1172,Prix non disponible,Reece Barden,"4,6 sur 5 étoiles, détails de l’évaluation",255,Format Kindle,https://m.media-amazon.com/images/I/81fJXCSdx8L._AC_UY218_.jpg,2025-09-04T19:29:55.554754,Description non disponible depuis la recherche,Stock non disponible,ISBN non disponible,Éditeur non disponible,Date non disponible,Nombre de pages non disponible,Rang de vente non disponible,Biographies,74.0,,
"Libration: Les Voyageurs, T2",https://www.amazon.fr/Libration-Becky-Chambers-ebook/dp/B0727R99FB/ref=sr_1_1173,"6,99 €",Becky Chambers,"4,4 sur 5 étoiles, détails de l’évaluation",436,Format Kindle,https://m.media-amazon.com/images/I/71s7Qq1uVLL._AC_UY218_.jpg,2025-09-04T19:29:55.557999,Description non disponible depuis la recherche,Stock non disponible,ISBN non disponible,Éditeur non disponible,Date non disponible,Nombre de pages non disponible,Rang de vente non disponible,Biographies,74.0,,
Gods of Men - Livre 1,https://www.amazon.fr/Gods-Men-Livre-Barbara-Kloss-ebook/dp/B087V5BY2R/ref=sr_1_1174,"8,49 €",Barbara Kloss,"4,6 sur 5 étoiles, détails de l’évaluation",274,Format Kindle,https://m.media-amazon.com/images/I/91i0N+Zed2L._AC_UY218_.jpg,2025-09-04T19:29:55.560602,Description non disponible depuis la recherche,Stock non disponible,ISBN non disponible,Éditeur non disponible,Date non disponible,Nombre de pages non disponible,Rang de vente non disponible,Biographies,74.0,,
Toilet-bound Hanako-kun T02,https://www.amazon.fr/Toilet-bound-Hanako-kun-T02-AidaIro/dp/281166372X/ref=sr_1_1175,"3,00 €",AidaIro,"4,8 sur 5 étoiles, détails de l’évaluation",264,Poche,https://m.media-amazon.com/images/I/81BtVTsYHTL._AC_UY218_.jpg,2025-09-04T19:29:55.563288,Description non disponible depuis la recherche,Stock non disponible,ISBN non disponible,Éditeur non disponible,Date non disponible,Nombre de pages non disponible,Rang de vente non disponible,Biographies,74.0,,
La Guerre des mondes,https://www.amazon.fr/Guerre-mondes-Herbert-George-Wells/dp/2070308553/ref=sr_1_1176,"9,00 €","de Herbert George Wells, Norman Spinrad, et al. | 9 juin 2005","4,4 sur 5 étoiles, détails de l’évaluation",567,Poche,https://m.media-amazon.com/images/I/71f6pWTTPmL._AC_UY218_.jpg,2025-09-04T19:29:55.569279,Description non disponible depuis la recherche,Stock non disponible,ISBN non disponible,Éditeur non disponible,Date non disponible,Nombre de pages non disponible,Rang de vente non disponible,Biographies,74.0,,
"In the Veins of the Drowning: An ‘atmospheric and evocative’ (Rachel Gillig) dark romantasy debut, out now! (English Edition)",https://www.amazon.fr/Veins-Drowning-atmospheric-evocative-romantasy-ebook/dp/B0DV3NFZGG/ref=sr_1_1177,"0,99 €",Kalie Cassidy,"4,3 sur 5 étoiles, détails de l’évaluation",1 534,Format Kindle,https://m.media-amazon.com/images/I/91hzr2YSj5L._AC_UY218_.jpg,2025-09-04T19:29:55.576838,Description non disponible depuis la recherche,Stock non disponible,ISBN non disponible,Éditeur non disponible,Date non disponible,Nombre de pages non disponible,Rang de vente non disponible,Biographies,74.0,,
La Rêve - Chroniques des Derniers Hommes : Version Augmentée,https://www.amazon.fr/R%C3%AAve-Chroniques-Derniers-Version-Augment%C3%A9e-ebook/dp/B0FM5PBP99/ref=sr_1_1178,"21,90 €",Denis Saint-Jean,Note non disponible,0 avis,Format Kindle,https://m.media-amazon.com/images/I/81GA8cUdMbL._AC_UY218_.jpg,2025-09-04T19:29:55.579869,Description non disponible depuis la recherche,Stock non disponible,ISBN non disponible,Éditeur non disponible,Date non disponible,Nombre de pages non disponible,Rang de vente non disponible,Biographies,74.0,,
À plein régime (Le gambit kurthérien™ t. 19),https://www.amazon.fr/plein-r%C3%A9gime-gambit-kurth%C3%A9rienTM-t-ebook/dp/B0DD5XCC2G/ref=sr_1_1181,"15,81 €",Michael  Anderle,"4,2 sur 5 étoiles, détails de l’évaluation",15,Format Kindle,https://m.media-amazon.com/images/I/814BUKSb3gL._AC_UY218_.jpg,2025-09-04T19:29:55.589466,Description non disponible depuis la recherche,Stock non disponible,ISBN non disponible,Éditeur non disponible,Date non disponible,Nombre de pages non disponible,Rang de vente non disponible,Biographies,74.0,,
Elohim au Royaume des Merveilles: Voyage initiatique vers la maîtrise de l’esprit et l’éveil spirituel (de l’Homme à Dieu),https://www.amazon.fr/Elohim-Royaume-Merveilles-initiatique-spirituel/dp/B0DVZ3HZL9/ref=sr_1_1182,"10,54 €",Elohim,"4,6 sur 5 étoiles, détails de l’évaluation",29,Broché,https://m.media-amazon.com/images/I/718Z1FE9a8L._AC_UY218_.jpg,2025-09-04T19:29:55.591657,Description non disponible depuis la recherche,Stock non disponible,ISBN non disponible,Éditeur non disponible,Date non disponible,Nombre de pages non disponible,Rang de vente non disponible,Biographies,74.0,,
La Citadelle des Ombres - L'Intégrale 3 (Tomes 7 à 9) - L'incomparable saga de l'Assassin royal: Le Prophète blanc - La Secte maudite - Les Secrets de Castelcerf,https://www.amazon.fr/Citadelle-Ombres-LInt%C3%A9grale-Lincomparable-Castelcerf-ebook/dp/B01G763U2A/ref=sr_1_1183,"14,99 €",Robin Hobb,"4,6 sur 5 étoiles, détails de l’évaluation",638,Format Kindle,https://m.media-amazon.com/images/I/71Y0JT+84+L._AC_UY218_.jpg,2025-09-04T19:29:55.594435,Description non disponible depuis la recherche,Stock non disponible,ISBN non disponible,Éditeur non disponible,Date non disponible,Nombre de pages non disponible,Rang de vente non disponible,Biographies,74.0,,
Le grand magasin des rêves: Tome 2,https://www.amazon.fr/grand-magasin-r%C3%AAves-2/dp/2809717168/ref=sr_1_1184,"22,00 €","de Mi-ye Lee, Kyungran Choi, et al. | 22 août 2025",Note non disponible,0 avis,Broché,https://m.media-amazon.com/images/I/61GKs4DrF5L._AC_UY218_.jpg,2025-09-04T19:29:55.598589,Description non disponible depuis la recherche,Stock non disponible,ISBN non disponible,Éditeur non disponible,Date non disponible,Nombre de pages non disponible,Rang de vente non disponible,Biographies,74.0,,
Le Necronomicon,https://www.amazon.fr/Necronomicon-H-P-Lovecraft/dp/2842283406/ref=sr_1_1185,"18,00 €",H. P. Lovecraft,"4,2 sur 5 étoiles, détails de l’évaluation",226,Relié,https://m.media-amazon.com/images/I/71omWcA9z4L._AC_UY218_.jpg,2025-09-04T19:29:55.601700,Description non disponible depuis la recherche,Stock non disponible,ISBN non disponible,Éditeur non disponible,Date non disponible,Nombre de pages non disponible,Rang de vente non disponible,Biographies,74.0,,
Prince Captif : Prince Captif Tome 3 - Le Roi,https://www.amazon.fr/Roi-Prince-Captif-T2-ebook/dp/B0B1VWS4VW/ref=sr_1_1186,"7,99 €",C.S. Pacat,"4,7 sur 5 étoiles, détails de l’évaluation",590,Format Kindle,https://m.media-amazon.com/images/I/81Wp9mGePSL._AC_UY218_.jpg,2025-09-04T19:29:55.605190,Description non disponible depuis la recherche,Stock non disponible,ISBN non disponible,Éditeur non disponible,Date non disponible,Nombre de pages non disponible,Rang de vente non disponible,Biographies,74.0,,
When the Moon Hatched,https://www.amazon.fr/When-Moon-Hatched-Sarah-Parker/dp/0008710260/ref=sr_1_1187,"12,12 €",Sarah A. Parker,"4,4 sur 5 étoiles, détails de l’évaluation",47 133,Broché,https://m.media-amazon.com/images/I/81YUF8-901L._AC_UY218_.jpg,2025-09-04T19:29:55.608893,Description non disponible depuis la recherche,Stock non disponible,ISBN non disponible,Éditeur non disponible,Date non disponible,Nombre de pages non disponible,Rang de vente non disponible,Biographies,74.0,,
"Under the Oak Tree, Vol. 2 (novel): The New York Times bestselling fantasy romance sensation",https://www.amazon.fr/Under-Oak-Tree-Vol-novel/dp/1911720252/ref=sr_1_1188,"29,18 €",Suji Kim,Note non disponible,0 avis,Relié,https://m.media-amazon.com/images/I/81fnn+vRHIL._AC_UY218_.jpg,2025-09-04T19:29:55.612954,Description non disponible depuis la recherche,Stock non disponible,ISBN non disponible,Éditeur non disponible,Date non disponible,Nombre de pages non disponible,Rang de vente non disponible,Biographies,74.0,,
"By the Horns: Royal Artifactual Guild, Book 2",https://www.amazon.fr/Horns-Royal-Artifactual-Guild-Book/dp/B0DVBK94KG/ref=sr_1_1187,"0,00 €",Livres audio Audible,Note non disponible,0 avis,Livres audio Audible,https://m.media-amazon.com/images/I/81M5eMHJMkL._AC_UY218_.jpg,2025-09-04T19:30:06.568594,Description non disponible depuis la recherche,Stock non disponible,ISBN non disponible,Éditeur non disponible,Date non disponible,Nombre de pages non disponible,Rang de vente non disponible,Biographies,75.0,,
L'Univers du Sorceleur (Witcher) : Manuel du Sorceleur,https://www.amazon.fr/LUnivers-Sorceleur-Witcher-Manuel/dp/B0BXKPXVSL/ref=sr_1_1188,"30,00 €",Andrzej Sapkowski,"4,7 sur 5 étoiles, détails de l’évaluation",42,Relié,https://m.media-amazon.com/images/I/81YaTmCGSUL._AC_UY218_.jpg,2025-09-04T19:30:06.571784,Description non disponible depuis la recherche,Stock non disponible,ISBN non disponible,Éditeur non disponible,Date non disponible,Nombre de pages non disponible,Rang de vente non disponible,Biographies,75.0,,
The Lord of the Rings: The Classic Bestselling Fantasy Novel (English Edition),https://www.amazon.fr/Lord-Rings-English-J-Tolkien-ebook/dp/B093KH5GSS/ref=sr_1_1189,"6,29 €",J. R. R. Tolkien,"4,8 sur 5 étoiles, détails de l’évaluation",7 029,Format Kindle,https://m.media-amazon.com/images/I/81y95S3U4LS._AC_UY218_.jpg,2025-09-04T19:30:06.575729,Description non disponible depuis la recherche,Stock non disponible,ISBN non disponible,Éditeur non disponible,Date non disponible,Nombre de pages non disponible,Rang de vente non disponible,Biographies,75.0,,
The Prison Healer - Tome 2 - The Gilded Cage: La princesse rebelle,https://www.amazon.fr/Prison-Healer-Gilded-princesse-rebelle/dp/2017297801/ref=sr_1_1190,"8,90 €",Lynette Noni,"4,6 sur 5 étoiles, détails de l’évaluation",171,Poche,https://m.media-amazon.com/images/I/81iITMzKDpL._AC_UY218_.jpg,2025-09-04T19:30:06.578972,Description non disponible depuis la recherche,Stock non disponible,ISBN non disponible,Éditeur non disponible,Date non disponible,Nombre de pages non disponible,Rang de vente non disponible,Biographies,75.0,,
"House of Earth and Blood: The first book in the SENSATIONAL Crescent City series, from the creator of ACOTAR",https://www.amazon.fr/House-Earth-Blood-multi-million-bestselling/dp/1526663554/ref=sr_1_1191,"12,12 €",Sarah J. Maas,"4,7 sur 5 étoiles, détails de l’évaluation",135 442,Broché,https://m.media-amazon.com/images/I/91sTEyEWKsL._AC_UY218_.jpg,2025-09-04T19:30:06.582928,Description non disponible depuis la recherche,Stock non disponible,ISBN non disponible,Éditeur non disponible,Date non disponible,Nombre de pages non disponible,Rang de vente non disponible,Biographies,75.0,,
Ice Planet Barbarians - T7 - Barbarian's Touch (édition française),https://www.amazon.fr/Ice-Planet-Barbarians-%C3%A9dition-fran%C3%A7aise-ebook/dp/B0F9L12RB1/ref=sr_1_1192,"7,99 €",Ruby Dixon,"4,6 sur 5 étoiles, détails de l’évaluation",27,Format Kindle,https://m.media-amazon.com/images/I/81feg4CTSDL._AC_UY218_.jpg,2025-09-04T19:30:06.584856,Description non disponible depuis la recherche,Stock non disponible,ISBN non disponible,Éditeur non disponible,Date non disponible,Nombre de pages non disponible,Rang de vente non disponible,Biographies,75.0,,
L'Âme Vagabonde: Le jeu de la Dame,https://www.amazon.fr/L%C3%82me-Vagabonde-Dame-R-Vidard/dp/2959921410/ref=sr_1_1193,"29,53 €",A.R. Vidard,"5,0 sur 5 étoiles, détails de l’évaluation",9,Relié,https://m.media-amazon.com/images/I/51o7Nrf94ZL._AC_UY218_.jpg,2025-09-04T19:30:06.587401,Description non disponible depuis la recherche,Stock non disponible,ISBN non disponible,Éditeur non disponible,Date non disponible,Nombre de pages non disponible,Rang de vente non disponible,Biographies,75.0,,
"Blood Song, T5 : La Reine de feu - première partie",https://www.amazon.fr/Blood-Song-T5-premi%C3%A8re-partie/dp/B0BRS4GMT3/ref=sr_1_1194,"9,95 €",Anthony Ryan,"4,8 sur 5 étoiles, détails de l’évaluation",16,Poche,https://m.media-amazon.com/images/I/914ePE4bsNL._AC_UY218_.jpg,2025-09-04T19:30:06.589598,Description non disponible depuis la recherche,Stock non disponible,ISBN non disponible,Éditeur non disponible,Date non disponible,Nombre de pages non disponible,Rang de vente non disponible,Biographies,75.0,,
Lazarus : Le Fil de l'Hostilité,https://www.amazon.fr/Lazarus-Fil-lHostilit%C3%A9-Gary-Kloster/dp/1804078093/ref=sr_1_1197,"16,00 €",Gary Kloster,"4,4 sur 5 étoiles, détails de l’évaluation",31,Broché,https://m.media-amazon.com/images/I/81RlyO+821L._AC_UY218_.jpg,2025-09-04T19:30:06.599051,Description non disponible depuis la recherche,Stock non disponible,ISBN non disponible,Éditeur non disponible,Date non disponible,Nombre de pages non disponible,Rang de vente non disponible,Biographies,75.0,,
L’appel des anges - Tome 1: Morceaux de papier,https://www.amazon.fr/Lappel-anges-1-Morceaux-papier-ebook/dp/B0C3DCWWQL/ref=sr_1_1198,"22,10 €",de Anthony Boehm Belin | 24 avril 2023,Note non disponible,0 avis,Format Kindle,https://m.media-amazon.com/images/I/81gZhO9Y7kL._AC_UY218_.jpg,2025-09-04T19:30:06.602568,Description non disponible depuis la recherche,Stock non disponible,ISBN non disponible,Éditeur non disponible,Date non disponible,Nombre de pages non disponible,Rang de vente non disponible,Biographies,75.0,,
Les Filles du Bûcher T2 - Le prix n'est jamais trop élevé: Collection Sous les Ombres,https://www.amazon.fr/Filles-B%C3%BBcher-prix-jamais-%C3%A9lev%C3%A9-ebook/dp/B09KPLNPK3/ref=sr_1_1199,"27,00 €",Carole Schiaratura,"4,1 sur 5 étoiles, détails de l’évaluation",14,Format Kindle,https://m.media-amazon.com/images/I/8155P+5q-ZL._AC_UY218_.jpg,2025-09-04T19:30:06.605183,Description non disponible depuis la recherche,Stock non disponible,ISBN non disponible,Éditeur non disponible,Date non disponible,Nombre de pages non disponible,Rang de vente non disponible,Biographies,75.0,,
Une couronne pour la liberté : Tome 2 : Un destin à feu et à sang,https://www.amazon.fr/Une-couronne-pour-libert%C3%A9-destin-ebook/dp/B0BL219P25/ref=sr_1_1200,"16,00 €",Laëtitia  Seguin,"4,4 sur 5 étoiles, détails de l’évaluation",80,Format Kindle,https://m.media-amazon.com/images/I/91iSo7kZA9L._AC_UY218_.jpg,2025-09-04T19:30:06.607211,Description non disponible depuis la recherche,Stock non disponible,ISBN non disponible,Éditeur non disponible,Date non disponible,Nombre de pages non disponible,Rang de vente non disponible,Biographies,75.0,,
A Game of Thrones: The Story Continues [Export only]: The Complete Boxset of All 6 Books,https://www.amazon.fr/Game-Thrones-Continues-Export-Complete/dp/0007477163/ref=sr_1_1201,"48,53 €",George R. R. Martin,"4,6 sur 5 étoiles, détails de l’évaluation",384,Broché,https://m.media-amazon.com/images/I/71d+keYzz+L._AC_UY218_.jpg,2025-09-04T19:30:06.609400,Description non disponible depuis la recherche,Stock non disponible,ISBN non disponible,Éditeur non disponible,Date non disponible,Nombre de pages non disponible,Rang de vente non disponible,Biographies,75.0,,
Toilet-bound Hanako-kun T13,https://www.amazon.fr/Toilet-bound-Hanako-kun-T13-AidaIro/dp/2811664327/ref=sr_1_1202,"7,70 €",AidaIro,"4,9 sur 5 étoiles, détails de l’évaluation",63,Poche,https://m.media-amazon.com/images/I/81I7TXPVN7L._AC_UY218_.jpg,2025-09-04T19:30:06.612003,Description non disponible depuis la recherche,Stock non disponible,ISBN non disponible,Éditeur non disponible,Date non disponible,Nombre de pages non disponible,Rang de vente non disponible,Biographies,75.0,,
Malice: Le Livre des Terres Bannies 1,https://www.amazon.fr/Malice-Livre-Terres-Bannies-1/dp/B0D2HDVD41/ref=sr_1_1203,"0,00 €",Livres audio Audible,"4,6 sur 5 étoiles, détails de l’évaluation",143,Livres audio Audible,https://m.media-amazon.com/images/I/81FLcBHKYpL._AC_UY218_.jpg,2025-09-04T19:30:06.615182,Description non disponible depuis la recherche,Stock non disponible,ISBN non disponible,Éditeur non disponible,Date non disponible,Nombre de pages non disponible,Rang de vente non disponible,Biographies,75.0,,
The Art of the Last of Us Part II,https://www.amazon.fr/Art-Last-Us-Part-II/dp/1506713769/ref=sr_1_1204,"43,74 €",Naughty Dog,"4,8 sur 5 étoiles, détails de l’évaluation",3 626,Relié,https://m.media-amazon.com/images/I/81FKgQGYKGL._AC_UY218_.jpg,2025-09-04T19:30:06.618351,Description non disponible depuis la recherche,Stock non disponible,ISBN non disponible,Éditeur non disponible,Date non disponible,Nombre de pages non disponible,Rang de vente non disponible,Biographies,75.0,,
